time_s,r,g,b,rppg_normalized
0.0,141.0,106.0,89.33333333333333,-0.17518224084826828
0.033333299999999996,139.0,104.0,88.33333333333333,-0.315791528527994
0.06666659999999999,139.0,104.0,88.0,-0.4303237838892291
0.09999989999999999,140.33333333333334,104.66666666666667,88.33333333333333,-0.5280490082599495
0.13333319999999999,140.66666666666666,104.33333333333333,88.66666666666667,-0.6597000737836729
0.1666665,140.0,104.0,88.33333333333333,-0.8788315440789608
0.19999979999999998,139.66666666666666,103.66666666666667,87.66666666666667,-1.1795809666124242
0.2333331,140.0,103.66666666666667,87.33333333333333,-1.4722446683034034
0.26666639999999997,139.33333333333334,103.33333333333333,86.66666666666667,-1.6307379591298958
0.2999997,140.0,103.0,86.66666666666667,-1.574577645522688
0.333333,139.66666666666666,102.66666666666667,86.66666666666667,-1.3152129880944556
0.3666663,139.66666666666666,103.0,86.66666666666667,-0.9360966534790167
0.39999959999999996,139.66666666666666,102.66666666666667,86.66666666666667,-0.5360696889791476
0.43333289999999997,139.66666666666666,103.0,86.66666666666667,-0.18139537749688917
0.4666662,139.66666666666666,102.33333333333333,86.66666666666667,0.11390975063091642
0.4999995,139.66666666666666,102.66666666666667,86.66666666666667,0.3798242281540192
0.5333327999999999,139.33333333333334,102.33333333333333,86.0,0.6563386278871862
0.5666661,139.33333333333334,102.33333333333333,86.66666666666667,0.9464330131192527
0.5999994,139.33333333333334,102.33333333333333,86.0,1.1897948981488118
0.6333327,139.33333333333334,102.0,86.66666666666667,1.2876966156440472
0.666666,139.0,102.0,86.0,1.1719233266434672
0.6999993,139.0,101.66666666666667,86.0,0.8714344053324722
0.7333326,139.0,102.0,86.0,0.5232087045979795
0.7666659,139.33333333333334,102.0,85.66666666666667,0.30672784144533444
0.7999991999999999,139.0,102.33333333333333,86.0,0.3352747816784734
0.8333324999999999,139.66666666666666,102.0,86.0,0.5768316207168491
0.8666657999999999,140.0,102.0,86.66666666666667,0.8652279315324873
0.8999990999999999,140.33333333333334,102.66666666666667,86.33333333333333,0.9932571410279647
0.9333324,140.0,103.0,87.33333333333333,0.8187030440201802
0.9666657,140.66666666666666,103.66666666666667,87.66666666666667,0.32537395140140424
0.999999,140.66666666666666,103.66666666666667,88.33333333333333,-0.3714691240185692
1.0333322999999999,140.66666666666666,104.0,87.33333333333333,-1.0693844338676424
1.0666655999999999,140.66666666666666,104.0,87.33333333333333,-1.5632345054364718
1.0999989,140.66666666666666,103.33333333333333,87.66666666666667,-1.7302574834700917
1.1333322,140.66666666666666,103.66666666666667,87.0,-1.5631861258406061
1.1666655,140.33333333333334,103.33333333333333,87.33333333333333,-1.144598456208642
1.1999988,140.66666666666666,103.0,86.66666666666667,-0.6009270249721614
1.2333321,140.0,103.33333333333333,87.0,-0.06674474916984961
1.2666654,140.33333333333334,103.0,87.0,0.3390663119853535
1.2999987,140.66666666666666,103.33333333333333,87.33333333333333,0.5373162931884737
1.333332,140.33333333333334,103.33333333333333,87.33333333333333,0.5170442601261961
1.3666653,140.33333333333334,103.0,87.33333333333333,0.3535057530272271
1.3999986,140.33333333333334,103.33333333333333,87.0,0.19154503057922348
1.4333319,140.66666666666666,103.33333333333333,87.33333333333333,0.18363883130068923
1.4666652,139.66666666666666,103.33333333333333,86.66666666666667,0.4024741167445602
1.4999985,140.66666666666666,103.0,86.83333333333333,0.7793604707820173
1.5333318,140.66666666666666,102.66666666666667,86.66666666666667,1.121366586401489
1.5666650999999998,140.0,102.66666666666667,87.0,1.2117079567324935
1.5999983999999998,140.33333333333334,103.0,86.66666666666667,0.9322442242956446
1.6333316999999998,140.33333333333334,103.0,86.66666666666667,0.3306146632335103
1.6666649999999998,140.66666666666666,103.33333333333333,87.0,-0.39883938500309146
1.6999982999999999,140.33333333333334,103.33333333333333,86.66666666666667,-0.9989630715228988
1.7333315999999999,140.33333333333334,103.66666666666667,87.0,-1.2579435154376724
1.7666648999999999,140.33333333333334,103.33333333333333,86.66666666666667,-1.0991805608410212
1.7999981999999999,140.33333333333334,103.33333333333333,87.0,-0.6142027372575998
1.8333315,140.33333333333334,103.33333333333333,87.0,-0.022623612516924213
1.8666648,140.33333333333334,103.0,86.66666666666667,0.4212666934338254
1.8999981,140.33333333333334,103.0,87.0,0.5331944730473154
1.9333314,140.33333333333334,103.33333333333333,87.0,0.27149570544075446
1.9666647,140.33333333333334,103.33333333333333,86.66666666666667,-0.2518193114411456
1.999998,140.33333333333334,103.33333333333333,87.0,-0.8218608856691602
2.0333313,140.66666666666666,103.33333333333333,86.66666666666667,-1.2044966366545702
2.0666645999999997,140.33333333333334,103.0,86.33333333333333,-1.2298338819171672
2.0999979,140.33333333333334,103.33333333333333,86.66666666666667,-0.8556050369919644
2.1333311999999998,140.33333333333334,103.0,86.33333333333333,-0.19356042501503798
2.1666645,140.33333333333334,103.0,86.66666666666667,0.5210089942304512
2.1999978,140.66666666666666,103.0,87.0,1.0216685083761874
2.2333311,140.33333333333334,102.66666666666667,86.66666666666667,1.1329943367475757
2.2666644,140.33333333333334,103.0,86.66666666666667,0.8580779157894992
2.2999977,140.33333333333334,103.0,86.66666666666667,0.37710779318709076
2.333331,140.33333333333334,102.66666666666667,86.33333333333333,-0.04474824928875949
2.3666643,140.33333333333334,103.33333333333333,86.66666666666667,-0.1919651120360823
2.3999976,140.33333333333334,103.0,86.33333333333333,-0.009866205961707227
2.4333309,140.33333333333334,102.66666666666667,86.33333333333333,0.3671549991419287
2.4666642,140.33333333333334,102.33333333333333,86.33333333333333,0.6975814274136338
2.4999975,140.33333333333334,102.33333333333333,86.66666666666667,0.7845577319307174
2.5333308,140.33333333333334,102.66666666666667,86.0,0.5955761071764952
2.5666640999999997,140.33333333333334,103.0,86.33333333333333,0.2638913211305108
2.5999974,140.33333333333334,102.66666666666667,86.33333333333333,-0.017863575487805018
2.6333306999999997,140.33333333333334,103.0,86.66666666666667,-0.12018185202220798
2.666664,140.33333333333334,103.0,86.66666666666667,-0.036561353204232885
2.6999972999999997,140.66666666666666,103.0,86.66666666666667,0.13235009431159014
2.7333306,140.66666666666666,103.0,86.66666666666667,0.24329105820127891
2.7666638999999997,140.66666666666666,102.33333333333333,86.33333333333333,0.1889243389256929
2.7999972,140.33333333333334,103.0,86.33333333333333,-0.04666166226959744
2.8333304999999998,140.66666666666666,102.66666666666667,86.33333333333333,-0.3855536236701018
2.8666638,140.33333333333334,103.0,86.33333333333333,-0.7064592635022872
2.8999970999999998,140.33333333333334,102.66666666666667,86.0,-0.9136815303890435
2.9333304,140.33333333333334,103.0,86.33333333333333,-0.9815411230923716
2.9666637,140.66666666666666,102.66666666666667,86.33333333333333,-0.948624987445283
2.999997,140.0,102.66666666666667,86.33333333333333,-0.8695956888414533
3.0333303,140.33333333333334,103.0,86.33333333333333,-0.7652485285091413
3.0666636,140.33333333333334,102.66666666666667,86.0,-0.6115758501398791
3.0999969,140.0,102.33333333333333,86.0,-0.3698698653562469
3.1333301999999996,140.0,102.66666666666667,86.33333333333333,-0.028110028905462426
3.1666635,140.33333333333334,102.66666666666667,86.0,0.3709935009371303
3.1999967999999996,140.0,103.0,86.66666666666667,0.7275592694203473
3.2333301,140.33333333333334,102.66666666666667,86.66666666666667,0.9213610262344551
3.2666633999999997,140.33333333333334,102.33333333333333,86.66666666666667,0.8848065479170816
3.2999967,140.66666666666666,102.66666666666667,86.0,0.6636403309978302
3.3333299999999997,140.66666666666666,102.33333333333333,86.0,0.4024827153250957
3.3666633,140.0,102.66666666666667,85.66666666666667,0.24941995346323903
3.3999965999999997,140.0,102.66666666666667,85.66666666666667,0.2512916986870662
3.4333299,140.33333333333334,102.0,86.33333333333333,0.33154108288119477
3.4666631999999997,139.66666666666666,102.0,86.0,0.3762025820113868
3.4999965,139.33333333333334,102.33333333333333,85.33333333333333,0.34712276148183024
3.5333297999999997,140.0,102.33333333333333,86.0,0.31069458789816107
3.5666631,140.66666666666666,103.0,86.0,0.35993490321095484
3.5999963999999998,141.0,103.33333333333333,86.66666666666667,0.5069518879109876
3.6333297,141.33333333333334,103.66666666666667,87.33333333333333,0.6356560581046483
3.666663,141.0,103.66666666666667,87.0,0.5533947658859805
3.6999963,141.33333333333334,103.33333333333333,87.0,0.11517132294695774
3.7333296,141.0,103.33333333333333,87.0,-0.6538981783714174
3.7666628999999996,140.66666666666666,104.33333333333333,87.0,-1.5221688008280903
3.7999962,140.66666666666666,104.33333333333333,87.33333333333333,-2.142834892184308
3.8333294999999996,140.66666666666666,104.33333333333333,87.0,-2.2303121520355127
3.8666628,141.0,104.33333333333333,87.0,-1.7156325815357785
3.8999960999999996,141.33333333333334,104.16666666666667,87.33333333333333,-0.7867617269825548
3.9333294,140.66666666666666,103.33333333333333,87.0,0.21075758236821387
3.9666626999999997,141.33333333333334,103.66666666666667,87.0,0.9542859862767854
3.999996,141.0,103.33333333333333,87.0,1.2957877675481657
4.0333293,141.0,103.66666666666667,86.66666666666667,1.2961971187299899
4.0666626,140.66666666666666,104.0,87.0,1.13614859552936
4.0999959,140.66666666666666,103.66666666666667,87.0,0.9790027430551351
4.1333291999999995,141.0,103.66666666666667,87.33333333333333,0.8840062328353341
4.1666625,141.66666666666666,103.66666666666667,86.66666666666667,0.8117118133992025
4.1999958,141.33333333333334,104.0,87.33333333333333,0.6878821973419816
4.2333291,141.0,103.66666666666667,87.0,0.4689614394184047
4.2666623999999995,141.33333333333334,103.66666666666667,86.66666666666667,0.17548548959369814
4.2999957,141.0,104.33333333333333,87.33333333333333,-0.11566732229422538
4.333329,141.33333333333334,104.0,87.33333333333333,-0.31019216175224484
4.3666623,141.0,104.0,87.33333333333333,-0.3434892884023526
4.3999956,141.0,104.33333333333333,87.0,-0.21884115968045356
4.433328899999999,141.0,104.0,87.33333333333333,-0.02522509436612258
4.4666622,141.33333333333334,104.0,87.33333333333333,0.08541053963451374
4.4999955,141.0,104.0,87.66666666666667,-0.03088884099841383
4.5333288,141.33333333333334,104.66666666666667,87.66666666666667,-0.4264008948061751
4.566662099999999,141.0,104.0,87.66666666666667,-1.0199743419097766
4.5999954,141.33333333333334,105.0,87.66666666666667,-1.6224776899256095
4.6333287,142.0,105.33333333333333,88.66666666666667,-2.0136101769285295
4.666662,141.33333333333334,104.33333333333333,87.33333333333333,-2.030628478185058
4.699995299999999,140.66666666666666,103.66666666666667,86.66666666666667,-1.6297009003881904
4.7333286,140.0,102.66666666666667,85.66666666666667,-0.9003580667489978
4.7666619,139.33333333333334,101.66666666666667,85.0,-0.033442199972625986
4.7999952,139.33333333333334,101.33333333333333,84.66666666666667,0.7446138386298216
4.8333284999999995,139.0,101.0,84.33333333333333,1.2457064034098502
4.8666618,139.0,101.0,84.33333333333333,1.3733846778949843
4.8999951,139.33333333333334,101.0,84.0,1.1436681580283101
4.9333284,139.33333333333334,101.0,85.0,0.680805042842907
4.9666616999999995,138.66666666666666,101.33333333333333,84.66666666666667,0.1916882279294032
4.999995,139.0,101.33333333333333,84.66666666666667,-0.09426454979021308
5.0333283,139.0,101.66666666666667,84.66666666666667,-0.021041580721828962
5.0666616,139.0,101.33333333333333,84.66666666666667,0.4062413411137835
5.0999948999999996,139.0,101.0,85.0,1.0071991504445952
5.133328199999999,139.0,101.0,84.66666666666667,1.5085070713190372
5.1666615,139.16666666666666,101.0,85.0,1.6760874570893762
5.1999948,139.33333333333334,101.0,84.66666666666667,1.4205454643245206
5.2333281,139.0,101.33333333333333,85.0,0.8254281987602604
5.266661399999999,139.33333333333334,101.66666666666667,85.0,0.09631083615140079
5.2999947,139.33333333333334,101.66666666666667,85.33333333333333,-0.5322880450901619
5.333328,139.0,101.66666666666667,85.33333333333333,-0.8840372528823826
5.3666613,139.0,102.0,85.33333333333333,-0.8942675473732455
5.399994599999999,139.66666666666666,102.0,85.33333333333333,-0.6250848701311998
5.4333279,139.66666666666666,102.0,85.66666666666667,-0.23771708597259425
5.4666612,139.66666666666666,101.66666666666667,85.66666666666667,0.08029763178350686
5.4999945,139.33333333333334,102.0,85.66666666666667,0.20533100259368747
5.5333277999999995,139.33333333333334,102.0,85.66666666666667,0.13192521924305214
5.5666611,139.66666666666666,102.0,86.0,-0.042098537820512344
5.5999944,140.0,102.66666666666667,86.0,-0.18840046110656142
5.6333277,139.33333333333334,102.66666666666667,86.0,-0.23793354044305545
5.6666609999999995,139.66666666666666,102.33333333333333,86.33333333333333,-0.23342391431320889
5.699994299999999,139.66666666666666,102.33333333333333,86.0,-0.30189124316258215
5.7333276,139.66666666666666,102.33333333333333,86.33333333333333,-0.5602842651792923
5.7666609,139.66666666666666,102.66666666666667,85.66666666666667,-1.0229553588983895
5.7999941999999995,140.0,102.66666666666667,86.0,-1.5715308729839446
5.833327499999999,140.0,102.66666666666667,86.33333333333333,-1.9928271553026673
5.8666608,139.66666666666666,102.66666666666667,85.66666666666667,-2.058088826237263
5.8999941,139.66666666666666,103.0,86.0,-1.62010099299148
5.9333274,139.66666666666666,102.66666666666667,86.33333333333333,-0.6972642080447243
5.966660699999999,139.33333333333334,102.66666666666667,86.33333333333333,0.5037359791837299
5.999994,139.66666666666666,102.33333333333333,86.33333333333333,1.6546085807685094
6.0333273,140.0,102.0,86.33333333333333,2.437291399718377
6.0666606,139.66666666666666,101.66666666666667,86.0,2.67689974089187
6.099993899999999,139.33333333333334,101.66666666666667,85.33333333333333,2.4033904303401905
6.1333272,139.0,101.66666666666667,85.33333333333333,1.804324697418015
6.1666605,139.33333333333334,102.0,85.0,1.1028902761332573
6.1999938,138.66666666666666,101.66666666666667,85.66666666666667,0.44920296959802547
6.2333270999999995,139.0,101.66666666666667,85.33333333333333,-0.10474616474996394
6.266660399999999,138.66666666666666,101.66666666666667,85.33333333333333,-0.5520721822422209
6.2999937,139.0,102.33333333333333,85.66666666666667,-0.8683273400824223
6.333327,138.66666666666666,102.33333333333333,85.66666666666667,-1.0006419806384153
6.3666602999999995,139.66666666666666,102.66666666666667,85.66666666666667,-0.9108994098170917
6.399993599999999,139.66666666666666,102.66666666666667,86.0,-0.6263891374864801
6.4333269,139.33333333333334,102.33333333333333,86.0,-0.25049408679954066
6.4666602,139.33333333333334,102.66666666666667,86.33333333333333,0.07751286842388988
6.4999934999999995,139.66666666666666,102.33333333333333,86.16666666666667,0.24633348947671452
6.533326799999999,139.33333333333334,102.33333333333333,86.0,0.2197014676418785
6.5666601,139.33333333333334,102.66666666666667,86.0,0.03911923423662598
6.5999934,139.33333333333334,102.66666666666667,86.0,-0.21459773713756267
6.6333267,139.0,102.0,86.0,-0.46715569590123257
6.666659999999999,139.0,102.33333333333333,85.33333333333333,-0.6711827995510486
6.6999933,139.33333333333334,102.33333333333333,86.0,-0.8007738650240628
6.7333266,139.33333333333334,102.33333333333333,85.33333333333333,-0.8400687027274572
6.7666599,139.33333333333334,102.33333333333333,85.66666666666667,-0.7779838449793341
6.799993199999999,139.0,102.33333333333333,86.0,-0.6098701935847218
6.8333265,139.33333333333334,102.33333333333333,85.66666666666667,-0.34486799585892225
6.8666598,138.66666666666666,102.66666666666667,86.0,-0.016601436978504566
6.8999931,139.0,102.33333333333333,86.5,0.31432369219356104
6.9333263999999994,139.0,102.33333333333333,86.33333333333333,0.5814398757116307
6.966659699999999,139.33333333333334,103.0,87.0,0.7502920353716998
6.999993,139.33333333333334,102.66666666666667,87.0,0.8401436330443417
7.0333263,139.33333333333334,103.33333333333333,87.0,0.9052672578836123
7.0666595999999995,139.33333333333334,103.0,87.0,0.9870197340540534
7.099992899999999,139.66666666666666,103.0,87.33333333333333,1.0750755205273277
7.1333262,139.33333333333334,103.0,87.0,1.109847678833623
7.1666595,139.33333333333334,103.0,87.33333333333333,1.022438659446977
7.1999927999999995,139.33333333333334,103.33333333333333,87.66666666666667,0.7811761077114923
7.233326099999999,139.0,103.0,87.33333333333333,0.41553690140027755
7.2666594,139.33333333333334,103.33333333333333,87.0,0.003599021368302776
7.2999927,139.0,103.33333333333333,87.33333333333333,-0.3705000031135995
7.333326,139.0,103.33333333333333,87.0,-0.6602977236339097
7.366659299999999,139.0,103.0,87.0,-0.8683543354454637
7.3999926,139.0,103.0,87.0,-1.0166827640607325
7.4333259,139.33333333333334,103.33333333333333,87.33333333333333,-1.105101138941542
7.4666592,138.66666666666666,103.33333333333333,86.66666666666667,-1.100847865966708
7.499992499999999,139.0,103.0,86.66666666666667,-0.9730349321346003
7.533325799999999,139.0,103.0,86.66666666666667,-0.7373247963804419
7.5666591,139.0,102.66666666666667,86.66666666666667,-0.4649159831672903
7.5999924,139.0,102.66666666666667,86.33333333333333,-0.24730851207501095
7.633325699999999,138.66666666666666,102.66666666666667,86.66666666666667,-0.14689056875379392
7.666658999999999,138.66666666666666,102.33333333333333,86.0,-0.1662611746746512
7.6999923,138.66666666666666,102.33333333333333,86.33333333333333,-0.2490154867664041
7.7333256,139.0,102.66666666666667,85.66666666666667,-0.3072389517443075
7.7666588999999995,139.0,102.0,86.33333333333333,-0.2610842139809791
7.799992199999999,138.33333333333334,102.66666666666667,86.0,-0.07298457432316537
7.8333255,138.66666666666666,102.0,86.0,0.2342874609236866
7.8666588,138.33333333333334,102.33333333333333,86.0,0.5816452590688768
7.8999920999999995,138.33333333333334,102.0,86.66666666666667,0.865407578793297
7.933325399999999,138.66666666666666,102.0,86.0,1.007648371286237
7.9666587,138.33333333333334,102.0,86.0,0.9930521504039681
7.999992,138.33333333333334,102.0,85.66666666666667,0.8642453049073247
8.0333253,138.33333333333334,102.0,86.0,0.684338489975487
8.0666586,138.0,101.66666666666667,85.66666666666667,0.5032370238350307
8.0999919,138.0,101.66666666666667,85.66666666666667,0.35138528268303865
8.1333252,138.33333333333334,101.66666666666667,85.33333333333333,0.2517905521967935
8.166658499999999,138.33333333333334,102.0,86.0,0.2268220210319684
8.1999918,138.33333333333334,102.0,85.66666666666667,0.28747248467909325
8.2333251,138.33333333333334,102.33333333333333,86.0,0.4128816177415598
8.266658399999999,138.33333333333334,102.0,86.66666666666667,0.5417724816991886
8.2999917,138.33333333333334,102.0,85.66666666666667,0.5907887525716367
8.333325,138.33333333333334,102.0,86.0,0.48947145993135127
8.3666583,138.33333333333334,102.0,86.0,0.2090015436556314
8.3999916,138.33333333333334,102.66666666666667,86.66666666666667,-0.22616980770620856
8.433324899999999,138.33333333333334,102.33333333333333,86.33333333333333,-0.7431675568297563
8.4666582,139.0,103.0,86.66666666666667,-1.2403549990893121
8.4999915,138.66666666666666,103.0,86.66666666666667,-1.6183513042393982
8.533324799999999,138.66666666666666,103.0,86.33333333333333,-1.8121643683241029
8.5666581,138.33333333333334,102.66666666666667,86.66666666666667,-1.807006464544378
8.5999914,139.0,103.0,87.0,-1.6265072018211943
8.6333247,139.0,103.66666666666667,87.66666666666667,-1.3069625422278945
8.666658,139.66666666666666,104.33333333333333,88.33333333333333,-0.8861872850349855
8.699991299999999,139.33333333333334,104.0,88.33333333333333,-0.41372551336542807
8.7333246,139.66666666666666,104.0,88.66666666666667,0.04209807446271479
8.7666579,139.66666666666666,104.0,88.66666666666667,0.4110347242099601
8.7999912,139.33333333333334,103.66666666666667,88.0,0.6518946250433961
8.8333245,139.66666666666666,103.33333333333333,88.0,0.7734846093096667
8.866657799999999,139.66666666666666,103.33333333333333,87.66666666666667,0.8319907080647462
8.8999911,139.33333333333334,103.66666666666667,88.0,0.903923614890536
8.9333244,139.33333333333334,103.33333333333333,88.0,1.0445640679515185
8.966657699999999,139.33333333333334,103.33333333333333,88.0,1.2551783143839963
8.999991,139.66666666666666,103.33333333333333,87.66666666666667,1.4809251467693552
9.0333243,139.66666666666666,103.0,88.0,1.6407173256043979
9.0666576,139.33333333333334,103.0,87.66666666666667,1.669688994348349
9.0999909,139.33333333333334,103.0,87.66666666666667,1.5459979584109484
9.133324199999999,139.33333333333334,103.0,87.33333333333333,1.2838796350631962
9.1666575,139.0,103.0,87.33333333333333,0.9045525689216427
9.1999908,139.0,103.0,88.0,0.41865939603796304
9.233324099999999,139.33333333333334,103.33333333333333,88.0,-0.1599808750887452
9.2666574,139.33333333333334,103.33333333333333,87.66666666666667,-0.7878253319104415
9.2999907,139.0,103.66666666666667,87.66666666666667,-1.387855369666904
9.333324,139.0,103.66666666666667,88.0,-1.8766560919857926
9.3666573,139.33333333333334,103.66666666666667,88.0,-2.194617723733394
9.399990599999999,139.66666666666666,103.66666666666667,87.66666666666667,-2.31417252115706
9.4333239,139.33333333333334,103.66666666666667,87.66666666666667,-2.230801428238886
9.4666572,139.0,103.33333333333333,87.33333333333333,-1.953360369303604
9.4999905,139.0,103.33333333333333,88.33333333333333,-1.4976165698634198
9.5333238,138.66666666666666,103.33333333333333,88.0,-0.883361708976013
9.566657099999999,139.33333333333334,103.66666666666667,88.0,-0.146226462335652
9.5999904,139.33333333333334,103.66666666666667,88.66666666666667,0.6349154706947581
9.6333237,139.66666666666666,103.66666666666667,88.66666666666667,1.3250644963336244
9.666656999999999,140.0,103.33333333333333,88.66666666666667,1.7663393972769055
9.6999903,140.0,103.66666666666667,89.0,1.8475317287644262
9.7333236,139.66666666666666,103.66666666666667,88.66666666666667,1.5633018898445714
9.7666569,140.0,103.66666666666667,88.66666666666667,1.0228415793473655
9.7999902,140.33333333333334,104.33333333333333,89.0,0.4061151060688365
9.833323499999999,140.66666666666666,104.33333333333333,89.33333333333333,-0.10347939547515668
9.8666568,142.0,105.66666666666667,90.33333333333333,-0.3799664955332849
9.8999901,142.0,106.33333333333333,91.0,-0.3939646916167351
9.933323399999999,142.0,106.33333333333333,91.33333333333333,-0.2210699974812978
9.9666567,142.33333333333334,106.33333333333333,91.33333333333333,-0.00720975114736161
9.99999,142.0,105.66666666666667,91.33333333333333,0.1073690338032966
10.0333233,141.33333333333334,105.33333333333333,90.0,0.06739791320722104
10.0666566,141.66666666666666,105.33333333333333,89.66666666666667,-0.06970408320012644
10.099989899999999,141.33333333333334,105.0,90.0,-0.1767320840081602
10.1333232,140.66666666666666,105.0,89.66666666666667,-0.13676636657549202
10.1666565,140.66666666666666,104.66666666666667,89.33333333333333,0.08811534496312616
10.199989799999999,141.0,104.66666666666667,89.66666666666667,0.4315235141464687
10.2333231,140.66666666666666,104.66666666666667,89.66666666666667,0.7518539905502641
10.266656399999999,140.66666666666666,104.66666666666667,90.33333333333333,0.9009517030196948
10.2999897,141.0,105.0,90.0,0.7938808818971858
10.333323,140.66666666666666,105.0,89.66666666666667,0.4423242022129024
10.366656299999999,140.66666666666666,104.66666666666667,89.66666666666667,-0.05733478018580578
10.3999896,140.83333333333334,104.66666666666667,89.33333333333333,-0.5614220827582853
10.4333229,141.0,105.0,89.33333333333333,-0.9223049747105434
10.4666562,141.0,105.0,89.0,-1.0335322843718788
10.4999895,141.0,105.0,89.33333333333333,-0.868515343221668
10.533322799999999,141.0,104.66666666666667,89.33333333333333,-0.4908234418067411
10.5666561,140.66666666666666,105.0,89.66666666666667,-0.025205159435206938
10.5999894,140.66666666666666,104.66666666666667,90.0,0.3931793161568529
10.633322699999999,140.66666666666666,104.66666666666667,89.33333333333333,0.6613818397629118
10.666656,140.33333333333334,104.66666666666667,89.33333333333333,0.7254634345260998
10.699989299999999,140.33333333333334,104.33333333333333,89.33333333333333,0.5777080667024844
10.7333226,141.0,104.33333333333333,89.33333333333333,0.2538748020064438
10.7666559,140.33333333333334,104.66666666666667,89.0,-0.1657069226313616
10.799989199999999,140.33333333333334,104.33333333333333,89.0,-0.5687081029947836
10.8333225,140.33333333333334,104.66666666666667,89.0,-0.8432539500828902
10.8666558,140.33333333333334,104.33333333333333,89.33333333333333,-0.9120205090311697
10.899989099999999,140.0,104.66666666666667,89.0,-0.7519548937508359
10.9333224,140.33333333333334,104.0,88.66666666666667,-0.40021439188618646
10.966655699999999,140.33333333333334,104.0,88.66666666666667,0.05146270764533979
10.999989,140.0,104.0,89.0,0.4761651262820634
11.0333223,140.0,104.0,88.66666666666667,0.7412583483783393
11.066655599999999,140.0,103.66666666666667,88.66666666666667,0.7403444884275093
11.0999889,140.0,103.66666666666667,88.33333333333333,0.4258991002176918
11.1333222,139.66666666666666,103.33333333333333,88.0,-0.15998038321022487
11.1666555,139.66666666666666,103.33333333333333,88.33333333333333,-0.8705175753609881
11.1999888,139.66666666666666,103.66666666666667,88.0,-1.4773026844087067
11.233322099999999,139.66666666666666,103.66666666666667,87.66666666666667,-1.744965643583509
11.2666554,139.33333333333334,103.66666666666667,88.0,-1.5344724797148197
11.2999887,139.66666666666666,103.0,88.0,-0.8750213110074803
11.333321999999999,139.66666666666666,103.33333333333333,87.66666666666667,0.04115357982684147
11.3666553,139.66666666666666,103.0,88.0,0.9321564312292777
11.399988599999999,139.66666666666666,103.0,88.0,1.528740854625331
11.4333219,139.66666666666666,102.66666666666667,87.66666666666667,1.6711866304013203
11.4666552,139.33333333333334,102.66666666666667,88.0,1.370101571789719
11.499988499999999,139.66666666666666,103.0,87.33333333333333,0.8016227283318024
11.5333218,139.66666666666666,103.0,87.66666666666667,0.23031520159314003
11.5666551,139.33333333333334,103.0,87.33333333333333,-0.10591836004707256
11.599988399999999,139.66666666666666,103.0,87.66666666666667,-0.0907454940384283
11.6333217,139.33333333333334,103.33333333333333,87.66666666666667,0.23824313007397965
11.666654999999999,139.66666666666666,103.0,88.0,0.7263455927521938
11.6999883,139.66666666666666,103.0,88.0,1.1837634497168215
11.7333216,139.66666666666666,103.33333333333333,88.0,1.4672450936790706
11.766654899999999,138.66666666666666,102.66666666666667,87.33333333333333,1.5166478633659486
11.7999882,138.66666666666666,102.33333333333333,86.66666666666667,1.3394831080530363
11.8333215,139.0,102.0,87.0,0.9773473914462358
11.8666548,138.66666666666666,102.66666666666667,86.66666666666667,0.4843619675386585
11.8999881,139.0,103.0,87.33333333333333,-0.08352322348846876
11.933321399999999,138.66666666666666,102.66666666666667,86.66666666666667,-0.6756560188673685
11.9666547,138.66666666666666,102.33333333333333,86.33333333333333,-1.242487338647818
11.999988,138.33333333333334,102.33333333333333,86.33333333333333,-1.7185457948954987
12.033321299999999,138.33333333333334,102.66666666666667,86.66666666666667,-2.015437224174124
12.0666546,138.0,103.0,86.33333333333333,-2.050272517710464
12.099987899999999,138.66666666666666,103.0,86.66666666666667,-1.8006945817138862
12.1333212,139.0,102.66666666666667,87.0,-1.3400585290702292
12.1666545,139.33333333333334,103.33333333333333,86.66666666666667,-0.8163061208077448
12.199987799999999,139.0,103.0,87.66666666666667,-0.38791292966659346
12.2333211,139.33333333333334,103.33333333333333,87.33333333333333,-0.1592810807302467
12.2666544,139.0,103.33333333333333,87.0,-0.148447666577855
12.299987699999999,139.33333333333334,103.0,87.0,-0.294240980141185
12.333321,139.0,102.66666666666667,86.66666666666667,-0.48483997057692957
12.366654299999999,139.0,103.0,87.0,-0.5901667223956025
12.3999876,139.0,103.33333333333333,86.66666666666667,-0.5022140517387159
12.4333209,139.0,102.66666666666667,86.33333333333333,-0.18230942493341276
12.466654199999999,139.0,102.33333333333333,86.66666666666667,0.3146766776696514
12.4999875,138.66666666666666,103.0,86.66666666666667,0.8630797321601733
12.533320799999998,138.66666666666666,102.33333333333333,86.66666666666667,1.3193513896108815
12.5666541,139.0,102.66666666666667,86.66666666666667,1.572586853128149
12.5999874,139.33333333333334,102.66666666666667,86.66666666666667,1.5766061956577717
12.633320699999999,139.0,103.0,87.0,1.3602548113475137
12.666654,139.0,102.66666666666667,87.33333333333333,1.0158304955615822
12.6999873,139.33333333333334,103.66666666666667,87.0,0.665914340036076
12.733320599999999,139.66666666666666,103.66666666666667,87.66666666666667,0.41358420166647974
12.7666539,139.66666666666666,103.66666666666667,87.66666666666667,0.30050607736934415
12.799987199999999,139.33333333333334,103.33333333333333,87.33333333333333,0.3047927607735866
12.8333205,139.66666666666666,103.33333333333333,87.66666666666667,0.37753320312033706
12.8666538,140.0,103.66666666666667,87.33333333333333,0.47901984893043875
12.899987099999999,140.0,103.66666666666667,87.33333333333333,0.5804080639985444
12.9333204,140.0,104.0,88.0,0.6384482939821083
12.9666537,140.0,104.0,88.33333333333333,0.5831562573706379
12.999986999999999,140.0,104.33333333333333,88.33333333333333,0.3432320696558478
13.0333203,140.33333333333334,104.33333333333333,88.33333333333333,-0.10692050888872336
13.066653599999999,140.33333333333334,104.33333333333333,88.66666666666667,-0.7133668598695463
13.0999869,140.33333333333334,105.0,88.33333333333333,-1.3479708787606663
13.1333202,140.33333333333334,104.33333333333333,88.0,-1.857701135622076
13.166653499999999,140.66666666666666,105.0,88.33333333333333,-2.130684423222045
13.1999868,140.66666666666666,104.66666666666667,88.66666666666667,-2.13280305382474
13.233320099999998,140.66666666666666,104.66666666666667,88.33333333333333,-1.893756150397278
13.2666534,140.33333333333334,104.33333333333333,88.33333333333333,-1.468229237969799
13.2999867,140.0,104.33333333333333,87.66666666666667,-0.9141115009181581
13.333319999999999,140.33333333333334,104.0,88.0,-0.2995480912227415
13.3666533,139.66666666666666,103.66666666666667,87.66666666666667,0.2888872823902309
13.3999866,139.66666666666666,103.0,87.33333333333333,0.7635106447736685
13.433319899999999,139.33333333333334,102.66666666666667,86.33333333333333,1.0666048536287218
13.4666532,139.33333333333334,102.66666666666667,86.66666666666667,1.1852546823334567
13.499986499999999,139.66666666666666,102.66666666666667,86.66666666666667,1.14552478134493
13.5333198,139.66666666666666,103.0,87.33333333333333,1.004546752072316
13.5666531,140.33333333333334,103.33333333333333,87.33333333333333,0.8434914077485818
13.599986399999999,140.33333333333334,103.33333333333333,87.33333333333333,0.7429487532395385
13.6333197,140.0,103.66666666666667,87.33333333333333,0.7375780313434056
13.666653,140.0,103.66666666666667,87.66666666666667,0.7844389967405453
13.699986299999999,140.0,103.33333333333333,88.0,0.7867765414703798
13.7333196,139.66666666666666,103.0,87.33333333333333,0.664789637188251
13.766652899999999,139.33333333333334,103.33333333333333,86.33333333333333,0.40590643356232187
13.7999862,139.0,101.66666666666667,85.66666666666667,0.04845155585833179
13.8333195,138.0,100.66666666666667,84.33333333333333,-0.36229234785488024
13.866652799999999,137.66666666666666,99.66666666666667,83.0,-0.7846021170241837
13.8999861,137.33333333333334,99.33333333333333,82.66666666666667,-1.1599057830474402
13.933319399999998,137.33333333333334,99.33333333333333,82.33333333333333,-1.4035143877161178
13.9666527,137.0,99.0,82.33333333333333,-1.4252316112473598
13.999986,136.33333333333334,98.66666666666667,81.66666666666667,-1.1682176316507573
14.033319299999999,136.0,98.66666666666667,82.0,-0.6455247773969023
14.0666526,136.33333333333334,98.66666666666667,82.0,0.0458024525354112
14.0999859,136.0,98.0,81.66666666666667,0.7475918469015985
14.133319199999999,136.0,98.0,81.66666666666667,1.2972427086413278
14.1666525,136.0,98.0,82.0,1.591303436214783
14.199985799999999,136.0,98.0,81.66666666666667,1.619150263284068
14.2333191,136.33333333333334,98.33333333333333,82.0,1.445860176561494
14.2666524,136.66666666666666,98.33333333333333,82.0,1.1561840976952529
14.299985699999999,137.0,99.33333333333333,82.66666666666667,0.7979206266753939
14.333319,138.0,99.66666666666667,83.33333333333333,0.36528346656288074
14.3666523,138.66666666666666,100.33333333333333,84.66666666666667,-0.1616671199427451
14.399985599999999,139.0,101.0,84.33333333333333,-0.751713701486044
14.4333189,139.33333333333334,101.33333333333333,84.66666666666667,-1.2944902579200717
14.466652199999999,139.0,101.0,84.33333333333333,-1.6440694730641916
14.4999855,138.66666666666666,100.66666666666667,83.66666666666667,-1.701634538839872
14.5333188,138.33333333333334,100.0,83.66666666666667,-1.4758529792417308
14.566652099999999,138.33333333333334,100.66666666666667,83.66666666666667,-1.084511371593061
14.5999854,138.66666666666666,100.0,84.0,-0.6989447472680653
14.633318699999998,139.0,100.0,83.66666666666667,-0.4602423867005079
14.666652,138.66666666666666,100.33333333333333,83.33333333333333,-0.41325675856374955
14.6999853,138.66666666666666,99.66666666666667,83.33333333333333,-0.49626093307181485
14.733318599999999,137.66666666666666,99.0,82.33333333333333,-0.5836921032565409
14.7666519,136.33333333333334,97.66666666666667,81.0,-0.5487901029448143
14.7999852,135.0,96.66666666666667,80.0,-0.31800431886892905
14.833318499999999,134.33333333333334,95.66666666666667,79.33333333333333,0.09973366398931985
14.8666518,132.66666666666666,94.33333333333333,78.33333333333333,0.6195848951870445
14.899985099999999,132.66666666666666,94.0,77.66666666666667,1.1175326360240228
14.9333184,132.33333333333334,93.66666666666667,78.0,1.4757601228269273
14.9666517,132.66666666666666,94.0,78.0,1.6168470102514954
14.999984999999999,133.66666666666666,94.66666666666667,78.66666666666667,1.5181996127378192
15.0333183,134.33333333333334,95.66666666666667,79.33333333333333,1.2089672574248682
15.066651599999998,134.66666666666666,95.33333333333333,79.66666666666667,0.7602209070663951
15.099984899999999,135.0,96.0,79.66666666666667,0.2751601882973287
15.1333182,134.66666666666666,96.0,79.33333333333333,-0.13003248964718986
15.166651499999999,134.66666666666666,96.0,79.33333333333333,-0.36269759180954503
15.1999848,135.0,96.0,79.66666666666667,-0.38874410419537486
15.2333181,134.66666666666666,96.0,79.66666666666667,-0.2373963826067347
15.266651399999999,135.33333333333334,96.0,79.66666666666667,0.02550630000588546
15.2999847,135.0,96.0,79.33333333333333,0.32849681873523273
15.333317999999998,135.0,96.33333333333333,80.0,0.6064830794359742
15.3666513,136.0,96.66666666666667,80.33333333333333,0.796609435139275
15.3999846,135.66666666666666,96.66666666666667,80.33333333333333,0.8382082475740844
15.433317899999999,136.33333333333334,97.0,80.66666666666667,0.6878808152805216
15.4666512,136.66666666666666,97.66666666666667,81.0,0.3402798822036233
15.4999845,136.66666666666666,97.66666666666667,81.0,-0.1610921659965129
15.533317799999999,136.66666666666666,98.33333333333333,82.0,-0.7293028046689675
15.5666511,137.33333333333334,98.66666666666667,81.66666666666667,-1.2518800301810422
15.599984399999999,137.0,98.66666666666667,82.0,-1.6147076791777661
15.6333177,138.0,99.0,81.66666666666667,-1.7270806011825315
15.666651,137.66666666666666,99.0,82.0,-1.5457988973713377
15.699984299999999,137.33333333333334,99.0,82.0,-1.0967948214071588
15.7333176,137.66666666666666,99.0,82.0,-0.4857899731699141
15.766650899999998,138.0,99.0,82.33333333333333,0.11946399646350649
15.799984199999999,138.0,98.66666666666667,82.0,0.5445311401279422
15.8333175,138.0,98.66666666666667,82.0,0.6812811411823514
15.866650799999999,138.0,98.66666666666667,81.66666666666667,0.5360138459554215
15.8999841,137.66666666666666,98.66666666666667,81.66666666666667,0.2207974870072385
15.9333174,137.33333333333334,98.66666666666667,81.66666666666667,-0.10718186377405585
15.966650699999999,137.33333333333334,99.0,82.0,-0.3197285804588489
15.999984,138.0,98.66666666666667,82.33333333333333,-0.36000301373654936
16.0333173,137.66666666666666,98.66666666666667,82.0,-0.23723923753669995
16.0666506,137.33333333333334,99.0,81.66666666666667,-0.000885098262961128
16.099983899999998,138.0,99.0,82.0,0.2741182546250737
16.1333172,137.66666666666666,98.33333333333333,81.66666666666667,0.49907671755625377
16.1666505,137.33333333333334,98.33333333333333,82.0,0.6039494426747835
16.1999838,137.83333333333334,98.66666666666667,81.66666666666667,0.57709798930353
16.2333171,137.66666666666666,98.66666666666667,81.66666666666667,0.47372596905368264
16.2666504,137.66666666666666,98.66666666666667,81.66666666666667,0.38139153636337214
16.2999837,137.33333333333334,98.33333333333333,81.66666666666667,0.36945948907289705
16.333316999999997,137.66666666666666,98.66666666666667,81.66666666666667,0.454550918509185
16.3666503,137.66666666666666,98.66666666666667,82.0,0.5936928249669501
16.3999836,137.66666666666666,98.66666666666667,81.66666666666667,0.7007105376552177
16.433316899999998,137.66666666666666,98.66666666666667,81.66666666666667,0.6789316987622628
16.4666502,138.0,98.66666666666667,82.0,0.46418127465127024
16.4999835,138.0,99.0,82.0,0.06511031297293055
16.533316799999998,138.0,99.0,82.0,-0.4235529735733334
16.5666501,138.0,99.33333333333333,82.0,-0.8544852153172837
16.5999834,138.33333333333334,99.66666666666667,82.0,-1.0972743097582296
16.633316699999998,138.66666666666666,99.66666666666667,82.66666666666667,-1.10087199095126
16.66665,138.33333333333334,99.33333333333333,82.33333333333333,-0.9069725477293235
16.6999833,138.66666666666666,99.66666666666667,82.33333333333333,-0.6131659778249202
16.7333166,138.33333333333334,99.33333333333333,82.33333333333333,-0.32272757411342806
16.7666499,138.66666666666666,99.66666666666667,82.33333333333333,-0.11241164635768948
16.7999832,138.66666666666666,99.33333333333333,82.33333333333333,-0.020202138007793854
16.8333165,138.66666666666666,99.66666666666667,82.66666666666667,-0.042031982424611584
16.866649799999998,138.33333333333334,99.66666666666667,82.66666666666667,-0.13428025003404956
16.8999831,138.0,99.66666666666667,82.66666666666667,-0.2264615354178215
16.9333164,138.33333333333334,99.33333333333333,82.33333333333333,-0.2433834906213771
16.966649699999998,138.0,99.0,82.0,-0.12897567588406592
16.999983,137.66666666666666,99.0,81.66666666666667,0.13269275806982098
17.0333163,137.66666666666666,98.66666666666667,81.66666666666667,0.5019228741892859
17.066649599999998,137.66666666666666,98.66666666666667,81.66666666666667,0.884548398643345
17.0999829,137.66666666666666,98.33333333333333,81.33333333333333,1.1602512416468893
17.1333162,137.33333333333334,98.33333333333333,81.33333333333333,1.2300637263263836
17.1666495,137.33333333333334,98.33333333333333,81.33333333333333,1.060409550888843
17.1999828,137.66666666666666,98.33333333333333,81.33333333333333,0.703122002983972
17.2333161,137.0,98.66666666666667,81.33333333333333,0.28039591963462607
17.2666494,137.66666666666666,98.66666666666667,81.33333333333333,-0.06309829516761507
17.299982699999997,138.0,98.66666666666667,81.33333333333333,-0.22106782009862103
17.333316,137.33333333333334,99.0,81.33333333333333,-0.17152622076317947
17.3666493,137.0,98.66666666666667,81.66666666666667,0.012264401461692456
17.399982599999998,137.66666666666666,98.66666666666667,81.33333333333333,0.19402508298880172
17.4333159,137.66666666666666,98.66666666666667,81.66666666666667,0.24013132819615957
17.4666492,137.66666666666666,99.0,81.66666666666667,0.08373416528172486
17.499982499999998,137.33333333333334,99.33333333333333,82.0,-0.25227042350157397
17.5333158,137.66666666666666,99.0,81.33333333333333,-0.6811014300533753
17.5666491,137.66666666666666,99.0,81.33333333333333,-1.0959898065671
17.5999824,137.66666666666666,99.33333333333333,82.33333333333333,-1.3965457168206408
17.6333157,137.66666666666666,99.33333333333333,82.0,-1.494829472832237
17.666649,137.66666666666666,99.33333333333333,81.66666666666667,-1.3304393904646126
17.6999823,138.0,99.33333333333333,81.0,-0.9117455670336875
17.733315599999997,137.66666666666666,99.0,82.0,-0.3504623266514159
17.7666489,138.33333333333334,99.33333333333333,82.0,0.16496274743389794
17.7999822,138.0,98.66666666666667,82.0,0.4624371626763259
17.833315499999998,138.0,99.33333333333333,82.0,0.4813660898659256
17.8666488,138.0,99.66666666666667,82.0,0.29710651646182756
17.8999821,138.0,99.33333333333333,82.33333333333333,0.06513371703274086
17.933315399999998,138.33333333333334,99.33333333333333,82.33333333333333,-0.06271652890705544
17.9666487,138.0,99.33333333333333,81.33333333333333,-0.0008378506149560772
17.999982,138.33333333333334,99.33333333333333,82.0,0.2416298711860792
18.033315299999998,138.33333333333334,99.0,82.0,0.5702827515546512
18.0666486,138.0,99.33333333333333,81.66666666666667,0.8546970152524928
18.0999819,138.66666666666666,99.0,82.33333333333333,0.994535208546019
18.1333152,138.66666666666666,99.66666666666667,82.0,0.9642767451081925
18.1666485,138.0,99.33333333333333,82.0,0.8127388807671276
18.1999818,138.66666666666666,99.66666666666667,82.33333333333333,0.6237231264427769
18.2333151,138.66666666666666,99.66666666666667,82.33333333333333,0.46932683980926965
18.266648399999998,138.66666666666666,99.66666666666667,82.33333333333333,0.38339593148210155
18.2999817,138.66666666666666,100.0,82.33333333333333,0.35724739655566856
18.333315,138.66666666666666,99.66666666666667,82.66666666666667,0.3483840493197254
18.366648299999998,138.66666666666666,100.0,82.33333333333333,0.2973896705401279
18.3999816,139.0,100.0,82.33333333333333,0.14901046341311308
18.4333149,139.33333333333334,100.0,82.33333333333333,-0.12679233145944985
18.466648199999998,138.66666666666666,100.0,82.33333333333333,-0.5156683517452004
18.4999815,138.66666666666666,100.0,82.33333333333333,-0.9483350849117058
18.5333148,138.66666666666666,100.33333333333333,82.66666666666667,-1.311226389111637
18.5666481,138.66666666666666,100.33333333333333,82.33333333333333,-1.4831103421339107
18.5999814,138.66666666666666,100.0,82.33333333333333,-1.3863573595365533
18.6333147,138.66666666666666,100.66666666666667,82.33333333333333,-1.0300975442212523
18.666648,139.33333333333334,100.0,82.33333333333333,-0.519984064073581
18.699981299999997,139.33333333333334,100.33333333333333,82.33333333333333,-0.018773550262688017
18.7333146,139.0,100.0,83.0,0.3306432534228953
18.7666479,139.0,100.33333333333333,82.66666666666667,0.47525708787418997
18.799981199999998,138.66666666666666,100.33333333333333,82.66666666666667,0.4668800931398587
18.8333145,139.0,100.33333333333333,82.66666666666667,0.41346842190335464
18.8666478,139.0,100.33333333333333,82.66666666666667,0.4063137223290635
18.899981099999998,139.33333333333334,100.33333333333333,82.66666666666667,0.47274066214007776
18.9333144,139.0,100.33333333333333,82.66666666666667,0.5749362856166271
18.9666477,139.0,100.0,82.66666666666667,0.6431972538125134
18.999981,139.0,100.33333333333333,82.33333333333333,0.6174786513107401
19.0333143,138.66666666666666,100.33333333333333,82.66666666666667,0.47540851134644807
19.0666476,139.0,100.0,82.33333333333333,0.24296464369986845
19.0999809,139.0,100.33333333333333,83.0,-0.005690772141956031
19.133314199999997,138.66666666666666,100.33333333333333,82.33333333333333,-0.1655591457112929
19.1666475,139.0,100.66666666666667,82.66666666666667,-0.1474474416313842
19.1999808,139.0,100.33333333333333,82.66666666666667,0.06301630904901959
19.233314099999998,139.0,100.33333333333333,82.66666666666667,0.3778783241981767
19.2666474,139.0,100.33333333333333,83.0,0.6359344770609948
19.2999807,139.0,100.33333333333333,82.33333333333333,0.671975002059866
19.333313999999998,139.33333333333334,100.0,82.66666666666667,0.39132199102504744
19.3666473,139.0,100.33333333333333,82.66666666666667,-0.18083167354006616
19.3999806,139.0,100.66666666666667,82.33333333333333,-0.8990728035554592
19.433313899999998,139.0,100.66666666666667,83.0,-1.552265382912632
19.4666472,138.66666666666666,100.33333333333333,82.33333333333333,-1.9464800938755644
19.4999805,139.33333333333334,101.0,82.33333333333333,-1.9764265609409812
19.5333138,139.33333333333334,100.66666666666667,83.0,-1.6581610624019267
19.566647099999997,139.33333333333334,100.33333333333333,82.33333333333333,-1.1115178259985914
19.5999804,139.33333333333334,101.0,83.0,-0.5009931874061903
19.6333137,139.0,100.33333333333333,83.66666666666667,0.034627705959010276
19.666646999999998,139.33333333333334,100.66666666666667,83.0,0.430164069510192
19.6999803,139.33333333333334,100.66666666666667,83.0,0.697079838963468
19.7333136,139.33333333333334,100.33333333333333,83.0,0.8838518429713527
19.766646899999998,139.66666666666666,100.33333333333333,83.0,1.0266843349500536
19.7999802,139.66666666666666,100.66666666666667,83.0,1.1251613464342354
19.8333135,139.0,100.33333333333333,83.33333333333333,1.1504309942088595
19.866646799999998,139.33333333333334,100.33333333333333,83.33333333333333,1.0753191971820055
19.8999801,139.33333333333334,100.33333333333333,83.0,0.9074009843963361
19.9333134,139.33333333333334,100.66666666666667,83.33333333333333,0.6987118464211546
19.9666467,139.33333333333334,100.33333333333333,82.33333333333333,0.5195222871575785
19.99998,139.33333333333334,100.33333333333333,83.0,0.41760037253762944
20.0333133,139.33333333333334,100.33333333333333,83.0,0.3989003009818021
20.0666466,140.0,100.33333333333333,82.66666666666667,0.43982253912516306
20.099979899999997,139.66666666666666,100.66666666666667,83.0,0.5071621822270329
20.1333132,139.33333333333334,101.0,83.33333333333333,0.5627288034854598
20.1666465,140.0,100.66666666666667,83.33333333333333,0.5605724584373082
20.199979799999998,139.66666666666666,100.33333333333333,83.0,0.458867817785459
20.2333131,139.66666666666666,100.66666666666667,83.0,0.2431697757324793
20.2666464,139.66666666666666,101.0,83.0,-0.06709935898311326
20.299979699999998,139.66666666666666,100.66666666666667,83.0,-0.438096942192575
20.333313,139.66666666666666,101.0,83.0,-0.8407801621288328
20.3666463,139.33333333333334,100.66666666666667,83.0,-1.2446882029458184
20.399979599999998,139.66666666666666,101.0,83.33333333333333,-1.5934547209618566
20.4333129,140.0,101.0,83.0,-1.7942650025127258
20.4666462,140.0,101.33333333333333,83.0,-1.7501088137503527
20.4999795,139.33333333333334,101.33333333333333,83.0,-1.4280245104008469
20.533312799999997,139.33333333333334,101.0,83.33333333333333,-0.9097437846498256
20.5666461,139.66666666666666,100.33333333333333,83.33333333333333,-0.3663141937707724
20.5999794,139.33333333333334,100.66666666666667,83.0,0.038094374687441514
20.633312699999998,139.66666666666666,100.66666666666667,83.0,0.23753064031755936
20.666646,140.0,100.66666666666667,83.0,0.2823361188531762
20.6999793,139.33333333333334,100.33333333333333,82.66666666666667,0.28410613706323234
20.733312599999998,139.33333333333334,100.66666666666667,83.0,0.33462812009895393
20.7666459,139.66666666666666,101.0,83.33333333333333,0.4483780040829617
20.7999792,139.66666666666666,100.66666666666667,83.66666666666667,0.5621575939197118
20.833312499999998,139.66666666666666,100.33333333333333,83.33333333333333,0.5919325600113811
20.8666458,140.0,101.0,83.0,0.5008464499789459
20.8999791,140.0,100.66666666666667,82.66666666666667,0.32343390508028197
20.9333124,140.0,100.66666666666667,83.66666666666667,0.1406506516781612
20.966645699999997,139.33333333333334,100.66666666666667,82.66666666666667,0.04220077376601485
20.999979,139.66666666666666,100.33333333333333,83.33333333333333,0.09735346724070112
21.0333123,139.33333333333334,100.66666666666667,83.0,0.3279746858678651
21.066645599999998,139.0,100.66666666666667,83.0,0.6818053655031497
21.0999789,139.0,100.33333333333333,83.33333333333333,1.0262597955519634
21.1333122,140.0,100.33333333333333,83.0,1.1902331336046554
21.166645499999998,139.66666666666666,100.33333333333333,83.0,1.049957224019524
21.1999788,140.0,100.33333333333333,83.33333333333333,0.6076889202229702
21.2333121,139.33333333333334,100.66666666666667,82.33333333333333,0.0032202407078676704
21.266645399999998,139.33333333333334,100.66666666666667,83.0,-0.5568132392003587
21.2999787,139.33333333333334,100.66666666666667,83.0,-0.9045742156072824
21.333312,139.66666666666666,101.0,83.0,-0.9813727532525791
21.3666453,139.66666666666666,100.66666666666667,83.0,-0.8377959378514711
21.399978599999997,139.33333333333334,100.33333333333333,83.0,-0.5794099747322577
21.4333119,139.33333333333334,100.66666666666667,82.66666666666667,-0.30182550118281115
21.4666452,139.33333333333334,100.33333333333333,83.0,-0.05792576529080416
21.499978499999997,139.33333333333334,100.66666666666667,82.33333333333333,0.1301350477295153
21.5333118,139.0,100.33333333333333,82.66666666666667,0.24144587723856886
21.5666451,139.0,100.0,83.0,0.2510814624458542
21.599978399999998,139.0,100.0,82.66666666666667,0.16063800418359844
21.6333117,139.0,100.66666666666667,83.0,0.024913298781422077
21.666645,139.0,100.33333333333333,82.33333333333333,-0.07256115115281424
21.699978299999998,139.0,100.33333333333333,82.33333333333333,-0.08554914173509108
21.7333116,139.33333333333334,100.33333333333333,82.33333333333333,-0.05034122434018178
21.7666449,139.33333333333334,100.33333333333333,83.0,-0.060884395912586174
21.799978199999998,139.33333333333334,100.33333333333333,82.66666666666667,-0.18628579212945456
21.8333115,139.33333333333334,100.33333333333333,82.66666666666667,-0.396369017401074
21.8666448,139.0,100.66666666666667,82.33333333333333,-0.5599923235761595
21.8999781,139.0,100.33333333333333,82.66666666666667,-0.5240303730650564
21.933311399999997,139.0,100.66666666666667,82.66666666666667,-0.21853105845243712
21.9666447,139.33333333333334,100.66666666666667,82.66666666666667,0.2824500545498806
21.999978,139.66666666666666,100.33333333333333,83.0,0.7850010695683864
22.033311299999998,139.33333333333334,100.33333333333333,83.33333333333333,1.0750982024579487
22.0666446,139.66666666666666,100.33333333333333,82.33333333333333,1.0322127602310314
22.0999779,139.66666666666666,100.66666666666667,83.0,0.6804752018849256
22.133311199999998,139.66666666666666,100.66666666666667,82.66666666666667,0.15312481374354614
22.1666445,139.66666666666666,100.66666666666667,82.66666666666667,-0.3866292684581662
22.1999778,140.0,100.66666666666667,83.0,-0.8098235947094874
22.233311099999998,139.33333333333334,101.0,83.0,-1.0460306614258377
22.2666444,139.66666666666666,101.0,83.0,-1.079258316507424
22.2999777,140.0,101.0,83.33333333333333,-0.934972478070494
22.333311,140.0,101.0,83.0,-0.6664080270524843
22.366644299999997,140.0,101.0,83.0,-0.3424684326439064
22.3999776,140.0,101.0,83.33333333333333,-0.035379604586158145
22.4333109,140.0,100.66666666666667,83.0,0.2004199682976098
22.466644199999998,140.0,100.33333333333333,83.0,0.35591761060746674
22.4999775,140.0,101.0,83.33333333333333,0.4753844464949197
22.5333108,139.66666666666666,101.0,83.0,0.619845645534498
22.566644099999998,139.66666666666666,100.66666666666667,83.0,0.8052641079935303
22.5999774,140.0,100.33333333333333,83.33333333333333,0.9740047339710611
22.6333107,140.33333333333334,101.0,83.66666666666667,1.0313922819537533
22.666643999999998,139.66666666666666,101.0,83.33333333333333,0.9097237368284862
22.6999773,139.66666666666666,100.66666666666667,83.0,0.6034868324007835
22.7333106,139.66666666666666,100.33333333333333,83.0,0.167866073027322
22.7666439,140.0,100.66666666666667,83.0,-0.29555781454423175
22.799977199999997,139.33333333333334,101.0,83.0,-0.6606127260606602
22.8333105,140.0,101.0,83.66666666666667,-0.8130417388925039
22.8666438,140.0,101.0,83.33333333333333,-0.6924833303243908
22.899977099999997,140.0,101.33333333333333,83.66666666666667,-0.3247607998965608
22.9333104,139.66666666666666,100.66666666666667,82.66666666666667,0.16412541374566353
22.9666437,139.66666666666666,100.66666666666667,83.33333333333333,0.5704074854431399
22.999976999999998,140.33333333333334,100.66666666666667,83.66666666666667,0.6898489358562466
23.0333103,140.0,101.0,83.66666666666667,0.424149666847434
23.0666436,140.0,101.0,83.33333333333333,-0.15578311530982594
23.099976899999998,140.0,101.33333333333333,83.33333333333333,-0.8412524965481089
23.1333102,140.33333333333334,101.33333333333333,83.66666666666667,-1.3892544591885225
23.1666435,140.0,101.33333333333333,83.33333333333333,-1.6280985327409678
23.199976799999998,140.66666666666666,101.33333333333333,83.33333333333333,-1.5107714460040045
23.233310099999997,140.33333333333334,101.33333333333333,83.66666666666667,-1.1030705406694645
23.2666434,140.66666666666666,101.33333333333333,84.0,-0.525685478114283
23.2999767,140.33333333333334,101.33333333333333,83.66666666666667,0.10898762058639674
23.333309999999997,140.33333333333334,101.33333333333333,84.0,0.7226845556069075
23.3666433,140.66666666666666,101.33333333333333,83.33333333333333,1.2506869447403068
23.3999766,140.66666666666666,101.33333333333333,84.16666666666667,1.6122062843702727
23.433309899999998,140.66666666666666,101.0,84.0,1.7201265198167899
23.4666432,141.0,101.0,84.0,1.5344710096006706
23.4999765,140.66666666666666,101.66666666666667,83.66666666666667,1.1078240390239944
23.533309799999998,140.33333333333334,101.33333333333333,84.0,0.5731274111260709
23.5666431,141.0,101.33333333333333,83.66666666666667,0.08398579740810753
23.5999764,140.66666666666666,101.66666666666667,83.66666666666667,-0.24521276633934275
23.633309699999998,140.33333333333334,101.33333333333333,84.0,-0.3701896476529912
23.666643,141.0,101.66666666666667,83.66666666666667,-0.31728446423764056
23.6999763,140.66666666666666,101.33333333333333,83.66666666666667,-0.16326798472327125
23.7333096,140.66666666666666,101.66666666666667,83.66666666666667,-0.0063070776709578166
23.766642899999997,140.33333333333334,101.66666666666667,84.33333333333333,0.06589308100645558
23.7999762,140.66666666666666,101.33333333333333,84.0,0.009522897793282208
23.8333095,140.66666666666666,101.66666666666667,84.0,-0.15272687020264036
23.866642799999997,140.33333333333334,101.66666666666667,84.0,-0.34388716104037725
23.8999761,140.33333333333334,102.0,84.0,-0.48473285571303254
23.9333094,140.66666666666666,101.66666666666667,84.0,-0.5500936683117764
23.966642699999998,140.66666666666666,101.66666666666667,84.0,-0.580850178254893
23.999976,140.66666666666666,101.66666666666667,84.33333333333333,-0.6399938242800041
24.0333093,141.33333333333334,102.0,84.0,-0.7521235806786581
24.066642599999998,141.0,102.0,83.66666666666667,-0.8780769170258905
24.0999759,141.33333333333334,102.0,84.33333333333333,-0.9398956720481845
24.1333092,141.33333333333334,102.0,83.66666666666667,-0.8688379615136497
24.1666425,140.66666666666666,102.0,84.66666666666667,-0.6421227931891579
24.199975799999997,141.0,102.0,84.33333333333333,-0.2936797785932139
24.2333091,140.66666666666666,101.83333333333333,84.33333333333333,0.09930348524473594
24.2666424,141.0,101.66666666666667,84.33333333333333,0.44583871128583297
24.299975699999997,141.0,101.66666666666667,84.33333333333333,0.6751175369018062
24.333309,141.0,101.66666666666667,84.0,0.7607024185636099
24.3666423,141.33333333333334,101.66666666666667,84.33333333333333,0.7243204850706926
24.399975599999998,141.33333333333334,102.0,84.33333333333333,0.6212926862420908
24.4333089,141.33333333333334,101.66666666666667,84.33333333333333,0.518557368504083
24.4666422,141.0,101.66666666666667,84.33333333333333,0.47336241455380845
24.499975499999998,140.66666666666666,102.0,84.66666666666667,0.5142238962041411
24.5333088,141.0,101.66666666666667,84.33333333333333,0.6267989217740496
24.5666421,140.66666666666666,101.66666666666667,84.66666666666667,0.7546979510735755
24.599975399999998,140.5,101.33333333333333,84.0,0.8227466829351731
24.633308699999997,140.66666666666666,101.0,84.0,0.7733504825747493
24.666642,140.66666666666666,101.33333333333333,83.66666666666667,0.5938618025590588
24.6999753,141.0,101.66666666666667,84.0,0.31841839089361385
24.733308599999997,141.33333333333334,101.66666666666667,84.33333333333333,0.008040260587314389
24.7666419,141.0,101.66666666666667,84.0,-0.2729638997728578
24.7999752,140.66666666666666,102.0,84.33333333333333,-0.47360208017676697
24.833308499999998,140.66666666666666,101.66666666666667,84.66666666666667,-0.565797045226718
24.8666418,140.66666666666666,101.66666666666667,84.33333333333333,-0.547350427630226
24.8999751,141.0,102.0,84.0,-0.44309582524208346
24.933308399999998,140.66666666666666,101.66666666666667,84.0,-0.30857974549902467
24.9666417,140.66666666666666,101.33333333333333,84.0,-0.22171002463700493
24.999975,140.66666666666666,101.33333333333333,84.33333333333333,-0.2464960975040537
25.033308299999998,140.33333333333334,101.66666666666667,84.0,-0.3894584964251233
25.066641599999997,140.33333333333334,101.66666666666667,84.0,-0.5903216548349682
25.0999749,140.66666666666666,101.66666666666667,84.33333333333333,-0.7555525756095941
25.1333082,141.0,102.0,84.33333333333333,-0.8030192536689846
25.166641499999997,140.66666666666666,101.66666666666667,84.33333333333333,-0.68998747520403
25.1999748,140.66666666666666,101.66666666666667,84.33333333333333,-0.42375143980207053
25.2333081,140.33333333333334,101.66666666666667,84.0,-0.06422967851628873
25.266641399999997,140.33333333333334,101.33333333333333,84.0,0.28278320037914767
25.2999747,141.0,101.33333333333333,84.0,0.4952397515380663
25.333308,140.66666666666666,101.0,84.0,0.4905069631685646
25.366641299999998,140.66666666666666,101.66666666666667,84.0,0.27837450646342327
25.3999746,140.66666666666666,101.33333333333333,84.33333333333333,-0.029667975909958712
25.4333079,140.66666666666666,101.66666666666667,84.0,-0.2681165002801431
25.466641199999998,140.66666666666666,101.66666666666667,84.0,-0.29814377464125924
25.4999745,141.0,101.66666666666667,84.33333333333333,-0.077573082853828
25.5333078,140.66666666666666,101.0,83.66666666666667,0.32071781963677604
25.5666411,140.33333333333334,101.0,84.0,0.7511879935422773
25.599974399999997,140.33333333333334,101.0,83.66666666666667,1.066257586347737
25.6333077,140.0,101.0,83.83333333333333,1.1719249180839864
25.666641,140.0,100.66666666666667,83.66666666666667,1.0503450829871288
25.699974299999997,140.33333333333334,100.66666666666667,83.33333333333333,0.7550463102611769
25.7333076,140.0,101.0,83.66666666666667,0.3856991060114142
25.7666409,140.33333333333334,101.0,83.66666666666667,0.047148417410187604
25.799974199999998,140.33333333333334,101.0,83.33333333333333,-0.193340040733703
25.8333075,140.66666666666666,101.33333333333333,84.0,-0.33013756511009573
25.8666408,140.33333333333334,101.33333333333333,83.66666666666667,-0.4117150936274566
25.899974099999998,140.66666666666666,101.0,83.66666666666667,-0.5039970385520708
25.9333074,140.66666666666666,101.33333333333333,84.0,-0.6435001514613135
25.9666407,141.0,102.0,84.33333333333333,-0.8109062714722911
25.999973999999998,141.0,102.33333333333333,84.66666666666667,-0.9470678840455349
26.033307299999997,141.0,102.66666666666667,85.0,-0.9977063641086074
26.0666406,141.33333333333334,102.33333333333333,85.33333333333333,-0.9437820499106997
26.0999739,142.0,102.66666666666667,85.33333333333333,-0.7932845246145444
26.133307199999997,142.0,103.33333333333333,85.66666666666667,-0.5583711272229298
26.1666405,142.33333333333334,103.33333333333333,86.33333333333333,-0.2550022259779712
26.1999738,142.66666666666666,104.33333333333333,86.66666666666667,0.07466946151500664
26.233307099999998,142.66666666666666,104.66666666666667,87.66666666666667,0.3522299554535668
26.2666404,143.66666666666666,105.0,88.66666666666667,0.49671282773178826
26.2999737,143.66666666666666,105.66666666666667,89.33333333333333,0.49172232081328054
26.333306999999998,144.0,106.33333333333333,89.33333333333333,0.42466337477361826
26.3666403,144.66666666666666,106.66666666666667,89.33333333333333,0.44262147565393445
26.3999736,145.33333333333334,106.66666666666667,90.33333333333333,0.6490111825077
26.433306899999998,145.33333333333334,107.33333333333333,90.33333333333333,1.0249119181910102
26.466640199999997,145.66666666666666,107.33333333333333,91.0,1.430661766683315
26.4999735,146.0,107.33333333333333,91.0,1.6793404845991398
26.5333068,146.0,107.33333333333333,91.0,1.6357129028309751
26.566640099999997,145.66666666666666,107.33333333333333,90.66666666666667,1.2834395015183993
26.5999734,145.66666666666666,107.66666666666667,90.66666666666667,0.7221858601366447
26.6333067,145.33333333333334,108.0,91.33333333333333,0.10577861094624054
26.666639999999997,145.66666666666666,107.66666666666667,91.0,-0.4283545939052556
26.6999733,145.66666666666666,107.33333333333333,90.33333333333333,-0.7991303584071591
26.7333066,145.33333333333334,107.66666666666667,90.33333333333333,-0.991857210141703
26.766639899999998,145.66666666666666,107.66666666666667,90.33333333333333,-1.0540857984360414
26.7999732,145.33333333333334,107.33333333333333,90.33333333333333,-1.074338544603823
26.8333065,145.33333333333334,107.0,90.0,-1.135272647843841
26.866639799999998,145.33333333333334,107.33333333333333,90.0,-1.261049210122924
26.8999731,145.0,107.33333333333333,90.0,-1.3983668547515262
26.9333064,145.33333333333334,107.33333333333333,90.33333333333333,-1.4478194853870567
26.966639699999998,144.66666666666666,107.0,89.33333333333333,-1.3248769747133096
26.999972999999997,145.0,107.0,89.66666666666667,-1.0141884165587056
27.0333063,145.0,106.66666666666667,89.66666666666667,-0.5849996559753904
27.0666396,145.0,107.0,90.33333333333333,-0.15527100258160526
27.099972899999997,145.0,107.0,90.0,0.17266315991652803
27.1333062,145.33333333333334,107.0,90.0,0.36252029353626797
27.1666395,145.0,106.66666666666667,90.33333333333333,0.45594603705155445
27.199972799999998,145.33333333333334,107.0,90.0,0.5459584846880501
27.2333061,145.0,107.0,90.0,0.7213114959454621
27.2666394,144.66666666666666,106.66666666666667,90.33333333333333,1.0045320901684873
27.299972699999998,145.0,106.66666666666667,90.0,1.3221808328999407
27.333306,145.0,106.66666666666667,90.33333333333333,1.5319295735418008
27.3666393,144.66666666666666,106.33333333333333,90.0,1.4934651603499853
27.399972599999998,145.0,106.66666666666667,90.0,1.1456346989191881
27.433305899999997,144.66666666666666,106.33333333333333,90.0,0.5522803271197506
27.4666392,144.33333333333334,106.66666666666667,90.0,-0.10655958807245774
27.4999725,144.66666666666666,106.66666666666667,89.66666666666667,-0.6008789528333565
27.533305799999997,144.33333333333334,106.66666666666667,89.66666666666667,-0.7511082922042815
27.5666391,144.66666666666666,106.66666666666667,89.66666666666667,-0.5150845802039126
27.5999724,144.66666666666666,106.66666666666667,90.0,-0.012334438207874934
27.633305699999998,144.66666666666666,106.33333333333333,90.0,0.5322055501235686
27.666639,145.0,106.0,89.66666666666667,0.8951861028151984
27.6999723,144.66666666666666,106.33333333333333,89.33333333333333,0.9500977208076762
27.733305599999998,144.66666666666666,106.0,89.33333333333333,0.699574162867209
27.7666389,144.33333333333334,106.33333333333333,89.66666666666667,0.24282170130407302
27.7999722,144.33333333333334,106.33333333333333,89.66666666666667,-0.28501228144153606
27.833305499999998,144.33333333333334,106.66666666666667,89.66666666666667,-0.7659312295233905
27.866638799999997,144.33333333333334,106.33333333333333,89.66666666666667,-1.127353722817891
27.8999721,144.33333333333334,106.33333333333333,89.33333333333333,-1.3426300331045489
27.9333054,144.33333333333334,106.33333333333333,89.33333333333333,-1.415252170980808
27.966638699999997,144.33333333333334,106.33333333333333,88.66666666666667,-1.3646740723357011
27.999972,144.33333333333334,106.0,89.33333333333333,-1.2179481686331726
28.0333053,143.66666666666666,106.0,89.16666666666667,-0.9983817549221145
28.066638599999997,144.33333333333334,106.0,88.66666666666667,-0.7136314869786489
28.0999719,143.66666666666666,105.66666666666667,89.33333333333333,-0.35858760025559366
28.1333052,143.66666666666666,106.0,89.0,0.062147967385008385
28.166638499999998,143.66666666666666,106.0,89.33333333333333,0.5056233159284245
28.1999718,144.0,106.0,89.33333333333333,0.880109870459432
28.2333051,144.0,105.33333333333333,89.0,1.0758359419237824
28.266638399999998,144.0,105.66666666666667,89.33333333333333,1.0312979033642833
28.299971699999997,143.66666666666666,105.33333333333333,88.66666666666667,0.7891547136886768
28.333305,144.0,105.66666666666667,88.66666666666667,0.4914997232545081
28.366638299999998,143.66666666666666,105.66666666666667,88.66666666666667,0.30907004506110014
28.399971599999997,143.66666666666666,105.66666666666667,89.0,0.350108497909059
28.4333049,143.66666666666666,105.33333333333333,88.66666666666667,0.6060004699286329
28.4666382,143.66666666666666,105.33333333333333,88.33333333333333,0.9598585142318111
28.499971499999997,143.66666666666666,105.33333333333333,89.33333333333333,1.2453975218832243
28.5333048,143.66666666666666,105.33333333333333,88.66666666666667,1.322045974938932
28.5666381,143.66666666666666,105.33333333333333,88.66666666666667,1.1280131189199154
28.599971399999998,143.66666666666666,105.66666666666667,88.66666666666667,0.6883584892800633
28.6333047,143.66666666666666,105.33333333333333,88.66666666666667,0.08759522610178454
28.666638,143.66666666666666,105.66666666666667,88.66666666666667,-0.5647063265124628
28.699971299999998,143.33333333333334,105.66666666666667,88.66666666666667,-1.159735637377355
28.7333046,143.33333333333334,105.33333333333333,88.0,-1.6097891513834153
28.7666379,143.33333333333334,106.0,88.66666666666667,-1.8655987588079341
28.799971199999998,143.66666666666666,105.66666666666667,88.66666666666667,-1.9235114014072237
28.833304499999997,144.0,106.33333333333333,88.66666666666667,-1.8160467934388906
28.8666378,143.66666666666666,105.33333333333333,88.33333333333333,-1.5893906034656222
28.8999711,144.0,105.33333333333333,87.66666666666667,-1.279107840823823
28.933304399999997,143.66666666666666,105.33333333333333,88.33333333333333,-0.8977978774361323
28.9666377,143.66666666666666,105.66666666666667,88.33333333333333,-0.4446671083386685
28.999971,143.33333333333334,105.33333333333333,88.33333333333333,0.06868413284147289
29.033304299999998,143.33333333333334,105.33333333333333,89.33333333333333,0.5991149290874899
29.0666376,143.33333333333334,105.33333333333333,88.33333333333333,1.0762786257663979
29.0999709,144.33333333333334,105.33333333333333,88.66666666666667,1.4234810895952437
29.133304199999998,143.66666666666666,105.66666666666667,89.33333333333333,1.5800941592273137
29.1666375,144.0,105.33333333333333,88.66666666666667,1.5200471356328527
29.1999708,144.0,105.66666666666667,89.0,1.2633880472694612
29.233304099999998,143.66666666666666,105.33333333333333,88.66666666666667,0.8755831206638599
29.266637399999997,144.0,105.66666666666667,88.66666666666667,0.45370887210638366
29.2999707,143.66666666666666,105.66666666666667,89.0,0.10373872428645736
29.333304,143.33333333333334,105.66666666666667,88.66666666666667,-0.08570699442516908
29.366637299999997,143.33333333333334,105.66666666666667,89.0,-0.06707017441521576
29.3999706,143.66666666666666,105.66666666666667,89.0,0.15113118153797414
29.4333039,143.66666666666666,106.0,89.33333333333333,0.4999636579309569
29.466637199999997,143.66666666666666,105.66666666666667,88.66666666666667,0.8545032801771905
29.4999705,143.66666666666666,105.66666666666667,88.66666666666667,1.0528782404989816
29.5333038,144.33333333333334,105.33333333333333,88.66666666666667,0.9457514807715631
29.566637099999998,144.0,105.33333333333333,88.66666666666667,0.47447436796374104
29.5999704,143.66666666666666,105.66666666666667,89.0,-0.26712799778822255
29.6333037,143.33333333333334,106.0,88.66666666666667,-1.0495266019133618
29.666636999999998,143.66666666666666,106.33333333333333,88.33333333333333,-1.6165404173987576
29.699970299999997,144.0,106.0,88.66666666666667,-1.8198240896258584
29.7333036,143.66666666666666,106.0,89.0,-1.681735407912496
29.766636899999998,144.0,106.0,89.0,-1.3491101425409306
29.799970199999997,143.33333333333334,106.0,88.66666666666667,-0.9884791705505975
29.8333035,144.0,105.66666666666667,88.66666666666667,-0.7000614321771951
29.8666368,144.0,106.0,89.0,-0.490434348030652
29.899970099999997,143.33333333333334,105.66666666666667,88.0,-0.30220482326996484
29.9333034,143.66666666666666,105.66666666666667,89.0,-0.07492447713949343
29.9666367,143.66666666666666,105.33333333333333,88.0,0.20304357190996622
29.999969999999998,143.33333333333334,105.33333333333333,88.66666666666667,0.4826678356558234
30.0333033,143.33333333333334,105.33333333333333,88.33333333333333,0.6815371980063514
30.0666366,143.66666666666666,105.66666666666667,88.66666666666667,0.7292502364184289
30.099969899999998,143.66666666666666,105.33333333333333,89.0,0.6111515884755635
30.133303199999997,143.33333333333334,105.33333333333333,88.33333333333333,0.39162087144670316
30.1666365,143.0,105.33333333333333,88.0,0.19635761220710946
30.199969799999998,143.33333333333334,105.33333333333333,88.66666666666667,0.15275680431200148
30.233303099999997,143.33333333333334,105.66666666666667,88.33333333333333,0.32239189559104603
30.2666364,143.33333333333334,105.0,88.66666666666667,0.6675538965579049
30.2999697,143.0,105.33333333333333,88.33333333333333,1.066466737890625
30.333302999999997,143.66666666666666,105.33333333333333,88.66666666666667,1.3630602175284146
30.3666363,143.33333333333334,104.66666666666667,88.0,1.4280997351203382
30.3999696,143.33333333333334,105.0,88.33333333333333,1.2094610286860257
30.433302899999997,143.0,105.0,88.0,0.7492294422833385
30.4666362,143.33333333333334,105.33333333333333,88.33333333333333,0.1566029128965841
30.4999695,143.0,105.66666666666667,88.33333333333333,-0.44540030476646253
30.533302799999998,143.33333333333334,105.33333333333333,88.66666666666667,-0.9618543878976897
30.5666361,143.33333333333334,105.66666666666667,88.33333333333333,-1.3334361862688986
30.5999694,143.33333333333334,105.66666666666667,89.0,-1.5227663357416457
30.633302699999998,143.66666666666666,106.0,88.0,-1.5123046594002783
30.666635999999997,143.66666666666666,106.0,88.66666666666667,-1.3248959255649118
30.6999693,143.33333333333334,105.66666666666667,88.66666666666667,-1.0387708141418441
30.7333026,144.0,106.0,88.66666666666667,-0.7619776026793202
30.766635899999997,143.66666666666666,105.33333333333333,89.0,-0.5698293579191087
30.7999692,143.33333333333334,105.66666666666667,88.66666666666667,-0.4526967284743143
30.8333025,143.33333333333334,105.66666666666667,88.0,-0.3252185798777629
30.866635799999997,143.33333333333334,105.33333333333333,88.33333333333333,-0.09824299995012077
30.8999691,143.0,105.0,88.33333333333333,0.2463191815314755
30.9333024,143.33333333333334,105.33333333333333,88.33333333333333,0.6378516032232444
30.966635699999998,143.0,104.66666666666667,88.0,0.9594113312045149
30.999969,143.33333333333334,105.0,88.33333333333333,1.1120670393466299
31.0333023,143.33333333333334,105.0,88.0,1.0634572925745451
31.066635599999998,143.0,105.0,88.33333333333333,0.8591643172696233
31.099968899999997,143.0,105.0,88.0,0.5966479884760457
31.1333022,143.0,105.0,88.0,0.3799707541107693
31.166635499999998,143.33333333333334,105.33333333333333,88.66666666666667,0.2784699508145239
31.199968799999997,143.0,105.0,88.0,0.3040828326524783
31.2333021,143.33333333333334,105.66666666666667,88.66666666666667,0.40912809848057324
31.2666354,143.66666666666666,105.0,88.0,0.5026058026469641
31.299968699999997,143.33333333333334,105.0,88.0,0.48701011744691225
31.333302,143.33333333333334,105.0,88.33333333333333,0.3089815703327979
31.3666353,143.33333333333334,105.0,88.0,-0.00395383765159042
31.399968599999998,143.0,106.0,88.33333333333333,-0.35146753066583114
31.4333019,143.66666666666666,105.0,88.33333333333333,-0.6115981749605617
31.4666352,143.33333333333334,106.0,89.0,-0.6984351968625815
31.499968499999998,143.33333333333334,105.66666666666667,88.33333333333333,-0.5982866796895038
31.533301799999997,143.33333333333334,106.0,88.33333333333333,-0.3809952025596405
31.5666351,143.66666666666666,105.33333333333333,89.0,-0.17596097516625467
31.599968399999998,143.33333333333334,105.33333333333333,88.66666666666667,-0.10437669238268318
31.633301699999997,143.33333333333334,106.0,88.33333333333333,-0.20815689585705424
31.666635,143.66666666666666,105.33333333333333,88.33333333333333,-0.4370459730859999
31.6999683,143.33333333333334,106.0,88.33333333333333,-0.6973965799940374
31.733301599999997,143.33333333333334,105.66666666666667,88.66666666666667,-0.908307312281951
31.7666349,143.66666666666666,105.66666666666667,88.33333333333333,-1.0209786768143803
31.7999682,143.33333333333334,105.66666666666667,88.66666666666667,-1.0031794654033006
31.833301499999997,143.33333333333334,106.0,88.66666666666667,-0.8222982425576638
31.8666348,143.33333333333334,105.66666666666667,88.33333333333333,-0.45587974509608536
31.8999681,143.33333333333334,105.66666666666667,88.66666666666667,0.07494849090839963
31.933301399999998,143.66666666666666,105.33333333333333,88.0,0.6803269586657541
31.966634699999997,143.33333333333334,105.33333333333333,88.33333333333333,1.2119674439645047
31.999968,143.66666666666666,105.33333333333333,88.66666666666667,1.5141465063838386
32.0333013,143.33333333333334,105.0,88.33333333333333,1.4954763840452383
32.0666346,143.33333333333334,105.66666666666667,88.66666666666667,1.1799012110089784
32.099967899999996,143.0,105.0,88.0,0.6988718825572715
32.1333012,143.33333333333334,105.33333333333333,87.66666666666667,0.2255228834764343
32.1666345,142.66666666666666,105.0,88.0,-0.10653500024213497
32.199967799999996,143.33333333333334,105.33333333333333,88.0,-0.2506686884265409
32.2333011,143.33333333333334,105.66666666666667,88.33333333333333,-0.2415430364656007
32.2666344,143.0,105.33333333333333,88.33333333333333,-0.1518231997138689
32.299967699999996,143.33333333333334,105.33333333333333,88.33333333333333,-0.04223501212416148
32.333301,143.0,105.66666666666667,88.0,0.06525945043763413
32.3666343,143.33333333333334,105.66666666666667,88.66666666666667,0.1780320941944768
32.3999676,143.33333333333334,105.33333333333333,88.33333333333333,0.30309974883319185
32.4333009,143.0,105.66666666666667,88.0,0.4245648258143375
32.4666342,143.0,105.0,88.0,0.5016808891870039
32.4999675,143.33333333333334,105.0,88.33333333333333,0.488039499992224
32.5333008,143.0,105.33333333333333,87.66666666666667,0.3574014408789933
32.5666341,142.66666666666666,105.33333333333333,87.66666666666667,0.10905559699569675
32.5999674,142.66666666666666,105.0,87.66666666666667,-0.24828213750987455
32.6333007,142.66666666666666,104.66666666666667,87.33333333333333,-0.6985555751101548
32.666633999999995,142.66666666666666,105.0,87.33333333333333,-1.1908670060847357
32.6999673,142.66666666666666,105.0,87.33333333333333,-1.6167944232243403
32.7333006,142.33333333333334,104.66666666666667,86.33333333333333,-1.832366504116632
32.766633899999995,142.66666666666666,104.66666666666667,86.66666666666667,-1.722824163681443
32.7999672,142.66666666666666,104.66666666666667,86.33333333333333,-1.2700589863564162
32.8333005,142.66666666666666,104.66666666666667,87.0,-0.5776802363518785
32.866633799999995,142.66666666666666,104.66666666666667,87.33333333333333,0.16683879459512035
32.8999671,143.0,104.66666666666667,87.66666666666667,0.775459386540791
32.9333004,142.66666666666666,105.0,88.0,1.13911197386897
32.966633699999996,142.66666666666666,104.66666666666667,87.33333333333333,1.2537666304831794
32.999967,142.66666666666666,105.0,87.66666666666667,1.1827557770381074
33.0333003,142.66666666666666,104.66666666666667,87.33333333333333,0.9942056342925994
33.066633599999996,143.0,104.66666666666667,87.33333333333333,0.7271264389014984
33.0999669,143.0,104.66666666666667,87.66666666666667,0.407762524872118
33.1333002,143.0,105.0,87.66666666666667,0.08864001534966937
33.166633499999996,143.0,105.0,87.33333333333333,-0.13949598660788035
33.1999668,142.33333333333334,104.66666666666667,87.0,-0.18619053843504355
33.2333001,142.33333333333334,104.33333333333333,86.66666666666667,-0.023115176539336382
33.266633399999996,142.66666666666666,104.66666666666667,87.66666666666667,0.282041621662189
33.2999667,142.66666666666666,104.66666666666667,87.0,0.5879839413801907
33.3333,143.0,104.33333333333333,87.33333333333333,0.7456204522559552
33.3666333,143.0,104.66666666666667,87.66666666666667,0.6695635044713305
33.3999666,143.33333333333334,105.33333333333333,87.66666666666667,0.3743662276692038
33.4332999,143.33333333333334,105.66666666666667,88.33333333333333,-0.046498531809865705
33.4666332,144.0,106.66666666666667,89.33333333333333,-0.4796317797644538
33.4999665,144.33333333333334,106.66666666666667,89.66666666666667,-0.8406483034414179
33.5332998,144.66666666666666,107.0,90.0,-1.0839558696157692
33.5666331,144.33333333333334,107.66666666666667,90.33333333333333,-1.187483371764025
33.5999664,145.0,107.66666666666667,90.66666666666667,-1.1422291139045968
33.633299699999995,145.0,107.33333333333333,90.33333333333333,-0.95576792410969
33.666633,145.0,107.66666666666667,90.0,-0.6599829010864876
33.6999663,145.0,107.66666666666667,90.66666666666667,-0.31259474798908626
33.733299599999995,145.33333333333334,107.33333333333333,90.66666666666667,0.018321847976553025
33.7666329,145.33333333333334,107.0,90.33333333333333,0.28809310003755084
33.7999662,145.0,107.33333333333333,90.0,0.4992020539524646
33.833299499999995,144.66666666666666,107.33333333333333,90.33333333333333,0.6830410281561432
33.8666328,144.33333333333334,106.66666666666667,90.0,0.8543568397435817
33.8999661,144.66666666666666,106.66666666666667,90.33333333333333,0.9884780452939417
33.933299399999996,144.66666666666666,106.66666666666667,90.0,1.0423979141714552
33.9666327,144.33333333333334,106.66666666666667,90.0,0.9892779783048825
33.999966,144.0,106.66666666666667,90.0,0.8290067365633419
34.033299299999996,144.33333333333334,107.33333333333333,90.66666666666667,0.5733554829717702
34.0666326,144.33333333333334,107.33333333333333,91.0,0.23385900911076374
34.0999659,144.66666666666666,107.33333333333333,91.33333333333333,-0.16623900795128996
34.133299199999996,145.33333333333334,108.0,91.0,-0.568996172142118
34.1666325,144.66666666666666,107.66666666666667,90.66666666666667,-0.8838082058438977
34.1999658,145.0,107.66666666666667,90.33333333333333,-1.0285533467289159
34.233299099999996,145.33333333333334,107.66666666666667,90.33333333333333,-0.9790834417650353
34.2666324,145.33333333333334,107.33333333333333,90.33333333333333,-0.7838683465911851
34.2999657,145.0,107.33333333333333,90.33333333333333,-0.5330859549800667
34.333299,144.66666666666666,107.0,90.0,-0.309989075861945
34.3666323,144.33333333333334,107.0,90.0,-0.15958373110890764
34.3999656,144.33333333333334,106.66666666666667,89.66666666666667,-0.08606641829181956
34.4332989,144.33333333333334,106.33333333333333,89.33333333333333,-0.06665664317185088
34.4666322,144.0,106.33333333333333,89.0,-0.06714359936408343
34.499965499999995,144.0,106.0,89.0,-0.05407393615482357
34.5332988,143.33333333333334,105.33333333333333,88.33333333333333,-0.0036029149486397284
34.5666321,143.33333333333334,105.66666666666667,88.33333333333333,0.09079713629852172
34.599965399999995,143.0,105.33333333333333,88.0,0.210417981113452
34.6332987,142.66666666666666,104.66666666666667,87.66666666666667,0.3127350652185992
34.666632,142.33333333333334,104.66666666666667,88.0,0.35495806775176136
34.699965299999995,142.33333333333334,104.33333333333333,87.0,0.3290819393891188
34.7332986,142.66666666666666,104.66666666666667,87.33333333333333,0.2767793929133143
34.7666319,143.0,104.66666666666667,87.66666666666667,0.26790180761097787
34.799965199999995,143.33333333333334,105.33333333333333,87.66666666666667,0.3573656217818205
34.8332985,143.33333333333334,105.33333333333333,88.33333333333333,0.5487924877402764
34.8666318,143.33333333333334,105.0,88.33333333333333,0.7888346658522116
34.899965099999996,143.33333333333334,105.16666666666667,88.0,0.995395813826981
34.9332984,143.66666666666666,105.33333333333333,88.33333333333333,1.0954823290675577
34.9666317,143.66666666666666,106.0,89.0,1.04787707906214
34.999964999999996,144.0,106.33333333333333,89.66666666666667,0.8516630267521776
35.0332983,144.0,106.33333333333333,90.0,0.5501277417974987
35.0666316,144.33333333333334,107.0,89.66666666666667,0.22057367904608557
35.099964899999996,144.66666666666666,107.0,90.0,-0.06405564121594999
35.1332982,145.0,107.66666666666667,91.0,-0.2842357784868338
35.1666315,145.0,107.66666666666667,90.33333333333333,-0.4919489344953542
35.1999648,144.66666666666666,107.33333333333333,90.66666666666667,-0.7763383303638457
35.2332981,145.33333333333334,107.66666666666667,91.0,-1.1940267683805355
35.2666314,145.0,107.66666666666667,90.33333333333333,-1.7089716952481127
35.2999647,145.0,107.66666666666667,90.33333333333333,-2.18898127988919
35.333298,145.0,107.66666666666667,90.33333333333333,-2.466729265980291
35.3666313,144.66666666666666,107.66666666666667,90.33333333333333,-2.422751021780471
35.3999646,145.0,107.33333333333333,90.33333333333333,-2.0392982478184924
35.4332979,145.0,107.33333333333333,90.0,-1.4037875559941566
35.466631199999995,144.66666666666666,107.33333333333333,90.66666666666667,-0.6703401771743066
35.4999645,145.0,107.0,90.0,3.830820872934211e-05
35.5332978,145.33333333333334,106.66666666666667,90.0,0.498940162935265
35.566631099999995,145.33333333333334,107.0,90.66666666666667,0.8076890802606802
35.5999644,145.66666666666666,107.66666666666667,90.66666666666667,0.9921554426278656
35.6332977,146.0,108.0,91.66666666666667,1.1526181687567054
35.666630999999995,146.33333333333334,108.0,91.66666666666667,1.3572789826500462
35.6999643,146.66666666666666,108.66666666666667,92.0,1.601282838578048
35.7332976,146.33333333333334,108.0,92.0,1.8138109844273806
35.766630899999996,146.0,108.0,92.0,1.9072976358271265
35.7999642,146.0,108.0,91.66666666666667,1.8375261511305303
35.8332975,147.0,108.33333333333333,91.66666666666667,1.6326035001592887
35.866630799999996,147.66666666666666,109.0,93.0,1.3741370786273588
35.8999641,147.33333333333334,109.33333333333333,93.0,1.1502739173796634
35.9332974,146.66666666666666,109.33333333333333,92.66666666666667,1.0066428799923306
35.966630699999996,147.66666666666666,109.33333333333333,93.0,0.9152855068274424
35.999964,147.66666666666666,109.33333333333333,93.0,0.7837898054783733
36.0332973,148.0,109.66666666666667,93.33333333333333,0.5095331470784428
36.066630599999996,148.66666666666666,110.0,93.33333333333333,0.046161810938091546
36.0999639,149.0,110.33333333333333,93.66666666666667,-0.5626957378210773
36.1332972,149.0,110.66666666666667,94.0,-1.201408910783563
36.1666305,148.66666666666666,110.66666666666667,93.33333333333333,-1.7388534559055502
36.1999638,147.66666666666666,110.0,93.0,-2.0899791425556096
36.2332971,147.0,109.0,92.0,-2.242464989396128
36.2666304,145.66666666666666,108.0,91.0,-2.230142263145449
36.2999637,145.0,106.66666666666667,89.33333333333333,-2.079490354560951
36.333297,144.66666666666666,106.33333333333333,89.0,-1.7786935277594877
36.3666303,144.33333333333334,106.0,88.66666666666667,-1.2961347440648947
36.3999636,144.0,106.0,88.66666666666667,-0.6330178207469473
36.433296899999995,144.0,105.66666666666667,88.66666666666667,0.13327559473012532
36.4666302,144.66666666666666,106.0,90.0,0.8550717509946657
36.4999635,145.33333333333334,107.0,90.33333333333333,1.3708358410270767
36.533296799999995,145.33333333333334,107.0,91.0,1.5703547894519096
36.5666301,146.33333333333334,107.66666666666667,91.0,1.4272985072114268
36.5999634,146.33333333333334,107.0,90.66666666666667,0.9960722062074036
36.633296699999995,146.33333333333334,107.0,90.66666666666667,0.3935641494373232
36.66663,146.66666666666666,107.33333333333333,90.33333333333333,-0.22455760567694405
36.6999633,146.66666666666666,107.33333333333333,90.66666666666667,-0.6983218348158519
36.733296599999996,146.33333333333334,107.33333333333333,90.66666666666667,-0.9065432565471528
36.7666299,146.66666666666666,107.66666666666667,91.0,-0.8028264645751544
36.7999632,147.0,107.66666666666667,91.0,-0.43094239995992806
36.833296499999996,147.0,108.0,92.0,0.08560325204479638
36.8666298,147.33333333333334,108.33333333333333,92.0,0.5784179778315073
36.8999631,147.33333333333334,108.33333333333333,92.33333333333333,0.8839148629449342
36.933296399999996,147.33333333333334,108.0,92.0,0.895335128561753
36.9666297,147.66666666666666,108.0,92.33333333333333,0.6045155981805392
36.999963,147.33333333333334,108.66666666666667,92.33333333333333,0.11269218191956815
37.033296299999996,147.0,108.33333333333333,92.0,-0.4081309966994205
37.0666296,147.0,108.0,91.66666666666667,-0.7888797759721049
37.0999629,147.0,108.0,91.66666666666667,-0.9269821051494194
37.1332962,146.66666666666666,107.66666666666667,91.33333333333333,-0.8068683123059014
37.1666295,145.66666666666666,107.0,91.0,-0.4819286446726962
37.1999628,146.33333333333334,107.33333333333333,91.0,-0.044563584821317066
37.2332961,146.0,107.33333333333333,90.66666666666667,0.3946009319723338
37.2666294,146.0,107.0,91.0,0.7230642887395158
37.299962699999995,146.0,106.66666666666667,91.0,0.8598895543493414
37.333296,145.33333333333334,106.66666666666667,90.33333333333333,0.8023827916612505
37.3666293,145.66666666666666,106.33333333333333,90.33333333333333,0.6433825686352495
37.399962599999995,145.33333333333334,106.66666666666667,90.0,0.5257277111774831
37.4332959,145.66666666666666,107.0,90.33333333333333,0.5531744775504874
37.4666292,145.66666666666666,107.0,90.66666666666667,0.7194089887431775
37.499962499999995,146.0,106.66666666666667,90.66666666666667,0.912654763785059
37.5332958,146.0,106.66666666666667,90.66666666666667,0.9970412129647587
37.5666291,146.33333333333334,107.33333333333333,90.66666666666667,0.9053978742549192
37.599962399999995,146.33333333333334,107.33333333333333,90.66666666666667,0.6716227722951985
37.6332957,146.66666666666666,107.66666666666667,91.33333333333333,0.39150507932498385
37.666629,147.33333333333334,108.33333333333333,91.33333333333333,0.1563978338501931
37.699962299999996,147.33333333333334,108.33333333333333,92.0,0.00603055192816018
37.7332956,148.33333333333334,109.33333333333333,92.66666666666667,-0.08068811092120366
37.7666289,149.0,110.33333333333333,94.0,-0.1635634176123156
37.799962199999996,149.33333333333334,111.66666666666667,95.0,-0.3085545924860285
37.8332955,150.33333333333334,111.66666666666667,95.33333333333333,-0.5602743773916826
37.8666288,150.33333333333334,111.66666666666667,95.0,-0.9210244383510231
37.899962099999996,150.33333333333334,112.0,95.33333333333333,-1.3395661663357548
37.9332954,150.0,112.33333333333333,95.33333333333333,-1.7224086216207941
37.9666287,150.0,112.33333333333333,95.33333333333333,-1.9700149648986942
37.999962,150.0,112.33333333333333,95.66666666666667,-2.0167111741616917
38.0332953,150.0,112.33333333333333,95.33333333333333,-1.850013054609201
38.0666286,149.66666666666666,112.0,95.0,-1.5061835768813392
38.0999619,150.0,111.66666666666667,95.0,-1.0538650258618416
38.1332952,149.66666666666666,111.66666666666667,94.33333333333333,-0.5752631753844129
38.1666285,149.0,111.0,94.33333333333333,-0.14769146879165768
38.1999618,148.66666666666666,110.66666666666667,94.0,0.17663610340885375
38.2332951,148.0,110.66666666666667,94.33333333333333,0.3912292581912881
38.266628399999995,147.33333333333334,110.33333333333333,93.66666666666667,0.5418996638600954
38.2999617,147.33333333333334,110.0,93.66666666666667,0.7050140306858367
38.333295,147.33333333333334,110.0,93.33333333333333,0.9447765758149055
38.366628299999995,147.0,110.0,93.66666666666667,1.274848017677909
38.3999616,147.66666666666666,110.0,94.0,1.6479711421422938
38.4332949,147.66666666666666,110.33333333333333,94.66666666666667,1.9785976579345856
38.466628199999995,148.0,110.66666666666667,94.33333333333333,2.177945481957996
38.4999615,148.0,110.0,93.66666666666667,2.1760285635012218
38.5332948,147.66666666666666,110.0,94.33333333333333,1.931412425896642
38.566628099999996,146.66666666666666,110.0,94.0,1.4450735065878755
38.5999614,146.66666666666666,110.0,93.66666666666667,0.7753610415935217
38.6332947,147.0,109.33333333333333,93.33333333333333,0.0358443026868442
38.666627999999996,146.33333333333334,109.66666666666667,93.0,-0.6320653995168294
38.6999613,146.33333333333334,109.66666666666667,92.66666666666667,-1.1071663404311112
38.7332946,146.33333333333334,109.66666666666667,93.33333333333333,-1.3386228958238418
38.766627899999996,146.66666666666666,109.66666666666667,93.0,-1.3664586482163772
38.7999612,146.66666666666666,109.66666666666667,93.0,-1.2969370831083404
38.8332945,146.66666666666666,109.66666666666667,93.0,-1.2507031472609205
38.866627799999996,146.66666666666666,109.66666666666667,93.0,-1.3105020589135856
38.8999611,146.33333333333334,109.66666666666667,93.0,-1.4838895670216024
38.9332944,146.33333333333334,109.33333333333333,93.0,-1.6908251674804473
38.9666277,146.33333333333334,109.66666666666667,92.66666666666667,-1.7877604725622163
38.999961,146.33333333333334,109.66666666666667,92.66666666666667,-1.6310586525885489
39.0332943,146.0,109.66666666666667,93.33333333333333,-1.1539550549749424
39.0666276,146.33333333333334,109.66666666666667,93.0,-0.41057749188504633
39.0999609,146.33333333333334,109.33333333333333,93.0,0.4404850565462536
39.133294199999995,146.33333333333334,109.0,93.0,1.2021460787482279
39.1666275,146.33333333333334,109.0,92.66666666666667,1.719308513038003
39.1999608,146.33333333333334,109.0,93.0,1.933925719164135
39.233294099999995,146.33333333333334,109.0,92.66666666666667,1.8894101572804507
39.2666274,145.66666666666666,109.0,92.33333333333333,1.6898491210506206
39.2999607,146.33333333333334,108.66666666666667,93.0,1.4454700751947296
39.333293999999995,146.33333333333334,109.33333333333333,92.33333333333333,1.235445169241372
39.3666273,146.0,109.33333333333333,93.33333333333333,1.0958574305542483
39.3999606,146.33333333333334,109.33333333333333,93.0,1.0248374646254683
39.433293899999995,146.33333333333334,109.33333333333333,92.66666666666667,0.9970116297933477
39.4666272,146.0,109.0,93.0,0.9783722237638225
39.4999605,146.0,109.33333333333333,92.66666666666667,0.9323384067490043
39.533293799999996,146.66666666666666,109.33333333333333,92.66666666666667,0.8154870507868395
39.5666271,146.66666666666666,109.66666666666667,93.0,0.5750303358453103
39.5999604,146.66666666666666,109.33333333333333,93.33333333333333,0.1679342353755986
39.633293699999996,146.33333333333334,109.66666666666667,93.0,-0.3997952447934985
39.666627,146.33333333333334,110.0,93.33333333333333,-1.0506761891698086
39.6999603,146.66666666666666,110.0,93.0,-1.6624071956466073
39.733293599999996,146.33333333333334,110.0,93.0,-2.1283043514580204
39.7666269,146.33333333333334,109.66666666666667,92.66666666666667,-2.4037711521319647
39.7999602,146.0,109.66666666666667,93.0,-2.505252180326972
39.833293499999996,146.0,109.33333333333333,92.66666666666667,-2.469557257013532
39.8666268,145.33333333333334,109.33333333333333,92.33333333333333,-2.314683467485672
39.8999601,145.0,108.66666666666667,91.66666666666667,-2.0381241983438665
39.9332934,144.33333333333334,107.0,89.66666666666667,-1.6463554363448907
39.9666267,144.0,106.33333333333333,89.66666666666667,-1.1751494976671375
39.99996,143.66666666666666,105.66666666666667,88.66666666666667,-0.6749193840787567
40.0332933,143.66666666666666,105.0,88.0,-0.17903100115009965
40.0666266,143.33333333333334,105.0,88.0,0.30849174590243766
40.099959899999995,142.33333333333334,104.0,87.0,0.7940473119164111
40.1332932,141.33333333333334,103.0,86.33333333333333,1.2658790651316056
40.1666265,140.66666666666666,101.66666666666667,84.66666666666667,1.684225684171524
40.199959799999995,139.66666666666666,100.66666666666667,84.0,1.998855544432109
40.2332931,138.66666666666666,100.0,83.33333333333333,2.1790797620309883
40.2666264,138.33333333333334,99.66666666666667,83.0,2.2316092957494122
40.299959699999995,137.33333333333334,99.33333333333333,82.66666666666667,2.1901528807118
40.333293,137.33333333333334,99.0,82.33333333333333,2.083142993323819
40.3666263,137.33333333333334,98.66666666666667,82.0,1.9061023223154476
40.399959599999995,137.66666666666666,98.66666666666667,82.0,1.6230426249519505
40.4332929,137.0,98.66666666666667,82.33333333333333,1.196938591950175
40.4666262,137.33333333333334,98.66666666666667,81.66666666666667,0.6250983575597447
40.499959499999996,137.33333333333334,98.66666666666667,81.66666666666667,-0.04613149549679468
40.5332928,137.33333333333334,98.66666666666667,81.66666666666667,-0.731855484098322
40.5666261,137.33333333333334,98.66666666666667,81.66666666666667,-1.3313571772178758
40.599959399999996,137.0,99.0,82.0,-1.7540334893624367
40.6332927,137.33333333333334,99.66666666666667,82.33333333333333,-1.947289547840185
40.666626,138.0,99.33333333333333,82.33333333333333,-1.9156595637520923
40.699959299999996,137.66666666666666,99.0,82.0,-1.7117191655371589
40.7332926,137.66666666666666,99.33333333333333,82.66666666666667,-1.3999895978608083
40.7666259,138.0,99.33333333333333,82.33333333333333,-1.0259416214397892
40.799959199999996,137.66666666666666,99.66666666666667,82.33333333333333,-0.6180921423965706
40.8332925,138.33333333333334,99.0,82.33333333333333,-0.2112867915146168
40.8666258,138.33333333333334,99.33333333333333,82.66666666666667,0.14565598761027046
40.8999591,138.0,99.33333333333333,82.66666666666667,0.41072033136990377
40.9332924,138.0,99.66666666666667,83.33333333333333,0.5729700371037654
40.966625699999994,138.33333333333334,100.0,83.33333333333333,0.6556078831367637
40.999959,138.66666666666666,99.66666666666667,83.33333333333333,0.7000021779312744
41.0332923,139.0,100.33333333333333,83.66666666666667,0.7448962687631735
41.066625599999995,139.0,100.33333333333333,83.66666666666667,0.8080631359767984
41.0999589,139.33333333333334,100.33333333333333,83.66666666666667,0.8747100390858912
41.1332922,139.0,100.33333333333333,83.66666666666667,0.9022929932898388
41.166625499999995,139.33333333333334,100.33333333333333,84.0,0.8469473357151424
41.1999588,139.0,100.33333333333333,83.66666666666667,0.697817732573778
41.2332921,139.0,100.33333333333333,83.66666666666667,0.4923667004033893
41.266625399999995,139.0,100.33333333333333,83.66666666666667,0.2958067150696799
41.2999587,139.0,100.33333333333333,83.33333333333333,0.15359153680222049
41.333292,139.0,100.33333333333333,83.33333333333333,0.04636801833125927
41.366625299999995,139.0,100.33333333333333,83.33333333333333,-0.11821920920307831
41.3999586,139.0,100.0,83.33333333333333,-0.4571808703798981
41.4332919,139.0,100.33333333333333,83.33333333333333,-1.0249779029695296
41.466625199999996,139.0,100.33333333333333,83.33333333333333,-1.7431051340422725
41.4999585,138.66666666666666,100.66666666666667,83.0,-2.4010814174904884
41.5332918,139.0,100.33333333333333,83.33333333333333,-2.7371669118240876
41.566625099999996,138.66666666666666,100.66666666666667,83.0,-2.557427163793411
41.5999584,138.66666666666666,100.33333333333333,83.0,-1.8352240732804224
41.6332917,139.0,100.33333333333333,83.33333333333333,-0.7426816655559357
41.666624999999996,139.0,100.0,83.33333333333333,0.41002054406249083
41.6999583,138.66666666666666,100.0,83.66666666666667,1.3063165540611368
41.7332916,139.0,100.0,83.66666666666667,1.7586014153788798
41.7666249,139.0,100.0,83.33333333333333,1.7742950595654745
41.7999582,139.0,100.0,83.33333333333333,1.5221821401981133
41.8332915,139.0,100.33333333333333,83.66666666666667,1.2275723610204936
41.8666248,139.0,100.0,83.33333333333333,1.0596453504531664
41.8999581,139.0,100.0,83.33333333333333,1.066564967583962
41.933291399999995,139.33333333333334,100.0,83.33333333333333,1.17880121691927
41.9666247,139.0,100.0,83.33333333333333,1.266214415934971
41.999958,139.0,99.66666666666667,83.0,1.2158087782990106
42.033291299999995,139.0,99.66666666666667,83.33333333333333,0.9936933426582087
42.0666246,139.0,100.0,82.66666666666667,0.660200021315388
42.0999579,138.66666666666666,99.66666666666667,83.0,0.3270345223549479
42.133291199999995,138.33333333333334,100.33333333333333,83.33333333333333,0.08191364184208044
42.1666245,138.66666666666666,100.0,83.0,-0.06841479334075419
42.1999578,139.0,99.66666666666667,83.0,-0.19776854495837817
42.233291099999995,139.0,100.0,83.0,-0.40522531244439597
42.2666244,138.66666666666666,100.0,82.66666666666667,-0.7479667318639752
42.2999577,138.33333333333334,100.0,82.66666666666667,-1.207085189446962
42.333290999999996,138.66666666666666,100.0,83.0,-1.6928261936477276
42.3666243,138.66666666666666,100.33333333333333,83.33333333333333,-2.0707595139523827
42.3999576,138.66666666666666,100.33333333333333,82.66666666666667,-2.204071889601715
42.433290899999996,138.66666666666666,100.33333333333333,82.66666666666667,-2.0141525376860865
42.4666242,138.66666666666666,100.33333333333333,83.33333333333333,-1.5338077267995285
42.4999575,138.66666666666666,100.33333333333333,83.0,-0.9089301816173371
42.533290799999996,139.0,99.66666666666667,83.0,-0.3337497613993501
42.5666241,139.0,100.0,83.0,0.04540894906476786
42.5999574,139.0,100.0,82.66666666666667,0.19879079235773336
42.633290699999996,139.33333333333334,100.0,83.0,0.21575448875625242
42.666624,138.66666666666666,100.0,83.33333333333333,0.24828902603507683
42.6999573,139.0,100.0,83.0,0.4284924536316861
42.7332906,138.33333333333334,100.66666666666667,83.0,0.7929596900453767
42.7666239,138.66666666666666,99.66666666666667,83.66666666666667,1.254602187028147
42.799957199999994,139.0,99.66666666666667,83.66666666666667,1.657142653413419
42.8332905,138.66666666666666,99.66666666666667,83.0,1.8824293948312807
42.8666238,138.66666666666666,100.0,83.0,1.9172325138175628
42.899957099999995,138.66666666666666,100.0,83.33333333333333,1.8259487217313528
42.9332904,138.66666666666666,100.0,83.33333333333333,1.673772197265369
42.9666237,139.0,100.0,83.66666666666667,1.4767687192692196
42.999956999999995,138.66666666666666,100.0,83.0,1.2065195082277884
43.0332903,139.0,100.33333333333333,84.0,0.8256628441676758
43.0666236,138.66666666666666,100.33333333333333,83.0,0.32134576870230586
43.099956899999995,139.0,100.66666666666667,83.66666666666667,-0.2777054736264328
43.1332902,138.66666666666666,100.0,83.66666666666667,-0.8974938888770158
43.1666235,139.33333333333334,101.0,83.0,-1.4292451714927878
43.199956799999995,139.0,100.66666666666667,83.33333333333333,-1.7649501904266889
43.2332901,139.0,100.66666666666667,83.33333333333333,-1.8495904069423803
43.2666234,139.33333333333334,101.0,83.66666666666667,-1.7135128152859798
43.299956699999996,139.33333333333334,100.66666666666667,83.66666666666667,-1.4609973956556466
43.33329,139.33333333333334,101.0,83.33333333333333,-1.2266605579758685
43.3666233,139.0,100.66666666666667,83.66666666666667,-1.1227588418320085
43.399956599999996,139.0,100.33333333333333,83.33333333333333,-1.1900242498791416
43.4332899,139.33333333333334,100.66666666666667,83.33333333333333,-1.3637919812937271
43.4666232,139.0,100.33333333333333,83.33333333333333,-1.4784052138093204
43.499956499999996,139.0,100.66666666666667,83.66666666666667,-1.3281039679511206
43.5332898,139.0,100.66666666666667,83.33333333333333,-0.7737490858361499
43.5666231,138.66666666666666,100.66666666666667,83.33333333333333,0.15164373954795132
43.599956399999996,139.33333333333334,100.0,83.66666666666667,1.2101028620816068
43.6332897,139.0,99.66666666666667,83.66666666666667,2.046118981344995
43.666623,139.0,100.0,83.33333333333333,2.3580081366198793
43.6999563,139.0,100.0,83.66666666666667,2.0503650870159222
43.7332896,139.0,99.66666666666667,83.33333333333333,1.286366643804177
43.766622899999994,139.0,100.0,83.33333333333333,0.42303116552617837
43.7999562,139.0,100.33333333333333,83.0,-0.14597109905054292
43.8332895,138.66666666666666,100.33333333333333,83.0,-0.17957098361138063
43.866622799999995,139.33333333333334,100.0,83.33333333333333,0.28945117706474843
43.8999561,139.0,99.66666666666667,83.66666666666667,0.9826611607465003
43.9332894,139.0,99.66666666666667,83.0,1.534342905722323
43.966622699999995,138.66666666666666,100.0,83.33333333333333,1.670486016964985
43.999956,138.66666666666666,100.0,83.66666666666667,1.3121324900305644
44.0332893,138.66666666666666,100.0,83.66666666666667,0.5832503860603676
44.066622599999995,138.66666666666666,100.0,83.0,-0.25496001206489893
44.0999559,138.33333333333334,100.33333333333333,83.33333333333333,-0.9188453998319015
44.1332892,138.33333333333334,100.33333333333333,83.33333333333333,-1.2264053282366505
44.166622499999995,138.33333333333334,100.33333333333333,83.33333333333333,-1.1712713391071052
44.1999558,138.66666666666666,100.0,83.33333333333333,-0.9057226401587595
44.2332891,138.66666666666666,100.33333333333333,83.33333333333333,-0.644719213970743
44.266622399999996,139.0,100.33333333333333,84.0,-0.5481568043560093
44.2999557,138.66666666666666,100.33333333333333,83.0,-0.6469588270125866
44.333289,139.0,100.33333333333333,83.33333333333333,-0.8484760845469322
44.366622299999996,138.66666666666666,100.66666666666667,83.33333333333333,-1.0056811928634364
44.3999556,138.66666666666666,100.0,83.33333333333333,-0.997490409123975
44.4332889,138.66666666666666,100.33333333333333,83.33333333333333,-0.7756456490083151
44.466622199999996,138.33333333333334,100.33333333333333,83.33333333333333,-0.3731053170021929
44.4999555,138.33333333333334,100.0,83.0,0.10982894107076166
44.5332888,138.66666666666666,100.0,83.33333333333333,0.5370432316420091
44.5666221,138.66666666666666,100.0,83.33333333333333,0.7871037548164938
44.5999554,138.66666666666666,100.0,83.0,0.804897054594272
44.633288699999994,138.66666666666666,100.0,83.33333333333333,0.6248372780721353
44.666622,138.33333333333334,100.0,83.0,0.3523151849589303
44.6999553,138.33333333333334,100.0,83.0,0.11355749741259545
44.733288599999995,138.66666666666666,100.0,82.66666666666667,-0.0019694131228825094
44.7666219,138.33333333333334,100.0,83.0,0.023048898256578344
44.7999552,138.0,99.66666666666667,83.0,0.14093024455148603
44.833288499999995,138.33333333333334,100.0,83.0,0.28057701983747396
44.8666218,138.66666666666666,100.0,83.0,0.3896771325981322
44.8999551,138.0,100.0,83.0,0.4487225103856317
44.933288399999995,138.0,99.66666666666667,82.66666666666667,0.45753904151203756
44.9666217,138.0,99.66666666666667,82.66666666666667,0.41649328369303207
44.999955,138.0,99.66666666666667,83.0,0.32065038528860723
45.033288299999995,137.66666666666666,100.0,82.83333333333333,0.1662698107299314
45.0666216,138.33333333333334,100.0,82.66666666666667,-0.04073296113734302
45.0999549,138.0,99.66666666666667,83.33333333333333,-0.2762620899798997
45.133288199999996,138.0,99.66666666666667,82.0,-0.4899111747376791
45.1666215,137.66666666666666,99.66666666666667,82.33333333333333,-0.6119605053676053
45.1999548,138.0,99.66666666666667,82.66666666666667,-0.5836909242870346
45.233288099999996,137.66666666666666,99.66666666666667,82.33333333333333,-0.3913927393045181
45.2666214,138.33333333333334,99.66666666666667,82.66666666666667,-0.08044536489454387
45.2999547,138.33333333333334,100.0,82.66666666666667,0.2550077121932221
45.333287999999996,138.66666666666666,100.33333333333333,83.66666666666667,0.5009798892403549
45.3666213,138.66666666666666,100.33333333333333,83.66666666666667,0.5633466178996399
45.3999546,138.66666666666666,100.66666666666667,83.66666666666667,0.4045747111011938
45.433287899999996,139.0,100.66666666666667,83.66666666666667,0.06196623376632649
45.4666212,139.33333333333334,100.33333333333333,83.66666666666667,-0.3583258835856176
45.4999545,138.33333333333334,100.66666666666667,83.33333333333333,-0.7116068923288716
45.5332878,138.66666666666666,100.66666666666667,83.33333333333333,-0.8693470903950429
45.5666211,139.0,101.0,83.66666666666667,-0.7783488730079934
45.599954399999994,138.33333333333334,100.33333333333333,84.33333333333333,-0.4813546592337334
45.6332877,138.66666666666666,100.33333333333333,83.66666666666667,-0.08137772549089708
45.666621,138.33333333333334,100.33333333333333,83.33333333333333,0.31240608212443344
45.699954299999995,138.0,100.33333333333333,83.66666666666667,0.6107080012869199
45.7332876,138.33333333333334,100.0,83.66666666666667,0.744805439984697
45.7666209,138.33333333333334,100.0,83.33333333333333,0.6765165719207911
45.799954199999995,138.66666666666666,100.0,83.66666666666667,0.4262860236900818
45.8332875,138.66666666666666,100.0,83.33333333333333,0.08923373027530972
45.8666208,138.0,100.0,82.66666666666667,-0.19369390441203505
45.899954099999995,138.0,100.0,83.33333333333333,-0.3057196663436111
45.9332874,137.66666666666666,99.66666666666667,83.16666666666667,-0.21900278251182723
45.9666207,137.66666666666666,99.66666666666667,83.0,-0.006349253693954543
45.999953999999995,137.66666666666666,99.66666666666667,83.33333333333333,0.2050802683774554
46.0332873,138.0,99.33333333333333,83.0,0.30417456334336557
46.0666206,138.0,99.66666666666667,82.66666666666667,0.24792702238082914
46.099953899999996,138.0,99.33333333333333,82.66666666666667,0.06774858006474743
46.1332872,138.0,99.66666666666667,82.66666666666667,-0.16576631278689724
46.1666205,138.0,99.66666666666667,83.0,-0.3885584177123522
46.199953799999996,138.0,99.66666666666667,83.0,-0.5698346342415112
46.2332871,137.66666666666666,99.66666666666667,82.66666666666667,-0.7124344063574959
46.2666204,138.0,99.66666666666667,82.66666666666667,-0.8358365557429478
46.299953699999996,138.0,99.66666666666667,83.0,-0.950974163290369
46.333287,137.66666666666666,99.66666666666667,83.0,-1.0363517459887819
46.3666203,137.33333333333334,100.0,83.0,-1.0347747917288814
46.399953599999996,137.66666666666666,99.66666666666667,82.66666666666667,-0.8838959984597882
46.4332869,137.66666666666666,99.66666666666667,82.66666666666667,-0.5614166150331383
46.466620199999994,137.33333333333334,99.66666666666667,83.0,-0.10566543733234472
46.4999535,137.66666666666666,99.0,82.33333333333333,0.4079465262832588
46.5332868,137.33333333333334,99.33333333333333,83.0,0.9155671652338281
46.566620099999994,136.66666666666666,99.0,82.33333333333333,1.3969101162871358
46.5999534,136.66666666666666,99.0,82.66666666666667,1.8613112061437187
46.6332867,136.66666666666666,99.0,82.0,2.299261630090469
46.666619999999995,136.66666666666666,98.66666666666667,82.66666666666667,2.6451265358611065
46.6999533,136.66666666666666,98.33333333333333,82.0,2.7895151124870794
46.7332866,137.0,99.33333333333333,82.66666666666667,2.633844290706603
46.766619899999995,137.33333333333334,99.33333333333333,82.66666666666667,2.14547076544542
46.7999532,137.33333333333334,99.33333333333333,83.0,1.3848563955516828
46.8332865,137.33333333333334,100.0,83.0,0.49968509670181044
46.866619799999995,138.0,100.33333333333333,83.33333333333333,-0.31811818630385397
46.8999531,138.0,100.66666666666667,83.33333333333333,-0.9057190004952612
46.9332864,138.66666666666666,101.0,84.33333333333333,-1.1965210751759172
46.966619699999995,139.66666666666666,102.33333333333333,85.33333333333333,-1.2427094682919577
46.999953,140.66666666666666,104.0,87.0,-1.1885678029947526
47.0332863,141.0,104.0,88.0,-1.2128268403625626
47.066619599999996,141.33333333333334,104.66666666666667,87.33333333333333,-1.459615040788433
47.0999529,142.33333333333334,104.33333333333333,88.0,-1.97944543860625
47.1332862,142.33333333333334,105.0,88.66666666666667,-2.6988323408089583
47.166619499999996,143.66666666666666,106.0,89.0,-3.4318378244850227
47.1999528,144.0,106.33333333333333,89.33333333333333,-3.941524901408484
47.2332861,144.0,106.33333333333333,90.0,-4.0260172856316
47.266619399999996,145.0,107.33333333333333,91.0,-3.5751522426916975
47.2999527,144.66666666666666,107.0,90.66666666666667,-2.579470584154647
47.333286,146.0,108.0,92.33333333333333,-1.1237638109491324
47.366619299999996,147.0,108.66666666666667,93.0,0.6084515759635278
47.3999526,147.33333333333334,108.66666666666667,93.0,2.332156498547719
47.433285899999994,147.0,107.66666666666667,93.33333333333333,3.6978684061992992
47.4666192,147.0,108.0,93.0,4.390736045900398
47.4999525,147.33333333333334,108.0,93.33333333333333,4.2554517053194285
47.533285799999994,147.33333333333334,108.0,93.0,3.37374692049158
47.5666191,147.66666666666666,108.0,93.33333333333333,2.050874608634655
47.5999524,148.0,109.0,93.33333333333333,0.7162489353796357
47.633285699999995,148.33333333333334,109.33333333333333,94.33333333333333,-0.2261849822347718
47.666619,148.66666666666666,109.66666666666667,94.33333333333333,-0.5397865546740501
47.6999523,148.0,109.33333333333333,94.0,-0.23006693895112038
47.733285599999995,148.0,109.66666666666667,94.66666666666667,0.4749424571997821
47.7666189,148.33333333333334,109.33333333333333,94.66666666666667,1.2260788893105052
47.7999522,148.0,109.66666666666667,94.33333333333333,1.6914549557640315
47.833285499999995,148.66666666666666,109.33333333333333,95.0,1.6752717911334472
47.8666188,148.66666666666666,109.66666666666667,94.66666666666667,1.1769819956071796
47.8999521,148.66666666666666,110.0,95.0,0.37377127937977445
47.933285399999995,148.66666666666666,110.0,94.66666666666667,-0.4680579383019867
47.9666187,148.66666666666666,110.33333333333333,95.33333333333333,-1.1117418643675543
47.999952,148.66666666666666,109.66666666666667,95.33333333333333,-1.4366664019260662
48.033285299999996,148.33333333333334,110.66666666666667,95.0,-1.4555829885682445
48.0666186,148.66666666666666,110.33333333333333,95.33333333333333,-1.2718849148345817
48.0999519,149.0,110.33333333333333,95.66666666666667,-1.014086660338861
48.133285199999996,148.33333333333334,110.0,94.66666666666667,-0.7823703700730321
48.1666185,148.33333333333334,110.33333333333333,95.66666666666667,-0.6241593305166552
48.1999518,148.33333333333334,110.33333333333333,94.66666666666667,-0.5378490196189212
48.233285099999996,148.33333333333334,110.66666666666667,95.33333333333333,-0.493226485079325
48.2666184,148.33333333333334,110.0,95.0,-0.4548443729691251
48.299951699999994,148.33333333333334,110.33333333333333,96.0,-0.39847103703363707
48.333285,148.33333333333334,109.66666666666667,95.0,-0.31697443654365354
48.3666183,148.0,109.66666666666667,95.0,-0.21734555056765403
48.399951599999994,148.0,109.66666666666667,95.0,-0.1133038419720812
48.4332849,148.0,110.0,94.66666666666667,-0.017964902164814445
48.4666182,148.0,109.66666666666667,94.66666666666667,0.06063374718174201
48.499951499999995,147.33333333333334,109.0,94.33333333333333,0.12048256374240775
48.5332848,147.66666666666666,109.0,94.33333333333333,0.1639583006342855
48.5666181,147.66666666666666,109.0,95.0,0.19517658322302975
48.599951399999995,147.33333333333334,109.0,94.33333333333333,0.21773037486579463
48.6332847,147.0,108.33333333333333,94.0,0.23354882422374537
48.666618,147.0,108.33333333333333,93.66666666666667,0.24290985621232328
