time_s,forehead_pos,forehead_chrom,forehead_observed,forehead_interpolated,left_cheek_pos,left_cheek_chrom,left_cheek_observed,left_cheek_interpolated,right_cheek_pos,right_cheek_chrom,right_cheek_observed,right_cheek_interpolated
0.0,,,True,False,,,True,False,,,True,False
0.0333332999999999,,,True,False,,,True,False,,,True,False
0.0666665999999999,,,True,False,,,True,False,,,True,False
0.0999998999999999,,,True,False,,,True,False,,,True,False
0.1333331999999999,,,True,False,,,True,False,,,True,False
0.1666665,,,True,False,,,True,False,,,True,False
0.1999997999999999,,,True,False,,,True,False,,,True,False
0.2333331,,,True,False,,,True,False,,,True,False
0.2666663999999999,,,True,False,,,True,False,,,True,False
0.2999997,,,True,False,,,True,False,,,True,False
0.333333,,,True,False,,,True,False,,,True,False
0.3666663,,,True,False,,,True,False,,,True,False
0.3999995999999999,,,True,False,,,True,False,,,True,False
0.4333328999999999,,,True,False,,,True,False,,,True,False
0.4666662,,,True,False,,,True,False,,,True,False
0.4999995,,,True,False,,,True,False,,,True,False
0.5333327999999999,,,True,False,,,True,False,,,True,False
0.5666661,,,True,False,,,True,False,,,True,False
0.5999994,,,True,False,,,True,False,,,True,False
0.6333327,,,True,False,,,True,False,,,True,False
0.666666,,,True,False,,,True,False,,,True,False
0.6999993,,,True,False,,,True,False,,,True,False
0.7333326,,,True,False,,,True,False,,,True,False
0.7666659,,,True,False,,,True,False,,,True,False
0.7999991999999999,,,True,False,,,True,False,,,True,False
0.8333324999999999,,,True,False,,,True,False,,,True,False
0.8666657999999999,,,True,False,,,True,False,,,True,False
0.8999990999999999,,,True,False,,,True,False,,,True,False
0.9333324,,,True,False,,,True,False,,,True,False
0.9666657,,,True,False,,,True,False,,,True,False
0.999999,,,True,False,,,True,False,,,True,False
1.0333323,,,True,False,,,True,False,,,True,False
1.0666656,,,True,False,,,True,False,,,True,False
1.0999989,,,True,False,,,True,False,,,True,False
1.1333322,,,True,False,,,True,False,,,True,False
1.1666655,,,True,False,,,True,False,,,True,False
1.1999988,,,True,False,,,True,False,,,True,False
1.2333321,,,True,False,,,True,False,,,True,False
1.2666654,,,True,False,,,True,False,,,True,False
1.2999987,,,True,False,,,True,False,,,True,False
1.333332,,,True,False,,,True,False,,,True,False
1.3666653,,,True,False,,,True,False,,,True,False
1.3999986,,,True,False,,,True,False,,,True,False
1.4333319,,,True,False,,,True,False,,,True,False
1.4666652,,,True,False,,,True,False,,,True,False
1.4999985,,,True,False,,,True,False,,,True,False
1.5333318,,,True,False,,,True,False,,,True,False
1.5666650999999998,,,True,False,,,True,False,,,True,False
1.5999983999999998,0.5163914787030426,-0.16692176524120297,True,False,0.35828451810641915,0.07853794007149759,True,False,1.4364186625785287,-0.6798073002769273,True,False
1.6333316999999998,-0.027085056118618334,0.3701437982852267,True,False,-0.03790564888457878,0.48625332944153143,True,False,0.6370157545788305,0.1160821418846187,True,False
1.6666649999999998,-0.6791266317499406,0.8608683640190989,True,False,-0.488139750771852,0.7253419282558177,True,False,-0.38415513770817517,0.9039481939410592,True,False
1.6999983,-1.3050497084338402,1.2655140580566997,True,False,-0.8224629720838222,0.698572019395886,True,False,-1.2348211751966187,1.4880299681124298,True,False
1.7333316,-1.7580617813671688,1.5485445049625652,True,False,-0.9058263106689689,0.41503672488433957,True,False,-1.602408731024927,1.7586202816274914,True,False
1.7666649,-1.921453719470383,1.6754944630265869,True,False,-0.6963675079800468,-0.00973924424329431,True,False,-1.3798773797240993,1.713489764134132,True,False
1.7999982,-1.7449086857866334,1.6172627079478141,True,False,-0.266032472324752,-0.3995072175055727,True,False,-0.7029074638771453,1.4381433183837462,True,False
1.8333315,-1.2632671228207988,1.362792695186233,True,False,0.22675947333847013,-0.590730638842538,True,False,0.11530185794763395,1.0588306698010324,True,False
1.8666648,-0.5906844357195796,0.9348154590589546,True,False,0.6018456429435708,-0.5027998534893809,True,False,0.7216460823605331,0.6900936906748892,True,False
1.8999981,0.10978116857333886,0.39896887469641756,True,False,0.7321213155589458,-0.1743724278837198,True,False,0.8732210609523676,0.3970138809045544,True,False
1.9333314,0.6733275000162724,-0.14286267482568915,True,False,0.5960102121748135,0.2510048240647785,True,False,0.5362240181378709,0.1836763585850607,True,False
1.9666647,0.9833554196343921,-0.5780369285968512,True,False,0.2843634377560574,0.5851506186160305,True,False,-0.10675273364861214,0.008104266660781777,True,False
1.999998,1.008013299681354,-0.821094365798023,True,False,-0.04178788174997509,0.676301138056398,True,False,-0.7416521468669222,-0.18571748800512,True,False
2.0333313,0.8101482536259367,-0.8494606776541731,True,False,-0.22453481103306377,0.47607194371400324,True,False,-1.0617024337400482,-0.4333255835040746,True,False
2.0666646,0.5253842921775072,-0.7196224797197945,True,False,-0.18127211312536587,0.06270460105062185,True,False,-0.8998037250441593,-0.727106763924969,True,False
2.0999979,0.3136909164526534,-0.5520315060050061,True,False,0.05650925816223823,-0.3905954320915681,True,False,-0.2985997301822531,-1.0145394292509198,True,False
2.1333312,0.2996696945057965,-0.48537702094055163,True,False,0.3558602803847833,-0.6896033529819616,True,False,0.5099340128928962,-1.217885595577787,True,False
2.1666645,0.522172428613302,-0.6152098533988354,True,False,0.5419467356852142,-0.7038337495850028,True,False,1.2045771552386981,-1.2669332080404423,True,False
2.1999978,0.9122846621759721,-0.941683366472719,True,False,0.47902104315834587,-0.42519559466619994,True,False,1.5104258886911606,-1.1304774291868456,True,False
2.2333311,1.3100075348007643,-1.3511551292118216,True,False,0.13706344701268858,0.02573819445328436,True,False,1.3119071883333562,-0.8321886530431235,True,False
2.2666644,1.516677977307899,-1.6452014775139863,True,False,-0.38623746933554876,0.4497410899454287,True,False,0.6963233141278322,-0.44307692881304017,True,False
2.2999977,1.366816717302169,-1.6118047182794024,True,False,-0.899548308689568,0.6545676014551525,True,False,-0.08833574234514802,-0.05356186935699039,True,False
2.333331,0.7946734769398389,-1.1144961426446423,True,False,-1.1949590809852808,0.5395629483430485,True,False,-0.7408839790855367,0.2617627401009546,True,False
2.3666643,-0.12919263582361482,-0.16440677342457077,True,False,-1.135767859089665,0.14232034937861646,True,False,-1.0323317876530669,0.469548093728288,True,False
2.3999976,-1.2067707818405742,1.05688712481098,True,False,-0.7171939797072366,-0.3737101333494691,True,False,-0.8957092732633481,0.5808981347463799,True,False
2.4333309,-2.16684802486847,2.2389753633029548,True,False,-0.07315039664219553,-0.7864741637414697,True,False,-0.4436912426267678,0.6315554171367084,True,False
2.4666642,-2.748159209407998,3.039027350696882,True,False,0.574976672550859,-0.9094049164723125,True,False,0.09066587572050587,0.6507243277559193,True,False
2.4999975,-2.7836795028559242,3.2002617798926476,True,False,1.0066764040360467,-0.6723530092028472,True,False,0.4617612428852007,0.6366652069288322,True,False
2.5333308,-2.256693837512715,2.6482791715285994,True,False,1.0907255003172904,-0.15453893741799704,True,False,0.5196031053944109,0.5538768035977595,True,False
2.5666641,-1.3083490793664965,1.52680417920511,True,False,0.8362235114971933,0.4451226496382482,True,False,0.2713286527497376,0.3551161605610548,True,False
2.5999974,-0.19315354991107933,0.15596810008515719,True,False,0.38455359717162385,0.8885259158191197,True,False,-0.12937470546238028,0.017686967810377794,True,False
2.6333307,0.8026732284235687,-1.0743131909224617,True,False,-0.05425362046678739,0.9964688992780274,True,False,-0.45840412635904226,-0.4254344650529131,True,False
2.666664,1.4517804816882602,-1.837654920928529,True,False,-0.293460406213378,0.7236706181209426,True,False,-0.5278111735838311,-0.8782589712387028,True,False
2.6999973,1.6537843329813573,-1.9816330388520589,True,False,-0.25036593057796797,0.17953244213854075,True,False,-0.27479586069906875,-1.2064310894884904,True,False
2.7333306,1.4576793991602748,-1.5736684739001199,True,False,0.018951904575010056,-0.41425935045630147,True,False,0.20669735302956735,-1.286754562026259,True,False
2.7666639,1.0319737277350487,-0.8651660219106154,True,False,0.34603751633968755,-0.8124122965403908,True,False,0.70603600474302,-1.0614353804420227,True,False
2.7999972,0.5948223549626805,-0.18817687071031322,True,False,0.5264646248822992,-0.845308264763362,True,False,0.9900635976133126,-0.5723506567791252,True,False
2.8333305,0.3305558024837217,0.17514831963900923,True,False,0.4134615110817361,-0.4888545681502462,True,False,0.909623564562758,0.04278800821018666,True,False
2.8666638,0.3232123777194989,0.09986344031433689,True,False,-0.011736593713511826,0.12342464491955082,True,False,0.4707006531568045,0.5951655759624231,True,False
2.8999971,0.5306036903939194,-0.33855392595111294,True,False,-0.6236676120623924,0.751379530898869,True,False,-0.16254461609488294,0.9154285594232116,True,False
2.9333304,0.806933407738939,-0.9004654211975327,True,False,-1.1984866433975006,1.1424520746977198,True,False,-0.7358532250832915,0.9223313754082425,True,False
2.9666637,0.9639897340192637,-1.2821612608404716,True,False,-1.5033479906649028,1.1318621540102562,True,False,-1.0154563218486408,0.6600385583628817,True,False
2.999997,0.8471524109764473,-1.2397477765076923,True,False,-1.3921323820351799,0.7088051720324181,True,False,-0.8929312508676134,0.2855231998712182,True,False
3.0333303,0.39783663067238473,-0.6885092415882786,True,False,-0.8674508266936364,0.02191993430917775,True,False,-0.4372843889791385,0.00721528774271647,True,False
3.0666636,-0.3200878775938424,0.25996379318537205,True,False,-0.08298458356975956,-0.6786324836434262,True,False,0.13075927846840274,-0.0030763639333510643,True,False
3.0999969,-1.1385029347104918,1.3357321223009582,True,False,0.7147502092983096,-1.139654454317291,True,False,0.533573896362186,0.31031847974779014,True,False
3.1333302,-1.8400901819008402,2.2074118180195823,True,False,1.280923253869394,-1.2045068970913495,True,False,0.5609493170285117,0.8506671893206896,True,False
3.1666635,-2.2296311191568297,2.6001105444531136,True,False,1.4641983135357128,-0.8735327441741341,True,False,0.16978459325152856,1.395149759011662,True,False
3.1999968,-2.1962008292095776,2.390012066000787,True,False,1.2586561116669255,-0.3007001981527816,True,False,-0.48623074529199045,1.6781945134367073,True,False
3.2333301,-1.7454372933591447,1.6418579835600906,True,False,0.7959512627909419,0.2720875342205971,True,False,-1.11341986306694,1.5015859995394698,True,False
3.2666634,-0.9927080509963118,0.5784403432594171,True,False,0.28300637044798005,0.6157990730868474,True,False,-1.4006511400352029,0.8270690632502072,True,False
3.2999967,-0.12207908327612588,-0.5030025220664978,True,False,-0.08710569891855213,0.6083599106508795,True,False,-1.157140556943633,-0.1893213363958904,True,False
3.33333,0.6727019416024174,-1.3338548287420107,True,False,-0.21319195117965328,0.2830331022229205,True,False,-0.4060277385930025,-1.2408314972446215,True,False
3.3666633,1.244265694476249,-1.7580509432764972,True,False,-0.12079427181297184,-0.18867591043505597,True,False,0.6094097727074437,-1.9796683382001434,True,False
3.3999966,1.5267263000160018,-1.768118444862085,True,False,0.05917121144534734,-0.5719476041162508,True,False,1.5143020775440335,-2.151857065564722,True,False
3.4333299,1.5407024686434156,-1.48460424317341,True,False,0.15700499722879016,-0.6697438235903559,True,False,1.9523539582195508,-1.7024357429559351,True,False
3.4666632,1.3702422844204363,-1.092011819317458,True,False,0.046203955414535716,-0.4077865010281764,True,False,1.736379199783769,-0.8049871280183022,True,False
3.4999965,1.1229031842741113,-0.7595989552994644,True,False,-0.29490501457624535,0.13183782806994082,True,False,0.9348739017170395,0.20092084403671032,True,False
3.5333298,0.8886223704907936,-0.5785839369218174,True,False,-0.7683178011695405,0.7422050163205007,True,False,-0.14530441589219315,0.9421655462578984,True,False
3.5666631,0.711534681596169,-0.5381173085797344,True,False,-1.1944319515921868,1.175075475020651,True,False,-1.0774841307157856,1.1611111914117087,True,False
3.5999964,0.5827542291688718,-0.5452967281137594,True,False,-1.3866168781348769,1.2420892413823863,True,False,-1.4889558845891748,0.8188553213860043,True,False
3.6333297,0.4540211050329362,-0.47683618385513155,True,False,-1.2305356574475848,0.8923675329905824,True,False,-1.2184512650134103,0.1080795295096912,True,False
3.666663,0.2650388251319665,-0.23876505722367483,True,False,-0.7347664346225221,0.23512666016654718,True,False,-0.38975658111824035,-0.6313033415362806,True,False
3.6999963,-0.026480263519425562,0.1903531634432334,True,False,-0.03163952771970513,-0.5016636233856023,True,False,0.63310088339763,-1.0589259030009088,True,False
3.7333296,-0.4227863791033076,0.7482970493271138,True,False,0.671796274474175,-1.0597765185458874,True,False,1.3945153955653986,-0.981219247364919,True,False
3.7666629,-0.8791356533735879,1.3115974943452962,True,False,1.1721016237007433,-1.2508311739527072,True,False,1.5403206880775957,-0.4364373022693256,True,False
3.7999962,-1.3135104346029527,1.7397238009962852,True,False,1.3447831952689078,-1.028107148115016,True,False,0.9743680382915284,0.31920885479613437,True,False
3.8333295,-1.6292914184117304,1.922302979056165,True,False,1.1862746693235997,-0.5017745477493452,True,False,-0.08976222879523955,0.9193743882972029,True,False
3.8666628,-1.7434801170456842,1.8119418931263618,True,False,0.8066339505263734,0.10799221890724627,True,False,-1.2082442069042136,1.0450160949310154,True,False
3.8999961,-1.6118500432845728,1.4331840550700194,True,False,0.37768484192977547,0.5607512271918289,True,False,-1.8889784497942923,0.5662644470094118,True,False
3.9333294,-1.243661704072199,0.8684925168252644,True,False,0.05948781239620935,0.6921311227379757,True,False,-1.8023529803219611,-0.39045147975433997,True,False
3.9666627,-0.7017240014118438,0.23023226712079234,True,False,-0.06377347642152585,0.4780623875486258,True,False,-0.9317496585876952,-1.4793104134941153,True,False
3.999996,-0.08769551813268431,-0.3695228130313654,True,False,-0.012291214172524078,0.04122122354758973,True,False,0.4032034785311318,-2.2637940354216517,True,False
4.0333293,0.48343146597282294,-0.842030818888225,True,False,0.10705519679670655,-0.402645955836741,True,False,1.6661010214724712,-2.3880924182481005,True,False
4.0666626,0.9126849388320435,-1.13392878744301,True,False,0.15551356627932114,-0.6364831067620734,True,False,2.3211790224993996,-1.7240169507618381,True,False
4.0999959,1.142060626609739,-1.229604541824312,True,False,0.02993244716590761,-0.5341651668564472,True,False,2.060295635674439,-0.4337303217058226,True,False
4.1333292,1.1677599244196262,-1.1476204022866712,True,False,-0.2864163128711439,-0.11524060933036721,True,False,0.943366329282247,1.0804140449129975,True,False
4.1666625,1.037514587651211,-0.9341839952040201,True,False,-0.711425752978569,0.46066071898341115,True,False,-0.6109324900465535,2.3238284750993774,True,False
4.1999958,0.832397325816516,-0.6543304952697893,True,False,-1.0953310678613344,0.9579599537409732,True,False,-1.986255390078949,2.8999917872781396,True,False
4.2333291,0.6384000212905556,-0.3798405244309468,True,False,-1.282122763903425,1.1618829258392647,True,False,-2.6191939967464606,2.667320034982518,True,False
4.2666624,0.5166979982084351,-0.17352486513768942,True,False,-1.1751505621911391,0.9682098629373159,True,False,-2.236837299522669,1.7966467413609575,True,False
4.2999957,0.48254841433928014,-0.07222896160199595,True,False,-0.7792576434362011,0.4288568328857388,True,False,-0.9805294295430003,0.7015290498287335,True,False
4.333329,0.5005223476891797,-0.0739905917848705,True,False,-0.20178287273709652,-0.2660728893747463,True,False,0.640332453047885,-0.13418244654392625,True,False
4.3666623,0.4986402966487668,-0.13587323334637116,True,False,0.38793775048742707,-0.8631353718570454,True,False,1.9507161920906786,-0.36245493995956957,True,False
4.3999956,0.39746790434561335,-0.1865793345176997,True,False,0.8236508514821277,-1.147092421217105,True,False,2.3884753604800157,0.07543099002501184,True,False
4.433328899999999,0.1445342108141018,-0.15237208241415784,True,False,1.0048493429037209,-1.0275867037533193,True,False,1.7442415368110293,0.9153284420059562,True,False
4.4666622,-0.25828243325126427,0.011631785313118197,True,False,0.9312802269376877,-0.5750608615492213,True,False,0.2606701646607161,1.675414842982985,True,False
4.4999955,-0.7452185657163435,0.2969117634987917,True,False,0.6955286770133216,0.009340291383104675,True,False,-1.454929349251019,1.8606558077699353,True,False
4.5333288,-1.2001602730241634,0.6352175316624203,True,False,0.43753930567621546,0.47792998960774874,True,False,-2.673547244864158,1.1836715511062366,True,False
4.566662099999999,-1.4905288096541536,0.9160120468481688,True,False,0.2808518848255125,0.6401498174622244,True,False,-2.8458375937656317,-0.2906164600590659,True,False
4.5999954,-1.5112132878223274,1.0239640417897653,True,False,0.27790799013148704,0.4426780161770991,True,False,-1.8375345369419955,-2.1404951227096976,True,False
4.6333287,-1.2237673012423247,0.883909831448784,True,False,0.3878799154061653,-0.007792675056744149,True,False,0.0012227273524394904,-3.731218433996085,True,False
4.666662,-0.6765541715533908,0.49615356832179724,True,False,0.4967016191573755,-0.48937039280469874,True,False,1.966025158529948,-4.454687664304178,True,False
4.699995299999999,0.002821827770720215,-0.05292758091896379,True,False,0.4710487797975845,-0.7595169271520364,True,False,3.2787454454573055,-3.972224337122586,True,False
4.7333286,0.642237007811213,-0.6116024619899095,True,False,0.2233699273035121,-0.6603940090659558,True,False,3.405539526687284,-2.3635021023897282,True,False
4.7666619,1.076673165413233,-1.0097531245026836,True,False,-0.24014139127600198,-0.19087302958439967,True,False,2.2811011297366512,-0.11901164206338335,True,False
4.7999952,1.1999219996647625,-1.11653031148948,True,False,-0.8102080517781675,0.48583194832722737,True,False,0.34412079724900435,2.026856912215848,True,False
4.8333285,0.9987292245015365,-0.8880957450839145,True,False,-1.3095708946607052,1.1037579455698767,True,False,-1.63450515064052,3.3627499334745963,True,False
4.8666618,0.5572464111817039,-0.3874405337321519,True,False,-1.5597229697274464,1.4012179321108216,True,False,-2.8633325366616824,3.4670415212201022,True,False
4.8999951,0.029667658185466114,0.23224769340908064,True,False,-1.4527050959564798,1.2301101129274428,True,False,-2.855129767718261,2.3707174145366428,True,False
4.9333284,-0.4101115912039103,0.7762040526028371,True,False,-0.9983254648081058,0.6223543704154931,True,False,-1.6303504630355699,0.5496936998865947,True,False
4.9666617,-0.6250114619063856,1.072482261588237,True,False,-0.3263405648160239,-0.21527948048647583,True,False,0.2868377085657245,-1.2558299080426656,True,False
4.999995,-0.5585475355958425,1.0298148154867863,True,False,0.3589413058510403,-0.9781292073483955,True,False,2.081222889961,-2.3292485674063665,True,False
5.0333283,-0.2514105158491214,0.6685565192714732,True,False,0.8546871710480238,-1.3831315763127865,True,False,2.982460432020086,-2.261742034002793,True,False
5.0666616,0.1742744689250855,0.11370282928491522,True,False,1.036205637775008,-1.28320598799662,True,False,2.5863968732397176,-1.1189682186616283,True,False
5.0999949,0.5572472469926172,-0.4476357224797915,True,False,0.903201586594342,-0.72941045320888,True,False,1.0282551085849023,0.5806011730561225,True,False
5.133328199999999,0.7515612720916622,-0.8294597022249242,True,False,0.5762470900045754,0.046312287751148366,True,False,-1.0659994995699855,2.0727930976143045,True,False
5.1666615,0.6751987738882442,-0.9089666913877084,True,False,0.2440420901065204,0.723066553032957,True,False,-2.832594347246953,2.6614701174489777,True,False
5.1999948,0.3373313741666795,-0.6665157534144931,True,False,0.08226041042635626,1.0217408916974757,True,False,-3.5247492550959514,2.0132886188140406,True,False
5.2333281,-0.16393727434229796,-0.1906180318969612,True,False,0.17696372657588774,0.8213518250618939,True,False,-2.823632138097049,0.31107380545793667,True,False
5.266661399999999,-0.6719460153352961,0.3527028349878116,True,False,0.4845035809060256,0.21213139576542264,True,False,-0.9764783889403281,-1.8024526927872606,True,False
5.2999947,-1.0199758055539971,0.7750315349359298,True,False,0.8456214129456249,-0.538476500318713,True,False,1.2968655808708753,-3.4742045762883524,True,False
5.333328,-1.0828237002824652,0.9265847227895956,True,False,1.0495981380858292,-1.0948599422182388,True,False,3.0926203119867033,-3.9862044939752446,True,False
5.3666613,-0.8160791653254281,0.7436347726488896,True,False,0.923565292500055,-1.1934083587899835,True,False,3.6898426486859637,-3.056594142493486,True,False
5.399994599999999,-0.27183326700152155,0.26814721516974993,True,False,0.4109913074068304,-0.7557491966202812,True,False,2.845179512724792,-0.9699909407389742,True,False
5.4333279,0.41342641223290416,-0.36526159815930037,True,False,-0.39332141460086695,0.07291900994918302,True,False,0.8942372190634331,1.52155722963474,True,False
5.4666612,1.0551506692325512,-0.9699034287676199,True,False,-1.267664519752608,0.9777971298952104,True,False,-1.3828925755837178,3.4918417898267253,True,False
5.4999945,1.4711679963837747,-1.362240431671053,True,False,-1.9396061142508338,1.5997517147050557,True,False,-3.077693151958649,4.21116614217959,True,False
5.5333278,1.5324437515340117,-1.415352115211342,True,False,-2.185251827388308,1.680845452644381,True,False,-3.521939930135934,3.4428803496443012,True,False
5.5666611,1.2003771522676905,-1.0955254740607605,True,False,-1.9130924133800031,1.1702569276462365,True,False,-2.5583470919769753,1.5421060063183445,True,False
5.5999944,0.5403982854793905,-0.47215175913795454,True,False,-1.199459667898194,0.2468619918536526,True,False,-0.6025252932058363,-0.6869934494980361,True,False
5.6333277,-0.29221483738005344,0.3012127317057536,True,False,-0.2613912187719176,-0.7509224914781358,True,False,1.5288564964289542,-2.3194884837883722,True,False
5.666661,-1.091120710542025,1.0288293340960628,True,False,0.6227265726534358,-1.459343698636082,True,False,2.953104268641388,-2.689903125156787,True,False
5.699994299999999,-1.6525437965042535,1.5258922801232984,True,False,1.2138618149978586,-1.6328427061891184,True,False,3.0825498944302177,-1.667724384047376,True,False
5.7333276,-1.8297632593027497,1.6681124754926098,True,False,1.3952947863079797,-1.238785199474319,True,False,1.8642056173105988,0.28659537081385805,True,False
5.7666609,-1.5737604368774019,1.424347090200697,True,False,1.206089953453311,-0.465623078062217,True,False,-0.19933287434617636,2.3099984874559096,True,False
5.7999942,-0.9484808927536165,0.8636708412383602,True,False,0.8132637384450188,0.35777630671849436,True,False,-2.2555074028047986,3.493495457366214,True,False
5.833327499999999,-0.11560321491782946,0.13535214959988034,True,False,0.4352688058035383,0.8978835192736819,True,False,-3.449425452079243,3.2611646078349237,True,False
5.8666608,0.7080563138192093,-0.5723974521613628,True,False,0.24854296495030354,0.9517120046631434,True,False,-3.2716518016955654,1.6156152730322568,True,False
5.8999941,1.309457801126933,-1.0833035767353398,True,False,0.3150727532652109,0.5267775764371554,True,False,-1.7650570245982782,-0.851688867832684,True,False
5.9333274,1.5382497268334645,-1.2794630863379044,True,False,0.5598551981025207,-0.16583150740225794,True,False,0.4923533514602685,-3.190951003099358,True,False
5.966660699999999,1.3485879886122947,-1.1307070769930776,True,False,0.806612944560605,-0.8013828842043016,True,False,2.620446137548379,-4.473048870864207,True,False
5.999994,0.8111818467821816,-0.6992241380375505,True,False,0.8564837027237283,-1.077051122946198,True,False,3.790430616484315,-4.164418801837689,True,False
6.0333273,0.09148670302689331,-0.1188178959017245,True,False,0.5771723516748508,-0.8377562723228851,True,False,3.5555522592877122,-2.3468832834372457,True,False
6.0666606,-0.599779693459503,0.44471210600801053,True,False,-0.0339391293835926,-0.14152072163798823,True,False,2.026205115655564,0.30615117159364447,True,False
6.099993899999999,-1.0689934240037926,0.840421172045905,True,False,-0.8385312107764864,0.7615167626676451,True,False,-0.17942590168610148,2.788270890050617,True,False
6.1333272,-1.1959306561969691,0.9729203199398988,True,False,-1.6028160197651862,1.5273643128794983,True,False,-2.1870944448800103,4.151278660756319,True,False
6.1666605,-0.96692723197609,0.8256851485266296,True,False,-2.0819672649668353,1.853865996141667,True,False,-3.2174761695377874,3.8747686660999645,True,False
6.1999938,-0.4750424658851166,0.46105777919292584,True,False,-2.110443587850684,1.599553626218435,True,False,-2.8947493243341853,2.0688345006426876,True,False
6.2333271,0.11225682662323032,-0.002083063074693857,True,False,-1.6631640848493634,0.8388105204433659,True,False,-1.3899620268188646,-0.569199525229467,True,False
6.266660399999999,0.6072343108013657,-0.4256179415628823,True,False,-0.8643704194977561,-0.1676291690209207,True,False,0.6558217501892857,-3.0264374354221633,True,False
6.2999937,0.8605608109177781,-0.6930573073688415,True,False,0.05827623458773485,-1.074110089020894,True,False,2.3948125824099162,-4.367624206541274,True,False
6.333327,0.8062634226015747,-0.7420425228970513,True,False,0.8556492891991639,-1.582617955930804,True,False,3.1145474344870236,-4.096035601624536,True,False
6.3666603,0.479536640686285,-0.5794854179932548,True,False,1.3431415028741474,-1.5542052520288672,True,False,2.5213024876919907,-2.341469957503136,True,False
6.399993599999999,0.00290753652654003,-0.2757994607028185,True,False,1.4581735942118297,-1.0562664952984195,True,False,0.8529666180165049,0.19698037338700825,True,False
6.4333269,-0.45387263635323727,0.05910358255145274,True,False,1.2688412733041914,-0.32853835102024037,True,False,-1.2209734054027572,2.52930262385309,True,False
6.4666602,-0.7271618884984241,0.31026040607898964,True,False,0.9329220274284417,0.31726768030431224,True,False,-2.8695739992923475,3.763388145065102,True,False
6.4999935,-0.7096639714907885,0.3921895830555115,True,False,0.6256828205427811,0.6237119024255429,True,False,-3.4313507734161526,3.4510133663550464,True,False
6.533326799999999,-0.3829873596779302,0.27370734691954574,True,False,0.46630652037235126,0.48986935371724427,True,False,-2.6745165429422473,1.755914849528801,True,False
6.5666601,0.17623786350734716,-0.013524593111922691,True,False,0.4721401761991825,0.009715788770216033,True,False,-0.8852143528487637,-0.6196292931949607,True,False
6.5999934,0.8175483323300731,-0.38444850671285363,True,False,0.5580037767248627,-0.5679582563999984,True,False,1.2482711401089495,-2.7175106789067,True,False
6.6333267,1.3583689055798438,-0.7248195042114746,True,False,0.5794783895565896,-0.9421118235037368,True,False,2.906925964734061,-3.701843312796071,True,False
6.666659999999999,1.634186424259839,-0.9231308907743081,True,False,0.4016857537299385,-0.8842209134742645,True,False,3.459802413093994,-3.18287557362321,True,False
6.6999933,1.5433680009260902,-0.9014694061156481,True,False,-0.03473124505353736,-0.33623626258259987,True,False,2.705524911665193,-1.3612044788454372,True,False
6.7333266,1.0748601635163575,-0.6371474987702263,True,False,-0.6773228155093597,0.5571495358622365,True,False,0.9442021834925487,1.060481706629214,True,False
6.7666599,0.31200252010603946,-0.16967235932862285,True,False,-1.3703156667085363,1.4956336998383908,True,False,-1.145069948194603,3.15895036862576,True,False
6.799993199999999,-0.5878523079634325,0.40839906308270163,True,False,-1.9054158532893513,2.1329030834365144,True,False,-2.7702932740950263,4.151500568780879,True,False
6.8333265,-1.432022944340773,0.9739845037257011,True,False,-2.096044399965544,2.207400641378662,True,False,-3.331089865235609,3.694418418209812,True,False
6.8666598,-2.0391862323163807,1.4033419624975358,True,False,-1.8470163067111047,1.6442836475958966,True,False,-2.643956647522668,2.00441249858568,True,False
6.8999931,-2.2821411209240017,1.6016160367493968,True,False,-1.1932649337331884,0.5890992564579299,True,False,-1.0035563899913436,-0.239750966229327,True,False
6.9333264,-2.1161687002411775,1.524792315253227,True,False,-0.29276675558844145,-0.6405110683884758,True,False,0.9399269714084222,-2.1717523329403416,True,False
6.966659699999999,-1.5865423073905556,1.1889769136921036,True,False,0.6241243247234429,-1.6675260821736864,True,False,2.436542664437271,-3.07744276711505,True,False
6.999993,-0.814248263854172,0.6652510416633958,True,False,1.3305997121724606,-2.1904479945772506,True,False,2.9249548200738724,-2.6663957607928195,True,False
7.0333263,0.03551707154508019,0.061920249377707064,True,False,1.6770189368194282,-2.08959809250437,True,False,2.242816063431107,-1.1717328314955908,True,False
7.0666596,0.7934396030194526,-0.5011096792368618,True,False,1.6356910433048868,-1.4649030463650081,True,False,0.680677953467973,0.7561077853779907,True,False
7.099992899999999,1.3244983794481722,-0.9194937240127885,True,False,1.301077376714445,-0.5914439995894742,True,False,-1.1377895393524755,2.3152041303859283,True,False
7.1333262,1.5555051910523046,-1.1267820265851674,True,False,0.8462424328193896,0.18959998621715837,True,False,-2.500153294444912,2.8703466177079906,True,False
7.1666595,1.4859110958134851,-1.1069930990550543,True,False,0.45257449079175666,0.602503804483889,True,False,-2.8788188736244886,2.198617741403277,True,False
7.1999928,1.1805567584197794,-0.8949547559149683,True,False,0.23963454687451224,0.5406777692971421,True,False,-2.1294616100648303,0.5685078414138774,True,False
7.233326099999999,0.7475319651148141,-0.5648458134609439,True,False,0.22181140066038546,0.10311865180615361,True,False,-0.5404441353821592,-1.3744817219304293,True,False
7.2666594,0.30763436445665293,-0.21006304679675328,True,False,0.3082770320758564,-0.44979969876141734,True,False,1.2828393623111252,-2.867025828108568,True,False
7.2999927,-0.0366066561818143,0.08057583060380026,True,False,0.3462532610163742,-0.8037189407053836,True,False,2.6521016131445734,-3.3280814310324756,True,False
7.333326,-0.22488825286090408,0.24458286300102283,True,False,0.19089831409763533,-0.7192637494062037,True,False,3.0582864247322883,-2.5824951981945437,True,False
7.366659299999999,-0.25077753341463027,0.26035739593774976,True,False,-0.22552970640413833,-0.132763565772926,True,False,2.3621041859883336,-0.9230793538552242,True,False
7.3999926,-0.1588868090535248,0.15105197760291494,True,False,-0.8530198680003802,0.8103135483893062,True,False,0.8419352290074887,1.0093257667534163,True,False
7.4333259,-0.028811946677535234,-0.02333609014759152,True,False,-1.5292464809953252,1.8026586228265284,True,False,-0.9171084363351811,2.477549496279965,True,False
7.4666592,0.04997777615466027,-0.18395929137808884,True,False,-2.0313767393243882,2.485952388120382,True,False,-2.2489975535463405,2.9319503825011184,True,False
7.499992499999999,0.006082401010721072,-0.2569086843831381,True,False,-2.1564952682532286,2.5839384641780825,True,False,-2.6606614505086545,2.21716769748254,True,False
7.533325799999999,-0.1900405263160503,-0.19667721695674886,True,False,-1.8010049331630773,2.007920998906682,True,False,-2.0174688220033907,0.624806171829341,True,False
7.5666591,-0.5127745906975948,-0.0027047207474879377,True,False,-1.0083965912896726,0.8950046025494164,True,False,-0.5906658057551379,-1.2244151468093951,True,False
7.5999924,-0.8827781453309208,0.2763432740279547,True,False,0.03449109120621125,-0.43568270300723316,True,False,1.0500743164156363,-2.6207225939864913,True,False
7.633325699999999,-1.1841134858789966,0.5529941320389943,True,False,1.053848419168318,-1.593155170538744,True,False,2.25711900593441,-3.0345728833091465,True,False
7.666658999999999,-1.2940770108285382,0.7244949955735204,True,False,1.7791237545878038,-2.2509110249267232,True,False,2.5539548597146076,-2.3135607022809053,True,False
7.6999923,-1.1189770040662925,0.70377113682337,True,False,2.0348086392306497,-2.259521311075458,True,False,1.8179945729137823,-0.7346970637373262,True,False
7.7333256,-0.626600520742471,0.44924107807059416,True,False,1.79977902570358,-1.6942588537527916,True,False,0.3276380375057431,1.10490666744982,True,False
7.766658899999999,0.13418974786359059,-0.01570824413908278,True,False,1.2114047718275678,-0.8205237782193097,True,False,-1.3442340103014763,2.5156942453293683,True,False
7.799992199999999,1.0339095933897868,-0.6006247704188302,True,False,0.5119415344477839,0.009762953908342597,True,False,-2.5497733129212374,2.97533020266224,True,False
7.8333255,1.8853602733727934,-1.1657200465023256,True,False,-0.04339819166408785,0.4919613357534242,True,False,-2.815096490970828,2.323399269306505,True,False
7.8666588,2.4852834040659753,-1.5560439683765168,True,False,-0.28225158739775014,0.48250553684987757,True,False,-2.0236884598503786,0.8192465723729662,True,False
7.899992099999999,2.665265199266513,-1.6434069741870179,True,False,-0.17819103651738752,0.049798829903978624,True,False,-0.46398979815377994,-0.957680381069442,True,False
7.933325399999999,2.338683312184294,-1.3642884346832298,True,False,0.14354432056412259,-0.5571655099302711,True,False,1.2776982298931703,-2.3270694064433832,True,False
7.9666587,1.530241375054173,-0.7423296324802697,True,False,0.460466537583267,-1.0107018633907097,True,False,2.539057597558368,-2.76422942795985,True,False
7.999992,0.37834135400876273,0.1120649552794581,True,False,0.5467433143931862,-1.0379919997595892,True,False,2.834454864230622,-2.097615177267422,True,False
8.0333253,-0.8924754558750086,1.0260179854557228,True,False,0.26999681624927613,-0.5347893752024352,True,False,2.042240464057381,-0.5731813837285368,True,False
8.0666586,-2.023338472440388,1.8062739633436555,True,False,-0.3475166142441746,0.38532579149407853,True,False,0.4545733074952982,1.2386931560469425,True,False
8.0999919,-2.784011372146378,2.2875827390724144,True,False,-1.1286225977749325,1.4265043374408584,True,False,-1.330400293233269,2.6586471143449772,True,False
8.1333252,-3.029958546607907,2.3738683085701924,True,False,-1.8035515258180101,2.2188389755847013,True,False,-2.6340919086422776,3.154754735941847,True,False
8.166658499999999,-2.7374704624349238,2.060759220685292,True,False,-2.1117782321904226,2.458656976764414,True,False,-2.955463265368663,2.5428431974602153,True,False
8.1999918,-2.006708139886022,1.4335101126124332,True,False,-1.9041037026017111,2.027111256621607,True,False,-2.1631191680064914,1.0547190691896473,True,False
8.2333251,-1.031647748276963,0.641470322184856,True,False,-1.2047831171117833,1.0407201122709206,True,False,-0.5476751633064598,-0.7515802943613299,True,False
8.266658399999999,-0.045493771087807285,-0.1430989443616227,True,False,-0.20851382802036422,-0.18689095668823996,True,False,1.2864454538724215,-2.2051542808295097,True,False
8.2999917,0.7427320307841186,-0.769867517465687,True,False,0.7876763823315975,-1.2586700913054452,True,False,2.6493268131846186,-2.777503732783257,True,False
8.333325,1.2022094845476603,-1.1464067627741852,True,False,1.4920392970362617,-1.8404228999091758,True,False,3.0273514432857658,-2.281835391771038,True,False
8.3666583,1.3096427111355016,-1.2558941431133661,True,False,1.7238546953456497,-1.7837148614327814,True,False,2.278580884694193,-0.9401272944341705,True,False
8.3999916,1.1460513936161372,-1.1528563569382335,True,False,1.4763598750780695,-1.1779168966912734,True,False,0.6868377590662725,0.7071587367269087,True,False
8.433324899999999,0.8629303664017459,-0.9396520781459372,True,False,0.912480247390543,-0.31105247538523295,True,False,-1.1464834856981954,2.0128607340942977,True,False
8.4666582,0.6286913681474693,-0.7315479738678142,True,False,0.2953126189474736,0.4455523378674684,True,False,-2.5316039763412883,2.47355870704944,True,False
8.4999915,0.5718906450608081,-0.6207709431299855,True,False,-0.11898148108630778,0.7840334734931441,True,False,-2.952709700187786,1.9212878330507284,True,False
8.533324799999999,0.738341742777423,-0.6493937057182742,True,False,-0.1833608907977781,0.5809010041822597,True,False,-2.262847639203259,0.5827351559033302,True,False
8.5666581,1.0747973608537096,-0.7978484836705821,True,False,0.08337830020271646,-0.05531005477954525,True,False,-0.7368062625675486,-1.0154816905694277,True,False
8.5999914,1.4439032567525982,-0.9914028578832449,True,False,0.5078231992506888,-0.8285552563913904,True,False,1.0377382675054323,-2.256452548049302,True,False
8.6333247,1.6659844282173006,-1.1223552827651355,True,False,0.8365101810697262,-1.3747773150803309,True,False,2.3881194560163364,-2.6740035698203157,True,False
8.666658,1.5755436164665133,-1.0820434144168747,True,False,0.8439344465219473,-1.409642760641469,True,False,2.815118053070516,-2.130408577238458,True,False
8.699991299999999,1.0762298735874793,-0.7946047808010499,True,False,0.43061716571305675,-0.8463972536209118,True,False,2.1819712052945133,-0.8623201351540148,True,False
8.7333246,0.17848761705049473,-0.2440043672452983,True,False,-0.3284048746284656,0.1629208276425603,True,False,0.7613333110731144,0.6206922225893443,True,False
8.7666579,-0.9911460071505263,0.5128623919941939,True,False,-1.2047476281735898,1.2799031798371634,True,False,-0.8768814592615896,1.7424028312402493,True,False
8.7999912,-2.2124717273450756,1.351315064535601,True,False,-1.899961432590353,2.1062264002902467,True,False,-2.0917639479084325,2.0878970074152807,True,False
8.8333245,-3.2207124304745403,2.1025146176746277,True,False,-2.15866319613852,2.3354097505096196,True,False,-2.4224756077265415,1.5630583547317891,True,False
8.866657799999999,-3.7701388099529924,2.591202810804646,True,False,-1.8672842844022544,1.8709668060748719,True,False,-1.7656779945844605,0.4239773004477428,True,False
8.8999911,-3.6962351868820162,2.679156896194544,True,False,-1.099723483451062,0.8649135375685266,True,False,-0.41043930485304564,-0.83288455890143,True,False
8.9333244,-2.9605491972323192,2.3036485328975265,True,False,-0.09197807997636395,-0.33845761379314837,True,False,1.0817971883145252,-1.673787896310429,True,False
8.966657699999999,-1.6664590244528656,1.500415663345537,True,False,0.8444187700089335,-1.3317684434112849,True,False,2.1035402014977618,-1.7421330581598602,True,False
8.999991,-0.04114473971515302,0.40366356586287255,True,False,1.436571173698418,-1.7966654999824092,True,False,2.2436366316410723,-0.9993831657584598,True,False
9.0333243,1.6126053712986217,-0.7790077159276099,True,False,1.5479438135536154,-1.6201622056963947,True,False,1.4496594208235358,0.26179126522823526,True,False
9.0666576,2.9835175779492835,-1.812236961125018,True,False,1.2223494763185219,-0.9307935262904379,True,False,0.0463863630807732,1.535341680216071,True,False
9.0999909,3.821704568607539,-2.488471684836259,True,False,0.6581354734459358,-0.041641270127988024,True,False,-1.396211311382129,2.3026893386754046,True,False
9.1333242,3.994131330561897,-2.679143485044363,True,False,0.12375493988981412,0.6764304247933194,True,False,-2.2922980544213303,2.2372473559208035,True,False
9.1666575,3.5118564709254754,-2.3672501085013415,True,False,-0.15149460987051488,0.9411198227931102,True,False,-2.2751943657827574,1.3331895730201582,True,False
9.1999908,2.5221655222193595,-1.651497147431116,True,False,-0.06858818978232148,0.6673833611429821,True,False,-1.3445245374927939,-0.0905482738650749,True,False
9.2333241,1.2676189678429621,-0.7197751213630845,True,False,0.30362196313491413,-0.003342073400040644,True,False,0.1328640695224824,-1.5115040325206084,True,False
9.2666574,0.022691856686655708,0.20146249299505722,True,False,0.7584572046349285,-0.7636442338463922,True,False,1.5683538585652805,-2.4027806345443885,True,False
9.2999907,-0.9752408765883337,0.9080527325646035,True,False,1.0368399121005627,-1.265440584966734,True,False,2.385476725022444,-2.4335034646658773,True,False
9.333324,-1.5821205904951399,1.2718850816196194,True,False,0.9344661986289434,-1.2602001012388329,True,False,2.2494566070324953,-1.5943826536925823,True,False
9.3666573,-1.775541928698784,1.2719060682262613,True,False,0.38892938326867993,-0.6991009232562331,True,False,1.201407365814899,-0.20113374083542357,True,False
9.3999906,-1.6478389430946212,0.9931782094687134,True,False,-0.4870546860500579,0.2454202108088326,True,False,-0.35594416209819363,1.2249466314639472,True,False
9.4333239,-1.366544382316934,0.5942815323869529,True,False,-1.4393856122123405,1.2441179640007758,True,False,-1.8153840686716811,2.1535216984080345,True,False
9.4666572,-1.114299968489597,0.2529949808493237,True,False,-2.160818206573844,1.9353719147632449,True,False,-2.603177404851923,2.244271195630867,True,False
9.4999905,-1.0264145463657843,0.10703747352386764,True,False,-2.4007329757066005,2.0609919435897304,True,False,-2.404155144349768,1.4733345008580607,True,False
9.5333238,-1.1451373522702957,0.20846971021031857,True,False,-2.0556542970079685,1.5615039642699935,True,False,-1.285584990947348,0.13992324223255123,True,False
9.5666571,-1.4049120647868751,0.506412220404071,True,False,-1.2073259969196055,0.5957830743621427,True,False,0.3284072331599651,-1.2484435107864824,True,False
9.5999904,-1.6536609046629556,0.8640331377046824,True,False,-0.09496719090727165,-0.5204010011228263,True,False,1.8213528094335412,-2.1676803560433977,True,False
9.6333237,-1.704150323313283,1.104866705706864,True,False,0.9673201695905581,-1.4315798721197743,True,False,2.623214521510971,-2.2728191300372247,True,False
9.666657,-1.3999888652417234,1.0738898054462438,True,False,1.6972595434628728,-1.870099522558036,True,False,2.430273131546114,-1.5241008625302956,True,False
9.6999903,-0.6757603764850664,0.6936607155716686,True,False,1.936446412134411,-1.7463287150826041,True,False,1.3210185106177366,-0.19736490515047303,True,False
9.7333236,0.4080851745071219,-0.002943331501282008,True,False,1.6952596550078642,-1.1697116302671264,True,False,-0.2760197159438251,1.2230095096501445,True,False
9.7666569,1.6677985990228712,-0.8745829598756084,True,False,1.1361660330032552,-0.3958821701283922,True,False,-1.7488181695534126,2.2262525317447475,True,False
9.7999902,2.8373800289045934,-1.7081456029323516,True,False,0.5038002321427715,0.2771961624436637,True,False,-2.537285064650023,2.462933339596248,True,False
9.8333235,3.6372771961621284,-2.2793944937570148,True,False,0.02942649703525914,0.623088721147659,True,False,-2.3462748098948887,1.8684013408773257,True,False
9.8666568,3.851084688229276,-2.419002258153614,True,False,-0.1540101692898884,0.5677836195194478,True,False,-1.2547849642126576,0.6779446791783245,True,False
9.8999901,3.3876738158457207,-2.06358132521016,True,False,-0.0550044407784946,0.2087119435640324,True,False,0.31893864922702875,-0.6687135405258269,True,False
9.9333234,2.3102001440349405,-1.2760067453008181,True,False,0.19002693349271854,-0.23283816144359074,True,False,1.7807639793799257,-1.694734232656822,True,False
9.9666567,0.8232279479967073,-0.22899857724662812,True,False,0.3801165851070166,-0.5056745268409448,True,False,2.5880213808531605,-2.0610571370750908,True,False
9.99999,-0.778261636166155,0.8425642784215824,True,False,0.3375063888011787,-0.43216660777079874,True,False,2.4531222155065326,-1.6840280537388987,True,False
10.0333233,-2.182900249678648,1.7055524285704817,True,False,-0.014565736046738213,0.018188407299441992,True,False,1.4464681700393405,-0.7544458533520724,True,False
10.0666566,-3.1384039868761184,2.1891266901944793,True,False,-0.6143278085055457,0.7125868995378949,True,False,-0.0383897948928286,0.3452540371174826,True,False
10.0999899,-3.5071915061577665,2.224189126579917,True,False,-1.2789897254431464,1.4019407064442266,True,False,-1.4410712892898276,1.191103992769628,True,False
10.1333232,-3.2877518471563643,1.851497311932404,True,False,-1.7710647373808746,1.813496444894668,True,False,-2.2498926049369556,1.4767829242602444,True,False
10.1666565,-2.598463069838025,1.1985905400966888,True,False,-1.888512404301048,1.754689538332001,True,False,-2.1931681999716273,1.1224832928197461,True,False
10.1999898,-1.6320968832065532,0.43539224767087514,True,False,-1.5443811695513063,1.189661163339952,True,False,-1.334148000990362,0.29497901919853337,True,False
10.2333231,-0.5974059893359196,-0.2758400498818844,True,False,-0.8052678949229535,0.2596329529387287,True,False,-0.036076352527164963,-0.6651777393806526,True,False
10.2666564,0.3335334859350305,-0.8203669299017029,True,False,0.1267829088776302,-0.7614020891860535,True,False,1.185716507746124,-1.3787138281308984,True,False
10.2999897,1.0575279436878904,-1.1498720383230128,True,False,0.9830642830411098,-1.560633213605156,True,False,1.8651656080542487,-1.5722332903234475,True,False
10.333323,1.5457244987055598,-1.277860934386276,True,False,1.522565683665854,-1.8965263393856058,True,False,1.7619637978564298,-1.1779012656867072,True,False
10.3666563,1.8255876673449767,-1.2571452876050526,True,False,1.6168271525586746,-1.6849823778567472,True,False,0.9464522241403912,-0.3523475047980966,True,False
10.3999896,1.9499430131708593,-1.1502574994264767,True,False,1.2933758219600602,-1.0294858242474718,True,False,-0.23711059263373233,0.5896911584338751,True,False
10.4333229,1.9662960969314238,-1.0044284124067544,True,False,0.7211456883360401,-0.18321944488229644,True,False,-1.3116137188759573,1.2993505971138768,True,False
10.4666562,1.897245148199034,-0.8392443413985509,True,False,0.14315437654233815,0.5438682096612998,True,False,-1.8556236064816727,1.5267936800157227,True,False
10.4999895,1.7368810533439887,-0.6489941744671615,True,False,-0.21808690874364822,0.8993039550050574,True,False,-1.6656489775992,1.2131019024414995,True,False
10.5333228,1.4613116691237262,-0.41563570650985937,True,False,-0.24621891942206975,0.7813205743060593,True,False,-0.8302364168820694,0.5074510329505468,True,False
10.5666561,1.046562340624461,-0.12474501774810372,True,False,0.02541602650384852,0.27586283240034903,True,False,0.31070187839748314,-0.2949759046864241,True,False
10.5999894,0.4856997691134209,0.22296898201809776,True,False,0.4295371300373792,-0.37735392212424845,True,False,1.3032280096327846,-0.8692305061389426,True,False
10.6333227,-0.20092745071228962,0.6085462362352351,True,False,0.7343418202366515,-0.8779412979461084,True,False,1.758495161321312,-0.9863555014309513,True,False
10.666656,-0.9644133238296455,0.9993267907689045,True,False,0.7398508581738247,-0.9825989284336095,True,False,1.5037160479065246,-0.6013268543563502,True,False
10.6999893,-1.7331793726309668,1.3569220212675088,True,False,0.36343954124689243,-0.6028833213880243,True,False,0.6470703286712901,0.12948536176515488,True,False
10.7333226,-2.4222184173812984,1.643612581903899,True,False,-0.3196321913203526,0.15503397722406018,True,False,-0.4673481452142704,0.9075976625954196,True,False
10.7666559,-2.942399342878185,1.824329712649498,True,False,-1.0978104102761568,1.0252298980819066,True,False,-1.3957490228746934,1.4061858758374424,True,False
10.7999892,-3.2088062644594815,1.8650590497876136,True,False,-1.6999066185166207,1.6797548844617025,True,False,-1.7683303143404228,1.395796815321536,True,False
10.8333225,-3.149483738918219,1.731603345259174,True,False,-1.897896205660828,1.8529078621702617,True,False,-1.4329270345041218,0.8347494929059597,True,False
10.8666558,-2.7168098843315733,1.3933371215327173,True,False,-1.596063507171092,1.4446759371141464,True,False,-0.5134385731619008,-0.11025489706045423,True,False
10.8999891,-1.9022146830330677,0.8342735044939389,True,False,-0.8713646069849639,0.5630483520031844,True,False,0.6388031107465912,-1.1220246923047144,True,False
10.9333224,-0.7516519053704622,0.06937400396024318,True,False,0.05153879451574767,-0.5121329635136697,True,False,1.581247174986594,-1.8485553427493324,True,False
10.9666557,0.6241603711608968,-0.840345340009271,True,False,0.8817834884562884,-1.430946215358645,True,False,1.9510129096564155,-2.0336447727886586,True,False
10.999989,2.0521061947752477,-1.7824131237039902,True,False,1.369367633875894,-1.9022634099929612,True,False,1.6046151688305572,-1.6132788335278783,True,False
11.0333223,3.316993209863419,-2.6039841939948407,True,False,1.3965094608148327,-1.8002332878217695,True,False,0.6729840381411514,-0.7408754611574847,True,False
11.0666556,4.199778414250006,-3.1408150191809647,True,False,1.0178377218937418,-1.2072137160548866,True,False,-0.4890586807149804,0.26896558808915766,True,False
11.0999889,4.526557453059319,-3.258350373802291,True,False,0.43375011668699004,-0.37660995935656894,True,False,-1.4391491770172395,1.0576156509664203,True,False
11.1333222,4.21517207733917,-2.8929667442473264,True,False,-0.09255825629189746,0.36958809973426826,True,False,-1.8170046437072154,1.3564198352138253,True,False
11.1666555,3.304178952388749,-2.0790399691975052,True,False,-0.34164916838666165,0.7680932489086228,True,False,-1.4822391404590536,1.0867177550262188,True,False
11.1999888,1.9523256508083613,-0.9504528561345708,True,False,-0.22578637788473788,0.7161640303749004,True,False,-0.5677681651006663,0.3877621163691501,True,False
11.2333221,0.4051423028580189,0.28706252459246073,True,False,0.1766905460273024,0.3078104072366551,True,False,0.5713017491387823,-0.43817006287469734,True,False
11.2666554,-1.0638579592599584,1.406325940421169,True,False,0.6543838047705783,-0.20978363564321714,True,False,1.4934600481452802,-1.0425726510767106,True,False
11.2999887,-2.220543727743891,2.2169506324893837,True,False,0.9503469068082713,-0.541998249352005,True,False,1.8392704604557693,-1.1648461052962202,True,False
11.333322,-2.9252600085712595,2.6130063029651986,True,False,0.8694668980154707,-0.4721719648657776,True,False,1.4683212146329705,-0.7325918009337338,True,False
11.3666553,-3.158107735155841,2.594680231126936,True,False,0.3629872948835743,0.043868537305583884,True,False,0.512641466453778,0.11009961001115333,True,False
11.3999886,-3.006680337537042,2.257096131460954,True,False,-0.44382184646209843,0.8525104318639825,True,False,-0.673458411084193,1.056895594384999,True,False
11.4333219,-2.621492344012069,1.7506301626416092,True,False,-1.2926402536071813,1.6571257248615414,True,False,-1.647657468078583,1.7549898938606054,True,False
11.4666552,-2.15567221435331,1.226862794460118,True,False,-1.8865591142039084,2.1318251992228405,True,False,-2.0466204729095208,1.938093082431013,True,False
11.4999885,-1.7108871490413535,0.7891569907098817,True,False,-2.0017745487022696,2.0495342251969713,True,False,-1.7222225873070498,1.5261821109558502,True,False
11.5333218,-1.3087869527320815,0.4649219985291322,True,False,-1.5733528289853416,1.3738868623573945,True,False,-0.7957111967997823,0.6546624063830884,True,False
11.5666551,-0.8974378209706928,0.2085475756298682,True,False,-0.7218895627983709,0.2786166569661362,True,False,0.38988554780336454,-0.3772517772555762,True,False
11.5999884,-0.3889552943107579,-0.06729026538589579,True,False,0.2892318247275567,-0.9133568646598064,True,False,1.4000875564248827,-1.2184716580959924,True,False
11.6333217,0.28714894772405847,-0.44458986866236905,True,False,1.149518688020276,-1.8474479731875104,True,False,1.8719766773357145,-1.5953500553079505,True,False
11.666655,1.1361359745581667,-0.9554744854131162,True,False,1.6133082632407942,-2.265834394056055,True,False,1.6481049091958908,-1.4095878367421237,True,False
11.6999883,2.074679569946703,-1.5571733400406595,True,False,1.5853657591518078,-2.09722840839917,True,False,0.8312738730151015,-0.7686591815140893,True,False
11.7333216,2.9416415943750067,-2.1361568321760367,True,False,1.148058187200127,-1.4740499985738666,True,False,-0.25925003259124785,0.0611388825415779,True,False
11.7666549,3.539957447589237,-2.5402516065831136,True,False,0.5208069501648757,-0.6718391411729493,True,False,-1.2119063513670507,0.7594414963586165,True,False
11.7999882,3.695306892469495,-2.627429570441773,True,False,-0.03129488875955664,0.003811414616893407,True,False,-1.6790104236580896,1.0733273056615928,True,False
11.8333215,3.3114451251312955,-2.314178690490939,True,False,-0.3033831732613107,0.33740991861391106,True,False,-1.5052293525185703,0.9091207213966823,True,False
11.8666548,2.4036698125495204,-1.606857522700671,True,False,-0.2297344479289118,0.2834086938067026,True,False,-0.7803327518178309,0.36047605586461523,True,False
11.8999881,1.099972421488669,-0.6057473118397759,True,False,0.09484455678969914,-0.025009603180500713,True,False,0.20206013746198292,-0.3360131575118203,True,False
11.9333214,-0.3893074528723493,0.5189144687420015,True,False,0.4589258094462993,-0.3404234818218372,True,False,1.0619038453356913,-0.8983393773282724,True,False
11.9666547,-1.8222924133684257,1.5703725264814155,True,False,0.6258191055729082,-0.4121002248756456,True,False,1.479901536937849,-1.1103964465907277,True,False
11.999988,-2.980221550782025,2.3739382344102804,True,False,0.4359821679212147,-0.09830736137440335,True,False,1.317653780505861,-0.903488475820719,True,False
12.0333213,-3.7099467185633914,2.815788669073487,True,False,-0.12027900191113738,0.565408250649665,True,False,0.6654596012994992,-0.37730968062680026,True,False
12.0666546,-3.94424242761672,2.8614188330560997,True,False,-0.8891329526000166,1.3699696254788598,True,False,-0.19900032338886797,0.24577205486485668,True,False
12.0999879,-3.6984717267318796,2.550705892429959,True,False,-1.6050544722422762,2.008290415555763,True,False,-0.9233671885707039,0.7130536830648437,True,False
12.1333212,-3.0498832678621546,1.9744331689002441,True,False,-1.989205791835812,2.1941958250548024,True,False,-1.2198195196775201,0.8428167520902413,True,False
12.1666545,-2.1099884871942525,1.242593492535272,True,False,-1.8571132555676433,1.7791034214380144,True,False,-0.9764855439707515,0.5946442177492445,True,False
12.1999878,-1.000066489079703,0.45608598780058895,True,False,-1.194284422157304,0.8208997056944477,True,False,-0.2983779519010197,0.08200946493235292,True,False
12.2333211,0.16421934211205366,-0.3095640295895397,True,False,-0.17011807744431254,-0.4231206877042195,True,False,0.5369262978686837,-0.4763428094139874,True,False
12.2666544,1.2785801452015202,-1.0056304196569912,True,False,0.9164398613937976,-1.5790386665277047,True,False,1.1904780550495955,-0.8457284746713213,True,False
12.2999877,2.25009839026258,-1.6001690476964314,True,False,1.7402680236614976,-2.285881652581174,True,False,1.3960113308393647,-0.8696427480613133,True,False
12.333321,2.996931635588803,-2.0642714720850055,True,False,2.0645071329894193,-2.3247345163873274,True,False,1.0644726467239383,-0.5316097509164758,True,False
12.3666543,3.4517784327858823,-2.3630845690004088,True,False,1.823505289076431,-1.6992670227809972,True,False,0.3185268745482825,0.039015953958464925,True,False
12.3999876,3.569815524532263,-2.4571540769925004,True,False,1.1431282641564915,-0.6367306240101663,True,False,-0.5560108788367237,0.618835335160072,True,False
12.4333209,3.338340393109218,-2.3142762893929363,True,False,0.29061754081569086,0.492407935065279,True,False,-1.2225148120713267,0.9788878137894724,True,False
12.4666542,2.78343142643304,-1.9265445287450007,True,False,-0.42724603549960993,1.3076614532861983,True,False,-1.4256208156650458,0.974969105783797,True,False
12.4999875,1.9694276406906261,-1.3240976872174517,True,False,-0.7791540774810335,1.5557580916576492,True,False,-1.0914368504695497,0.6046244421293517,True,False
12.533320799999998,0.9896531566583274,-0.5777526731874915,True,False,-0.693663548514551,1.2008150773350175,True,False,-0.35679144271888835,0.008901923668311931,True,False
12.5666541,-0.04966143900880468,0.21287430830483886,True,False,-0.2806554746727454,0.43323530639175833,True,False,0.4839524008558114,-0.5815671775488792,True,False
12.5999874,-1.0474753369080534,0.9427939514272206,True,False,0.21836995665796696,-0.40673183811659713,True,False,1.093964850831408,-0.9352124177088335,True,False
12.6333207,-1.9223775011788153,1.5281739936816467,True,False,0.5318089703378206,-0.962504539968763,True,False,1.2262738327307454,-0.9088004098005275,True,False
12.666654,-2.6191388773715953,1.9255194608892603,True,False,0.47149594121196714,-1.0012445904939253,True,False,0.8218532837694952,-0.5032116160476982,True,False
12.6999873,-3.1063172663202345,2.1356590645711826,True,False,0.013291864828969234,-0.5065485992848221,True,False,0.03498700292377454,0.13551905917560816,True,False
12.7333206,-3.3674562760982525,2.1910042221425257,True,False,-0.6878924154669156,0.3129864023721681,True,False,-0.8246103363359231,0.7703332747729986,True,False
12.7666539,-3.3909882567174954,2.131864370033204,True,False,-1.3558074947022911,1.1042533415802986,True,False,-1.4111795694178,1.1620765248534153,True,False
12.7999872,-3.1644338943676447,1.982611274850516,True,False,-1.7017004029873877,1.50954386982743,True,False,-1.4779814604607224,1.159790683486209,True,False
12.8333205,-2.676639293877767,1.7387917131339492,True,False,-1.5418536651638262,1.3122247782098748,True,False,-0.9756963630614145,0.7584217650159014,True,False
12.8666538,-1.9282549922717922,1.3716250980989946,True,False,-0.8770077153111846,0.5307778252865499,True,False,-0.07555261606891968,0.10214234587610556,True,False
12.8999871,-0.9467564711424099,0.8487085817030124,True,False,0.09902989935216193,-0.5775290013181161,True,False,0.8926318791076748,-0.5682071914329838,True,False
12.9333204,0.20046084829209607,0.16244848712697116,True,False,1.0668452209098223,-1.6075690039862924,True,False,1.5645220528251509,-1.0041468712166273,True,False
12.9666537,1.4018548952530103,-0.6462708244800796,True,False,1.700078508073614,-2.1589251845722646,True,False,1.6803215449237663,-1.0419722240221214,True,False
12.999987,2.511128533510295,-1.480766073103781,True,False,1.7895401923080347,-1.991930747092746,True,False,1.1855014264660717,-0.6641799519115,True,False
13.0333203,3.3706841696005525,-2.2035382360042375,True,False,1.3239450851708472,-1.1261110632752327,True,False,0.25419028831504153,-0.007065580025474951,True,False
13.0666536,3.8445124034559774,-2.671075385080561,True,False,0.4947517403834783,0.15889280429746147,True,False,-0.7743411513646595,0.6883374339089983,True,False
13.0999869,3.851769819844769,-2.777810667161794,True,False,-0.3777738255521066,1.422414760026356,True,False,-1.5223114996226037,1.1638081700196248,True,False
13.1333202,3.3907006407743947,-2.4938274917938097,True,False,-0.9688298977375824,2.2251447604097123,True,False,-1.7150198541020978,1.2376191307967328,True,False
13.1666535,2.544326490940597,-1.8816819658158612,True,False,-1.0748252097832491,2.2926403126948514,True,False,-1.2833994385238048,0.8698584369293664,True,False
13.1999868,1.4642549537768212,-1.08413870838768,True,False,-0.6906771797450568,1.6165931043491575,True,False,-0.3885568710192769,0.17560157979025234,True,False
13.233320099999998,0.3356938783681051,-0.2846745414162277,True,False,-0.007798161802079676,0.45441091869691835,True,False,0.6406423331966847,-0.6183459288300349,True,False
13.2666534,-0.6668615399854387,0.3472524072232278,True,False,0.6663606607521668,-0.7724452272750223,True,False,1.4325223284831359,-1.2564032925871647,True,False
13.2999867,-1.420089339346997,0.7077811151698085,True,False,1.0346907130213188,-1.6409429736460344,True,False,1.7118960449591436,-1.5455322252200963,True,False
13.33332,-1.8758351156752393,0.7887291161133364,True,False,0.9315632100680115,-1.8854038585505994,True,False,1.400477830127283,-1.420900999371474,True,False
13.3666533,-2.0610720300755263,0.6747135222973044,True,False,0.38962440834144285,-1.4904091705815128,True,False,0.6406712951502377,-0.9621121393584067,True,False
13.3999866,-2.05432007499231,0.5073897677465512,True,False,-0.3747460252993836,-0.6823505689278607,True,False,-0.26505298285457907,-0.35540702711886407,True,False
13.4333199,-1.9473367597055609,0.4289998921597604,True,False,-1.0510981474927996,0.17438894253024578,True,False,-0.974268845557065,0.18201915162341456,True,False
13.4666532,-1.8063581671674005,0.5255708802467074,True,False,-1.362734927983132,0.732075620989445,True,False,-1.2366083225569295,0.4852744994185098,True,False
13.4999865,-1.647525830306967,0.7910240133019362,True,False,-1.1801189004245356,0.8006247173837507,True,False,-0.9863040349124941,0.5001504910250457,True,False
13.5333198,-1.4359498338972476,1.1264713826899828,True,False,-0.5733000304146859,0.41740047459360197,True,False,-0.360285913685377,0.2948491060303649,True,False
13.5666531,-1.1088428431938373,1.3763563557444942,True,False,0.21797693538909488,-0.18105336123285873,True,False,0.3632985089166478,0.022390382383734513,True,False
13.5999864,-0.613630236966096,1.3893009774224183,True,False,0.8837952348090844,-0.6707570413229733,True,False,0.8799783787883776,-0.14919143098250245,True,False
13.6333197,0.054401538317379636,1.0816279574903007,True,False,1.1717658025752744,-0.786170545797958,True,False,0.9807237248722056,-0.10932218556452908,True,False
13.666653,0.8308780591734085,0.47940273346155743,True,False,0.9898826005959451,-0.43736527341352316,True,False,0.6323746382868511,0.1496808584096325,True,False
13.6999863,1.587725532473472,-0.27832030089713067,True,False,0.4419463084471409,0.2511626298650828,True,False,-0.014106421046209915,0.532026600326876,True,False
13.7333196,2.1653163309564607,-0.9787089612083756,True,False,-0.21890974353539316,0.9956774235735034,True,False,-0.6891767937229927,0.8816203581168938,True,False
13.7666529,2.420966682497482,-1.4048316422232436,True,False,-0.6989104365846363,1.4776952534411945,True,False,-1.1162975765139218,1.0498192868493992,True,False
13.7999862,2.2764956236752845,-1.4118471725188555,True,False,-0.7888909443491573,1.4835321161586021,True,False,-1.1239440011598665,0.9587767911202668,True,False
13.8333195,1.7471835323897835,-0.9819747629196927,True,False,-0.45351138465131563,0.9984246646856039,True,False,-0.7130597204492364,0.6337938912557459,True,False
13.8666528,0.9409576759442672,-0.2367589843452752,True,False,0.1531115338684836,0.21450030297026804,True,False,-0.05362109411479093,0.1916271948475682,True,False
13.8999861,0.027583103699977955,0.6001551836555767,True,False,0.7521004847225929,-0.5508333473372381,True,False,0.5870897799823217,-0.2094814910671616,True,False
13.933319399999998,-0.8111964069374479,1.2781771274672304,True,False,1.057931375282223,-0.990744256989201,True,False,0.954466515335369,-0.4362341469187264,True,False
13.9666527,-1.4326486831710115,1.6060608027259138,True,False,0.900652419960113,-0.9402826738811857,True,False,0.9098286916238467,-0.43481647443102733,True,False
13.999986,-1.7672510272476245,1.5167626249114914,True,False,0.3010933095498575,-0.44639606006777577,True,False,0.4852957684767789,-0.2507844062590195,True,False
14.0333193,-1.825123127846913,1.0852302420690534,True,False,-0.5325622577690615,0.25340155329518577,True,False,-0.1313339960444539,-0.00659588592059269,True,False
14.0666526,-1.6747978995939947,0.4913838471130719,True,False,-1.2858677379845715,0.834076467020269,True,False,-0.6748383788121217,0.15296305707476776,True,False
14.0999859,-1.405120053357343,-0.057240175685891195,True,False,-1.6637584497340987,1.0228796651591767,True,False,-0.9116795221469994,0.12399532426792367,True,False
14.1333192,-1.087030813175054,-0.41141272807708157,True,False,-1.509278051859264,0.7153983737294057,True,False,-0.7355253834051945,-0.1112008616328308,True,False
14.1666525,-0.7509081688532447,-0.5384112076688207,True,False,-0.8668738883049641,0.018254640850457783,True,False,-0.21063563874867763,-0.47529521916819273,True,False
14.1999858,-0.3876083126348479,-0.5272406756380841,True,False,0.035308101521159964,-0.7987800289649495,True,False,0.4540398636181194,-0.8267121521890044,True,False
14.2333191,0.029306982115631774,-0.538171379368,True,False,0.8763970807299423,-1.4190707942481269,True,False,0.989113212069521,-1.0169535499885647,True,False
14.2666524,0.5119181860921797,-0.7184271581993816,True,False,1.3694942519891264,-1.61251298241683,True,False,1.1730638686561778,-0.9509180828540736,True,False
14.2999857,1.0325890860193299,-1.1214760013738216,True,False,1.3724604369701452,-1.3284794195460343,True,False,0.9210105642859326,-0.6259931988540632,True,False
14.333319,1.5177040522800538,-1.6667677751892709,True,False,0.9383654064455546,-0.709617285639426,True,False,0.31866531439865475,-0.134666176654285,True,False
14.3666523,1.864845633322235,-2.159804411761553,True,False,0.2863808160036145,-0.022940100199153303,True,False,-0.41151493989309706,0.3698877741115746,True,False
14.3999856,1.977389062536245,-2.366416926498761,True,False,-0.29347302031966815,0.4595962795679571,True,False,-0.9977974180832864,0.7312808083881935,True,False
14.4333189,1.8026081373720126,-2.1114703830982453,True,False,-0.5616807062661143,0.5780220453550022,True,False,-1.2249827384384142,0.8478010474632132,True,False
14.4666522,1.3573092553689183,-1.3610918677346076,True,False,-0.42673164051826046,0.34844819439093305,True,False,-1.0165832776602086,0.7083711534407058,True,False
14.4999855,0.7296168761735629,-0.2533323776545115,True,False,0.020605283832537045,-0.051697973919306195,True,False,-0.46153751255792835,0.39321130700533263,True,False
14.5333188,0.05492564209858167,0.9377806234935994,True,False,0.5491648058034078,-0.36855838565917864,True,False,0.22380683697765846,0.039812785257663665,True,False
14.5666521,-0.5256497751690671,1.8936157995502718,True,False,0.8870996886196951,-0.38826918729991916,True,False,0.782013361434309,-0.2117779495655806,True,False
14.5999854,-0.9089652046063106,2.3642247402673444,True,False,0.8378400299600288,-0.0340840234182212,True,False,1.0142322863745896,-0.27274511305765337,True,False
14.633318699999998,-1.0593989020551167,2.260215667809288,True,False,0.3647500812569126,0.5968112766348483,True,False,0.8540561207856403,-0.13765583670723722,True,False
14.666652,-1.01350920555409,1.6866875298014903,True,False,-0.38968202279475483,1.2710452876559972,True,False,0.38766613717658754,0.11688636719647037,True,False
14.6999853,-0.858748616056144,0.9040455540656359,True,False,-1.1573975767971887,1.7140105816820832,True,False,-0.18576101426525685,0.3657697772672567,True,False
14.7333186,-0.6951834511428111,0.22866343308667605,True,False,-1.6490578809421639,1.7216048860828976,True,False,-0.635892446794551,0.4873423771706761,True,False
14.7666519,-0.5955084654787588,-0.0894551545504249,True,False,-1.667155961466327,1.2429255005161985,True,False,-0.7919140624673814,0.41312254919168073,True,False
14.7999852,-0.5788867216446882,0.035611562940042835,True,False,-1.183207037158995,0.40154282916059003,True,False,-0.6063491118495294,0.1556687681329758,True,False
14.8333185,-0.6083005446545975,0.49215689802648477,True,False,-0.3492413105611707,-0.5511740383950465,True,False,-0.16815695879452192,-0.1962581577800715,True,False
14.8666518,-0.6115901956317126,1.0166836276555509,True,False,0.559813823495581,-1.330056867241599,True,False,0.3379548911782949,-0.5131513050831367,True,False
14.8999851,-0.5169968644827009,1.302853414197157,True,False,1.2492575028778996,-1.71925879746433,True,False,0.7078657078775621,-0.676581806362418,True,False
14.9333184,-0.28847618939314185,1.131115351172956,True,False,1.5126244914007607,-1.6446441312933986,True,False,0.7986708291147758,-0.6265731991799747,True,False
14.9666517,0.053619776424084574,0.4667199483340181,True,False,1.3032710550637778,-1.1895750672685677,True,False,0.5819087174979608,-0.3854241889059982,True,False
14.999985,0.4349476042410844,-0.5150039052672485,True,False,0.7435444565946234,-0.5514554203825209,True,False,0.14978045766673156,-0.04831994685309824,True,False
15.0333183,0.7519773007906299,-1.4888474795363278,True,False,0.07032003910103994,0.04067719506260339,True,False,-0.3260074943557958,0.25545680846132635,True,False
15.066651599999998,0.909744599614542,-2.103683005239411,True,False,-0.45997891644268274,0.41344321146035673,True,False,-0.6645888035574437,0.41484819917813,True,False
15.0999849,0.8580535586751805,-2.1219780832845507,True,False,-0.6691725560148583,0.5074225464993246,True,False,-0.7466196805599083,0.38137766287391467,True,False
15.1333182,0.6121691746457226,-1.5191698504750182,True,False,-0.5205594629414007,0.38592098845219647,True,False,-0.5575470078203321,0.18728816369421375,True,False
15.1666515,0.2498772661705892,-0.5021050567170088,True,False,-0.12481514061911339,0.19425362395849777,True,False,-0.18770562789162662,-0.06989255211669465,True,False
15.1999848,-0.11433929099186602,0.5627441627908502,True,False,0.31145859482040256,0.08904117244777661,True,False,0.20876804973143392,-0.2696825044203438,True,False
15.2333181,-0.3687077321872519,1.285039432459137,True,False,0.5725787220486799,0.16773103736037867,True,False,0.47799580963281807,-0.3199595120842493,True,False
15.2666514,-0.44279683688207583,1.3986728091997658,True,False,0.521265927575215,0.4267969895508402,True,False,0.5268865697251409,-0.19566684307187027,True,False
15.2999847,-0.33127802277141294,0.8653117452826984,True,False,0.15294130939404876,0.7642292870318548,True,False,0.35625415604547067,0.05129080799157633,True,False
15.333317999999998,-0.09417049297688891,-0.10681977307389108,True,False,-0.4031919581289367,1.0236225551631222,True,False,0.054677589774353254,0.3150023016320551,True,False
15.3666513,0.16646126042635112,-1.1372733484975481,True,False,-0.9353489092698966,1.0607639900319377,True,False,-0.24250803145564936,0.4815425457775509,True,False
15.3999846,0.34476485841064053,-1.8142418947906815,True,False,-1.2317931183827415,0.805359039216093,True,False,-0.41093198746006143,0.478419782101849,True,False
15.4333179,0.3702394276267507,-1.8501514183869519,True,False,-1.16265289819925,0.29327804506198113,True,False,-0.38755852128224133,0.3063554768518147,True,False
15.4666512,0.2333653363244119,-1.1937467011628153,True,False,-0.7298134778429658,-0.3430021000581874,True,False,-0.19365482771666215,0.03969594859833383,True,False
15.4999845,-0.011688637014762767,-0.05537873488230619,True,False,-0.06659985696265337,-0.9213840316490391,True,False,0.07778112815374336,-0.20494591950617397,True,False
15.5333178,-0.26822919368222364,1.166387000358169,True,False,0.6116995103690269,-1.275749784842599,True,False,0.30356030404323603,-0.3186761759394613,True,False
15.5666511,-0.4341771077948731,2.031805607632112,True,False,1.0870062240798286,-1.3147308321004614,True,False,0.38277563412128474,-0.24777508805466533,True,False
15.5999844,-0.44131894184694254,2.2266918719677258,True,False,1.2172133095042326,-1.0516450083049083,True,False,0.2784501503196783,-0.018408296473820578,True,False
15.6333177,-0.2819438552893573,1.6853583443091558,True,False,0.9852766695292454,-0.5953474149546382,True,False,0.03179372791032237,0.27211289904121133,True,False
15.666651,-0.012733999581447442,0.6207247312501311,True,False,0.501092064313019,-0.10690508524655325,True,False,-0.2558471895021854,0.49419824990180383,True,False
15.6999843,0.2658014057674255,-0.5531892946804197,True,False,-0.04343613838392789,0.26037803092874245,True,False,-0.46508540276867705,0.5390333169525531,True,False
15.7333176,0.4468827597022155,-1.3795172671876668,True,False,-0.4483259889486113,0.4146393471253618,True,False,-0.5069944464036327,0.36397471180494384,True,False
15.766650899999998,0.4580223357057108,-1.5377295054117601,True,False,-0.5801971467720257,0.3533157911712576,True,False,-0.35839098253430823,0.011642631479286127,True,False
15.7999842,0.2892421304498009,-0.9733658519635536,True,False,-0.4196921810491607,0.15615348037004975,True,False,-0.07019717186531964,-0.40506208785689524,True,False
15.8333175,-0.001982594089306715,0.07485201273041066,True,False,-0.0643277276477672,-0.052359722256675054,True,False,0.25364478036158405,-0.7458671949050764,True,False
15.8666508,-0.311316706368526,1.1643849752831157,True,False,0.31348158855950214,-0.15576037263194256,True,False,0.4974700699811093,-0.8966190391233563,True,False
15.8999841,-0.5262415930319921,1.8222259012756439,True,False,0.5365007625771767,-0.09315310526038056,True,False,0.5785154099196514,-0.8120454790852889,True,False
15.9333174,-0.5682917518977652,1.7350143103121816,True,False,0.49361157565671604,0.11637906161833868,True,False,0.47730653673016515,-0.5311763211001582,True,False
15.9666507,-0.4227018337039414,0.8801542369312876,True,False,0.18426357450821626,0.3815364955231709,True,False,0.24250129041401225,-0.16001920108051917,True,False
15.999984,-0.1439051887810438,-0.45598821764486913,True,False,-0.2805993868198661,0.5758023735017126,True,False,-0.030696464920823806,0.17085888032724678,True,False
16.0333173,0.1654897891207239,-1.7827059248376789,True,False,-0.7214036074109805,0.5898397846833331,True,False,-0.23910828282960223,0.35655582259941365,True,False
16.0666506,0.39431929414792405,-2.5934157378533733,True,False,-0.9600231885556072,0.3793946519847231,True,False,-0.3114821739797857,0.35608046488175216,True,False
16.099983899999998,0.46576901924692654,-2.564756163139169,True,False,-0.8899912017395848,-0.010135076150804835,True,False,-0.23421293056843087,0.20425268770930685,True,False
16.1333172,0.36677435581916995,-1.6874270741123227,True,False,-0.519622676869392,-0.4532491752626445,True,False,-0.0535489327644613,-0.006234306208092275,True,False
16.1666505,0.15226140720167383,-0.2755855390990328,True,False,0.028860397737208582,-0.7863499770025175,True,False,0.14550370079134803,-0.16432962433883003,True,False
16.1999838,-0.07759592364193088,1.150958259226988,True,False,0.5642386639515923,-0.8680509127753263,True,False,0.2743343645549442,-0.18552423111582417,True,False
16.2333171,-0.2182374649743876,2.0669612821408374,True,False,0.8982759849619941,-0.6357501950700667,True,False,0.2756732323537267,-0.04467691266493711,True,False
16.2666504,-0.20352592092597818,2.1461797447522373,True,False,0.9172198643116162,-0.13640908613812358,True,False,0.14482043564178007,0.21523884174266436,True,False
16.2999837,-0.03337949059030268,1.389160143966383,True,False,0.6252294395954073,0.48210163559726327,True,False,-0.07039719009929825,0.5008024961935869,True,False
16.333316999999997,0.22501450949950316,0.12312202313302617,True,False,0.14275333169377233,1.0184414688460734,True,False,-0.2899199388053174,0.7045413102934751,True,False
16.3666503,0.4631822137058953,-1.1269793549895513,True,False,-0.3398512768460777,1.2883330368877133,True,False,-0.433217328453948,0.7456993019118857,True,False
16.3999836,0.5744102365834831,-1.8459241971089055,True,False,-0.6358472964617409,1.192527718603076,True,False,-0.44974609363944196,0.5999689942830723,True,False
16.433316899999998,0.4967655292035043,-1.7323765005601806,True,False,-0.6344994291459326,0.7559874232359072,True,False,-0.33647470018125947,0.3074382675191483,True,False
16.4666502,0.2388481529392426,-0.8187037393226955,True,False,-0.34417880493874775,0.12182933163651558,True,False,-0.13644090153231359,-0.04353351616855223,True,False
16.4999835,-0.12216142857764903,0.5413594601704194,True,False,0.11083365570321417,-0.4995330981017913,True,False,0.08002906941586853,-0.34973501000219626,True,False
16.533316799999998,-0.4695310904114997,1.8125813102350954,True,False,0.5389758648096239,-0.9079480504883634,True,False,0.24317989255859734,-0.5307138100655444,True,False
16.5666501,-0.6915657696327772,2.490171553081097,True,False,0.7568127832817307,-0.9883272292547887,True,False,0.3094545653446807,-0.5561806532896337,True,False
16.5999834,-0.7239546149400706,2.2994612536208203,True,False,0.6618912680527065,-0.7531853525330847,True,False,0.27511999701820367,-0.4530089696133035,True,False
16.633316699999998,-0.5729788783263027,1.3037917614802896,True,False,0.2744339620966439,-0.3352826937769595,True,False,0.17340478363717182,-0.28974084153675644,True,False
16.66665,-0.31045155210003206,-0.1222361937638141,True,False,-0.268756401232486,0.06773918943615986,True,False,0.05741866552200491,-0.14542139978450702,True,False
16.6999833,-0.04275314527208845,-1.44303576093346,True,False,-0.7661874029679006,0.27532753345498046,True,False,-0.02337887556471107,-0.07579249018022013,True,False
16.7333166,0.13314754705659562,-2.1751166186057422,True,False,-1.0293770380788236,0.19972841604019329,True,False,-0.04325770836400442,-0.09084251505363786,True,False
16.7666499,0.16856427123963458,-2.0770803750101905,True,False,-0.956105079490858,-0.11580678570852575,True,False,-0.008860844756916977,-0.15293868598465538,True,False
16.7999832,0.0809444186771462,-1.2401828703954283,True,False,-0.5704976578387819,-0.5130540622047398,True,False,0.04652638707830348,-0.19613145777410276,True,False
16.8333165,-0.05645900697256571,-0.043702695949198386,True,False,-0.014065932990748497,-0.7839807136967512,True,False,0.07999315641450175,-0.1582707617293011,True,False
16.866649799999998,-0.1485609901928385,1.0054596419836304,True,False,0.5090076757590208,-0.7594923434676756,True,False,0.05966723846951102,-0.012063853473050527,True,False
16.8999831,-0.1217061787330002,1.4823587430348761,True,False,0.8110440600985186,-0.38559690064780283,True,False,-0.0198923892717492,0.2185182901136078,True,False
16.9333164,0.04204484583139276,1.216491215854504,True,False,0.7934978089163568,0.2452738810950418,True,False,-0.13407996238282419,0.464057767025227,True,False
16.966649699999998,0.2942282948368483,0.3568807082138468,True,False,0.48449562683996356,0.9226602944822845,True,False,-0.23787707421530652,0.635955752506733,True,False
16.999983,0.5377930655566279,-0.6956929650458388,True,False,0.026453025382998624,1.3968605398304215,True,False,-0.2846575454089651,0.6625671866418386,True,False
17.0333163,0.6664945985624412,-1.4598040781492398,True,False,-0.3814476564677835,1.4775738871261916,True,False,-0.2462794615995113,0.5201140798774968,True,False
17.066649599999998,0.6098558838020969,-1.576137529842256,True,False,-0.563328846043481,1.112619208973733,True,False,-0.12604991326037443,0.24510958795982646,True,False
17.0999829,0.3650952608257658,-0.9581393332327026,True,False,-0.4376545155762695,0.41390677979214363,True,False,0.04092380763241441,-0.077462765486251,True,False
17.1333162,0.0024399326223010567,0.1706325452159073,True,False,-0.0510369568743336,-0.38141138159554605,True,False,0.20031535207356857,-0.3458760317882098,True,False
17.1666495,-0.3591153549628129,1.3664518727002395,True,False,0.4388609982198572,-1.0004182827855532,True,False,0.29912681686934206,-0.48054357808975223,True,False
17.1999828,-0.5965652088449682,2.1447342272237226,True,False,0.8249843104926571,-1.2393349239757554,True,False,0.3059879468232086,-0.45417787721980185,True,False
17.2333161,-0.630646508967367,2.175396709001889,True,False,0.9331023914780382,-1.0417372728968621,True,False,0.22308690477537696,-0.3008601469260867,True,False
17.2666494,-0.4575306580947504,1.4158897574917888,True,False,0.6922836120057158,-0.5182902041549263,True,False,0.08498775692776668,-0.10037087047832169,True,False
17.299982699999997,-0.15147627745948258,0.12982533044314254,True,False,0.16572860154034721,0.10025406610894042,True,False,-0.05514472047979695,0.05562293199837947,True,False
17.333316,0.16320573821702092,-1.2147274181949093,True,False,-0.47052081766192544,0.5578445432153661,True,False,-0.1463744195367187,0.10146183326190639,True,False
17.3666493,0.36039315956906204,-2.126041202855042,True,False,-0.9931041824320599,0.677122962392549,True,False,-0.15957967000695883,0.02384067915050599,True,False
17.399982599999998,0.3619734714356482,-2.2775436978612293,True,False,-1.215873749940964,0.4301589612064533,True,False,-0.09807623600379599,-0.13407834121328577,True,False
17.4333159,0.16969372086144058,-1.6318574965054857,True,False,-1.060712559913706,-0.052933516010682705,True,False,0.004792565259661794,-0.29214970534203066,True,False
17.4666492,-0.13379926475458057,-0.4533430340669159,True,False,-0.5871686541662947,-0.5408283719210452,True,False,0.09993804969683506,-0.3679207328765332,True,False
17.499982499999998,-0.41576803659725253,0.7944850750478852,True,False,0.030609695274189413,-0.7996455188055656,True,False,0.1428129221794593,-0.31193826363824007,True,False
17.5333158,-0.5447293389856253,1.6267452820452544,True,False,0.5707018332232797,-0.692575953764594,True,False,0.11152686476409336,-0.129064525376208,True,False
17.5666491,-0.4428747183352249,1.7223631047663372,True,False,0.8480885697031681,-0.2392234687432007,True,False,0.01559999865329259,0.12285990315913538,True,False
17.5999824,-0.11933693395241952,1.0465336759985562,True,False,0.784364944998786,0.3899673954284775,True,False,-0.10799938239587215,0.3562330048686082,True,False
17.6333157,0.32895594683116564,-0.13576939432646368,True,False,0.4355650586871746,0.9420684399715843,True,False,-0.20977493498929548,0.48901849955156224,True,False
17.666649,0.7499634114362314,-1.3603647433616162,True,False,-0.032492123048377265,1.184851928378121,True,False,-0.24749718370712612,0.4775404384478585,True,False
17.6999823,0.991140075998658,-2.140442701447968,True,False,-0.4115181419154119,1.0025965392303173,True,False,-0.202956928286689,0.33331876834327917,True,False
17.733315599999997,0.955838000206378,-2.152039250609648,True,False,-0.5343601905120658,0.44542175911753273,True,False,-0.0890988473713161,0.11726197075778162,True,False
17.7666489,0.6403461847709981,-1.3577027120719556,True,False,-0.34221758061308677,-0.28791979229968484,True,False,0.0551254377746526,-0.08605363833688005,True,False
17.7999822,0.1373510135021771,-0.021241893967621342,True,False,0.09085022951013036,-0.9268564010737756,True,False,0.17994937941088443,-0.20312682687402187,True,False
17.833315499999998,-0.3960035849923525,1.3917303352658548,True,False,0.5858727910113519,-1.2345233131510038,True,False,0.24387729934305946,-0.20083905807271682,True,False
17.8666488,-0.7940227783465781,2.3889333110757303,True,False,0.9287333037432138,-1.0998187178804706,True,False,0.22911224851297435,-0.0983117519381993,True,False
17.8999821,-0.94176156336499,2.634982134791219,True,False,0.9547936024045575,-0.5795666125279058,True,False,0.14739350569225604,0.043311072572557195,True,False
17.933315399999998,-0.8156223527874118,2.073542879917491,True,False,0.6155338650957431,0.12537734124549155,True,False,0.03423610833033873,0.148532147729182,True,False
17.9666487,-0.48993348612534143,0.9425282008242831,True,False,0.001196598004379216,0.7498147888640763,True,False,-0.06582565421546309,0.16075203168102492,True,False
17.999982,-0.10685556428764728,-0.321812621939223,True,False,-0.6896712894065107,1.067499414976605,True,False,-0.1169416900535753,0.06700198782078697,True,False
18.0333153,0.17918133430950064,-1.2537254170377452,True,False,-1.2224700526171293,0.9770862252558791,True,False,-0.10558230717206413,-0.09624078680280655,True,False
18.0666486,0.26148928585044023,-1.5344721330663165,True,False,-1.413227657440653,0.537412556824862,True,False,-0.04489764914993557,-0.2585116181204052,True,False
18.0999819,0.12259531243151349,-1.109521282501763,True,False,-1.196778925518684,-0.06057713542755955,True,False,0.0316401203463555,-0.3454762244410412,True,False
18.1333152,-0.15902060308471266,-0.2029984533570802,True,False,-0.6505365210539581,-0.5727837196572034,True,False,0.08454648260152706,-0.3109817131471653,True,False
18.1666485,-0.43998215986615496,0.774455149199796,True,False,0.03512570052130653,-0.7996495433320401,True,False,0.08480640376752643,-0.1575961682627171,True,False
18.1999818,-0.5693553013304447,1.3879524424124687,True,False,0.6284826876929711,-0.6639012115532232,True,False,0.02603578300685408,0.0629130021795519,True,False
18.2333151,-0.45033356575309164,1.3483155407708196,True,False,0.9426503204587907,-0.23836758973290412,True,False,-0.07238448565491408,0.26935199721743613,True,False
18.2666484,-0.08219429426424218,0.6250678829525647,True,False,0.903454359017305,0.2859405547376221,True,False,-0.17237723721936354,0.38303593680388487,True,False
18.2999817,0.4343771430074751,-0.5401338466284347,True,False,0.5732253863684337,0.6778880959460276,True,False,-0.23171872520047246,0.35900238957025904,True,False
18.333315,0.9315754071235702,-1.724364187933847,True,False,0.12181130428750171,0.7592744325564271,True,False,-0.2205478476396498,0.20414173013128248,True,False
18.3666483,1.2359560736720874,-2.483830889314923,True,False,-0.24354548432078807,0.47662708281382654,True,False,-0.13361064875528122,-0.024704832723263546,True,False
18.3999816,1.2338085342042404,-2.5226659556722706,True,False,-0.3619809210306485,-0.0757331254734279,True,False,0.006393897727165919,-0.24171320312485653,True,False
18.4333149,0.9151365124614658,-1.8056430772547891,True,False,-0.1837040106286119,-0.6898667373844591,True,False,0.1557482014977783,-0.3639439669327851,True,False
18.4666482,0.3788594954398621,-0.571616349656724,True,False,0.2097340928408614,-1.1224300997952934,True,False,0.26458953344864,-0.34212271566850383,True,False
18.4999815,-0.20327305508495655,0.7574648131616494,True,False,0.637726244960665,-1.1873383048157544,True,False,0.29450901048458494,-0.1790490744545006,True,False
18.5333148,-0.6504428415571692,1.7366991902070634,True,False,0.8931046065172291,-0.8280746949015138,True,False,0.23263346797447235,0.07096459779350028,True,False
18.5666481,-0.839591569600446,2.0652981216257786,True,False,0.8266711157854335,-0.14251089372687445,True,False,0.09710565633549792,0.3213387988706955,True,False
18.5999814,-0.7493001183564963,1.695665294797212,True,False,0.41060124430731765,0.6492890472141245,True,False,-0.06818463606155481,0.4841701414758097,True,False
18.6333147,-0.4635979458036466,0.8425723369083276,True,False,-0.2445556912244802,1.2827272396075013,True,False,-0.2080548691957124,0.5016765006029534,True,False
18.666648,-0.13438856976518512,-0.10983965370306746,True,False,-0.926764379353825,1.543405338726038,True,False,-0.27487581808293954,0.3667421661541895,True,False
18.6999813,0.08234675491644161,-0.7650374090789233,True,False,-1.3998939428961448,1.34414588474041,True,False,-0.24535946905822173,0.12510050203208814,True,False
18.7333146,0.0908726490077422,-0.8718571361021172,True,False,-1.492322910031096,0.7559522589916619,True,False,-0.1293449159963586,-0.1415926564035957,True,False
18.7666479,-0.10541649767088947,-0.4203445021044768,True,False,-1.1627216714062525,-0.018488560180260533,True,False,0.03279220294442295,-0.34550209696799694,True,False
18.7999812,-0.40630902364918997,0.36141933177957764,True,False,-0.5173497971413913,-0.7189295276663401,True,False,0.18362944603969264,-0.4241617289816578,True,False
18.8333145,-0.6573789338522349,1.1064213538350727,True,False,0.22834999061267228,-1.121864341584361,True,False,0.2687333993011116,-0.3622284523346229,True,False
18.8666478,-0.7155670875363752,1.462289572586303,True,False,0.829583529114324,-1.1201259302956832,True,False,0.2563456781067603,-0.19561058221558217,True,False
18.8999811,-0.5109634756259617,1.2367231985320193,True,False,1.1029895869824013,-0.75844943369024,True,False,0.14960486052662772,0.0032009089857116036,True,False
18.9333144,-0.0794099984234419,0.47647164123969854,True,False,0.9934286847592512,-0.2121236510947616,True,False,-0.013470314545343177,0.1528025155830164,True,False
18.9666477,0.4476914219747333,-0.5508576549610014,True,False,0.5909661125361481,0.2829244101028798,True,False,-0.1727936422699858,0.19312612740980772,True,False
18.999981,0.8926010268367512,-1.4634951665599971,True,False,0.0915327421872253,0.5221925725777733,True,False,-0.2677022781255683,0.10721355584227892,True,False
19.0333143,1.09983108640142,-1.9168386409468279,True,False,-0.283288409058325,0.41217121460317274,True,False,-0.2595720632828857,-0.07309972057044364,True,False
19.0666476,0.9965440131176923,-1.7385046260257915,True,False,-0.3758450206277885,0.0074171326302459395,True,False,-0.14717281011041922,-0.2791803589289842,True,False
19.0999809,0.6205482860946737,-0.9937568062530645,True,False,-0.15603129614669942,-0.5091036849814001,True,False,0.03135133672872607,-0.4305583709046459,True,False
19.1333142,0.10489081394939725,0.043343183941348264,True,False,0.26640534136771954,-0.8955859681147795,True,False,0.2112642164796481,-0.46379478911695843,True,False
19.1666475,-0.37433719332161647,0.999720856145162,True,False,0.686160256959734,-0.9454217271080139,True,False,0.32462717699172805,-0.3551613090398031,True,False
19.1999808,-0.6655913660851408,1.548689255211254,True,False,0.8862152303895358,-0.570863430263562,True,False,0.32586954179463384,-0.12942849903792966,True,False
19.2333141,-0.6975902478214401,1.5323848861063334,True,False,0.7282982791521305,0.15523424317726664,True,False,0.2098599444689807,0.14811075945978927,True,False
19.2666474,-0.5012176108396963,1.0132045682565203,True,False,0.21396634060234104,1.0162791655872156,True,False,0.015235207538000844,0.39362818192870513,True,False
19.2999807,-0.18988755148599845,0.23602712951924454,True,False,-0.5085779556262565,1.7229418557244174,True,False,-0.18887492890946275,0.5333242205296336,True,False
19.333314,0.09223914175210746,-0.4802943585203402,True,False,-1.1957812330414392,2.0139436980324925,True,False,-0.3282205848768754,0.5288092400648728,True,False
19.3666473,0.2318984176742843,-0.8753564807521624,True,False,-1.599177345474751,1.7508803506006634,True,False,-0.35150119993441703,0.39034791253204243,True,False
19.3999806,0.19250455093547336,-0.8484814923986169,True,False,-1.560333496286695,0.9726364311651109,True,False,-0.2503217438095004,0.17291674111441988,True,False
19.4333139,0.02561957639738727,-0.4886687176844967,True,False,-1.0733694078579041,-0.11127244231790943,True,False,-0.06303094318829226,-0.043997179280003414,True,False
19.4666472,-0.15560327103826113,-0.024192594734699285,True,False,-0.2902643305777051,-1.1875520223065545,True,False,0.13946900957722946,-0.1858234905384235,True,False
19.4999805,-0.22879946744193352,0.28343367779577305,True,False,0.5337975845979875,-1.9435795417189852,True,False,0.2807735152331838,-0.21063628026759793,True,False
19.5333138,-0.11794411366576911,0.25440455648052074,True,False,1.1344194029833055,-2.172797894417403,True,False,0.3084757389636987,-0.12437046697791553,True,False
19.5666471,0.17134189987888443,-0.13371781569544147,True,False,1.3352065506715836,-1.8433078246019454,True,False,0.21448812043290932,0.022815511999021976,True,False
19.5999804,0.5511471854450676,-0.7391057689047132,True,False,1.1106909340756623,-1.104563012064196,True,False,0.037997007394178745,0.1580233616917799,True,False
19.6333137,0.8849486216542278,-1.3170027349853184,True,False,0.5907938574561505,-0.22926110947428335,True,False,-0.15030560538708773,0.21657144013830018,True,False
19.666647,1.041077404675746,-1.6206904984497348,True,False,0.005530797395645555,0.48862573636043094,True,False,-0.27654215244211183,0.16978561452091445,True,False
19.6999803,0.943701938761575,-1.4989472989301396,True,False,-0.4079498214676786,0.8420405886378501,True,False,-0.2931893747087027,0.03782933396871165,True,False
19.7333136,0.6008131195884855,-0.9510333353677839,True,False,-0.4992145728432975,0.7845906620909758,True,False,-0.19787998410786184,-0.11834383749185834,True,False
19.7666469,0.0988920962312905,-0.12010990698382502,True,False,-0.2622924923685207,0.44150396954428806,True,False,-0.0337695792671224,-0.22317364502249992,True,False
19.7999802,-0.4319931180248158,0.7677779376157399,True,False,0.16530889542011068,0.05297337108468739,True,False,0.1287411496888182,-0.22020486213951385,True,False
19.8333135,-0.8670185585817644,1.4907098655600475,True,False,0.5616624500662096,-0.12879561816156532,True,False,0.22146759673518926,-0.09904607799964504,True,False
19.8666468,-1.1288960572211675,1.9073828495956338,True,False,0.7138437092875148,0.051182416131231645,True,False,0.20694881041918822,0.09643785363596492,True,False
19.8999801,-1.2071332865021123,1.9939982590559033,True,False,0.5082938529790013,0.5788112881860648,True,False,0.09417065114070104,0.2832257502814036,True,False
19.9333134,-1.1484588242794556,1.8310625960647902,True,False,-0.018214848260287353,1.266584362362211,True,False,-0.06510558503490645,0.3723249978344129,True,False
19.9666467,-1.0251526362487413,1.5509269992681975,True,False,-0.6878582979114677,1.8209723448167654,True,False,-0.19800732135468632,0.3068864972802492,True,False
19.99998,-0.89696813767998,1.2719912886779834,True,False,-1.248320731281419,1.9571143568441696,True,False,-0.2413133697988792,0.08934792033039118,True,False
20.0333133,-0.7840068811989982,1.0487003968114443,True,False,-1.47091380993819,1.5165801209353318,True,False,-0.16856863859865917,-0.21449136420097037,True,False
20.0666466,-0.6619393545911909,0.8573124652193514,True,False,-1.2418001121119948,0.5412743235950688,True,False,-0.0022183305512929923,-0.49752228086944006,True,False
20.0999799,-0.4803200518087551,0.6205307292792879,True,False,-0.6102243881989976,-0.7273668521253291,True,False,0.19444723699857322,-0.651822074537249,True,False
20.1333132,-0.19430198731081136,0.25700268093882034,True,False,0.22573429285611266,-1.9259204814763755,True,False,0.34243080872055204,-0.6118609860841558,True,False
20.1666465,0.20559688772682216,-0.26834581362318366,True,False,0.9909778348201587,-2.695166167368268,True,False,0.379074547153353,-0.38281499824088544,True,False
20.1999798,0.6795923393253284,-0.9162099998611184,True,False,1.4352649684696248,-2.807476171057428,True,False,0.2839451237442717,-0.04174601798887307,True,False
20.2333131,1.1469273387001873,-1.5791006953685802,True,False,1.425785463356647,-2.2471565879560083,True,False,0.08796165599603531,0.28993498561637526,True,False
20.2666464,1.5125636331055405,-2.1181494392323197,True,False,0.9946640945179618,-1.2135070774119217,True,False,-0.13802007677733302,0.4926123498552612,True,False
20.2999797,1.7004151498835347,-2.413531050827105,True,False,0.3232529557704491,-0.04600235055588839,True,False,-0.3106256811104101,0.4951981497599513,True,False
20.333313,1.6787882920803179,-2.406415491398284,True,False,-0.33024198895497253,0.8994328158184535,True,False,-0.3664102447306248,0.30369160336822426,True,False
20.3666463,1.4676901001977123,-2.1153172847160358,True,False,-0.73123706237137,1.3760324029393078,True,False,-0.28642655300821257,-0.0002814733444135881,True,False
20.3999796,1.1260969171058364,-1.6219510489342281,True,False,-0.7580507297675723,1.3268628771251445,True,False,-0.10328095023309572,-0.2909044633425917,True,False
20.4333129,0.726180054970835,-1.0353161520438143,True,False,-0.4453586235482393,0.8917415021337615,True,False,0.11187443591059122,-0.44745530077310974,True,False
20.4666462,0.32681654039563146,-0.45150589136706715,True,False,0.034641169885011515,0.3401106013431409,True,False,0.27700362363454334,-0.40198559034864056,True,False
20.4999795,-0.04182237265055756,0.07300734780466756,True,False,0.44531703568594244,-0.04243389863122882,True,False,0.3304638136785421,-0.16640491491686027,True,False
20.5333128,-0.37676522843558713,0.5247027785232801,True,False,0.5836719914021411,-0.0693942849147421,True,False,0.2537433295754636,0.17187836140660578,True,False
20.5666461,-0.6864245543233882,0.9148855904104971,True,False,0.364432314695424,0.27380120574798206,True,False,0.07720398642476833,0.4840615518863341,True,False
20.5999794,-0.9700088547142417,1.2521387648410685,True,False,-0.1431823883705189,0.8265244133758938,True,False,-0.13276040324388505,0.6502227967316926,True,False
20.6333127,-1.2038704903105482,1.5211338938683685,True,False,-0.7406763927457507,1.3193350111695603,True,False,-0.29953969529729335,0.6057976134128129,True,False
20.666646,-1.342921258750895,1.6795162101830599,True,False,-1.1777691069251222,1.483526023071074,True,False,-0.3647977562475875,0.36594889411330617,True,False
20.6999793,-1.3376367516242624,1.6749413651369842,True,False,-1.2518837325217966,1.161148980181493,True,False,-0.30885287911667475,0.018526979574479397,True,False
20.7333126,-1.1591384482681353,1.4738882651717327,True,False,-0.8906247596483197,0.3730776238525286,True,False,-0.15582751089181984,-0.31103762966218396,True,False
20.7666459,-0.8202255497800746,1.0875916558924492,True,False,-0.18474004581912185,-0.6809490676392631,True,False,0.037415801340184025,-0.5084469501664881,True,False
20.7999792,-0.3813001097090629,0.5812527338671265,True,False,0.6417184368028689,-1.6902052168914186,True,False,0.20344666379976092,-0.5133078213555263,True,False
20.8333125,0.06347036546479674,0.060168134433139626,True,False,1.3128823985619724,-2.3428061645104186,True,False,0.2887184415894309,-0.33936126080935636,True,False
20.8666458,0.41552736135930285,-0.3629396493745462,True,False,1.6029529444879993,-2.4358635149960297,True,False,0.2713305747104377,-0.06518088335378028,True,False
20.8999791,0.6052915194547241,-0.6062268394426423,True,False,1.419350009684664,-1.9448597903247713,True,False,0.166313417265744,0.19949962569633606,True,False
20.9333124,0.6156361888143128,-0.6464666220668279,True,False,0.8353856200771531,-1.0274002063328391,True,False,0.017642927497859267,0.3571409455131055,True,False
20.9666457,0.485380829484725,-0.5242448992467549,True,False,0.06042644650451097,0.038078565208146155,True,False,-0.11903426640482985,0.3577507022682197,True,False
20.999979,0.2911124300965055,-0.3242773595618964,True,False,-0.6402727098043527,0.9535342909122594,True,False,-0.19615694598913921,0.2130478916426554,True,False
21.0333123,0.1149484265956755,-0.13928149331412318,True,False,-1.044654201809805,1.5032057775156424,True,False,-0.18957906849658834,-0.014110337638379414,True,False
21.0666456,0.011940935338172925,-0.032929044513627284,True,False,-1.053636121277725,1.6182748579921036,True,False,-0.1048652665016463,-0.23828473245211346,True,False
21.0999789,-0.00905196152045561,-0.017649559535442512,True,False,-0.7214468196359415,1.382345419726758,True,False,0.026514865373912646,-0.3847291489762234,True,False
21.1333122,0.016856198751327375,-0.056349750097042545,True,False,-0.2260463413261136,0.9795707814982542,True,False,0.158792947460557,-0.4138498767196259,True,False
21.1666455,0.03261987611983902,-0.0864537251186748,True,False,0.20736323230624215,0.6093501264850627,True,False,0.24691097494426897,-0.32875012679823395,True,False
21.1999788,-0.009163500538659886,-0.054801133077272635,True,False,0.39865463596081124,0.40330906696680313,True,False,0.26014666384074847,-0.16589379887405814,True,False
21.2333121,-0.11963675610562527,0.05276526719455223,True,False,0.28416395986205395,0.3775245319190097,True,False,0.1906483769498357,0.024138654221873376,True,False
21.2666454,-0.26431936964050134,0.20077775177367677,True,False,-0.060764441206984765,0.4372878885222219,True,False,0.05506632135784247,0.19599234997572101,True,False
21.2999787,-0.3756328825788999,0.31756532965080053,True,False,-0.45626274291993146,0.4298109987203523,True,False,-0.11054586316534588,0.3211279345708264,True,False
21.333312,-0.38219025848689375,0.32698509514993124,True,False,-0.6948966831825044,0.22107958996704216,True,False,-0.2608097171572455,0.38897536555662704,True,False
21.3666453,-0.24215343684519644,0.18447121493284968,True,False,-0.6297664574327069,-0.23593393594394363,True,False,-0.35337294215237486,0.4004640099450658,True,False
21.3999786,0.034079644941952654,-0.09866863342795314,True,False,-0.23818873797601334,-0.8700722859159193,True,False,-0.3604743209130101,0.359899744053813,True,False
21.4333119,0.3821978390621271,-0.4537959008307339,True,False,0.3647064793957693,-1.5105840783547506,True,False,-0.27685811348196726,0.2707512282017612,True,False
21.4666452,0.7047156782092603,-0.777583367112784,True,False,0.9680768780466765,-1.948037634378842,True,False,-0.12189592891364794,0.1375692317044243,True,False
21.4999785,0.9059548779209867,-0.9696619209214958,True,False,1.3465445054636178,-2.0133288158521334,True,False,0.0649724702910757,-0.02799480317603282,True,False
21.5333118,0.9270186113503299,-0.9697879807518216,True,False,1.3482484189854578,-1.6437187342987196,True,False,0.23469007657926172,-0.20198054063408274,True,False
21.5666451,0.7665328730871455,-0.7793399629573936,True,False,0.9548463997792873,-0.9102753175659495,True,False,0.34236464145134865,-0.34864949580280896,True,False
21.5999784,0.4789834725017303,-0.45870316822062573,True,False,0.2897255595225716,0.0036803038703085112,True,False,0.3605016847892937,-0.42884429374192484,True,False
21.6333117,0.15189089145073312,-0.10229834609294056,True,False,-0.42872002860435615,0.8646526659823146,True,False,0.28752429271600305,-0.4139770637137604,True,False
21.666645,-0.12823470778421428,0.19779553926975346,True,False,-0.970125622502055,1.4679024473615574,True,False,0.1485114242379283,-0.299840670464258,True,False
21.6999783,-0.30692082727199566,0.3843997618501099,True,False,-1.1786265675483123,1.7036782518533649,True,False,-0.012574258727284772,-0.11338686888263899,True,False
21.7333116,-0.377337795593889,0.4510864078962361,True,False,-1.0287433582826417,1.5866161763107653,True,False,-0.1469995922896451,0.09212721155219061,True,False
21.7666449,-0.37508932212837015,0.43612596864473807,True,False,-0.6290270680035851,1.2385619987259735,True,False,-0.2171340924068998,0.253441054862143,True,False
21.7999782,-0.3558327207397669,0.39883609853483937,True,False,-0.1727310824713806,0.8328270421808532,True,False,-0.2085871375081802,0.31960366764178455,True,False
21.8333115,-0.3664899067520613,0.38976010102811004,True,False,0.14408332829373324,0.5222974848932713,True,False,-0.13421504393507275,0.27157152346498675,True,False
21.8666448,-0.4230037150565274,0.42792366183545477,True,False,0.20366503301846117,0.37954685977005,True,False,-0.028457494631342263,0.13073038143837057,True,False
21.8999781,-0.5040847358598802,0.4944613909357614,True,False,0.014017498948476736,0.3721191727187932,True,False,0.06595271256844445,-0.04791477763522573,True,False
21.9333114,-0.5629083294820908,0.544213487035477,True,False,-0.2965663458737196,0.3824015180193181,True,False,0.113946090722979,-0.19592430305256497,True,False
21.9666447,-0.5506712589374402,0.5289927705836591,True,False,-0.5356935819993871,0.26416538366534187,True,False,0.10073006893362907,-0.2573660010811294,True,False
21.999978,-0.44086017842003905,0.4215174892931649,True,False,-0.5309908077493704,-0.08656788856244647,True,False,0.03634831625499141,-0.21028785727620378,True,False
22.0333113,-0.2431585494346345,0.22932987272201394,True,False,-0.20783113996953623,-0.6747248400655859,True,False,-0.049359308249671344,-0.07512651353881852,True,False
22.0666446,-0.0009358466562668396,-0.007048384481453662,True,False,0.37143385625659564,-1.3870851020434307,True,False,-0.11916861940782653,0.09332524051678508,True,False
22.0999779,0.22615877273719823,-0.23030401720990523,True,False,1.0236753667479872,-2.0206014281778226,True,False,-0.14318329242309966,0.22717263977792765,True,False
22.1333112,0.3863067463439574,-0.3892397344276165,True,False,1.5114327805228152,-2.3497896141143153,True,False,-0.1100224613228344,0.2714710162955142,True,False
22.1666445,0.4553610752070336,-0.4581679880512922,True,False,1.634133161765066,-2.2094227210709474,True,False,-0.030283252676820718,0.2049554214164431,True,False
22.1999778,0.4437047487546823,-0.44451189117432927,True,False,1.3083113488686415,-1.5618965331755583,True,False,0.06863808105316084,0.047714646063644256,True,False
22.2333111,0.38756175291415734,-0.3818273244593527,True,False,0.6049219193862805,-0.5231574865634212,True,False,0.1537542153924842,-0.146595534807282,True,False
22.2666444,0.329345497199197,-0.3119862329885626,True,False,-0.2715981572183291,0.6644022548713567,True,False,0.1988328543354709,-0.3104250809732978,True,False
22.2999777,0.29650787423895625,-0.26494626135769067,True,False,-1.0551359560407385,1.7043988025760564,True,False,0.1928807785303489,-0.38608783636652266,True,False
22.333311,0.28879483931574623,-0.24537061441309355,True,False,-1.5133177063331011,2.339682742576644,True,False,0.14178069021577744,-0.3448540350118261,True,False
22.3666443,0.2797206356414618,-0.23206194494316915,True,False,-1.5300686152201795,2.433651878131711,True,False,0.06326133168302844,-0.19503938605467566,True,False
22.3999776,0.23139936264918207,-0.19026081156066915,True,False,-1.143915516223272,2.010831841713045,True,False,-0.021754607412560863,0.022713683435114707,True,False
22.4333109,0.11569647854569047,-0.09099843231045085,True,False,-0.5279266922364125,1.242465206862824,True,False,-0.09709259163612649,0.2500544689704444,True,False
22.4666442,-0.06823356821263671,0.07149156316933516,True,False,0.08012075456572992,0.3827715028963391,True,False,-0.15503702995324842,0.4294378442403072,True,False
22.4999775,-0.2883263990398551,0.2724085586059281,True,False,0.4696061817284287,-0.3205774521799339,True,False,-0.19473424300047032,0.520016724472525,True,False
22.5333108,-0.48885184053171915,0.46266942328406174,True,False,0.5351287364712058,-0.70907829574077,True,False,-0.21705875475149916,0.5063206608257859,True,False
22.5666441,-0.610837619055351,0.5863986665963709,True,False,0.3109667138438125,-0.7594690160943591,True,False,-0.219549395703227,0.39840377266601906,True,False
22.5999774,-0.6150318519381623,0.6022972191338546,True,False,-0.05027183297266599,-0.5776973491492927,True,False,-0.1949223121612887,0.22528570971420683,True,False
22.6333107,-0.4976403525808041,0.49994250816834546,True,False,-0.3449586161732675,-0.34500142538953765,True,False,-0.1346560226565675,0.02529281841708807,True,False
22.666644,-0.2922073844114841,0.3043166669355227,True,False,-0.40410861399166514,-0.2382346964170714,True,False,-0.03619457060046051,-0.1631273843329977,True,False
22.6999773,-0.056952904533525736,0.06687443932715974,True,False,-0.16322226261179043,-0.3557962492236675,True,False,0.09008908127828935,-0.30798445756710036,True,False
22.7333106,0.14699381345014406,-0.15298292136504796,True,False,0.310901552214261,-0.6776159229787366,True,False,0.21859811679336438,-0.3874387629930323,True,False
22.7666439,0.2773514458194235,-0.308415837244427,True,False,0.846109964438214,-1.0738639600790376,True,False,0.31359369109571117,-0.39158649707117643,True,False
22.7999772,0.3236038785113515,-0.3795546869445814,True,False,1.232430045389066,-1.3578997818460972,True,False,0.3409906809234183,-0.3234182806159631,True,False
22.8333105,0.3062388032853509,-0.37655822164733366,True,False,1.3040018887395766,-1.3619699430233894,True,False,0.282681938561514,-0.1991649814231555,True,False
22.8666438,0.2633539430992949,-0.33087739425429924,True,False,1.003256006245655,-1.005876355476253,True,False,0.14722909117904537,-0.047143423219763114,True,False
22.8999771,0.23090847932379513,-0.2790099660423997,True,False,0.4029365764125764,-0.3322762566257126,True,False,-0.028566405572344987,0.09624344111716653,True,False
22.9333104,0.22531649404355011,-0.2457966699970589,True,False,-0.32136882577431425,0.5042237454727451,True,False,-0.18940932195340737,0.19400690454781788,True,False
22.9666437,0.23580499737592844,-0.2341240340439611,True,False,-0.956171143001159,1.289030981859105,True,False,-0.2801056030963278,0.21856186110628165,True,False
22.999977,0.22968017538013738,-0.22500384912008184,True,False,-1.326484176836688,1.8201125169933776,True,False,-0.2664435865068719,0.1613534394153251,True,False
23.0333103,0.1682364168177117,-0.18767924501440478,True,False,-1.3543445844634185,1.973797127613335,True,False,-0.15011373412624157,0.03830188923718764,True,False
23.0666436,0.02671914149842888,-0.09541439283947924,True,False,-1.0782993894916795,1.7403595473418494,True,False,0.028934515757954478,-0.11209684196345347,True,False
23.0999769,-0.18984032981985666,0.05952743636471256,True,False,-0.6287681490171644,1.2184051924119543,True,False,0.2047639013117782,-0.23886665655047354,True,False
23.1333102,-0.4414902915611262,0.2578066338774725,True,False,-0.17146861250555243,0.5729099553397086,True,False,0.3086797989875689,-0.2945141109013813,True,False
23.1666435,-0.6614731502049689,0.4552470795619726,True,False,0.15725022804844352,-0.025281060635981758,True,False,0.2951132160980555,-0.25178290953506116,True,False
23.1999768,-0.7753242556481292,0.594981136621973,True,False,0.2976267967183326,-0.45529303364777907,True,False,0.16026842539212008,-0.11507646324604395,True,False
23.2333101,-0.7248445373271114,0.6255443585126569,True,False,0.27914745708855176,-0.6777749357216633,True,False,-0.054077629143748925,0.0782734583716083,True,False
23.2666434,-0.48918592046323633,0.518905990561661,True,False,0.19622596138164347,-0.7330538566034865,True,False,-0.27384164483095086,0.2683567868346801,True,False
23.2999767,-0.09617955322552585,0.2824141540533276,True,False,0.15926588232037345,-0.7098121658446587,True,False,-0.41868710057719705,0.3918798491517569,True,False
23.33331,0.380032388541038,-0.03947659046418916,True,False,0.2425055812824223,-0.698830262935836,True,False,-0.4315101668384487,0.40392118388354864,True,False
23.3666433,0.8350546804707653,-0.3747360264549785,True,False,0.4500932021480358,-0.7508660857498005,True,False,-0.3003790700533551,0.29459737538675856,True,False
23.3999766,1.1601445567407087,-0.6422242516679211,True,False,0.7134003171837033,-0.8549353811939774,True,False,-0.06449294023955139,0.09440220832285909,True,False
23.4333099,1.27130119139808,-0.7740353575418986,True,False,0.9194642083766674,-0.944566929380285,True,False,0.19845361905056924,-0.13423223601173045,True,False
23.4666432,1.1336351897660368,-0.7352655225162203,True,False,0.9580634215846056,-0.928517987418285,True,False,0.39920278796419334,-0.3167755620473551,True,False
23.4999765,0.7737409587815528,-0.535118205746841,True,False,0.7680820517948546,-0.7331274625302194,True,False,0.46849035090999114,-0.39134000943858605,True,False
23.5333098,0.27536805247089313,-0.22543919690235267,True,False,0.3648630021293868,-0.33931034710411684,True,False,0.38176306546343236,-0.3299161400813518,True,False
23.5666431,-0.24201071019308068,0.1136426298178716,True,False,-0.16166240836383314,0.20049230716344368,True,False,0.16806004457058873,-0.14872375556299056,True,False
23.5999764,-0.6568799763424442,0.39721161654610077,True,False,-0.6766764349877866,0.7723635721740277,True,False,-0.10015034792055089,0.09607708124532582,True,False
23.6333097,-0.8820256081740491,0.5611229585403359,True,False,-1.0461483614855815,1.234774755212527,True,False,-0.3324497971721278,0.32610281693465515,True,False
23.666643,-0.8916339807636723,0.5812536945632156,True,False,-1.181197332040158,1.4643046013163956,True,False,-0.4520191374886692,0.4660888611738526,True,False
23.6999763,-0.7288394389461698,0.4795843941695445,True,False,-1.065209727155021,1.3969949829243045,True,False,-0.42191714686671933,0.4684244054564381,True,False
23.7333096,-0.4892006759766465,0.3143988495353851,True,False,-0.754938808741744,1.0507638369650873,True,False,-0.2568016114029474,0.328676877387958,True,False
23.7666429,-0.28410328932941964,0.15747161485497968,True,False,-0.3567250315490485,0.5210465322691012,True,False,-0.016202177474783176,0.08692138952423843,True,False
23.7999762,-0.19637309995054028,0.06616148459338775,True,False,0.012221888187990521,-0.0488570081811534,True,False,0.21781767517703712,-0.18552380598443197,True,False
23.8333095,-0.2449694737750879,0.060814635343521585,True,False,0.2629654713830662,-0.51269124018313,True,False,0.3701883388259368,-0.40942402026142105,True,False
23.8666428,-0.37397168001718634,0.11654828648915312,True,False,0.36083788385101107,-0.7664042413244663,True,False,0.3987135744081215,-0.5230926884347963,True,False
23.8999761,-0.4728964896001594,0.17347362150941906,True,False,0.3303376586449038,-0.7786593034462181,True,False,0.3070490337197869,-0.5013924167565271,True,False
23.9333094,-0.4231926894739231,0.16237058515831834,True,False,0.23887658316119217,-0.5967587767609395,True,False,0.1404707036205164,-0.36196793584411135,True,False
23.9666427,-0.15415064562255357,0.03638954120780471,True,False,0.16657956958732448,-0.3261584788717984,True,False,-0.033438168880591715,-0.15690170000340456,True,False
23.999976,0.3145653114201623,-0.2038163223890242,True,False,0.17359552228403322,-0.09049414518734301,True,False,-0.1515100933386098,0.04689509126365182,True,False
24.0333093,0.8637240176979659,-0.502457499037922,True,False,0.27651430364615154,0.014257187772848349,True,False,-0.1788425896466084,0.19132854811942854,True,False
24.0666426,1.3070101336002549,-0.7631916020233309,True,False,0.4418060986434009,-0.044631300952371396,True,False,-0.12075395467492525,0.2462991477914121,True,False
24.0999759,1.4569415324090063,-0.8820852056543981,True,False,0.5981378219217831,-0.22453724804024736,True,False,-0.018479654197717667,0.21772641847053317,True,False
24.1333092,1.2009330805447584,-0.7875056527588886,True,False,0.6629975025830818,-0.42429258769898975,True,False,0.06945560851375104,0.14196212415017936,True,False
24.1666425,0.5573131749737879,-0.4718920147476671,True,False,0.5742767276079503,-0.5247314778754154,True,False,0.0926775617928703,0.06916760364187188,True,False
24.1999758,-0.31383195313452383,-0.0023887004792511072,True,False,0.3157848070159193,-0.43827239697762627,True,False,0.03098068955303665,0.04222024406649966,True,False
24.2333091,-1.1540289538377382,0.4954530972424856,True,False,-0.07237145032974214,-0.1482746443076459,True,False,-0.09607292178135471,0.07922955524489463,True,False
24.2666424,-1.691758604683306,0.8767583036444371,True,False,-0.5025939181643061,0.2782039583934883,True,False,-0.2361623018655492,0.1662758020836408,True,False
24.2999757,-1.7395698027652036,1.0260722040454033,True,False,-0.8653585674793469,0.7108044640157661,True,False,-0.32539760966637626,0.26309062122434584,True,False
24.333309,-1.265918131370973,0.8981970841412581,True,False,-1.0633168593591504,1.0028213115531524,True,False,-0.3153917749288181,0.3194896902351271,True,False
24.3666423,-0.41252838517237206,0.535645024137368,True,False,-1.0425849667005327,1.046978822545801,True,False,-0.1951562641113375,0.29622192639761413,True,False
24.3999756,0.5517589249701561,0.05540416425810125,True,False,-0.8105454846103529,0.8180039825445106,True,False,0.0016139801116321862,0.18206479681005566,True,False
24.4333089,1.3249297279635113,-0.39093414556394307,True,False,-0.4338120250629947,0.3846281487891577,True,False,0.2077151759744971,0.00024003033023580758,True,False
24.4666422,1.6784669075154557,-0.6694407808825874,True,False,-0.01661573236740094,-0.11441970464582922,True,False,0.34841702308901096,-0.19878192446986584,True,False
24.4999755,1.5359904541803329,-0.7092845291936494,True,False,0.3333880768204481,-0.5214865736765603,True,False,0.37216036665762714,-0.35567502698196557,True,False
24.5333088,0.9937952971053465,-0.524503281226031,True,False,0.5402915790391435,-0.7182829370649847,True,False,0.27325120266849734,-0.424776783268003,True,False
24.5666421,0.27619433962926077,-0.20426818232445007,True,False,0.5836925174949305,-0.6685712394550604,True,False,0.0963887823731352,-0.3916363885822758,True,False
24.5999754,-0.3555220322990323,0.12406356167925744,True,False,0.5021971495636612,-0.42861736341515866,True,False,-0.08009855521950755,-0.278147022135287,True,False
24.6333087,-0.7035770224304789,0.34434290419462504,True,False,0.37482191366890005,-0.1215428026473579,True,False,-0.17656849009076733,-0.13274084505804798,True,False
24.666642,-0.7038287343925017,0.3941172378784807,True,False,0.28668032489401574,0.11403293087293435,True,False,-0.14711146519097615,-0.009457442881463142,True,False
24.6999753,-0.4390572382441817,0.2839965040932076,True,False,0.29184947844577275,0.18055084234915583,True,False,-0.0023645008138023548,0.05523567435104179,True,False
24.7333086,-0.09274533986405487,0.08723216052302471,True,False,0.38835544430835806,0.060692381208574654,True,False,0.19078205937466225,0.05756247159072741,True,False
24.7666419,0.13515135689593497,-0.09511878615987257,True,False,0.516438841763447,-0.1766201419694382,True,False,0.33437219117064815,0.02634806101182684,True,False
24.7999752,0.11439790734062245,-0.17844995166710478,True,False,0.5825177199869012,-0.40611926964362693,True,False,0.3406476205972026,0.007234339416622729,True,False
24.8333085,-0.16263505224466143,-0.129930609368272,True,False,0.5006341888203393,-0.5002589798409471,True,False,0.17287239134077848,0.03805907663346065,True,False
24.8666418,-0.5814420199418264,0.019259045765565908,True,False,0.23493942388841976,-0.38554009516377924,True,False,-0.13202782407408364,0.12685288360270974,True,False
24.8999751,-0.9564835779868669,0.18897784065594675,True,False,-0.1752864284276109,-0.07750646866188908,True,False,-0.47046827698073557,0.24335745192717542,True,False
24.9333084,-1.1096615355133272,0.2851570139242734,True,False,-0.6209072548904697,0.32118185006423416,True,False,-0.7085987467127732,0.32919594403210406,True,False
24.9666417,-0.943025530442513,0.23950889817396379,True,False,-0.9595076684751292,0.6602631572775354,True,False,-0.7352955832143888,0.3233158275309892,True,False
24.999975,-0.4768389947614603,0.03755328596947568,True,False,-1.0707625078058194,0.8036739484726051,True,False,-0.5108457537995811,0.19198347625652734,True,False
25.0333083,0.16005684697541903,-0.2753730089242839,True,False,-0.9085654636838795,0.6881118587455619,True,False,-0.0904943854434964,-0.05012959605111817,True,False
25.0666416,0.7806037068717745,-0.6105830918584413,True,False,-0.5269787720473998,0.35309830962098443,True,False,0.3891061904511195,-0.33802487364023864,True,False
25.0999749,1.2080110717125088,-0.8664762115618133,True,False,-0.06612366618964088,-0.07155928509376652,True,False,0.7579026940436275,-0.5760386316029492,True,False
25.1333082,1.3347360241172572,-0.9602424756080301,True,False,0.2997777099621354,-0.4172648795633869,True,False,0.8776349923665443,-0.6723632592265046,True,False
25.1666415,1.151035856183135,-0.8499068670645472,True,False,0.43324832511685873,-0.5465410157779903,True,False,0.6985095175094391,-0.5751239214069851,True,False
25.1999748,0.736540436673208,-0.5417287527282554,True,False,0.294257555772764,-0.41208536365413506,True,False,0.2834448251064353,-0.29546812445714465,True,False
25.2333081,0.22333772546436076,-0.08454303080670095,True,False,-0.036529289677205624,-0.07928751251254143,True,False,-0.21201768667898044,0.09220194022751071,True,False
25.2666414,-0.2516013614594905,0.44344772905432117,True,False,-0.38534710026013025,0.29873098811884163,True,False,-0.5982959417088434,0.4739639304922519,True,False
25.2999747,-0.5861917328993703,0.9499294368998366,True,False,-0.5560588583785578,0.5445327001480347,True,False,-0.7266954207530784,0.7357814008263172,True,False
25.333308,-0.7335084384041792,1.3430568812628276,True,False,-0.4166771985831102,0.5324536976013278,True,False,-0.5506313570030382,0.8039325416346457,True,False
25.3666413,-0.7007911226032426,1.5455404153584429,True,False,0.03496715321894511,0.24528777758418877,True,False,-0.14732541578954203,0.6710375357048453,True,False
25.3999746,-0.533588364670353,1.5091206060190168,True,False,0.6570129137578611,-0.2133447792117438,True,False,0.3106461099926625,0.3974671209570327,True,False
25.4333079,-0.2948145674229701,1.2282703359479588,True,False,1.2113793798374284,-0.657872439812648,True,False,0.6242230189829534,0.08722306063585937,True,False
25.4666412,-0.04683292565630441,0.7487673597902441,True,False,1.457846752121627,-0.8963238091563579,True,False,0.6501743119947896,-0.1527022983932274,True,False
25.4999745,0.15979759290887374,0.16510996179553694,True,False,1.257169522108912,-0.8119456558495715,True,False,0.363131625623693,-0.2537908211947984,True,False
25.5333078,0.29156232284008154,-0.39736125026661945,True,False,0.6391967485956865,-0.4166025255257083,True,False,-0.12928182142373537,-0.21186790053969926,True,False
25.5666411,0.3338567803934986,-0.8143107251333029,True,False,-0.19604336968399236,0.14771803676958417,True,False,-0.6262930307558976,-0.08673656150231872,True,False
25.5999744,0.2914549157345899,-1.00006569540668,True,False,-0.9495108504242535,0.6620690695869225,True,False,-0.9142068332100377,0.0247899456656587,True,False
25.6333077,0.18747888524870737,-0.9380499670603,True,False,-1.3408787861692655,0.9183516537805999,True,False,-0.8550760575406265,0.03199788379373423,True,False
25.666641,0.05916492513685614,-0.6908592999852401,True,False,-1.225395255233387,0.806479560491418,True,False,-0.4472592035770406,-0.10789476482026102,True,False
25.6999743,-0.05100512861842032,-0.3824850626054907,True,False,-0.6599870818383294,0.36448523006496913,True,False,0.16822714965890917,-0.3666330718237905,True,False
25.7333076,-0.10796799984271804,-0.15516791758716988,True,False,0.11229239095172848,-0.230895763144681,True,False,0.7600008365910093,-0.6508228091963719,True,False
25.7666409,-0.09671494243231829,-0.11424999880108021,True,False,0.7569720971158693,-0.731822330740602,True,False,1.09749448449249,-0.8355398850059024,True,False
25.7999742,-0.029349527541716817,-0.2818104895923719,True,False,0.985508908968396,-0.9195802764031283,True,False,1.0445205402928408,-0.8131345815257081,True,False
25.8333075,0.0579401496409317,-0.5799383274059988,True,False,0.6788659626716959,-0.6972430885403459,True,False,0.6166625420582749,-0.5384123525571345,True,False
25.8666408,0.11863249571096256,-0.8554818795716675,True,False,-0.05556719943742267,-0.135898270543926,True,False,-0.022098794326089608,-0.05247568735515761,True,False
25.8999741,0.11589004944509092,-0.9418665261307596,True,False,-0.9202718526121532,0.5469026666065943,True,False,-0.6235118288998627,0.5245413023663934,True,False
25.9333074,0.04059988668672433,-0.7358966607376057,True,False,-1.5450701054924076,1.0706045154743598,True,False,-0.9547192574879831,1.03002575069886,True,False
25.9666407,-0.08112119692136076,-0.2565064423039611,True,False,-1.639042755603301,1.2050996076813378,True,False,-0.8929961342646825,1.312109553998009,True,False
25.999974,-0.19572906642059407,0.3449152231389495,True,False,-1.1143378148469236,0.8682887418487062,True,False,-0.4763720162095707,1.280856938572793,True,False
26.0333073,-0.2436108254952037,0.8351548967410419,True,False,-0.1295086147564179,0.16645897825430908,True,False,0.11145818690647205,0.939362305083427,True,False
26.0666406,-0.18582265899551612,0.9961904501679341,True,False,0.9675254095931436,-0.6416869102366075,True,False,0.616645011498432,0.3837039068224887,True,False
26.0999739,-0.024745913694495286,0.7295715788303327,True,False,1.7753678674678088,-1.245341685895598,True,False,0.8206651027055373,-0.22847241918534986,True,False
26.1333072,0.19114220247289027,0.12000278070498567,True,False,1.999218818821152,-1.4067999318876399,True,False,0.6323769721879571,-0.7300196539440804,True,False
26.1666405,0.3819724412048911,-0.5770538736150417,True,False,1.5696288776698595,-1.0602262845435404,True,False,0.12813502375967395,-0.9989423100350154,True,False
26.1999738,0.4659942150359971,-1.0273608054571162,True,False,0.6706925780763454,-0.34202100644253447,True,False,-0.4775788266485603,-0.9964159489071288,True,False
26.2333071,0.3925068961700422,-0.956272880301084,True,False,-0.33467840489012485,0.46173107379698897,True,False,-0.9199369914181033,-0.7746017824378486,True,False
26.2666404,0.16469367518826236,-0.2756804588855971,True,False,-1.052391752721337,1.0307863996196058,True,False,-0.9944275726887118,-0.4514491735083506,True,False
26.2999737,-0.15758202316395156,0.8577872818005298,True,False,-1.2174086667168673,1.1423286219198485,True,False,-0.6447552934580398,-0.16192203725938542,True,False
26.333307,-0.4770225350793318,2.083524406454828,True,False,-0.8007224457803023,0.7639304600440242,True,False,0.009020495651511943,-0.004295996503119231,True,False
26.3666403,-0.6931799000096142,2.964647001017699,True,False,-0.018928205652729842,0.06841107675999955,True,False,0.7150354515629708,-0.0025703012382206993,True,False
26.3999736,-0.7385012717881624,3.1524106017687834,True,False,0.757692282901283,-0.6367357008608617,True,False,1.1899576228044213,-0.10018336723866934,True,False
26.4333069,-0.6020194459869311,2.520645785751089,True,False,1.1607637630895062,-1.0369561047222313,True,False,1.2348272787965207,-0.1879360157066481,True,False
26.4666402,-0.33156143470795596,1.2159875022400448,True,False,0.9789556172798578,-0.942724197594295,True,False,0.8189073327309395,-0.15501793145902518,True,False
26.4999735,-0.014072683557038146,-0.39524908078803533,True,False,0.2486611607546131,-0.3711649709573273,True,False,0.096294491557492,0.057896566300527426,True,False
26.5333068,0.2575722722906812,-1.8609294173409723,True,False,-0.7572789713812443,0.45718047602105494,True,False,-0.6529409250953813,0.42599581397716196,True,False
26.5666401,0.4177567403273027,-2.8040022908150988,True,False,-1.6383996175402094,1.2059005835114234,True,False,-1.1343874550030943,0.84275222400149,True,False
26.5999734,0.44834637352067475,-3.048040315089738,True,False,-2.0285642769306778,1.559180845161466,True,False,-1.158846388908363,1.1578495822799433,True,False
26.6333067,0.37884982431060765,-2.6610076644447016,True,False,-1.744982486678251,1.351474466160856,True,False,-0.7208794440116482,1.2362658625673717,True,False
26.66664,0.2679392921780259,-1.9044120392907644,True,False,-0.8637323134683373,0.6372239374726409,True,False,-0.003405188226169958,1.0148597664369654,True,False
26.6999733,0.17527625539841674,-1.11253576334239,True,False,0.3085619922450001,-0.328122994241097,True,False,0.6948145353901748,0.5329298994153493,True,False
26.7333066,0.13600856834347452,-0.553114329484575,True,False,1.354934185742026,-1.1883734661724472,True,False,1.080384966659941,-0.07700771271112998,True,False
26.7666399,0.14839363320641144,-0.32629610731030145,True,False,1.9111880715635412,-1.6275707384227203,True,False,0.9863244213278121,-0.6361757000699944,True,False
26.7999732,0.17882871098500422,-0.341163688583565,True,False,1.8062039376780603,-1.4946258304202238,True,False,0.44329815638052383,-0.9865307691900292,True,False
26.8333065,0.18094469479195394,-0.3759938234236909,True,False,1.1237271675139222,-0.8613223633079827,True,False,-0.3290951142216652,-1.0510200339788935,True,False
26.8666398,0.11962516738686997,-0.19355439038602276,True,False,0.16221881278417857,0.009342462389579247,True,False,-1.0089411904981873,-0.8618970774288156,True,False
26.8999731,-0.01080845667329594,0.33947161159291495,True,False,-0.689403336510002,0.7710361296556322,True,False,-1.302578208095015,-0.5441257985480633,True,False
26.9333064,-0.18198977784696568,1.1803156014855591,True,False,-1.1088210930490334,1.1339397165003426,True,False,-1.0665532436471328,-0.25934640016210675,True,False
26.9666397,-0.3420860275791524,2.1154949219874246,True,False,-0.9665158443959992,0.9797061288087175,True,False,-0.37091965070302235,-0.13313906575194479,True,False
26.999973,-0.4366581042959685,2.8406903232494476,True,False,-0.3709556510304885,0.40525656140928534,True,False,0.5232186813641868,-0.196881433878577,True,False
27.0333063,-0.4307605229505843,3.0809213050930393,True,False,0.3838418095441545,-0.32154532628133947,True,False,1.2646167645603759,-0.3709517909652301,True,False
27.0666396,-0.32308031325308245,2.700907847750895,True,False,0.9452139552387521,-0.8753449702823628,True,False,1.5518970416144604,-0.4993282702431632,True,False
27.0999729,-0.14658213039817383,1.761036135199282,True,False,1.0502483603104598,-1.0089512284274862,True,False,1.2566300952974259,-0.4231968357788226,True,False
27.1333062,0.044118539298331386,0.49805403573955054,True,False,0.6347598804173153,-0.6556511752772246,True,False,0.47921229375698887,-0.06257578334791969,True,False
27.1666395,0.19310067116126622,-0.7593296409474977,True,False,-0.1411606580113476,0.04334823036303854,True,False,-0.486465400608045,0.5311104546111453,True,False
27.1999728,0.26290817239487585,-1.7046575853402806,True,False,-0.9604625466435351,0.7971449435418929,True,False,-1.2670401510872356,1.1783437107990868,True,False
27.2333061,0.24623369011807492,-2.153123544369912,True,False,-1.4807496657067052,1.284962775132914,True,False,-1.5577407732932562,1.6343483223976047,True,False
27.2666394,0.16570245129605832,-2.090486435778321,True,False,-1.4756922498601608,1.2886295514794992,True,False,-1.245250023949081,1.6884775419288656,True,False
27.2999727,0.06281459620820891,-1.657888009289183,True,False,-0.9282945131739662,0.7838029414476559,True,False,-0.4553265567625914,1.2589975633027795,True,False
27.333306,-0.018892152996352288,-1.0841146002763766,True,False,-0.038282948707841984,-0.0472383157805789,True,False,0.49519337980251077,0.44116620692076786,True,False
27.3666393,-0.049732777510234034,-0.5949229982984646,True,False,0.8587554718918876,-0.8868276830039058,True,False,1.2240015458185993,-0.5157405473836693,True,False
27.3999726,-0.023141252098209542,-0.3340518616939075,True,False,1.4268830324020838,-1.4089046808393877,True,False,1.436838034994436,-1.2972410792312028,True,False
27.4333059,0.04432447219280097,-0.3224543116646249,True,False,1.464405314478103,-1.410804272400538,True,False,1.047211572009718,-1.6442583983752799,True,False
27.4666392,0.12123712266308573,-0.4659788272503347,True,False,0.9828106877635213,-0.896401379140175,True,False,0.21341109596263255,-1.4561632589841222,True,False
27.4999725,0.17399590819845057,-0.6040697775527535,True,False,0.19839336759121753,-0.07614569265932757,True,False,-0.7232708616393944,-0.8323744366993374,True,False
27.5333058,0.17905302979142934,-0.5790584921647824,True,False,-0.5593017303073721,0.7172693960952498,True,False,-1.3753386153572287,-0.03331808708968584,True,False
27.5666391,0.13052029799190507,-0.3006337044153568,True,False,-0.9841699101536897,1.1644627430273666,True,False,-1.4663774588344105,0.6247286961245145,True,False
27.5999724,0.04106104382748255,0.21651659085322908,True,False,-0.9191064699386696,1.091316315866838,True,False,-0.9452293638115934,0.8980326337201912,True,False
27.6333057,-0.06357318384991233,0.8540662683054496,True,False,-0.41898821131808406,0.5427258974905458,True,False,-0.010136869634159986,0.713598030639239,True,False
27.666639,-0.15399449240962754,1.4295670014921489,True,False,0.2745443375107506,-0.2336864309692778,True,False,0.9681062206864215,0.19584909574906603,True,False
27.6999723,-0.20721960989221094,1.7607090182336458,True,False,0.8358835360127401,-0.8891156244267673,True,False,1.5940765642273316,-0.3895944520436885,True,False
27.7333056,-0.2139808767912177,1.732272306028962,True,False,0.993360200324356,-1.1198709435264822,True,False,1.6075564113449197,-0.7514281828418772,True,False
27.7666389,-0.1810132760375734,1.3417148766973084,True,False,0.6453217485288919,-0.7980876180257238,True,False,0.9905712122995308,-0.698717203405918,True,False
27.7999722,-0.12764815893658454,0.705293948577046,True,False,-0.09372877856129046,-0.03144110537846009,True,False,-0.022381442598914343,-0.22430221505192935,True,False
27.8333055,-0.07784890168684426,0.019602164537466455,True,False,-0.936489551803532,0.8751202851309935,True,False,-1.0360643094713375,0.48952554395757747,True,False
27.8666388,-0.05036430860056257,-0.5101330509620434,True,False,-1.5385836152930183,1.541988029018956,True,False,-1.6519528452339272,1.1453023335020653,True,False
27.8999721,-0.050515918483607855,-0.7493824319197905,True,False,-1.6396634635523801,1.6722914833997862,True,False,-1.628115292735423,1.4532951975620856,True,False
27.9333054,-0.0669189328927991,-0.6897070874282055,True,False,-1.1721287453829599,1.1786952053592428,True,False,-0.9767375907316057,1.2516746985785339,True,False
27.9666387,-0.07502692392623457,-0.4548458233681639,True,False,-0.29249568101430684,0.22569742619340066,True,False,0.04056868880998189,0.5743530427395775,True,False
27.999972,-0.04703206562828219,-0.24990083302742103,True,False,0.6782543571162715,-0.8319707660287519,True,False,1.01818297229895,-0.3607087483925807,True,False
28.0333053,0.03496504049856042,-0.2695185844619574,True,False,1.3819188417032626,-1.5909692732276712,True,False,1.5701308464728307,-1.236680313367481,True,False
28.0666386,0.1674838763280959,-0.6008141325968152,True,False,1.566657573184946,-1.7632602389167047,True,False,1.485614424908782,-1.760531653814811,True,False
28.0999719,0.32106308123780714,-1.1637060081373731,True,False,1.1885029377119836,-1.2945301598826249,True,False,0.8131514209412309,-1.7728787833007325,True,False
28.1333052,0.4457925808882307,-1.7202816484809227,True,False,0.4289677897907767,-0.3875657528597737,True,False,-0.16098210590345688,-1.3014960907130184,True,False
28.1666385,0.4866139182180899,-1.9581208010008642,True,False,-0.37927150673684046,0.5799215828970441,True,False,-1.0311933968232774,-0.5394806757738501,True,False
28.1999718,0.40390744827001474,-1.6201470878602766,True,False,-0.88917974172998,1.2098377128617641,True,False,-1.4394225456835357,0.239474226054215,True,False
28.2333051,0.19194816773929502,-0.6296654339256683,True,False,-0.8833167249226648,1.2472856187564922,True,False,-1.2220228326979636,0.7911404573365645,True,False
28.2666384,-0.11250046226608519,0.8443251230949528,True,False,-0.3659568349223784,0.6858255381608723,True,False,-0.4764191469627471,0.9901441301299678,True,False
28.2999717,-0.43633082989915384,2.4160368255226534,True,False,0.4352296844614876,-0.22915090930253515,True,False,0.4798173801080405,0.8637728993502498,True,False
28.333305,-0.6905752750078225,3.6032250876637506,True,False,1.1601281912094972,-1.1007226246118835,True,False,1.240657693113398,0.5604391317846751,True,False
28.3666383,-0.7990397115643775,3.9973240722537144,True,False,1.4641290149515582,-1.5436821467309743,True,False,1.479917940752878,0.2709787098212889,True,False
28.3999716,-0.7249668126775529,3.418310290002203,True,False,1.1635451695301737,-1.344169950727967,True,False,1.0869086833120245,0.13971361724158743,True,False
28.4333049,-0.4854094740814112,1.9920286187032579,True,False,0.3188991004024987,-0.5505348826750702,True,False,0.21349608411434504,0.2042134254499322,True,False
28.4666382,-0.1469987922040968,0.1165495507992853,True,False,-0.7793868580752527,0.5418592315954045,True,False,-0.7869979841534227,0.3879169872525332,True,False
28.4999715,0.19628803389462027,-1.672492633329386,True,False,-1.7194252342065846,1.506242303852997,True,False,-1.5041534219924102,0.5453994141188252,True,False
28.5333048,0.4555739279642744,-2.887513649713468,True,False,-2.1287453624618813,1.9543070130536855,True,False,-1.6388696306524284,0.5370833901186095,True,False
28.5666381,0.5775112338120638,-3.2551155014156317,True,False,-1.8239476559249337,1.6923518102247916,True,False,-1.1266820943185996,0.2984839594518726,True,False
28.5999714,0.5608025782672313,-2.799946479224275,True,False,-0.8888164829956612,0.8011813243054805,True,False,-0.1653047666715724,-0.1268175035871598,True,False
28.6333047,0.45218253091877325,-1.8158505095642339,True,False,0.35170238382481966,-0.39235292595736876,True,False,0.8649609655354127,-0.6038930255200775,True,False
28.666638,0.32344661257916285,-0.7378485449240999,True,False,1.4530423709916565,-1.4412101743760284,True,False,1.5553739642502318,-0.963849936844145,True,False
28.6999713,0.23895272622029565,0.033352510394140014,True,False,2.0211772051756167,-1.951845419367681,True,False,1.6343797527113155,-1.0753503314864599,True,False
28.7333046,0.22715136256929172,0.2850789410741194,True,False,1.8645511431156672,-1.7372446724012838,True,False,1.0770497152029892,-0.8986214169099035,True,False
28.7666379,0.2682474779189086,0.06497290999285545,True,False,1.0674847342861886,-0.8890039295413651,True,False,0.11381122222198221,-0.4992355243821195,True,False
28.7999712,0.3035034760445597,-0.3550859935676083,True,False,-0.0445170869688945,0.2599025997371753,True,False,-0.8647241086137987,-0.01738988947849699,True,False
28.8333045,0.2626158357854255,-0.6072335942645145,True,False,-1.034291793960304,1.2668949917942898,True,False,-1.4675051577491312,0.3920803579977353,True,False
28.8666378,0.09782803301897249,-0.3951858189788547,True,False,-1.526208797717854,1.7540128351207696,True,False,-1.4617765805250988,0.6217439904722302,True,False
28.8999711,-0.18969846319875946,0.36747670878170274,True,False,-1.3541290875176724,1.5557107629268798,True,False,-0.8659655889244731,0.6489334070232298,True,False
28.9333044,-0.5428304231620996,1.5052126238621173,True,False,-0.6250176397620801,0.7817437781347311,True,False,0.06080526384122178,0.5338480765626643,True,False
28.9666377,-0.8644896310174126,2.636886451052975,True,False,0.3273400227424498,-0.22976865470614602,True,False,0.9275788634692861,0.38177691306268036,True,False
28.999971,-1.0510355010543322,3.319141801789974,True,False,1.0800370236598134,-1.0504499827114429,True,False,1.373582916532771,0.288390903003528,True,False
29.0333043,-1.030081812683776,3.2201817948981413,True,False,1.2948463687055602,-1.335920029422414,True,False,1.2167231848278435,0.2935742167302903,True,False
29.0666376,-0.7879287768688771,2.255051134155327,True,False,0.8580455230186088,-0.9664401662692017,True,False,0.5277792270874775,0.3643282444969355,True,False
29.0999709,-0.3759607935006384,0.6289670157942531,True,False,-0.07043413680519614,-0.09715733433026638,True,False,-0.3997631171300391,0.41357111405028824,True,False
29.1333042,0.10619778724644964,-1.2280039630641382,True,False,-1.1189282799366562,0.9030538217465104,True,False,-1.1714795013570303,0.345476097783484,True,False
29.1666375,0.5438259358855853,-2.8087268649585977,True,False,-1.8526983772481003,1.60053680607034,True,False,-1.4551950488042662,0.10641591002600993,True,False
29.1999708,0.8435350031899751,-3.7014754909028795,True,False,-1.949839706928428,1.67428524318377,True,False,-1.1186497783260991,-0.2816043569183359,True,False
29.2333041,0.9593756380288846,-3.7216183247511583,True,False,-1.3336049133236918,1.050274102621231,True,False,-0.2853302298350955,-0.7203338052607816,True,False
29.2666374,0.8999136974380935,-2.955546592478546,True,False,-0.20746014486526973,-0.06245053215962624,True,False,0.7142971676064114,-1.068615435777543,True,False
29.2999707,0.7156677266884167,-1.706173265959798,True,False,1.0219619465048708,-1.250054613710868,True,False,1.4762445984855825,-1.1964050390256948,True,False
29.333304,0.47406699793460405,-0.36791157091983945,True,False,1.90385176176647,-2.0565576978220323,True,False,1.6868480001676884,-1.0375309770538448,True,False
29.3666373,0.23330523080413146,0.7158671091830763,True,False,2.120897623447098,-2.166158614102588,True,False,1.2504691854055299,-0.619715735424687,True,False
29.3999706,0.02560699913726015,1.3576988574820383,True,False,1.6145308336710278,-1.5316889741990736,True,False,0.32930547373523883,-0.05950842268764949,True,False
29.4333039,-0.14476783951517241,1.5580767975081657,True,False,0.6073013749728433,-0.3965526961183528,True,False,-0.7207630939953036,0.47633483428865325,True,False
29.4666372,-0.29042035135854294,1.461967330783484,True,False,-0.4869781684965353,0.7998876207514107,True,False,-1.4922911388555187,0.828471631486197,True,False
29.4999705,-0.4238246677717807,1.2674726359731405,True,False,-1.229604281651586,1.5963452866825103,True,False,-1.6889277960489886,0.8999576605292094,True,False
29.5333038,-0.5435259668153135,1.1302479626741675,True,False,-1.3332172156946258,1.693414469745057,True,False,-1.2430777364953023,0.6883367159364419,True,False
29.5666371,-0.6301988886004858,1.103466381242969,True,False,-0.7770197371997085,1.0730523145584636,True,False,-0.3413856599921363,0.28359643593490436,True,False
29.5999704,-0.653997051299344,1.1331854259755185,True,False,0.18556755190763077,0.00529680651611618,True,False,0.6518337158521651,-0.16630242123654584,True,False
29.6333037,-0.5891146648798343,1.1030972907570673,True,False,1.1301715562778465,-1.0607868364682782,True,False,1.341996468645166,-0.5087663495182632,True,False
29.666637,-0.42823494204555324,0.902514421871423,True,False,1.6343281504306497,-1.6781679336193258,True,False,1.4628981629027713,-0.6388382623685556,True,False
29.6999703,-0.18989172162708168,0.4849655565943498,True,False,1.4504583684332772,-1.5820519650459044,True,False,0.9827178291481731,-0.5316591017043394,True,False
29.7333036,0.0846743149783244,-0.10692875274172237,True,False,0.6092298846090279,-0.796700559982507,True,False,0.11484268850255203,-0.24444303800150893,True,False
29.7666369,0.34366463803676933,-0.7569729272337596,True,False,-0.5886037813855229,0.374033030223342,True,False,-0.7706279958659658,0.11100231245190358,True,False
29.7999702,0.540444987918209,-1.3198182771241596,True,False,-1.689043831014898,1.4684745132045514,True,False,-1.2988223254590208,0.4133059039719113,True,False
29.8333035,0.6462091674450648,-1.672175283819301,True,False,-2.263838140656643,2.05202926681966,True,False,-1.244006028258148,0.5762796130905085,True,False
29.8666368,0.6548542660029227,-1.7492726303471706,True,False,-2.0800821191245036,1.8907517862764136,True,False,-0.6231102877944961,0.5766581328600435,True,False
29.8999701,0.5792390033238556,-1.5549130593679206,True,False,-1.192637923894486,1.043909809599142,True,False,0.30925436414583224,0.4555191157811469,True,False
29.9333034,0.44192917706670637,-1.1468069738612987,True,False,0.07742039482605335,-0.16126423291432807,True,False,1.1627980595053085,0.29460559361348637,True,False
29.9666367,0.2656323326647803,-0.6089882698996416,True,False,1.2693880422258375,-1.261824392893222,True,False,1.569912206269777,0.1782410912273205,True,False
29.99997,0.06791159509768016,-0.02586450019963274,True,False,1.9635202463397339,-1.8444576729751374,True,False,1.3367695580155199,0.15643406393794465,True,False
30.0333033,-0.1380688793007982,0.5321989245331986,True,False,1.9431331809584278,-1.7088610594921916,True,False,0.5260143721329261,0.22358847365179207,True,False
30.0666366,-0.3385287246855253,1.010331314267224,True,False,1.2734663887840112,-0.9433866415797368,True,False,-0.5630707895986522,0.32079014195023087,True,False
30.0999699,-0.5139274063097727,1.3635640656012509,True,False,0.26643966355321164,0.11687832781106193,True,False,-1.5101133251007364,0.36054427017966145,True,False
30.1333032,-0.6378970055619867,1.5526891019142801,True,False,-0.6532184190720146,1.031507161273607,True,False,-1.9395887898644024,0.2644261374674577,True,False
30.1666365,-0.6822196956516965,1.5472176899445464,True,False,-1.1249713407199824,1.4370991743130364,True,False,-1.6711643551599533,-0.000749021355924996,True,False
30.1999698,-0.6264441733933274,1.3351318512510126,True,False,-0.9997202027727972,1.1956413172846372,True,False,-0.7940816777147198,-0.4023493957596056,True,False
30.2333031,-0.46794594520080857,0.9337913189496079,True,False,-0.3968302980514328,0.4480752161844912,True,False,0.36493843637602524,-0.8457260072288907,True,False
30.2666364,-0.2274509166354414,0.3946756821403557,True,False,0.35227837750057484,-0.4486694916483009,True,False,1.36847767629733,-1.202478149281616,True,False
30.2999697,0.05330792682707974,-0.20266082602779525,True,False,0.8503051621101492,-1.0749270768155585,True,False,1.8401485666473703,-1.3540598190904718,True,False
30.333303,0.32179261916180807,-0.7667111921770602,True,False,0.8090266457789196,-1.1282794897961415,True,False,1.6131300823921202,-1.2351139027089155,True,False
30.3666363,0.5292381874300481,-1.2145933636996131,True,False,0.17972039292324424,-0.555412860144349,True,False,0.7960290787848568,-0.8598301730367668,True,False
30.3999696,0.6441229783644355,-1.4895573041283827,True,False,-0.8163934120617448,0.41956936766799424,True,False,-0.27088641684270437,-0.3199772375535819,True,False
30.4333029,0.659437908596339,-1.5697288212624854,True,False,-1.7721825037428545,1.3834063466309028,True,False,-1.152367702307583,0.24627452359056928,True,False
30.4666362,0.5912525614835478,-1.4666482674077785,True,False,-2.2602010970641997,1.9034533780818252,True,False,-1.4936026029988827,0.7037533531641936,True,False
30.4999695,0.46968290536456414,-1.216382993947127,True,False,-2.012567620634017,1.7098036686237121,True,False,-1.1640534759189924,0.9686019964643543,True,False
30.5333028,0.32637302867783335,-0.8680520066991747,True,False,-1.0407477923345483,0.8145655336380022,True,False,-0.3113666938070787,1.035480850797033,True,False
30.5666361,0.1837201694554124,-0.473825195522088,True,False,0.3556980902945231,-0.4821359081253432,True,False,0.6973642584243986,0.9715569098408512,True,False
30.5999694,0.04991114447856037,-0.08189445740366026,True,False,1.6976613545322083,-1.7041583466706007,True,False,1.4244572630526187,0.878953497520107,True,False
30.6333027,-0.07894745637417645,0.26844304795462426,True,False,2.5106967910361475,-2.385883867795223,True,False,1.5413629289940924,0.8413079006037413,True,False
30.666636,-0.21139916091366381,0.5510050335969515,True,False,2.5117063571223377,-2.258801527392589,True,False,0.966685485182868,0.8780885853254052,True,False
30.6999693,-0.35171325193852726,0.7562738056826963,True,False,1.7227122784313065,-1.362543853614398,True,False,-0.09425190900696818,0.928391330700278,True,False
30.7333026,-0.493466187826272,0.8923146393886927,True,False,0.46476270285020094,-0.034399771866323675,True,False,-1.2260751721934897,0.8742010583098907,True,False
30.7666359,-0.618144053728717,0.9803947954955775,True,False,-0.7671359928281458,1.2200963856722125,True,False,-1.9672534347535469,0.5960397061507604,True,False
30.7999692,-0.6989891110128995,1.0443036991291148,True,False,-1.499091092175594,1.9248852194571633,True,False,-1.996393752365319,0.03863834077723891,True,False
30.8333025,-0.7083235529183697,1.0959095883567043,True,False,-1.4656514110723364,1.8208065988056552,True,False,-1.2659328731715744,-0.74239943315615,True,False
30.8666358,-0.6256811352744134,1.1229550478685124,True,False,-0.7140793361047514,0.9676498315061368,True,False,-0.02822787925495129,-1.5764848533243252,True,False
30.8999691,-0.44438819808049734,1.0862095697112664,True,False,0.4167405005195193,-0.2803993304173972,True,False,1.25838462892915,-2.2238312583714754,True,False
30.9333024,-0.17527399358840565,0.9305633600092768,True,False,1.434632261587223,-1.4164622192713308,True,False,2.107744836283964,-2.4577467945382883,True,False
30.9666357,0.15277477506245019,0.6089880162492235,True,False,1.894123026911158,-1.98324838471676,True,False,2.1979237195285486,-2.1532505810605738,True,False
30.999969,0.49519440765625095,0.11175067533953455,True,False,1.5773931104160164,-1.7548527702596102,True,False,1.5002328854504687,-1.3463943341240845,True,False
31.0333023,0.7969010289655478,-0.5111541398455332,True,False,0.5830004692486301,-0.8251538735006543,True,False,0.29258126829725806,-0.2376796022411794,True,False
31.0666356,1.0002729326891637,-1.1462798212520338,True,False,-0.713556637716877,0.4324940074775345,True,False,-0.9495086623986081,0.8663609267887006,True,False
31.0999689,1.0557831670067555,-1.6382535059540653,True,False,-1.81144516486621,1.5176439563571058,True,False,-1.7416504657467837,1.654833208100893,True,False
31.1333022,0.934138023194972,-1.8338347897578904,True,False,-2.2867348660099167,2.0053233136610755,True,False,-1.7838462428590707,1.9203766754266849,True,False
31.1666355,0.6373124290423654,-1.6358421139929598,True,False,-1.9631294409346915,1.7166773049510322,True,False,-1.080379864269344,1.6318576375449603,True,False
31.1999688,0.20469907286686637,-1.0476523617593387,True,False,-0.981848648594284,0.7886684359210271,True,False,0.06255459329124421,0.9426403097375292,True,False
31.2333021,-0.28934442568506347,-0.1890816564311213,True,False,0.2576219460908162,-0.3850589217055546,True,False,1.1612798644707867,0.12981940248373228,True,False
31.2666354,-0.7483890460426477,0.7273889623438472,True,False,1.2615543886418907,-1.3175471093564677,True,False,1.7514163937316434,-0.5127639456649971,True,False
31.2999687,-1.0756812670525857,1.4567832426876435,True,False,1.6436387430200243,-1.6290407435564442,True,False,1.577591520841179,-0.7858369603328674,True,False
31.333302,-1.1993521351127863,1.799669331359618,True,False,1.2817128972926,-1.2024590787011145,True,False,0.6989634396055492,-0.6560140436057353,True,False
31.3666353,-1.093204467271533,1.6699869577293256,True,False,0.3652861929941403,-0.23015884820473984,True,False,-0.5328751350864681,-0.25859317384383884,True,False
31.3999686,-0.7854622088983133,1.125828468914049,True,False,-0.6857578164636626,0.8670490672014773,True,False,-1.615439148583215,0.16876140729639472,True,False
31.4333019,-0.35132185654958914,0.34911465940505726,True,False,-1.3980147173844275,1.6152093582679679,True,False,-2.0994840007891598,0.393494056932074,True,False
31.4666352,0.10920347308849565,-0.42010345896620493,True,False,-1.444222472940404,1.6846949624417746,True,False,-1.7729890363380478,0.2917087923466197,True,False
31.4999685,0.5009663412855312,-0.9702733268638651,True,False,-0.7831930748515897,1.0285652855906222,True,False,-0.7499092320456069,-0.09569264295220908,True,False
31.5333018,0.7604330580938683,-1.1920317003843106,True,False,0.3184047912051597,-0.09522475220126224,True,False,0.5730606220001916,-0.5780733619259422,True,False
31.5666351,0.8698049808414294,-1.109544620973131,True,False,1.3924873729683442,-1.2271858330989458,True,False,1.67490778521122,-0.8955180546377144,True,False
31.5999684,0.8536248643519146,-0.8571194879078662,True,False,1.9615065996714298,-1.8932193621600262,True,False,2.120092423013575,-0.8316813674006479,True,False
31.6333017,0.7600211172370689,-0.6114456982701577,True,False,1.7376730079809948,-1.7989204837352262,True,False,1.7346444055258468,-0.3124145788257988,True,False
31.666635,0.6351048621279244,-0.5086238366146782,True,False,0.7476367866908887,-0.9520581501739533,True,False,0.6768369921849763,0.5509805753977813,True,False
31.6999683,0.5019195683815928,-0.5818105881948887,True,False,-0.6692434507884877,0.33670119845872404,True,False,-0.6266339156968904,1.4928283116732264,True,False
31.7333016,0.35333616092755454,-0.7467001271135337,True,False,-1.9896134530747582,1.5752681896469303,True,False,-1.6533186567026374,2.1875811338346356,True,False
31.7666349,0.16207349524360787,-0.8416059458031719,True,False,-2.7106545623675036,2.2847502082302364,True,False,-1.9964181696220518,2.3713305637857447,True,False
31.7999682,-0.0968065562730378,-0.7052205025435839,True,False,-2.5482485862258044,2.1887556213711377,True,False,-1.5288603823742393,1.9428841356063575,True,False
31.8333015,-0.42160502031968766,-0.25837442146435236,True,False,-1.5489837507944622,1.321402902868254,True,False,-0.453219293709163,1.004734538937009,True,False
31.8666348,-0.7700208202941558,0.44638319818162403,True,False,-0.07105856395866132,0.011220293363764263,True,False,0.7827137408266007,-0.1723198410952684,True,False
31.8999681,-1.0636723393173948,1.2305163504814305,True,False,1.3577890198704754,-1.2516412917638648,True,False,1.6699604660688512,-1.2473003301383785,True,False
31.9333014,-1.2113886790481407,1.8504574570028032,True,False,2.2475784167476305,-2.010566035576471,True,False,1.8465663254359852,-1.9318102315543013,True,False
31.9666347,-1.1430849095151199,2.0900971922602416,True,False,2.334893967978529,-2.021056047760404,True,False,1.2448357045844325,-2.089831171832955,True,False
31.999968,-0.8406797588329529,1.847205230204916,True,False,1.67764661961247,-1.3412273539618071,True,False,0.11759020832013861,-1.7762971686333757,True,False
32.0333013,-0.35275687857477966,1.1779839005095536,True,False,0.6190207394689452,-0.29898713338410843,True,False,-1.0668728100946834,-1.200770904368645,True,False
32.0666346,0.21436484083577825,0.28086590342121814,True,False,-0.3627031444082068,0.649079644207158,True,False,-1.8176369967238073,-0.6325862761410288,True,False
32.0999679,0.7271680805714772,-0.5743893770185328,True,False,-0.8554871467314493,1.1083035161484656,True,False,-1.822495064182821,-0.287175881050184,True,False
32.1333012,1.066304719934106,-1.1438381695800997,True,False,-0.682844230979999,0.9076304312099357,True,False,-1.075190902159823,-0.24042340103080745,True,False
32.1666345,1.1634769929511155,-1.293937284124412,True,False,0.02809702726931065,0.16654098532043934,True,False,0.12328590891620769,-0.40581892510403356,True,False
32.1999678,1.0201808936209493,-1.0408248741554869,True,False,0.9066749659197881,-0.7594057226199636,True,False,1.289308340016661,-0.5828504213558087,True,False
32.2333011,0.7018621580675279,-0.5311118909814835,True,False,1.5007214251501377,-1.4310436421900359,True,False,1.9553688076907498,-0.5552182717072752,True,False
32.2666344,0.3107508822176613,0.024649630539815257,True,False,1.4723622950243476,-1.5125556481960971,True,False,1.8609917756185808,-0.19643900872848402,True,False
32.2999677,-0.051201190977512384,0.43609036450674926,True,False,0.7458399910075867,-0.9154002526255037,True,False,1.0574140440962279,0.4629475445621275,True,False
32.333301,-0.31461567194431667,0.5998967150072892,True,False,-0.45415178626912633,0.1604251275196029,True,False,-0.1165012776437812,1.2364149575737589,True,False
32.3666343,-0.4584270093599628,0.524398850499007,True,False,-1.689596054558759,1.305052430830596,True,False,-1.1764155682015043,1.8517926493756167,True,False
32.3999676,-0.5048367505993863,0.3064701334036365,True,False,-2.485791577073106,2.0651659465591257,True,False,-1.6934066603900366,2.062327270855536,True,False
32.4333009,-0.4981022374095201,0.07571769085262947,True,False,-2.524666559191882,2.1297963441753214,True,False,-1.470325324058706,1.7519383650158895,True,False
32.4666342,-0.4781031946828716,-0.06673372759349619,True,False,-1.7752180432536102,1.459024943380469,True,False,-0.6208899627765203,0.9897430774707126,True,False
32.4999675,-0.4608545550127736,-0.08800238582369989,True,False,-0.5076065124769619,0.30252910304248687,True,False,0.4806199688539529,0.009689256647869078,True,False
32.5333008,-0.43400825742643084,-0.02690091398776688,True,False,0.814596393936554,-0.8998495104261874,True,False,1.3574995875906837,-0.8775149551328284,True,False
32.5666341,-0.3680061317133557,0.036346227324487425,True,False,1.7194989808192411,-1.6948472353062605,True,False,1.630471200669398,-1.4043088918441542,True,False
32.5999674,-0.23634127261851579,0.026747040020555033,True,False,1.9133380944381289,-1.7974234811157275,True,False,1.1761644212785913,-1.4484426847711576,True,False
32.6333007,-0.034553101370382734,-0.08568589631404286,True,False,1.3922197844338349,-1.2029874903523003,True,False,0.1786042747569631,-1.0750621238662643,True,False
32.666633999999995,0.21132838847472918,-0.2712667246011047,True,False,0.4342748885209243,-0.184576153087555,True,False,-0.9473748032427011,-0.5016270434720395,True,False
32.6999673,0.4508868039331708,-0.456413107998827,True,False,-0.5231687458435197,0.8232186525565734,True,False,-1.7287736478007434,-0.0010883008883874167,True,False
32.7333006,0.6270759552038233,-0.5606978148930885,True,False,-1.0694844627647486,1.4052059341360763,True,False,-1.831418301994935,0.21536163355384091,True,False
32.766633899999995,0.6974473394612087,-0.5364850492683069,True,False,-0.9921559331590631,1.3365743858893302,True,False,-1.199640549002815,0.0864116317891745,True,False
32.7999672,0.6493445199317077,-0.39199861068054453,True,False,-0.3626690941001358,0.6734915497601957,True,False,-0.08083295081162445,-0.27712227691918956,True,False
32.8333005,0.502649785319775,-0.1871072375178709,True,False,0.4982357740799086,-0.27361993011883656,True,False,1.075262131907899,-0.644492562997134,True,False
32.866633799999995,0.29957263368056286,-0.0042984711807744136,True,False,1.1607595080848954,-1.0725294628836795,True,False,1.800916653187441,-0.7687697508321065,True,False
32.8999671,0.08685288192306252,0.09094492337277174,True,False,1.2726767212513854,-1.3522092596938067,True,False,1.8023668506289352,-0.4978206715441287,True,False
32.9333004,-0.10111102428053245,0.08124802956343502,True,False,0.7142135510921399,-0.9605618578298314,True,False,1.0802877955463672,0.15438908648161861,True,False
32.9666337,-0.25066686931292737,0.00491279838942868,True,False,-0.3437230413676773,-0.03158453266309229,True,False,-0.07066805565424414,1.00597479124214,True,False
32.999967,-0.36579066578161573,-0.06392899212051814,True,False,-1.5027214423343989,1.065964318047587,True,False,-1.1828362610097223,1.7752689665328112,True,False
33.0333003,-0.4561719097933962,-0.053474845538787154,True,False,-2.2959333062305167,1.8776088365505224,True,False,-1.8070108458406227,2.1903182097785137,True,False
33.0666336,-0.5235225001260435,0.06722398363948992,True,False,-2.377904632948476,2.0489943883743855,True,False,-1.6955976014492298,2.0945084719426,True,False
33.0999669,-0.5539006496479024,0.2679109591773267,True,False,-1.667351437364108,1.4724618665976028,True,False,-0.9023560538046262,1.5055708201429794,True,False
33.1333002,-0.5207496485914219,0.4654719443933145,True,False,-0.384373798460074,0.3342769181375698,True,False,0.24174532905171445,0.6053164983080003,True,False
33.1666335,-0.397897583650008,0.5584714457816083,True,False,1.0331874535990306,-0.957038550475862,True,False,1.265940115393453,-0.3336766585553631,True,False
33.1999668,-0.17656935232136592,0.47320888777298153,True,False,2.1002745059650114,-1.9323265171208925,True,False,1.753293398186451,-1.0527936622239171,True,False
33.2333001,0.12197099181386686,0.2009034696159919,True,False,2.472883381283755,-2.2477597875397586,True,False,1.5108216814321438,-1.4003562624033672,True,False
33.2666334,0.44500416032555734,-0.19099800832321717,True,False,2.0781645569959104,-1.8196928018896514,True,False,0.6465843771813994,-1.3762901600860544,True,False
33.2999667,0.7202136068572096,-0.5793459983997756,True,False,1.1345887879656193,-0.8538824732666043,True,False,-0.4771271915384169,-1.1132984852902224,True,False
33.3333,0.8769887890150132,-0.8298089695526151,True,False,0.055431364821853256,0.2422638223784188,True,False,-1.3943764215701695,-0.8060529297347059,True,False
33.3666333,0.8690955927120974,-0.8471783732220747,True,False,-0.7237733177193034,1.0280332239831758,True,False,-1.7274627478181628,-0.6206966660421481,True,False
33.3999666,0.6899253677357298,-0.6108763696075381,True,False,-0.9226831567648416,1.2092153870521674,True,False,-1.341194043155326,-0.6234866439320236,True,False
33.4332999,0.37462447051304715,-0.18165523808535192,True,False,-0.5261255787591127,0.755845305265791,True,False,-0.3966702294345804,-0.7576087444901951,True,False
33.4666332,-0.011174786130435332,0.32211308299601316,True,False,0.21750439944112415,-0.08994667291253611,True,False,0.7166665975126586,-0.8758388787332745,True,False
33.4999665,-0.3910374884580606,0.7675603131116798,True,False,0.9074631571026391,-0.9186019944840643,True,False,1.5419771624310918,-0.8131112941912794,True,False
33.5332998,-0.6980432463059323,1.0516272951105734,True,False,1.1646220887468965,-1.3268107737462407,True,False,1.7424205538772064,-0.4669992890970227,True,False
33.5666331,-0.8886921356984683,1.1293629261447968,True,False,0.7959041071151677,-1.088536998780788,True,False,1.2381840186994788,0.14814220258790234,True,False
33.5999664,-0.9469966430519441,1.0173658324384267,True,False,-0.11873101086225789,-0.2530225530490645,True,False,0.23755010512043104,0.895770387036871,True,False
33.633299699999995,-0.8799719624405353,0.7749016138051539,True,False,-1.2525893080837935,0.8705191001569993,True,False,-0.849842177163882,1.562378655625377,True,False
33.666633,-0.7090719261221602,0.47428094770125667,True,False,-2.16116159364562,1.8353929316349218,True,False,-1.5811828306900584,1.9347995199291104,True,False
33.6999663,-0.4627022927305565,0.17488221953995486,True,False,-2.4611371291356647,2.237277354373759,True,False,-1.6608471177294821,1.8788741562567692,True,False
33.733299599999995,-0.17277875771840417,-0.08896445766348408,True,False,-1.98679866876754,1.8784596210652655,True,False,-1.059324883433684,1.3892726773915365,True,False
33.7666329,0.12520012667561087,-0.3044893358791114,True,False,-0.8605631640581928,0.8501080799954827,True,False,-0.022893775391453597,0.5924201162861018,True,False
33.7999662,0.39186776764963904,-0.4678538208436766,True,False,0.5505475062481393,-0.5002618536794702,True,False,1.0287676277724682,-0.29712267957348076,True,False
33.833299499999995,0.587232313633309,-0.5726312539577713,True,False,1.7745954477638752,-1.702469225080021,True,False,1.6741580708406798,-1.0492222538251939,True,False
33.8666328,0.6789712849273558,-0.6073939801949285,True,False,2.4142062846332615,-2.344339243933811,True,False,1.660196059154932,-1.4923251915833347,True,False
33.8999661,0.6535975105731788,-0.5637416267097799,True,False,2.294151748314219,-2.227054850436954,True,False,1.002016197881698,-1.5627244845154604,True,False
33.9332994,0.5252179606742833,-0.4489575455851526,True,False,1.5191162076188058,-1.434120977670936,True,False,-0.027252015376658438,-1.3130204195635624,True,False
33.9666327,0.33607638761698916,-0.29389856709597784,True,False,0.4206783833737008,-0.2885288687243399,True,False,-1.011035620057633,-0.8796729537505595,True,False
33.999966,0.14585936040958178,-0.14873947216888614,True,False,-0.5825799013389446,0.7820393152385279,True,False,-1.5601721785410718,-0.42452812403034884,True,False
34.0332993,0.011865836348812955,-0.06578077338282744,True,False,-1.1534199683283834,1.4157374752708933,True,False,-1.469819293883182,-0.07386641201881997,True,False
34.0666326,-0.032792950008520186,-0.07617818981623155,True,False,-1.1640798586954682,1.453615303973134,True,False,-0.7988507933974394,0.12206258620712483,True,False
34.0999659,0.006540292566001738,-0.17202234625889512,True,False,-0.7333872717505714,0.9892592573831948,True,False,0.15936793942766245,0.19526939747034616,True,False
34.1332992,0.0868409473896091,-0.3040521379943831,True,False,-0.16035197324767872,0.3138048458209762,True,False,1.0012601190085564,0.23227209315030992,True,False
34.1666325,0.14477788121431617,-0.39864820855448296,True,False,0.21545612761986682,-0.21796433412227134,True,False,1.3802782836583016,0.3258630881829369,True,False
34.1999658,0.12477691066784534,-0.38862424441589216,True,False,0.1667567663283266,-0.3431390351576898,True,False,1.1482256167563243,0.5272916963795624,True,False
34.2332991,0.00624412573821377,-0.24505510395174673,True,False,-0.31987036701629484,-0.0029219573805602424,True,False,0.413277484402245,0.8186305797132932,True,False
34.2666324,-0.1824678389529874,0.004428816084341285,True,False,-1.0360084577844506,0.6343019165706989,True,False,-0.5079465327990996,1.116195462893011,True,False
34.2999657,-0.3710370049395458,0.28060809242071244,True,False,-1.6398670237747506,1.2474532503175504,True,False,-1.2233825091153443,1.3030159805430939,True,False
34.333299,-0.47407700737222086,0.4809714018612203,True,False,-1.8037351982522243,1.502774373192082,True,False,-1.4282211287695439,1.2767469525646626,True,False
34.3666323,-0.42790240422600645,0.5210331074188788,True,False,-1.3584620281077915,1.200505628109653,True,False,-1.0304110260438144,0.9935819558580347,True,False
34.3999656,-0.22176459157775655,0.3718390208440802,True,False,-0.37425331616170976,0.36690213526569,True,False,-0.1879556073172335,0.49070412472172226,True,False
34.4332989,0.0907182648686444,0.07725308603072402,True,False,0.8565914772243086,-0.7470048375065114,True,False,0.75649683303379,-0.1215491649406671,True,False
34.4666322,0.4066639279216804,-0.2577863774709811,True,False,1.9289215063337333,-1.760043690695757,True,False,1.4162393628060816,-0.6949190842870647,True,False
34.499965499999995,0.6111996977142313,-0.5049635028775161,True,False,2.481963202347182,-2.3106789453835748,True,False,1.518366655985504,-1.092681540049455,True,False
34.5332988,0.622602879569868,-0.5619168725146695,True,False,2.3407145708460995,-2.2010126778928867,True,False,1.0145160660261194,-1.2350056400654201,True,False
34.5666321,0.4266807936747685,-0.3932647114893912,True,False,1.5840180208458063,-1.4763752950572677,True,False,0.099851657219997,-1.1235949480782215,True,False
34.599965399999995,0.08530207619445118,-0.046113887489961494,True,False,0.5116723731888922,-0.4080825754069651,True,False,-0.8666614796521702,-0.8367742057871362,True,False
34.6332987,-0.28572167528904807,0.3669393878993989,True,False,-0.4759444167737294,0.6136808343918019,True,False,-1.5075208016927704,-0.4971481883878073,True,False
34.666632,-0.5613294978278501,0.7108388458800364,True,False,-1.0367184106242735,1.2334320415458015,True,False,-1.5780601882321035,-0.22412111845987,True,False
34.699965299999995,-0.6564596829329095,0.8796990195853962,True,False,-1.019613028619609,1.2683097724756545,True,False,-1.0626278554075999,-0.08923514339329977,True,False
34.7332986,-0.5593013602874696,0.8359471650931313,True,False,-0.5178630399033882,0.7748813961011646,True,False,-0.17727025718852812,-0.091339070054958,True,False
34.7666319,-0.33427508806312295,0.6211499716774944,True,False,0.17825550208025773,0.018548436915567467,True,False,0.7210690908537268,-0.16124416833450783,True,False
34.799965199999995,-0.09310220870045521,0.3346537775980269,True,False,0.7086892431582926,-0.6410065263222502,True,False,1.2809135871682582,-0.194321684452056,True,False
34.8332985,0.05403653501520132,0.08967427088062922,True,False,0.7978228176037584,-0.9008301125080439,True,False,1.2981159525225092,-0.09854375102878805,True,False
34.8666318,0.046535547264963416,-0.034258423930614436,True,False,0.37176884390165366,-0.6401340448657737,True,False,0.7956215745676938,0.1610311099397624,True,False
34.8999651,-0.10003945274376179,-0.02247515142929007,True,False,-0.40966322507214364,0.031035303620388793,True,False,0.009387793519461611,0.5396541154192629,True,False
34.9332984,-0.3004492570374529,0.07266970100556289,True,False,-1.2193789172116258,0.819399485837974,True,False,-0.7127506052700877,0.9225588907168876,True,False
34.9666317,-0.4369374049519272,0.15868843604591945,True,False,-1.7002124363486961,1.3722990463385603,True,False,-1.0570290608155053,1.1648772945487855,True,False
34.999965,-0.4114241550705899,0.1466260301443763,True,False,-1.616120756297976,1.4265529350562127,True,False,-0.8743090271016649,1.147540242151656,True,False
35.0332983,-0.19051424866630515,-0.007572935586575711,True,False,-0.9546770081118467,0.9209006108206578,True,False,-0.24175604535807946,0.8277612976327003,True,False
35.0666316,0.17605287904635963,-0.28159765996891684,True,False,0.06191193394071145,0.025559618136093355,True,False,0.5693384029152937,0.26373332712404723,True,False
35.0999649,0.571752577900837,-0.5939224658000015,True,False,1.0625304922963403,-0.9236094846967369,True,False,1.2060366097977948,-0.39765954325634256,True,False
35.1332982,0.857994644290017,-0.8360035038034148,True,False,1.6751282987917127,-1.5597554323766587,True,False,1.3802019115279693,-0.9673102441606054,True,False
35.1666315,0.9288260130655618,-0.9155803611138353,True,False,1.6767076229511537,-1.6336706739511246,True,False,0.9888774787125059,-1.2782830669536716,True,False
35.1999648,0.7530680124785534,-0.7930159920374984,True,False,1.0839294873631433,-1.1156679860495198,True,False,0.15939128027432586,-1.244340637203431,True,False
35.2332981,0.38669575548096996,-0.4962089255356167,True,False,0.14690674799492573,-0.20884389135623174,True,False,-0.7992145363105814,-0.8903529367338598,True,False
35.2666314,-0.04921343490539581,-0.10905940299853242,True,False,-0.7518848912383044,0.7320994385592392,True,False,-1.518695492997765,-0.34261142822025886,True,False
35.2999647,-0.41533460902151337,0.2605125578407082,True,False,-1.2529169513665857,1.3437735262410861,True,False,-1.7183881899544995,0.21772494916080753,True,False
35.333298,-0.6061252360952148,0.5191205450803577,True,False,-1.1661776829940722,1.4007495532966525,True,False,-1.3169613817552452,0.6205144793713477,True,False
35.3666313,-0.5858752133677682,0.6175184305528976,True,False,-0.54928313506029,0.9062059613355397,True,False,-0.46427492716904606,0.7665583656508393,True,False
35.3999646,-0.39503828588351636,0.560621164482053,True,False,0.3150722640279461,0.08952047850012525,True,False,0.5190078251240295,0.6584140520807268,True,False
35.4332979,-0.12608579419987073,0.39621810671941293,True,False,1.0338691977523722,-0.6884134733844876,True,False,1.2691375648643266,0.39048679830910965,True,False
35.466631199999995,0.11904866712872926,0.18957054139943308,True,False,1.2649126151366092,-1.0837927642244571,True,False,1.522498255332935,0.1033304554309561,True,False
35.4999645,0.27071977410746834,-0.003802141627103755,True,False,0.8596066301033958,-0.9120931655085078,True,False,1.2167528777618202,-0.07815789291625089,True,False
35.5332978,0.31476319588223095,-0.15545691390703778,True,False,-0.07035955799581325,-0.22603475180398142,True,False,0.5098977942685505,-0.09635567542937402,True,False
35.566631099999995,0.28850552545104674,-0.2654501600539679,True,False,-1.1899185028607882,0.7025118833596506,True,False,-0.28924505594904387,0.019342767995188536,True,False
35.5999644,0.25347092096569096,-0.3496663538998318,True,False,-2.0673947980873697,1.4897144929554003,True,False,-0.84975268732108,0.17231117340252192,True,False
35.6332977,0.2589163488814694,-0.42125144959875543,True,False,-2.341639995929257,1.7932119052999078,True,False,-0.953628448867048,0.2482468417983135,True,False
35.666630999999995,0.31387537031914503,-0.4764664838957814,True,False,-1.863942246589315,1.450413534812792,True,False,-0.5823264111981161,0.17167506174232056,True,False
35.6999643,0.38085566375143215,-0.4923983992510567,True,False,-0.7590017867482612,0.5464482479757528,True,False,0.07969222782304308,-0.05626119954347293,True,False
35.7332976,0.39394738805294977,-0.43767162739591436,True,False,0.6189307278595516,-0.6152753424639297,True,False,0.7247400748774893,-0.3557206155481608,True,False
35.7666309,0.29266395099346243,-0.2906799256746983,True,False,1.8175980269518883,-1.6281866259839366,True,False,1.0515297797686487,-0.6025593388282663,True,False
35.7999642,0.05555679328477535,-0.05603372864330901,True,False,2.4547108454348705,-2.1378467062936997,True,False,0.8912679554161308,-0.6835772209646589,True,False
35.8332975,-0.2822479897567183,0.22936941976703948,True,False,2.3573184406428083,-1.9764295468278956,True,False,0.2788268872458797,-0.5478227613988884,True,False
35.8666308,-0.6361453279864169,0.5044201961433926,True,False,1.6193294394596058,-1.224125846711193,True,False,-0.5596080918325294,-0.2312110303330358,True,False
35.8999641,-0.9012950694870805,0.7031952755663717,True,False,0.5564424079861157,-0.17439061198418818,True,False,-1.2969083424644023,0.15622639604858818,True,False
35.9332974,-0.9917818445496394,0.7776199052767182,True,False,-0.4220276508778763,0.7821547962856571,True,False,-1.6363821548732995,0.47472146206230825,True,False
35.9666307,-0.8732869141614883,0.7138828417296024,True,False,-0.9729077947016873,1.3087680340514534,True,False,-1.430958088101332,0.6116386688912819,True,False
35.999964,-0.5759439654152879,0.5359965332047623,True,False,-0.9476498549380679,1.2492116780711906,True,False,-0.7423923448291976,0.5269544286066881,True,False
36.0332973,-0.1827834482981557,0.29566542043020055,True,False,-0.44019799385512126,0.6810892004825531,True,False,0.18271161763215987,0.26891336796617954,True,False
36.0666306,0.2004958986031224,0.053468081156266,True,False,0.2624107213010304,-0.12343518621373707,True,False,1.0097394980108159,-0.04586594725590825,True,False
36.0999639,0.48138443422639543,-0.1404254361905871,True,False,0.8046983803653219,-0.812122799265984,True,False,1.446512405599015,-0.2792382113984126,True,False
36.1332972,0.6077926885424934,-0.25850742508868935,True,False,0.9113507926861361,-1.0955962734686449,True,False,1.3553123194155396,-0.3265047880584798,True,False
36.1666305,0.5774054333943014,-0.2976922386793944,True,False,0.49998307981168266,-0.861539270898962,True,False,0.8026106124526267,-0.1581351732464688,True,False
36.1999638,0.42838060600344813,-0.27224724049664645,True,False,-0.286410064905212,-0.21536857985213595,True,False,0.02805256210825733,0.1675671430523571,True,False
36.2332971,0.21841487053490216,-0.20320815585977953,True,False,-1.1391140936200115,0.5674183380420388,True,False,-0.6535159408006691,0.5254197475989295,True,False
36.2666304,0.0028600885908195606,-0.11011206650657755,True,False,-1.7103996614094572,1.1565966929410374,True,False,-0.9770906484896994,0.76988762161252,True,False
36.2999637,-0.1791147529396454,-0.00834899259542391,True,False,-1.7557941116425628,1.3029714752532637,True,False,-0.8299524941701457,0.7897204185331171,True,False
36.333297,-0.3069469489718514,0.08850574708832096,True,False,-1.2347433807969024,0.939793307567985,True,False,-0.29186278580922764,0.5503664739009174,True,False
36.3666303,-0.3726896528948294,0.16509539189049477,True,False,-0.3294736471540111,0.20952785139953317,True,False,0.40127362030461555,0.10845886632962878,True,False
36.3999636,-0.37340230278780034,0.20369123760395097,True,False,0.6254262514585871,-0.5940724516735051,True,False,0.9542386183919033,-0.40693605603264116,True,False
36.4332969,-0.30815931777997063,0.18868712126896714,True,False,1.2747471904301348,-1.1448064486842293,True,False,1.1305507049047427,-0.8393100822066807,True,False
36.4666302,-0.18165134460010102,0.11462975598153304,True,False,1.383522984476095,-1.2159821464818583,True,False,0.8451924034793489,-1.059317593084895,True,False
36.4999635,-0.011044702094962985,-0.006728863794163936,True,False,0.931158087357864,-0.772844094519305,True,False,0.19651192477934626,-1.0090215452036206,True,False
36.5332968,0.17038385487564753,-0.1453937845440761,True,False,0.12124287248991736,0.011264971099100213,True,False,-0.5737230525344482,-0.7199600870669263,True,False
36.5666301,0.3183092624446945,-0.26071654794937366,True,False,-0.6974983528155736,0.8215546319113735,True,False,-1.1751172160878598,-0.2991689207328364,True,False
36.5999634,0.3917511883075939,-0.3159172369734066,True,False,-1.1687984673583538,1.3252653603370428,True,False,-1.3806276957675705,0.1108617858606091,True,False
36.6332967,0.3713342779586574,-0.293794703670737,True,False,-1.071477181728285,1.3037606536329438,True,False,-1.1124675008400586,0.383123483980419,True,False
36.66663,0.2720945056888589,-0.20625458963600155,True,False,-0.41116850426636037,0.7415763961792907,True,False,-0.46973931512646694,0.44950823956623603,True,False
36.6999633,0.14244712143353264,-0.09218406020352164,True,False,0.5754974718426673,-0.16270193590424056,True,False,0.31141680856330123,0.3218289933408551,True,False
36.7332966,0.046791332747971474,-0.003052663551140795,True,False,1.5072552060600806,-1.0688132015632195,True,False,0.9485943772910103,0.08404696564981862,True,False
36.7666299,0.037444583100247925,0.018653622086250436,True,False,2.0030343505278316,-1.6234702201673774,True,False,1.2194649465304366,-0.14066058301973358,True,False
36.7999632,0.12806320934954182,-0.04087319712959959,True,False,1.8301907023329618,-1.596452968406423,True,False,1.0433964754591014,-0.23626967049163264,True,False
36.8332965,0.28179995127341034,-0.15806813821117996,True,False,0.999043537120645,-0.9719703215338945,True,False,0.508309679450406,-0.13808770270311438,True,False
36.8666298,0.42198002975989507,-0.27926511196044734,True,False,-0.23350091261115966,0.04036063813207914,True,False,-0.166090788507771,0.14002446255250506,True,False
36.8999631,0.46309316223161906,-0.3420548502231713,True,False,-1.4541058543246266,1.0802968524260135,True,False,-0.7136737101879866,0.5051580759187069,True,False
36.9332964,0.34990370967615336,-0.3022898138034928,True,False,-2.243966047570169,1.7702313425613854,True,False,-0.9230674173704912,0.8134630799530416,True,False
36.9666297,0.08736322805241974,-0.15512047973239781,True,False,-2.3339595944122853,1.8569908718950376,True,False,-0.7167202256557303,0.9195855015626387,True,False
36.999963,-0.25335486657430517,0.059634529231207295,True,False,-1.7050993872154139,1.3083041797350452,True,False,-0.17879085526020277,0.7321034861468816,True,False
37.0332963,-0.5576583205957933,0.2710559995751046,True,False,-0.595598500760565,0.3266354662096455,True,False,0.4777732861464391,0.2555015554093144,True,False
37.0666296,-0.7114185529287276,0.40468904602460665,True,False,0.5889094640401011,-0.7258965706697276,True,False,0.9920428852198674,-0.3985558206887398,True,False
37.0999629,-0.6481898904354615,0.41282605385121096,True,False,1.4284826204534813,-1.4639064899003729,True,False,1.1534170651208842,-1.0387446688596096,True,False
37.1332962,-0.37951765812681837,0.29468281819806647,True,False,1.6472120433645894,-1.6249721108450377,True,False,0.8809560149634633,-1.4546669057564463,True,False
37.1666295,0.005449876340938869,0.09770608107247969,True,False,1.2160899574976978,-1.1697238044429474,True,False,0.2545383329098452,-1.4911068643398786,True,False
37.1999628,0.3719969200172227,-0.10078459271825846,True,False,0.36044326592421033,-0.2967296826539919,True,False,-0.5134912348800167,-1.1088173419168932,True,False
37.2332961,0.5908722262644557,-0.22403657487285905,True,False,-0.5315643342719577,0.6346086130860729,True,False,-1.1556360379229127,-0.4070315977645943,True,False
37.2666294,0.5873701565643423,-0.2256987610822261,True,False,-1.0645117498499113,1.2444280029215,True,False,-1.4470247845644029,0.40431451746505576,True,False
37.2999627,0.3682703379739183,-0.10677103235691042,True,False,-0.995147475810167,1.282256422111223,True,False,-1.287631597585175,1.075608860220853,True,False
37.333296,0.015953323017599944,0.08692924843256543,True,False,-0.33310124244686673,0.7279010885479438,True,False,-0.7385690266502425,1.4068841400713914,True,False
37.3666293,-0.3469585442139058,0.28499686166497007,True,False,0.6576512115427642,-0.19702905928644976,True,False,0.0010849423218089508,1.3213932449656078,True,False
37.3999626,-0.6067591869851394,0.4212124539673304,True,False,1.5588795768183579,-1.1131323514745088,True,False,0.6685069458776676,0.8936926429487138,True,False
37.4332959,-0.7007162006485071,0.4585424573044118,True,False,1.9622782637806004,-1.6315149820385164,True,False,1.0349066695799172,0.31932912376342193,True,False
37.4666292,-0.6351259648252353,0.40030701190611,True,False,1.6344344988659223,-1.509190709445357,True,False,0.9903031905779675,-0.16364367624682377,True,False
37.4999625,-0.47360576440616986,0.2839245427187023,True,False,0.6177411210778915,-0.750389642968851,True,False,0.5832293417771068,-0.3709940504784902,True,False
37.5332958,-0.30292386800906435,0.16128312662388633,True,False,-0.773799081890456,0.38735396508130115,True,False,-5.0503781226199895e-05,-0.24765969990820125,True,False
37.5666291,-0.19278901811731508,0.0751909413726832,True,False,-2.0646416520587096,1.4867278014320824,True,False,-0.5093919535427208,0.10949938195075305,True,False
37.5999624,-0.16740049456832629,0.04227918708983886,True,False,-2.7930992433400643,2.1289534426122745,True,False,-0.7297695593669408,0.49251119231437923,True,False
37.6332957,-0.20006471904048542,0.04906140822540367,True,False,-2.6853778149030956,2.0558710123674326,True,False,-0.5672393561822995,0.6715706887375216,True,False
37.666629,-0.23119082134108607,0.06156009081463129,True,False,-1.7610552137536652,1.2722907868998743,True,False,-0.08794063459588405,0.4968485232197545,True,False
37.6999623,-0.19966075006668907,0.043015767257294925,True,False,-0.32853696425269036,0.04771333488041177,True,False,0.5061825799731621,-0.029796907680940236,True,False
37.7332956,-0.07248456601506584,-0.028713829075970088,True,False,1.1287173241564585,-1.1843556701590965,True,False,0.9567364506089544,-0.7449242572708937,True,False
37.7666289,0.14029236793589214,-0.15140641168143468,True,False,2.1319542708507018,-1.9909376561671484,True,False,1.0530640776571893,-1.3824255660294733,True,False
37.7999622,0.39073718509035177,-0.2996493866573071,True,False,2.3836723585809847,-2.1038991320541083,True,False,0.7202667183719773,-1.679486828204323,True,False
37.8332955,0.6141171488383781,-0.43527564571369926,True,False,1.8727482427536162,-1.5196840278580404,True,False,0.05528420940970883,-1.4869994737851,True,False
37.8666288,0.7551409889978625,-0.5218409685064848,True,False,0.8678454062761176,-0.49539212060406973,True,False,-0.7050415679294317,-0.8381154370307001,True,False
37.8999621,0.787433249616955,-0.5370266083640192,True,False,-0.19717149504219852,0.5568224840562851,True,False,-1.273195246816422,0.055647018670744265,True,False
37.9332954,0.7186929951148132,-0.47857073683278584,True,False,-0.8993933556905238,1.2346203664610742,True,False,-1.4234201982925108,0.8820546141232024,True,False
37.9666287,0.5813127815048345,-0.36253586424900813,True,False,-0.9939377585492235,1.303642479598815,True,False,-1.082898519140579,1.3499115057180948,True,False
37.999962,0.4148488472825701,-0.21585895816986791,True,False,-0.5053856916680606,0.7859179758903434,True,False,-0.36449753548239405,1.3057043459960802,True,False
38.0332953,0.2496427779971536,-0.06695994655439814,True,False,0.292045457709967,-0.056217489736846184,True,False,0.4735387806082966,0.7965161288333289,True,False
38.0666286,0.09909101176375942,0.06179805957542939,True,False,0.9959515511569972,-0.8330952261954747,True,False,1.1264184257745518,0.05174883428359705,True,False
38.0999619,-0.037163514458099824,0.1574949397405753,True,False,1.2479600076450386,-1.1908085857045958,True,False,1.3615708878106412,-0.6104096969165992,True,False
38.1332952,-0.16266781491119106,0.21574259809102314,True,False,0.8855465688103963,-0.957590885513174,True,False,1.109852512140158,-0.9140741109051355,True,False
38.1666285,-0.27330805243926787,0.23718601754364474,True,False,0.01117617127702767,-0.2138600348911905,True,False,0.49196347150966296,-0.7400581914744251,True,False
38.1999618,-0.3529141411672817,0.2239502662129267,True,False,-1.0490929120799957,0.7421424956443088,True,False,-0.23138108701215002,-0.17544555599553915,True,False
38.2332951,-0.37824157570578654,0.17812818802142405,True,False,-1.8797036510942768,1.5182749252641012,True,False,-0.7659681786785439,0.5231340602174585,True,False
38.2666284,-0.33102893931204064,0.10299642026562407,True,False,-2.146465964977557,1.7904773371318283,True,False,-0.9041757500721946,1.0377730864515502,True,False
38.2999617,-0.21086701947284495,0.005962322647230938,True,False,-1.7334859479819544,1.4359601852362631,True,False,-0.6093514826303886,1.1239257456644178,True,False
38.333295,-0.041851805239487117,-0.09891404302248939,True,False,-0.789962391123507,0.5829768555897833,True,False,-0.029357784102077955,0.7147446388277001,True,False
38.3666283,0.13124739358263968,-0.19102805130607586,True,False,0.3317201652022185,-0.442744848252935,True,False,0.566850934849086,-0.04898403424618349,True,False
38.3999616,0.2566621822190733,-0.247026718901504,True,False,1.2201417861256676,-1.2520626216659352,True,False,0.9037408949687304,-0.8759482419621464,True,False
38.4332949,0.2937964919334498,-0.24749687080810426,True,False,1.5710306943569596,-1.550992537295794,True,False,0.8172179826000202,-1.4441932656127876,True,False
38.4666282,0.22827737463426062,-0.1840727815888287,True,False,1.306716155108407,-1.258061453822199,True,False,0.3264580144590453,-1.5330287302529346,True,False
38.4999615,0.07746817301037616,-0.06386538949273558,True,False,0.600126604114181,-0.532339128653258,True,False,-0.37141419449070795,-1.1115202292932218,True,False
38.5332948,-0.11589618547551932,0.09105180006634597,True,False,-0.20526130608643972,0.2983621676802381,True,False,-0.9826785327349052,-0.3470855806753616,True,False
38.5666281,-0.2992463025749882,0.24938336646092482,True,False,-0.7447320051975677,0.8779165416938501,True,False,-1.2411293984694034,0.4680785617665089,True,False
38.5999614,-0.42844417408216706,0.37963597295352147,True,False,-0.7875829783522008,0.9714329961898108,True,False,-1.022989417366339,1.040366101469849,True,False
38.6332947,-0.48149033505129557,0.4590612322864962,True,False,-0.33315215992771136,0.561316106270394,True,False,-0.4036114041641119,1.1951455505892505,True,False
38.666628,-0.4626667101600977,0.4792063708135352,True,False,0.3921365507241485,-0.14959704174584373,True,False,0.3693345503330979,0.9435520111670398,True,False
38.6999613,-0.3963782896113065,0.4462509092806462,True,False,1.034624042515347,-0.8278473292381644,True,False,0.9766258364188057,0.468516999122399,True,False
38.7332946,-0.31426655373239193,0.37651638316613295,True,False,1.2674356160871212,-1.1532367930335805,True,False,1.1611385196185187,0.037380893148819545,True,False
38.7666279,-0.24163666396424574,0.2894346420616186,True,False,0.9334917435301143,-0.9558311603827461,True,False,0.8385490052951181,-0.12058799948654372,True,False
38.7999612,-0.18888794560134028,0.20101274582809173,True,False,0.11730453085878816,-0.2888503334845425,True,False,0.1377566786948257,0.08109602114791427,True,False
38.8332945,-0.150822482962011,0.12019136551197533,True,False,-0.8845637178635392,0.5922585358446607,True,False,-0.6476750706075135,0.5442641609590401,True,False
38.8666278,-0.1129190274608637,0.048887107998308095,True,False,-1.682085284191981,1.3348550910531702,True,False,-1.178701406283671,1.0254336034608744,True,False
38.8999611,-0.06073343248721807,-0.015210868843549677,True,False,-1.9501375835485695,1.633853001357885,True,False,-1.2121879509453855,1.2403785382877506,True,False
38.9332944,0.01222830467167704,-0.07502896103433417,True,False,-1.5612155082635708,1.3561118072215357,True,False,-0.7057997307719641,0.9902707097581467,True,False
38.9666277,0.10141645272703147,-0.13153431528454215,True,False,-0.6381119093214304,0.5937956543101107,True,False,0.15821116098931332,0.25623347349271214,True,False
38.999961,0.19351175115219493,-0.1830804038808473,True,False,0.49441748925514306,-0.3739683711425526,True,False,1.041919174307261,-0.7782116679583198,True,False
39.0332943,0.2721520008172863,-0.22635241628671499,True,False,1.438386517335683,-1.1939804212750587,True,False,1.586576576399005,-1.7877887728012551,True,False
39.0666276,0.32400334475330506,-0.25784719558212754,True,False,1.8785364405458633,-1.5792898015382681,True,False,1.5588428363021563,-2.4259701409981296,True,False
39.0999609,0.3425521790343197,-0.27488617708687724,True,False,1.702070272116103,-1.4197412017681985,True,False,0.9483165405199467,-2.45737832977949,True,False
39.1332942,0.3286455726566885,-0.27586045984864127,True,False,1.0345506630927326,-0.8189131272549858,True,False,-0.024382440064103117,-1.8490999316919414,True,False
39.1666275,0.2886007983539207,-0.2601859232257414,True,False,0.17935265239158446,-0.04442442279399353,True,False,-0.9933328467260593,-0.7846109766637238,True,False
39.1999608,0.23167069066116788,-0.22871954604063613,True,False,-0.5124356887510979,0.5860937699161582,True,False,-1.5926555136830762,0.40460521862931614,True,False
39.2332941,0.16837945615104313,-0.18492665565196484,True,False,-0.7870040205501261,0.8356076852902355,True,False,-1.6025782377643776,1.361688403860065,True,False
39.2666274,0.11005408678741256,-0.1361873760313379,True,False,-0.5881244555677949,0.6415336932225786,True,False,-1.0366945636896616,1.832261324610492,True,False
39.2999607,0.06861210813754223,-0.09394779316008225,True,False,-0.07268712009446535,0.13552863741762228,True,False,-0.1347263402683441,1.747909197360771,True,False
39.333294,0.05519710510375941,-0.07156017863427754,True,False,0.463148626653693,-0.41738140199755297,True,False,0.736325462982435,1.2350648165333518,True,False
39.3666273,0.07695709913069027,-0.07973945602591304,True,False,0.7151355403958998,-0.7341627349498688,True,False,1.2322662479806945,0.5497983897018752,True,False
39.3999606,0.13277498631555756,-0.1210931006406247,True,False,0.5044686080155083,-0.635747622092416,True,False,1.1716527479151475,-0.031892090140814774,True,False
39.4332939,0.2101594891099084,-0.18628844069878803,True,False,-0.14150669152700088,-0.12556264192891772,True,False,0.6083494918996405,-0.32280316419474214,True,False
39.4666272,0.2858146420845328,-0.25434129850863907,True,False,-0.9944166708433969,0.6075137471651704,True,False,-0.1929695407040907,-0.28968977275161906,True,False
39.4999605,0.33117845262470036,-0.29803676935679163,True,False,-1.7136793351610462,1.2632275415849237,True,False,-0.8682971821367704,-0.0517904763838696,True,False
39.5332938,0.32186239591356003,-0.29316157425700684,True,False,-1.9831018714880893,1.5514394887982126,True,False,-1.107027988481227,0.18291814203699736,True,False
39.5666271,0.24756427012797663,-0.22811714310791983,True,False,-1.640357110913481,1.3122497070335402,True,False,-0.78326390856838,0.21512033455631224,True,False
39.5999604,0.11797930981767804,-0.10971138177085597,True,False,-0.7475353886907095,0.5862810778330525,True,False,-0.011634831222594377,-0.055273582284829856,True,False
39.6332937,-0.03870801232555655,0.037924246981612876,True,False,0.4254785739360404,-0.3937583507856961,True,False,0.895724333045981,-0.5815232817366066,True,False
39.666627,-0.18521588225675834,0.1815882657914142,True,False,1.498645309603206,-1.2879926315922898,True,False,1.5541571752818772,-1.1834936752165441,True,False
39.6999603,-0.28927261363522283,0.29150263207063754,True,False,2.122619002848432,-1.7781732146496685,True,False,1.6631307527153278,-1.6159804040294914,True,False
39.7332936,-0.3366691328931805,0.3529063522760001,True,False,2.108361990580913,-1.6901320623631528,True,False,1.1311970301439254,-1.6647525563462164,True,False
39.7666269,-0.33730500695487947,0.3715612707158977,True,False,1.4956891217349597,-1.0617748034537522,True,False,0.11850005337201014,-1.2330332673597615,True,False
39.7999602,-0.320869694789935,0.37031580574778616,True,False,0.5347126858152407,-0.12955716814975074,True,False,-1.0208762284456347,-0.385316092327321,True,False
39.8332935,-0.32322021860114103,0.37770853368886925,True,False,-0.41219313115014106,0.761807681225385,True,False,-1.8742510435949429,0.6680984226228204,True,False
39.8666268,-0.3688642356190673,0.4132826147103517,True,False,-1.0097894639986005,1.2915726605146167,True,False,-2.129816193224383,1.6400640594099811,True,False
39.8999601,-0.45720629540908686,0.47612062841272484,True,False,-1.0769118531902417,1.2857133401952074,True,False,-1.697087145814731,2.2633655971623634,True,False
39.9332934,-0.5591488230022217,0.5421267245509769,True,False,-0.6521559750158018,0.7823301780744761,True,False,-0.7408509927324866,2.3795850604972166,True,False
39.9666267,-0.6264906735215979,0.5720364749790455,True,False,0.026733316636155052,0.014076628185027284,True,False,0.3843776904577126,1.9877982850745193,True,False
39.99996,-0.6110196542579553,0.5274667849475932,True,False,0.6214700529599171,-0.685640003884228,True,False,1.272933129077196,1.2364112783834296,True,False
40.0332933,-0.48569100015929717,0.3885616086445696,True,False,0.831379980038511,-1.0160948999829902,True,False,1.62449408171786,0.36311125214915685,True,False
40.0666266,-0.25890819665354464,0.1656677891213726,True,False,0.517232438317994,-0.8300679420500862,True,False,1.3568285352798104,-0.3927306070783461,True,False
40.0999599,0.02457869976813637,-0.10039041185950874,True,False,-0.23786019463373023,-0.1944664642214054,True,False,0.6310401542715375,-0.8713349365959369,True,False
40.1332932,0.29724422031739867,-0.3502784886633496,True,False,-1.1550953021301404,0.633599966871301,True,False,-0.21938673090380764,-1.0374556214073611,True,False
40.1666265,0.49190048961497695,-0.5260653229271888,True,False,-1.8651367804099583,1.306788802598396,True,False,-0.8263412984581864,-0.9743326285354503,True,False
40.1999598,0.5653735750879206,-0.5913284397492002,True,False,-2.052176151171728,1.5252390290721742,True,False,-0.9361805295191155,-0.8324319995477777,True,False
40.2332931,0.5134181572352255,-0.5434625010909316,True,False,-1.5815773624492968,1.1585232169632993,True,False,-0.5108628308001133,-0.7560639035319567,True,False
40.2666264,0.3710534288102138,-0.41335200318368914,True,False,-0.5610866894042053,0.3036988331582704,True,False,0.25854931870552056,-0.8185442200051748,True,False
40.2999597,0.1983854209100649,-0.2527605762779266,True,False,0.6898070560869618,-0.7445767784549283,True,False,1.0306104382626302,-0.9918255041257915,True,False
40.333293,0.057779643142643826,-0.11477443854687805,True,False,1.7529421738716506,-1.6021163082441445,True,False,1.4525098032225048,-1.1617588156213479,True,False
40.3666263,-0.008438193412038813,-0.03527448984931511,True,False,2.265607404427027,-1.9411257660747125,True,False,1.3038871229129754,-1.1814428125122656,True,False
40.3999596,0.008907402311573944,-0.02262459712170714,True,False,2.0575579562409216,-1.6181418231880569,True,False,0.5884470330845574,-0.9398886689014402,True,False
40.4332929,0.08651495413899404,-0.05900366384762397,True,False,1.2179601590601736,-0.7339819007567805,True,False,-0.462707563153172,-0.4173539330027431,True,False
40.4666262,0.18183831106526818,-0.11181083894660189,True,False,0.0650455560025845,0.39895242031019884,True,False,-1.4772172723698416,0.295699915361346,True,False
40.4999595,0.2525963319691175,-0.1495394764880659,True,False,-0.9718461442291997,1.371257684265804,True,False,-2.0832491476285275,1.0243574877263286,True,False
40.5332928,0.2740980142859155,-0.1551200585350872,True,False,-1.5140918364706892,1.8302778718645318,True,False,-2.0516168364747855,1.5700930405496394,True,False
40.5666261,0.24741041099735292,-0.13140450634151332,True,False,-1.3778175798345205,1.6143112287568497,True,False,-1.3832319063369174,1.783013065665903,True,False
40.5999594,0.19573161745695905,-0.09726790222060008,True,False,-0.6441416178508708,0.815113751298104,True,False,-0.30855188741029865,1.6171413557657635,True,False
40.6332927,0.15150473233420633,-0.07693562550091823,True,False,0.37269897727835444,-0.25645335283721926,True,False,0.7999674473511523,1.1469875287901414,True,False
40.666626,0.14055912392249625,-0.08779155404648861,True,False,1.248268682568051,-1.1894608358332344,True,False,1.5678999768783919,0.5388861598246404,True,False
40.6999593,0.1703640467426391,-0.13206823096309495,True,False,1.6149336959260332,-1.631251138400832,True,False,1.7571482346553622,-0.011571858164149068,True,False
40.7332926,0.22715769170100084,-0.19562921328244748,True,False,1.3078488420032301,-1.4237353781642814,True,False,1.3498318274797363,-0.35139259908437176,True,False
40.7666259,0.2824793187388254,-0.25370538464901304,True,False,0.4320909512606496,-0.6641966055344882,True,False,0.5468853275325312,-0.42325468173101044,True,False
40.7999592,0.30547832441261524,-0.28051659165105897,True,False,-0.6765690027083828,0.3337941899302148,True,False,-0.3162028991445622,-0.2795331400317004,True,False
40.8332925,0.27515537363266795,-0.2584329798161597,True,False,-1.5829336468964779,1.164660053081849,True,False,-0.9023115645761507,-0.05283606302127747,True,False
40.8666258,0.18727745652553188,-0.18308375838352373,True,False,-1.9245238938417775,1.491818370833887,True,False,-1.002079253420952,0.1039283682037553,True,False
40.8999591,0.053632153375993884,-0.06303061560168098,True,False,-1.5564461820708542,1.181894319941105,True,False,-0.6100709241560248,0.08294130000594775,True,False
40.9332924,-0.10497346175845407,0.08488868594062791,True,False,-0.6108692473519084,0.3586207354055374,True,False,0.08035857173602344,-0.13439508298149946,True,False
40.9666257,-0.2678106023632787,0.24183355472477186,True,False,0.5535021770562579,-0.6457090477727717,True,False,0.759550687501472,-0.4720744611921337,True,False
40.999959,-0.420730021651404,0.39198814577323815,True,False,1.4927073042797732,-1.4227285253268023,True,False,1.1275721152394713,-0.7940574773753454,True,False
41.0332923,-0.5571751180777094,0.5245950297293336,True,False,1.8536051581215034,-1.6521085568614249,True,False,1.0138086954230185,-0.9634485346682927,True,False
41.0666256,-0.6739502456959745,0.6329032554031009,True,False,1.514182346449318,-1.2316487484180674,True,False,0.4436555659731385,-0.9010063898623175,True,False
41.0999589,-0.7648478910690633,0.7113362009529115,True,False,0.6312958338946337,-0.32057322792428183,True,False,-0.3727125144146772,-0.6185089330072411,True,False
41.1332922,-0.8164059000961799,0.7528067610139881,True,False,-0.4239633492349874,0.7224095356743295,True,False,-1.123770014910579,-0.2135259935885124,True,False
41.1666255,-0.8089978128222771,0.7478583523539127,True,False,-1.2176374831611863,1.4824076432178455,True,False,-1.518627555520478,0.17139087252171298,True,False
41.1999588,-0.7237137987777401,0.6864257584971947,True,False,-1.4298723194315943,1.655843678127886,True,False,-1.3996055643921774,0.4072792129112326,True,False
41.2332921,-0.5524043732998568,0.5618711567183788,True,False,-0.9855099462091598,1.1744164663682415,True,False,-0.8019659785978349,0.43033899006295395,True,False
41.2666254,-0.30629556629647886,0.37592891972955117,True,False,-0.08482069111954144,0.2346513945322889,True,False,0.061353865743973716,0.26541860566277303,True,False
41.2999587,-0.018675659466862532,0.1425823605086007,True,False,0.8785767262115072,-0.7799698309477511,True,False,0.8827349793459631,0.012706748234861847,True,False
41.333292,0.2606783266880558,-0.11109711746037765,True,False,1.4794612101578277,-1.4536004406119092,True,False,1.377311158021742,-0.195542158779387,True,False
41.3666253,0.47830590603847517,-0.34840004012806514,True,False,1.4365198493420002,-1.506943280687704,True,False,1.3889652179012961,-0.24943484009299155,True,False
41.3999586,0.5929373012195985,-0.5306310733760908,True,False,0.7298360258228526,-0.9116170843854178,True,False,0.9444523899341607,-0.10464551834097816,True,False
41.4332919,0.5887222751308677,-0.6272582044532251,True,False,-0.3879091860749307,0.09714423133885136,True,False,0.23621246902521523,0.20208738377806407,True,False
41.4666252,0.480838905572361,-0.6255228971518471,True,False,-1.4914151170352064,1.1152345889299844,True,False,-0.4575009737662966,0.5694262468127189,True,False
41.4999585,0.311264674215208,-0.5360498642075932,True,False,-2.153359035937776,1.733575135623866,True,False,-0.8824779717451535,0.8711181524116322,True,False
41.5332918,0.1361140604443139,-0.39185723551555446,True,False,-2.1161779240370713,1.704296565043853,True,False,-0.9049241349058464,1.0018795350964982,True,False
41.5666251,0.00893122076251755,-0.24020556814773444,True,False,-1.3951397486808745,1.041157691790757,True,False,-0.5573076051681843,0.9118710795310193,True,False
41.5999584,-0.03447588126993701,-0.12926965234045537,True,False,-0.27091261732663613,0.013037831440501543,True,False,-0.017387921528649503,0.6186155187459413,True,False
41.6332917,0.015027699117202717,-0.09367322867155603,True,False,0.8250465819236316,-0.9667325643580673,True,False,0.4692417450898623,0.1951646048463911,True,False
41.666625,0.13944346949806877,-0.14361384965400908,True,False,1.4853007558034848,-1.5096171652492,True,False,0.6908324300326801,-0.2577943964288842,True,False
41.6999583,0.3009760699544013,-0.26129153740656913,True,False,1.4900559841944387,-1.4101251845180625,True,False,0.5543834486182838,-0.6437685114710469,True,False
41.7332916,0.4541405614336571,-0.4060023736426716,True,False,0.8929980412846599,-0.728258043854934,True,False,0.12042144107680423,-0.8950295521530672,True,False
41.7666249,0.5585459168035729,-0.5264203372476475,True,False,-0.005301039855588667,0.2372167818769458,True,False,-0.4250297477759751,-0.9835734063863143,True,False
41.7999582,0.5886290220431051,-0.5762460316700634,True,False,-0.7850181626434829,1.0730357214351518,True,False,-0.8487048668050965,-0.9182124955864142,True,False
41.8332915,0.5380768586592148,-0.5283161150767138,True,False,-1.083110176110875,1.4217385231174422,True,False,-0.9662199886371112,-0.7323704472870375,True,False
41.8666248,0.41858795357854245,-0.3827716101381948,True,False,-0.7454645383525321,1.128093720063095,True,False,-0.7171622220299981,-0.46923286892232785,True,False
41.8999581,0.2543068950955594,-0.16678863327835503,True,False,0.10715979268965747,0.3021714172388251,True,False,-0.18930189160009075,-0.17010478253193712,True,False
41.9332914,0.07423245031190709,0.07394310780571393,True,False,1.1263933393352112,-0.725835295531685,True,False,0.41712618353669373,0.1309694586438792,True,False
41.9666247,-0.09501292684669317,0.28920399785513856,True,False,1.877525334930178,-1.5397095822527838,True,False,0.870048105400882,0.4066536912802931,True,False
41.999958,-0.234300737377547,0.43919270432936597,True,False,2.017415964604342,-1.8052026089751616,True,False,0.9983128619860734,0.6327824434970959,True,False
42.0332913,-0.3342408368821777,0.5056719843245187,True,False,1.4369633048529347,-1.4040384718474574,True,False,0.7593671231016496,0.7857216786888629,True,False
42.0666246,-0.394721492216859,0.4958112988147854,True,False,0.3105329136429839,-0.48075002639316994,True,False,0.2550462955612395,0.8435274696026043,True,False
42.0999579,-0.42249304029676366,0.43763782430502984,True,False,-0.967635514435143,0.6151388794941103,True,False,-0.31033577551485375,0.7913957477357536,True,False
42.1332912,-0.42772324754531926,0.36879504962075116,True,False,-1.9346841610167718,1.4671748050431397,True,False,-0.7123367483449562,0.6291524226274124,True,False
42.1666245,-0.42038917477131754,0.32255074066166006,True,False,-2.2379068425432926,1.754618576008028,True,False,-0.7959268051788143,0.3767540335136132,True,False
42.1999578,-0.4072527386487771,0.3159247810883663,True,False,-1.7704373726772742,1.375484885688174,True,False,-0.5363766470387283,0.07393287806524718,True,False
42.2332911,-0.39005887693070185,0.3440749984347779,True,False,-0.7109635473798371,0.48270064188954453,True,False,-0.04737453864309317,-0.22762699145207518,True,False
42.2666244,-0.3654218596945094,0.38290104151330373,True,False,0.5470568569600089,-0.5789237576131555,True,False,0.4664683757143414,-0.4777438306059025,True,False
42.2999577,-0.32653093455534526,0.39893128390429533,True,False,1.5476911965786824,-1.4083651960216645,True,False,0.7932734885373639,-0.6419536954446836,True,False
42.333291,-0.26631483793927735,0.36295038119002815,True,False,1.9459382677206263,-1.7026360556931783,True,False,0.7998479634888461,-0.7106205418383449,True,False
42.3666243,-0.18119130536324848,0.2624370949261017,True,False,1.6346563198461397,-1.3696773687071746,True,False,0.4852713806125943,-0.6988375363434413,True,False
42.3999576,-0.0742002646969469,0.1082322020307076,True,False,0.7768242231144865,-0.5573935550530208,True,False,-0.019439785552867052,-0.6368996625614072,True,False
42.4332909,0.04364395043159488,-0.06715475560811499,True,False,-0.267176288429126,0.4102949587375724,True,False,-0.5053807764180759,-0.5553417510485362,True,False
42.4666242,0.15449014836364078,-0.21926296705476858,True,False,-1.0864175791626747,1.1634163780960007,True,False,-0.7716151486399216,-0.47104182413308143,True,False
42.4999575,0.2372293351781476,-0.3062536201905015,True,False,-1.3813354419124446,1.4301045421400402,True,False,-0.7080210825957441,-0.38047889273924035,True,False
42.5332908,0.2726748099318868,-0.30340825045118147,True,False,-1.0770599410529236,1.138812455111446,True,False,-0.3413919180929075,-0.2631345881771507,True,False
42.5666241,0.24897361492076403,-0.2125110131496403,True,False,-0.3449917175864536,0.43991979919385765,True,False,0.1742496375578212,-0.09369936573427715,True,False
42.5999574,0.16578804896712798,-0.06266957997526401,True,False,0.47362584906386523,-0.359852313479023,True,False,0.6196955672682903,0.14192133062033888,True,False
42.6332907,0.036099898535796315,0.09803579057662856,True,False,1.0098007122944994,-0.9228076400085606,True,False,0.8002645421278289,0.43336767791126096,True,False
42.666624,-0.11496610265189197,0.21750270918011583,True,False,1.0171140847119142,-1.0152761836530537,True,False,0.6269942323559003,0.7409251013297943,True,False
42.6999573,-0.2542978430184532,0.2561472397519247,True,False,0.4707538245615216,-0.5992386133535464,True,False,0.15611180064865024,1.0015430204028268,True,False
42.7332906,-0.3473288963227329,0.199277804493831,True,False,-0.4229884532784481,0.1546501515973601,True,False,-0.42999624022162347,1.144557286434093,True,False
42.7666239,-0.3657629645062278,0.06089893031538359,True,False,-1.309184102536079,0.9366334820351044,True,False,-0.8936793553814282,1.1126013283737899,True,False
42.7999572,-0.29480691142166937,-0.12237192589287639,True,False,-1.8250342128928032,1.421668229248512,True,False,-1.0370726854910999,0.8813567804268215,True,False
42.8332905,-0.13800842462714982,-0.3048732340310693,True,False,-1.7429940681158471,1.3982636181520487,True,False,-0.7833707850295965,0.47185922032074684,True,False
42.8666238,0.08193327156847206,-0.44766483973234844,True,False,-1.0602571250747759,0.8517446382488654,True,False,-0.21130546168067926,-0.04905162702407027,True,False
42.8999571,0.32715281858166684,-0.5303725194219931,True,False,-0.00036429415674302094,-0.030221295411637362,True,False,0.4719095507511362,-0.5813574043041757,True,False
42.9332904,0.5528486197249682,-0.554661346352021,True,False,1.0725696623982466,-0.9311499491714212,True,False,1.0094199195623186,-1.0150414834062007,True,False
42.9666237,0.7177941164664604,-0.5384335905271129,True,False,1.7925432421983778,-1.528594430031937,True,False,1.1946889958883355,-1.2579486250487217,True,False
42.999957,0.7941779167579489,-0.503801858828861,True,False,1.9287632516198878,-1.6175797085968087,True,False,0.953005747288204,-1.260460627380548,True,False
43.0332903,0.7737288411990332,-0.4645380744640829,True,False,1.468146953801492,-1.1862607659197892,True,False,0.3718422944725934,-1.0293098832102543,True,False
43.0666236,0.6680969993366507,-0.4188478989707428,True,False,0.6124061226653869,-0.4149414960443842,True,False,-0.33255329356437074,-0.6255326890208383,True,False
43.0999569,0.5033573123058475,-0.35085652296510295,True,False,-0.30719542800564115,0.3996980657976484,True,False,-0.899546628338561,-0.14628472057872902,True,False
43.1332902,0.3106308231969529,-0.24017784889535965,True,False,-0.9621088881123311,0.9636978980673954,True,False,-1.126158864567309,0.3043120474841109,True,False
43.1666235,0.11633671495853506,-0.07515999029325478,True,False,-1.1526556217526946,1.1000441991537573,True,False,-0.9460667754742962,0.6458445993460229,True,False
43.1999568,-0.06419992392807397,0.13643713319417577,True,False,-0.8783865858387274,0.8125835736247525,True,False,-0.45380536454624637,0.8430870462807979,True,False
43.2332901,-0.22736686886822033,0.36461876892492057,True,False,-0.32613386572803493,0.2751383030821116,True,False,0.13575599241483355,0.9102630714959185,True,False
43.2666234,-0.3760997629658876,0.5641115403172521,True,False,0.21728815655001943,-0.2480941522102029,True,False,0.5765259472997167,0.896234394721782,True,False
43.2999567,-0.5114906321682156,0.6887267984637442,True,False,0.49051000921654886,-0.5170028278411958,True,False,0.6929226650263384,0.8562918088018177,True,False
43.33329,-0.6253492378821078,0.7074423359452355,True,False,0.3690312151631072,-0.4172655440066894,True,False,0.45276701095412425,0.8221145819952178,True,False
43.3666233,-0.6977724981639163,0.6156804110647242,True,False,-0.08313665940684449,-0.007393278163421706,True,False,-0.018840949004702588,0.7830010123614863,True,False
43.3999566,-0.7018053978672767,0.4372845109178098,True,False,-0.6424584845094204,0.507995607067397,True,False,-0.49112678943642907,0.6875821933335631,True,False
43.4332899,-0.6141722888592177,0.2166262570078244,True,False,-1.0230289402778994,0.8672573288756201,True,False,-0.7244831679280964,0.4671215611885945,True,False
43.4666232,-0.4280958987475809,0.004294551514232349,True,False,-1.0012881466511143,0.8659339444477069,True,False,-0.573408737051312,0.07226874541175161,True,False
43.4999565,-0.16270532148666408,-0.1578492870710751,True,False,-0.5162139761530473,0.448317161158815,True,False,-0.05315253934056458,-0.4914815818039222,True,False
43.5332898,0.1357685201441931,-0.24673535036368266,True,False,0.2972108195594765,-0.2623325035761245,True,False,0.6583341137378713,-1.145490159376237,True,False
43.5666231,0.40300910263337597,-0.2602953034131404,True,False,1.1561827325301324,-1.008517292978572,True,False,1.2856860485862651,-1.7474405805592619,True,False
43.5999564,0.5739142440948937,-0.21234575817033294,True,False,1.7412407548977982,-1.500865565351097,True,False,1.5638150234444326,-2.12911639693828,True,False
43.6332897,0.6027126701316519,-0.12351718210931792,True,False,1.8255121916296935,-1.5366885259119434,True,False,1.3453748391197662,-2.151687556878735,True,False
43.666623,0.47875313974945183,-0.012651891644528113,True,False,1.369072252171048,-1.0859460372061776,True,False,0.6645894769775911,-1.7593939255774693,True,False
43.6999563,0.23183719928201155,0.10785965227458008,True,False,0.5390003984885929,-0.30846840474578624,True,False,-0.269150024770066,-1.0107793643041156,True,False
43.7332896,-0.0755293201239196,0.2316097223184528,True,False,-0.35440399643970066,0.5060483058571639,True,False,-1.1466850240008115,-0.07285413365011145,True,False
43.7666229,-0.36682462837229296,0.35382800271551007,True,False,-0.9805731275899345,1.0521945842802212,True,False,-1.6745801368662616,0.8238054876952093,True,False
43.7999562,-0.5747911832488524,0.4660110578913665,True,False,-1.1214855905856373,1.1314903886100869,True,False,-1.6855053662962494,1.4562201544870623,True,False
43.8332895,-0.6610264309918455,0.5526014771876567,True,False,-0.7602034483372424,0.73362447040936,True,False,-1.2000566277073068,1.6823001401024473,True,False
43.8666228,-0.6248336366195943,0.5917462301970441,True,False,-0.08824070948481229,0.04247902936414314,True,False,-0.41574108180797287,1.4891716143703884,True,False
43.8999561,-0.4983295716520542,0.5603871876702108,True,False,0.5724961565150686,-0.636759419279061,True,False,0.37219761080023717,0.9969316711795151,True,False
43.9332894,-0.33015378775580917,0.44211828183323815,True,False,0.9025628134949895,-1.001047602691573,True,False,0.8863600679320363,0.414182602980442,True,False
43.9666227,-0.16464290958849995,0.2349934309624299,True,False,0.7190857356414307,-0.8741547549984715,True,False,0.9731240132577111,-0.039628739219800244,True,False
43.999956,-0.025126851864383692,-0.04380113698272659,True,False,0.05619252711527836,-0.2819635051400478,True,False,0.6570961086857717,-0.21612749190488706,True,False
44.0332893,0.09176965768879965,-0.358638287222775,True,False,-0.842181348112936,0.5529767596065288,True,False,0.12323511737266839,-0.09225465768022507,True,False
44.0666226,0.20864175989863623,-0.6619418576440245,True,False,-1.6159390732513392,1.2968928097133803,True,False,-0.36497562654836363,0.2251610657160356,True,False
44.0999559,0.35017960404647563,-0.9047818363855119,True,False,-1.9326002427836404,1.6372516702455362,True,False,-0.5772887700201941,0.5470810771789372,True,False
44.1332892,0.5242648259573237,-1.0482506340041815,True,False,-1.6239574910912873,1.409903914229879,True,False,-0.4126536285353802,0.6835586823283198,True,False
44.1666225,0.7101555698991737,-1.0719298321271022,True,False,-0.76028240229686,0.6699167808444022,True,False,0.059486619296959295,0.5258784165161621,True,False
44.1999558,0.8597993706616667,-0.9768819214016714,True,False,0.36900488206549803,-0.3231958116192589,True,False,0.6288749788330389,0.09577208327244553,True,False
44.2332891,0.9127928452659556,-0.7827644965590925,True,False,1.362259097292786,-1.201564678984264,True,False,1.032439928571311,-0.4590884211701434,True,False
44.2666224,0.8196321495328831,-0.520894376697054,True,False,1.8591173996265626,-1.6298579208237376,True,False,1.0643666819693969,-0.9223351286887015,True,False
44.2999557,0.5641688906845175,-0.22636831325010004,True,False,1.6805413601547785,-1.4363110313038372,True,False,0.6633073937706688,-1.0962170898658865,True,False
44.333289,0.17616078109228084,0.06787003642349515,True,False,0.9000589164593071,-0.6824529147661759,True,False,-0.05860477443343075,-0.8837586801656991,True,False
44.3666223,-0.271548882130659,0.33363168270067206,True,False,-0.18239146075895288,0.3564404910198629,True,False,-0.8564721431571867,-0.33238355672712067,True,False
44.3999556,-0.680918082923748,0.5473171895974477,True,False,-1.1544035438295768,1.2935105458942735,True,False,-1.446418308309697,0.3788664108238187,True,False
44.4332889,-0.9557959427578527,0.688925779833657,True,False,-1.6487043560159365,1.7762131750985246,True,False,-1.6146623560630153,1.0036582027287015,True,False
44.4666222,-1.0291478003498251,0.7423211184763954,True,False,-1.4831605099072547,1.6198850416726864,True,False,-1.2984901632725658,1.3188388423240067,True,False
44.4999555,-0.8815983750645858,0.697762988285589,True,False,-0.7289625275883942,0.8775639539293806,True,False,-0.6076423248344299,1.2056741816064254,True,False
44.5332888,-0.5458638465544409,0.5560716245396804,True,False,0.31894736649319855,-0.18067306508077813,True,False,0.22104100445213742,0.6909220323737209,True,False
44.5666221,-0.09665706833154535,0.3324725834926882,True,False,1.2569053742251355,-1.1705626553578512,True,False,0.9161864968665444,-0.06653305024372166,True,False
44.5999554,0.3697065424482312,0.057839065937154134,True,False,1.7277072586271907,-1.7387613883715214,True,False,1.2738837371640739,-0.836049224881055,True,False
44.6332887,0.7591232581207163,-0.2241690145201429,True,False,1.5557382896917977,-1.6943502767197416,True,False,1.2287008067351028,-1.3974022585233798,True,False
44.666622,1.0000391076289812,-0.4640870670255891,True,False,0.8105953971082798,-1.0767789480543233,True,False,0.8669953353321689,-1.6127338359626915,True,False
44.6999553,1.0555922656238645,-0.6162624844096843,True,False,-0.22372762886820657,-0.1354627065557672,True,False,0.3798593341589561,-1.462502699809032,True,False
44.7332886,0.9260577699248757,-0.6486798102100295,True,False,-1.160232480314418,0.7693844819005593,True,False,-0.022543676561981238,-1.035690759537156,True,False
44.7666219,0.6430708883103432,-0.5504456207053847,True,False,-1.6564642597071573,1.3050700458095603,True,False,-0.19865298536936088,-0.48314984129269745,True,False
44.7999552,0.25893279137693104,-0.33498081759869736,True,False,-1.5411484601607013,1.2902012672776633,True,False,-0.12914770056202834,0.043547941535472603,True,False
44.8332885,-0.16533015528572148,-0.038003020001973135,True,False,-0.8725084234226462,0.7572123159056733,True,False,0.08420534921988036,0.4421829428942553,True,False
44.8666218,-0.5703077427035658,0.289417141534825,True,False,0.0915943903104414,-0.0682500400423035,True,False,0.27187193659659,0.6808694344984724,True,False
44.8999551,-0.9055039687462574,0.5912800367617558,True,False,0.9972971649756706,-0.8604287781058557,True,False,0.2777896842485949,0.7862358287339302,True,False
44.9332884,-1.1334765931671495,0.8181958173990657,True,False,1.5301724456165977,-1.320959110536272,True,False,0.03324473199787047,0.8095432200239113,True,False
44.9666217,-1.231538341457858,0.9372362180415963,True,False,1.5299375904936023,-1.2908078164337669,True,False,-0.4080521322532815,0.789845923752633,True,False
44.999955,-1.1919768976951004,0.9375623008817977,True,False,1.0418218766616434,-0.8044462002584577,True,False,-0.8883380142499306,0.7324053488602214,True,False
45.0332883,-1.0215270585600789,0.8303356651102846,True,False,0.28781065786539045,-0.06778531188332715,True,False,-1.209727507706856,0.611530900336428,True,False
45.0666216,-0.7403930344261345,0.6430784808242562,True,False,-0.42773765076965087,0.6286085894653389,True,False,-1.2169083517796044,0.39446840444996084,True,False
45.0999549,-0.38071533994945955,0.41045634065596626,True,False,-0.839078203501355,1.0250450897818535,True,False,-0.8642393449473769,0.07275965721327918,True,False
45.1332882,0.015840427237709953,0.16474309073981874,True,False,-0.8190397799581643,0.9913269644706273,True,False,-0.2395192886971657,-0.3158852820008975,True,False
45.1666215,0.4016924621376992,-0.07064292511356754,True,False,-0.42038111981003257,0.5710754480927246,True,False,0.46544451629198835,-0.6875368008290481,True,False
45.1999548,0.7282945902928194,-0.28241433642107683,True,False,0.15486381704904728,-0.04321168297783349,True,False,1.0257189858180615,-0.9359113013868807,True,False
45.2332881,0.9522824408246628,-0.46368599972637164,True,False,0.6430140123689976,-0.5919720647189299,True,False,1.2672627600792037,-0.9711327275716662,True,False
45.2666214,1.0422593420466806,-0.6078039092864195,True,False,0.8267463005334641,-0.8532620136353442,True,False,1.1308280360642335,-0.7572837531686193,True,False
45.2999547,0.9851651649323229,-0.703599160309417,True,False,0.6203222183202792,-0.7286239764340958,True,False,0.6909528250063441,-0.3325686869293552,True,False
45.333288,0.7907054302902634,-0.7353889950812864,True,False,0.09935845298372563,-0.2771878595097191,True,False,0.12344412569450182,0.1972550289680922,True,False
45.3666213,0.49216733884695607,-0.6887116901540541,True,False,-0.5346546967643844,0.3136725115786811,True,False,-0.3647833312337906,0.6907777282030466,True,False
45.3999546,0.14240106323411622,-0.559646382244081,True,False,-1.03888405985697,0.8075983180495967,True,False,-0.6151204659673775,1.0166324421746518,True,False
45.4332879,-0.19513479175501006,-0.36315377873019494,True,False,-1.2276421253712366,1.0156210030980137,True,False,-0.5745999567121938,1.0960124772063258,True,False
45.4666212,-0.4588521597446351,-0.13550241718023984,True,False,-1.0451456429922092,0.8708654098465012,True,False,-0.309384035226579,0.9263712220377376,True,False
45.4999545,-0.6022458411959114,0.07206007045380282,True,False,-0.5840007060254979,0.4521449393986868,True,False,0.029410768696626118,0.5780453593012357,True,False
45.5332878,-0.6043464726929549,0.20744887435751116,True,False,-0.04305893749494692,-0.05219067635714648,True,False,0.27235588324767895,0.1659067710377446,True,False
45.5666211,-0.47426506517589967,0.23496852513860622,True,False,0.35736543757077543,-0.42482219159235285,True,False,0.3031362378810743,-0.19261276048190595,True,False
45.5999544,-0.2481351149786968,0.14891386444424948,True,False,0.46800254586873,-0.5113801666708612,True,False,0.10590560370251437,-0.4171684805969601,True,False
45.6332877,0.020992780447689197,-0.022292068727347417,True,False,0.27301636354842057,-0.28611661405802863,True,False,-0.22994483167811652,-0.48745123833711357,True,False
45.666621,0.27740587836555736,-0.2237878034327379,True,False,-0.10340434598430981,0.13580758748832597,True,False,-0.5486500288743584,-0.44197666175098854,True,False
45.6999543,0.47669162004956445,-0.3915335083526039,True,False,-0.4494812036453042,0.5451404463639068,True,False,-0.6941011541038407,-0.3546500605642427,True,False
45.7332876,0.5949364564164856,-0.47306038136810674,True,False,-0.5566153585223459,0.7262148240496679,True,False,-0.5759725570281017,-0.299338428633958,True,False
45.7666209,0.6303467740221987,-0.4441594554988558,True,False,-0.31187174383412947,0.5502447912250756,True,False,-0.20923499083491048,-0.316884311879776,True,False
45.7999542,0.5972884560588856,-0.31540571646826376,True,False,0.245958565458668,0.03590999846920718,True,False,0.2887000467501656,-0.39767535405376314,True,False
45.8332875,0.5156456408121429,-0.12620323611481846,True,False,0.9311304875012506,-0.6487938777245349,True,False,0.7419406116282862,-0.4865801978391978,True,False
45.8666208,0.4002224991321281,0.07126228733452959,True,False,1.4771457008004305,-1.2463606034455759,True,False,0.9836509844790816,-0.5081232238118086,True,False
45.8999541,0.25484982968647824,0.2319317926281428,True,False,1.6402704335683387,-1.5092914831636148,True,False,0.9205130476399489,-0.4015872098196339,True,False
45.9332874,0.07383608344136434,0.33388962590157795,True,False,1.30040098281726,-1.3006720072783702,True,False,0.5689402365316544,-0.15152800297223656,True,False
45.9666207,-0.14982752967941443,0.38417841157765076,True,False,0.5187850533362319,-0.6554708531538154,True,False,0.04919274350754845,0.19924767696661788,True,False
45.999954,-0.4132065468803405,0.41205069675134687,True,False,-0.4724224747295402,0.2234005366404393,True,False,-0.45990219323964493,0.5603001341787286,True,False
46.0332873,-0.6944421185300075,0.4523221428338032,True,False,-1.3479018282704984,1.035137909354496,True,False,-0.7877010667604157,0.8242699849516152,True,False
46.0666206,-0.9507971629344685,0.5256720659661863,True,False,-1.8068617858018436,1.4919681755596281,True,False,-0.834073978490372,0.9058426927683502,True,False
46.0999539,-1.1258657262025473,0.6243649902896282,True,False,-1.6866411678480988,1.4288924018531526,True,False,-0.6036631998950625,0.773521325189145,True,False
46.1332872,-1.164476502101844,0.7101314692205472,True,False,-1.0281272278120792,0.8694963912772783,True,False,-0.1997727267965577,0.46153980135701617,True,False
46.1666205,-1.0306250053647548,0.7263269055950261,True,False,-0.06606340178743522,0.02112672553817407,True,False,0.21857559091259163,0.05732720602614768,True,False
46.1999538,-0.722210227427008,0.6206612673442718,True,False,0.8544461035098202,-0.8004115463319532,True,False,0.49882997464713885,-0.3300839930869191,True,False
46.2332871,-0.27706669184589766,0.370050119030282,True,False,1.4052802558002746,-1.2890897144946742,True,False,0.5518789792291242,-0.6077040376507644,True,False
46.2666204,0.23242122641434526,-0.0025101914669826727,True,False,1.3986554341570672,-1.2650332275137752,True,False,0.3821206126326117,-0.7273008945939166,True,False
46.2999537,0.7149635780238541,-0.42680774308856145,True,False,0.8588733395746972,-0.7440807018269562,True,False,0.08003972982665684,-0.6945919986316681,True,False
46.333287,1.0816252600274536,-0.8021563250429236,True,False,0.013663443728681586,0.06712569082632987,True,False,-0.2184093639495478,-0.5570065043856591,True,False
46.3666203,1.2662872200378292,-1.0272934805974925,True,False,-0.7930683687837742,0.8497555704295592,True,False,-0.3885128727876,-0.3771553277007666,True,False
46.3999536,1.239443536115242,-1.0333174702099193,True,False,-1.2345510608147914,1.295675894484293,True,False,-0.3667043465940284,-0.20459921484646462,True,False
46.4332869,1.0120172462154857,-0.8078309740856677,True,False,-1.1292674169780623,1.2274243840235188,True,False,-0.1740833866880093,-0.058203120538435016,True,False
46.4666202,0.6293436884679989,-0.40127534305661844,True,False,-0.5136541995273299,0.6684516797045089,True,False,0.09512236795164883,0.07419563344107813,True,False
46.4999535,0.15849793827741246,0.08716167717537876,True,False,0.3699646322916573,-0.16445544303719087,True,False,0.3147296147451884,0.22015849880462354,True,False
46.5332868,-0.3263503017114078,0.5391508797699376,True,False,1.1666513093425581,-0.9445390105093245,True,False,0.3802994268235279,0.39940893165571667,True,False
46.5666201,-0.7562857997693627,0.8517719626484732,True,False,1.5476739335445555,-1.3623572696654125,True,False,0.25352120924886873,0.6043867028528752,True,False
46.5999534,-1.075367077701663,0.9649591739407295,True,False,1.340722305882834,-1.247409052844768,True,False,-0.02060009602753955,0.7940443068760965,True,False
46.6332867,-1.2438420670039203,0.8730271545645412,True,False,0.6000928928967308,-0.6361601313134432,True,False,-0.3306457837823278,0.9044469152209845,True,False
46.66662,-1.2388354494227471,0.6179623066613457,True,False,-0.4114048335371193,0.24078051524453195,True,False,-0.5430532874040666,0.8724749135863098,True,False
46.6999533,-1.054941354074239,0.2691367882777558,True,False,-1.3224003965445617,1.0478311957224797,True,False,-0.556169594900525,0.66326923721017,True,False
46.7332866,-0.7061153496355925,-0.10133589871185858,True,False,-1.7959073797102731,1.4751565282178134,True,False,-0.3426287305375211,0.29021553620446855,True,False
46.7666199,-0.22830334783960796,-0.4379417079518047,True,False,-1.6591701249539694,1.3594420455627116,True,False,0.036827928659688626,-0.18112207237439362,True,False
46.7999532,0.3196018019786196,-0.7096642169046392,True,False,-0.9693289896877625,0.7469726039346196,True,False,0.4537913870694206,-0.6477246530552657,True,False
46.8332865,0.8595588515057465,-0.9059516112108991,True,False,0.010797391430048426,-0.12588020368813801,True,False,0.7592188023321349,-0.9980999845138957,True,False
46.8666198,1.3048943907450872,-1.025436879889724,True,False,0.9168233132190663,-0.9267414559679891,True,False,0.8390553680912534,-1.14576129658445,True,False
46.8999531,1.5768044697665264,-1.0646182971736615,True,False,1.4250862760514054,-1.3581077355103186,True,False,0.6571243123684107,-1.0557121053989114,True,False
46.9332864,1.6229513409662752,-1.0127512061142636,True,False,1.376408069559427,-1.2726654026737587,True,False,0.26891899077492104,-0.7549252785584989,True,False
46.9666197,1.4321954836737283,-0.8555195122478035,True,False,0.832433109310021,-0.7272592528557176,True,False,-0.19881887246078905,-0.32348942649904094,True,False
46.999953,1.0397389843280713,-0.5854987297613024,True,False,0.043135522770497016,0.0452483261106344,True,False,-0.5947092439215838,0.13017903749909748,True,False
47.0332863,0.5197293818213666,-0.21404013291958665,True,False,-0.6599113395954652,0.733672222568543,True,False,-0.7975829901084983,0.5013735926758766,True,False
47.0666196,-0.03324880215023442,0.22163903439106922,True,False,-1.0000521956637716,1.075199278771548,True,False,-0.7587273095227448,0.7177036808742182,True,False
47.0999529,-0.5281304868393587,0.6604845126835794,True,False,-0.8658638661868724,0.9592659050239598,True,False,-0.5158578172174583,0.7554294019065578,True,False
47.1332862,-0.8988511930048473,1.0293683446051936,True,False,-0.35071594486623414,0.4668045408961345,True,False,-0.17428059489784237,0.6394658287848055,True,False
47.1666195,-1.116251295345504,1.2612199918053304,True,False,0.2933534092774225,-0.16992150314479768,True,False,0.136593264055046,0.4287901372671378,True,False
47.1999528,-1.1870029468325642,1.3134538883467826,True,False,0.7668772267650592,-0.6688507874010264,True,False,0.31389860946358905,0.19363273306295573,True,False
47.2332861,-1.1412487569149115,1.1802066186246083,True,False,0.8520540610703552,-0.8179407179668846,True,False,0.3192807955401087,-0.007198883870862357,True,False
47.2666194,-1.0149764778282062,0.8939439191425977,True,False,0.5055329441069908,-0.5632090703001438,True,False,0.18972018119810807,-0.14160591409519777,True,False
47.2999527,-0.8349036329926807,0.5157894173686083,True,False,-0.12366265811505156,-0.02876081049060978,True,False,0.017712049077104938,-0.2082077042079329,True,False
47.333286,-0.6121000107888074,0.11804998972873035,True,False,-0.7581076924062925,0.5387222450912464,True,False,-0.09055296106565978,-0.22939095717445046,True,False
47.3666193,-0.34642760752300983,-0.23477576586741106,True,False,-1.110624427499549,0.8769716234322127,True,False,-0.06178087393011475,-0.23726409451268599,True,False
47.3999526,-0.03889480501072958,-0.49992032081060905,True,False,-1.0076203520411067,0.8212376137282316,True,False,0.11197431421800903,-0.25823922381289,True,False
47.4332859,0.2946945279838029,-0.6609945723618875,True,False,-0.46525033114397235,0.37588881171378785,True,False,0.3681027743583209,-0.30175947465451003,True,False
47.4666192,0.6162665734285494,-0.723180288331551,True,False,0.3137516721519315,-0.2855161472798573,True,False,0.5976145373261268,-0.3567294047851206,True,False
47.4999525,0.8691792068652249,-0.7026659081381128,True,False,1.021667769148153,-0.891698133981481,True,False,0.6890768637714391,-0.39629472551568656,True,False
47.5332858,0.9932440254908372,-0.6160206100089906,True,False,1.3722357663923805,-1.186807324930067,True,False,0.5747745704015438,-0.3887577908680211,True,False
47.5666191,0.9459696862623069,-0.4744799862961545,True,False,1.21958317108142,-1.0380491881095468,True,False,0.2606000023361567,-0.31049380528069465,True,False
47.5999524,0.7215741948730533,-0.2851345113148188,True,False,0.6202076089382971,-0.4928901492473367,True,False,-0.17243963532144138,-0.15627807331164104,True,False
47.6332857,0.3594165393402156,-0.057284863345781034,True,False,-0.1880735631283979,0.23815123141155828,True,False,-0.5960117940725891,0.05650234817520033,True,False
47.666619,-0.06280100090050508,0.19042565268365738,True,False,-0.8820839786251489,0.8663459185056098,True,False,-0.8808738975502897,0.2911110170303895,True,False
47.6999523,-0.4498019107000075,0.4268401533626058,True,False,-1.1851026781402842,1.1425230554576993,True,False,-0.9438702896617729,0.5010235021159546,True,False
47.7332856,-0.7165024381503607,0.6117908439066685,True,False,-0.9805368744202654,0.9594515620264987,True,False,-0.7772461158376551,0.6425562354726878,True,False
47.7666189,-0.8127162715811942,0.7056601386271051,True,False,-0.3606738599890875,0.3967466279109075,True,False,-0.4490449898963773,0.6864321777744793,True,False
47.7999522,-0.7357058743444186,0.6813996762654828,True,False,0.40984329716540624,-0.3103527263271324,True,False,-0.07484528919272286,0.6247007150802006,True,False
47.8332855,-0.5262336217037594,0.5341527190456341,True,False,1.001370724930496,-0.8659683424237462,True,False,0.22755781647451379,0.47120593723495774,True,False
47.8666188,-0.2503357424709892,0.28459222903204034,True,False,1.154063758521982,-1.033997041909295,True,False,0.38226305956676937,0.2561311090101677,True,False
47.8999521,0.025346534428021306,-0.025302154803693834,True,False,0.785443505045745,-0.73521769523893,True,False,0.3806369844197709,0.017144886463114743,True,False
47.9332854,0.254578495859777,-0.3423329974125832,True,False,0.026946364047096917,-0.08166303111363273,True,False,0.2782444149996662,-0.20943540161092905,True,False
47.9666187,0.4208174840074418,-0.6143363847212108,True,False,-0.8257288913915576,0.6659743343312003,True,False,0.16536184790261485,-0.39459494480731233,True,False
47.999952,0.5321420817662232,-0.8005977460001581,True,False,-1.4289702827446094,1.2012308033848413,True,False,0.1239562017838732,-0.5185252758147852,True,False
48.0332853,0.60567053822294,-0.8777534371724074,True,False,-1.5279953873801218,1.2941903502674774,True,False,0.18953384330398992,-0.5693876161172493,True,False
48.0666186,0.6499709347270802,-0.8406354528922105,True,False,-1.05950077388398,0.8845340759074795,True,False,0.3341520834414907,-0.5412781315717387,True,False
48.0999519,0.6547021907185409,-0.699420061589213,True,False,-0.1793319370444907,0.10821455091159811,True,False,0.4779683517535538,-0.43380557227949695,True,False
48.1332852,0.5931661166896207,-0.4753150018356042,True,False,0.7958867392922324,-0.753031467916611,True,False,0.5246465626313199,-0.25431807209589274,True,False
48.1666185,0.43716766459423445,-0.19667013586184112,True,False,1.5101433932093187,-1.379600534065783,True,False,0.4057558338679308,-0.02168652647330214,True,False
48.1999518,0.17740553362091277,0.1037431305990448,True,False,1.7046560721041981,-1.5370432405442023,True,False,0.11525866926408615,0.2311904237545562,True,False
48.2332851,-0.1606355515397758,0.39072035095367097,True,False,1.3161996563058596,-1.1660723718976729,True,False,-0.2809637418008544,0.4593135157666872,True,False
48.2666184,-0.5140917764321096,0.6289191934278218,True,False,0.4990751600164647,-0.40462425146676406,True,False,-0.6654049848059469,0.6135939434725488,True,False
48.2999517,-0.7968919924078944,0.7863118598250133,True,False,-0.4370295108310318,0.46615201236266435,True,False,-0.9115635983471164,0.6537785518948678,True,False
48.333285,-0.9268805890852088,0.8388810131131009,True,False,-1.1479908338285492,1.1303319894125134,True,False,-0.9320680234521337,0.5622272755623616,True,False
48.3666183,-0.8559647361070212,0.7757438896106136,True,False,-1.3870266348500842,1.357432743793435,True,False,-0.7129701105503979,0.35298572845634935,True,False
48.3999516,-0.5911828770776243,0.6032643861646713,True,False,-1.0958269335227262,1.0876913649381168,True,False,-0.3203204760130624,0.07147896099183479,True,False
48.4332849,-0.19751669885142611,0.3465946389305629,True,False,-0.4204224452178665,0.4499639072090521,True,False,0.12373490255511478,-0.21663747055602856,True,False
48.4666182,0.21978124011646258,0.0475016164486015,True,False,0.35259235477145157,-0.2933979570801089,True,False,0.4858675123429565,-0.44457939502982696,True,False
48.4999515,0.5475006352773053,-0.24183215621149812,True,False,0.9124619403742501,-0.851710765054531,True,False,0.6696963900184569,-0.5649711716422994,True,False
48.5332848,0.6997994647159881,-0.468277868396295,True,False,1.046201178368503,-1.0190305247098468,True,False,0.6482893795674524,-0.5641256796768321,True,False
48.5666181,0.6438003135953265,-0.5886865125130137,True,False,0.7179704988955603,-0.7507496769009127,True,False,0.4687537979668658,-0.464404919720428,True,False
48.5999514,0.4066380132232992,-0.5797119268540928,True,False,0.07591828712612732,-0.17464477895729974,True,False,0.22805157579053115,-0.31357524562396366,True,False
48.6332847,0.062388738734387376,-0.44385097419152403,True,False,-0.6138886253489136,0.46615925958666804,True,False,0.03073102146685877,-0.16533163864857492,True,False
48.666618,-0.295121867687849,-0.20973485555888344,True,False,-1.0777874988157035,0.9137868576314191,True,False,-0.053746697313131114,-0.05883562054852359,True,False
48.6999513,-0.5827668235553664,0.07380777813654307,True,False,-1.1435607434624298,0.9984819412033297,True,False,-0.016769411385325974,-0.0055317075208181,True,False
48.7332846,-0.7505809897706447,0.34854788744611037,True,False,-0.8044683297792576,0.7025433447617625,True,False,0.09046975484123251,0.011583140536865127,True,False
48.7666179,-0.7890102956262602,0.5596073399884595,True,False,-0.21393349035302536,0.16076996263474153,True,False,0.1834183211070117,0.026366182284488088,True,False
48.7999512,-0.7202823734924877,0.666681152714189,True,False,0.38465339010998467,-0.40087850794845137,True,False,0.18415850583015586,0.07096155665249287,True,False
48.8332845,-0.579610829275993,0.6509188607542683,True,False,0.7621803192311172,-0.7616082642963481,True,False,0.057765194396603436,0.1584895600678644,True,False
48.8666178,-0.3956068180071628,0.5162890745899733,True,False,0.7980496019127665,-0.7965879058964789,True,False,-0.17028443716810107,0.27456968611438454,True,False
48.8999511,-0.1788709571186176,0.2860984742324278,True,False,0.5254878792480414,-0.5248182376152186,True,False,-0.4228062380108574,0.38143403892209965,True,False
48.9332844,0.07641657290611473,-0.0034111788942700534,True,False,0.110175294368216,-0.09517254580626835,True,False,-0.6019092537481692,0.4330728817996772,True,False
48.9666177,0.3792101929538835,-0.3102084809263524,True,False,-0.22731599388851959,0.28221236756901014,True,False,-0.6293089290998032,0.39523472020284633,True,False
48.999951,0.7234435926151,-0.5927574614881937,True,False,-0.3112606837847841,0.42922107586968755,True,False,-0.47927763428204717,0.26200462720477574,True,False
49.0332843,1.0744133575322383,-0.8147354945402149,True,False,-0.0896620157727087,0.2777144776107413,True,False,-0.19077217690125092,0.06191211091357914,True,False
49.0666176,1.367578013828709,-0.9481994192124799,True,False,0.34158071308368226,-0.10099977117381514,True,False,0.14608180385740546,-0.14941320025379176,True,False
49.0999509,1.5225525154085842,-0.9755442247511344,True,False,0.7796184696987987,-0.5275461648859368,True,False,0.4235551079602556,-0.30770501183809956,True,False
49.1332842,1.4685113472949076,-0.8906058576067067,True,False,1.0032755943521123,-0.7931296685058694,True,False,0.556413498216415,-0.3628374197928753,True,False
49.1666175,1.171918084171014,-0.6991410357226698,True,False,0.8714362009657608,-0.7517155409242244,True,False,0.5127194973917601,-0.2972580365751317,True,False
49.1999508,0.6556927107669019,-0.4187984150310791,True,False,0.3888242451766811,-0.3861403626360522,True,False,0.3235610853548714,-0.1329513709841228,True,False
49.2332841,0.0014237857663532076,-0.0785585079637009,True,False,-0.2896781926289869,0.18051408586782935,True,False,0.06854005957571002,0.07584765180462298,True,False
49.2666174,-0.6678340817561597,0.28261189142060184,True,False,-0.9191402611064874,0.7337979909484742,True,False,-0.156541956679166,0.26150834991709143,True,False
49.2999507,-1.2194787383197634,0.6184452136424874,True,False,-1.264658023763251,1.056895937590399,True,False,-0.27659596780002865,0.36632897557636396,True,False
49.333284,-1.5476656897655472,0.8801089077718405,True,False,-1.199548703463284,1.022329024387266,True,False,-0.2642125321572308,0.361616203883734,True,False
49.3666173,-1.6017941527450286,1.0234045279575144,True,False,-0.759934132479616,0.6473381345641014,True,False,-0.1465777382527752,0.25561118363258273,True,False
49.3999506,-1.3976304400607666,1.0179221698813878,True,False,-0.1317788411577452,0.08884164330445424,True,False,0.009497553462084737,0.08781783511459566,True,False
49.4332839,-1.007744322191425,0.8562939167980269,True,False,0.42535458317875985,-0.4208637212041786,True,False,0.12756323625346244,-0.08742755804631996,True,False
49.4666172,-0.5353599722538995,0.560517566168062,True,False,0.6867227223208023,-0.6713969472110903,True,False,0.15395554355829952,-0.22133523778000472,True,False
49.4999505,-0.08154060439754755,0.18210338722287153,True,False,0.5577304926604612,-0.5639694992867083,True,False,0.07953382979275694,-0.28705147326923,True,False
49.5332838,0.2823845952899179,-0.20594191994082225,True,False,0.11562187415316934,-0.1553795024932205,True,False,-0.05774587291133302,-0.28614972170992053,True,False
49.5666171,0.5278340399316914,-0.5246604762074584,True,False,-0.42113196751740745,0.36315824073673497,True,False,-0.19000849694416083,-0.24352136099574107,True,False
49.5999504,0.6642300280498572,-0.7084937518219038,True,False,-0.7842844941086745,0.7447841142841837,True,False,-0.24904238379987187,-0.19356188094223495,True,False
49.6332837,0.7204784149120292,-0.7225154658861106,True,False,-0.7708089234393096,0.7914950540476977,True,False,-0.1960739780209035,-0.1637327609177518,True,False
49.666617,0.7219999293562126,-0.571542519866642,True,False,-0.333516677522389,0.44111030008667124,True,False,-0.03956274707797491,-0.16224827929633862,True,False
49.6999503,0.674028681484875,-0.2975840070507497,True,False,0.3913419553819699,-0.20011451361028862,True,False,0.1663157193207661,-0.1747374192828663,True,False
49.7332836,0.558811091593525,0.033651586492320376,True,False,1.1325491110847914,-0.8941851476763055,True,False,0.34213974900148364,-0.1711370455250797,True,False
49.7666169,0.34808030059558986,0.3521817439098419,True,False,1.5900990794710075,-1.3639270292996821,True,False,0.41476444130211637,-0.12013653120784264,True,False
49.7999502,0.02530323284429323,0.6018042436213079,True,False,1.5565058374019876,-1.4046404283432936,True,False,0.34750725629065726,-0.005551525637818725,True,False
49.8332835,-0.3924944242470907,0.7504007228275494,True,False,1.0037807592158097,-0.9695505100723915,True,False,0.15689769463242056,0.16198305204574975,True,False
49.8666168,-0.8440571078659694,0.7899162172629874,True,False,0.10008224262090676,-0.1936856977564169,True,False,-0.09110617569718095,0.343261574645772,True,False
49.8999501,-1.2311398056562628,0.7282898888033986,True,False,-0.8515882199452299,0.6546209327394656,True,False,-0.3046663680762295,0.4805808860231928,True,False
49.9332834,-1.4433769098294456,0.5790690909215892,True,False,-1.5286065872147656,1.2761211703445132,True,False,-0.40084159933463975,0.5171139646564923,True,False
49.9666167,-1.3931276259543415,0.35477153401486666,True,False,-1.7118944484607188,1.4563721383462542,True,False,-0.3383752937882569,0.4191221370241402,True,False
49.99995,-1.0479237272937865,0.06718952650260351,True,False,-1.367873270094695,1.148483049904815,True,False,-0.1355881562546695,0.19264025245538002,True,False
50.0332833,-0.44808295402870046,-0.2666105081118205,True,False,-0.6568575059275149,0.4896618599049544,True,False,0.13418564169024758,-0.11256968018225832,True,False
50.0666166,0.29812718069696603,-0.6173955402970526,True,False,0.13459951613492657,-0.25498767641977804,True,False,0.36868756587065277,-0.4148200106335134,True,False
50.0999499,1.0413861258697306,-0.9415261216982382,True,False,0.7092546056033152,-0.7985554847991628,True,False,0.47496247127935226,-0.6251907085369887,True,False
50.1332832,1.6317319807475084,-1.1864973472056208,True,False,0.8755577666939166,-0.9453461330350634,True,False,0.4052306663583958,-0.6768901760400611,True,False
50.1666165,1.9588493359760026,-1.3031965504459844,True,False,0.6182390386806225,-0.6653625005175527,True,False,0.17630857651703125,-0.5485288312346724,True,False
50.1999498,1.978658070916553,-1.2601539921902114,True,False,0.09585010367068061,-0.10085500441141167,True,False,-0.13552292850454392,-0.2722016956994917,True,False
50.2332831,1.7178948241172733,-1.0538601944540877,True,False,-0.4318252348182023,0.4964906350894511,True,False,-0.4228472637408517,0.07722037779972975,True,False
50.2666164,1.2567637399612568,-0.7109851905063083,True,False,-0.7151380924080568,0.8708868340463009,True,False,-0.5879962725929365,0.40788060135462295,True,False
50.2999497,0.6978530017897899,-0.2819625635024794,True,False,-0.6182755658603148,0.8665613087033397,True,False,-0.5804805074404706,0.6419805242108355,True,False
50.333283,0.13408859319141828,0.17108486230902561,True,False,-0.1730657643613259,0.48825007553355454,True,False,-0.41586307673331563,0.7400110556258361,True,False
50.3666163,-0.3722746165969544,0.587397114388125,True,False,0.4379232639872038,-0.10557775038817711,True,False,-0.1680783908150644,0.7088665867863493,True,False
50.3999496,-0.7932905824772181,0.9175533303854901,True,False,0.9603254452107427,-0.6722516216894059,True,False,0.062129025674087,0.5912826136325151,True,False
50.4332829,-1.1232847610424674,1.1285144227470265,True,False,1.175050277525377,-0.9869652151510153,True,False,0.18997900072885637,0.4419409712942712,True,False
50.4666162,-1.3596977083254846,1.2042585807729511,True,False,0.9888322632563433,-0.9345007948073619,True,False,0.18286973377726443,0.30122976444399263,True,False
50.4999495,-1.4880532538007734,1.1439833156365857,True,False,0.4714059219876529,-0.5531063913002582,True,False,0.07441163113917679,0.17850569292644272,True,False
50.5332828,-1.479671976543802,0.9599594420061857,True,False,-0.17483535430360472,-0.013769371655979037,True,False,-0.05048407673032127,0.052308245211455225,True,False
50.5666161,-1.3040687024276498,0.67617160229784,True,False,-0.6988750296881271,0.4547136308998223,True,False,-0.09409465733440964,-0.1128141617664013,True,False
50.5999494,-0.9503254555137225,0.3275180183892895,True,False,-0.9033243539078226,0.6623266105605687,True,False,0.007830150602959149,-0.3409242581831856,True,False
50.6332827,-0.4466553924105603,-0.04170710811095293,True,False,-0.7227677749289453,0.5354648600088784,True,False,0.2519390558323841,-0.622962806372791,True,False
50.666616,0.1327487412083965,-0.3815344045125818,True,False,-0.24681847393984035,0.1439621184577545,True,False,0.5610565188423364,-0.9095136949022397,True,False
50.6999493,0.6794786037661973,-0.6429608883446878,True,False,0.3201927497028082,-0.3322842635362147,True,False,0.8104077825610684,-1.122639265992576,True,False
50.7332826,1.0791389140066416,-0.7867911144521766,True,False,0.7449215994219811,-0.681579735506077,True,False,0.8770558181847147,-1.1829154406032452,True,False
50.7666159,1.2462947052139024,-0.7924883184821845,True,False,0.8600518755808952,-0.7498894707700118,True,False,0.692773407743245,-1.0409008266947566,True,False
50.7999492,1.1526381332190982,-0.6640701710898509,True,False,0.6297066314837613,-0.5040430115671016,True,False,0.2779894491107624,-0.6999340650555488,True,False
50.8332825,0.8368032394800615,-0.43049287454907703,True,False,0.1593432281504477,-0.0430933251373378,True,False,-0.2586624347384493,-0.22038784194246328,True,False
50.8666158,0.39126110961256505,-0.1395736681000745,True,False,-0.3524159360149412,0.44565040547739815,True,False,-0.7568234254805033,0.2970483020494382,True,False
50.8999491,-0.06906134165950872,0.15323024540575775,True,False,-0.6987573442471292,0.7664208056857647,True,False,-1.0634027299516802,0.7429562406810645,True,False
50.9332824,-0.4443019948065053,0.39784804744316515,True,False,-0.7506411390629527,0.796763844477843,True,False,-1.090572272452514,1.0334905303760777,True,False
50.9666157,-0.678673291357337,0.5602268559042185,True,False,-0.508354795870558,0.5373468435907307,True,False,-0.848883609343496,1.1341614269858666,True,False
50.999949,-0.7699479908571649,0.6271560951369995,True,False,-0.09812010449934745,0.10973113675516022,True,False,-0.4413927371933827,1.0642380653419963,True,False
51.0332823,-0.7567338106965054,0.6041051457062836,True,False,0.28383604501026527,-0.2961673892982034,True,False,-0.020727399167111735,0.8809421737496465,True,False
51.0666156,-0.6903466217783668,0.5076954928386938,True,False,0.45582262673461066,-0.502556313311735,True,False,0.27332699210165884,0.6509860003282211,True,False
51.0999489,-0.6046646986913492,0.3565904168275783,True,False,0.3285461231805284,-0.41867434980500856,True,False,0.36964043785507283,0.4222254790603764,True,False
51.1332822,-0.4981063823888625,0.16510431051951402,True,False,-0.055807649666453664,-0.07931233985424971,True,False,0.2913338260151531,0.20796630693476664,True,False
51.1666155,-0.33641716486841516,-0.0576072196418665,True,False,-0.5391931817185064,0.36870862920291647,True,False,0.14017461241459467,-0.009280181265485543,True,False
51.1999488,-0.07554872870442242,-0.30274744930923925,True,False,-0.9115483446659479,0.7264635206425615,True,False,0.04638422184324173,-0.2567380081569497,True,False
51.2332821,0.30545709641256913,-0.5544093562331819,True,False,-0.9968824524188672,0.8248388996928198,True,False,0.10555191601599137,-0.5434679443551644,True,False
51.2666154,0.7769633878154913,-0.784077583344441,True,False,-0.7267942565912731,0.5952462240763127,True,False,0.3303564653637506,-0.8399697285005002,True,False
51.2999487,1.2507893883423977,-0.9512526323200045,True,False,-0.17178205747443712,0.1005418425032214,True,False,0.6389195450280417,-1.076960089151006,True,False
51.333282,1.598503080803917,-1.0117190687198423,True,False,0.4823767723166653,-0.4864493781106005,True,False,0.886119696203405,-1.1665546222569412,True,False
51.3666153,1.6917393245561982,-0.9313139002247645,True,False,1.0041032657347355,-0.9485156090046771,True,False,0.9255747817472206,-1.0384283485104089,True,False
51.3999486,1.4504687830964553,-0.7000666940555246,True,False,1.204240311814952,-1.1079892046806992,True,False,0.6762569323150749,-0.6755848470951616,True,False
51.4332819,0.8805373181596937,-0.34077521825322926,True,False,1.0086525779994056,-0.8961007348036704,True,False,0.16490302850465724,-0.1330718967312827,True,False
51.4666152,0.08461031907987614,0.09206780759712044,True,False,0.48705839084161767,-0.38066055526482423,True,False,-0.47503085927092076,0.4706544397646616,True,False
51.4999485,-0.759968583296384,0.5233761427774599,True,False,-0.1729274310547982,0.2586298570671621,True,False,-1.0490502318830903,0.9885465501059469,True,False
51.5332818,-1.4505401826826347,0.8751108574828522,True,False,-0.7363161010323094,0.7975076510523168,True,False,-1.3741916521739141,1.293253229632479,True,False
51.5666151,-1.8193644698434284,1.084658703184441,True,False,-1.0085159281774716,1.0509480103532882,True,False,-1.3490600120361196,1.3198036892651324,True,False
51.5999484,-1.7839299408465943,1.1182923123381519,True,False,-0.906651144098032,0.9411501076498177,True,False,-0.9925617243772402,1.0854428445896755,True,False
51.6332817,-1.3699477180784465,0.9763667510305134,True,False,-0.4874033512346695,0.5238873208343784,True,False,-0.4353593499950753,0.6787589609793488,True,False
51.666615,-0.6996234840120732,0.6901321700853573,True,False,0.07862364944263703,-0.03623008172927628,True,False,0.132363305153015,0.2231167242618442,True,False
51.6999483,0.04955481899817993,0.31268392366227016,True,False,0.5753139884412206,-0.5312122319714775,True,False,0.5351943644493958,-0.16991150875670014,True,False
51.7332816,0.6999384361514339,-0.09236108496736552,True,False,0.8251747483586659,-0.7899399100064787,True,False,0.6783138569521631,-0.4376523302696142,True,False
51.7666149,1.1231079552457757,-0.46145382119910516,True,False,0.7564182454815755,-0.7419496075413496,True,False,0.5782363074625367,-0.5792642312414212,True,False
51.7999482,1.267423899548498,-0.7394635265107867,True,False,0.4272208896837571,-0.44034397267567826,True,False,0.3468467756618375,-0.6408521965391252,True,False
51.8332815,1.1569897935500322,-0.8857018416376822,True,False,-0.0016793188287761893,-0.03567341927538099,True,False,0.13671178770210168,-0.6814859600147106,True,False
51.8666148,0.8664715186297954,-0.878159636275748,True,False,-0.33463559333204984,0.28809192572992304,True,False,0.07161959591767948,-0.7369754950200174,True,False
51.8999481,0.4847456227959559,-0.7162505310948575,True,False,-0.42187599822669936,0.3896068079079893,True,False,0.1920024803426775,-0.7985985081232431,True,False
51.9332814,0.08304801613706568,-0.4217021361027683,True,False,-0.2212230312387403,0.227786059564349,True,False,0.43807698161985437,-0.8165273587506418,True,False
51.9666147,-0.300481252017176,-0.03680274282946754,True,False,0.18390050097826988,-0.12193729081876414,True,False,0.677249851410365,-0.7259767314088069,True,False
51.999948,-0.6562129824463234,0.38061825075939326,True,False,0.6175618199397939,-0.49917353155759786,True,False,0.7635590614283327,-0.4834735916687816,True,False
52.0332813,-0.9838066330019632,0.7653659255832316,True,False,0.88259799155506,-0.7252862342000115,True,False,0.6035697282738715,-0.09593712038760056,True,False
52.0666146,-1.2698271074380365,1.0551541799527215,True,False,0.8418140912303443,-0.6784093036560288,True,False,0.20072799527669755,0.3715026844600065,True,False
52.0999479,-1.4744442907024482,1.2011355267997197,True,False,0.476510986632139,-0.3463562809216238,True,False,-0.3404912404572316,0.8134056240661992,True,False
52.1332812,-1.5348852143812204,1.1764612122521099,True,False,-0.10164959568049142,0.16443408861924838,True,False,-0.8523411186482789,1.1205345166792318,True,False
52.1666145,-1.3855421427522732,0.9808172775907296,True,False,-0.6911324782647978,0.6683335239329994,True,False,-1.167783333718183,1.2195664485422923,True,False
52.1999478,-0.987028181025712,0.6397066329962959,True,False,-1.0781648526505363,0.9732823397746821,True,False,-1.18445261612282,1.0991916321885054,True,False
52.2332811,-0.3521468476527652,0.19866208486233464,True,False,-1.1211152231631965,0.9580743664468019,True,False,-0.9028498063569741,0.8118193636271203,True,False
52.2666144,0.44262220252935336,-0.28581595121143,True,False,-0.8078961636153287,0.622995593257914,True,False,-0.4240531376999149,0.45076535734024337,True,False
52.2999477,1.2662961834228854,-0.7556986272625515,True,False,-0.2628297213622367,0.09279067060400063,True,False,0.09102250103151263,0.11326523277361762,True,False
52.333281,1.9617638944980245,-1.1584202206619114,True,False,0.30074218583410584,-0.4302458219829487,True,False,0.4834304908913745,-0.1346801522697158,True,False
52.3666143,2.3848942111079796,-1.4500454804098852,True,False,0.6640664813928607,-0.7451766339348959,True,False,0.6539413567204926,-0.27713979297756264,True,False
52.3999476,2.442141678047081,-1.5954935734470468,True,False,0.6898310410541679,-0.7321892607889128,True,False,0.5943449524403244,-0.3440801189890673,True,False
52.4332809,2.11508848303389,-1.568584601570981,True,False,0.3773390397795842,-0.4011314886636612,True,False,0.3815224410102825,-0.387901969429935,True,False
52.4666142,1.4649368634619744,-1.3549670532278513,True,False,-0.13678002718293,0.11128888326403893,True,False,0.1388662653682419,-0.4526853663979285,True,False
52.4999475,0.6165387034539174,-0.9591648446984999,True,False,-0.63347735798836,0.595396290096501,True,False,-0.01763708978150272,-0.5506766187162946,True,False
52.5332808,-0.2723089227018679,-0.41370257067960997,True,False,-0.9004004314317772,0.8526368825408742,True,False,-0.026218550033958003,-0.6564286480908618,True,False
52.5666141,-1.0468967995127219,0.2147914142303655,True,False,-0.8194693628771379,0.7763624279526037,True,False,0.09927718622258193,-0.7203489861418164,True,False
52.5999474,-1.5872567465335727,0.8285107221324228,True,False,-0.41708163301405754,0.39650402093561027,True,False,0.280485410158637,-0.6943344496765321,True,False
52.6332807,-1.8283409862329005,1.3140699862850918,True,False,0.14436200093901402,-0.13067855001152992,True,False,0.4117434183944494,-0.5568461546783635,True,False
52.666614,-1.7657613034351982,1.5692749238450865,True,False,0.6313765304843528,-0.5846971903311659,True,False,0.40694680877784745,-0.32551804702755816,True,False
52.6999473,-1.4481976255176494,1.533727287113978,True,False,0.8353643848694592,-0.7706217228513722,True,False,0.2365801243553124,-0.05164193041149587,True,False
52.7332806,-0.9605024736337061,1.2122538787917057,True,False,0.6609289612370048,-0.6006428338929594,True,False,-0.0595759861362367,0.20046207632279817,True,False
52.7666139,-0.4028199766735417,0.6808451444375536,True,False,0.17000041039495728,-0.1340324082401953,True,False,-0.38811634122571764,0.379230381855427,True,False
52.7999472,0.12921358347673997,0.07021852408794509,True,False,-0.4376079954868246,0.4418164486241596,True,False,-0.6386662540453992,0.46481175783083345,True,False
52.8332805,0.5594681178267631,-0.46959255835291336,True,False,-0.9011294348579858,0.8832092370024945,True,False,-0.726250663663224,0.47290572072514325,True,False
52.8666138,0.8396369243803634,-0.8124865228850497,True,False,-1.0035826171030267,0.98734099987954,True,False,-0.6226806513196722,0.44266271420833897,True,False
52.8999471,0.9507860466673241,-0.8924714101575942,True,False,-0.6625720256705038,0.6765166153657913,True,False,-0.36541984478219164,0.415345047180635,True,False
52.9332804,0.8994580938428963,-0.7199198993175985,True,False,0.029994208358491984,0.03529518482608088,True,False,-0.041688327913517356,0.4143668796667464,True,False
52.9666137,0.7105304225309277,-0.3723327016613199,True,False,0.8366700294907425,-0.7156492346179425,True,False,0.24489311756189708,0.43590299144009903,True,False
52.999947,0.41932431523013014,0.03630967684973795,True,False,1.4619732223868982,-1.3004471815317857,True,False,0.4117054567643453,0.45349683278233527,True,False
53.0332803,0.06516166668278674,0.3954717702844445,True,False,1.665181772083424,-1.4933380491424109,True,False,0.4245539814613173,0.43315391579905427,True,False
53.0666136,-0.3122883146241197,0.6320187301664993,True,False,1.3543483248783839,-1.207586490967281,True,False,0.30575176434347734,0.3507952744083832,True,False
53.0999469,-0.6737635565152396,0.7260519165286801,True,False,0.6243107608512312,-0.5327227287757847,True,False,0.12126599436536493,0.2037204018788856,True,False
53.1332802,-0.9794391616791915,0.7043841907217329,True,False,-0.27676373320898706,0.2956419521751925,True,False,-0.04693886416367451,0.01155224598088071,True,False
53.1666135,-1.1883201093875593,0.6167196360245228,True,False,-1.0397056637046846,0.9829822416538034,True,False,-0.13232545426251652,-0.192325505898371,True,False
53.1999468,-1.2602309914089853,0.5063679202783735,True,False,-1.409771314268899,1.28694938416886,True,False,-0.10737524488612214,-0.3735198833849103,True,False
53.2332801,-1.1617785091697308,0.3888123608932247,True,False,-1.2803658388543648,1.1093473761005097,True,False,0.00865144013891159,-0.5071571157888131,True,False
53.2666134,-0.8758704389499818,0.24725801492850213,True,False,-0.7289568862903788,0.5328625575928215,True,False,0.15962743443896385,-0.5820180269021868,True,False
53.2999467,-0.41218793697928796,0.04641767739832116,True,False,0.01798837547422492,-0.21220919351822062,True,False,0.2756087454173308,-0.5980865389068458,True,False
53.33328,0.185607898274936,-0.24229544433952177,True,False,0.676221514669693,-0.8384344318734553,True,False,0.30010225429898846,-0.5607352853392547,True,False
53.3666133,0.8402003963228155,-0.6159292890950171,True,False,1.014389319566281,-1.1133293793752241,True,False,0.2115815554424634,-0.47591370398089067,True,False
53.3999466,1.4507857384036467,-1.0271296909102958,True,False,0.9403683280129155,-0.9487167673073309,True,False,0.031713448391761656,-0.34925119695735873,True,False
53.4332799,1.911980861181797,-1.3899114637554542,True,False,0.5298277637504488,-0.431972448800684,True,False,-0.18233048587810283,-0.18902845066309232,True,False
53.4666132,2.136833177536792,-1.6031041206137817,True,False,-0.012871266592094593,0.2129749333405844,True,False,-0.3584637329311657,-0.01027805708524066,True,False
53.4999465,2.0772015429550543,-1.5833369438463758,True,False,-0.4441706755817202,0.7188179279044173,True,False,-0.43570563573156734,0.16367231721631617,True,False
53.5332798,1.7351511714000312,-1.2954739031207143,True,False,-0.584052809444713,0.8843858639963532,True,False,-0.38634211043355576,0.30464681136488486,True,False
53.5666131,1.161843716492554,-0.7691078399906327,True,False,-0.39013900985369865,0.6562081574208208,True,False,-0.2263123109900311,0.3877320852986611,True,False
53.5999464,0.4446360994101661,-0.0947166831935787,True,False,0.02659407592549962,0.14928346874771944,True,False,-0.010002698918411271,0.40088703141315496,True,False
53.6332797,-0.31297674878059084,0.5995583883204202,True,False,0.45027733311178747,-0.40111753401984546,True,False,0.1889141778386162,0.3514165849098773,True,False
53.666613,-1.0119275082400403,1.1826004544250948,True,False,0.6525647425180631,-0.73695257005582,True,False,0.30396487044781484,0.26540742329911887,True,False
53.6999463,-1.5726770003719734,1.554621832335718,True,False,0.4911264910474213,-0.6847866152909907,True,False,0.3002426883655937,0.17901384645635518,True,False
53.7332796,-1.94183822767778,1.6698001905284423,True,False,-0.02595403360323495,-0.2297794740231854,True,False,0.18764886294577582,0.12421090234565416,True,False
53.7666129,-2.09116898519091,1.540743569677589,True,False,-0.7362452233194327,0.4735537318863476,True,False,0.01768388303916518,0.11463507161741783,True,False
53.7999462,-2.0127864424603974,1.2253049174282054,True,False,-1.3816209863278364,1.1584463684595723,True,False,-0.13570791719760064,0.13793481416299264,True,False
53.8332795,-1.715307816136387,0.8026420084894913,True,False,-1.7067023329786777,1.5485983592187271,True,False,-0.2047249841935284,0.15904455652404198,True,False
53.8666128,-1.2239838998350698,0.3485977105778824,True,False,-1.5585392143052648,1.4662869100530642,True,False,-0.1552154350616984,0.1345384536839287,True,False
53.8999461,-0.5845504631376885,-0.08065280133846514,True,False,-0.9485142312165649,0.903569190812148,True,False,-0.00229543494036435,0.0332928071609751,True,False
53.9332794,0.1328880560531138,-0.45240544627999424,True,False,-0.05226000394969503,0.028765772992283195,True,False,0.19287112881070395,-0.1448624694291361,True,False
53.9666127,0.8352538122492923,-0.7503508659616981,True,False,0.8524895784035642,-0.8743331527899323,True,False,0.3451671676286769,-0.3612503996899717,True,False
53.999946,1.4171526458538828,-0.9628583569088418,True,False,1.4862459058691837,-1.5110221546789393,True,False,0.3789904729617909,-0.5465976563125157,True,False
54.0332793,1.780769385449413,-1.0741581923953167,True,False,1.6679636066430321,-1.6837408202550725,True,False,0.2604053025774692,-0.6245349258291151,True,False
54.0666126,1.860064421304488,-1.0636652820517372,True,False,1.3772226972251262,-1.3623990628889147,True,False,0.01479153643437325,-0.5425542758978941,True,False
54.0999459,1.6409531946997091,-0.9140917959243025,True,False,0.7555807998956159,-0.6907092452988517,True,False,-0.2783391128460578,-0.29809465679017116,True,False
54.1332792,1.1691700192082444,-0.6243278077239994,True,False,0.047885496164864996,0.07277914912483978,True,False,-0.512995490954462,0.05231707414543979,True,False
54.1666125,0.5412956875180028,-0.22044052149403448,True,False,-0.492753769661933,0.6551267260328448,True,False,-0.5972008476140153,0.4072399871774376,True,False
54.1999458,-0.11940828430121848,0.2413648799773978,True,False,-0.6992519887578402,0.8715816443391109,True,False,-0.4906808790057867,0.6547861752124171,True,False
54.2332791,-0.6947182018060707,0.6827108011370513,True,False,-0.5481543089394864,0.6908797649519347,True,False,-0.22410065137777233,0.7150352432389966,True,False
54.2666124,-1.0998868925745218,1.02029413404557,True,False,-0.1595905873185565,0.2390779327711817,True,False,0.10929074331965513,0.5730912416655513,True,False
54.2999457,-1.2991228947521032,1.1869206783112578,True,False,0.2586326520324993,-0.25792631753198636,True,False,0.3879591367816612,0.28774018648869093,True,False
54.333279,-1.303608155739408,1.1492120951384097,True,False,0.49940681682510796,-0.5691828344050645,True,False,0.5098018821813827,-0.030020927858565128,True,False
54.3666123,-1.1546322040183679,0.9160268085594523,True,False,0.4416533540410757,-0.5527001442019218,True,False,0.4343509747976915,-0.2614780416969098,True,False
54.3999456,-0.9003691239130779,0.5349999472853795,True,False,0.09901154124662115,-0.21162510081812078,True,False,0.20161160906960904,-0.3298435722423191,True,False
54.4332789,-0.5770311964608207,0.07880689185297168,True,False,-0.38676719014521027,0.3089643980188674,True,False,-0.08168030969495034,-0.23364278898154073,True,False
54.4666122,-0.20258704274067033,-0.3738111559861364,True,False,-0.8043762275095612,0.7825133864941028,True,False,-0.28452933104561606,-0.04832317100613476,True,False
54.4999455,0.21500367367973713,-0.7558035916269941,True,False,-0.959730286090467,0.994034468386768,True,False,-0.30673691071405357,0.10623216346923683,True,False
54.5332788,0.6602872788227797,-1.022961550624244,True,False,-0.7563424852180671,0.8285266731658004,True,False,-0.12411934099660743,0.11971715041571859,True,False
54.5666121,1.0937077675825861,-1.1561324520568228,True,False,-0.237421583654522,0.31971794061347036,True,False,0.19577553259689986,-0.05563212422909316,True,False
54.5999454,1.4463226649312682,-1.1558969380913116,True,False,0.42702470848711827,-0.36005463822169564,True,False,0.5159133731390183,-0.37631001584260027,True,False
54.6332787,1.631533553545552,-1.0339132203792227,True,False,1.0032010950546955,-0.964794227953607,True,False,0.6830061696124815,-0.7169830038445182,True,False
54.666612,1.5717058660338483,-0.805838519701318,True,False,1.282191959135898,-1.2691474215877943,True,False,0.5913483242776136,-0.9165481704694179,True,False
54.6999453,1.2300906714549038,-0.4891270897464446,True,False,1.1598554493626585,-1.155250739664047,True,False,0.2312541411479503,-0.8437880456566705,True,False
54.7332786,0.6347538191280464,-0.10592857003441612,True,False,0.6769710700192881,-0.6583976975031371,True,False,-0.2989346459063592,-0.456487846618204,True,False
54.7666119,-0.11689290514456557,0.3117188429562424,True,False,0.004138055451389125,0.04601929657561828,True,False,-0.8242793107606716,0.17092537978259334,True,False
54.7999452,-0.877409713335027,0.7187275541106332,True,False,-0.6226500294708529,0.7089710559690423,True,False,-1.1574806961023107,0.8646897444535593,True,False
54.8332785,-1.4876437183456948,1.059449441046376,True,False,-0.9907761415412222,1.1017122252623406,True,False,-1.171253798302941,1.4098222817058415,True,False
54.8666118,-1.8213585900690517,1.2768341847444846,True,False,-0.9898384824983588,1.1008133993646205,True,False,-0.8497693571735229,1.6279969867126287,True,False
54.8999451,-1.8204931507319266,1.3260213048794542,True,False,-0.6503108916840865,0.731727190644481,True,False,-0.2975629641252864,1.4449232456391246,True,False
54.9332784,-1.5086005907476616,1.1877376375320143,True,False,-0.1275387028506095,0.15467445947717118,True,False,0.29899204200736024,0.9197148453152784,True,False
54.9666117,-0.9782714002807297,0.8764388703428773,True,False,0.362084150461613,-0.4008509122882373,True,False,0.7432494123868919,0.22308219722689995,True,False
54.999945,-0.3582045174283104,0.43984127723558725,True,False,0.6273249396119163,-0.7267847618428148,True,False,0.9045329821793678,-0.4282000783686112,True,False
55.0332783,0.22703441004660024,-0.05043890352098344,True,False,0.5766845194942091,-0.7166978154190333,True,False,0.7680648293846865,-0.854595093751526,True,False
55.0666116,0.6896215223678132,-0.5143187403513713,True,False,0.2520689840907672,-0.4042615919500131,True,False,0.43773140447610587,-0.9806222051831353,True,False
55.0999449,0.9926588689953082,-0.880058682765545,True,False,-0.1914397478211596,0.0546157357779766,True,False,0.08992226720567789,-0.85702958965961,True,False
55.1332782,1.1433972682152627,-1.0977358089557636,True,False,-0.5513229861292597,0.4482847819382693,True,False,-0.10301333405414197,-0.6287283972945518,True,False
55.1666115,1.1717092171396664,-1.1462979911592923,True,False,-0.6623848127166311,0.5975956516872876,True,False,-0.048069966718925355,-0.46234702577794634,True,False
55.1999448,1.1055709842347141,-1.0335344939087578,True,False,-0.4664030493201975,0.4304449208378267,True,False,0.2261409112116913,-0.46537130041892383,True,False
55.2332781,0.9554347607495289,-0.7904494946330951,True,False,-0.038430269141155333,0.012655238985341778,True,False,0.5787915980864895,-0.6332643888670513,True,False
55.2666114,0.7142507471256385,-0.46265204037199475,True,False,0.4413351068971349,-0.4774104208352455,True,False,0.8152702902154746,-0.8492017138829953,True,False
55.2999447,0.37201548189285455,-0.1013062899873625,True,False,0.7594732112305709,-0.8206323500942109,True,False,0.7713030523190211,-0.9378728210609304,True,False
55.333278,-0.06331416790488006,0.24467186896466667,True,False,0.7567403250945283,-0.8467940566033264,True,False,0.3879979310906283,-0.7503245915623885,True,False
55.3666113,-0.549818149804151,0.5344381659135456,True,False,0.39603048669956564,-0.5062296959845314,True,False,-0.2541139642356175,-0.2420572875795196,True,False
55.3999446,-1.0097722364282031,0.738867925292992,True,False,-0.2167488792926357,0.10548215274186405,True,False,-0.9577358263346923,0.49159243342859094,True,False
55.4332779,-1.345072994907849,0.8419563645740799,True,False,-0.8681716453617927,0.7801601307548929,True,False,-1.4807437303949722,1.2408001683898944,True,False
55.4666112,-1.4654677380419383,0.8400058074140265,True,False,-1.3161726057500767,1.2746085533870712,True,False,-1.6294822202643668,1.7589658362248421,True,False
55.4999445,-1.319356347395186,0.7390809371777284,True,False,-1.3819879285508725,1.4029056299202538,True,False,-1.3361282010964675,1.861141465412686,True,False
55.5332778,-0.9153489031451381,0.5519200810319342,True,False,-1.019369323689706,1.1073419280144987,True,False,-0.6886243074623267,1.5016568582453391,True,False
55.5666111,-0.32596534964595436,0.2959266672542403,True,False,-0.33394859271701505,0.48048113020091493,True,False,0.09959247979655796,0.7974489614533558,True,False
55.5999444,0.3285632073703535,-0.0065653742668121875,True,False,0.45495904058168757,-0.2698421222361677,True,False,0.768751146438111,-0.013815078529655437,True,False
55.6332777,0.9112272673284612,-0.32599003294807344,True,False,1.095339626091163,-0.8984162812994536,True,False,1.1098297416223875,-0.6642832682881422,True,False
55.666611,1.303736431333469,-0.6232770100325028,True,False,1.394828375483898,-1.2128093585783049,True,False,1.0413820949225032,-0.9580931577545456,True,False
55.6999443,1.4353565429048918,-0.850774358840684,True,False,1.2887635602103498,-1.1410123945561803,True,False,0.6360673611447737,-0.8433542653019355,True,False
55.7332776,1.2968252591827403,-0.9589101554576434,True,False,0.85812130955831,-0.75135662410477,True,False,0.08700163606382211,-0.42501223289460555,True,False
55.7666109,0.9366190309791795,-0.9086375562858522,True,False,0.2914547085042315,-0.21869018379262428,True,False,-0.37194582357283523,0.08539563606285613,True,False
55.7999442,0.4427174519372125,-0.6863064585753638,True,False,-0.19293844357971068,0.24814905117955802,True,False,-0.5596234295498212,0.46081352016732424,True,False
55.8332775,-0.0828713178573251,-0.3150482478927526,True,False,-0.43294695034599623,0.4879444790245426,True,False,-0.4174759164188481,0.5518025289936866,True,False
55.8666108,-0.5484180330171807,0.1433359440157874,True,False,-0.3823465381706031,0.44561606745529664,True,False,-0.02841516559091693,0.3430526372014099,True,False
55.8999441,-0.8890400700996967,0.5990938167190123,True,False,-0.12107861006719876,0.18561410249921467,True,False,0.4219214456725757,-0.04911273390262344,True,False
55.9332774,-1.072675437727292,0.9560568126282293,True,False,0.18669413615655134,-0.1432793459505006,True,False,0.7249273489673229,-0.4352741538541924,True,False
55.9666107,-1.0965853835655315,1.137451924225067,True,False,0.368208444622755,-0.3757540909012596,True,False,0.7369409410153719,-0.6409579121592041,True,False
55.999944,-0.9782894667881292,1.1071260878175169,True,False,0.31923007829743305,-0.4017251358931421,True,False,0.4395733570617504,-0.585692515408684,True,False
56.0332773,-0.7456694197649627,0.8786347724923257,True,False,0.050184965072240705,-0.2124002525566699,True,False,-0.05182238250901975,-0.3190306528519549,True,False
56.0666106,-0.4299448041119324,0.509112713135048,True,False,-0.3181347230348003,0.09801469674605154,True,False,-0.5347444695712833,0.0018389012500553692,True,False
56.0999439,-0.06305038722511083,0.08052215145641634,True,False,-0.6075778843090099,0.37521391045625796,True,False,-0.8022588710534163,0.1833636918742472,True,False
56.1332772,0.32137299719024515,-0.3246281850049337,True,False,-0.6621432408351317,0.47406206392856465,True,False,-0.7285113213581068,0.08552618634416126,True,False
56.1666105,0.685754213188498,-0.6444175555682914,True,False,-0.42038584312788224,0.3249926870098644,True,False,-0.32268746296846373,-0.307966215729574,True,False
56.1999438,0.987908241355246,-0.8486061452723528,True,False,0.05040065174815456,-0.030727368450579946,True,False,0.27033234876713697,-0.8697595420358988,True,False
56.2332771,1.1838768792767018,-0.9370818883046851,True,False,0.5738986839497364,-0.4524661464149301,True,False,0.8232875713040577,-1.3694052074988297,True,False
56.2666104,1.2347056276923827,-0.928126649852161,True,False,0.9318669804288755,-0.7547815878476507,True,False,1.1132632709397259,-1.559971021708668,True,False
56.2999437,1.1158107483805453,-0.8428558081772779,True,False,0.9522475209784814,-0.7834344797565035,True,False,1.008203120618391,-1.2773473780186464,True,False
56.333277,0.826233735466536,-0.6933838482200384,True,False,0.5825518593386263,-0.4819065824984328,True,False,0.5196762091352368,-0.5131550915828218,True,False
56.3666103,0.3945591817736572,-0.4802704881280475,True,False,-0.08204155044703171,0.07927624520746573,True,False,-0.1985580859745712,0.5681515498374996,True,False
56.3999436,-0.12122227557241991,-0.20034485034006352,True,False,-0.82867927132338,0.7234771085976434,True,False,-0.9057698238492395,1.6762037631676316,True,False
56.4332769,-0.6411873348574892,0.13911948111331993,True,False,-1.4044076312389298,1.232017772086365,True,False,-1.3622984275200527,2.48953122105893,True,False
56.4666102,-1.0775667643914406,0.5074845005993164,True,False,-1.6113880108373773,1.4266876384593605,True,False,-1.4170971672984587,2.7640463261612855,True,False
56.4999435,-1.352682342009024,0.8469828379665313,True,False,-1.3821882250967168,1.2381678167358607,True,False,-1.0619195201493759,2.4159291642835963,True,False
56.5332768,-1.4164579126701735,1.0825713156045567,True,False,-0.8050169074209141,0.733023693182023,True,False,-0.4321932340825223,1.5492973865978519,True,False
56.5666101,-1.258738217261405,1.1438997991360118,True,False,-0.08843446890921218,0.08813386452382183,True,False,0.24509182550275505,0.4194615591443736,True,False
56.5999434,-0.9125275272157887,0.9918816100215747,True,False,0.5208150239067655,-0.4777401559730856,True,False,0.7362999461284813,-0.6541039882410128,True,False
56.6332767,-0.4465377709419327,0.6390626874675999,True,False,0.8343138668224601,-0.7883862093518108,True,False,0.8867383856254052,-1.393365839672811,True,False
56.66661,0.051384217789113396,0.15420558641654675,True,False,0.794266079815025,-0.7771356610994415,True,False,0.6750807583991667,-1.6486004383643915,True,False
56.6999433,0.4953345920788732,-0.3528885646581312,True,False,0.49243407799126065,-0.5096857306065665,True,False,0.2169685515480972,-1.4371887690521896,True,False
56.7332766,0.8206236150097291,-0.762439348043483,True,False,0.12781263272463206,-0.15346326518296866,True,False,-0.28257583883466986,-0.9231427614755033,True,False
56.7666099,0.9954093234602621,-0.9809582556606998,True,False,-0.08018006268938299,0.09440850239839085,True,False,-0.6092062950971441,-0.3475564961223864,True,False
56.7999432,1.021525516995694,-0.969390456759609,True,False,0.012047932974065746,0.09168875138972873,True,False,-0.6212664381424352,0.06297345211724754,True,False
56.8332765,0.9252792069989363,-0.7525883106851526,True,False,0.40603211412626833,-0.18618607693541622,True,False,-0.3029883138080153,0.17639514861243782,True,False
56.8666098,0.7427077616122555,-0.4068277289016868,True,False,0.9530887944344151,-0.6312287572578541,True,False,0.23069793261603025,-0.004173679157017384,True,False
56.8999431,0.5057314911262071,-0.030754683480786534,True,False,1.4093342011957906,-1.043256778587955,True,False,0.7789670939953152,-0.3517942490513332,True,False
56.9332764,0.23490664890756957,0.2884447801858963,True,False,1.5335122085632218,-1.2106248968452618,True,False,1.1321143158971645,-0.672413813033417,True,False
56.9666097,-0.058720885763226906,0.5004530083219836,True,False,1.1893453339275901,-0.9997550574938374,True,False,1.1514104894252648,-0.7842891441687541,True,False
56.999943,-0.3645131448778705,0.5997507248372115,True,False,0.4110875913012943,-0.41737086402550866,True,False,0.8215397370479065,-0.5901837336868977,True,False
57.0332763,-0.6613154717363657,0.6148032961007619,True,False,-0.5956589675805817,0.3808618504645677,True,False,0.2558739621174255,-0.11607803718226903,True,False
57.0666096,-0.9112776554613561,0.5851998211831936,True,False,-1.5209305641994415,1.1410093921954834,True,False,-0.3471898280637689,0.4969398445121325,True,False
57.0999429,-1.0630988842632116,0.5380955482142027,True,False,-2.0614850943148744,1.603109691194547,True,False,-0.7799392314244319,1.043689480552841,True,False
57.1332762,-1.065208730544646,0.47475654461653277,True,False,-2.0341545836367536,1.6001121914921592,True,False,-0.9039511704305104,1.329584956453435,True,False
57.1666095,-0.8847145546510813,0.3727453893307517,True,False,-1.4475304007355045,1.1248747748062706,True,False,-0.7013304119122548,1.2416946029136178,True,False
57.1999428,-0.524749195046606,0.20188811146633637,True,False,-0.5031541938467876,0.3380061808973243,True,False,-0.278897942193292,0.7906843014606149,True,False
57.2332761,-0.03258399435783014,-0.053997191127517455,True,False,0.47584918619574296,-0.4881402175327315,True,False,0.17607407865502356,0.10894307480957377,True,False
57.2666094,0.5061603208865973,-0.3799360163124742,True,False,1.1626226734694134,-1.0690665091899492,True,False,0.4710493170857821,-0.5940301180886414,True,False
57.2999427,0.9867036508839111,-0.7252412882828805,True,False,1.3463594548324638,-1.213545128000945,True,False,0.48463805022478573,-1.1027619740777272,True,False
57.333276,1.3118992743189848,-1.014056174585314,True,False,1.0080930386318854,-0.8941145749916143,True,False,0.21401227554350752,-1.2680749396815036,True,False
57.3666093,1.417669221149485,-1.1672582796252589,True,False,0.3231523354716839,-0.2550275368459,True,False,-0.22542999824071452,-1.0550805519480084,True,False
57.3999426,1.2885002632604619,-1.127687202981312,True,False,-0.4107606617717737,0.4457213390146189,True,False,-0.6478907943055133,-0.5505477148959816,True,False
57.4332759,0.9582069455056464,-0.8797760573820559,True,False,-0.8918849350884361,0.9377427223346678,True,False,-0.8731933623840883,0.07186045559647931,True,False
57.4666092,0.4967541531292948,-0.4571150892564639,True,False,-0.9328233818296409,1.043184847985382,True,False,-0.8003050959443084,0.6147855332154648,True,False
57.4999425,-0.011053213829532595,0.0641142922144259,True,False,-0.5325853502396668,0.7439068746942703,True,False,-0.4485895993915588,0.9251523902467944,True,False
57.5332758,-0.48683205971624405,0.5833617737227761,True,False,0.1260861524028446,0.1844823342009488,True,False,0.04998892907403486,0.9422589043174517,True,False
57.5666091,-0.8727792944197792,0.9999336553649899,True,False,0.7529421996939731,-0.3898060837864935,True,False,0.5045771259844989,0.7095877661591259,True,False
57.5999424,-1.1355872881229903,1.2364152292064958,True,False,1.0696240595606519,-0.7348113932322142,True,False,0.7431680122543426,0.34826429716119833,True,False
57.6332757,-1.2617645534162496,1.2552686731844849,True,False,0.9245116697449219,-0.7080584243498251,True,False,0.6825585794153971,0.004748293298012827,True,False
57.666609,-1.2494532394031175,1.0648088578282024,True,False,0.35687837168760855,-0.327348857981769,True,False,0.3618189341122608,-0.20549370862689964,True,False
57.6999423,-1.1024628140063324,0.7137872025068179,True,False,-0.41579143162907123,0.23631711735765318,True,False,-0.07450839522975322,-0.23650475453700465,True,False
57.7332756,-0.8299820903265596,0.27691030989909415,True,False,-1.0828586820175983,0.7287926916889432,True,False,-0.4365632702500329,-0.11939984726291102,True,False
57.7666089,-0.45157899427997517,-0.16405311793323735,True,False,-1.3644387068199644,0.9176596139224253,True,False,-0.5678220602069545,0.060734360638110683,True,False
57.7999422,-0.003607736546750695,-0.5380956709272214,True,False,-1.124789345931999,0.689566657418906,True,False,-0.40968780733456484,0.20601973816151237,True,False
57.8332755,0.4582869914537122,-0.797182859119064,True,False,-0.4296260825654401,0.10042709261568243,True,False,-0.025255337215784636,0.2463943731609082,True,False
57.8666088,0.8645381450089507,-0.9206271052619103,True,False,0.4760808999221216,-0.6424273290080953,True,False,0.4275415127474622,0.16324194141362855,True,False
57.8999421,1.1453023994785176,-0.9121671147008314,True,False,1.2616279887696493,-1.2597855392314306,True,False,0.7621007480866291,-0.011425080445607107,True,False
57.9332754,1.248596112124432,-0.7924550938646385,True,False,1.638671063906135,-1.5105073068370813,True,False,0.8409371468393627,-0.21646390226958986,True,False
57.9666087,1.1562919668400489,-0.5904716119374241,True,False,1.4731697739369003,-1.288032556412748,True,False,0.6325475065098932,-0.3915549863650931,True,False
57.999942,0.8913260915957254,-0.33676163774128387,True,False,0.8367564937548333,-0.6645679877319652,True,False,0.22362033343846507,-0.5011562781431326,True,False
58.0332753,0.5124714496799238,-0.05983095120498265,True,False,-0.022774868610019615,0.13525122476240872,True,False,-0.2183851778636597,-0.5424583877099073,True,False
58.0666086,0.09785651259742958,0.21461675394385007,True,False,-0.7798729012786162,0.8212314711842248,True,False,-0.5164082080158241,-0.5359200445510119,True,False
58.0999419,-0.2770375700269434,0.4629777651427622,True,False,-1.159077872985049,1.150645885457982,True,False,-0.5586347008209659,-0.5054443305282164,True,False
58.1332752,-0.5588963471317526,0.6631270123318649,True,False,-1.0413111081877782,1.022367738367013,True,False,-0.34541602510795655,-0.45974912235993953,True,False
58.1666085,-0.7266483826417155,0.7948920380575096,True,False,-0.5065793309865702,0.5145295894072719,True,False,0.011588536017811,-0.38515547962675284,True,False
58.1999418,-0.7890863929808728,0.841848663610753,True,False,0.20310550888912174,-0.14919947583038562,True,False,0.33775808644473354,-0.2537924238548146,True,False
58.2332751,-0.7721764335440128,0.7940231048000396,True,False,0.7846277248384985,-0.690884072837786,True,False,0.4710035622632212,-0.04321737702474202,True,False
58.2666084,-0.7023345257194777,0.6507545250298274,True,False,0.9970647179283849,-0.8901590818893448,True,False,0.33252804100790506,0.24252072965941357,True,False
58.2999417,-0.5933024554229805,0.422886253615108,True,False,0.7574390688697682,-0.6715142870918396,True,False,-0.03717059989955732,0.56155384576762,True,False
58.333275,-0.44230592446178096,0.13348523484842764,True,False,0.17072393958853943,-0.13207554527910353,True,False,-0.4925790686140503,0.8397209403501392,True,False
58.3666083,-0.23685836106683533,-0.1835815271764494,True,False,-0.5170451834163433,0.5007836428955276,True,False,-0.8421887383788458,0.9926172947537966,True,False
58.3999416,0.031211569377552584,-0.4875442782459879,True,False,-1.0224226249374424,0.9641991554332581,True,False,-0.9279320561093103,0.9563302899557908,True,False
58.4332749,0.3511699003119406,-0.7367870490411995,True,False,-1.142038028032467,1.068080871894028,True,False,-0.6920965940167627,0.7147396481376238,True,False
58.4666082,0.685294668178554,-0.8959249736659183,True,False,-0.8358116848132148,0.7728527671838911,True,False,-0.20392380784684122,0.31200936593972284,True,False
58.4999415,0.9718500324960503,-0.9421442964931649,True,False,-0.24218999244501993,0.20529990958154443,True,False,0.36521297672378294,-0.15567364924737592,True,False
58.5332748,1.1392775689366608,-0.8690512998197646,True,False,0.38034968478591086,-0.39363327336975473,True,False,0.8079842066499444,-0.5672180831321176,True,False
58.5666081,1.1272772736120513,-0.6870417019391081,True,False,0.761199491025122,-0.7677504948667414,True,False,0.961764100918647,-0.8135857135536342,True,False
58.5999414,0.9076290923390052,-0.420432833784442,True,False,0.7306121995412689,-0.7511353698444871,True,False,0.7713646701677871,-0.8318724082878922,True,False
58.6332747,0.4974909837004585,-0.10270629072502258,True,False,0.291574013633034,-0.3376628429500989,True,False,0.30921966731464456,-0.6248112174284717,True,False
58.666608,-0.03958289498844005,0.22837213765988248,True,False,-0.3788245439339401,0.3136466002263354,True,False,-0.2540105474104112,-0.2592147640300318,True,False
58.6999413,-0.6056168678926253,0.534469196881246,True,False,-0.9992858555682949,0.9398811172156875,True,False,-0.7155255470062478,0.15572239713583524,True,False
58.7332746,-1.0898502413583964,0.7790622387874306,True,False,-1.2974358213928587,1.2779580712831484,True,False,-0.9162397107684939,0.5024954904044663,True,False
58.7666079,-1.393999371269502,0.9294130368942867,True,False,-1.1207437800152327,1.1697166429820278,True,False,-0.796793056610755,0.6901292235099176,True,False
58.7999412,-1.4544531431803518,0.9595121726606407,True,False,-0.5006698522389037,0.6266449530736625,True,False,-0.41332655311540056,0.6785993040632827,True,False
58.8332745,-1.256051428429982,0.8547968684742431,True,False,0.35583138259936165,-0.17163107273638023,True,False,0.09057157319680549,0.48594798011484713,True,False
58.8666078,-0.8347430112843546,0.6180559816733376,True,False,1.144405172403006,-0.9448961560598864,True,False,0.5421421986177059,0.177556063160588,True,False
58.8999411,-0.26936013712339296,0.27440912159022673,True,False,1.5803701878327316,-1.419730223361368,True,False,0.8036467068534975,-0.15706524865228008,True,False
58.9332744,0.3349191699623021,-0.12756095623146496,True,False,1.5088274980327463,-1.4348149063235223,True,False,0.8177764577905973,-0.43128122152734866,True,False
58.9666077,0.8675662121319244,-0.5209202709456235,True,False,0.964710340430375,-1.0029708065625935,True,False,0.6188799954301503,-0.5836251074153114,True,False
58.999941,1.233991162203207,-0.8322493988718349,True,False,0.15940328360559045,-0.3055912159973757,True,False,0.30911316384541143,-0.5899011722897687,True,False
59.0332743,1.3732813587148018,-0.9981444621066524,True,False,-0.6007251647462798,0.37848007118847304,True,False,0.012146636156033067,-0.46383868243396714,True,False
59.0666076,1.2692088538942294,-0.9819235630333271,True,False,-1.0320999272549365,0.7819853797325662,True,False,-0.17561496993914616,-0.24854670329747702,True,False
59.0999409,0.9523238677584115,-0.7851633453910722,True,False,-0.9823492277909426,0.7537388512844277,True,False,-0.21750195816444393,-0.0027028978983649372,True,False
59.1332742,0.49241349936503986,-0.44968531703864145,True,False,-0.4875678912305571,0.31780201010053916,True,False,-0.14223840721705514,0.2146799982038091,True,False
59.1666075,-0.017442675411238878,-0.04836800055179716,True,False,0.2433410935373562,-0.33586127211691186,True,False,-0.023726536561898378,0.3579807262855783,True,False
59.1999408,-0.4818468002562774,0.3332223142965256,True,False,0.9108082270235703,-0.925901844366781,True,False,0.05435262443983613,0.404964489971379,True,False
59.2332741,-0.8240175715315878,0.6191992181082628,True,False,1.2412975133907767,-1.190640992926128,True,False,0.03393478873231636,0.3610038079551988,True,False
59.2666074,-1.0011325400421809,0.7629452909631385,True,False,1.0936019385406035,-0.9927549438303325,True,False,-0.09539550231647859,0.25578667303154373,True,False
59.2999407,-1.0097824939286828,0.7577530626482035,True,False,0.5140046825915968,-0.3768605474921297,True,False,-0.2944924107451615,0.13220167986068204,True,False
59.333274,-0.880159758063514,0.6350133003505013,True,False,-0.2807254312885328,0.44294136950976154,True,False,-0.4914154478503174,0.029924368649936393,True,False
59.3666073,-0.6613342340254145,0.45039984098913416,True,False,-0.9859949120232571,1.161875654142721,True,False,-0.6089502570454077,-0.030630531139521286,True,False
59.3999406,-0.4031450714553825,0.262599219955344,True,False,-1.3262775636199298,1.500531689337502,True,False,-0.5922797732725834,-0.05691288442161585,True,False
59.4332739,-0.1415045571432631,0.11207734486443553,True,False,-1.1618768407906015,1.3143550595968319,True,False,-0.4275944105675369,-0.08024598982346988,True,False
59.4666072,0.10743458735283747,0.00796354056551765,True,False,-0.5450209493354831,0.6545324382337585,True,False,-0.14659532836073366,-0.13925948257016427,True,False
59.4999405,0.342442341009738,-0.07130621637894388,True,False,0.2962002736690446,-0.2441696308224878,True,False,0.18319755369210416,-0.2570571850884593,True,False
59.5332738,0.5645218095372233,-0.16304683873755693,True,False,1.040494702015568,-1.0459103017582794,True,False,0.47837480949707994,-0.4226380398633637,True,False
59.5666071,0.7628922390687537,-0.2966767562268561,True,False,1.3921477597738916,-1.4372714712638663,True,False,0.6635863567989947,-0.5866228846447787,True,False
59.5999404,0.9072476856996664,-0.4715966777702565,True,False,1.191926360537625,-1.2462304595446831,True,False,0.6928753889437886,-0.6757591335339663,True,False
59.6332737,0.9515989633722015,-0.6475417760856711,True,False,0.4789310108927072,-0.511700309029225,True,False,0.5627997669375032,-0.6221556579491209,True,False
59.666607,0.8500348094410539,-0.7540974044765044,True,False,-0.5197317640093149,0.5237452846233319,True,False,0.3138042001152322,-0.3956379889534408,True,False
59.6999403,0.579065943462519,-0.7180068991358002,True,False,-1.4680076810231388,1.4971052465730714,True,False,0.019093227348832915,-0.02477209408636319,True,False
59.7332736,0.15731254035340528,-0.49827610807990863,True,False,-2.039933194307141,2.0547292522326703,True,False,-0.23652617622837652,0.4042688756755384,True,False
59.7666069,-0.34695282030876123,-0.11392881843965781,True,False,-2.0352017117662147,1.9811485759373453,True,False,-0.3822604711012634,0.7729488283505082,True,False
59.7999402,-0.8260573693509855,0.34949239924500175,True,False,-1.449130631209993,1.2789673222582314,True,False,-0.3837558150536992,0.971295138840478,True,False
59.8332735,-1.1599832070776877,0.7607658637603433,True,False,-0.47177794996734834,0.16948342154380613,True,False,-0.25467927372994476,0.9387699942495801,True,False
59.8666068,-1.2523209883039512,0.985810220788801,True,False,0.5828485214393251,-0.9868252779940639,True,False,-0.0524987891126189,0.6884753980558829,True,False
59.8999401,-1.062859754852792,0.9370031574650464,True,False,1.3907378356685784,-1.8205954663950452,True,False,0.1414207867262735,0.3042467427921688,True,False
59.9332734,-0.62471262168169,0.6094398656437469,True,False,1.732411413809646,-2.0859182142646753,True,False,0.2513621375021666,-0.08904831728750728,True,False
59.9666067,-0.03878898662536157,0.08872749187971675,True,False,1.5656123042849628,-1.7450751649309826,True,False,0.2359424795608979,-0.3707841283935373,True,False
59.99994,0.553630456651394,-0.47418300405244734,True,False,1.0298263542641053,-0.9741588062254048,True,False,0.10465276247194367,-0.4677208008575728,True,False
60.0332733,1.0114976768535209,-0.9125414118325073,True,False,0.3823870174069653,-0.08840857917713801,True,False,-0.08521547367756713,-0.37801946388746616,True,False
60.0666066,1.2341853345784484,-1.0994259602710843,True,False,-0.10796525363998698,0.5830621229350197,True,False,-0.2512679338162433,-0.1668440484730638,True,False
60.0999399,1.1877974565040978,-0.9888382168798285,True,False,-0.26808676404394854,0.8241444430060888,True,False,-0.3200774714301939,0.06410189645704338,True,False
60.1332732,0.9092596832265681,-0.6274811200930402,True,False,-0.08618367648429053,0.6109721392626115,True,False,-0.25887382100938183,0.22000705893808545,True,False
60.1666065,0.48797996560675155,-0.13384560574246676,True,False,0.28906416062182994,0.11323203955930458,True,False,-0.09111885885655346,0.2509725476041938,True,False
60.1999398,0.03288102498592501,0.3464245596145009,True,False,0.6150433627151359,-0.3819898015371425,True,False,0.11169720027904001,0.16878071000515316,True,False
60.2332731,-0.36256863455939153,0.6914164588251339,True,False,0.6604685157224874,-0.5928619860481964,True,False,0.259757971568633,0.035944013682212235,True,False
60.26660639999999,-0.6448154440572486,0.8410426375338749,True,False,0.30701585917349894,-0.36271554022703495,True,False,0.28417218941283406,-0.06726061907920321,True,False
60.2999397,-0.8064954508762358,0.8090293550703318,True,False,-0.39373184324316224,0.27089639370895646,True,False,0.1688257316726465,-0.08243896598668525,True,False
60.333273,-0.8743392693254338,0.6660602452867354,True,False,-1.231519099978122,1.0859250629150654,True,False,-0.03982268365587534,-0.0012958357233613864,True,False
60.3666063,-0.8856890544923579,0.5025798523639292,True,False,-1.913321222432369,1.7609947555530838,True,False,-0.25059149639245154,0.1303328508228244,True,False
60.3999396,-0.8646951012166968,0.3873283006830333,True,False,-2.1746334451409535,2.002596099944378,True,False,-0.3664839647979142,0.23426037809909983,True,False
60.4332729,-0.8087632187829176,0.3387294686953692,True,False,-1.8825650355765016,1.6639369239785995,True,False,-0.3281409612694041,0.2373044423621967,True,False
60.4666062,-0.6910257015632765,0.32051060877583676,True,False,-1.0901102368474473,0.8080471531577009,True,False,-0.14235002486665177,0.10680333064003322,True,False
60.4999395,-0.4774643794523702,0.2627556606630129,True,False,-0.020094146103257198,-0.3104520605536942,True,False,0.11809326803712167,-0.13226663246750373,True,False
60.5332728,-0.15074196891047817,0.0990679345194571,True,False,1.0149780517371016,-1.338396544069513,True,False,0.34444316312233936,-0.4065798901070928,True,False
60.5666061,0.2704054087708014,-0.1961589669662791,True,False,1.7256760282558956,-1.9557357225311744,True,False,0.4395407260870627,-0.625836542530658,True,False
60.5999394,,,True,False,,,True,False,,,True,False
60.6332727,,,True,False,,,True,False,,,True,False
60.666606,,,True,False,,,True,False,,,True,False
60.6999393,,,True,False,,,True,False,,,True,False
60.7332726,,,True,False,,,True,False,,,True,False
60.7666059,,,True,False,,,True,False,,,True,False
60.7999392,,,True,False,,,True,False,,,True,False
60.8332725,,,True,False,,,True,False,,,True,False
60.8666058,,,True,False,,,True,False,,,True,False
60.8999391,,,True,False,,,True,False,,,True,False
60.9332724,,,True,False,,,True,False,,,True,False
60.9666057,,,True,False,,,True,False,,,True,False
60.999939,,,True,False,,,True,False,,,True,False
61.0332723,,,True,False,,,True,False,,,True,False
61.0666056,,,True,False,,,True,False,,,True,False
61.0999389,,,True,False,,,True,False,,,True,False
61.1332722,,,True,False,,,True,False,,,True,False
61.1666055,,,True,False,,,True,False,,,True,False
61.1999388,,,True,False,,,True,False,,,True,False
61.23327209999999,,,True,False,,,True,False,,,True,False
61.2666054,,,True,False,,,True,False,,,True,False
61.2999387,,,True,False,,,True,False,,,True,False
61.333272,,,True,False,,,True,False,,,True,False
61.3666053,,,True,False,,,True,False,,,True,False
61.3999386,,,True,False,,,True,False,,,True,False
61.4332719,,,True,False,,,True,False,,,True,False
61.4666052,,,True,False,,,True,False,,,True,False
61.4999385,,,True,False,,,True,False,,,True,False
61.5332718,,,True,False,,,True,False,,,True,False
61.5666051,,,True,False,,,True,False,,,True,False
61.5999384,,,True,False,,,True,False,,,True,False
61.6332717,,,True,False,,,True,False,,,True,False
61.666605,,,True,False,,,True,False,,,True,False
61.6999383,,,True,False,,,True,False,,,True,False
61.7332716,,,True,False,,,True,False,,,True,False
61.7666049,,,True,False,,,True,False,,,True,False
61.7999382,,,True,False,,,True,False,,,True,False
61.8332715,,,True,False,,,True,False,,,True,False
61.8666048,,,True,False,,,True,False,,,True,False
61.8999381,,,True,False,,,True,False,,,True,False
61.9332714,,,True,False,,,True,False,,,True,False
61.9666047,,,True,False,,,True,False,,,True,False
61.999938,,,True,False,,,True,False,,,True,False
62.0332713,,,True,False,,,True,False,,,True,False
62.0666046,,,True,False,,,True,False,,,True,False
62.09993789999999,,,True,False,,,True,False,,,True,False
62.1332712,,,True,False,,,True,False,,,True,False
62.1666045,,,True,False,,,True,False,,,True,False
