time_s,observed_fraction,interpolated_fraction,spectral_peak_bpm,peak_concentration,accepted,status,ridge_bpm,legacy_ridge_bpm,evidence_local_bpm,evidence_score,evidence_runner_up_margin,evidence_selected_relative_power,evidence_selected_peak_bpm,evidence_selected_periodic_support,evidence_selected_motion_overlap,evidence_candidate_count,evidence_candidates_json,evidence_reacquired,evidence_tracker_state,evidence_motion_available,raw_spectral_peak_bpm,window_start_s,window_end_s,hr_source,profile,analysis_window_s,strict_accepted,hr_passes_original_gates,quality_tier
4.999995,0.8,0.0,,,False,gap_or_filter_edge,,,,,,,,,,0,[],False,unavailable,False,,0.0,9.99999,saved_v29_waveform_original_10s_strict_readout_offline,short6,10.0,False,False,rejected
5.999994,0.9,0.0,,,False,gap_or_filter_edge,,,,,,,,,,0,[],False,unavailable,False,,0.999999,10.999989,saved_v29_waveform_original_10s_strict_readout_offline,short6,10.0,False,False,rejected
6.999993,1.0,0.0,182.0,0.597781989625676,True,candidate_only,85.0,86.0,84.0,-0.3642576654713764,0.03985233454073411,0.10902826337206069,84.0,0.3713045127598185,0.049689344665031436,5,"[{""bpm"":84.0,""relative_power"":0.11057156376256255,""peak_concentration"":0.0802869983231371,""prominence"":0.10911518349145802,""period_correlation"":0.37639552931030684,""split_period_correlation"":0.3560314631083534,""periodic_support"":0.3713045127598185,""harmonic2_relative_power"":0.06443937027399511,""harmonic3_relative_power"":4.050392347925721e-05,""harmonic_support"":0.08515136745048518,""motion_profile"":0.049689344665031436,""motion_strength"":0.9850130591848902,""motion_reliability"":0.7333333333333333,""motion_overlap"":0.049689344665031436,""motion_available"":true,""evidence_score"":-0.33925766547137637,""supported_bpm"":[81.0,82.0,83.0,84.0,85.0,86.0,87.0],""supported_relative_power"":[0.09515178901245314,0.10407226520390578,0.1091699929629366,0.11057156376256255,0.10902826337206069,0.10560801871928237,0.10131830933527074]},{""bpm"":182.0,""relative_power"":1.0,""peak_concentration"":0.597781989625676,""prominence"":1.0,""period_correlation"":0.4742330287923545,""split_period_correlation"":0.4641065219241998,""periodic_support"":0.4717014020753158,""harmonic2_relative_power"":1.6170087575722826e-07,""harmonic3_relative_power"":6.160267216937645e-11,""harmonic_support"":0.00040486753212581986,""motion_profile"":0.718709127861667,""motion_strength"":0.9850130591848902,""motion_reliability"":0.7333333333333333,""motion_overlap"":0.718709127861667,""motion_available"":true,""evidence_score"":-0.3791100000121105,""supported_bpm"":[179.0,180.0,181.0,182.0,183.0,184.0,185.0],""supported_relative_power"":[0.7776529570420514,0.896066029833598,0.9761005915884688,1.0,0.9624865729746821,0.8717487558444279,0.7414579345687237]},{""bpm"":100.0,""relative_power"":0.10253698260678033,""peak_concentration"":0.06603941255798833,""prominence"":0.030320875908377287,""period_correlation"":0.2990012865545857,""split_period_correlation"":0.28593146621965704,""periodic_support"":0.2957338314708535,""harmonic2_relative_power"":0.018701908326923127,""harmonic3_relative_power"":2.0607530814862733e-06,""harmonic_support"":0.0439517223396147,""motion_profile"":0.05173138189801045,""motion_strength"":0.9850130591848902,""motion_reliability"":0.7333333333333333,""motion_overlap"":0.05173138189801045,""motion_available"":true,""evidence_score"":-0.4925413992604938,""supported_bpm"":[97.0,98.0,99.0,100.0,101.0,102.0,103.0],""supported_relative_power"":[0.08683598034364191,0.09486507559382087,0.10085204765133737,0.10253698260678033,0.09853626197492432,0.08859293899526471,0.07418056150720914]},{""bpm"":66.0,""relative_power"":0.06571868099611819,""peak_concentration"":0.03924243208111905,""prominence"":0.03966827916046785,""period_correlation"":-0.06643324856491381,""split_period_correlation"":-0.06451905173304211,""periodic_support"":0.0,""harmonic2_relative_power"":0.011652799970046503,""harmonic3_relative_power"":0.031751807819886575,""harmonic_support"":0.04366130563748766,""motion_profile"":0.004959492646317101,""motion_strength"":0.9850130591848902,""motion_reliability"":0.7333333333333333,""motion_overlap"":0.004959492646317101,""motion_available"":true,""evidence_score"":-0.915368279794018,""supported_bpm"":[64.0,65.0,66.0,67.0,68.0,69.0],""supported_relative_power"":[0.05548322255315994,0.0626021023662534,0.06571868099611819,0.06498126632821329,0.06106937477191795,0.05484443794046349]},{""bpm"":51.0,""relative_power"":0.05813432375406987,""peak_concentration"":0.031193822207877284,""prominence"":0.05597265544584977,""period_correlation"":-0.44505235311529506,""split_period_correlation"":-0.41894195883878194,""periodic_support"":0.0,""harmonic2_relative_power"":0.08859293899526471,""harmonic3_relative_power"":0.009231095456507696,""harmonic_support"":0.07987347356548657,""motion_profile"":0.004582586516761361,""motion_strength"":0.9850130591848902,""motion_reliability"":0.7333333333333333,""motion_overlap"":0.004582586516761361,""motion_available"":true,""evidence_score"":-0.9216044163237549,""supported_bpm"":[49.0,50.0,51.0,52.0],""supported_relative_power"":[0.05288425619888839,0.057543904600380946,0.05813432375406987,0.053980958650890955]}]",False,acquired,True,182.0,1.999998,11.999988,saved_v29_waveform_original_10s_strict_readout_offline,short6,10.0,True,True,original_10s_hr_gates_on_short6_fusion
7.999992,1.0,0.0,181.0,0.6344827666027938,True,candidate_only,86.0,86.0,181.0,-0.119357815481751,0.03144020284852464,0.1402561994406638,85.0,0.4744372963509852,0.030405068814898698,3,"[{""bpm"":181.0,""relative_power"":1.0,""peak_concentration"":0.6344827666027938,""prominence"":1.0,""period_correlation"":0.519472265595051,""split_period_correlation"":0.5401412692912957,""periodic_support"":0.5246395165191122,""harmonic2_relative_power"":5.198434235519097e-08,""harmonic3_relative_power"":6.774100092865377e-11,""harmonic_support"":0.00023088142302801084,""motion_profile"":0.5122015697818223,""motion_strength"":0.9850030188111968,""motion_reliability"":0.52,""motion_overlap"":0.5122015697818223,""motion_available"":true,""evidence_score"":-0.06291761263322637,""supported_bpm"":[178.0,179.0,180.0,181.0,182.0,183.0,184.0],""supported_relative_power"":[0.7839678041143581,0.8966361262714874,0.9734903795433827,1.0,0.9648549917656198,0.871513614378664,0.7357507216478765]},{""bpm"":85.0,""relative_power"":0.14088492682106574,""peak_concentration"":0.10110684075034859,""prominence"":0.14072556478841602,""period_correlation"":0.4829330555747755,""split_period_correlation"":0.44895001867961426,""periodic_support"":0.4744372963509852,""harmonic2_relative_power"":0.08093003418338339,""harmonic3_relative_power"":4.929103323015589e-05,""harmonic_support"":0.10770163982797802,""motion_profile"":0.030405068814898698,""motion_strength"":0.9850030188111968,""motion_reliability"":0.52,""motion_overlap"":0.030405068814898698,""motion_available"":true,""evidence_score"":-0.09435781548175101,""supported_bpm"":[82.0,83.0,84.0,85.0,86.0,87.0,88.0],""supported_relative_power"":[0.11745466280011291,0.12840709214630233,0.13660310030073242,0.14088492682106574,0.1402561994406638,0.1340385945662826,0.12154660309786074]},{""bpm"":100.0,""relative_power"":0.0656566412234113,""peak_concentration"":0.03493190311155431,""prominence"":0.04804281904415172,""period_correlation"":0.3581483568915775,""split_period_correlation"":0.44557606145992157,""periodic_support"":0.3800052830336635,""harmonic2_relative_power"":0.012863548768355654,""harmonic3_relative_power"":1.19452377674541e-06,""harmonic_support"":0.029159631726894047,""motion_profile"":0.023083661719866616,""motion_strength"":0.9850030188111968,""motion_reliability"":0.52,""motion_overlap"":0.023083661719866616,""motion_available"":true,""evidence_score"":-0.534849916888275,""supported_bpm"":[98.0,99.0,100.0,101.0,102.0],""supported_relative_power"":[0.05043448460400724,0.060702623927955016,0.0656566412234113,0.0640680185188113,0.05618878532463919]}]",False,tracked,True,181.0,2.999997,12.999986999999999,saved_v29_waveform_original_10s_strict_readout_offline,short6,10.0,True,True,original_10s_hr_gates_on_short6_fusion
8.999991,1.0,0.0,181.0,0.6690916172555776,True,candidate_only,87.0,87.0,86.0,0.0499411224529235,0.1650610895375052,0.13743738612283826,86.0,0.6139120188954637,0.03639707855031161,2,"[{""bpm"":86.0,""relative_power"":0.1416612306306215,""peak_concentration"":0.10004616843823876,""prominence"":0.14159009750385115,""period_correlation"":0.6127994365516299,""split_period_correlation"":0.6172497659269647,""periodic_support"":0.6139120188954637,""harmonic2_relative_power"":0.11652651743693912,""harmonic3_relative_power"":2.5439010975639205e-05,""harmonic_support"":0.12914511987422195,""motion_profile"":0.03639707855031161,""motion_strength"":0.9848210445708543,""motion_reliability"":0.62,""motion_overlap"":0.03639707855031161,""motion_available"":true,""evidence_score"":0.0749411224529235,""supported_bpm"":[83.0,84.0,85.0,86.0,87.0,88.0,89.0],""supported_relative_power"":[0.11487817335446991,0.12809893018610413,0.13787447327944669,0.1416612306306215,0.13743738612283826,0.12355630409541418,0.10196421354480795]},{""bpm"":181.0,""relative_power"":1.0,""peak_concentration"":0.6690916172555776,""prominence"":1.0,""period_correlation"":0.6021385954997486,""split_period_correlation"":0.6045300162143021,""periodic_support"":0.602736450678387,""harmonic2_relative_power"":3.4789276308470085e-07,""harmonic3_relative_power"":1.394120993607071e-10,""harmonic_support"":0.0005939569008816239,""motion_profile"":0.6029792157853512,""motion_strength"":0.9848210445708543,""motion_reliability"":0.62,""motion_overlap"":0.6029792157853512,""motion_available"":true,""evidence_score"":-0.0901199670845817,""supported_bpm"":[178.0,179.0,180.0,181.0,182.0,183.0,184.0],""supported_relative_power"":[0.8093916703979973,0.9256348818737554,0.9939122139541302,1.0,0.9361789827071352,0.8132462096029172,0.6541758186926908]}]",False,tracked,True,181.0,3.999996,13.999986,saved_v29_waveform_original_10s_strict_readout_offline,short6,10.0,True,True,original_10s_hr_gates_on_short6_fusion
9.99999,1.0,0.0,181.0,0.7121824596149864,True,candidate_only,88.0,88.0,87.0,0.0697019822068092,0.2566751682516604,0.11684517720771945,87.0,0.6997783710090685,0.04490443643108739,2,"[{""bpm"":87.0,""relative_power"":0.11872138153548914,""peak_concentration"":0.09248291037407046,""prominence"":0.11847833302879657,""period_correlation"":0.7013621554085581,""split_period_correlation"":0.6950270178105996,""periodic_support"":0.6997783710090685,""harmonic2_relative_power"":0.13513926322285677,""harmonic3_relative_power"":4.4108226131413714e-06,""harmonic_support"":0.126917871583442,""motion_profile"":0.04490443643108739,""motion_strength"":0.98440376579126,""motion_reliability"":0.72,""motion_overlap"":0.04490443643108739,""motion_available"":true,""evidence_score"":0.0947019822068092,""supported_bpm"":[84.0,85.0,86.0,87.0,88.0,89.0,90.0],""supported_relative_power"":[0.08289802454714695,0.09901637781498594,0.11191654483620338,0.11872138153548914,0.11684517720771945,0.1071421008954228,0.0917049443769866]},{""bpm"":181.0,""relative_power"":1.0,""peak_concentration"":0.7121824596149864,""prominence"":1.0,""period_correlation"":0.6325498325395227,""split_period_correlation"":0.644607782942238,""periodic_support"":0.6355643201402015,""harmonic2_relative_power"":5.753798713595797e-07,""harmonic3_relative_power"":4.706004098289711e-10,""harmonic_support"":0.0007661306470423463,""motion_profile"":0.6894880550768921,""motion_strength"":0.98440376579126,""motion_reliability"":0.72,""motion_overlap"":0.6894880550768921,""motion_available"":true,""evidence_score"":-0.16197318604485123,""supported_bpm"":[178.0,179.0,180.0,181.0,182.0,183.0,184.0],""supported_relative_power"":[0.708301445968034,0.8590392769927816,0.9630891372093144,1.0,0.9569315980320925,0.8431574813764028,0.6836343532854153]}]",False,tracked,True,181.0,4.999995,14.999984999999999,saved_v29_waveform_original_10s_strict_readout_offline,short6,10.0,True,True,original_10s_hr_gates_on_short6_fusion
10.999989,1.0,0.0,182.0,0.7387384747442651,True,candidate_only,89.0,89.0,89.0,0.29871800965275325,0.597198813770347,0.11761398112117397,89.0,0.7873034738154663,0.062028953177998336,2,"[{""bpm"":89.0,""relative_power"":0.11761398112117397,""peak_concentration"":0.09654065913657713,""prominence"":0.11758450921137426,""period_correlation"":0.7877009854744186,""split_period_correlation"":0.7861109388386095,""periodic_support"":0.7873034738154663,""harmonic2_relative_power"":0.5692711402464729,""harmonic3_relative_power"":2.3897129188504504e-05,""harmonic_support"":0.25934195715299563,""motion_profile"":0.062028953177998336,""motion_strength"":0.9841555540359195,""motion_reliability"":0.82,""motion_overlap"":0.062028953177998336,""motion_available"":true,""evidence_score"":0.29871800965275325,""supported_bpm"":[86.0,87.0,88.0,89.0,90.0,91.0,92.0],""supported_relative_power"":[0.0778311794061524,0.09746253499726579,0.11118789577892041,0.11761398112117397,0.1167666105658336,0.10990310727181218,0.09903284134544503]},{""bpm"":182.0,""relative_power"":1.0,""peak_concentration"":0.7387384747442651,""prominence"":1.0,""period_correlation"":0.6436255009926563,""split_period_correlation"":0.6465934590226488,""periodic_support"":0.6443674905001544,""harmonic2_relative_power"":3.5019399598608815e-07,""harmonic3_relative_power"":1.0786950535922821e-09,""harmonic_support"":0.0006032671347927776,""motion_profile"":0.8063106486420453,""motion_strength"":0.9841555540359195,""motion_reliability"":0.82,""motion_overlap"":0.8063106486420453,""motion_available"":true,""evidence_score"":-0.2984808041175938,""supported_bpm"":[179.0,180.0,181.0,182.0,183.0,184.0,185.0],""supported_relative_power"":[0.7458732178150536,0.893521974688559,0.9857384690481413,1.0,0.9341931956692057,0.8056044795880516,0.6383117746108116]}]",False,tracked,True,182.0,5.999994,15.999984,saved_v29_waveform_original_10s_strict_readout_offline,short6,10.0,True,True,original_10s_hr_gates_on_short6_fusion
11.999988,1.0,0.0,182.0,0.7316242373540393,True,candidate_only,90.0,90.0,90.0,0.32533718027749514,0.7599283707451681,0.11646668904035719,90.0,0.7843470832749238,0.07264691022048061,2,"[{""bpm"":90.0,""relative_power"":0.11646668904035719,""peak_concentration"":0.08822945172119422,""prominence"":0.11602345893366786,""period_correlation"":0.7842550304766871,""split_period_correlation"":0.7846232416696336,""periodic_support"":0.7843470832749238,""harmonic2_relative_power"":0.8022334675775616,""harmonic3_relative_power"":4.297665533081816e-06,""harmonic_support"":0.3059165186969539,""motion_profile"":0.07264691022048061,""motion_strength"":0.9841654338256746,""motion_reliability"":0.92,""motion_overlap"":0.07264691022048061,""motion_available"":true,""evidence_score"":0.32533718027749514,""supported_bpm"":[87.0,88.0,89.0,90.0,91.0,92.0,93.0],""supported_relative_power"":[0.08182444068546264,0.09931990184442382,0.11136411499391258,0.11646668904035719,0.11428384769745921,0.10562457846698801,0.0921827087583042]},{""bpm"":182.0,""relative_power"":1.0,""peak_concentration"":0.7316242373540393,""prominence"":1.0,""period_correlation"":0.622946207072499,""split_period_correlation"":0.6193479342703991,""periodic_support"":0.6220466388719741,""harmonic2_relative_power"":2.011150372767071e-07,""harmonic3_relative_power"":1.2684689296066215e-09,""harmonic_support"":0.0004609239623319415,""motion_profile"":0.8954427337513411,""motion_strength"":0.9841654338256746,""motion_reliability"":0.92,""motion_overlap"":0.8954427337513411,""motion_available"":true,""evidence_score"":-0.4345911904676729,""supported_bpm"":[179.0,180.0,181.0,182.0,183.0,184.0,185.0],""supported_relative_power"":[0.6400252974246058,0.8022334675775616,0.9309814468730715,1.0,0.9963978134156841,0.9252722758518952,0.8008073582165175]}]",False,tracked,True,182.0,6.999993,16.999983,saved_v29_waveform_original_10s_strict_readout_offline,short6,10.0,True,True,original_10s_hr_gates_on_short6_fusion
12.999986999999999,1.0,0.0,183.0,0.7305231745964159,True,candidate_only,91.0,91.0,91.0,0.2867678951168051,0.8319134313288076,0.09494073027292288,91.0,0.8272075604582083,0.08137006206449796,2,"[{""bpm"":91.0,""relative_power"":0.09494073027292288,""peak_concentration"":0.06759504090560377,""prominence"":0.09391969221666076,""period_correlation"":0.8263950396417221,""split_period_correlation"":0.829645122907667,""periodic_support"":0.8272075604582083,""harmonic2_relative_power"":0.9608183407607541,""harmonic3_relative_power"":3.097620309754569e-05,""harmonic_support"":0.30262802207487655,""motion_profile"":0.08137006206449796,""motion_strength"":0.9841961312033859,""motion_reliability"":1.0,""motion_overlap"":0.08137006206449796,""motion_available"":true,""evidence_score"":0.2867678951168051,""supported_bpm"":[88.0,89.0,90.0,91.0,92.0,93.0,94.0],""supported_relative_power"":[0.07562720170561606,0.08626031201899031,0.09326748149931598,0.09494073027292288,0.09028838144114414,0.07945021801335586,0.06383120029291604]},{""bpm"":183.0,""relative_power"":1.0,""peak_concentration"":0.7305231745964159,""prominence"":1.0,""period_correlation"":0.6255886417252516,""split_period_correlation"":0.6135035329120837,""periodic_support"":0.6225673645219596,""harmonic2_relative_power"":7.078768054530745e-08,""harmonic3_relative_power"":7.316676973379806e-10,""harmonic_support"":0.0002755268180743837,""motion_profile"":0.9841961312033859,""motion_strength"":0.9841961312033859,""motion_reliability"":1.0,""motion_overlap"":0.9841961312033859,""motion_available"":true,""evidence_score"":-0.5451455362120025,""supported_bpm"":[180.0,181.0,182.0,183.0,184.0,185.0,186.0],""supported_relative_power"":[0.7226348649924621,0.8628753192130807,0.9608183407607541,1.0,0.9779343387620566,0.9003182929699695,0.7813113527056754]}]",False,tracked,True,183.0,7.999992,17.999982,saved_v29_waveform_original_10s_strict_readout_offline,short6,10.0,True,True,original_10s_hr_gates_on_short6_fusion
13.999986,1.0,0.0,183.0,0.7280001016073637,True,candidate_only,92.0,92.0,92.0,0.21338058175732666,0.7107675765871522,0.08001537730043035,92.0,0.8250044116335887,0.07518334324923191,2,"[{""bpm"":92.0,""relative_power"":0.08001537730043035,""peak_concentration"":0.05298567110056179,""prominence"":0.07994420778868355,""period_correlation"":0.824090900022189,""split_period_correlation"":0.8277449464677882,""periodic_support"":0.8250044116335887,""harmonic2_relative_power"":0.9983075107293851,""harmonic3_relative_power"":0.00013781236488065712,""harmonic_support"":0.2837926643053375,""motion_profile"":0.07518334324923191,""motion_strength"":0.9841794479975304,""motion_reliability"":0.9533333333333334,""motion_overlap"":0.07518334324923191,""motion_available"":true,""evidence_score"":0.21338058175732666,""supported_bpm"":[89.0,90.0,91.0,92.0,93.0,94.0,95.0],""supported_relative_power"":[0.05523651568793297,0.06694324247242334,0.07602970092479656,0.08001537730043035,0.07737030599253492,0.06807339093596751,0.05358126391554964]},{""bpm"":183.0,""relative_power"":1.0,""peak_concentration"":0.7280001016073637,""prominence"":1.0,""period_correlation"":0.6139020109819371,""split_period_correlation"":0.612804928960409,""periodic_support"":0.6136277404765551,""harmonic2_relative_power"":1.8445339009387195e-07,""harmonic3_relative_power"":3.833171961585751e-10,""harmonic_support"":0.0004363328430208841,""motion_profile"":0.9382510737576457,""motion_strength"":0.9841794479975304,""motion_reliability"":0.9533333333333334,""motion_overlap"":0.9382510737576457,""motion_available"":true,""evidence_score"":-0.4973869948298255,""supported_bpm"":[180.0,181.0,182.0,183.0,184.0,185.0,186.0],""supported_relative_power"":[0.680697414665043,0.8291633505685035,0.9416929645969019,1.0,0.9983075107293851,0.9387407469241426,0.8322363865450105]}]",False,tracked,True,183.0,8.999991,18.999981,saved_v29_waveform_original_10s_strict_readout_offline,short6,10.0,True,True,original_10s_hr_gates_on_short6_fusion
14.999984999999999,1.0,0.0,183.0,0.716280869485268,True,candidate_only,94.0,94.0,94.0,0.15155517375244126,0.5169374504607069,0.08989186548405653,94.0,0.7748643587625608,0.056057191218167976,2,"[{""bpm"":94.0,""relative_power"":0.08989186548405653,""peak_concentration"":0.06330137810854614,""prominence"":0.08969947016518122,""period_correlation"":0.7747283034353991,""split_period_correlation"":0.7752725247440457,""periodic_support"":0.7748643587625608,""harmonic2_relative_power"":0.4947980850252889,""harmonic3_relative_power"":0.00022634807578680616,""harmonic_support"":0.21247760711271618,""motion_profile"":0.056057191218167976,""motion_strength"":0.9837804670247869,""motion_reliability"":0.8533333333333334,""motion_overlap"":0.056057191218167976,""motion_available"":true,""evidence_score"":0.15155517375244126,""supported_bpm"":[91.0,92.0,93.0,94.0,95.0,96.0,97.0],""supported_relative_power"":[0.06323776925017856,0.07763053341933367,0.08701430498938123,0.08989186548405653,0.08578804875388939,0.07653117580430092,0.06479991832027963]},{""bpm"":183.0,""relative_power"":1.0,""peak_concentration"":0.716280869485268,""prominence"":1.0,""period_correlation"":0.6185294304167466,""split_period_correlation"":0.6296056446800642,""periodic_support"":0.6212984839825759,""harmonic2_relative_power"":2.8220624427002327e-07,""harmonic3_relative_power"":4.698721522928248e-09,""harmonic_support"":0.000555222404006947,""motion_profile"":0.839492665194485,""motion_strength"":0.9837804670247869,""motion_reliability"":0.8533333333333334,""motion_overlap"":0.839492665194485,""motion_available"":true,""evidence_score"":-0.36538227670826573,""supported_bpm"":[180.0,181.0,182.0,183.0,184.0,185.0,186.0],""supported_relative_power"":[0.6756559966834311,0.8295672446120265,0.944325782933842,1.0,0.9907561808770113,0.9197943479252462,0.8001598296860433]}]",False,tracked,True,183.0,9.99999,19.99998,saved_v29_waveform_original_10s_strict_readout_offline,short6,10.0,True,True,original_10s_hr_gates_on_short6_fusion
15.999984,1.0,0.0,183.0,0.6947203112769647,True,candidate_only,96.0,96.0,96.0,0.027625371095357433,0.28408258550305665,0.12485051701982396,96.0,0.6672611064840107,0.03781550140487508,2,"[{""bpm"":96.0,""relative_power"":0.12485051701982396,""peak_concentration"":0.10345878576798413,""prominence"":0.1244859871585813,""period_correlation"":0.6648671429549794,""split_period_correlation"":0.6744429970711048,""periodic_support"":0.6672611064840107,""harmonic2_relative_power"":0.03742878501882969,""harmonic3_relative_power"":3.8918084270144996e-05,""harmonic_support"":0.0691308731169838,""motion_profile"":0.03781550140487508,""motion_strength"":0.9834577547863812,""motion_reliability"":0.7533333333333333,""motion_overlap"":0.03781550140487508,""motion_available"":true,""evidence_score"":0.027625371095357433,""supported_bpm"":[93.0,94.0,95.0,96.0,97.0,98.0,99.0],""supported_relative_power"":[0.09202862596753096,0.1082272141712135,0.11948292745627061,0.12485051701982396,0.12464702770263984,0.11988967998148248,0.11212797022182748]},{""bpm"":183.0,""relative_power"":1.0,""peak_concentration"":0.6947203112769647,""prominence"":1.0,""period_correlation"":0.6055797201870197,""split_period_correlation"":0.616062892369956,""periodic_support"":0.6082005132327537,""harmonic2_relative_power"":3.0692911964368547e-07,""harmonic3_relative_power"":2.7079008825637603e-08,""harmonic_support"":0.0006116067934472689,""motion_profile"":0.7408715086057405,""motion_strength"":0.9834577547863812,""motion_reliability"":0.7533333333333333,""motion_overlap"":0.7408715086057405,""motion_available"":true,""evidence_score"":-0.2564572144076992,""supported_bpm"":[180.0,181.0,182.0,183.0,184.0,185.0,186.0],""supported_relative_power"":[0.7236112528742705,0.8743207247655407,0.9728597337970686,1.0,0.9546831619216556,0.8465852853560092,0.6958557509518315]}]",False,tracked,True,183.0,10.999989,20.999979,saved_v29_waveform_original_10s_strict_readout_offline,short6,10.0,True,True,original_10s_hr_gates_on_short6_fusion
16.999983,1.0,0.0,182.0,0.6717068809577567,True,candidate_only,97.0,97.0,99.0,-0.21788238223603815,0.49266848077242226,0.17840678739345106,99.0,0.45218401357668936,0.03772202225132141,2,"[{""bpm"":99.0,""relative_power"":0.1908512129076578,""peak_concentration"":0.14911944502131044,""prominence"":0.1905200900174433,""period_correlation"":0.4577030003949605,""split_period_correlation"":0.43562705312187605,""periodic_support"":0.45218401357668936,""harmonic2_relative_power"":0.0006534981559884727,""harmonic3_relative_power"":6.54851495852298e-06,""harmonic_support"":0.011559131225108451,""motion_profile"":0.03772202225132141,""motion_strength"":0.9828645537909255,""motion_reliability"":0.9966666666666667,""motion_overlap"":0.03772202225132141,""motion_available"":true,""evidence_score"":-0.11788238223603814,""supported_bpm"":[96.0,97.0,98.0,99.0,100.0,101.0,102.0],""supported_relative_power"":[0.15965564275289576,0.17840678739345106,0.1891147783728253,0.1908512129076578,0.18394155069126897,0.16971930472449281,0.14999895437113667]},{""bpm"":182.0,""relative_power"":1.0,""peak_concentration"":0.6717068809577567,""prominence"":1.0,""period_correlation"":0.5493505453359965,""split_period_correlation"":0.5622794194327493,""periodic_support"":0.5525827638601847,""harmonic2_relative_power"":1.063062822640494e-07,""harmonic3_relative_power"":5.0875022206719e-08,""harmonic_support"":0.00040499066409209114,""motion_profile"":0.9750375151350045,""motion_strength"":0.9828645537909255,""motion_reliability"":0.9966666666666667,""motion_overlap"":0.9750375151350045,""motion_available"":true,""evidence_score"":-0.6105508630084604,""supported_bpm"":[179.0,180.0,181.0,182.0,183.0,184.0,185.0],""supported_relative_power"":[0.6694151105027827,0.8271074803166408,0.9458037696259239,1.0,0.9790692110651753,0.8905762202058279,0.7506134419126776]}]",False,tracked,True,182.0,11.999988,21.999978,saved_v29_waveform_original_10s_strict_readout_offline,short6,10.0,True,True,original_10s_hr_gates_on_short6_fusion
17.999982,1.0,0.0,181.0,0.6404203159007905,True,candidate_only,98.0,98.0,99.0,-0.025818487438238932,0.5711807570576299,0.2377155072709109,99.0,0.4507876654771823,0.042545945467753046,2,"[{""bpm"":99.0,""relative_power"":0.24599408303606146,""peak_concentration"":0.1643030426294163,""prominence"":0.2457747038759899,""period_correlation"":0.45418698290019727,""split_period_correlation"":0.4405897132081372,""periodic_support"":0.4507876654771823,""harmonic2_relative_power"":0.008885971913426076,""harmonic3_relative_power"":1.1973176605338688e-05,""harmonic_support"":0.04735424098484554,""motion_profile"":0.042545945467753046,""motion_strength"":0.9832864398720768,""motion_reliability"":0.95,""motion_overlap"":0.042545945467753046,""motion_available"":true,""evidence_score"":-0.0008184874382389309,""supported_bpm"":[96.0,97.0,98.0,99.0,100.0,101.0,102.0],""supported_relative_power"":[0.18536558410370427,0.21663481014667663,0.2377155072709109,0.24599408303606146,0.24065171613601963,0.22273753837721721,0.19463029318954056]},{""bpm"":181.0,""relative_power"":1.0,""peak_concentration"":0.6404203159007905,""prominence"":1.0,""period_correlation"":0.5245203119715833,""split_period_correlation"":0.5290354724329992,""periodic_support"":0.5256491020869373,""harmonic2_relative_power"":4.7110614627491e-08,""harmonic3_relative_power"":4.7266593416366015e-08,""harmonic_support"":0.00029314288328950364,""motion_profile"":0.9204051197398316,""motion_strength"":0.9832864398720768,""motion_reliability"":0.95,""motion_overlap"":0.9204051197398316,""motion_available"":true,""evidence_score"":-0.5719992444958689,""supported_bpm"":[178.0,179.0,180.0,181.0,182.0,183.0,184.0],""supported_relative_power"":[0.6743464287262376,0.822649968079443,0.9374345523225508,1.0,0.9955121818888799,0.925510369655998,0.8053961881020475]}]",False,tracked,True,181.0,12.999986999999999,22.999976999999998,saved_v29_waveform_original_10s_strict_readout_offline,short6,10.0,True,True,original_10s_hr_gates_on_short6_fusion
18.999981,1.0,0.0,181.0,0.5960963134150018,True,candidate_only,98.0,98.0,99.0,-0.04824796940100524,0.5294768319566381,0.2431409022182124,99.0,0.4211429403044202,0.044309044470965835,3,"[{""bpm"":99.0,""relative_power"":0.24539041702811148,""peak_concentration"":0.15271453667527718,""prominence"":0.24497245901980907,""period_correlation"":0.4210290362888399,""split_period_correlation"":0.42148465235116084,""periodic_support"":0.4211429403044202,""harmonic2_relative_power"":0.014589705316315017,""harmonic3_relative_power"":1.937821212630801e-05,""harmonic_support"":0.06059778111189223,""motion_profile"":0.044309044470965835,""motion_strength"":0.9833183450297506,""motion_reliability"":0.85,""motion_overlap"":0.044309044470965835,""motion_available"":true,""evidence_score"":-0.023247969401005236,""supported_bpm"":[96.0,97.0,98.0,99.0,100.0,101.0,102.0],""supported_relative_power"":[0.20231559302676452,0.22842466002419248,0.2431409022182124,0.24539041702811148,0.23573313491953657,0.21605806370252734,0.18890923319185618]},{""bpm"":181.0,""relative_power"":1.0,""peak_concentration"":0.5960963134150018,""prominence"":1.0,""period_correlation"":0.44079631570322625,""split_period_correlation"":0.4405739665421262,""periodic_support"":0.44074072841295125,""harmonic2_relative_power"":6.156760188024275e-07,""harmonic3_relative_power"":2.4706440423858898e-08,""harmonic_support"":0.0008396642412275662,""motion_profile"":0.8307034134824939,""motion_strength"":0.9833183450297506,""motion_reliability"":0.85,""motion_overlap"":0.8307034134824939,""motion_available"":true,""evidence_score"":-0.5527248013576433,""supported_bpm"":[178.0,179.0,180.0,181.0,182.0,183.0,184.0],""supported_relative_power"":[0.7752549405095015,0.8917569370345751,0.9713805186930029,1.0,0.9670192935198909,0.8765929200790551,0.7447279624712584]},{""bpm"":82.0,""relative_power"":0.06010555696295575,""peak_concentration"":0.03119519405251796,""prominence"":0.05704809760135668,""period_correlation"":0.09198916596986956,""split_period_correlation"":0.07435744396941739,""periodic_support"":0.08758123546975652,""harmonic2_relative_power"":0.04653284488930039,""harmonic3_relative_power"":0.0013345525676467388,""harmonic_support"":0.056020240875544275,""motion_profile"":0.044379335229006216,""motion_strength"":0.9833183450297506,""motion_reliability"":0.85,""motion_overlap"":0.044379335229006216,""motion_available"":true,""evidence_score"":-0.8871931120632357,""supported_bpm"":[80.0,81.0,82.0,83.0],""supported_relative_power"":[0.055002552422743975,0.05978624157267101,0.06010555696295575,0.05580395087970913]}]",False,tracked,True,181.0,13.999986,23.999976,saved_v29_waveform_original_10s_strict_readout_offline,short6,10.0,True,True,original_10s_hr_gates_on_short6_fusion
19.99998,1.0,0.0,181.0,0.5290951675364106,True,candidate_only,98.0,98.0,97.0,0.1370242641159731,0.5892131322606561,0.2509735044531441,97.0,0.5803270729681602,0.04829530234137719,6,"[{""bpm"":97.0,""relative_power"":0.25234045939230093,""peak_concentration"":0.12731114292987353,""prominence"":0.2493447633402024,""period_correlation"":0.584293589363219,""split_period_correlation"":0.5684275237829839,""periodic_support"":0.5803270729681602,""harmonic2_relative_power"":0.01653747592278832,""harmonic3_relative_power"":6.12423038302811e-05,""harmonic_support"":0.06597523766201979,""motion_profile"":0.04829530234137719,""motion_strength"":0.9833286174012733,""motion_reliability"":0.75,""motion_overlap"":0.04829530234137719,""motion_available"":true,""evidence_score"":0.1620242641159731,""supported_bpm"":[94.0,95.0,96.0,97.0,98.0,99.0,100.0],""supported_relative_power"":[0.1640228694703053,0.20455628655755181,0.23588918190995947,0.25234045939230093,0.2509735044531441,0.23261256797733723,0.20166612425972444]},{""bpm"":60.0,""relative_power"":0.05467481273633723,""peak_concentration"":0.029135889973892513,""prominence"":0.03395469070314909,""period_correlation"":0.4387385399710255,""split_period_correlation"":0.43847266899406306,""periodic_support"":0.4386720722267849,""harmonic2_relative_power"":0.016356542052699763,""harmonic3_relative_power"":0.9529095172306369,""harmonic_support"":0.10979379654045797,""motion_profile"":0.0018389568194801661,""motion_strength"":0.9833286174012733,""motion_reliability"":0.75,""motion_overlap"":0.0018389568194801661,""motion_available"":true,""evidence_score"":-0.427188868144683,""supported_bpm"":[59.0,60.0,61.0,62.0],""supported_relative_power"":[0.05248401611664813,0.05467481273633723,0.053728053063638474,0.05030677353543526]},{""bpm"":181.0,""relative_power"":1.0,""peak_concentration"":0.5290951675364106,""prominence"":1.0,""period_correlation"":0.23619001969787326,""split_period_correlation"":0.23251299645201468,""periodic_support"":0.2352707638864086,""harmonic2_relative_power"":2.0101190549554522e-06,""harmonic3_relative_power"":3.821837445448794e-09,""harmonic_support"":0.001439424028675143,""motion_profile"":0.7354091712653197,""motion_strength"":0.9833286174012733,""motion_reliability"":0.75,""motion_overlap"":0.7354091712653197,""motion_available"":true,""evidence_score"":-0.659024199777925,""supported_bpm"":[178.0,179.0,180.0,181.0,182.0,183.0,184.0],""supported_relative_power"":[0.7454827287478157,0.8622061252169034,0.9529095172306369,1.0,0.986972870611701,0.9111722620937809,0.7844848206300403]},{""bpm"":203.0,""relative_power"":0.07594096029097057,""peak_concentration"":0.04378532914094113,""prominence"":0.07118479725439122,""period_correlation"":0.11776413795387145,""split_period_correlation"":0.11577547260940324,""periodic_support"":0.1172669716177544,""harmonic2_relative_power"":7.900473132830908e-07,""harmonic3_relative_power"":4.47285539649554e-09,""harmonic_support"":0.0002513933280587692,""motion_profile"":0.052982328853110196,""motion_strength"":0.9833286174012733,""motion_reliability"":0.75,""motion_overlap"":0.052982328853110196,""motion_available"":true,""evidence_score"":-0.8392125265625018,""supported_bpm"":[200.0,201.0,202.0,203.0,204.0,205.0,206.0],""supported_relative_power"":[0.05920257322383424,0.06767557960009571,0.07356002699305732,0.07594096029097057,0.07443603743393006,0.06996287192537504,0.06362968883304711]},{""bpm"":81.0,""relative_power"":0.07642448276387855,""peak_concentration"":0.0407869038415316,""prominence"":0.052990680396954204,""period_correlation"":-0.021589104601007113,""split_period_correlation"":-0.01433786374721678,""periodic_support"":0.0,""harmonic2_relative_power"":0.040798639658631584,""harmonic3_relative_power"":0.0018535151090524466,""harmonic_support"":0.06000483418200503,""motion_profile"":0.04298034315237678,""motion_strength"":0.9833286174012733,""motion_reliability"":0.75,""motion_overlap"":0.04298034315237678,""motion_available"":true,""evidence_score"":-0.8937288574504025,""supported_bpm"":[78.0,79.0,80.0,81.0,82.0,83.0,84.0],""supported_relative_power"":[0.06169231791861292,0.07045649907743161,0.07587912909266334,0.07642448276387855,0.07235536732890331,0.06451125910436412,0.0543551901169654]},{""bpm"":125.0,""relative_power"":0.06390780884580169,""peak_concentration"":0.03030027165514292,""prominence"":0.06018646589317303,""period_correlation"":-0.4510900446568442,""split_period_correlation"":-0.45948317925325766,""periodic_support"":0.0,""harmonic2_relative_power"":0.0016602003564869963,""harmonic3_relative_power"":1.1213385895647159e-06,""harmonic_support"":0.010394168464406677,""motion_profile"":0.004859903160320465,""motion_strength"":0.9833286174012733,""motion_reliability"":0.75,""motion_overlap"":0.004859903160320465,""motion_available"":true,""evidence_score"":-0.9582905128028548,""supported_bpm"":[123.0,124.0,125.0,126.0,127.0],""supported_relative_power"":[0.05440216506301657,0.06196260382105237,0.06390780884580169,0.060752585263387,0.05386784840261488]}]",False,tracked,True,181.0,14.999984999999999,24.999975,saved_v29_waveform_original_10s_strict_readout_offline,short6,10.0,True,True,original_10s_hr_gates_on_short6_fusion
20.999979,1.0,0.0,182.0,0.4412640291338943,True,candidate_only,98.0,98.0,97.0,0.2949901491441455,0.7847672547870057,0.3055065800862687,97.0,0.5888280993535686,0.03941602033421027,8,"[{""bpm"":97.0,""relative_power"":0.32129775751652534,""peak_concentration"":0.12526602190070052,""prominence"":0.3131671027110167,""period_correlation"":0.591540038874614,""split_period_correlation"":0.580692280790432,""periodic_support"":0.5888280993535686,""harmonic2_relative_power"":0.0424362829629656,""harmonic3_relative_power"":0.00011931684255142948,""harmonic_support"":0.11893471257507703,""motion_profile"":0.03941602033421027,""motion_strength"":0.9831079406157095,""motion_reliability"":0.74,""motion_overlap"":0.03941602033421027,""motion_available"":true,""evidence_score"":0.31999014914414553,""supported_bpm"":[94.0,95.0,96.0,97.0,98.0,99.0,100.0],""supported_relative_power"":[0.21440189240694701,0.2684354527202614,0.30725674552282334,0.32129775751652534,0.3055065800862687,0.2615092466158098,0.19770253407766458]},{""bpm"":62.0,""relative_power"":0.0706994747629704,""peak_concentration"":0.037360984939822386,""prominence"":0.038604082402785574,""period_correlation"":0.277068468677377,""split_period_correlation"":0.3128947663971877,""periodic_support"":0.2860250431073297,""harmonic2_relative_power"":0.09445434091694928,""harmonic3_relative_power"":0.5770788215756152,""harmonic_support"":0.15241406455055428,""motion_profile"":0.0036461762325121433,""motion_strength"":0.9831079406157095,""motion_reliability"":0.74,""motion_overlap"":0.0036461762325121433,""motion_available"":true,""evidence_score"":-0.4647771056428601,""supported_bpm"":[59.0,60.0,61.0,62.0,63.0,64.0,65.0],""supported_relative_power"":[0.05741144794241612,0.06401235728363856,0.06861245649436108,0.0706994747629704,0.07003033593705235,0.06672537079815116,0.06128204820167854]},{""bpm"":182.0,""relative_power"":1.0,""peak_concentration"":0.4412640291338943,""prominence"":1.0,""period_correlation"":0.20597720104520903,""split_period_correlation"":0.22725699111510908,""periodic_support"":0.21129714856268406,""harmonic2_relative_power"":5.348515524783177e-06,""harmonic3_relative_power"":1.4179044515158642e-08,""harmonic_support"":0.002354362309283402,""motion_profile"":0.7240662853504439,""motion_strength"":0.9831079406157095,""motion_reliability"":0.74,""motion_overlap"":0.7240662853504439,""motion_available"":true,""evidence_score"":-0.670301630959819,""supported_bpm"":[179.0,180.0,181.0,182.0,183.0,184.0,185.0],""supported_relative_power"":[0.6873387203994828,0.8328509379476106,0.9462850086904576,1.0,0.9800882443361488,0.8915610096841231,0.7493187287908903]},{""bpm"":110.0,""relative_power"":0.11628025033661017,""peak_concentration"":0.04745058471678219,""prominence"":0.10684391065710226,""period_correlation"":-0.06959552499818318,""split_period_correlation"":-0.10387986069574857,""periodic_support"":0.0,""harmonic2_relative_power"":0.0077473881819941255,""harmonic3_relative_power"":1.0246654000473296e-06,""harmonic_support"":0.030135279684901452,""motion_profile"":0.012573633490960487,""motion_strength"":0.9831079406157095,""motion_reliability"":0.74,""motion_overlap"":0.012573633490960487,""motion_available"":true,""evidence_score"":-0.7386949798244533,""supported_bpm"":[107.0,108.0,109.0,110.0,111.0,112.0,113.0],""supported_relative_power"":[0.06890301125564909,0.09504281458014946,0.11195054718298317,0.11628025033661017,0.11047181174992395,0.09783856309366686,0.08224465300461357]},{""bpm"":80.0,""relative_power"":0.11344829612291621,""peak_concentration"":0.05338139356370327,""prominence"":0.0878957002035294,""period_correlation"":-0.09104897557468063,""split_period_correlation"":-0.10264755717969351,""periodic_support"":0.0,""harmonic2_relative_power"":0.016496031072254745,""harmonic3_relative_power"":0.0005576683683867947,""harmonic_support"":0.046044128834070275,""motion_profile"":0.03571077763891842,""motion_strength"":0.9831079406157095,""motion_reliability"":0.74,""motion_overlap"":0.03571077763891842,""motion_available"":true,""evidence_score"":-0.7603371735309319,""supported_bpm"":[77.0,78.0,79.0,80.0,81.0,82.0,83.0],""supported_relative_power"":[0.08524495903803403,0.09882951522131647,0.10902353239634875,0.11344829612291621,0.11020949041245662,0.10024946922209999,0.08535922114488856]},{""bpm"":200.0,""relative_power"":0.09608741712184045,""peak_concentration"":0.055760686201460005,""prominence"":0.08266412640460594,""period_correlation"":0.1156916138680649,""split_period_correlation"":0.1370946148173269,""periodic_support"":0.12104236410538038,""harmonic2_relative_power"":3.9252491581365637e-07,""harmonic3_relative_power"":7.330994619491504e-08,""harmonic_support"":0.00022358322202653473,""motion_profile"":0.08444980391048745,""motion_strength"":0.9831079406157095,""motion_reliability"":0.74,""motion_overlap"":0.08444980391048745,""motion_available"":true,""evidence_score"":-0.7920659885425061,""supported_bpm"":[197.0,198.0,199.0,200.0,201.0,202.0,203.0],""supported_relative_power"":[0.0862963881598872,0.09220446898210745,0.09513366007474883,0.09608741712184045,0.09570913699604994,0.09427616562565612,0.09181950869667463]},{""bpm"":124.0,""relative_power"":0.09445434091694928,""peak_concentration"":0.048171521471330456,""prominence"":0.04743119587398296,""period_correlation"":-0.41911803634892153,""split_period_correlation"":-0.4436889476986793,""periodic_support"":0.0,""harmonic2_relative_power"":0.002704248153229159,""harmonic3_relative_power"":2.928592275126025e-06,""harmonic_support"":0.016166195070718176,""motion_profile"":0.00804515904447012,""motion_strength"":0.9831079406157095,""motion_reliability"":0.74,""motion_overlap"":0.00804515904447012,""motion_available"":true,""evidence_score"":-0.8197638078853464,""supported_bpm"":[121.0,122.0,123.0,124.0,125.0,126.0,127.0],""supported_relative_power"":[0.08046008064072936,0.08917230216815634,0.09425504920047961,0.09445434091694928,0.08995309219120731,0.0818700787649943,0.07157391204083484]},{""bpm"":42.0,""relative_power"":0.07302873806180403,""peak_concentration"":0.017843095344523253,""prominence"":0.06745194018138054,""period_correlation"":-0.24455995169407863,""split_period_correlation"":-0.29342586799405646,""periodic_support"":0.0,""harmonic2_relative_power"":0.06821084836341684,""harmonic3_relative_power"":0.0818700787649943,""harmonic_support"":0.09764179519294866,""motion_profile"":0.004152312544722474,""motion_strength"":0.9831079406157095,""motion_reliability"":0.74,""motion_overlap"":0.004152312544722474,""motion_available"":true,""evidence_score"":-0.8234643806159208,""supported_bpm"":[42.0,43.0,44.0,45.0],""supported_relative_power"":[0.07302873806180403,0.06838512640304927,0.0610521472459516,0.051590429697880406]}]",False,tracked,True,182.0,15.999984,25.999973999999998,saved_v29_waveform_original_10s_strict_readout_offline,short6,10.0,True,True,original_10s_hr_gates_on_short6_fusion
21.999978,1.0,0.0,183.0,0.3778126913178494,True,candidate_only,98.0,98.0,97.0,0.45078219836544353,0.9555415614485512,0.4119647182486032,97.0,0.593427209439713,0.04220995945265499,8,"[{""bpm"":97.0,""relative_power"":0.42810558555992334,""peak_concentration"":0.15675725114811373,""prominence"":0.42215426182515137,""period_correlation"":0.5900569034412424,""split_period_correlation"":0.603538127435125,""periodic_support"":0.593427209439713,""harmonic2_relative_power"":0.06709502850368124,""harmonic3_relative_power"":0.00019878664173328213,""harmonic_support"":0.1727096138044769,""motion_profile"":0.04220995945265499,""motion_strength"":0.9828657524530463,""motion_reliability"":0.84,""motion_overlap"":0.04220995945265499,""motion_available"":true,""evidence_score"":0.47578219836544355,""supported_bpm"":[94.0,95.0,96.0,97.0,98.0,99.0,100.0],""supported_relative_power"":[0.28357769068956723,0.35718294592078736,0.4084480235435106,0.42810558555992334,0.4119647182486032,0.3626181909048758,0.28928208946255785]},{""bpm"":111.0,""relative_power"":0.23937352692263636,""peak_concentration"":0.10447623389286441,""prominence"":0.18821192212073107,""period_correlation"":-0.14330108791436838,""split_period_correlation"":-0.14229550035841787,""periodic_support"":0.0,""harmonic2_relative_power"":0.0039633740274605846,""harmonic3_relative_power"":2.3945052817897187e-07,""harmonic_support"":0.030885203583242354,""motion_profile"":0.008191232917116386,""motion_strength"":0.9828657524530463,""motion_reliability"":0.84,""motion_overlap"":0.008191232917116386,""motion_available"":true,""evidence_score"":-0.4797593630831076,""supported_bpm"":[108.0,109.0,110.0,111.0,112.0,113.0,114.0],""supported_relative_power"":[0.17675054144476018,0.2144697450851827,0.23541308752536919,0.23937352692263636,0.2291233234436137,0.20986675869230714,0.18747614468360224]},{""bpm"":81.0,""relative_power"":0.15754413868082495,""peak_concentration"":0.06206522145843921,""prominence"":0.15413512780961744,""period_correlation"":0.004781357313158404,""split_period_correlation"":0.04241780907397715,""periodic_support"":0.014190470253363091,""harmonic2_relative_power"":0.011519852342851349,""harmonic3_relative_power"":0.0019814627338109016,""harmonic_support"":0.04878536487746793,""motion_profile"":0.034480770022728,""motion_strength"":0.9828657524530463,""motion_reliability"":0.84,""motion_overlap"":0.034480770022728,""motion_available"":true,""evidence_score"":-0.6255234454071223,""supported_bpm"":[78.0,79.0,80.0,81.0,82.0,83.0,84.0],""supported_relative_power"":[0.1144778064727639,0.13613979880589336,0.15174845574688825,0.15754413868082495,0.1526851702357842,0.13724302772893368,0.11283939340483515]},{""bpm"":200.0,""relative_power"":0.11140040225858322,""peak_concentration"":0.0541186122136754,""prominence"":0.04722630394444545,""period_correlation"":0.16513390455352425,""split_period_correlation"":0.17822993984264757,""periodic_support"":0.16840791337580507,""harmonic2_relative_power"":2.4253806309145395e-07,""harmonic3_relative_power"":3.655552290811449e-08,""harmonic_support"":0.00018670918001013111,""motion_profile"":0.046211648598803994,""motion_strength"":0.9828657524530463,""motion_reliability"":0.84,""motion_overlap"":0.046211648598803994,""motion_available"":true,""evidence_score"":-0.6404476660499419,""supported_bpm"":[197.0,198.0,199.0,200.0,201.0,202.0,203.0],""supported_relative_power"":[0.09786060395277568,0.10604228522122147,0.11078493267878498,0.11140040225858322,0.10771588826747497,0.10015845873239716,0.08971916670831202]},{""bpm"":42.0,""relative_power"":0.10403062625678099,""peak_concentration"":0.024288474309867112,""prominence"":0.08299700183670375,""period_correlation"":-0.2454475113597864,""split_period_correlation"":-0.23632760436859718,""periodic_support"":0.0,""harmonic2_relative_power"":0.11283939340483515,""harmonic3_relative_power"":0.08409174682182027,""harmonic_support"":0.14108150421692156,""motion_profile"":0.0024834613004225386,""motion_strength"":0.9828657524530463,""motion_reliability"":0.84,""motion_overlap"":0.0024834613004225386,""motion_available"":true,""evidence_score"":-0.6540973013925638,""supported_bpm"":[42.0,43.0,44.0,45.0],""supported_relative_power"":[0.10403062625678099,0.0978162900882381,0.08797761362246531,0.07576026041088227]},{""bpm"":64.0,""relative_power"":0.07570456681532704,""peak_concentration"":0.034859003290294135,""prominence"":0.051840607787897036,""period_correlation"":0.1008242791570224,""split_period_correlation"":0.05379664931570629,""periodic_support"":0.08906737169669336,""harmonic2_relative_power"":0.05453091768399685,""harmonic3_relative_power"":0.07332541107373698,""harmonic_support"":0.09032829996492843,""motion_profile"":0.0031604990827321035,""motion_strength"":0.9828657524530463,""motion_reliability"":0.84,""motion_overlap"":0.0031604990827321035,""motion_available"":true,""evidence_score"":-0.7189690924135493,""supported_bpm"":[61.0,62.0,63.0,64.0,65.0,66.0,67.0],""supported_relative_power"":[0.05962283616834727,0.06731265683746825,0.07302033329388712,0.07570456681532704,0.07478022685498395,0.0700339093510703,0.06232913705154597]},{""bpm"":183.0,""relative_power"":1.0,""peak_concentration"":0.3778126913178494,""prominence"":1.0,""period_correlation"":0.24865342612636715,""split_period_correlation"":0.2642715646846148,""periodic_support"":0.25255796076592907,""harmonic2_relative_power"":8.66265149892596e-06,""harmonic3_relative_power"":2.7094252900564214e-08,""harmonic_support"":0.003000849429382569,""motion_profile"":0.8149206519707786,""motion_strength"":0.9828657524530463,""motion_reliability"":0.84,""motion_overlap"":0.8149206519707786,""motion_available"":true,""evidence_score"":-0.7378362086915686,""supported_bpm"":[180.0,181.0,182.0,183.0,184.0,185.0,186.0],""supported_relative_power"":[0.6639569896446927,0.8397410275465785,0.9593136575510492,1.0,0.9613484868452831,0.8554392447078818,0.7053717255006153]},{""bpm"":170.0,""relative_power"":0.16672085586343527,""peak_concentration"":0.05690312597409729,""prominence"":0.13558209981409233,""period_correlation"":0.21413332315158218,""split_period_correlation"":0.23037910090814967,""periodic_support"":0.21819476759072404,""harmonic2_relative_power"":1.0995922432988812e-06,""harmonic3_relative_power"":2.246508429480059e-08,""harmonic_support"":0.00044958452125016716,""motion_profile"":0.3434156420425138,""motion_strength"":0.9828657524530463,""motion_reliability"":0.84,""motion_overlap"":0.3434156420425138,""motion_available"":true,""evidence_score"":-0.8158077590944468,""supported_bpm"":[167.0,168.0,169.0,170.0,171.0,172.0,173.0],""supported_relative_power"":[0.10079220691376624,0.13180729699524887,0.15627306283246417,0.16672085586343527,0.1577629037030083,0.1290141547424916,0.08727678464307878]}]",False,tracked,True,183.0,16.999983,26.999972999999997,saved_v29_waveform_original_10s_strict_readout_offline,short6,10.0,True,True,original_10s_hr_gates_on_short6_fusion
22.999976999999998,1.0,0.0,183.0,0.3442658737690519,True,candidate_only,98.0,98.0,98.0,0.5016220403481847,0.8771969481606708,0.5010930630683658,98.0,0.5460249005312896,0.04331951380067507,8,"[{""bpm"":98.0,""relative_power"":0.5010930630683658,""peak_concentration"":0.2035444835341618,""prominence"":0.500014875682175,""period_correlation"":0.5541597240397322,""split_period_correlation"":0.5216204300059617,""periodic_support"":0.5460249005312896,""harmonic2_relative_power"":0.07490214809488792,""harmonic3_relative_power"":0.00017175837402804266,""harmonic_support"":0.19698124619662752,""motion_profile"":0.04331951380067507,""motion_strength"":0.9824689209678493,""motion_reliability"":0.94,""motion_overlap"":0.04331951380067507,""motion_available"":true,""evidence_score"":0.5016220403481847,""supported_bpm"":[95.0,96.0,97.0,98.0,99.0,100.0,101.0],""supported_relative_power"":[0.40266554103118735,0.46008164663431744,0.4940872136499391,0.5010930630683658,0.48190881027042953,0.4417566334478861,0.3893314927174288]},{""bpm"":111.0,""relative_power"":0.33310178995600537,""peak_concentration"":0.1562954880781748,""prominence"":0.07976830999667306,""period_correlation"":-0.1599023762780469,""split_period_correlation"":-0.19984223077958263,""periodic_support"":0.0,""harmonic2_relative_power"":0.0008278342229968893,""harmonic3_relative_power"":6.627433738610164e-07,""harmonic_support"":0.016770262324319232,""motion_profile"":0.0060701312625766925,""motion_strength"":0.9824689209678493,""motion_reliability"":0.94,""motion_overlap"":0.0060701312625766925,""motion_available"":true,""evidence_score"":-0.37557490781248615,""supported_bpm"":[108.0,109.0,110.0,111.0,112.0,113.0,114.0],""supported_relative_power"":[0.30076382773732296,0.320822699534613,0.33221055929161103,0.33310178995600537,0.3237492447133259,0.3061877108781662,0.28335814194554254]},{""bpm"":81.0,""relative_power"":0.1956684043390566,""peak_concentration"":0.0682705263463062,""prominence"":0.1569004714868943,""period_correlation"":-0.014334805954519804,""split_period_correlation"":0.020612884000145847,""periodic_support"":0.0,""harmonic2_relative_power"":0.0031925929722701144,""harmonic3_relative_power"":0.001550724922660874,""harmonic_support"":0.03109050407560927,""motion_profile"":0.029978181378569918,""motion_strength"":0.9824689209678493,""motion_reliability"":0.94,""motion_overlap"":0.029978181378569918,""motion_available"":true,""evidence_score"":-0.577349076126569,""supported_bpm"":[78.0,79.0,80.0,81.0,82.0,83.0,84.0],""supported_relative_power"":[0.12255144160369846,0.1559447754258914,0.1820905348163518,0.1956684043390566,0.19516820425479955,0.1805233476886379,0.15401285146738733]},{""bpm"":199.0,""relative_power"":0.10101837213874194,""peak_concentration"":0.03983349472789078,""prominence"":0.036552287403795874,""period_correlation"":0.2063327825739283,""split_period_correlation"":0.21547700154021443,""periodic_support"":0.20861883731549982,""harmonic2_relative_power"":1.072169210470791e-07,""harmonic3_relative_power"":1.1359557925010908e-08,""harmonic_support"":0.00011592780177515185,""motion_profile"":0.04460761541860527,""motion_strength"":0.9824689209678493,""motion_reliability"":0.94,""motion_overlap"":0.04460761541860527,""motion_available"":true,""evidence_score"":-0.6285213771361953,""supported_bpm"":[196.0,197.0,198.0,199.0,200.0,201.0,202.0],""supported_relative_power"":[0.07490214809488792,0.08609588290073379,0.09595013634257564,0.10101837213874194,0.09895071372036347,0.08928232867017906,0.07363928010547162]},{""bpm"":42.0,""relative_power"":0.10320139837784538,""peak_concentration"":0.023739188133755123,""prominence"":0.10155434225991761,""period_correlation"":-0.2696588391322222,""split_period_correlation"":-0.2080934450478044,""periodic_support"":0.0,""harmonic2_relative_power"":0.15401285146738733,""harmonic3_relative_power"":0.0638360060679678,""harmonic_support"":0.1544809614553849,""motion_profile"":0.0018277686100920015,""motion_strength"":0.9824689209678493,""motion_reliability"":0.94,""motion_overlap"":0.0018277686100920015,""motion_available"":true,""evidence_score"":-0.6426792558559751,""supported_bpm"":[42.0,43.0,44.0,45.0],""supported_relative_power"":[0.10320139837784538,0.09894678157895577,0.09155684286153723,0.08210180536297501]},{""bpm"":183.0,""relative_power"":1.0,""peak_concentration"":0.3442658737690519,""prominence"":1.0,""period_correlation"":0.28531697813877266,""split_period_correlation"":0.302785559799225,""periodic_support"":0.28968412355388573,""harmonic2_relative_power"":8.51154708454361e-06,""harmonic3_relative_power"":1.0418665379595709e-08,""harmonic_support"":0.002953180736318128,""motion_profile"":0.9209857616624981,""motion_strength"":0.9824689209678493,""motion_reliability"":0.94,""motion_overlap"":0.9209857616624981,""motion_available"":true,""evidence_score"":-0.8296264854325303,""supported_bpm"":[180.0,181.0,182.0,183.0,184.0,185.0,186.0],""supported_relative_power"":[0.6163865936553506,0.7996757620721667,0.9366275644439599,1.0,0.9839756625944088,0.8965965732762082,0.7587105323555143]},{""bpm"":171.0,""relative_power"":0.10178423110682733,""peak_concentration"":0.03714435764150311,""prominence"":0.07275187465402752,""period_correlation"":0.2503310690871242,""split_period_correlation"":0.274158122260053,""periodic_support"":0.2562878323803564,""harmonic2_relative_power"":8.027828350824681e-07,""harmonic3_relative_power"":1.5094929495602552e-08,""harmonic_support"":0.00029956976279051057,""motion_profile"":0.29261492605972084,""motion_strength"":0.9824689209678493,""motion_reliability"":0.94,""motion_overlap"":0.29261492605972084,""motion_available"":true,""evidence_score"":-0.8832675028474689,""supported_bpm"":[168.0,169.0,170.0,171.0,172.0,173.0],""supported_relative_power"":[0.07204522573705012,0.08992162304585224,0.101401934377973,0.10178423110682733,0.0887577212565221,0.064854246060989]},{""bpm"":66.0,""relative_power"":0.06892152761767853,""peak_concentration"":0.023793895968253282,""prominence"":0.054671695337371706,""period_correlation"":-0.13009571811006448,""split_period_correlation"":-0.1350166687743681,""periodic_support"":0.0,""harmonic2_relative_power"":0.004051454871448804,""harmonic3_relative_power"":0.09595013634257564,""harmonic_support"":0.04517243856558008,""motion_profile"":0.0038372158043617852,""motion_strength"":0.9824689209678493,""motion_reliability"":0.94,""motion_overlap"":0.0038372158043617852,""motion_available"":true,""evidence_score"":-0.8957994270588364,""supported_bpm"":[63.0,64.0,65.0,66.0,67.0,68.0],""supported_relative_power"":[0.053304518627953115,0.06192024938840339,0.06773451224526814,0.06892152761767853,0.0647312957598984,0.05546961786477354]}]",False,tracked,True,183.0,17.999982,27.999972,saved_v29_waveform_original_10s_strict_readout_offline,short6,10.0,True,True,original_10s_hr_gates_on_short6_fusion
23.999976,1.0,0.0,183.0,0.35888334695225443,True,candidate_only,99.0,98.0,100.0,0.414910130535754,0.9066139974692631,0.5043728362727433,100.0,0.4695142259442514,0.032653519380093636,5,"[{""bpm"":100.0,""relative_power"":0.5086987779462974,""peak_concentration"":0.23883099955610487,""prominence"":0.5086560733448312,""period_correlation"":0.48289892980651095,""split_period_correlation"":0.4293601143574728,""periodic_support"":0.4695142259442514,""harmonic2_relative_power"":0.07806862914390186,""harmonic3_relative_power"":3.82488508056109e-05,""harmonic_support"":0.20082611153444124,""motion_profile"":0.032653519380093636,""motion_strength"":0.9819924102362939,""motion_reliability"":0.9966666666666667,""motion_overlap"":0.032653519380093636,""motion_available"":true,""evidence_score"":0.439910130535754,""supported_bpm"":[97.0,98.0,99.0,100.0,101.0,102.0,103.0],""supported_relative_power"":[0.4507965301545826,0.484969360804728,0.5043728362727433,0.5086987779462974,0.4998643152168829,0.48123000621186274,0.45754223886793244]},{""bpm"":82.0,""relative_power"":0.1979924713826672,""peak_concentration"":0.07860246745446575,""prominence"":0.08873340352728004,""period_correlation"":0.07143035108539371,""split_period_correlation"":0.10022620024513267,""periodic_support"":0.07862931337532846,""harmonic2_relative_power"":0.009340273604156814,""harmonic3_relative_power"":0.0007904260617705756,""harmonic_support"":0.04738200939479543,""motion_profile"":0.026995140580429282,""motion_strength"":0.9819924102362939,""motion_reliability"":0.9966666666666667,""motion_overlap"":0.026995140580429282,""motion_available"":true,""evidence_score"":-0.466703866933509,""supported_bpm"":[79.0,80.0,81.0,82.0,83.0,84.0,85.0],""supported_relative_power"":[0.1574642641242937,0.18321661375103074,0.19688577925838066,0.1979924713826672,0.18785523777975432,0.1698747079130456,0.1486315890821667]},{""bpm"":198.0,""relative_power"":0.1007541012541684,""peak_concentration"":0.030934382659731505,""prominence"":0.077314155062215,""period_correlation"":0.17186858208268374,""split_period_correlation"":0.21072615159997046,""periodic_support"":0.18158297446200541,""harmonic2_relative_power"":1.6120369031493382e-07,""harmonic3_relative_power"":1.0125685427717049e-09,""harmonic_support"":0.00013097902305926352,""motion_profile"":0.06511905707061164,""motion_strength"":0.9819924102362939,""motion_reliability"":0.9966666666666667,""motion_overlap"":0.06511905707061164,""motion_available"":true,""evidence_score"":-0.6848019005182597,""supported_bpm"":[195.0,196.0,197.0,198.0,199.0,200.0,201.0],""supported_relative_power"":[0.0632471267151292,0.08506021005878832,0.09815527560519692,0.1007541012541684,0.09328224566075738,0.07806862914390186,0.058574438224952376]},{""bpm"":42.0,""relative_power"":0.07400690965492533,""peak_concentration"":0.017968519239697806,""prominence"":0.0715186893755569,""period_correlation"":-0.27520013664121845,""split_period_correlation"":-0.20641070351803895,""periodic_support"":0.0,""harmonic2_relative_power"":0.1698747079130456,""harmonic3_relative_power"":0.03505022278973607,""harmonic_support"":0.12995031623252487,""motion_profile"":0.0011039595197117169,""motion_strength"":0.9819924102362939,""motion_reliability"":0.9966666666666667,""motion_overlap"":0.0011039595197117169,""motion_available"":true,""evidence_score"":-0.7826885189147497,""supported_bpm"":[42.0,43.0,44.0,45.0],""supported_relative_power"":[0.07400690965492533,0.07329293156043407,0.06985101335622733,0.06406492701517753]},{""bpm"":183.0,""relative_power"":1.0,""peak_concentration"":0.35888334695225443,""prominence"":1.0,""period_correlation"":0.2374246303460058,""split_period_correlation"":0.28442700568448787,""periodic_support"":0.24917522418062632,""harmonic2_relative_power"":6.339549434497075e-06,""harmonic3_relative_power"":9.816708602840554e-10,""harmonic_support"":0.0025288122591075788,""motion_profile"":0.978719102202173,""motion_strength"":0.9819924102362939,""motion_reliability"":0.9966666666666667,""motion_overlap"":0.978719102202173,""motion_available"":true,""evidence_score"":-0.9467773188949198,""supported_bpm"":[180.0,181.0,182.0,183.0,184.0,185.0,186.0],""supported_relative_power"":[0.69684972303869,0.8436041934905678,0.9525422697344769,1.0,0.9773501590791738,0.8870013483232844,0.7437506947477137]}]",False,tracked,True,183.0,18.999981,28.999971,saved_v29_waveform_original_10s_strict_readout_offline,short6,10.0,True,True,original_10s_hr_gates_on_short6_fusion
24.999975,1.0,0.0,183.0,0.42037096654005174,True,candidate_only,99.0,98.0,100.0,0.4061308224292199,0.8745360353014174,0.41064651796179563,100.0,0.5414348918280516,0.017718572191797028,4,"[{""bpm"":100.0,""relative_power"":0.41464135713196465,""peak_concentration"":0.2237221976371549,""prominence"":0.41446530327076403,""period_correlation"":0.5324633211589171,""split_period_correlation"":0.568349603835455,""periodic_support"":0.5414348918280516,""harmonic2_relative_power"":0.06521439872449096,""harmonic3_relative_power"":3.748752200551753e-05,""harmonic_support"":0.1658201228823561,""motion_profile"":0.017718572191797028,""motion_strength"":0.9818939916474345,""motion_reliability"":0.7433333333333333,""motion_overlap"":0.017718572191797028,""motion_available"":true,""evidence_score"":0.4311308224292199,""supported_bpm"":[97.0,98.0,99.0,100.0,101.0,102.0,103.0],""supported_relative_power"":[0.3663188103168508,0.39492138661387044,0.41064651796179563,0.41464135713196465,0.40977123211278366,0.3995307881443317,0.3873797053977094]},{""bpm"":82.0,""relative_power"":0.197132468342975,""peak_concentration"":0.0894419218639155,""prominence"":0.10290117128176396,""period_correlation"":0.09479520077107703,""split_period_correlation"":0.04372549476292908,""periodic_support"":0.08202777426904004,""harmonic2_relative_power"":0.008631518473427328,""harmonic3_relative_power"":0.000381861657613274,""harmonic_support"":0.0442865671436643,""motion_profile"":0.007651647905442563,""motion_strength"":0.9818939916474345,""motion_reliability"":0.7433333333333333,""motion_overlap"":0.007651647905442563,""motion_available"":true,""evidence_score"":-0.44340521287219753,""supported_bpm"":[79.0,80.0,81.0,82.0,83.0,84.0,85.0],""supported_relative_power"":[0.14750856395329906,0.17264572899757152,0.18990770751974684,0.197132468342975,0.19366358668091652,0.18079553743352925,0.16137294338555483]},{""bpm"":197.0,""relative_power"":0.1011857995469064,""peak_concentration"":0.034662349830350735,""prominence"":0.08371524000752054,""period_correlation"":-0.01601799367996148,""split_period_correlation"":0.01733260318147889,""periodic_support"":0.0,""harmonic2_relative_power"":1.2876331716417832e-07,""harmonic3_relative_power"":2.8180327600138474e-11,""harmonic_support"":0.0001147357473692146,""motion_profile"":0.019455213404499235,""motion_strength"":0.9818939916474345,""motion_reliability"":0.7433333333333333,""motion_overlap"":0.019455213404499235,""motion_available"":true,""evidence_score"":-0.825983179438339,""supported_bpm"":[195.0,196.0,197.0,198.0,199.0,200.0],""supported_relative_power"":[0.07056871362856833,0.09240007821231593,0.1011857995469064,0.09737768372800489,0.08390166192393626,0.06521439872449096]},{""bpm"":183.0,""relative_power"":1.0,""peak_concentration"":0.42037096654005174,""prominence"":1.0,""period_correlation"":0.035893566825688665,""split_period_correlation"":0.06437123336006373,""periodic_support"":0.04301298345928243,""harmonic2_relative_power"":4.02631079586011e-06,""harmonic3_relative_power"":2.0330449752391293e-10,""harmonic_support"":0.002011557388876986,""motion_profile"":0.7184835873422529,""motion_strength"":0.9818939916474345,""motion_reliability"":0.7433333333333333,""motion_overlap"":0.7184835873422529,""motion_available"":true,""evidence_score"":-0.8487786449837286,""supported_bpm"":[180.0,181.0,182.0,183.0,184.0,185.0,186.0],""supported_relative_power"":[0.7649878706109446,0.8879691588863069,0.971988045735353,1.0,0.9662517634488264,0.8726688381468454,0.7310722412591095]}]",False,tracked,True,183.0,19.99998,29.999969999999998,saved_v29_waveform_original_10s_strict_readout_offline,short6,10.0,True,True,original_10s_hr_gates_on_short6_fusion
25.999973999999998,1.0,0.0,183.0,0.49408159258992707,True,candidate_only,99.0,97.0,97.0,0.43050798020664527,0.6110535871475004,0.2930691911320651,97.0,0.7002025711614034,0.03950718748685656,4,"[{""bpm"":97.0,""relative_power"":0.3385401964350488,""peak_concentration"":0.14915549287362712,""prominence"":0.3382190558884281,""period_correlation"":0.6981471224890836,""split_period_correlation"":0.7063689171783625,""periodic_support"":0.7002025711614034,""harmonic2_relative_power"":0.10289699318801843,""harmonic3_relative_power"":0.00010814368934735367,""harmonic_support"":0.18875849203052672,""motion_profile"":0.03950718748685656,""motion_strength"":0.9819365215259527,""motion_reliability"":0.8433333333333334,""motion_overlap"":0.03950718748685656,""motion_available"":true,""evidence_score"":0.5305079802066452,""supported_bpm"":[94.0,95.0,96.0,97.0,98.0,99.0,100.0],""supported_relative_power"":[0.20915077114383956,0.2750288119368294,0.32070542493061577,0.3385401964350488,0.3273512792795388,0.2930691911320651,0.2472056834268521]},{""bpm"":107.0,""relative_power"":0.26750864932655244,""peak_concentration"":0.13231180151590183,""prominence"":0.09546759987910666,""period_correlation"":0.327676707099141,""split_period_correlation"":0.35783050647811265,""periodic_support"":0.33521515694388393,""harmonic2_relative_power"":0.0005733601853886702,""harmonic3_relative_power"":7.04076269469042e-06,""harmonic_support"":0.012864957700150026,""motion_profile"":0.0005088436368467466,""motion_strength"":0.9819365215259527,""motion_reliability"":0.8433333333333334,""motion_overlap"":0.0005088436368467466,""motion_available"":true,""evidence_score"":-0.08054560694085515,""supported_bpm"":[104.0,105.0,106.0,107.0,108.0,109.0,110.0],""supported_relative_power"":[0.18901465858114058,0.2186561953126311,0.24886395583485985,0.26750864932655244,0.26609417352675385,0.24188891155571784,0.19838854009513088]},{""bpm"":83.0,""relative_power"":0.21913206918292177,""peak_concentration"":0.09746280872217021,""prominence"":0.2051639139060103,""period_correlation"":0.10884396640842602,""split_period_correlation"":0.10628501168861737,""periodic_support"":0.10820422772847385,""harmonic2_relative_power"":0.007299204229494124,""harmonic3_relative_power"":9.975063928913821e-05,""harmonic_support"":0.04162998108079847,""motion_profile"":0.00857432990348227,""motion_strength"":0.9819365215259527,""motion_reliability"":0.8433333333333334,""motion_overlap"":0.00857432990348227,""motion_available"":true,""evidence_score"":-0.3813915171525237,""supported_bpm"":[80.0,81.0,82.0,83.0,84.0,85.0,86.0],""supported_relative_power"":[0.16714025455040193,0.1941245903379085,0.2129194606150416,0.21913206918292177,0.20972869571086822,0.18413607255057365,0.14501655430119761]},{""bpm"":183.0,""relative_power"":1.0,""peak_concentration"":0.49408159258992707,""prominence"":1.0,""period_correlation"":-0.0892964317503392,""split_period_correlation"":-0.11816198777872546,""periodic_support"":0.0,""harmonic2_relative_power"":2.6905395849254046e-06,""harmonic3_relative_power"":1.475413738024008e-10,""harmonic_support"":0.0016445377651602999,""motion_profile"":0.7985472181146467,""motion_strength"":0.9819365215259527,""motion_reliability"":0.8433333333333334,""motion_overlap"":0.7985472181146467,""motion_available"":true,""evidence_score"":-0.996539484878148,""supported_bpm"":[180.0,181.0,182.0,183.0,184.0,185.0,186.0],""supported_relative_power"":[0.7679328991039708,0.8874375270081869,0.9690967516747203,1.0,0.9772749338249214,0.9038664099606012,0.7900128309091623]}]",False,tracked,True,183.0,20.999979,30.999969,saved_v29_waveform_original_10s_strict_readout_offline,short6,10.0,True,True,original_10s_hr_gates_on_short6_fusion
26.999972999999997,1.0,0.0,184.0,0.501201212619453,True,candidate_only,99.0,97.0,96.0,0.63463315532158,0.7947792420570174,0.2744587658301709,96.0,0.7682571163365002,0.05239428581824643,4,"[{""bpm"":96.0,""relative_power"":0.43783894745003016,""peak_concentration"":0.1430008865104884,""prominence"":0.4377420882974469,""period_correlation"":0.7710252166556851,""split_period_correlation"":0.7599528153789454,""periodic_support"":0.7682571163365002,""harmonic2_relative_power"":0.30716566075913215,""harmonic3_relative_power"":0.00010579525201219751,""harmonic_support"":0.36910963226261384,""motion_profile"":0.05239428581824643,""motion_strength"":0.98196445105528,""motion_reliability"":0.9433333333333334,""motion_overlap"":0.05239428581824643,""motion_available"":true,""evidence_score"":0.85963315532158,""supported_bpm"":[93.0,94.0,95.0,96.0,97.0,98.0,99.0],""supported_relative_power"":[0.20241859889982639,0.3018544220999431,0.3890839198178927,0.43783894745003016,0.4334298584573262,0.3743584148299742,0.2744587658301709]},{""bpm"":108.0,""relative_power"":0.30286539362197407,""peak_concentration"":0.08833578229944064,""prominence"":0.29500081570545883,""period_correlation"":0.43179008403005703,""split_period_correlation"":0.45043747226383957,""periodic_support"":0.43645193108850266,""harmonic2_relative_power"":3.2289928683599425e-05,""harmonic3_relative_power"":7.151143537906294e-06,""harmonic_support"":0.0036423065599609414,""motion_profile"":0.0006577050519058084,""motion_strength"":0.98196445105528,""motion_reliability"":0.9433333333333334,""motion_overlap"":0.0006577050519058084,""motion_available"":true,""evidence_score"":0.06485391326456254,""supported_bpm"":[105.0,106.0,107.0,108.0,109.0,110.0,111.0],""supported_relative_power"":[0.1535643756412372,0.23580289367067023,0.29082829859312054,0.30286539362197407,0.27000687199019874,0.20376807062670182,0.12872445732945673]},{""bpm"":84.0,""relative_power"":0.22565727953100267,""peak_concentration"":0.09663385895351645,""prominence"":0.1849446421184115,""period_correlation"":0.206488027655943,""split_period_correlation"":0.20668537223818662,""periodic_support"":0.20653736380150392,""harmonic2_relative_power"":0.0022749798592275132,""harmonic3_relative_power"":8.942862659634261e-05,""harmonic_support"":0.024229860363732477,""motion_profile"":0.009653548090406614,""motion_strength"":0.98196445105528,""motion_reliability"":0.9433333333333334,""motion_overlap"":0.009653548090406614,""motion_available"":true,""evidence_score"":-0.281704237101768,""supported_bpm"":[81.0,82.0,83.0,84.0,85.0,86.0,87.0],""supported_relative_power"":[0.1849616253019454,0.2092597912111178,0.2241250890244761,0.22565727953100267,0.21118905841101193,0.18060832159148038,0.13758215547741198]},{""bpm"":184.0,""relative_power"":1.0,""peak_concentration"":0.501201212619453,""prominence"":1.0,""period_correlation"":-0.23600802282530134,""split_period_correlation"":-0.2603903578228312,""periodic_support"":0.0,""harmonic2_relative_power"":1.9433765109637816e-06,""harmonic3_relative_power"":6.769422898329397e-11,""harmonic_support"":0.001396930075164416,""motion_profile"":0.9263197988288141,""motion_strength"":0.98196445105528,""motion_reliability"":0.9433333333333334,""motion_overlap"":0.9263197988288141,""motion_available"":true,""evidence_score"":-1.1565028184608532,""supported_bpm"":[181.0,182.0,183.0,184.0,185.0,186.0,187.0],""supported_relative_power"":[0.8489607929373092,0.9385037594736267,0.9898932898786835,1.0,0.9692682348582033,0.9028660408581506,0.8096588271296354]}]",False,tracked,True,184.0,21.999978,31.999968,saved_v29_waveform_original_10s_strict_readout_offline,short6,10.0,True,True,original_10s_hr_gates_on_short6_fusion
27.999972,1.0,0.0,185.0,0.36710034420243054,True,candidate_only,100.0,98.0,97.0,0.9657169163502611,0.7772433043179028,0.4993289215714115,97.0,0.7737027907721413,0.042201145300529,3,"[{""bpm"":97.0,""relative_power"":0.7810338335443231,""peak_concentration"":0.23772417070611537,""prominence"":0.7797151550775654,""period_correlation"":0.7740699573815013,""split_period_correlation"":0.772601290944061,""periodic_support"":0.7737027907721413,""harmonic2_relative_power"":0.2913470772566577,""harmonic3_relative_power"":3.6515225727568485e-05,""harmonic_support"":0.4788931613750501,""motion_profile"":0.042201145300529,""motion_strength"":0.9807609661269618,""motion_reliability"":1.0,""motion_overlap"":0.042201145300529,""motion_available"":true,""evidence_score"":1.1907169163502611,""supported_bpm"":[94.0,95.0,96.0,97.0,98.0,99.0,100.0],""supported_relative_power"":[0.5959676431126322,0.7010755218500683,0.7690366568454107,0.7810338335443231,0.7304381945929351,0.6276763445343039,0.4993289215714115]},{""bpm"":108.0,""relative_power"":0.6338127852684242,""peak_concentration"":0.17961541405180673,""prominence"":0.32367161071305744,""period_correlation"":0.5188331282848614,""split_period_correlation"":0.5111719846343742,""periodic_support"":0.5169178423722396,""harmonic2_relative_power"":2.909763850102404e-05,""harmonic3_relative_power"":7.21641383085494e-06,""harmonic_support"":0.005042998068150933,""motion_profile"":0.00046274544872361716,""motion_strength"":0.9807609661269618,""motion_reliability"":1.0,""motion_overlap"":0.00046274544872361716,""motion_available"":true,""evidence_score"":0.41347361203235833,""supported_bpm"":[105.0,106.0,107.0,108.0,109.0,110.0,111.0],""supported_relative_power"":[0.46817981022668664,0.5655808719140311,0.6283058380008513,0.6338127852684242,0.5775225607766792,0.47274091978590893,0.35177597582681785]},{""bpm"":185.0,""relative_power"":1.0,""peak_concentration"":0.36710034420243054,""prominence"":1.0,""period_correlation"":-0.3719237290965274,""split_period_correlation"":-0.35110584103676956,""periodic_support"":0.0,""harmonic2_relative_power"":1.59848622999461e-06,""harmonic3_relative_power"":4.635695529303292e-11,""harmonic_support"":0.0012666955603141334,""motion_profile"":0.9807609661269618,""motion_strength"":0.9807609661269618,""motion_reliability"":1.0,""motion_overlap"":0.9807609661269618,""motion_available"":true,""evidence_score"":-1.224684512098388,""supported_bpm"":[182.0,183.0,184.0,185.0,186.0,187.0,188.0],""supported_relative_power"":[0.8882955201654136,0.9554995281165659,0.993519782873356,1.0,0.9753905181678075,0.9227908785165568,0.8474514008653048]}]",False,tracked,True,185.0,22.999976999999998,32.999967,saved_v29_waveform_original_10s_strict_readout_offline,short6,10.0,True,True,original_10s_hr_gates_on_short6_fusion
28.999971,1.0,0.0,106.0,0.43805810085796415,True,candidate_only,103.0,100.0,106.0,0.4942662133551803,2.251252792775803,0.9588311002249005,106.0,0.6440853296570732,0.00022595136232324325,2,"[{""bpm"":106.0,""relative_power"":1.0,""peak_concentration"":0.43805810085796415,""prominence"":1.0,""period_correlation"":0.6722271567187252,""split_period_correlation"":0.5596598484721172,""periodic_support"":0.6440853296570732,""harmonic2_relative_power"":0.00010873494201415351,""harmonic3_relative_power"":3.211111714072146e-06,""harmonic_support"":0.011054789935303712,""motion_profile"":0.00022595136232324325,""motion_strength"":0.980136045473782,""motion_reliability"":1.0,""motion_overlap"":0.00022595136232324325,""motion_available"":true,""evidence_score"":0.7192662133551803,""supported_bpm"":[103.0,104.0,105.0,106.0,107.0,108.0,109.0],""supported_relative_power"":[0.9588311002249005,0.9794179223538542,0.9966995500116328,1.0,0.9776037052562183,0.9212463544912411,0.8291715432187879]},{""bpm"":185.0,""relative_power"":0.41555225729402884,""peak_concentration"":0.17860670332389167,""prominence"":0.4147792397023669,""period_correlation"":-0.4981158620153889,""split_period_correlation"":-0.335632937768714,""periodic_support"":0.0,""harmonic2_relative_power"":6.845796477890634e-07,""harmonic3_relative_power"":4.587009487492573e-11,""harmonic_support"":0.0005348934485942196,""motion_profile"":0.980136045473782,""motion_strength"":0.980136045473782,""motion_reliability"":1.0,""motion_overlap"":0.980136045473782,""motion_available"":true,""evidence_score"":-1.5319865794206227,""supported_bpm"":[182.0,183.0,184.0,185.0,186.0,187.0,188.0],""supported_relative_power"":[0.3587226551299665,0.38699719204472777,0.40637951070889183,0.41555225729402884,0.4139192718143743,0.40167387714163,0.37976713391366096]}]",False,tracked,True,106.0,23.999976,33.999966,saved_v29_waveform_original_10s_strict_readout_offline,short6,10.0,True,True,original_10s_hr_gates_on_short6_fusion
29.999969999999998,1.0,0.0,105.0,0.6935702538762254,True,candidate_only,104.0,102.0,105.0,0.8230632853461006,2.9693401462395155,0.9952888773144748,105.0,0.7654563720373571,0.00022318810536950444,2,"[{""bpm"":105.0,""relative_power"":1.0,""peak_concentration"":0.6935702538762254,""prominence"":1.0,""period_correlation"":0.7986425289961583,""split_period_correlation"":0.665897901160953,""periodic_support"":0.7654563720373571,""harmonic2_relative_power"":3.6995553729230275e-05,""harmonic3_relative_power"":5.42807713662986e-07,""harmonic_support"":0.006340261236719665,""motion_profile"":0.00022318810536950444,""motion_strength"":0.9792500920339956,""motion_reliability"":1.0,""motion_overlap"":0.00022318810536950444,""motion_available"":true,""evidence_score"":0.8480632853461006,""supported_bpm"":[102.0,103.0,104.0,105.0,106.0,107.0,108.0],""supported_relative_power"":[0.8913587787290104,0.9579958269297053,0.9952888773144748,1.0,0.9710497339219863,0.9099434737443121,0.821010825443105]},{""bpm"":185.0,""relative_power"":0.07701454577353775,""peak_concentration"":0.05810423147232008,""prominence"":0.07686366215679163,""period_correlation"":-0.565623805795869,""split_period_correlation"":-0.35372476952287535,""periodic_support"":0.0,""harmonic2_relative_power"":1.3477625547811737e-07,""harmonic3_relative_power"":4.775844006238761e-12,""harmonic_support"":0.00010209323577595995,""motion_profile"":0.9792500920339956,""motion_strength"":0.9792500920339956,""motion_reliability"":1.0,""motion_overlap"":0.9792500920339956,""motion_available"":true,""evidence_score"":-2.1212768608934147,""supported_bpm"":[182.0,183.0,184.0,185.0,186.0,187.0,188.0],""supported_relative_power"":[0.06815077972749554,0.0725482406557589,0.07555519570776664,0.07701454577353775,0.07686185725108027,0.07512078672023359,0.0718925681938509]}]",False,tracked,True,105.0,24.999975,34.999964999999996,saved_v29_waveform_original_10s_strict_readout_offline,short6,10.0,True,True,original_10s_hr_gates_on_short6_fusion
30.999969,1.0,0.0,105.0,0.846814050039011,True,candidate_only,105.0,104.0,105.0,0.9314963707014575,,1.0,105.0,0.8444318912080486,0.0009677306234799606,1,"[{""bpm"":105.0,""relative_power"":1.0,""peak_concentration"":0.846814050039011,""prominence"":1.0,""period_correlation"":0.864267133573095,""split_period_correlation"":0.7849261641129094,""periodic_support"":0.8444318912080486,""harmonic2_relative_power"":1.4201106760824285e-05,""harmonic3_relative_power"":3.19061930912314e-08,""harmonic_support"":0.003830953651953867,""motion_profile"":0.0009677306234799606,""motion_strength"":0.9787091954911954,""motion_reliability"":1.0,""motion_overlap"":0.0009677306234799606,""motion_available"":true,""evidence_score"":0.9314963707014575,""supported_bpm"":[102.0,103.0,104.0,105.0,106.0,107.0,108.0],""supported_relative_power"":[0.8066932849826668,0.9138064409530926,0.9804486489001428,1.0,0.9714783571268931,0.89945948123037,0.7931538902931713]}]",False,tracked,True,105.0,25.999973999999998,35.999964,saved_v29_waveform_original_10s_strict_readout_offline,short6,10.0,True,True,original_10s_hr_gates_on_short6_fusion
31.999968,1.0,0.0,105.0,0.9105844527912954,True,candidate_only,105.0,105.0,105.0,1.00603579791855,,1.0,105.0,0.9141571246636018,0.0022796076600668756,1,"[{""bpm"":105.0,""relative_power"":1.0,""peak_concentration"":0.9105844527912954,""prominence"":1.0,""period_correlation"":0.9230745967523984,""split_period_correlation"":0.8874047083972116,""periodic_support"":0.9141571246636018,""harmonic2_relative_power"":1.0833909771327175e-05,""harmonic3_relative_power"":3.5930963176836855e-09,""harmonic_support"":0.0033124703636715678,""motion_profile"":0.0022796076600668756,""motion_strength"":0.9780584013394468,""motion_reliability"":1.0,""motion_overlap"":0.0022796076600668756,""motion_available"":true,""evidence_score"":1.00603579791855,""supported_bpm"":[102.0,103.0,104.0,105.0,106.0,107.0,108.0],""supported_relative_power"":[0.7358649938418055,0.8712171621303646,0.9634607788291577,1.0,0.9766440673230666,0.8982041766023015,0.7771653112970568]}]",False,tracked,True,105.0,26.999972999999997,36.999963,saved_v29_waveform_original_10s_strict_readout_offline,short6,10.0,True,True,original_10s_hr_gates_on_short6_fusion
32.999967,1.0,0.0,105.0,0.9265354548276457,True,candidate_only,105.0,105.0,105.0,1.0698096430878212,,1.0,105.0,0.9741116408025416,0.0033537699814562977,1,"[{""bpm"":105.0,""relative_power"":1.0,""peak_concentration"":0.9265354548276457,""prominence"":1.0,""period_correlation"":0.9760850357932781,""split_period_correlation"":0.968191455830332,""periodic_support"":0.9741116408025416,""harmonic2_relative_power"":6.079832296868659e-06,""harmonic3_relative_power"":1.4481476216689404e-09,""harmonic_support"":0.0024790506818457114,""motion_profile"":0.0033537699814562977,""motion_strength"":0.9774089595237911,""motion_reliability"":1.0,""motion_overlap"":0.0033537699814562977,""motion_available"":true,""evidence_score"":1.0698096430878212,""supported_bpm"":[102.0,103.0,104.0,105.0,106.0,107.0,108.0],""supported_relative_power"":[0.7143274464494931,0.8571675911995256,0.9578187142735208,1.0,0.9768188107440114,0.8923682703691943,0.7606380131952263]}]",False,tracked,True,105.0,27.999972,37.999962,saved_v29_waveform_original_10s_strict_readout_offline,short6,10.0,True,True,original_10s_hr_gates_on_short6_fusion
33.999966,1.0,0.0,105.0,0.930846645313909,True,candidate_only,105.0,105.0,105.0,1.0911070871021624,,1.0,105.0,0.9948768137954189,0.0030848449921882905,1,"[{""bpm"":105.0,""relative_power"":1.0,""peak_concentration"":0.930846645313909,""prominence"":1.0,""period_correlation"":0.9949508123711238,""split_period_correlation"":0.9946548180683041,""periodic_support"":0.9948768137954189,""harmonic2_relative_power"":3.5175843829982867e-07,""harmonic3_relative_power"":2.519838296242384e-10,""harmonic_support"":0.0005986481674368454,""motion_profile"":0.0030848449921882905,""motion_strength"":0.9770972603195253,""motion_reliability"":1.0,""motion_overlap"":0.0030848449921882905,""motion_available"":true,""evidence_score"":1.0911070871021624,""supported_bpm"":[102.0,103.0,104.0,105.0,106.0,107.0,108.0],""supported_relative_power"":[0.7344336400165962,0.8723250162197959,0.9660922869458511,1.0,0.96792876507753,0.874968908853941,0.7362277406482057]}]",False,tracked,True,105.0,28.999971,38.999961,saved_v29_waveform_original_10s_strict_readout_offline,short6,10.0,True,True,original_10s_hr_gates_on_short6_fusion
34.999964999999996,1.0,0.0,105.0,0.9345695960356992,True,candidate_only,105.0,105.0,105.0,1.09533844678383,,1.0,105.0,0.9976283303287622,0.0017448467464053216,1,"[{""bpm"":105.0,""relative_power"":1.0,""peak_concentration"":0.9345695960356992,""prominence"":1.0,""period_correlation"":0.9976673514258102,""split_period_correlation"":0.997511267037618,""periodic_support"":0.9976283303287622,""harmonic2_relative_power"":1.5613486387823953e-08,""harmonic3_relative_power"":9.369787170193582e-11,""harmonic_support"":0.0001283418551982378,""motion_profile"":0.0017448467464053216,""motion_strength"":0.9765376348508743,""motion_reliability"":1.0,""motion_overlap"":0.0017448467464053216,""motion_available"":true,""evidence_score"":1.09533844678383,""supported_bpm"":[102.0,103.0,104.0,105.0,106.0,107.0,108.0],""supported_relative_power"":[0.7553531479896878,0.889869303114431,0.976194528913216,1.0,0.9572896375099085,0.855395487538552,0.711158339123504]}]",False,tracked,True,105.0,29.999969999999998,39.99996,saved_v29_waveform_original_10s_strict_readout_offline,short6,10.0,True,True,original_10s_hr_gates_on_short6_fusion
35.999964,1.0,0.0,105.0,0.9372217553038017,True,candidate_only,105.0,105.0,105.0,1.0962220091034744,,1.0,105.0,0.997935017545039,0.0012411293634953186,1,"[{""bpm"":105.0,""relative_power"":1.0,""peak_concentration"":0.9372217553038017,""prominence"":1.0,""period_correlation"":0.9979398229096261,""split_period_correlation"":0.997920601451278,""periodic_support"":0.997935017545039,""harmonic2_relative_power"":1.8252947397115998e-09,""harmonic3_relative_power"":3.8725375031101355e-11,""harmonic_support"":4.490150830056078e-05,""motion_profile"":0.0012411293634953186,""motion_strength"":0.9760959761366435,""motion_reliability"":1.0,""motion_overlap"":0.0012411293634953186,""motion_available"":true,""evidence_score"":1.0962220091034744,""supported_bpm"":[102.0,103.0,104.0,105.0,106.0,107.0,108.0],""supported_relative_power"":[0.7714418854961554,0.9043958133445655,0.9850746277230715,1.0,0.9470407866002554,0.8358567974713418,0.6853656334699992]}]",False,tracked,True,105.0,30.999969,40.999959,saved_v29_waveform_original_10s_strict_readout_offline,short6,10.0,True,True,original_10s_hr_gates_on_short6_fusion
36.999963,1.0,0.0,105.0,0.938538709292091,True,candidate_only,105.0,105.0,105.0,1.0953231315212635,,1.0,105.0,0.9980171824637947,0.0020332242174755594,1,"[{""bpm"":105.0,""relative_power"":1.0,""peak_concentration"":0.938538709292091,""prominence"":1.0,""period_correlation"":0.9980151180152165,""split_period_correlation"":0.9980233758095289,""periodic_support"":0.9980171824637947,""harmonic2_relative_power"":1.9267275949468125e-09,""harmonic3_relative_power"":2.8441731321777974e-11,""harmonic_support"":4.5761082933543474e-05,""motion_profile"":0.0020332242174755594,""motion_strength"":0.9757998603955468,""motion_reliability"":1.0,""motion_overlap"":0.0020332242174755594,""motion_available"":true,""evidence_score"":1.0953231315212635,""supported_bpm"":[102.0,103.0,104.0,105.0,106.0,107.0,108.0],""supported_relative_power"":[0.7904092051351924,0.9195281032017124,0.9936883349336724,1.0,0.9374212791996519,0.81703109480177,0.6592076798014629]}]",False,tracked,True,105.0,31.999968,41.999958,saved_v29_waveform_original_10s_strict_readout_offline,short6,10.0,True,True,original_10s_hr_gates_on_short6_fusion
37.999962,1.0,0.0,105.0,0.9367994406851167,True,candidate_only,105.0,105.0,105.0,1.091997193104119,,1.0,105.0,0.9967465761705553,0.0036022278768649114,1,"[{""bpm"":105.0,""relative_power"":1.0,""peak_concentration"":0.9367994406851167,""prominence"":1.0,""period_correlation"":0.9968006391482811,""split_period_correlation"":0.9965843872373781,""periodic_support"":0.9967465761705553,""harmonic2_relative_power"":5.92371916753043e-09,""harmonic3_relative_power"":2.5819794019857484e-11,""harmonic_support"":7.874416258938507e-05,""motion_profile"":0.0036022278768649114,""motion_strength"":0.9753914410845999,""motion_reliability"":1.0,""motion_overlap"":0.0036022278768649114,""motion_available"":true,""evidence_score"":1.091997193104119,""supported_bpm"":[102.0,103.0,104.0,105.0,106.0,107.0,108.0],""supported_relative_power"":[0.8007819962279039,0.9260402557197358,0.9966690401249099,1.0,0.9348315336123785,0.811893786458004,0.6513070238690046]}]",False,tracked,True,105.0,32.999967,42.999956999999995,saved_v29_waveform_original_10s_strict_readout_offline,short6,10.0,True,True,original_10s_hr_gates_on_short6_fusion
38.999961,1.0,0.0,105.0,0.9275949310961773,True,candidate_only,105.0,105.0,105.0,1.0881124261243,,1.0,105.0,0.9946428907073579,0.004830561556841946,1,"[{""bpm"":105.0,""relative_power"":1.0,""peak_concentration"":0.9275949310961773,""prominence"":1.0,""period_correlation"":0.9946678087846567,""split_period_correlation"":0.9945681364754615,""periodic_support"":0.9946428907073579,""harmonic2_relative_power"":1.7658193642748566e-09,""harmonic3_relative_power"":1.6614678375770078e-11,""harmonic_support"":4.3448292258967706e-05,""motion_profile"":0.004830561556841946,""motion_strength"":0.9748781247698135,""motion_reliability"":1.0,""motion_overlap"":0.004830561556841946,""motion_available"":true,""evidence_score"":1.0881124261243,""supported_bpm"":[102.0,103.0,104.0,105.0,106.0,107.0,108.0],""supported_relative_power"":[0.7775046524913709,0.9050893737310737,0.9839355381564137,1.0,0.9494396888788719,0.8398318839487332,0.6885440136114603]}]",False,tracked,True,105.0,33.999966,43.999956,saved_v29_waveform_original_10s_strict_readout_offline,short6,10.0,True,True,original_10s_hr_gates_on_short6_fusion
39.99996,1.0,0.0,105.0,0.9145061822648711,True,candidate_only,105.0,105.0,105.0,1.0878613776526689,,1.0,105.0,0.9939797306207748,0.004503662221234243,1,"[{""bpm"":105.0,""relative_power"":1.0,""peak_concentration"":0.9145061822648711,""prominence"":1.0,""period_correlation"":0.994137769182766,""split_period_correlation"":0.9935056149348012,""periodic_support"":0.9939797306207748,""harmonic2_relative_power"":1.2442698668205034e-08,""harmonic3_relative_power"":2.3728065730605915e-11,""harmonic_support"":0.0001132517463591045,""motion_profile"":0.004503662221234243,""motion_strength"":0.9753303113960219,""motion_reliability"":1.0,""motion_overlap"":0.004503662221234243,""motion_available"":true,""evidence_score"":1.0878613776526689,""supported_bpm"":[102.0,103.0,104.0,105.0,106.0,107.0,108.0],""supported_relative_power"":[0.7004449803168008,0.8436475684733823,0.9496058827526874,1.0,0.9851193840308066,0.9065462695445983,0.7769474801750426]}]",False,tracked,True,105.0,34.999964999999996,44.999955,saved_v29_waveform_original_10s_strict_readout_offline,short6,10.0,True,True,original_10s_hr_gates_on_short6_fusion
40.999959,1.0,0.0,106.0,0.9181925597483536,True,candidate_only,105.0,105.0,106.0,1.0608560487130052,,0.9717015717713088,106.0,0.9910033086730876,0.003473654446804714,1,"[{""bpm"":106.0,""relative_power"":1.0,""peak_concentration"":0.9181925597483536,""prominence"":1.0,""period_correlation"":0.9911374726856161,""split_period_correlation"":0.990600816635502,""periodic_support"":0.9910033086730876,""harmonic2_relative_power"":8.210970708833186e-09,""harmonic3_relative_power"":1.2180744611426508e-10,""harmonic_support"":9.447723111454967e-05,""motion_profile"":0.003473654446804714,""motion_strength"":0.9751029035372333,""motion_reliability"":1.0,""motion_overlap"":0.003473654446804714,""motion_available"":true,""evidence_score"":1.0858560487130051,""supported_bpm"":[103.0,104.0,105.0,106.0,107.0,108.0,109.0],""supported_relative_power"":[0.7369280418876496,0.8786719713996047,0.9717015717713088,1.0,0.9590721434585019,0.8568935239503428,0.7113643129182879]}]",False,tracked,True,106.0,35.999964,45.999953999999995,saved_v29_waveform_original_10s_strict_readout_offline,short6,10.0,True,True,original_10s_hr_gates_on_short6_fusion
41.999958,1.0,0.0,106.0,0.9277629025690729,True,candidate_only,105.0,105.0,106.0,1.0542194799667446,,0.9513770250114628,106.0,0.9835480681304526,0.0022010196640128523,1,"[{""bpm"":106.0,""relative_power"":1.0,""peak_concentration"":0.9277629025690729,""prominence"":1.0,""period_correlation"":0.9837462002895644,""split_period_correlation"":0.9829536716531173,""periodic_support"":0.9835480681304526,""harmonic2_relative_power"":4.2313076021818605e-09,""harmonic3_relative_power"":6.542967188194558e-11,""harmonic_support"":6.787960326256548e-05,""motion_profile"":0.0022010196640128523,""motion_strength"":0.9748885913557723,""motion_reliability"":1.0,""motion_overlap"":0.0022010196640128523,""motion_available"":true,""evidence_score"":1.0792194799667445,""supported_bpm"":[103.0,104.0,105.0,106.0,107.0,108.0,109.0],""supported_relative_power"":[0.6759880144407018,0.8372505238668593,0.9513770250114628,1.0,0.9765749636428165,0.887481224344596,0.7495357794009921]}]",False,tracked,True,106.0,36.999963,46.999953,saved_v29_waveform_original_10s_strict_readout_offline,short6,10.0,True,True,original_10s_hr_gates_on_short6_fusion
42.999956999999995,1.0,0.0,106.0,0.9039407578674066,True,candidate_only,105.0,105.0,106.0,1.043812453491798,,0.9766995429727815,106.0,0.9730083581126582,0.0012560139248013018,1,"[{""bpm"":106.0,""relative_power"":1.0,""peak_concentration"":0.9039407578674066,""prominence"":1.0,""period_correlation"":0.9730025212830656,""split_period_correlation"":0.973025868601436,""periodic_support"":0.9730083581126582,""harmonic2_relative_power"":5.021939147817764e-09,""harmonic3_relative_power"":4.746549988859341e-11,""harmonic_support"":7.327697387551461e-05,""motion_profile"":0.0012560139248013018,""motion_strength"":0.9752086175823586,""motion_reliability"":1.0,""motion_overlap"":0.0012560139248013018,""motion_available"":true,""evidence_score"":1.068812453491798,""supported_bpm"":[103.0,104.0,105.0,106.0,107.0,108.0,109.0],""supported_relative_power"":[0.7460850713551276,0.887615962498026,0.9766995429727815,1.0,0.9558719295484703,0.8540947673004581,0.7126737859528136]}]",False,tracked,True,106.0,37.999962,47.999952,saved_v29_waveform_original_10s_strict_readout_offline,short6,10.0,True,True,original_10s_hr_gates_on_short6_fusion
43.999956,1.0,0.0,105.0,0.8492636537260807,True,candidate_only,104.0,104.0,105.0,1.0367386048162497,,0.9879878678801567,105.0,0.9662034895972249,0.0009078437849998162,1,"[{""bpm"":105.0,""relative_power"":1.0,""peak_concentration"":0.8492636537260807,""prominence"":1.0,""period_correlation"":0.966726670173292,""split_period_correlation"":0.9646339478690237,""periodic_support"":0.9662034895972249,""harmonic2_relative_power"":2.0210272312174923e-09,""harmonic3_relative_power"":1.738746722735844e-10,""harmonic_support"":4.957099055188457e-05,""motion_profile"":0.0009078437849998162,""motion_strength"":0.9750983366267693,""motion_reliability"":1.0,""motion_overlap"":0.0009078437849998162,""motion_available"":true,""evidence_score"":1.0617386048162496,""supported_bpm"":[102.0,103.0,104.0,105.0,106.0,107.0,108.0],""supported_relative_power"":[0.8024995698313168,0.9187677394136484,0.9879878678801567,1.0,0.9544062955454304,0.8601009863347898,0.7325893501120836]}]",False,tracked,True,105.0,38.999961,48.999950999999996,saved_v29_waveform_original_10s_strict_readout_offline,short6,10.0,True,True,original_10s_hr_gates_on_short6_fusion
44.999955,1.0,0.0,103.0,0.8209426871356741,True,candidate_only,103.0,102.0,103.0,1.0450732689421083,,1.0,103.0,0.9518924389036699,0.0016773097796244545,1,"[{""bpm"":103.0,""relative_power"":1.0,""peak_concentration"":0.8209426871356741,""prominence"":1.0,""period_correlation"":0.9537535725977478,""split_period_correlation"":0.9463090378214362,""periodic_support"":0.9518924389036699,""harmonic2_relative_power"":7.016793261538222e-09,""harmonic3_relative_power"":1.6216720895541556e-10,""harmonic_support"":8.822337260185785e-05,""motion_profile"":0.0016773097796244545,""motion_strength"":0.9753034994049025,""motion_reliability"":1.0,""motion_overlap"":0.0016773097796244545,""motion_available"":true,""evidence_score"":1.0450732689421083,""supported_bpm"":[100.0,101.0,102.0,103.0,104.0,105.0,106.0],""supported_relative_power"":[0.8242761090590933,0.9265923635321001,0.989187249269194,1.0,0.960556269044857,0.8775428577251148,0.7636661229229447]}]",False,tracked,True,103.0,39.99996,49.99995,saved_v29_waveform_original_10s_strict_readout_offline,short6,10.0,True,True,original_10s_hr_gates_on_short6_fusion
45.999953999999995,1.0,0.0,101.0,0.8283564849565823,True,candidate_only,101.0,100.0,101.0,0.9614177394302198,,1.0,101.0,0.8754154434364295,0.0012948431913037384,1,"[{""bpm"":101.0,""relative_power"":1.0,""peak_concentration"":0.8283564849565823,""prominence"":1.0,""period_correlation"":0.8852722043781742,""split_period_correlation"":0.8458451606111956,""periodic_support"":0.8754154434364295,""harmonic2_relative_power"":5.510449552506733e-09,""harmonic3_relative_power"":2.1010394560808704e-10,""harmonic_support"":7.930563927695182e-05,""motion_profile"":0.0012948431913037384,""motion_strength"":0.9748739686018693,""motion_reliability"":1.0,""motion_overlap"":0.0012948431913037384,""motion_available"":true,""evidence_score"":0.9614177394302198,""supported_bpm"":[98.0,99.0,100.0,101.0,102.0,103.0,104.0],""supported_relative_power"":[0.8367880119968801,0.9335586746935277,0.9906691019171993,1.0,0.958069798643902,0.870691341914347,0.753507653154541]}]",False,tracked,True,101.0,40.999959,50.999949,saved_v29_waveform_original_10s_strict_readout_offline,short6,10.0,True,True,original_10s_hr_gates_on_short6_fusion
46.999953,1.0,0.0,99.0,0.827443664749907,True,candidate_only,100.0,98.0,99.0,0.7441123946716355,,0.9796448018966339,99.0,0.7108903448779402,0.010371911907493911,1,"[{""bpm"":99.0,""relative_power"":1.0,""peak_concentration"":0.827443664749907,""prominence"":1.0,""period_correlation"":0.7369302822450706,""split_period_correlation"":0.6327705327765487,""periodic_support"":0.7108903448779402,""harmonic2_relative_power"":9.255685745778193e-09,""harmonic3_relative_power"":2.3556204772611672e-11,""harmonic_support"":9.79051902685314e-05,""motion_profile"":0.010371911907493911,""motion_strength"":0.9742180220416058,""motion_reliability"":1.0,""motion_overlap"":0.010371911907493911,""motion_available"":true,""evidence_score"":0.7691123946716355,""supported_bpm"":[96.0,97.0,98.0,99.0,100.0,101.0,102.0],""supported_relative_power"":[0.7859574179915272,0.895524686250951,0.9703653607359444,1.0,0.9796448018966339,0.911342177694893,0.8026563379757476]}]",False,tracked,True,99.0,41.999958,51.999947999999996,saved_v29_waveform_original_10s_strict_readout_offline,short6,10.0,True,True,original_10s_hr_gates_on_short6_fusion
47.999952,1.0,0.0,98.0,0.7593377793919482,True,candidate_only,99.0,95.0,98.0,0.46359687390092774,1.501898268446265,0.9642395139393312,98.0,0.4746618795192827,0.026837854734247577,2,"[{""bpm"":98.0,""relative_power"":1.0,""peak_concentration"":0.7593377793919482,""prominence"":1.0,""period_correlation"":0.5141128757085177,""split_period_correlation"":0.3563088909515775,""periodic_support"":0.4746618795192827,""harmonic2_relative_power"":1.0004228545446045e-10,""harmonic3_relative_power"":3.06023389627526e-10,""harmonic_support"":1.612484752618077e-05,""motion_profile"":0.026837854734247577,""motion_strength"":0.9743552843149074,""motion_reliability"":1.0,""motion_overlap"":0.026837854734247577,""motion_available"":true,""evidence_score"":0.48859687390092776,""supported_bpm"":[95.0,96.0,97.0,98.0,99.0,100.0,101.0],""supported_relative_power"":[0.8536755558985518,0.9407906545671039,0.991700615676205,1.0,0.9642395139393312,0.8881188143584116,0.7798272032274148]},{""bpm"":64.0,""relative_power"":0.054762708512836766,""peak_concentration"":0.04700123441133105,""prominence"":0.035566339536405936,""period_correlation"":-0.3414786360294477,""split_period_correlation"":-0.1348189304027485,""periodic_support"":0.0,""harmonic2_relative_power"":0.00028465399203477426,""harmonic3_relative_power"":2.058797860834685e-08,""harmonic_support"":0.003959969925116308,""motion_profile"":0.0004802624621515011,""motion_strength"":0.9743552843149074,""motion_reliability"":1.0,""motion_overlap"":0.0004802624621515011,""motion_available"":true,""evidence_score"":-1.0133013945453373,""supported_bpm"":[62.0,63.0,64.0,65.0,66.0],""supported_relative_power"":[0.0525621430874862,0.05437152469961539,0.054762708512836766,0.05367728066032898,0.05119332596095412]}]",False,tracked,True,98.0,42.999956999999995,52.999947,saved_v29_waveform_original_10s_strict_readout_offline,short6,10.0,True,True,original_10s_hr_gates_on_short6_fusion
48.999950999999996,1.0,0.0,97.0,0.5608315089462884,True,candidate_only,98.0,90.0,97.0,0.22589253175595744,0.6329210702859716,0.9657458779212076,97.0,0.2820987054630796,0.04769152656372925,2,"[{""bpm"":97.0,""relative_power"":1.0,""peak_concentration"":0.5608315089462884,""prominence"":1.0,""period_correlation"":0.3050211475778012,""split_period_correlation"":0.2133313791189147,""periodic_support"":0.2820987054630796,""harmonic2_relative_power"":3.6233101422501424e-08,""harmonic3_relative_power"":5.242800141237858e-10,""harmonic_support"":0.00019836395123146728,""motion_profile"":0.04769152656372925,""motion_strength"":0.974355536730796,""motion_reliability"":1.0,""motion_overlap"":0.04769152656372925,""motion_available"":true,""evidence_score"":0.25089253175595744,""supported_bpm"":[94.0,95.0,96.0,97.0,98.0,99.0,100.0],""supported_relative_power"":[0.8934382167922401,0.9613031349949843,0.9980784424459513,1.0,0.9657458779212076,0.8977678462962946,0.8020710709982815]},{""bpm"":64.0,""relative_power"":0.32639259534611215,""peak_concentration"":0.1958248893801456,""prominence"":0.2714314945788561,""period_correlation"":-0.11552928895427673,""split_period_correlation"":0.003690083111903497,""periodic_support"":0.0,""harmonic2_relative_power"":0.0003285642515740005,""harmonic3_relative_power"":1.447883967310743e-08,""harmonic_support"":0.010379780624470899,""motion_profile"":0.00042343957020312426,""motion_strength"":0.974355536730796,""motion_reliability"":1.0,""motion_overlap"":0.00042343957020312426,""motion_available"":true,""evidence_score"":-0.3820285385300141,""supported_bpm"":[61.0,62.0,63.0,64.0,65.0,66.0,67.0],""supported_relative_power"":[0.2940040782298687,0.3129041404970804,0.3237450536741998,0.32639259534611215,0.32125584274470337,0.30858843643302725,0.2896453061004669]}]",False,tracked,True,97.0,43.999956,53.999945999999994,saved_v29_waveform_original_10s_strict_readout_offline,short6,10.0,True,True,original_10s_hr_gates_on_short6_fusion
49.99995,1.0,0.0,63.0,0.46265887333845596,True,candidate_only,63.0,83.0,63.0,0.12090607710933828,0.22590785213548914,1.0,63.0,0.1056399867049131,0.00023878869463135488,2,"[{""bpm"":63.0,""relative_power"":1.0,""peak_concentration"":0.46265887333845596,""prominence"":1.0,""period_correlation"":0.13363298977513133,""split_period_correlation"":0.021660977494258438,""periodic_support"":0.1056399867049131,""harmonic2_relative_power"":2.440142912043093e-05,""harmonic3_relative_power"":3.017400448524467e-08,""harmonic_support"":0.005000577602223036,""motion_profile"":0.00023878869463135488,""motion_strength"":0.9737067952936166,""motion_reliability"":1.0,""motion_overlap"":0.00023878869463135488,""motion_available"":true,""evidence_score"":0.12090607710933828,""supported_bpm"":[60.0,61.0,62.0,63.0,64.0,65.0,66.0],""supported_relative_power"":[0.8240043029217088,0.908541834706833,0.9689266681334312,1.0,0.9993802670753068,0.967853115301221,0.9076144076659054]},{""bpm"":95.0,""relative_power"":0.5919941568559568,""peak_concentration"":0.27706384956659497,""prominence"":0.5463817696464328,""period_correlation"":0.14994375288199224,""split_period_correlation"":0.2046949274280207,""periodic_support"":0.16363154651849937,""harmonic2_relative_power"":4.071855071390273e-08,""harmonic3_relative_power"":8.254826250685488e-11,""harmonic_support"":0.0001577050141076629,""motion_profile"":0.08133096095816096,""motion_strength"":0.9737067952936166,""motion_reliability"":1.0,""motion_overlap"":0.08133096095816096,""motion_available"":true,""evidence_score"":-0.10500177502615086,""supported_bpm"":[92.0,93.0,94.0,95.0,96.0,97.0,98.0],""supported_relative_power"":[0.49032459197482314,0.5385408508038367,0.5739364798031805,0.5919941568559568,0.5917295427961784,0.5743819516814798,0.5418956491997639]}]",True,reacquired,True,63.0,44.999955,54.999945,saved_v29_waveform_original_10s_strict_readout_offline,short6,10.0,True,True,original_10s_hr_gates_on_short6_fusion
50.999949,1.0,0.0,63.0,0.6909955422832449,True,candidate_only,63.0,73.0,63.0,0.3271478259220943,1.1818768351427063,1.0,63.0,0.2925993325159936,9.005707047130451e-05,2,"[{""bpm"":63.0,""relative_power"":1.0,""peak_concentration"":0.6909955422832449,""prominence"":1.0,""period_correlation"":0.34465554010699717,""split_period_correlation"":0.13643070974298305,""periodic_support"":0.2925993325159936,""harmonic2_relative_power"":2.863235068357486e-05,""harmonic3_relative_power"":2.0580728278263545e-08,""harmonic_support"":0.005401131492590394,""motion_profile"":9.005707047130451e-05,""motion_strength"":0.9739777496530909,""motion_reliability"":1.0,""motion_overlap"":9.005707047130451e-05,""motion_available"":true,""evidence_score"":0.3271478259220943,""supported_bpm"":[60.0,61.0,62.0,63.0,64.0,65.0,66.0],""supported_relative_power"":[0.8331857460488094,0.9176455841888566,0.9751439488424064,1.0,0.9894122566302276,0.9439337079209951,0.8657544500212419]},{""bpm"":95.0,""relative_power"":0.11582137934588138,""peak_concentration"":0.08564248606910274,""prominence"":0.1033477462576976,""period_correlation"":-0.03144050816268522,""split_period_correlation"":0.12158070049650938,""periodic_support"":0.00681479400211343,""harmonic2_relative_power"":9.983283839672922e-09,""harmonic3_relative_power"":1.9862012535969344e-10,""harmonic_support"":3.5682787304706775e-05,""motion_profile"":0.0862110621266801,""motion_strength"":0.9739777496530909,""motion_reliability"":1.0,""motion_overlap"":0.0862110621266801,""motion_available"":true,""evidence_score"":-0.854729009220612,""supported_bpm"":[92.0,93.0,94.0,95.0,96.0,97.0,98.0],""supported_relative_power"":[0.10308371518980963,0.10986345882060425,0.11429567838749999,0.11582137934588138,0.11434173840965275,0.11007880135117876,0.10341552525271015]}]",False,tracked,True,63.0,45.999953999999995,55.999944,saved_v29_waveform_original_10s_strict_readout_offline,short6,10.0,True,True,original_10s_hr_gates_on_short6_fusion
51.999947999999996,1.0,0.0,63.0,0.8045961280726583,True,candidate_only,63.0,68.0,63.0,0.5712018152255267,,1.0,63.0,0.5153730519193989,5.854787036402408e-05,1,"[{""bpm"":63.0,""relative_power"":1.0,""peak_concentration"":0.8045961280726583,""prominence"":1.0,""period_correlation"":0.5583609401955192,""split_period_correlation"":0.3864093870910381,""periodic_support"":0.5153730519193989,""harmonic2_relative_power"":1.3591563569971304e-05,""harmonic3_relative_power"":3.7521811964747952e-06,""harmonic_support"":0.004364642952142957,""motion_profile"":5.854787036402408e-05,""motion_strength"":0.973977197378654,""motion_reliability"":1.0,""motion_overlap"":5.854787036402408e-05,""motion_available"":true,""evidence_score"":0.5712018152255267,""supported_bpm"":[60.0,61.0,62.0,63.0,64.0,65.0,66.0],""supported_relative_power"":[0.8397832817855887,0.9297939815945573,0.985461862894536,1.0,0.9714400491431048,0.9029484966613474,0.8006423141329464]}]",False,tracked,True,63.0,46.999953,56.999942999999995,saved_v29_waveform_original_10s_strict_readout_offline,short6,10.0,True,True,original_10s_hr_gates_on_short6_fusion
52.999947,1.0,0.0,62.0,0.8617777226086976,True,candidate_only,62.0,65.0,62.0,0.8402929407550145,,1.0,62.0,0.7560764008955679,0.00055392305645342,1,"[{""bpm"":62.0,""relative_power"":1.0,""peak_concentration"":0.8617777226086976,""prominence"":1.0,""period_correlation"":0.7670754732407535,""split_period_correlation"":0.7230791838600109,""periodic_support"":0.7560764008955679,""harmonic2_relative_power"":2.560361026883839e-05,""harmonic3_relative_power"":0.0001468461023596448,""harmonic_support"":0.009301303590456413,""motion_profile"":0.00055392305645342,""motion_strength"":0.9739890328099073,""motion_reliability"":1.0,""motion_overlap"":0.00055392305645342,""motion_available"":true,""evidence_score"":0.8402929407550145,""supported_bpm"":[59.0,60.0,61.0,62.0,63.0,64.0,65.0],""supported_relative_power"":[0.7198652568407505,0.8502588783020708,0.9481430257899756,1.0,0.9983023986167301,0.9431448763776148,0.8422906977235202]}]",False,tracked,True,62.0,47.999952,57.999942,saved_v29_waveform_original_10s_strict_readout_offline,short6,10.0,True,True,original_10s_hr_gates_on_short6_fusion
53.999945999999994,1.0,0.0,62.0,0.8938369722640354,True,candidate_only,62.0,63.0,62.0,0.9915256436321848,,1.0,62.0,0.8830343517096124,0.0015798920775064909,1,"[{""bpm"":62.0,""relative_power"":1.0,""peak_concentration"":0.8938369722640354,""prominence"":1.0,""period_correlation"":0.8852214463443469,""split_period_correlation"":0.8764730678054091,""periodic_support"":0.8830343517096124,""harmonic2_relative_power"":5.6626312122287566e-05,""harmonic3_relative_power"":0.0017490739944601096,""harmonic_support"":0.022162721848494216,""motion_profile"":0.0015798920775064909,""motion_strength"":0.9736306946634622,""motion_reliability"":1.0,""motion_overlap"":0.0015798920775064909,""motion_available"":true,""evidence_score"":0.9915256436321848,""supported_bpm"":[59.0,60.0,61.0,62.0,63.0,64.0,65.0],""supported_relative_power"":[0.7480159231678934,0.8838675722317101,0.9721145069605163,1.0,0.9644162325096296,0.872373959519788,0.739179205527767]}]",False,tracked,True,62.0,48.999950999999996,58.999941,saved_v29_waveform_original_10s_strict_readout_offline,short6,10.0,True,True,original_10s_hr_gates_on_short6_fusion
54.999945,1.0,0.0,61.0,0.8643352510197159,True,candidate_only,62.0,62.0,61.0,0.9997613335740866,2.0073073931634133,0.9861603505227021,61.0,0.8935190611822598,0.0029540050956823618,2,"[{""bpm"":61.0,""relative_power"":1.0,""peak_concentration"":0.8643352510197159,""prominence"":1.0,""period_correlation"":0.8969962791413425,""split_period_correlation"":0.8830874073050116,""periodic_support"":0.8935190611822598,""harmonic2_relative_power"":3.915974711663937e-05,""harmonic3_relative_power"":0.012624190284803619,""harmonic_support"":0.04558287264320379,""motion_profile"":0.0029540050956823618,""motion_strength"":0.9736809060853988,""motion_reliability"":1.0,""motion_overlap"":0.0029540050956823618,""motion_available"":true,""evidence_score"":1.0247613335740866,""supported_bpm"":[58.0,59.0,60.0,61.0,62.0,63.0,64.0],""supported_relative_power"":[0.6918939194773107,0.8427566777551448,0.950369364331127,1.0,0.9861603505227021,0.913349265508065,0.7944703510917611]},{""bpm"":47.0,""relative_power"":0.05963140106649325,""peak_concentration"":0.0448443962922016,""prominence"":0.03974351800415728,""period_correlation"":-0.16050706477732266,""split_period_correlation"":-0.07314202696772892,""periodic_support"":0.0,""harmonic2_relative_power"":0.000360557472314311,""harmonic3_relative_power"":0.00016384441549544983,""harmonic_support"":0.0057308784616934855,""motion_profile"":0.0011411160063965879,""motion_strength"":0.9736809060853988,""motion_reliability"":1.0,""motion_overlap"":0.0011411160063965879,""motion_available"":true,""evidence_score"":-0.9825460595893266,""supported_bpm"":[46.0,47.0,48.0],""supported_relative_power"":[0.054438762126906924,0.05963140106649325,0.057671336379962454]}]",False,tracked,True,61.0,49.99995,59.999939999999995,saved_v29_waveform_original_10s_strict_readout_offline,short6,10.0,True,True,original_10s_hr_gates_on_short6_fusion
55.999944,0.9,0.0,,,False,gap_or_filter_edge,,,,,,,,,,0,[],False,unavailable,False,,50.999949,60.999939,saved_v29_waveform_original_10s_strict_readout_offline,short6,10.0,False,False,rejected
56.999942999999995,0.8,0.0,,,False,gap_or_filter_edge,,,,,,,,,,0,[],False,unavailable,False,,51.999947999999996,61.999938,saved_v29_waveform_original_10s_strict_readout_offline,short6,10.0,False,False,rejected
