time_s,forehead_pos,forehead_chrom,forehead_observed,forehead_interpolated,left_cheek_pos,left_cheek_chrom,left_cheek_observed,left_cheek_interpolated,right_cheek_pos,right_cheek_chrom,right_cheek_observed,right_cheek_interpolated
0.0,,,True,False,,,True,False,,,True,False
0.033333299999999996,,,True,False,,,True,False,,,True,False
0.06666659999999999,,,True,False,,,True,False,,,True,False
0.09999989999999999,,,True,False,,,True,False,,,True,False
0.13333319999999999,,,True,False,,,True,False,,,True,False
0.1666665,,,True,False,,,True,False,,,True,False
0.19999979999999998,,,True,False,,,True,False,,,True,False
0.2333331,,,True,False,,,True,False,,,True,False
0.26666639999999997,,,True,False,,,True,False,,,True,False
0.2999997,,,True,False,,,True,False,,,True,False
0.333333,,,True,False,,,True,False,,,True,False
0.3666663,,,True,False,,,True,False,,,True,False
0.39999959999999996,,,True,False,,,True,False,,,True,False
0.43333289999999997,,,True,False,,,True,False,,,True,False
0.4666662,,,True,False,,,True,False,,,True,False
0.4999995,,,True,False,,,True,False,,,True,False
0.5333327999999999,,,True,False,,,True,False,,,True,False
0.5666661,,,True,False,,,True,False,,,True,False
0.5999994,,,True,False,,,True,False,,,True,False
0.6333327,,,True,False,,,True,False,,,True,False
0.666666,,,True,False,,,True,False,,,True,False
0.6999993,,,True,False,,,True,False,,,True,False
0.7333326,,,True,False,,,True,False,,,True,False
0.7666659,,,True,False,,,True,False,,,True,False
0.7999991999999999,,,True,False,,,True,False,,,True,False
0.8333324999999999,,,True,False,,,True,False,,,True,False
0.8666657999999999,,,True,False,,,True,False,,,True,False
0.8999990999999999,,,True,False,,,True,False,,,True,False
0.9333324,,,True,False,,,True,False,,,True,False
0.9666657,,,True,False,,,True,False,,,True,False
0.999999,,,True,False,,,True,False,,,True,False
1.0333322999999999,,,True,False,,,True,False,,,True,False
1.0666655999999999,,,True,False,,,True,False,,,True,False
1.0999989,,,True,False,,,True,False,,,True,False
1.1333322,,,True,False,,,True,False,,,True,False
1.1666655,,,True,False,,,True,False,,,True,False
1.1999988,,,True,False,,,True,False,,,True,False
1.2333321,,,True,False,,,True,False,,,True,False
1.2666654,,,True,False,,,True,False,,,True,False
1.2999987,,,True,False,,,True,False,,,True,False
1.333332,,,True,False,,,True,False,,,True,False
1.3666653,,,True,False,,,True,False,,,True,False
1.3999986,,,True,False,,,True,False,,,True,False
1.4333319,,,True,False,,,True,False,,,True,False
1.4666652,,,True,False,,,True,False,,,True,False
1.4999985,,,True,False,,,True,False,,,True,False
1.5333318,,,True,False,,,True,False,,,True,False
1.5666650999999998,,,True,False,,,True,False,,,True,False
1.5999983999999998,-0.040099535690806626,1.016253542412308,True,False,1.0549604498163692,-1.582290308600639,True,False,0.06765088895997344,-0.5001401281334997,True,False
1.6333316999999998,-0.7094473622915566,1.9015525046166921,True,False,1.0798779307226116,-1.516021259792958,True,False,0.2402919325705302,-0.5884435683644152,True,False
1.6666649999999998,-1.214146735464365,2.4590970589108827,True,False,1.0270942518912338,-1.273622350031845,True,False,0.7152836127222193,-0.8408459457951066,True,False
1.6999982999999999,-1.3709136823875314,2.4301522501907162,True,False,0.9250103272986716,-0.934833147448135,True,False,1.3205119815528035,-1.1700393868796897,True,False
1.7333315999999999,-1.132203329851408,1.7612664571556074,True,False,0.7453758387543177,-0.5194549567671127,True,False,1.7014727158746343,-1.3456778538103176,True,False
1.7666648999999999,-0.5961231064385752,0.6170288071070186,True,False,0.41564308484541995,0.011919694435961898,True,False,1.5007367644966843,-1.119651466882871,True,False
1.7999981999999999,0.04153638985756423,-0.6891614596569208,True,False,-0.11145520256088,0.6831856078012405,True,False,0.588108113801451,-0.40123970200312126,True,False
1.8333315,0.5750169988669606,-1.8196389598109106,True,False,-0.7797787506267502,1.411834347536868,True,False,-0.8117199677773739,0.6436705655852089,True,False
1.8666648,0.8756323319574646,-2.538824556244652,True,False,-1.4145371853652837,1.9925019093274665,True,False,-2.194822216151147,1.6504112073953328,True,False
1.8999981,0.9349483672074274,-2.7845125160293263,True,False,-1.7971647372707393,2.1903963380273015,True,False,-3.0241786811789058,2.240910096581874,True,False
1.9333314,0.8469300915944925,-2.657690898180327,True,False,-1.7829397414559442,1.8835254353392248,True,False,-2.9974124966935425,2.2178510851306177,True,False
1.9666647,0.7456093266022635,-2.3469326540417343,True,False,-1.376259583905779,1.1445925671323272,True,False,-2.17972275525553,1.6501682807784428,True,False
1.999998,0.731207325962224,-2.028392620457583,True,False,-0.7092048962413903,0.19593650819949998,True,False,-0.9380249065289239,0.8106188557373836,True,False
2.0333313,0.8161274468263765,-1.7846936157446913,True,False,0.05057086663641251,-0.7238695872142838,True,False,0.26841050939260674,0.018206390548604887,True,False
2.0666645999999997,0.9168427448817864,-1.578897474021144,True,False,0.7772838689125834,-1.468538522561905,True,False,1.10688875749211,-0.5109895452804745,True,False
2.0999979,0.9033857885259305,-1.3001240844959812,True,False,1.3932333410841906,-1.9914800564452733,True,False,1.475359975665648,-0.7217720990035571,True,False
2.1333311999999998,0.6824410435727989,-0.8546285544533563,True,False,1.833031937594146,-2.2843358005397842,True,False,1.4644598552923789,-0.6822419474351827,True,False
2.1666645,0.2611921082579569,-0.24228964891207105,True,False,2.033450625939093,-2.3346024939076244,True,False,1.2539823055771038,-0.5152655060599265,True,False
2.1999978,-0.24547088141472256,0.4260872599583663,True,False,1.965622525564941,-2.139322838080007,True,False,1.0303107765171544,-0.3549019670594021,True,False
2.2333311,-0.6629370692050607,0.9731412464441548,True,False,1.6605518221166093,-1.7316458481331647,True,False,0.9358184855578568,-0.31705187162051446,True,False
2.2666644,-0.836105225719017,1.237175584003527,True,False,1.186583910875322,-1.1708096726539365,True,False,1.0161340832233174,-0.4492293832608691,True,False
2.2999977,-0.7066140174924104,1.1557608592504656,True,False,0.6028292106755928,-0.5081010222097425,True,False,1.1739001126778723,-0.6780504138303926,True,False
2.333331,-0.34806794236693694,0.8059716303478295,True,False,-0.05731077432640858,0.22347580820898685,True,False,1.1897983098829479,-0.819622937112362,True,False
2.3666643,0.06699398364075161,0.3716862003562843,True,False,-0.7576602115242107,0.9811682506795157,True,False,0.8447047386929433,-0.6846093139950629,True,False
2.3999976,0.35165324584570135,0.054826659703991996,True,False,-1.4208673209903684,1.6785626252834849,True,False,0.0845086783881751,-0.22321284536147612,True,False
2.4333309,0.38617515732707164,-0.011868882873274075,True,False,-1.9230868020134517,2.1858945340307296,True,False,-0.8971020739257336,0.40328209101700857,True,False
2.4666642,0.15344355457852532,0.19590244869088147,True,False,-2.1366126319727496,2.375911000191004,True,False,-1.7416939212953018,0.8998272197088147,True,False
2.4999975,-0.2675493235876875,0.5997568313736749,True,False,-1.9975867485586645,2.1905448335509483,True,False,-2.1292465835180288,1.0197574197598696,True,False
2.5333308,-0.7278812028357945,1.0463180370455827,True,False,-1.5511589914008581,1.6834947835451308,True,False,-1.958346309632925,0.7188636182194788,True,False
2.5666640999999997,-1.0548764557749708,1.3560962243915105,True,False,-0.9371856695979696,1.0048710393091635,True,False,-1.385584807299728,0.17484060807807847,True,False
2.5999974,-1.1192940053930711,1.3937942442939288,True,False,-0.32638477271276317,0.336660321564111,True,False,-0.7145703787005258,-0.3302621575033202,True,False
2.6333306999999997,-0.8916319603243209,1.127003618656803,True,False,0.1452732179673579,-0.17496145118165926,True,False,-0.22058633472435116,-0.575986911180697,True,False
2.666664,-0.44899461151288106,0.6336594655613309,True,False,0.4082878662309808,-0.4544251848250843,True,False,-0.02161328961003908,-0.510291678740736,True,False
2.6999972999999997,0.06880328174159067,0.05738867204810594,True,False,0.45914174537131175,-0.5003389027621693,True,False,-0.05571768954136453,-0.24598004314718563,True,False
2.7333306,0.5192488760104459,-0.4531649442099538,True,False,0.3449526540176872,-0.3736474168804904,True,False,-0.15132978316185375,0.028048831906675786,True,False
2.7666638999999997,0.8002720361783999,-0.7877456379372985,True,False,0.14334119593719444,-0.17460193205706365,True,False,-0.13695360673434687,0.15648536272104113,True,False
2.7999972,0.8710773304837772,-0.8962934576056983,True,False,-0.05886791696153007,-0.008818794245833442,True,False,0.06806202450103635,0.08866312428126975,True,False
2.8333304999999998,0.7585229530032177,-0.7977734478811642,True,False,-0.18382113923151852,0.04657432685685843,True,False,0.4244291947655593,-0.11769486493127379,True,False
2.8666638,0.5452737218420037,-0.5714545179975491,True,False,-0.17459428030401336,-0.038439384331934265,True,False,0.8119948190544896,-0.34705533504618274,True,False
2.8999970999999998,0.33361258867671556,-0.32279571250427774,True,False,-0.0034818546832136965,-0.24752397908233625,True,False,1.1013266123909498,-0.4897433172492563,True,False
2.9333304,0.1998006742894561,-0.1374919575241896,True,False,0.3181004049248809,-0.5301195786746572,True,False,1.2097768657566847,-0.4838844542870025,True,False
2.9666637,0.16577945170637712,-0.050243292014711304,True,False,0.7278378514553782,-0.8145076910364549,True,False,1.122360861006879,-0.3291103365272908,True,False
2.999997,0.20282824723601078,-0.04408268814263878,True,False,1.1097067209431624,-1.0180215788307092,True,False,0.8867012297846723,-0.0794769708829361,True,False
3.0333303,0.2611366633005104,-0.07658467838948484,True,False,1.3162305257760207,-1.0594602462052563,True,False,0.5899711115536477,0.18253489026388503,True,False
3.0666636,0.2986157813163304,-0.10831175482307549,True,False,1.222183360784011,-0.8824684658635755,True,False,0.3201283717204872,0.3855473403718424,True,False
3.0999969,0.2835080838987288,-0.10836170520372808,True,False,0.7977072680131607,-0.49269325881487674,True,False,0.127743089861451,0.5000554240868333,True,False
3.1333301999999996,0.1807048512399393,-0.04494755414054287,True,False,0.1616783725889404,0.010945861428339745,True,False,0.014963514224751964,0.5367858702261413,True,False
3.1666635,-0.04498315275361853,0.10979101248482352,True,False,-0.44323369417127434,0.45286093869869165,True,False,-0.04116621080930675,0.5155635045804133,True,False
3.1999967999999996,-0.39780780875558597,0.35343932693425884,True,False,-0.772693543529214,0.6641845358066647,True,False,-0.05804667033850828,0.4381081219238164,True,False
3.2333301,-0.8188738633086706,0.6304154443733525,True,False,-0.7258866048746025,0.5847887867831347,True,False,-0.043762696710214016,0.29567201848991703,True,False
3.2666633999999997,-1.1894409909801755,0.842171194140754,True,False,-0.3977090785940033,0.30077775815977575,True,False,-0.016971335146570933,0.09997254648267515,True,False
3.2999967,-1.3797022592026644,0.8934872759211067,True,False,-0.0020671755501157287,-0.012861133031324736,True,False,-0.013180510666811814,-0.10459281418446487,True,False
3.3333299999999997,-1.3145112637036216,0.7456888223960627,True,False,0.25479414923444266,-0.19101316788572775,True,False,-0.06358281453358032,-0.2623730205714261,True,False
3.3666633,-1.0110431273067813,0.4389070346291623,True,False,0.2599037809430619,-0.150818533957989,True,False,-0.1756990456230574,-0.3350020953620413,True,False
3.3999965999999997,-0.5644095578258974,0.06844465014081944,True,False,0.018813987291115677,0.08377683021535973,True,False,-0.337939018083243,-0.31416974686341775,True,False
3.4333299,-0.09839573238764025,-0.26409754261483187,True,False,-0.3588734262544245,0.3990226334909876,True,False,-0.5335738589566924,-0.22041857900463366,True,False
3.4666631999999997,0.28376423028631975,-0.49153738617600456,True,False,-0.7016460919467293,0.6411222017158108,True,False,-0.7432668551731273,-0.09363682493934763,True,False
3.4999965,0.5281415477693727,-0.5964098058724485,True,False,-0.8392042022933802,0.6809623572407396,True,False,-0.934444003118361,0.022255148970800307,True,False
3.5333297999999997,0.6332159145663473,-0.601261099768084,True,False,-0.6687534347628601,0.4666329421155844,True,False,-1.0521985830431502,0.09389984732596833,True,False
3.5666631,0.6330901736817363,-0.5462573906358467,True,False,-0.19628733331807335,0.04022072745660092,True,False,-1.0314893198706139,0.10646992011878899,True,False
3.5999963999999998,0.5753033900900177,-0.4709803036028475,True,False,0.46318115441426766,-0.48418906340661216,True,False,-0.8320117080189405,0.06330303388809946,True,False
3.6333297,0.5001318092987447,-0.40320929584726056,True,False,1.1161300552924829,-0.9598098956278316,True,False,-0.4697987205610089,-0.020773775483563225,True,False
3.666663,0.42313441108211003,-0.3493032153371985,True,False,1.5405988200798872,-1.2443189156390493,True,False,-0.02177608770500629,-0.123702316415473,True,False
3.6999963,0.3350039834085345,-0.29659597790712244,True,False,1.558726059599223,-1.2362783246245863,True,False,0.3967129199600279,-0.21191857196773245,True,False
3.7333296,0.2259633132600446,-0.23613214190897464,True,False,1.1153929265225924,-0.9107057687029442,True,False,0.6711662562034599,-0.23932314057218895,True,False
3.7666628999999996,0.11235001084715117,-0.18422276189364442,True,False,0.31602569751024306,-0.3361271844527636,True,False,0.7345733222410049,-0.16702597435116914,True,False
3.7999962,0.04078272758491937,-0.17878048748228784,True,False,-0.6074962124089843,0.34167586940504857,True,False,0.6028807142392242,0.0028396193608669676,True,False
3.8333294999999996,0.06978178073117185,-0.2558483854497891,True,False,-1.3859172979962364,0.9447076960117411,True,False,0.3713077910314018,0.21136113437176293,True,False
3.8666628,0.2375992359351792,-0.4232951296453565,True,False,-1.812377152732844,1.320488428098237,True,False,0.16139429972254132,0.3688722906589993,True,False
3.8999960999999996,0.5250678006468437,-0.6406742873216146,True,False,-1.811403068163541,1.3925427117472442,True,False,0.048932569050998825,0.409340626014141,True,False
3.9333294,0.8365954479189646,-0.8165982277466448,True,False,-1.4501548088072194,1.181572258088016,True,False,0.023641490811896478,0.33206381322732925,True,False
3.9666626999999997,1.0267069143408087,-0.8378408019089927,True,False,-0.8887664141867075,0.7856650687061765,True,False,0.007399395595118708,0.2009067706839616,True,False
3.999996,0.9670106156536256,-0.6230691665520212,True,False,-0.2997206183554491,0.3333240039253675,True,False,-0.08328443333081441,0.10431293270330262,True,False
4.0333293,0.608783831099568,-0.1658199872574752,True,False,0.1989998530627674,-0.06447265564562232,True,False,-0.269110101992298,0.0998976562546748,True,False
4.0666626,0.002949807924352852,0.46014215355498245,True,False,0.5720734543870173,-0.3489222434997382,True,False,-0.4762501334270111,0.17328133897851353,True,False
4.0999959,-0.714933334673741,1.1201751766240529,True,False,0.8547055097930447,-0.5260800683308005,True,False,-0.5641185607036371,0.2379702327561482,True,False
4.1333291999999995,-1.3503379693237971,1.6411981786190273,True,False,1.105818274515503,-0.644620082958999,True,False,-0.40020467513436525,0.1833387688352311,True,False
4.1666625,-1.6924599271510103,1.849293991485729,True,False,1.3445197711184942,-0.744007386346153,True,False,0.05654369528130346,-0.05334842252058745,True,False
4.1999958,-1.5926008924556823,1.641585136318359,True,False,1.5083476310480641,-0.8094831409210331,True,False,0.7076758057964946,-0.433709315139939,True,False
4.2333291,-1.0515895767344055,1.0617390811175889,True,False,1.4701943982281411,-0.7723284942497807,True,False,1.3371899924098611,-0.8208807311866261,True,False
4.2666623999999995,-0.24513092408674772,0.30971228637582016,True,False,1.1134139299173322,-0.5600111698196182,True,False,1.709789056890287,-1.0475406294566847,True,False
4.2999957,0.5500661581172189,-0.34371267554324214,True,False,0.42137917725722107,-0.16168082221922042,True,False,1.6973192985663041,-1.0142210595523662,True,False
4.333329,1.08266884308371,-0.6871662446055125,True,False,-0.47553960848930843,0.33878099270326,True,False,1.3429955521091759,-0.7489232160703012,True,False
4.3666623,1.22522259528032,-0.6628021938778256,True,False,-1.3318170341832485,0.7892342146341299,True,False,0.8092310694699795,-0.3801576007439772,True,False
4.3999956,0.9992001417703605,-0.37466537472354317,True,False,-1.887204812800271,1.0403951930806636,True,False,0.2531323635669019,-0.04403965017504709,True,False
4.433328899999999,0.5296616773040965,-0.0132846753827365,True,False,-1.976702130407766,1.0128838205077244,True,False,-0.26505522664574277,0.1999892705421066,True,False
4.4666622,-0.029499954490865465,0.25164500280955904,True,False,-1.5872123254414279,0.7192450010244011,True,False,-0.7669057595327421,0.3777724201987129,True,False
4.4999955,-0.5477893727669064,0.3410817020664055,True,False,-0.8453725673886069,0.24286273013041093,True,False,-1.2571268586000086,0.53351632845437,True,False
4.5333288,-0.9308969405114993,0.26918204964353354,True,False,0.03556107071644416,-0.2956170449969241,True,False,-1.6436076189490005,0.6575841181954012,True,False
4.566662099999999,-1.119975552856616,0.10360010969453388,True,False,0.8184411425788763,-0.7645866409997023,True,False,-1.7613670768937606,0.6806436327608744,True,False
4.5999954,-1.099519250649819,-0.07839004702285261,True,False,1.302909710614388,-1.0452893986070382,True,False,-1.4867982484837432,0.5372968725421167,True,False
4.6333287,-0.9039238683453668,-0.21982771863734793,True,False,1.3831140951376502,-1.0644000959786095,True,False,-0.8481590963899063,0.23691313494540414,True,False
4.666662,-0.6057342850979698,-0.2958123434180689,True,False,1.088010221823744,-0.8291321688802352,True,False,-0.04758455467366406,-0.12045131945051304,True,False
4.699995299999999,-0.28760222077109376,-0.3082069358406779,True,False,0.5710209530076692,-0.4351927710029637,True,False,0.6167551696040612,-0.3901749596462223,True,False
4.7333286,-0.01372969271429445,-0.273294240243764,True,False,0.03508133902941354,-0.023983895998571095,True,False,0.8839997237459939,-0.45455481182318935,True,False
4.7666619,0.18575353562493607,-0.21455136234914937,True,False,-0.36259405533385597,0.288510933089199,True,False,0.6607505749245256,-0.28207032128439447,True,False
4.7999952,0.3168353274950615,-0.16332912131863483,True,False,-0.557816278949967,0.45671686290639535,True,False,0.07962005924227167,0.05344832560164789,True,False
4.8333284999999995,0.4169543263982005,-0.15983044498781537,True,False,-0.5632218893636087,0.4984422194036608,True,False,-0.5658449764344362,0.4100789888890204,True,False
4.8666618,0.5391184074168066,-0.2406570948176154,True,False,-0.43291090117004855,0.45992960455204596,True,False,-0.9808960491643095,0.6515625868685533,True,False
4.8999951,0.7150281373699504,-0.40851464092416473,True,False,-0.2455566726402973,0.38903544326580325,True,False,-1.0177627496768162,0.70754070372811,True,False
4.9333284,0.916099872669964,-0.6079569775696426,True,False,-0.0963770728499753,0.32728592795004735,True,False,-0.7210816280100478,0.5886378258036695,True,False
4.9666616999999995,1.0542077504784961,-0.7401768523830731,True,False,-0.06839969812232218,0.30504028346924905,True,False,-0.2642403397131393,0.36284154597693385,True,False
4.999995,1.0337965988631201,-0.716250155119629,True,False,-0.18134626084846572,0.324471948678859,True,False,0.16249872414559283,0.11456626858047995,True,False
5.0333283,0.8182571930863689,-0.5131479402075975,True,False,-0.35913127078936935,0.3437987854275162,True,False,0.44643286696231943,-0.09560548725003244,True,False
5.0666616,0.4623173512795172,-0.1960011464324127,True,False,-0.4607621360361373,0.2931849877636226,True,False,0.5914477702220338,-0.25419424486230496,True,False
5.0999948999999996,0.0899479314583639,0.10786165480372785,True,False,-0.36652431425776905,0.1240852987343918,True,False,0.6872333722415778,-0.3860847445407136,True,False
5.133328199999999,-0.16512066268170136,0.26938341206658484,True,False,-0.05922771647526798,-0.14497777152883054,True,False,0.8252074752514931,-0.5154665249914885,True,False
5.1666615,-0.21985144845836344,0.22019519859199052,True,False,0.35409774049401305,-0.42253773232669045,True,False,1.01755170245042,-0.6263570398091245,True,False
5.1999948,-0.07710328303447939,-0.01036202302348458,True,False,0.6927071961551698,-0.5863154280188673,True,False,1.1798372028821051,-0.6600097205226215,True,False
5.2333281,0.17069830834745198,-0.29554981091869104,True,False,0.7990064411719917,-0.5540521884327895,True,False,1.188078286765348,-0.5577931013645122,True,False
5.266661399999999,0.3687868689869174,-0.45412565833089313,True,False,0.6294346878136255,-0.34081562961729683,True,False,0.9653419592179754,-0.3180919833052657,True,False
5.2999947,0.3580009511976762,-0.3309757262326603,True,False,0.2823514028138142,-0.0573979947520852,True,False,0.5384486797085152,-0.019020745601204918,True,False
5.333328,0.05027753701769401,0.115989831403763,True,False,-0.062264922270315604,0.1575113640528246,True,False,0.02849142088661408,0.21783267700174316,True,False
5.3666613,-0.5148741877506786,0.7734808035430564,True,False,-0.25489169989285565,0.22299752677513207,True,False,-0.4192602941895556,0.2994774694415887,True,False
5.399994599999999,-1.168786977285035,1.4054571096756885,True,False,-0.2590045024315113,0.1550648654201471,True,False,-0.7171372586154044,0.21751008729555954,True,False
5.4333279,-1.6713798832520248,1.747822333668425,True,False,-0.14881033935022644,0.03774997639208184,True,False,-0.8713877517438243,0.052399116493607616,True,False
5.4666612,-1.805769396607945,1.6254739669566867,True,False,-0.041429470922984844,-0.039806991692730824,True,False,-0.9555843909270589,-0.0718849041586275,True,False
5.4999945,-1.476012001483566,1.0420565734438836,True,False,-0.022635439189241238,-0.03154476429681883,True,False,-1.0471042598854239,-0.056557353039446444,True,False
5.5333277999999995,-0.7664951710565223,0.1942016514073604,True,False,-0.10451155444712237,0.05342351412890046,True,False,-1.165853557542111,0.11438724197695455,True,False
5.5666611,0.07641928508940657,-0.6089757593070243,True,False,-0.22360272748907306,0.16641991676019072,True,False,-1.247660791989895,0.3606968181926591,True,False
5.5999944,0.7503490767441106,-1.0877106148598243,True,False,-0.2796854306481134,0.24798437927705322,True,False,-1.1703761602388072,0.5480573198467571,True,False
5.6333277,1.0402994770469778,-1.1162950720200266,True,False,-0.2009098053899433,0.25757908168326055,True,False,-0.8247096067321613,0.5588177268775113,True,False
5.6666609999999995,0.9077231340931494,-0.7571662422994082,True,False,0.006218710012412504,0.18872891500169398,True,False,-0.18968337435187688,0.34559818656610036,True,False
5.699994299999999,0.47214662360259857,-0.1963637689248159,True,False,0.26190498124125217,0.06140871195139799,True,False,0.6354743043529097,-0.05444456896668754,True,False
5.7333276,-0.08156679309803522,0.3635349448332509,True,False,0.4685346830796607,-0.09619589838045851,True,False,1.4601444782662603,-0.5347732197571875,True,False
5.7666609,-0.5944148693881717,0.7880938911785075,True,False,0.5704817369554779,-0.25800301204404474,True,False,2.0704098282660683,-0.9493009329294101,True,False
5.7999941999999995,-0.9689340354130104,1.0337644186775279,True,False,0.5744979316271155,-0.3990183916837762,True,False,2.3020485870666207,-1.1539621937661042,True,False
5.833327499999999,-1.1455795043907293,1.105833682652458,True,False,0.5254034357724587,-0.49498971876494274,True,False,2.094564931031047,-1.0592393542555132,True,False
5.8666608,-1.0658024832657653,0.9971081491249606,True,False,0.4696803980526233,-0.5332165888763581,True,False,1.5141115239942289,-0.678048237109672,True,False
5.8999941,-0.6795570815802038,0.6730892143457313,True,False,0.4371597430086147,-0.5258310484198396,True,False,0.7337530227470199,-0.13681732888572995,True,False
5.9333274,-0.0007126033826433058,0.12019799038770733,True,False,0.4341196028609651,-0.5024423448195009,True,False,-0.03169645827692939,0.37213152748886186,True,False
5.966660699999999,0.8494010915123699,-0.595020096052442,True,False,0.43032134490515217,-0.4767179325973565,True,False,-0.6097010008143045,0.6793648655168211,True,False
5.999994,1.6610943179099866,-1.312835270677177,True,False,0.35333129148366316,-0.4163184936747129,True,False,-0.9301312916250847,0.7191253974231537,True,False
6.0333273,2.2092054267612684,-1.8236397661345065,True,False,0.11890762318991822,-0.25412462221792115,True,False,-1.0353414994487269,0.5547933731153253,True,False
6.0666606,2.3352109852297445,-1.9462320757182667,True,False,-0.303239951957832,0.054686306717042985,True,False,-1.0382865913596777,0.33242935810770724,True,False
6.099993899999999,2.0005405849302123,-1.611674891078204,True,False,-0.834791718414308,0.4735978715535013,True,False,-1.0493869305913843,0.19250202660215548,True,False
6.1333272,1.297785685117847,-0.9146005430255338,True,False,-1.3042597321111304,0.8809741639178681,True,False,-1.1167684798307977,0.20111479444524302,True,False
6.1666605,0.42392512837022356,-0.09458179334380884,True,False,-1.5378231362232002,1.1321153668593498,True,False,-1.219538962015271,0.3405486717210036,True,False
6.1999938,-0.3777082601718717,0.5582763396292493,True,False,-1.4569151765093038,1.13730353160038,True,False,-1.305704894826459,0.5423360741928854,True,False
6.2333270999999995,-0.8945356982017847,0.8286522237918283,True,False,-1.1091543624830411,0.8989481507617102,True,False,-1.3276535034974197,0.7192645175651611,True,False
6.266660399999999,-1.0172988231616846,0.6636760039317017,True,False,-0.6241408266521437,0.4952299421797347,True,False,-1.2463187742813535,0.7803087847452896,True,False
6.2999937,-0.7830081801019213,0.1829612946941081,True,False,-0.1400357628351399,0.03741802736326261,True,False,-1.020066130099389,0.6484516172009108,True,False
6.333327,-0.3654677501105571,-0.38410007087660797,True,False,0.2482283731002629,-0.3667320562824993,True,False,-0.6133154575970889,0.298978552284316,True,False
6.3666602999999995,-0.00028963637890254846,-0.8012084877460085,True,False,0.4952296851596592,-0.6300264814113813,True,False,-0.03816283768244197,-0.1980288997064009,True,False
6.399993599999999,0.1286254473429691,-0.9200424974348843,True,False,0.5806361478651592,-0.6926775843274301,True,False,0.6050821325314912,-0.6750042163151092,True,False
6.4333269,-0.0245863316926191,-0.7237396402308794,True,False,0.4922823136974518,-0.5344136653378263,True,False,1.1448384689684337,-0.9355307594587624,True,False
6.4666602,-0.3611378563327769,-0.3067938159581896,True,False,0.23874230896068505,-0.19140763908464378,True,False,1.4226647452604277,-0.8687613346103317,True,False
6.4999934999999995,-0.7081406481483795,0.18653271384902925,True,False,-0.12136256026939413,0.23792353787633194,True,False,1.3834225395069115,-0.528749667355471,True,False
6.533326799999999,-0.9099362319636308,0.622077058835408,True,False,-0.46506215774345644,0.6121944207456125,True,False,1.098854061148933,-0.10887851569410946,True,False
6.5666601,-0.8799349217586405,0.8995037481248903,True,False,-0.6342404306887665,0.7928989071519026,True,False,0.7166377016739183,0.17494453668951634,True,False
6.5999934,-0.6079235038194177,0.9521249338912923,True,False,-0.5096104505222842,0.7024695941613789,True,False,0.38882582550502187,0.2022807378990095,True,False
6.6333267,-0.158034525580621,0.7644277707494902,True,False,-0.08949046685693463,0.3659970761603609,True,False,0.2260564018719925,-0.012591424343694245,True,False
6.666659999999999,0.3323041072849684,0.40822146186462405,True,False,0.4840236056149752,-0.09055195968255894,True,False,0.27695243294641475,-0.36201066670470516,True,False
6.6999933,0.6777094022142706,0.04417620584041618,True,False,0.98005886388168,-0.49070806722542565,True,False,0.5143342377695274,-0.7101377849363338,True,False
6.7333266,0.7105192588304207,-0.14485200514398883,True,False,1.1882085786720495,-0.6830847393682054,True,False,0.8304435659430804,-0.9354934510427408,True,False
6.7666599,0.365074399333047,-0.05247696216201265,True,False,1.018526128363871,-0.6049425707156496,True,False,1.0594394477839078,-0.9492440345409876,True,False
6.799993199999999,-0.2690407308410384,0.2901039440578127,True,False,0.5420868770493432,-0.307314283575671,True,False,1.0331341932607598,-0.7100030821507546,True,False
6.8333265,-0.9667742657221715,0.7296843616027602,True,False,-0.03990933625935237,0.06403053649893535,True,False,0.65457651771376,-0.24398841789203857,True,False
6.8666598,-1.4600363175842113,1.0695361865224244,True,False,-0.48172869919071537,0.3242978929867408,True,False,-0.03896077154429579,0.3425263893625257,True,False
6.8999931,-1.5588659181559847,1.1653559002206857,True,False,-0.5948197086074846,0.32447184924140815,True,False,-0.860424032829867,0.8804617957120764,True,False
6.9333263999999994,-1.236874794362501,0.9880520253960396,True,False,-0.3209053525140701,0.018069424364373907,True,False,-1.5329991209013225,1.19362991247734,True,False
6.966659699999999,-0.629276700329103,0.6198818358670151,True,False,0.2503618956973041,-0.5099676574701482,True,False,-1.8119595624674762,1.1756623204041765,True,False
6.999993,0.05393588460206674,0.192636673462188,True,False,0.9250858794082922,-1.073842843314129,True,False,-1.6048633262470633,0.8490793281617581,True,False
7.0333263,0.6388707570287638,-0.18508311945819866,True,False,1.4911212883865756,-1.4699180321991465,True,False,-1.0144224950272709,0.3630948525024456,True,False
7.0666595999999995,1.0539477384505362,-0.46675130172357854,True,False,1.7967437786797653,-1.5652156780877688,True,False,-0.27366266886413637,-0.08238829552975639,True,False
7.099992899999999,1.3216808271107232,-0.6608893979599005,True,False,1.776027839692341,-1.3353606569278866,True,False,0.3807167210547103,-0.3416612603313477,True,False
7.1333262,1.4956634611139434,-0.7965586629882567,True,False,1.4227262426446194,-0.8383945861636222,True,False,0.8093264050854583,-0.3865349699641044,True,False
7.1666595,1.5941955528154097,-0.8915066442714598,True,False,0.7570038522083874,-0.1648387337052264,True,False,0.9899007847099076,-0.2957966564995374,True,False
7.1999927999999995,1.5775720242198994,-0.9426883264574007,True,False,-0.17497481354908548,0.5884644025347308,True,False,0.9687218540485604,-0.1920337999888627,True,False
7.233326099999999,1.3793567839261864,-0.93555957845072,True,False,-1.2717698282335654,1.3158803703316622,True,False,0.7991630906442123,-0.16761596514250635,True,False
7.2666594,0.963932798526494,-0.856076061436017,True,False,-2.3542971434140827,1.901023624931896,True,False,0.5148201539530753,-0.2363325148615906,True,False
7.2999927,0.3704002282679447,-0.6984558361472006,True,False,-3.1793104791123907,2.232291943539977,True,False,0.14449554974763548,-0.3328472660671142,True,False
7.333326,-0.28528319735699786,-0.4720142962090813,True,False,-3.4960100097120472,2.228301635960738,True,False,-0.2576735032138834,-0.3592857249748465,True,False
7.366659299999999,-0.8516154710656745,-0.2077399345458252,True,False,-3.1390047702585537,1.8628780572739623,True,False,-0.6012602637722219,-0.2518503694772955,True,False
7.3999926,-1.1978493917638708,0.039914125691070036,True,False,-2.1232662521695786,1.1833412914781636,True,False,-0.7875824129983935,-0.024738797573622906,True,False
7.4333259,-1.2530887700794904,0.2036459001466655,True,False,-0.6796974447295338,0.3149890408891213,True,False,-0.7654224494350027,0.23976329258402074,True,False
7.4666592,-1.0208864204877686,0.23011160561146846,True,False,0.8097301319726046,-0.5572201390592453,True,False,-0.5707590917600157,0.4454213360188765,True,False
7.499992499999999,-0.5761614645323673,0.11029575023995918,True,False,1.9577179488930403,-1.2376867168567907,True,False,-0.3116637244560032,0.5365156377497345,True,False
7.533325799999999,-0.04872052213589298,-0.1056206904897329,True,False,2.523109558395698,-1.587835454211116,True,False,-0.10855152788315582,0.5168805475307808,True,False
7.5666591,0.40223937922947384,-0.31418859831971035,True,False,2.4826034877974674,-1.5743846041704423,True,False,-0.034456416662282045,0.42979254773516434,True,False
7.5999924,0.6227075287575075,-0.3863866977941566,True,False,1.9936189510046567,-1.2701560896068689,True,False,-0.08619292669429528,0.3181797886493866,True,False
7.633325699999999,0.5141271484937873,-0.22231915062319071,True,False,1.29651657269415,-0.8157846948961898,True,False,-0.1936692927137761,0.19641135503011023,True,False
7.666658999999999,0.08962889358315435,0.1832062853265523,True,False,0.6219139667501659,-0.36745905097094506,True,False,-0.2628202706042264,0.057329072593161605,True,False
7.6999923,-0.5041391590918055,0.7117040279178564,True,False,0.12784156552127546,-0.04758099216173426,True,False,-0.23052243190684316,-0.09624918620331531,True,False
7.7333256,-1.0384070835339037,1.1661365398102683,True,False,-0.13690426313697107,0.09258819512574154,True,False,-0.09761813653098683,-0.2331430892349933,True,False
7.7666588999999995,-1.3127763611989263,1.371670864722645,True,False,-0.23714445536217854,0.0860053807914048,True,False,0.07805643107777835,-0.3107391840626038,True,False
7.799992199999999,-1.252429328658934,1.2635348243731326,True,False,-0.3097515164740466,0.027105772776041464,True,False,0.21928680719250956,-0.31150803292242535,True,False
7.8333255,-0.9232149029777839,0.9030294024039948,True,False,-0.48565970761077853,0.022092822490511116,True,False,0.27550982409313596,-0.2643875345379358,True,False
7.8666588,-0.46531561608401334,0.42531357671029263,True,False,-0.814132710809126,0.14028757854889456,True,False,0.25042387181103737,-0.22793882619328076,True,False
7.8999920999999995,-0.00822501124564663,-0.031028891180513773,True,False,-1.228319745543383,0.38563707249016826,True,False,0.18840592421391109,-0.24219706670644317,True,False
7.933325399999999,0.3744760803616529,-0.37200342188593355,True,False,-1.569837110560031,0.6915021360867313,True,False,0.13112115837660965,-0.2887583614255791,True,False
7.9666587,0.6602487301401384,-0.5646059609482594,True,False,-1.6659957889979569,0.9411646454109076,True,False,0.08885090547458306,-0.30147294602533936,True,False
7.999992,0.8507293219982611,-0.6301455648787925,True,False,-1.4219702692620697,1.0123267220765788,True,False,0.04724102505726809,-0.2221098014965955,True,False
8.0333253,0.953990678502579,-0.6251967119169319,True,False,-0.8712953581809489,0.8310704863892158,True,False,-0.013973567228747711,-0.047367528372345966,True,False
8.0666586,0.9817156335938898,-0.6141823899438038,True,False,-0.15632608377590376,0.41451869364355154,True,False,-0.10903626934951252,0.17197924974847126,True,False
8.0999919,0.945919623315893,-0.6364368382019667,True,False,0.5409409203979861,-0.12179494824565242,True,False,-0.2312425881038222,0.36635100596937853,True,False
8.1333252,0.8502438755777703,-0.6839748141414304,True,False,1.076550656674356,-0.6101233274205606,True,False,-0.3302932077402265,0.47758031897568803,True,False
8.166658499999999,0.689874679800558,-0.7085962762845256,True,False,1.3931975278647342,-0.9136906952039549,True,False,-0.30806667173273705,0.4661156630575843,True,False
8.1999918,0.46562965712432147,-0.6527789388303452,True,False,1.5128521439978388,-0.9892348037721789,True,False,-0.06575746136988274,0.3142881867376747,True,False
8.2333251,0.1999267209203064,-0.4839140547321875,True,False,1.4780313625311878,-0.8811516382205166,True,False,0.40943041826658605,0.04607609260005797,True,False
8.266658399999999,-0.05538660836621328,-0.22175775484145802,True,False,1.2950276173350186,-0.6632395761959757,True,False,0.9868915664542546,-0.2550133118979521,True,False
8.2999917,-0.22501218339188428,0.052251914643905426,True,False,0.9400965820052827,-0.38942074555540995,True,False,1.428270103140489,-0.46684523026924657,True,False
8.333325,-0.2407680121037809,0.22733841188772083,True,False,0.4244129609290993,-0.0915772739290053,True,False,1.5076691314445572,-0.4909267179279124,True,False
8.3666583,-0.09283273621520953,0.2355620970622147,True,False,-0.1538927832328969,0.19256096189946137,True,False,1.1435935607609948,-0.3159386724232693,True,False
8.3999916,0.13783617089797545,0.11048885144845064,True,False,-0.6261795661947654,0.40154281609703646,True,False,0.4625168011889931,-0.03677791810273914,True,False
8.433324899999999,0.30857617418838224,-0.02458533760326925,True,False,-0.8260297013301378,0.46421961844572607,True,False,-0.2479580262409602,0.18813060895975287,True,False
8.4666582,0.29347462836304666,-0.03360827899924133,True,False,-0.675242908056657,0.34139884831948075,True,False,-0.6804741645465271,0.22025461903045246,True,False
8.4999915,0.047469467938428364,0.15266337531439167,True,False,-0.24018323848031142,0.06835152768938363,True,False,-0.6717114942411063,0.019428170413449516,True,False
8.533324799999999,-0.38573079036881525,0.5072173751645445,True,False,0.2861498594312607,-0.2419187911895568,True,False,-0.2922747476223167,-0.32787759659789917,True,False
8.5666581,-0.9027078656458603,0.9285266507876978,True,False,0.6809579326925445,-0.45062930950255004,True,False,0.19442541002089053,-0.6505741250656177,True,False
8.5999914,-1.3719595817171324,1.2861103638665317,True,False,0.7969029410063975,-0.4637355214132165,True,False,0.4773676161182143,-0.7825662986588845,True,False
8.6333247,-1.6625874548756325,1.4671099679478268,True,False,0.5970546749391795,-0.26558732781091343,True,False,0.35964151641316755,-0.6440035835780105,True,False
8.666658,-1.6782471068616114,1.4096781611002112,True,False,0.12293489831021434,0.09747321040502083,True,False,-0.15095990744316365,-0.2680657529403806,True,False
8.699991299999999,-1.3903893373317102,1.1146099750194631,True,False,-0.5343219135041599,0.5464542453650895,True,False,-0.8622495009572795,0.22921584725770153,True,False
8.7333246,-0.852377238156103,0.6350405300021703,True,False,-1.2229179524223224,0.9787021318544012,True,False,-1.501581414920739,0.7055158828527293,True,False
8.7666579,-0.18311693037851012,0.05368317440967929,True,False,-1.725143637883044,1.2690113533276508,True,False,-1.8366185447266707,1.0419638448063864,True,False
8.7999912,0.47274103731751205,-0.5377998857380321,True,False,-1.8187219428186312,1.296817539221314,True,False,-1.7593839629153452,1.1691433971133545,True,False
8.8333245,0.9863648496488675,-1.0480948784091682,True,False,-1.3925489270754043,1.0032091054340726,True,False,-1.3117274769490281,1.0727835755601356,True,False
8.866657799999999,1.269531933916141,-1.38948657340823,True,False,-0.5362864125961714,0.4398995171617467,True,False,-0.6521662634965097,0.7908417038413219,True,False
8.8999911,1.2843138118603712,-1.489787258043768,True,False,0.4716770761704887,-0.23386132560340744,True,False,0.015933981602672818,0.40310190183743533,True,False
8.9333244,1.0497643574216786,-1.3183590083279273,True,False,1.28553909401147,-0.8161258051994024,True,False,0.5210685863553234,0.007106535252657357,True,False
8.966657699999999,0.6468276685154299,-0.9136216173971607,True,False,1.650646102292331,-1.1528184540020374,True,False,0.7751024399101522,-0.3135544942496326,True,False
8.999991,0.21002733076917482,-0.3917841442136323,True,False,1.5019374408211559,-1.1980281583442152,True,False,0.7845207587403118,-0.5108589763027862,True,False
9.0333243,-0.10724714431933577,0.07929241296021083,True,False,0.9575115137999565,-1.0108583334002632,True,False,0.6237955968086923,-0.5735095041581207,True,False
9.0666576,-0.19491917313078463,0.34169110131479435,True,False,0.23774904593628707,-0.7023566850655967,True,False,0.3890681694415245,-0.5140913485243102,True,False
9.0999909,-0.04941806953444864,0.31938182257574277,True,False,-0.42747457889622276,-0.37649943438682365,True,False,0.157532002286571,-0.3568702399015508,True,False
9.133324199999999,0.2112871260771914,0.059181245526457364,True,False,-0.8617242545361642,-0.10089352112846216,True,False,-0.027158481920494415,-0.1368950338948706,True,False
9.1666575,0.4105331766584373,-0.2888963385393292,True,False,-0.9703832117160025,0.08885689990934652,True,False,-0.1379186652630126,0.089039655876739,True,False
9.1999908,0.42128603694812766,-0.5464676468456393,True,False,-0.7470921587534225,0.17264249576631194,True,False,-0.13926653038545359,0.23769701211172548,True,False
9.233324099999999,0.2442916865509384,-0.5962207413352514,True,False,-0.26734278290749686,0.14084702846054853,True,False,0.0039223876939674185,0.22810204266214013,True,False
9.2666574,0.005026682088706237,-0.43646081600948444,True,False,0.3266395538149612,0.0067718857331267,True,False,0.2800640785504074,0.037524175525784596,True,False
9.2999907,-0.12217293505676094,-0.17306815606770604,True,False,0.8482643103380482,-0.17623757255757663,True,False,0.5980108540636342,-0.26392451869431627,True,False
9.333324,-0.01778068241948082,0.0455170268044582,True,False,1.1061940165368316,-0.31536567756316214,True,False,0.8140805034801797,-0.5387262040893427,True,False
9.3666573,0.303230242411089,0.11711600925758088,True,False,0.9739583180550365,-0.31466458136344083,True,False,0.8111391549271829,-0.6565111731557302,True,False
9.399990599999999,0.6787872983488684,0.05064399529141476,True,False,0.4650933981423833,-0.13392048479929,True,False,0.5751648711728984,-0.568915766782717,True,False
9.4333239,0.8709970555677253,-0.03488646683258099,True,False,-0.24880244138258464,0.17762364166194466,True,False,0.2099781082000239,-0.3320487514415363,True,False
9.4666572,0.6930736501101737,0.015981106805664624,True,False,-0.9085268923116226,0.5060770142655423,True,False,-0.12405835223321328,-0.06025644234704366,True,False
9.4999905,0.12292642082806506,0.2922062584599934,True,False,-1.2839572111097346,0.7363817195979782,True,False,-0.3018437108493256,0.15000772897967263,True,False
9.5333238,-0.6642526769295839,0.7498629805619104,True,False,-1.2661477774666,0.8058832037575797,True,False,-0.292489933468177,0.2680562976159469,True,False
9.566657099999999,-1.3656745329747797,1.2239033937359165,True,False,-0.8966653588593311,0.7187369602505924,True,False,-0.15462020745465452,0.3218612675333768,True,False
9.5999904,-1.6912249374640551,1.5131150104346711,True,False,-0.3365337565043815,0.5270535763216414,True,False,0.017952067596668772,0.35265642611055215,True,False
9.6333237,-1.505633347210779,1.4878691396824788,True,False,0.20461958990266596,0.30144202232047684,True,False,0.15632073422884923,0.37314454958660676,True,False
9.666656999999999,-0.8940878710479381,1.151180689948143,True,False,0.5521222780863967,0.10661903161297544,True,False,0.2416323653539115,0.3622295802265953,True,False
9.6999903,-0.11249471894512666,0.6180717370384567,True,False,0.6308956326464529,-0.014719931095693773,True,False,0.2948194977823924,0.28884217687695013,True,False
9.7333236,0.5440642574003366,0.041206471598262434,True,False,0.48148811723582763,-0.04892578489654225,True,False,0.35706334257661365,0.13357190612226533,True,False
9.7666569,0.8751618071374124,-0.4585667939122684,True,False,0.21793008252493673,-0.008044129674882636,True,False,0.4647461095555634,-0.10152901645875798,True,False
9.7999902,0.8430952753713485,-0.8202254087944439,True,False,-0.043321902940347816,0.07879175865169949,True,False,0.6088587727625334,-0.3816275937304051,True,False
9.833323499999999,0.5544136138115213,-1.0329580440562698,True,False,-0.23108268456823924,0.17116833958839411,True,False,0.7058223289244124,-0.629507235553023,True,False
9.8666568,0.17769123412676785,-1.1092353629879477,True,False,-0.31825374610235196,0.22080107061039822,True,False,0.6296015973050214,-0.7445048778910467,True,False
9.8999901,-0.154049444920054,-1.0568014894270454,True,False,-0.29692854654902745,0.18184281893444987,True,False,0.30278912197497515,-0.6569785844812482,True,False
9.933323399999999,-0.39697260982888855,-0.8690088507329405,True,False,-0.17013450018289406,0.03294248129289298,True,False,-0.22735503916043762,-0.3803492786786502,True,False
9.9666567,-0.5739437754541493,-0.5472351258645277,True,False,0.03387236210339198,-0.20207463891610947,True,False,-0.7979162433166114,-0.01503070587137562,True,False
9.99999,-0.7075093921765562,-0.13704312361684537,True,False,0.25260100531022905,-0.4575072935671338,True,False,-1.2193449397641514,0.3024659051597695,True,False
10.0333233,-0.7705463905547828,0.2574525856406103,True,False,0.40705623205727254,-0.6566590595221674,True,False,-1.3774697740076918,0.47177420518800955,True,False
10.0666566,-0.6883798783825807,0.4983342768398559,True,False,0.4410199154829465,-0.7464318465506828,True,False,-1.2816157470767775,0.4776537208113617,True,False
10.099989899999999,-0.3914279329579818,0.4748818748644067,True,False,0.35888410397819115,-0.7119576021774149,True,False,-1.0424512167129927,0.3901684187077521,True,False
10.1333232,0.10870153693275197,0.1784128519074732,True,False,0.23537222365013039,-0.5735034365081895,True,False,-0.8107210797585082,0.3205418782485067,True,False
10.1666565,0.6789821295871055,-0.26237062786843346,True,False,0.17967289743504364,-0.37967662359006205,True,False,-0.7078881792312036,0.3543995952433905,True,False
10.199989799999999,1.1114818167070593,-0.6323483899074218,True,False,0.26403169197211257,-0.19481928804193674,True,False,-0.7644699853387462,0.4942372155813336,True,False
10.2333231,1.2314743524026894,-0.7425808450239524,True,False,0.4657899412969802,-0.0736409075332609,True,False,-0.8929212346285733,0.6506823821798088,True,False
10.266656399999999,0.9845911310829984,-0.5229493091549231,True,False,0.6751156271703701,-0.036950045145011545,True,False,-0.9270110188206846,0.6994570114262818,True,False
10.2999897,0.4508816493333759,-0.039764245966773956,True,False,0.7665272491612269,-0.06832696108926309,True,False,-0.7224225782901629,0.5677633147853081,True,False
10.333323,-0.20070135744689654,0.5498237843462088,True,False,0.6788420202028908,-0.13077032889391937,True,False,-0.25880071899357543,0.28483588498573437,True,False
10.366656299999999,-0.7774310885478172,1.0625688417822134,True,False,0.44712878431034553,-0.18639147408265483,True,False,0.33274845954777243,-0.039304277075627156,True,False
10.3999896,-1.1234924789405747,1.345377632010333,True,False,0.16831074955039935,-0.2040763061574663,True,False,0.8442253043170963,-0.28700198445128006,True,False
10.4333229,-1.164571997474415,1.3164114405310134,True,False,-0.07291832220975149,-0.15439689515719665,True,False,1.1174602880210716,-0.40441154215555114,True,False
10.4666562,-0.9182489075731732,0.9827575213884986,True,False,-0.26171757102607773,-0.008876625390472744,True,False,1.1346517235342233,-0.4242817817192254,True,False
10.4999895,-0.4642148230329968,0.4273560383320681,True,False,-0.4490077118728525,0.24316183721962747,True,False,1.0160674621002677,-0.43049952420106763,True,False
10.533322799999999,0.10068656614140467,-0.22561715928719564,True,False,-0.6950868867039683,0.5733966121740774,True,False,0.9368443843345253,-0.49652213562105835,True,False
10.5666561,0.6930865315525371,-0.848434825303609,True,False,-1.0138904358154588,0.91050600540069,True,False,1.0229152098901781,-0.6432800609748052,True,False
10.5999894,1.247495535907237,-1.3369440360547697,True,False,-1.352464592003424,1.155029523620148,True,False,1.2843069850282745,-0.8352271609945834,True,False
10.633322699999999,1.6957056007558369,-1.621551958276215,True,False,-1.5992028173443962,1.2029036482131141,True,False,1.6106026617661522,-0.998744531071363,True,False
10.666656,1.9418358459061733,-1.6649304611654483,True,False,-1.6115876764719346,0.9766108396219706,True,False,1.8223474055660904,-1.0461622564203865,True,False
10.699989299999999,1.8714437589795412,-1.4578043970576815,True,False,-1.2711651735489726,0.46629678251216117,True,False,1.7527120306831816,-0.9065787052078929,True,False
10.7333226,1.4105004757468067,-1.0234506780511141,True,False,-0.5617515755326421,-0.2350600896196095,True,False,1.324064561477337,-0.5622751915555487,True,False
10.7666559,0.5957508310716898,-0.42618221028432385,True,False,0.3709097483180351,-0.9349633996544743,True,False,0.5866448270703145,-0.07214819999393261,True,False
10.799989199999999,-0.4037393981998108,0.2308499678661987,True,False,1.2362782441143845,-1.3994659256866016,True,False,-0.30038954513082333,0.4406987635147103,True,False
10.8333225,-1.3336175659451688,0.8227950217006287,True,False,1.712073421611269,-1.4455152544209418,True,False,-1.1380333894510133,0.8417271771419613,True,False
10.8666558,-1.9382245164605507,1.2290079763101747,True,False,1.6027357856485969,-1.0271370609873514,True,False,-1.7657634660334567,1.0511083495301798,True,False
10.899989099999999,-2.0417246551181147,1.3625213367380182,True,False,0.9514869951536108,-0.2747704837655839,True,False,-2.1041765050628016,1.078709168614296,True,False
10.9333224,-1.606780187682252,1.1970071900640333,True,False,0.03450401843523274,0.5423129095821818,True,False,-2.152389844707317,1.002571487982945,True,False
10.966655699999999,-0.7598501206625803,0.7834380904286967,True,False,-0.7642463889749478,1.1252714694694925,True,False,-1.9631518505348893,0.9066647289447514,True,False
10.999989,0.23115930164936316,0.2508391935172744,True,False,-1.1267029818297998,1.2736856645916477,True,False,-1.616772281998057,0.8224135272976588,True,False
11.0333223,1.0316995231413817,-0.217259300075313,True,False,-0.9347216657760261,0.9681279167593078,True,False,-1.200626365285916,0.7164525961612502,True,False
11.066655599999999,1.3488198751356466,-0.4377507437900992,True,False,-0.3143860977710505,0.3745271005378062,True,False,-0.7953938247216286,0.5329495890744057,True,False
11.0999889,1.038196674702145,-0.3018698188227885,True,False,0.42246267621576483,-0.2300649981012116,True,False,-0.4631344749604207,0.2531135571057924,True,False
11.1333222,0.17427941623231585,0.16436673982110164,True,False,0.9246119345355681,-0.584641709323866,True,False,-0.2315477409144275,-0.07911468528395446,True,False
11.1666555,-0.9489482569362604,0.7880429291542799,True,False,0.9729416859825464,-0.5674853580181273,True,False,-0.08409695813096067,-0.38095062473714253,True,False
11.1999888,-1.906356624295108,1.304697667758968,True,False,0.5830739651149864,-0.24879143599434914,True,False,0.02978644607756038,-0.5773519860879212,True,False
11.233322099999999,-2.304092612951992,1.4675244522307243,True,False,-0.017354483215479277,0.1588718364122078,True,False,0.17191447174820176,-0.6377007015538886,True,False
11.2666554,-1.9529287621247282,1.1605937756439504,True,False,-0.5154839446450237,0.42391228769576483,True,False,0.39891084659384013,-0.5906220128731358,True,False
11.2999887,-0.9627455071863555,0.45471037423211674,True,False,-0.6712334495862984,0.4205687480992734,True,False,0.7512025198634424,-0.5146821799464913,True,False
11.333321999999999,0.30209772025338927,-0.4249891382081072,True,False,-0.4305081629063798,0.18405710335017145,True,False,1.2305455546974542,-0.501388278129454,True,False
11.3666553,1.3891395293086095,-1.1966328310857335,True,False,0.05658659777355314,-0.12976881957290676,True,False,1.7675507581359866,-0.6018616104701072,True,False
11.399988599999999,1.9569468055604844,-1.6307278354013985,True,False,0.5210725140009523,-0.34700507246960327,True,False,2.212509483346889,-0.7913007501614985,True,False
11.4333219,1.9032225260793734,-1.627313012386051,True,False,0.7217593822588035,-0.3738852206239402,True,False,2.383199751731291,-0.9791270764605411,True,False
11.4666552,1.3658951154238723,-1.2381708947395518,True,False,0.5750309017738454,-0.23606833109249012,True,False,2.156454887867218,-1.0564005382526391,True,False
11.499988499999999,0.6141606946838875,-0.6261763216294113,True,False,0.19753429468585118,-0.048966932089882294,True,False,1.541576001229635,-0.9460194418817325,True,False
11.5333218,-0.09469713161483709,0.016674217609301233,True,False,-0.16147373554701264,0.05130670630152365,True,False,0.683654545803582,-0.6313303414285041,True,False
11.5666551,-0.6034216659837266,0.5392280591182135,True,False,-0.26428988395851416,-0.024129507255364977,True,False,-0.1985574180381526,-0.163225571534864,True,False
11.599988399999999,-0.8539336869942804,0.8512765789071162,True,False,-0.02728440131067986,-0.2776246887864327,True,False,-0.8990680540227637,0.3503891968344747,True,False
11.6333217,-0.8449728044765955,0.9110160038328632,True,False,0.41900842640363994,-0.619716966565751,True,False,-1.298375261550836,0.7796749034883992,True,False
11.666654999999999,-0.61332384574012,0.720742859528052,True,False,0.7905083581214387,-0.8949625047040871,True,False,-1.4001597618571973,1.0303317142224484,True,False
11.6999883,-0.2451622722904503,0.3372203644003229,True,False,0.8103913519739264,-0.9428069843136517,True,False,-1.31480707887965,1.091163242318342,True,False
11.7333216,0.13115511848764722,-0.1359692706695961,True,False,0.3821014027509961,-0.6805002344285592,True,False,-1.1929545553239538,1.030676513264426,True,False
11.766654899999999,0.4015319009876609,-0.5909495530486977,True,False,-0.34613405156818333,-0.16055271990757272,True,False,-1.1438928051437705,0.9403167229835905,True,False
11.7999882,0.5323928532844386,-0.959904132172409,True,False,-1.070762485166405,0.438326546160011,True,False,-1.189876229212174,0.871970459053063,True,False
11.8333215,0.5813669194812374,-1.2240812299091208,True,False,-1.4996137538314502,0.8854676248998485,True,False,-1.2816166244358151,0.820077873457826,True,False
11.8666548,0.6420274841036491,-1.393773716979645,True,False,-1.4847089294460656,1.005172271453727,True,False,-1.3494240526664458,0.7508219289545719,True,False
11.8999881,0.7695513494302549,-1.4815281797895146,True,False,-1.0643820318754473,0.7661044461329084,True,False,-1.339688218712142,0.6394928598401527,True,False
11.933321399999999,0.9335798173441511,-1.475152735840212,True,False,-0.41922114639633595,0.3000156969368512,True,False,-1.2142221470752836,0.48298651501183826,True,False
11.9666547,1.0185969192179383,-1.321184125506485,True,False,0.2171609814913379,-0.16666029229473717,True,False,-0.9369540294103657,0.2863759459158347,True,False
11.999988,0.8756137660475787,-0.9428176415236389,True,False,0.6455122198626453,-0.4269694153024034,True,False,-0.4811946387528897,0.04387000893559493,True,False
12.033321299999999,0.4091560544320801,-0.2959464743565489,True,False,0.7622260773221158,-0.38795170382191846,True,False,0.14073721765085434,-0.2610058597934864,True,False
12.0666546,-0.34576113725681124,0.5732118735863341,True,False,0.5908694153613845,-0.1045490953123227,True,False,0.8486009303671664,-0.6253871434536185,True,False
12.099987899999999,-1.208248877629745,1.5120227909470854,True,False,0.2751289987597854,0.2531229803957788,True,False,1.4919993659692805,-0.9905620009675008,True,False
12.1333212,-1.9102671559686208,2.2955182705277464,True,False,0.015395608095919836,0.4847235325493175,True,False,1.8911607398168702,-1.2420849980746553,True,False
12.1666545,-2.195152526716747,2.6932113200143695,True,False,-0.038943812385043,0.46149379833245907,True,False,1.9146893104314817,-1.265513992565301,True,False
12.199987799999999,-1.9150595439600833,2.5528344826357228,True,False,0.12521614497596462,0.19038368282712598,True,False,1.5596859167688075,-1.0277362638370857,True,False
12.2333211,-1.0999643398359367,1.8764163252832122,True,False,0.38747230775915525,-0.19626119612429027,True,False,0.9783371620488317,-0.6195935493870536,True,False
12.2666544,0.033095089318084775,0.8424139433754504,True,False,0.5739075826940749,-0.510123736638119,True,False,0.4123079590909019,-0.2144898328564483,True,False
12.299987699999999,1.1502391112607875,-0.25296450137035115,True,False,0.5444354736064766,-0.5885151245456779,True,False,0.06869577497304788,0.03216618878250618,True,False
12.333321,1.9189421481989524,-1.1038248564689108,True,False,0.24193456089958978,-0.3564249074761003,True,False,0.02569829305737777,0.06758917758948721,True,False
12.366654299999999,2.117068548698974,-1.4953648450863648,True,False,-0.2871242126418251,0.13783151983721711,True,False,0.22218411908574798,-0.04472477773281099,True,False
12.3999876,1.7041758677283054,-1.3665550567314426,True,False,-0.8866229204488397,0.7238348424221623,True,False,0.5128924514616163,-0.17952303127811897,True,False
12.4333209,0.8455059194491326,-0.8273873785916932,True,False,-1.3237013537246725,1.1677606003555103,True,False,0.7385233008594688,-0.22604776996603176,True,False
12.466654199999999,-0.129517325600691,-0.122395694663811,True,False,-1.3808073845066478,1.277916325898679,True,False,0.7769623183045968,-0.13686246057780274,True,False
12.4999875,-0.8421691851501708,0.4631260930966773,True,False,-0.9656415624365126,0.9962254292151148,True,False,0.5731266522335146,0.0666055921584298,True,False
12.533320799999998,-1.0223595561708405,0.7281244761963012,True,False,-0.16951899720558067,0.42010006712837117,True,False,0.1566201878157996,0.31551779062765506,True,False
12.5666541,-0.6397678560711858,0.6480129623284124,True,False,0.7577304525090883,-0.24607057617473208,True,False,-0.3539400400447537,0.5211212151491772,True,False
12.5999874,0.07033426038631628,0.36889633394336613,True,False,1.5038366277592488,-0.7773898370224774,True,False,-0.7760710068967241,0.6020330383996709,True,False
12.633320699999999,0.713116994962978,0.10434245742003513,True,False,1.8197457938603159,-1.016951737270502,True,False,-0.9355463551472303,0.5164456160568279,True,False
12.666654,0.9154554753098947,0.013281782255673738,True,False,1.6159862934926317,-0.9304265155854392,True,False,-0.767834068259935,0.2928275500633923,True,False
12.6999873,0.4894164303586374,0.1373246709165675,True,False,0.9870498002886363,-0.6052634857092322,True,False,-0.3787857341825392,0.03171772163780093,True,False
12.733320599999999,-0.48676223631249244,0.4073710624745513,True,False,0.16381252215724387,-0.2031725540438912,True,False,-0.0003738519992616928,-0.13858916730494888,True,False
12.7666539,-1.6926042440868323,0.6842058707683871,True,False,-0.5754905593538723,0.10631024081863509,True,False,0.13964606439389057,-0.1291709086974794,True,False
12.799987199999999,-2.6870078344501307,0.8101679745511411,True,False,-1.0011430599671411,0.2052568575123841,True,False,-0.05865941301012379,0.06527901142448017,True,False
12.8333205,-3.0894602578242956,0.6711639356308218,True,False,-1.0059899727712769,0.06343319307101453,True,False,-0.5288481665169797,0.3696509531227566,True,False
12.8666538,-2.7450839487742122,0.25635589941358317,True,False,-0.6335688732583135,-0.25831014205614244,True,False,-1.0845712185523682,0.6645613564916584,True,False
12.899987099999999,-1.7840487586202536,-0.32327072414474745,True,False,-0.05360920895452276,-0.634825273691331,True,False,-1.501771982304655,0.8277496011486649,True,False
12.9333204,-0.5384957639608997,-0.8846615013939068,True,False,0.49695213635188645,-0.917340976365925,True,False,-1.6051291344268732,0.7740558282506943,True,False
12.9666537,0.6276504687715304,-1.2680346342498499,True,False,0.7887159831633784,-0.9768662194846051,True,False,-1.3474345526650329,0.4980760568392539,True,False
12.999986999999999,1.4750399862040726,-1.4184319127799168,True,False,0.6827105731740862,-0.7518744460027655,True,False,-0.8441490888600934,0.0954542048525833,True,False
13.0333203,1.9552579414511553,-1.399229792757348,True,False,0.1991615394876174,-0.2900126813315929,True,False,-0.31205572373858914,-0.2795569234229453,True,False
13.066653599999999,2.1658571361760783,-1.3259696450103708,True,False,-0.4717791507428727,0.24906148218676938,True,False,0.07014398242726405,-0.5123612156210027,True,False
13.0999869,2.2365746332810144,-1.2702648976216175,True,False,-1.0447073346898346,0.654152969301224,True,False,0.2723826041237817,-0.602221927031387,True,False
13.1333202,2.2342560278013193,-1.2141089931690423,True,False,-1.2737387079699798,0.7670856345448283,True,False,0.4028310286825891,-0.6431782704953397,True,False
13.166653499999999,2.1495843699303414,-1.091207894317278,True,False,-1.076000400404803,0.5715904635705124,True,False,0.5947005313549094,-0.7306153435511136,True,False
13.1999868,1.9462077818566832,-0.8659077087678418,True,False,-0.5701416413485012,0.2067795631619834,True,False,0.8901779745453835,-0.8750871483874125,True,False
13.233320099999998,1.6019432392632407,-0.5636278541406374,True,False,-0.0042166666072574735,-0.1099599550856626,True,False,1.2082602433251433,-0.9908654793680499,True,False
13.2666534,1.1088458973200441,-0.22842828002347668,True,False,0.38106341502794144,-0.20444253462487477,True,False,1.4059973192868782,-0.9624650552408929,True,False
13.2999867,0.468700464841028,0.1276560427540099,True,False,0.46493185405588133,-0.032072218220072175,True,False,1.3712290805948355,-0.7310307216050237,True,False
13.333319999999999,-0.27627898810154716,0.5174199300584174,True,False,0.27485333609903406,0.320487573950819,True,False,1.0774153813368994,-0.3333031326873535,True,False
13.3666533,-1.0075203473016403,0.929438015583612,True,False,-0.058355412610880106,0.6999667882271385,True,False,0.5839852591130227,0.12557598549301863,True,False
13.3999866,-1.5550979146482522,1.301803475257855,True,False,-0.37109799511218344,0.9630878796704463,True,False,0.011426142886465996,0.529693775661258,True,False
13.433319899999999,-1.788722979936807,1.5475261180151016,True,False,-0.5323371704290122,1.0289278975587919,True,False,-0.4890753515592384,0.7963542850461603,True,False
13.4666532,-1.7022285507477228,1.606530874337512,True,False,-0.49044834957419453,0.8987986134230389,True,False,-0.7776310966472139,0.8914450880633552,True,False
13.499986499999999,-1.420671013858419,1.4828128920486892,True,False,-0.285263244854812,0.64311739803179,True,False,-0.7748019109065116,0.8237455468788571,True,False
13.5333198,-1.122220111159809,1.238698256060769,True,False,-0.015042984051952382,0.3593453493920245,True,False,-0.49172373675823766,0.629599885691616,True,False
13.5666531,-0.9270338558074916,0.9480491306214562,True,False,0.22452973538619356,0.12087440463948194,True,False,-0.025907863923977304,0.3596750819490356,True,False
13.599986399999999,-0.8290858361371825,0.6463814948068898,True,False,0.3901439037818644,-0.053120745869955514,True,False,0.4698066277772602,0.07457853068969257,True,False
13.6333197,-0.7201196250772972,0.325956373820469,True,False,0.4983183169992333,-0.1905369086751039,True,False,0.8343983748306217,-0.15923576500043915,True,False
13.666653,-0.48784949529432997,-0.01487494029034873,True,False,0.5910428170650623,-0.3314693960638984,True,False,0.9511536437072159,-0.285992761109491,True,False
13.699986299999999,-0.11207272094372978,-0.31901266426123726,True,False,0.687380827171172,-0.489212190391987,True,False,0.7855595603881403,-0.28336705947921537,True,False
13.7333196,0.31676531849198175,-0.48279939787256193,True,False,0.7562163535551496,-0.6305726436729271,True,False,0.3928995398537214,-0.1725923305218169,True,False
13.766652899999999,0.6671740363527247,-0.44038852325466243,True,False,0.7309148335602352,-0.6892661194231675,True,False,-0.10343126683075135,-0.007110454887940112,True,False
13.7999862,0.8611643300978158,-0.24495858551797345,True,False,0.556135611100811,-0.6060911775125036,True,False,-0.5560090827516416,0.15475371782829517,True,False
13.8333195,0.915271279173214,-0.06166619532101856,True,False,0.2356022526571452,-0.3734766900265204,True,False,-0.8478572936119736,0.27700034525803097,True,False
13.866652799999999,0.9008710118590029,-0.06252639462892501,True,False,-0.14992656254937625,-0.05894512283901004,True,False,-0.9319789369890024,0.352636857899235,True,False
13.8999861,0.8651879814733067,-0.30058992576726196,True,False,-0.47314362336458343,0.21457943941039018,True,False,-0.8356158789815714,0.3864642020958612,True,False
13.933319399999998,0.7893713609710623,-0.6680780839836865,True,False,-0.6288656609781008,0.33248057853847846,True,False,-0.6357840083326407,0.37683003468648646,True,False
13.9666527,0.6250615785258212,-0.9774603956203535,True,False,-0.593182180556854,0.25605270852097967,True,False,-0.42643279570288856,0.3183137272809941,True,False
13.999986,0.36215637114459615,-1.0885828988496402,True,False,-0.42595823510642605,0.039370183653071,True,False,-0.28820473896325915,0.2194437227466218,True,False
14.033319299999999,0.042684041914152045,-0.9660277200266172,True,False,-0.21832322557888076,-0.21762058147038765,True,False,-0.26154668369533174,0.10973262777695282,True,False
14.0666526,-0.28880960916065807,-0.6445638205409729,True,False,-0.02875156740295146,-0.4400511601878363,True,False,-0.3252598419792012,0.019477009872608322,True,False
14.0999859,-0.621924585580275,-0.18170630610456243,True,False,0.14910146545705508,-0.6209212824625282,True,False,-0.3944632985989557,-0.05241362087001082,True,False
14.133319199999999,-0.9530007172739735,0.3437535656264859,True,False,0.36582136861338277,-0.8053721878472591,True,False,-0.35664637169029284,-0.14584420123282463,True,False
14.1666525,-1.2340810993231943,0.8154353235221526,True,False,0.6507607492269489,-1.0230947190589417,True,False,-0.1378165238746419,-0.3064525034812138,True,False
14.199985799999999,-1.3666833836848724,1.0980074832722682,True,False,0.9469221272938187,-1.2198380166880993,True,False,0.2435182203868387,-0.537712683542662,True,False
14.2333191,-1.2517494493753807,1.093486047775129,True,False,1.10563097998526,-1.2542662840823022,True,False,0.6711071345091584,-0.7774537383309201,True,False
14.2666524,-0.8519210800578081,0.7936598065674997,True,False,0.9605969700455923,-0.9797059318696546,True,False,0.9746960473920522,-0.9176843846475128,True,False
14.299985699999999,-0.22262631640835015,0.2897115946831898,True,False,0.4425649236423265,-0.36073494912242754,True,False,1.0007685718511934,-0.8596016371270145,True,False
14.333319,0.5010610453888313,-0.26759348119006077,True,False,-0.3383523138603345,0.4589802357795342,True,False,0.6870812852708729,-0.5764481030000635,True,False
14.3666523,1.149304315577516,-0.7291835375443066,True,False,-1.1169341910376906,1.2037066863566932,True,False,0.11251879510739261,-0.14649067402720733,True,False
14.399985599999999,1.5689271123541277,-0.9908623174639368,True,False,-1.6142821931851956,1.617626289992602,True,False,-0.5133943812316959,0.2722895918974602,True,False
14.4333189,1.66141638437217,-1.0037133208294553,True,False,-1.69465495544697,1.6122342784555326,True,False,-0.9357339772343641,0.518546566375737,True,False
14.466652199999999,1.4077212649073036,-0.7725051166499949,True,False,-1.4071556120939521,1.2880694161618411,True,False,-0.9757892195707597,0.5087458934966301,True,False
14.4999855,0.8867540342165027,-0.3632827571533266,True,False,-0.8938821927867938,0.8243864008574041,True,False,-0.6121511104342214,0.27024784408076263,True,False
14.5333188,0.2746026866271967,0.09297306059430614,True,False,-0.27215373409723115,0.35115212377057003,True,False,0.02811249701291726,-0.08793711878321413,True,False
14.566652099999999,-0.20282715376200658,0.4321162240653541,True,False,0.3990948162219502,-0.0859746590200222,True,False,0.7430775791516999,-0.43188646875174264,True,False
14.5999854,-0.3676787458460091,0.5293889233815804,True,False,1.0651522345284437,-0.4692699513304457,True,False,1.331626042266476,-0.6458941775154047,True,False
14.633318699999998,-0.19323818565628528,0.3729882937659647,True,False,1.615908086821155,-0.7480815940601387,True,False,1.6404481705033906,-0.6553605395291228,True,False
14.666652,0.16351677279690174,0.0796445072616373,True,False,1.8881529229806977,-0.8379842720967003,True,False,1.5938860278710931,-0.445768152284534,True,False
14.6999853,0.4430810942548379,-0.17302572354280468,True,False,1.7319302799668814,-0.6719973311875167,True,False,1.2134662712458195,-0.07713588512387065,True,False
14.733318599999999,0.4355899795617428,-0.25583232290916746,True,False,1.1032000654833733,-0.25773828042324004,True,False,0.6104796933453871,0.32988637432016044,True,False
14.7666519,0.09902474235499353,-0.15765649882854083,True,False,0.13030630553885864,0.3005167338935167,True,False,-0.0527623114172856,0.6435305179427462,True,False
14.7999852,-0.43837739543026855,0.03609950113725049,True,False,-0.9031731161082196,0.835221758068497,True,False,-0.6120895546623061,0.7777253755244021,True,False
14.833318499999999,-0.9798541545809755,0.22722545344665998,True,False,-1.6742470942631262,1.1905663140888776,True,False,-0.94556684194983,0.7229776213775684,True,False
14.8666518,-1.3739482269749026,0.3698912976443501,True,False,-1.9664186090286953,1.2877250704013505,True,False,-1.007481093245874,0.5387803879621553,True,False
14.899985099999999,-1.5616349654366009,0.4719911990469701,True,False,-1.7517863142679857,1.1369800136758401,True,False,-0.8405657305721266,0.31689549789275145,True,False
14.9333184,-1.5551161010624275,0.5562306578474339,True,False,-1.1781668052020766,0.8074819195229449,True,False,-0.5587143306874814,0.1415197290389094,True,False
14.9666517,-1.3921539209190708,0.6243205437955589,True,False,-0.4894119882248708,0.39264688084184607,True,False,-0.30796634349790486,0.06835638096036946,True,False
14.999984999999999,-1.1036425624659092,0.6452987503759345,True,False,0.08096993451178856,-0.014335897906676179,True,False,-0.21697559163492527,0.1197731380525492,True,False
15.0333183,-0.7107177589452489,0.5701406296111384,True,False,0.39991997150090053,-0.3408284688966628,True,False,-0.3478072326759483,0.2805920900462212,True,False
15.066651599999998,-0.2433060639960293,0.3650080255376758,True,False,0.4663104645214612,-0.5502371131971364,True,False,-0.6660526620638952,0.4924714833595449,True,False
15.099984899999999,0.2448175066466158,0.044153257702341984,True,False,0.3743830835110647,-0.6467175284928197,True,False,-1.0506789923768314,0.6624835723023673,True,False
15.1333182,0.679402652020889,-0.3196342733433375,True,False,0.24331750389455237,-0.6658823010026388,True,False,-1.3435169844637789,0.6976387914018396,True,False
15.166651499999999,0.9820699557756319,-0.6159633244768314,True,False,0.15312612734429457,-0.6479319338132554,True,False,-1.4123468138108826,0.551610276570642,True,False
15.1999848,1.094999148045402,-0.743478336440836,True,False,0.11017808050763991,-0.6028838121334209,True,False,-1.1999918048876723,0.25319716083119187,True,False
15.2333181,1.015726260003007,-0.6657845541762986,True,False,0.06206782625303698,-0.5023523349500355,True,False,-0.7460060781488843,-0.10428077512134956,True,False
15.266651399999999,0.823729404702668,-0.4446391568573647,True,False,-0.0338514907275723,-0.32228403918898263,True,False,-0.17075696586009892,-0.4112141387876859,True,False
15.2999847,0.6618732196729253,-0.218710477553344,True,False,-0.13622834374135906,-0.10532070723825956,True,False,0.3813702376888762,-0.6017359317648934,True,False
15.333317999999998,0.6640457747352165,-0.13239466173268563,True,False,-0.12011262379609736,0.028440548192529252,True,False,0.8101738381992485,-0.6828915994679472,True,False
15.3666513,0.870642413780775,-0.25703819134464745,True,False,0.12404210647015297,-0.043363586631061955,True,False,1.0873997415873524,-0.707437716570318,True,False
15.3999846,1.1896589489042055,-0.5489403529708561,True,False,0.5721907755848613,-0.336754111574882,True,False,1.2270191713857355,-0.7142965272557518,True,False
15.433317899999999,1.4332567398890927,-0.8649355082438238,True,False,1.041586962561521,-0.7155828021757108,True,False,1.238770913379766,-0.6908395787529177,True,False
15.4666512,1.414307967251175,-1.0292239433955837,True,False,1.2921474629372236,-0.958164383894737,True,False,1.1165677669409837,-0.5905480176163366,True,False
15.4999845,1.0484029052219286,-0.9182191184290586,True,False,1.1768233620292576,-0.8934752073070583,True,False,0.872906927157013,-0.3925122447288437,True,False
15.533317799999999,0.3965890450442416,-0.51422337857347,True,False,0.7253593859170083,-0.506316320904972,True,False,0.5816234668077854,-0.1511252222579395,True,False
15.5666511,-0.3765515191227099,0.10050129198105684,True,False,0.10752749296989604,0.06314556887613727,True,False,0.3730852425798055,0.01598710660253224,True,False
15.599984399999999,-1.0896403649743431,0.789879834668269,True,False,-0.48064131452740133,0.6143548100587037,True,False,0.3648624436863886,0.0033537163185299824,True,False
15.6333177,-1.6093659325514882,1.4080155572544633,True,False,-0.9153872591395837,0.9963110315827903,True,False,0.5783511924209065,-0.20266032842451182,True,False
15.666651,-1.8632449044033568,1.8218994898154417,True,False,-1.1671349965847397,1.1573592498876788,True,False,0.9081000934078334,-0.5042836273841026,True,False
15.699984299999999,-1.8251369752929076,1.9283237582096375,True,False,-1.2581976131262513,1.122461482463802,True,False,1.1608611272185378,-0.7433140479162194,True,False
15.7333176,-1.5128863539062642,1.683591313513012,True,False,-1.2166081489385046,0.9436211918982272,True,False,1.1350697891162946,-0.779450400805658,True,False
15.766650899999998,-1.0018442461056154,1.1339144750596468,True,False,-1.0636753211323884,0.6706766897946242,True,False,0.7074483425319843,-0.547315968902601,True,False
15.799984199999999,-0.42291113190140106,0.41409556921641427,True,False,-0.816769946314414,0.346707373955382,True,False,-0.0963104577968936,-0.0776266049802031,True,False
15.8333175,0.07549212922427856,-0.29631141493219026,True,False,-0.48287790190555596,0.00707960094427471,True,False,-1.0778029649528358,0.5087923768815432,True,False
15.866650799999999,0.38430358786865365,-0.8357582800518988,True,False,-0.05902921805376667,-0.3230187685319747,True,False,-1.9264497785589687,1.0358814345704983,True,False
15.8999841,0.4740209013512699,-1.111476413168353,True,False,0.43992792205398606,-0.622577664497703,True,False,-2.356091781936068,1.338788696703277,True,False
15.9333174,0.3962761277902492,-1.1215615961887337,True,False,0.9474498673727069,-0.8614297659734323,True,False,-2.235934705425262,1.3320022210117541,True,False
15.966650699999999,0.2508497579530322,-0.9447126665804034,True,False,1.348121775855601,-0.997459517287929,True,False,-1.6291711745971613,1.0344211243313652,True,False
15.999984,0.13919399819197187,-0.7025479295818745,True,False,1.533047568186818,-0.9996845761134701,True,False,-0.7315479208753521,0.5410588208053371,True,False
16.0333173,0.12481503187634214,-0.5074988575656683,True,False,1.4749392145072615,-0.8852895108842259,True,False,0.22854507913734007,-0.028504066131299667,True,False
16.0666506,0.21186090766465968,-0.4165753417882418,True,False,1.2602939984824106,-0.7309501148282757,True,False,1.0640191593464357,-0.5675183535457239,True,False
16.099983899999998,0.34935332909248634,-0.4148958481451368,True,False,1.0367430623957075,-0.6288846921848773,True,False,1.6510398856452249,-0.9883068916232928,True,False
16.1333172,0.462467391670797,-0.4405309201825762,True,False,0.9039202805996002,-0.6112375329296676,True,False,1.9168017516247133,-1.2121113724454893,True,False
16.1666505,0.49413872734388703,-0.4315688868922664,True,False,0.8359644402401349,-0.6093019982295836,True,False,1.8308554310718375,-1.1749276166626816,True,False
16.1999838,0.43086720488401603,-0.3603418135119782,True,False,0.7006177798209051,-0.4904593100061059,True,False,1.4165051089038225,-0.8607847131332282,True,False
16.2333171,0.3038022368273083,-0.2402842835081969,True,False,0.35945534042856603,-0.15156821665351128,True,False,0.7643340840632926,-0.3350926437848187,True,False
16.2666504,0.17574134988205886,-0.11646386132137883,True,False,-0.22029139496761496,0.39288323235105843,True,False,0.02152110615349921,0.2609196953646774,True,False
16.2999837,0.11995855736049373,-0.048174879084669525,True,False,-0.9164180750305205,0.989736812694465,True,False,-0.6533582361871412,0.7673660474456022,True,False
16.333316999999997,0.18572110834323302,-0.07892244663719943,True,False,-1.5023974681520997,1.4173695935926722,True,False,-1.1531906657818343,1.0838084095473945,True,False
16.3666503,0.35843254820522674,-0.19912563973543052,True,False,-1.7697884767009957,1.5079905792807984,True,False,-1.458196938286173,1.209599097501599,True,False
16.3999836,0.5431962129463027,-0.32747931726469043,True,False,-1.6454197661968568,1.2438042125271855,True,False,-1.6099102747346683,1.2116193266073103,True,False
16.433316899999998,0.5958636971251747,-0.3356539546242557,True,False,-1.2311578839192512,0.7676316427774832,True,False,-1.6457588054853238,1.1497280464003263,True,False
16.4666502,0.3980701279074316,-0.11644654219700562,True,False,-0.7455612830146676,0.3053675635763685,True,False,-1.5575143161487282,1.0274845330192746,True,False
16.4999835,-0.06232244073638725,0.33977812532695395,True,False,-0.40945742269982993,0.05279351901989095,True,False,-1.3129292242477182,0.8078716384771468,True,False
16.533316799999998,-0.6642178393714029,0.9175820484216961,True,False,-0.3460461616351479,0.09860352975858729,True,False,-0.9184889703770454,0.47501232998978243,True,False
16.5666501,-1.2108549184665383,1.429672000174003,True,False,-0.5446431418288014,0.42166909873187686,True,False,-0.4603295634414654,0.08475090707012194,True,False
16.5999834,-1.5348502209074095,1.7169483746233953,True,False,-0.8903100613601638,0.9369540195744881,True,False,-0.08063334404126715,-0.24129979195458356,True,False
16.633316699999998,-1.5706475412115273,1.7193027539572097,True,False,-1.2239322944944357,1.532737117039841,True,False,0.09498891694721484,-0.3767676084884316,True,False
16.66665,-1.3519259059596334,1.475490585257367,True,False,-1.3955945027967829,2.0753810456007256,True,False,0.032563679669226714,-0.26870791067119426,True,False
16.6999833,-0.9672168760617456,1.0813563611432107,True,False,-1.3023493537942166,2.4118301312234687,True,False,-0.17514849158234014,0.014818807807102484,True,False
16.7333166,-0.5245401126939071,0.6526093872920485,True,False,-0.9167280084374204,2.4055757015956454,True,False,-0.34296112295419373,0.30541926798003965,True,False
16.7666499,-0.13014778058207627,0.2971827225488625,True,False,-0.2999542392015168,1.9966218185486184,True,False,-0.29155481848262105,0.42229662228241044,True,False
16.7999832,0.1411904275446484,0.07921663421057973,True,False,0.4142610660401919,1.2384419148824202,True,False,0.045804446285063534,0.2752185484502157,True,False
16.8333165,0.2820727738849168,-0.017767209270314426,True,False,1.0691912839329418,0.271040419769987,True,False,0.5817892601759569,-0.08932625057279991,True,False
16.866649799999998,0.3594948134899719,-0.09109213271973504,True,False,1.55037424242752,-0.7635161334243716,True,False,1.1361612098692941,-0.5364853359358054,True,False
16.8999831,0.46834507226731054,-0.2598258933812289,True,False,1.826961686609107,-1.796799762729566,True,False,1.559841430022889,-0.9493883385329213,True,False
16.9333164,0.6584118923923693,-0.5788482341124157,True,False,1.9386550287169828,-2.8297369749454235,True,False,1.8231515682304642,-1.3028817823113237,True,False
16.966649699999998,0.8958380696802012,-0.9935507083800053,True,False,1.9425016812497051,-3.849965855399156,True,False,1.9993411427762997,-1.6443222236594912,True,False
16.999983,1.08826281160294,-1.3694672268563717,True,False,1.8651823868122726,-4.747824702454526,True,False,2.168076753005093,-2.0076583208584458,True,False
17.0333163,1.1459057575360168,-1.5693607361633757,True,False,1.6967288147074013,-5.312764760720762,True,False,2.324060573547135,-2.340360993528467,True,False
17.066649599999998,1.0351902248960414,-1.5272182994878083,True,False,1.4226231108023657,-5.32295582338045,True,False,2.3628103465375982,-2.506239776422678,True,False
17.0999829,0.7990325290022613,-1.281822242911199,True,False,1.0567960883318939,-4.662628074143513,True,False,2.1544828017180744,-2.3665892099629393,True,False
17.1333162,0.5341492749702077,-0.9525068970923409,True,False,0.644454768976452,-3.3902378311666905,True,False,1.645690363482123,-1.8776056861669839,True,False
17.1666495,0.3354094306610533,-0.668878970523992,True,False,0.23892029661417644,-1.728062318056615,True,False,0.9022336673013642,-1.1232535872809504,True,False
17.1999828,0.24107367302042365,-0.4980880292361116,True,False,-0.12093586799672668,0.009606781174761474,True,False,0.06427047105688104,-0.26221240675752505,True,False
17.2333161,0.21617891056512137,-0.41745580692847223,True,False,-0.4120291078760803,1.5111292057679007,True,False,-0.7277402054225018,0.5511971971912023,True,False
17.2666494,0.18554053410765572,-0.3485571052127726,True,False,-0.6142458690690067,2.5522669071547903,True,False,-1.3748641137553135,1.211606329567329,True,False
17.299982699999997,0.09189823432887463,-0.22491459630170035,True,False,-0.7128700694641958,3.0575699609600604,True,False,-1.8323656069863348,1.6754261668930068,True,False
17.333316,-0.06434827832456401,-0.04136802403668808,True,False,-0.7265927601693172,3.1232493474272016,True,False,-2.1125093729651496,1.9607301549887333,True,False
17.3666493,-0.23300072068811312,0.15120490500025696,True,False,-0.7270838048454648,2.971567963009137,True,False,-2.266831251783213,2.1242417871289025,True,False
17.399982599999998,-0.3596973516941506,0.2964087100871611,True,False,-0.8080682234435441,2.8295756041551208,True,False,-2.346441017882944,2.2170277552502524,True,False
17.4333159,-0.43001638014708954,0.382627166062706,True,False,-1.0119269566068432,2.7916686249885316,True,False,-2.3723063297278912,2.255612423581618,True,False
17.4666492,-0.4787824729788286,0.4530733081110132,True,False,-1.2784502091000924,2.7695133261840885,True,False,-2.3379101245596132,2.2311972828210593,True,False
17.499982499999998,-0.5607326747174272,0.5706312631662424,True,False,-1.4746116962039217,2.5832075575921314,True,False,-2.224454379024666,2.130420678809044,True,False
17.5333158,-0.7060355967214207,0.766316314164818,True,False,-1.4895311686713903,2.125700739551422,True,False,-1.9993009999508893,1.931812967489283,True,False
17.5666491,-0.8937226359585865,1.0108084807341304,True,False,-1.3092229965175093,1.4584795594572417,True,False,-1.6081904771747733,1.5892648151536746,True,False
17.5999824,-1.060047453742507,1.2273598799675576,True,False,-1.0048499048205095,0.7613693709377236,True,False,-1.0004308512407332,1.0489505967923671,True,False
17.6333157,-1.1329337710595515,1.3331850014480853,True,False,-0.6593447665589582,0.19870525182119497,True,False,-0.19389895525608355,0.3135722701249606,True,False
17.666649,-1.0708820054773842,1.2829488350921794,True,False,-0.308835486345739,-0.17728896527707563,True,False,0.6764918098946602,-0.5011083986012783,True,False
17.6999823,-0.8836072904636068,1.0893706602255884,True,False,0.0606030987366168,-0.42830078794380255,True,False,1.3958719765890468,-1.1909879430348058,True,False
17.733315599999997,-0.6206586404811291,0.8080170175427407,True,False,0.47692800685267284,-0.66439144519608,True,False,1.7870658759164446,-1.572673894470382,True,False
17.7666489,-0.337742291312902,0.4994563276876226,True,False,0.9417667986889708,-0.9687375308431146,True,False,1.8200734958649964,-1.5958598372726818,True,False
17.7999822,-0.06773768474875905,0.19924093243739158,True,False,1.4075844039507721,-1.3504551402236173,True,False,1.626790414225113,-1.3732780268291667,True,False
17.833315499999998,0.18608515421889033,-0.08676263568808305,True,False,1.7771411437455389,-1.7322513743638226,True,False,1.410278213158109,-1.108030156679104,True,False
17.8666488,0.43607454035242316,-0.36603722550487056,True,False,1.926271806539388,-1.972027105130524,True,False,1.3109402288013112,-0.9665801019957895,True,False
17.8999821,0.6873649053382603,-0.6362086589041621,True,False,1.7500391382204155,-1.9210210805559256,True,False,1.315659283023938,-0.9763463486957273,True,False
17.933315399999998,0.9250646246092711,-0.87435233341114,True,False,1.2180353700119755,-1.5014706298310452,True,False,1.2675743828904686,-1.011768820554899,True,False
17.9666487,1.1246473168543343,-1.0517749723375338,True,False,0.4110651924033801,-0.7630916666338858,True,False,0.9747145407794765,-0.8819485472033217,True,False
17.999982,1.2709510700395812,-1.1579278516106646,True,False,-0.4858376437672302,0.11622205471879601,True,False,0.3541862164298865,-0.4693089134281064,True,False
18.033315299999998,1.355573462102179,-1.1997012804846447,True,False,-1.2429429011126225,0.8930284674468882,True,False,-0.4804142316256085,0.17064755390990036,True,False
18.0666486,1.3525714065313426,-1.1731828525362675,True,False,-1.6765263841167097,1.3579203064062204,True,False,-1.2515785303337668,0.8189214149493325,True,False
18.0999819,1.2117900481244497,-1.0477941110825086,True,False,-1.722042611312014,1.4200353037037245,True,False,-1.6600588638392615,1.2113360510345008,True,False
18.1333152,0.8958177577094699,-0.7932508738289342,True,False,-1.4498253493293323,1.132918985406272,True,False,-1.551366446702313,1.1896951061137402,True,False
18.1666485,0.4331806654484852,-0.4278597238226862,True,False,-1.01989788771656,0.6537902721163616,True,False,-0.9965093002937873,0.7841803487333469,True,False
18.1999818,-0.06281851471813163,-0.04077586471294541,True,False,-0.6021033499807014,0.16242035071574612,True,False,-0.23589677316012922,0.1768950656543229,True,False
18.2333151,-0.4342537295553797,0.23799274615038468,True,False,-0.29862478957547517,-0.2168798870219958,True,False,0.4642250608639006,-0.4144281284745437,True,False
18.266648399999998,-0.5643171303779476,0.3112004268899579,True,False,-0.0995609932429629,-0.45680446191235435,True,False,0.9413705600272952,-0.845651865502876,True,False
18.2999817,-0.46150707791345674,0.19025313758956666,True,False,0.10852246871262224,-0.6217826226321728,True,False,1.177259151347339,-1.0842354645592982,True,False
18.333315,-0.27627246436742064,0.012567950107099244,True,False,0.470123599546108,-0.8162439511220735,True,False,1.2432313746209616,-1.1725329725781686,True,False
18.366648299999998,-0.21847284110445503,-0.030566800013360634,True,False,1.0498962315588185,-1.1051778025546974,True,False,1.2094481777244497,-1.1635903279556903,True,False
18.3999816,-0.4226958529889271,0.18469138551485775,True,False,1.7584324073151172,-1.4568629184085136,True,False,1.0914143232889033,-1.0815946882706644,True,False
18.4333149,-0.85209426884886,0.6254891998209914,True,False,2.3757794216448667,-1.7495749210689735,True,False,0.862743165468486,-0.9224011682567121,True,False
18.466648199999998,-1.3041772707789163,1.1042175361446829,True,False,2.6554312568831233,-1.8325501342174557,True,False,0.5056657532884686,-0.6753681974208466,True,False
18.4999815,-1.5207344409417975,1.3769052379022262,True,False,2.436191168947964,-1.5966809300207032,True,False,0.04853340723359656,-0.3430170564591179,True,False
18.5333148,-1.3385500853412584,1.28263760290574,True,False,1.6999599570119361,-1.0181436026606052,True,False,-0.438085625592698,0.05179810670921888,True,False
18.5666481,-0.7810264598897156,0.8320505549141993,True,False,0.5633941355841641,-0.1661777605109987,True,False,-0.8707003781590933,0.466325483339872,True,False
18.5999814,-0.03384881971198633,0.18985616653893664,True,False,-0.7655618380567168,0.8138775085224369,True,False,-1.1743847271313241,0.8388785504493579,True,False
18.6333147,0.658023896621796,-0.4173412538092073,True,False,-2.03234496771489,1.7320194221777152,True,False,-1.2930102544885484,1.0972077304516956,True,False
18.666648,1.0935833856895039,-0.7981171659065593,True,False,-2.9748132673991643,2.3954155859842095,True,False,-1.2052096550690874,1.182397678881725,True,False
18.699981299999997,1.17925270493176,-0.8624004685495008,True,False,-3.3697803424453836,2.6541339288739576,True,False,-0.940840122089449,1.0770178723541597,True,False
18.7333146,0.9516846563143987,-0.6512254047260588,True,False,-3.0954233039120553,2.4422743965266154,True,False,-0.5804098208581747,0.8212285098955102,True,False
18.7666479,0.5545579385462145,-0.3151994381754903,True,False,-2.1945756811802517,1.8060932710979904,True,False,-0.23912662795710596,0.5125741095344509,True,False
18.799981199999998,0.16369527234305079,-0.03259878252836421,True,False,-0.9022367758922293,0.9069769884830287,True,False,-0.03978672127205524,0.28340027199285267,True,False
18.8333145,-0.10586166455319311,0.09305220076507768,True,False,0.39923979866491005,-0.013496469484076791,True,False,-0.06668521823808267,0.24782005354084594,True,False
18.8666478,-0.24446359406026022,0.08176201582303413,True,False,1.305252252377947,-0.7072117381390871,True,False,-0.3147459622224279,0.43884298619400286,True,False
18.899981099999998,-0.3104978227389257,0.03366021291675683,True,False,1.549774371508764,-1.0079240784172339,True,False,-0.6782807458960651,0.7828053313939192,True,False
18.9333144,-0.352095943136776,0.0329690758788494,True,False,1.118920397806168,-0.8939885393230742,True,False,-0.9994780207244376,1.1331964632217908,True,False
18.9666477,-0.3600131524746022,0.08024602032196386,True,False,0.2592839350443952,-0.49909024288291803,True,False,-1.1401439643386182,1.3348373601120427,True,False
18.999981,-0.28325538956934593,0.1020787774054457,True,False,-0.614205546798178,-0.0678138495887695,True,False,-1.025120349245794,1.2754843656186838,True,False
19.0333143,-0.08627923183653827,0.023526315809451297,True,False,-1.0750633896139339,0.14003289973749172,True,False,-0.6456067659407708,0.9121618219585569,True,False
19.0666476,0.19683468282189823,-0.15620812334964645,True,False,-0.8649256680456927,-0.025734602550350236,True,False,-0.047783404583014714,0.28338734408105815,True,False
19.0999809,0.4551225489092983,-0.34717291270754574,True,False,-0.02448808046058417,-0.5159740302748308,True,False,0.6740234755941952,-0.49040117217617574,True,False
19.133314199999997,0.5559834012224136,-0.42772104101433556,True,False,1.1134039457625178,-1.1006331113138275,True,False,1.3859383438281334,-1.2308853834363895,True,False
19.1666475,0.42755874876517985,-0.3310438555978172,True,False,2.0878727779558997,-1.499530539884083,True,False,1.9397116356138966,-1.7574953803498345,True,False
19.1999808,0.10346961705131037,-0.08780680067652069,True,False,2.5356557600553735,-1.537396015152082,True,False,2.215359324669482,-1.9572036118508473,True,False
19.233314099999998,-0.30305129013503346,0.20357004659905562,True,False,2.342472195440093,-1.2156704805266838,True,False,2.1617919739207663,-1.829227861893119,True,False
19.2666474,-0.6637152938876746,0.44303429099032454,True,False,1.6481193413114839,-0.6679164867950151,True,False,1.8099824885847284,-1.4731440003629488,True,False
19.2999807,-0.8834186534397962,0.5735042647661738,True,False,0.7321325465872881,-0.05754742558317476,True,False,1.248544814797007,-1.025298230167958,True,False
19.333313999999998,-0.9139098381561545,0.5808646959890996,True,False,-0.1283899681376872,0.49570145263886484,True,False,0.5788561075682215,-0.5851434139116833,True,False
19.3666473,-0.751384131587425,0.4720790933019704,True,False,-0.7502542774607865,0.9248520811178365,True,False,-0.11257610555291356,-0.18456959655257352,True,False
19.3999806,-0.4314411585701587,0.2617220107555384,True,False,-1.075377999143842,1.1949508159837507,True,False,-0.7423363419639964,0.1785695629761553,True,False
19.433313899999998,-0.01648372402061797,-0.026081388628182253,True,False,-1.16232735326956,1.2975536361469053,True,False,-1.2063472136120108,0.48176456378924803,True,False
19.4666472,0.41953638224283096,-0.3453889614728991,True,False,-1.1343806301663235,1.2564384683725285,True,False,-1.392378335225799,0.657372928922553,True,False
19.4999805,0.7921732738164289,-0.6147198620016388,True,False,-1.0936182370874363,1.116715401097594,True,False,-1.2344907349751153,0.6302159981711135,True,False
19.5333138,1.0059222377185972,-0.7288042104592009,True,False,-1.0607653808668964,0.9198256345959295,True,False,-0.7665228251483102,0.376909375316603,True,False
19.566647099999997,0.984434263389453,-0.6130600204726553,True,False,-0.9890384895203156,0.6902510212232252,True,False,-0.13256851812783968,-0.040122859632743486,True,False
19.5999804,0.7197719126503985,-0.2822481662388474,True,False,-0.8297099494935991,0.44442568872660254,True,False,0.45705430735577496,-0.4856515523394478,True,False
19.6333137,0.2902259041605478,0.15482089726630158,True,False,-0.5856617172739857,0.20564517043375988,True,False,0.8071347889682792,-0.804080034504829,True,False
19.666646999999998,-0.17116754672960932,0.5490012759017938,True,False,-0.31050599639292414,0.0021907163994510214,True,False,0.8174212380757676,-0.8842111704237,True,False
19.6999803,-0.5270230968412913,0.7755163006727727,True,False,-0.06333655993291278,-0.1509006046465659,True,False,0.5208676318788692,-0.7059454272418355,True,False
19.7333136,-0.6773757594289961,0.7712213618710543,True,False,0.13756334724961541,-0.2642795860030104,True,False,0.0635982304865223,-0.3480593937315268,True,False
19.766646899999998,-0.590188792591132,0.5449667322327078,True,False,0.3274185812432358,-0.37040174930476283,True,False,-0.3638733234879293,0.04972213206404284,True,False
19.7999802,-0.31275234505795924,0.1706858626516818,True,False,0.5681988253671978,-0.5113984162919297,True,False,-0.6142253481896487,0.35489222327454395,True,False
19.8333135,0.052846049045914056,-0.24050146779346626,True,False,0.897527819144404,-0.720089880421976,True,False,-0.6449252286432097,0.5022217559255122,True,False
19.866646799999998,0.4005727972655472,-0.5834754141123057,True,False,1.2784430533320004,-0.9881682223831286,True,False,-0.5207400087978679,0.5114483650792578,True,False
19.8999801,0.6612936576964051,-0.7936512478133814,True,False,1.584076461311497,-1.2380983149659368,True,False,-0.363163837880278,0.460148394071399,True,False
19.9333134,0.808063703780086,-0.8549577387889495,True,False,1.6453314182147702,-1.337662349262323,True,False,-0.27929689320930107,0.43319694022604766,True,False
19.9666467,0.8326508576942728,-0.7831333712667897,True,False,1.3463139658919923,-1.1701848299037811,True,False,-0.3021796578348629,0.47243420864204,True,False
19.99998,0.7241938893189763,-0.6018368363491063,True,False,0.7050811669778606,-0.7181460754255629,True,False,-0.37444449529726803,0.5532809551044455,True,False
20.0333133,0.47723783802010544,-0.3346731033601812,True,False,-0.11624350871084077,-0.09840588269194019,True,False,-0.40064636833651174,0.6141537403664971,True,False
20.0666466,0.1252978922024707,-0.021952031780508707,True,False,-0.8770513679095511,0.4790827994901029,True,False,-0.3409760048395659,0.6240951918200015,True,False
20.099979899999997,-0.23789559395220874,0.2613754782034989,True,False,-1.3606940247617816,0.8078429158159386,True,False,-0.25876005329473206,0.6216913571632394,True,False
20.1333132,-0.48808027302133833,0.4234452061226321,True,False,-1.4601614010309751,0.7816376379045568,True,False,-0.2651057864085381,0.6769259773025295,True,False
20.1666465,-0.5410518193600317,0.4081543515424091,True,False,-1.2092611193925704,0.43748904449892895,True,False,-0.41029236187742707,0.8110200304224556,True,False
20.199979799999998,-0.4034141781381743,0.234176863013661,True,False,-0.7587950611812079,-0.06740007019262026,True,False,-0.6234206331217719,0.9538804030092458,True,False
20.2333131,-0.15815575422498504,-0.01885970260443184,True,False,-0.3213197186722713,-0.5163665920596902,True,False,-0.7500942713151536,0.9792527360823954,True,False
20.2666464,0.09523688354175923,-0.2615416066721173,True,False,-0.10035295696630529,-0.7057277731368746,True,False,-0.6559440310764318,0.7906846550252475,True,False
20.299979699999998,0.2916144457775463,-0.43777346387761573,True,False,-0.21139935488916256,-0.5210190425309363,True,False,-0.32183720501678953,0.3962102432944736,True,False
20.333313,0.4087906043690108,-0.5313924599857388,True,False,-0.6216955510436459,0.0037746015289903934,True,False,0.1342466971642455,-0.08195106772131487,True,False
20.3666463,0.4408891132566215,-0.5412909094762944,True,False,-1.153278027928031,0.6844294660876631,True,False,0.5249790384558484,-0.473586748258518,True,False
20.399979599999998,0.3707739781516231,-0.4557873284055725,True,False,-1.5642263694093372,1.261161817862517,True,False,0.7052032642778077,-0.6602621460980703,True,False
20.4333129,0.1737066570955827,-0.2567685733132981,True,False,-1.6617794350451753,1.5176331291351406,True,False,0.6539019525342628,-0.6444065088623575,True,False
20.4666462,-0.15281741217099679,0.051948557947033694,True,False,-1.3712045741389225,1.374588919676328,True,False,0.48153474654634154,-0.5486705372048265,True,False
20.4999795,-0.5719524431776013,0.4310016938528293,True,False,-0.7258695879091306,0.9024853691902867,True,False,0.3659957250995494,-0.5484059111524594,True,False
20.533312799999997,-1.022943240169705,0.8253046814285157,True,False,0.17710843068674748,0.2650742944244688,True,False,0.45406017321121345,-0.7711651407685263,True,False
20.5666461,-1.440062073967916,1.186244448053055,True,False,1.1904410698438777,-0.34752368450367566,True,False,0.778895427521619,-1.2129681954104723,True,False
20.5999794,-1.7443780086374572,1.462862933947243,True,False,2.1006551653223497,-0.7638949905873774,True,False,1.2332622517242073,-1.7146667498272958,True,False
20.633312699999998,-1.8325845348380596,1.5827275578266553,True,False,2.6429092601889543,-0.8618481243195222,True,False,1.6092890849185018,-2.015084474314218,True,False
20.666646,-1.610775575113858,1.4700830826870768,True,False,2.5876347689853176,-0.5989402259534,True,False,1.6902298959280095,-1.8670304193465093,True,False
20.6999793,-1.0646754249308232,1.1007337943696363,True,False,1.8739280218927667,-0.05097244633308302,True,False,1.359322421516222,-1.1722922513510103,True,False
20.733312599999998,-0.3007959471260965,0.5400689248372083,True,False,0.7044859144140424,0.5647847959559248,True,False,0.6758908191392454,-0.06942958349754377,True,False
20.7666459,0.4806307423128014,-0.07059794802224818,True,False,-0.4923556909660681,0.9434055850513967,True,False,-0.12585372406565157,1.0853104256003945,True,False
20.7999792,1.0581456506004938,-0.5637170634142994,True,False,-1.251026725460757,0.8445066975998876,True,False,-0.7312469495646153,1.8605490955638182,True,False
20.833312499999998,1.2697181945564178,-0.8051544129228375,True,False,-1.3071047587566804,0.25792659818070207,True,False,-0.903612239450177,1.9643820206224154,True,False
20.8666458,1.0787697007116726,-0.749371952612726,True,False,-0.7341420538369103,-0.5467407405086743,True,False,-0.6266716304178735,1.416795195319566,True,False
20.8999791,0.599446663364241,-0.46788308444038496,True,False,0.10790699792021238,-1.1464706700629712,True,False,-0.1323071627300137,0.5608200257368086,True,False
20.9333124,0.05398225986680634,-0.12255759433497328,True,False,0.7758786791885458,-1.2014687598457168,True,False,0.2291359540086002,-0.1211451877534172,True,False
20.966645699999997,-0.3306976547399488,0.11549331508676652,True,False,0.9745534792718975,-0.6522307053723109,True,False,0.20605640471038777,-0.2855435993792115,True,False
20.999979,-0.4288951435058119,0.1522842059271963,True,False,0.6888452265724063,0.2488488120613451,True,False,-0.2004810682986106,0.08133745944272591,True,False
21.0333123,-0.2544572178457917,7.148894333385362e-05,True,False,0.15322145509266208,1.08751531537905,True,False,-0.7590101876710534,0.6897146016722987,True,False
21.066645599999998,0.08413847859215327,-0.2632818546216865,True,False,-0.3090835726808227,1.5190934964701044,True,False,-1.18090506885994,1.1608914195531193,True,False
21.0999789,0.46087978208843783,-0.5554560854402111,True,False,-0.4651409400952187,1.431003838796102,True,False,-1.307039350639478,1.2648107743760888,True,False
21.1333122,0.7844555733840343,-0.8199450714624571,True,False,-0.2620381463941725,0.9451487997427527,True,False,-1.17951625881176,1.0156722174251946,True,False
21.166645499999998,1.0112013059614102,-1.0198838160018717,True,False,0.19748575781976593,0.28873269926025114,True,False,-0.9701881358929954,0.5850902708165102,True,False
21.1999788,1.1366856898269522,-1.1237711663938148,True,False,0.740814487849157,-0.3596658047054554,True,False,-0.837552328349305,0.13310989680861388,True,False
21.2333121,1.1869722464230208,-1.1107857183934553,True,False,1.2023514661976415,-0.9435797802994421,True,False,-0.8205393626823656,-0.2951899453025455,True,False
21.266645399999998,1.2135614425059023,-0.9964481783578943,True,False,1.4552453683470106,-1.4829697994114,True,False,-0.8316754323515241,-0.744258744676503,True,False
21.2999787,1.2776275757232827,-0.8490532521358337,True,False,1.4136896955949576,-1.968149965084435,True,False,-0.7282267440683777,-1.25719982092629,True,False
21.333312,1.415181225493271,-0.7664590126844735,True,False,1.0449001430140439,-2.305329874975086,True,False,-0.40137065488800394,-1.815298755226864,True,False
21.3666453,1.5985014069426455,-0.8145983487017547,True,False,0.3990414277746147,-2.3702151347433125,True,False,0.160437550369379,-2.3395983489656684,True,False
21.399978599999997,1.7202644642144054,-0.9650056871709033,True,False,-0.37873795074952415,-2.110490469637924,True,False,0.8563105986991646,-2.7274418675357017,True,False
21.4333119,1.621748662927298,-1.0837280250060743,True,False,-1.0865765030147179,-1.5945120583698347,True,False,1.5083817927834147,-2.8871597824967705,True,False
21.4666452,1.1677138847600674,-0.996994255613999,True,False,-1.5422855468144332,-0.9729046439660562,True,False,1.926955472344648,-2.7555071226035586,True,False
21.499978499999997,0.3324831287989984,-0.5945878718109548,True,False,-1.6528348232182666,-0.40269345885213714,True,False,1.9797328774783045,-2.310537766561295,True,False
21.5333118,-0.7597579668942743,0.1040122139406884,True,False,-1.4387269500856377,0.005658794110732394,True,False,1.6480124998920114,-1.5966719632777784,True,False
21.5666451,-1.865467650452039,0.9558392832424841,True,False,-1.0132299809452865,0.20861921949036666,True,False,1.0506759173617586,-0.7509755546659481,True,False
21.599978399999998,-2.7035314546288283,1.7503953337441436,True,False,-0.5452332282111643,0.24845513143305184,True,False,0.41114627362216755,0.013667052827149122,True,False
21.6333117,-3.057423138426483,2.2834500609128696,True,False,-0.21813679793783994,0.2697787497692928,True,False,-0.04240850598856822,0.5092944645154497,True,False
21.666645,-2.8660462142001344,2.431439253558157,True,False,-0.17373466670677873,0.48062802608545835,True,False,-0.20396764553774843,0.7184017174244202,True,False
21.699978299999998,-2.264472091746573,2.20733627313641,True,False,-0.45151032896222476,1.0412089571094216,True,False,-0.15529313780434534,0.852622212026679,True,False
21.7333116,-1.541896197139674,1.7667726494831901,True,False,-0.9633875619692788,1.9510457721488017,True,False,-0.11156986905199585,1.2379138289348395,True,False
21.7666449,-1.0143538013345688,1.338425418044062,True,False,-1.5283005780684313,3.0195196097205614,True,False,-0.28448624614499224,2.098341722028913,True,False
21.799978199999998,-0.8638555182125033,1.0988241336556515,True,False,-1.9508835612631328,3.9418599321351286,True,False,-0.7542727380651983,3.39168832631433,True,False
21.8333115,-1.0398886453918461,1.0688074623185622,True,False,-2.10102723469411,4.433597272015864,True,False,-1.4210826218609385,4.797788027521028,True,False
21.8666448,-1.2944925675503867,1.1064130064421567,True,False,-1.9481922747704261,4.338707716650682,True,False,-2.0539160248000843,5.857203645783867,True,False
21.8999781,-1.331488541797973,1.0015508309698482,True,False,-1.5361226287832974,3.652220088428773,True,False,-2.40161874718814,6.1739840469979175,True,False
21.933311399999997,-0.9717837039528598,0.6070813763748835,True,False,-0.9298600422544339,2.4742040857408583,True,False,-2.304091132536781,5.577619078638626,True,False
21.9666447,-0.23895871783339376,-0.07283862705429715,True,False,-0.1813557808145293,0.955999802241292,True,False,-1.7527222545964922,4.174649725541385,True,False
21.999978,0.6642406383989641,-0.8780230902632918,True,False,0.6651006427744346,-0.7228632996929186,True,False,-0.8785929100007354,2.275905345103188,True,False
22.033311299999998,1.4606257643432057,-1.567333749564446,True,False,1.5403974600521995,-2.3493100399679734,True,False,0.11503460021094808,0.25349984554108135,True,False
22.0666446,1.9322211454730513,-1.9358956428619103,True,False,2.323163615061065,-3.668939108422582,True,False,1.031215668377015,-1.5836325744709645,True,False
22.0999779,2.0201727312047244,-1.9142054736005107,True,False,2.84915723727538,-4.413506135360042,True,False,1.7274601899606064,-3.0419041631655492,True,False
22.133311199999998,1.8389679571318027,-1.5960214570428177,True,False,2.9690552731951927,-4.386990946641271,True,False,2.120830280522948,-4.0279728298192685,True,False
22.1666445,1.596244043066193,-1.1814825228856096,True,False,2.627418152061504,-3.574328978987765,True,False,2.1687539518516705,-4.505790978595461,True,False
22.1999778,1.4639123501530618,-0.868967533779213,True,False,1.9084967239570294,-2.1914364030939177,True,False,1.8559479429497172,-4.466332096837542,True,False
22.233311099999998,1.4744442119175645,-0.7552277687411769,True,False,1.015359125045376,-0.6285195733583351,True,False,1.2062437580064826,-3.9317536832246147,True,False
22.2666444,1.5012257441846164,-0.7945860617252826,True,False,0.19428611112651384,0.6911549295718554,True,False,0.31726071029906644,-2.9949647055641506,True,False
22.2999777,1.3357917370172854,-0.8340506751170831,True,False,-0.35545232645657077,1.4657533147336623,True,False,-0.6119526949262581,-1.8631647885507954,True,False
22.333311,0.8192634849707641,-0.7030412202498769,True,False,-0.5422579068754481,1.5990832962738086,True,False,-1.3070376253215257,-0.8437563066349989,True,False
22.366644299999997,-0.046768757125067666,-0.31331510342264746,True,False,-0.39326120572467427,1.1827071268447902,True,False,-1.5138088248625636,-0.24122722598138857,True,False
22.3999776,-1.069452973082092,0.2775646458115643,True,False,-0.02900125427360164,0.4226027445612047,True,False,-1.118654082147098,-0.21483011003181535,True,False
22.4333109,-1.9303742555021088,0.8751143337019435,True,False,0.3853174705346388,-0.43691135371884654,True,False,-0.22006231817795735,-0.6934573332887107,True,False
22.466644199999998,-2.3215970774116514,1.2372864974969708,True,False,0.7091643015846539,-1.1851637745185084,True,False,0.9019319111789798,-1.4126979902667438,True,False
22.4999775,-2.0899006226497954,1.203339065072551,True,False,0.8872913308097649,-1.7042405260367535,True,False,1.9124934618133118,-2.0566284739733454,True,False
22.5333108,-1.3137116914268698,0.7853533365423919,True,False,0.9506157962483348,-1.9747970385414582,True,False,2.5679792030121105,-2.4104796247595184,True,False
22.566644099999998,-0.26802597112316023,0.1634427753826238,True,False,0.9490147828393156,-2.015270483863992,True,False,2.784007361481445,-2.4211272674559234,True,False
22.5999774,0.7050126074408385,-0.4117729059265718,True,False,0.8787399422337009,-1.8141682125797425,True,False,2.5950285538382336,-2.137190887542269,True,False
22.6333107,1.3452281273039615,-0.7443364017105558,True,False,0.6778468866181184,-1.332789892673061,True,False,2.068716645342336,-1.6030120186985346,True,False
22.666643999999998,1.5572075979954878,-0.7661882833848772,True,False,0.2926562065304754,-0.5797515839320251,True,False,1.2637685318944543,-0.8160361582656611,True,False
22.6999773,1.3949435361597455,-0.5274463784290971,True,False,-0.2523521354336657,0.32353169778990365,True,False,0.253475574985206,0.22036506131249786,True,False
22.7333106,0.9891613735883458,-0.13805430933347787,True,False,-0.8436719969886777,1.1597818414989884,True,False,-0.8372831714162866,1.4204301397932582,True,False
22.7666439,0.4761196291301642,0.2882229175202085,True,False,-1.3318992457504817,1.712928749049637,True,False,-1.8329721721463887,2.5967426687278743,True,False
22.799977199999997,-0.04070231558018319,0.6626376836404902,True,False,-1.608757178529,1.8808692817360473,True,False,-2.5487605034521255,3.51182143283812,True,False
22.8333105,-0.48804117405662994,0.9211901117686818,True,False,-1.657370233666449,1.7273808947587712,True,False,-2.8501269908016207,3.9676465299529338,True,False
22.8666438,-0.7978148858217607,1.010825830770202,True,False,-1.5447311665697574,1.4348227209314153,True,False,-2.7109661523939246,3.8928431294625114,True,False
22.899977099999997,-0.9015971448045832,0.8909524969001559,True,False,-1.3660100932225183,1.187541336753385,True,False,-2.245386613910389,3.385403444717567,True,False
22.9333104,-0.7633737905512707,0.5610264724493158,True,False,-1.1846774865420402,1.0658967047020504,True,False,-1.6782137514312776,2.6752914776703083,True,False
22.9666437,-0.4207433240150864,0.08843477582944513,True,False,-1.0117245690521228,1.0234994342086734,True,False,-1.2402944513408263,2.0102680564035422,True,False
22.999976999999998,0.008526776038384972,-0.39790644857870955,True,False,-0.8322821081985732,0.957986751518348,True,False,-1.0383148261553024,1.52742614026598,True,False
23.0333103,0.3700398379475494,-0.7555559740574139,True,False,-0.6482826355046291,0.8123993321390044,True,False,-0.9985508548810037,1.2002048195769666,True,False
23.0666436,0.5439580205004277,-0.891244006495141,True,False,-0.49334001257136856,0.6204216073038836,True,False,-0.9420070736856724,0.9022073789098235,True,False
23.099976899999998,0.5009677932049187,-0.8003476674297472,True,False,-0.4023751128540917,0.4600491727741541,True,False,-0.729879238553139,0.5289498764458731,True,False
23.1333102,0.30928596566550726,-0.561930909695309,True,False,-0.36801403860269305,0.36886526640660966,True,False,-0.3526847277156342,0.0699870279936197,True,False
23.1666435,0.08728907269818484,-0.2924084902758141,True,False,-0.338382921658997,0.31288430194848366,True,False,0.0945724123017863,-0.4105907427854133,True,False
23.199976799999998,-0.06970501317887877,-0.0823294981831069,True,False,-0.2658134085337536,0.2360696179925934,True,False,0.498094806031788,-0.8354904280356911,True,False
23.233310099999997,-0.13886353476319985,0.044945579005304576,True,False,-0.15076175183186302,0.12308211334603053,True,False,0.7924092230743993,-1.1566854084328968,True,False
23.2666434,-0.16305212661665802,0.12538898968247952,True,False,-0.029602701671813718,0.00296094389454007,True,False,0.9752944485566,-1.3620299394517088,True,False
23.2999767,-0.20233728275270166,0.20866877290645008,True,False,0.07433591715589609,-0.09716501883932441,True,False,1.0799692087502792,-1.4589460896610276,True,False
23.333309999999997,-0.28937485706437865,0.31678759573716436,True,False,0.1736650993059733,-0.18079369868731882,True,False,1.132574708057831,-1.454593460606503,True,False
23.3666433,-0.4208572200501616,0.43900449374552447,True,False,0.28793371685600777,-0.2573473192627467,True,False,1.1274588152992597,-1.349427647138655,True,False
23.3999766,-0.5759352267937256,0.5544001411192075,True,False,0.4042335303512699,-0.30404776080145207,True,False,1.0417135585022392,-1.1535868070865292,True,False
23.433309899999998,-0.7281472344415617,0.6477426606270268,True,False,0.4818649576350224,-0.276130507173632,True,False,0.8764137820583224,-0.9146709871769937,True,False
23.4666432,-0.8390113937630501,0.703363412263714,True,False,0.4987767584789854,-0.16492156222257434,True,False,0.678530065772029,-0.7192064385429114,True,False
23.4999765,-0.8576956896804758,0.6964153085503973,True,False,0.4848902934207667,-0.03831659897256013,True,False,0.511480137630669,-0.6416085118847166,True,False
23.533309799999998,-0.7438050703245153,0.6002542657282866,True,False,0.5071861476251001,-0.017042267446346585,True,False,0.400571033937092,-0.6755128028744724,True,False
23.5666431,-0.4935265722281745,0.4021719979104793,True,False,0.6270826047389297,-0.20705297297156486,True,False,0.3124197545186438,-0.7213472947857198,True,False
23.5999764,-0.14661622704758823,0.1144829621073365,True,False,0.8646573312095601,-0.6352291641090831,True,False,0.19232291295338586,-0.658158142029605,True,False
23.633309699999998,0.2236802959188058,-0.22049488315759605,True,False,1.1830439034632159,-1.2226888516083483,True,False,0.02510991347956788,-0.44450075998597854,True,False
23.666643,0.5309137414221041,-0.5345168958682553,True,False,1.4945221313551338,-1.8098951627632314,True,False,-0.13514458200611285,-0.16154604766459071,True,False
23.6999763,0.7052346503675796,-0.753546472507769,True,False,1.687103325679015,-2.2183880477352824,True,False,-0.1950704340224444,0.045052005040333507,True,False
23.7333096,0.7239361264003036,-0.8303184969059885,True,False,1.6639766650194554,-2.3125336789129167,True,False,-0.09101609675230408,0.08104117453489446,True,False
23.766642899999997,0.6225453546500962,-0.768929636322531,True,False,1.382030043720186,-2.035255133519268,True,False,0.16173140392206403,-0.029711041512490873,True,False
23.7999762,0.47114874280387636,-0.6177302170645509,True,False,0.8766833054578443,-1.4209936695968364,True,False,0.4809481146119068,-0.189969894912521,True,False
23.8333095,0.32906829751952393,-0.4333113066481023,True,False,0.2631654852070903,-0.5975015374534809,True,False,0.7675458485939606,-0.3227577799418207,True,False
23.866642799999997,0.21672416586120863,-0.25098755712616,True,False,-0.29717187497297726,0.23777341661945742,True,False,0.9408544688254546,-0.4057960434921444,True,False
23.8999761,0.12428755213159157,-0.08565294087749653,True,False,-0.6645277220408226,0.88779241816451,True,False,0.9441767241673121,-0.42829406604024617,True,False
23.9333094,0.03589687093757503,0.053411660920449223,True,False,-0.7881121250299058,1.2460795097794228,True,False,0.7471616180713297,-0.3459397681716725,True,False
23.966642699999998,-0.05417019681456008,0.15624150064936707,True,False,-0.7269213630986543,1.3425828632632268,True,False,0.364082087903266,-0.10028381364310889,True,False
23.999976,-0.13259973387837057,0.2119672433350717,True,False,-0.6095698188730371,1.3088978953168298,True,False,-0.12767704368359886,0.31146493347664955,True,False
24.0333093,-0.1628890857496833,0.20747551585250226,True,False,-0.5576426323856418,1.2819122496833524,True,False,-0.5979821539719571,0.7863685009967364,True,False
24.066642599999998,-0.0973320805276352,0.1317394478134273,True,False,-0.6154896290176608,1.305963241666259,True,False,-0.913470369205182,1.145407996295161,True,False
24.0999759,0.08900540125171573,-0.009288720167251359,True,False,-0.7323381623914186,1.306643968087773,True,False,-1.0072357943742436,1.241966659618507,True,False
24.1333092,0.3587373832112838,-0.17639091062668574,True,False,-0.8146998245315534,1.1643894103781016,True,False,-0.9254895004162792,1.0725933697212666,True,False
24.1666425,0.5989343562663035,-0.2952260257721272,True,False,-0.8093118114233941,0.8313043209735678,True,False,-0.8100661694550241,0.794278593551274,True,False
24.199975799999997,0.6624884576424217,-0.2832359785855307,True,False,-0.7448637555551257,0.39177367485140796,True,False,-0.8160965728949168,0.624968195278197,True,False
24.2333091,0.45934542706515924,-0.10306194744314974,True,False,-0.6958971645309902,0.011128048910867418,True,False,-1.0109065136463757,0.6952913644903229,True,False
24.2666424,0.03953491447320871,0.19281895435228097,True,False,-0.7061914057784056,-0.18330730539006723,True,False,-1.3171691868512987,0.9528136425353733,True,False
24.299975699999997,-0.4091505677365038,0.4732109464530658,True,False,-0.7452300902611655,-0.1836870622611315,True,False,-1.542851964361591,1.1849832700586855,True,False
24.333309,-0.6651248429466844,0.6005652455901056,True,False,-0.7301284372763512,-0.08919287138149613,True,False,-1.4885448066886047,1.1475780445327015,True,False
24.3666423,-0.6035592844251498,0.5117520658584235,True,False,-0.5847952709887344,-0.031234936707600785,True,False,-1.0681791803258915,0.716399016711293,True,False
24.399975599999998,-0.26077094559194863,0.24820993512194095,True,False,-0.2914512015356527,-0.09692254269790801,True,False,-0.36581557853645885,-0.031925615919500466,True,False
24.4333089,0.1944298732939687,-0.07389658574820392,True,False,0.09604571121276617,-0.29195329099095674,True,False,0.40567642143696403,-0.8575270729687173,True,False
24.4666422,0.5500770711144811,-0.32300659176853064,True,False,0.48183462646659536,-0.552828723160161,True,False,1.0104833170781335,-1.4822754661190398,True,False
24.499975499999998,0.652701307866235,-0.4093863574151881,True,False,0.7744036226592925,-0.7865824381871509,True,False,1.2933152389546012,-1.7189954282392492,True,False
24.5333088,0.4707558249940151,-0.31782146646671866,True,False,0.9172104474699774,-0.9079597242151738,True,False,1.236417248854686,-1.5407424819600204,True,False
24.5666421,0.0893553406177793,-0.10435300951905926,True,False,0.8961755032423082,-0.8625515320296576,True,False,0.9578597653926947,-1.0746607463562086,True,False
24.599975399999998,-0.3463667470402381,0.1357855323433267,True,False,0.735160014897375,-0.6396509594474726,True,False,0.6496609336837511,-0.5321844132198282,True,False
24.633308699999997,-0.6961581582997632,0.31170839243061127,True,False,0.48476582175459687,-0.2767506596790818,True,False,0.47873293282495505,-0.11063335915818612,True,False
24.666642,-0.8688444206763605,0.373975248313771,True,False,0.20321869449791355,0.14976152561896003,True,False,0.5113898987177948,0.07752855701277128,True,False
24.6999753,-0.8354396402862929,0.32511272806175423,True,False,-0.06316507602099279,0.5501685932722201,True,False,0.7069914550506882,0.01805456581491983,True,False
24.733308599999997,-0.6121103624527251,0.19495207214031612,True,False,-0.285256715967612,0.8496253615200031,True,False,0.9579553469883237,-0.22237205520986178,True,False
24.7666419,-0.2327441545968432,0.005146390548044177,True,False,-0.43924086853495564,0.9986866000165315,True,False,1.127559024041295,-0.5125851532794672,True,False
24.7999752,0.2558878896938471,-0.23604950947377296,True,False,-0.49398126311012824,0.9664443066532298,True,False,1.0802967451169878,-0.6851358915369669,True,False
24.833308499999998,0.7681202333938659,-0.500956603787793,True,False,-0.41817877919379504,0.740535915168558,True,False,0.7265711964577661,-0.597393786823023,True,False
24.8666418,1.164691977875948,-0.7158651910875284,True,False,-0.2099754966834606,0.34967845582383567,True,False,0.07337031814450576,-0.20321969550268232,True,False
24.8999751,1.2981180380790158,-0.7866963522107018,True,False,0.0746035303274293,-0.11198374097211082,True,False,-0.7575901725558208,0.4156584116555687,True,False
24.933308399999998,1.0979653028599938,-0.661218775440538,True,False,0.32576460455615974,-0.4977648098708304,True,False,-1.5648740434983914,1.081118451965364,True,False
24.9666417,0.6179066182922047,-0.36627810879964146,True,False,0.4244818524868298,-0.6676370347550691,True,False,-2.1348006004836315,1.5873129086620168,True,False
24.999975,0.0065174571161210676,0.008440402239592682,True,False,0.3048411705598863,-0.5585637880720757,True,False,-2.3059991176503387,1.768851289134273,True,False
25.033308299999998,-0.5624638717532846,0.3539226129712497,True,False,0.002289799929411424,-0.2247751636901452,True,False,-2.01346150042268,1.5501517032435859,True,False
25.066641599999997,-0.953441724193592,0.5817833985549266,True,False,-0.3395943563583194,0.1704497856180953,True,False,-1.3101675199026794,0.9702490731703814,True,False
25.0999749,-1.1046825437738184,0.6483947378490191,True,False,-0.5232859846953667,0.41602527806276035,True,False,-0.36235293972358706,0.17828015977688536,True,False
25.1333082,-1.0295593210266982,0.5572525407420011,True,False,-0.4030880609825561,0.35625512052265823,True,False,0.5892555614967028,-0.6041701733207944,True,False
25.166641499999997,-0.7895687424906584,0.3446633296877526,True,False,0.014580882294219602,-0.011753467628685732,True,False,1.3028995411857243,-1.1534010478082377,True,False
25.1999748,-0.4604718535250068,0.06689517363336712,True,False,0.5523075349884449,-0.5174530889746622,True,False,1.6228627683808214,-1.328376581067023,True,False
25.2333081,-0.11021295539971072,-0.20397547959546194,True,False,0.955265931568943,-0.907871501534388,True,False,1.5354703325661914,-1.127734527604767,True,False
25.266641399999997,0.21020135632312237,-0.38999191227735774,True,False,1.0438290074708714,-1.0008940377820013,True,False,1.1584783203821651,-0.6826667690033739,True,False
25.2999747,0.4697708534602367,-0.4340192154715226,True,False,0.8166900427091202,-0.7912069981835776,True,False,0.6725773073857728,-0.18872161492352565,True,False
25.333308,0.6533234303466757,-0.32793326767852254,True,False,0.4309359174367684,-0.43201030178541133,True,False,0.23949295817844443,0.18433865427299118,True,False
25.366641299999998,0.7463706837168436,-0.11605068658834909,True,False,0.08494546857487818,-0.11746996480240063,True,False,-0.048261232043861506,0.35527201327358504,True,False
25.3999746,0.7227054551435341,0.1300276382682202,True,False,-0.10486389381569294,0.04057024267774395,True,False,-0.16614711817672104,0.3352901535885757,True,False
25.4333079,0.55803461746285,0.3422950202366849,True,False,-0.15389835310300684,0.061249249386347605,True,False,-0.12083727736019345,0.1824571320706213,True,False
25.466641199999998,0.26528025752738643,0.47271296258820816,True,False,-0.15982405050688375,0.04707101510795079,True,False,0.07972637211310798,-0.048130454150699685,True,False
25.4999745,-0.08562052515858679,0.49628772076952754,True,False,-0.19811024501851066,0.08573956346027498,True,False,0.41904515861178515,-0.31884383955605666,True,False
25.5333078,-0.39002619723571014,0.41151095854944325,True,False,-0.2546662526161296,0.18349426583247985,True,False,0.8403802213519863,-0.5916115925347438,True,False
25.5666411,-0.5601761037244272,0.2417498202235036,True,False,-0.2519008029469564,0.27690927345572386,True,False,1.2250815151763303,-0.8074034919445108,True,False
25.599974399999997,-0.5725360975678869,0.034130283079884256,True,False,-0.13629090135218297,0.2989075869541097,True,False,1.403198134513464,-0.884879756517685,True,False
25.6333077,-0.48604387189157783,-0.14698274104899092,True,False,0.04968447237266899,0.24116950937014187,True,False,1.2077185675730329,-0.7470231906081567,True,False
25.666641,-0.42068935814810404,-0.23374363103614407,True,False,0.16518022681382294,0.1716157834618004,True,False,0.5631437624152429,-0.3693787040684066,True,False
25.699974299999997,-0.49855748708149294,-0.17739006575463717,True,False,0.04514034466294663,0.19759275028625645,True,False,-0.4437266964543136,0.18312880238754592,True,False
25.7333076,-0.7743958245686904,0.02828876459242283,True,False,-0.3849347771073445,0.3938508150110809,True,False,-1.5711274152835304,0.7680467125065624,True,False
25.7666409,-1.200658142709729,0.3404188507075628,True,False,-1.0247934601375188,0.7385058545452365,True,False,-2.5134924995026804,1.2256321594574706,True,False
25.799974199999998,-1.6438942203167823,0.6810042060574971,True,False,-1.6149481993487766,1.1025611398038238,True,False,-3.020062247878296,1.4454216705969922,True,False
25.8333075,-1.9252062420147118,0.9523747601556614,True,False,-1.8549185044116816,1.3025141984231676,True,False,-2.9730591017804384,1.394305620879171,True,False
25.8666408,-1.8630146725489731,1.0466966320751505,True,False,-1.551178506506723,1.1838091737549261,True,False,-2.3995704201202783,1.1002390670345135,True,False
25.899974099999998,-1.3327957143485656,0.8722087008779315,True,False,-0.713642738971661,0.6962641480299157,True,False,-1.4397022107921063,0.6248294021408042,True,False
25.9333074,-0.34833679282458613,0.40745397056098875,True,False,0.43652389240120354,-0.06694633604468682,True,False,-0.3067517298912727,0.05629553744579639,True,False
25.9666407,0.8899543332542209,-0.2561082918702448,True,False,1.5487028696068186,-0.8914318915887366,True,False,0.7457100976446456,-0.4813213543847359,True,False
25.999973999999998,2.0483584811863182,-0.9356685546956205,True,False,2.2830319316857937,-1.52606637898254,True,False,1.4694904432428062,-0.8387756272264708,True,False
26.033307299999997,2.806527640295076,-1.439896697512449,True,False,2.4398307652235185,-1.7858702501255843,True,False,1.7040722294631607,-0.8991041677838714,True,False
26.0666406,3.004978570282748,-1.6551124685233323,True,False,2.014424649758761,-1.6176598727170488,True,False,1.4592637808369506,-0.6515917674685611,True,False
26.0999739,2.6994827898304123,-1.580590699886586,True,False,1.1720926645555267,-1.1064394826745754,True,False,0.9147561312308913,-0.21105246137525982,True,False
26.133307199999997,2.1027267679158026,-1.304356267673824,True,False,0.17882212040432457,-0.4319937139297216,True,False,0.31826211023547346,0.2436253015536432,True,False
26.1666405,1.4705715842667082,-0.9514835467901712,True,False,-0.6846323662052703,0.20218367392780445,True,False,-0.13350070015275795,0.5580204919885217,True,False
26.1999738,1.000002744374899,-0.6367575954270335,True,False,-1.208652050579859,0.6371864412546833,True,False,-0.3476043030696011,0.6530944315879842,True,False
26.233307099999998,0.7636635417804437,-0.4264158772527165,True,False,-1.3134339701110593,0.7968816923429182,True,False,-0.3207456139860362,0.5273377617842726,True,False
26.2666404,0.6892505240536689,-0.31101745545864123,True,False,-1.0590843249127244,0.6935026795580581,True,False,-0.10449818088180218,0.23632415466125317,True,False
26.2999737,0.6056253476449844,-0.21323519988825668,True,False,-0.6136940682669164,0.4159308966167475,True,False,0.22100047770837697,-0.13076739304916854,True,False
26.333306999999998,0.35533518104309825,-0.046118920990295,True,False,-0.19042103487187106,0.10047192123400249,True,False,0.5640860621647696,-0.47442378552849557,True,False
26.3666403,-0.09014605336989166,0.21167402522622955,True,False,0.04012922300786984,-0.12337941137555296,True,False,0.8368616584700904,-0.7088239641190615,True,False
26.3999736,-0.6030573521967002,0.488747224588497,True,False,0.02540227497472229,-0.1878734403526605,True,False,0.974173755354824,-0.7857773454334336,True,False
26.433306899999998,-0.9889647852614585,0.6728699832262941,True,False,-0.15944799252323233,-0.10409098581814423,True,False,0.9542819319358254,-0.712980918674359,True,False
26.466640199999997,-1.1245588846647219,0.7009412665586959,True,False,-0.3723776891607999,0.06221139836874993,True,False,0.8080639965386343,-0.5533528970782936,True,False
26.4999735,-1.0373670308171108,0.610470245930284,True,False,-0.4872275657700087,0.2310250213253554,True,False,0.6013472587075744,-0.39334024257602423,True,False
26.5333068,-0.8744232377079091,0.5121111672354924,True,False,-0.4522624630691278,0.34557574135422264,True,False,0.39452681885288465,-0.29157407219069853,True,False
26.566640099999997,-0.7949349368322133,0.5107427241185528,True,False,-0.30158602184262784,0.3927518133483418,True,False,0.21314710457727912,-0.24814813007237788,True,False
26.5999734,-0.8681561794381253,0.6362661318474042,True,False,-0.11298249510816562,0.39109569236761216,True,False,0.05981321924255228,-0.22477044122764503,True,False
26.6333067,-1.0360003773755326,0.8240271459675436,True,False,0.0642034987438574,0.3502350546727265,True,False,-0.047535499121735124,-0.19642659326333986,True,False
26.666639999999997,-1.149411055330533,0.9458911415281581,True,False,0.25528290743836646,0.238345582939339,True,False,-0.059815827741673586,-0.18252133777134188,True,False
26.6999733,-1.0543722410002374,0.874558571882982,True,False,0.5348745411465627,-0.0012301999795532193,True,False,0.0649646984281686,-0.22349080696179677,True,False
26.7333066,-0.6880267624437013,0.5572697982964938,True,False,0.9411641136570752,-0.38632774759496746,True,False,0.29141994720272235,-0.3189912857152867,True,False
26.766639899999998,-0.13380736682377428,0.061731650386291026,True,False,1.3979455704655466,-0.8398922105942285,True,False,0.4708563314945353,-0.3851838050077888,True,False
26.7999732,0.40546168086195944,-0.44279656650033056,True,False,1.7167351919225728,-1.198755061051111,True,False,0.3970464615600799,-0.2847978410410664,True,False
26.8333065,0.7117099064252148,-0.7705901886409879,True,False,1.689660710879676,-1.2909962178289531,True,False,-0.05786526581906081,0.07314202286131373,True,False
26.866639799999998,0.6731395818409833,-0.8219153100137907,True,False,1.2121119683286783,-1.0311490027584658,True,False,-0.8225043686331016,0.6393701919076846,True,False
26.8999731,0.3421061337449706,-0.6327001942335151,True,False,0.35771255586189377,-0.473444263751286,True,False,-1.6305465433535768,1.2250367149026953,True,False
26.9333064,-0.11058107832932365,-0.3369392498465279,True,False,-0.6362453686217652,0.20638634526892133,True,False,-2.161989791839365,1.6054720049126865,True,False
26.966639699999998,-0.5058232123924029,-0.07607272395104811,True,False,-1.4648442752589632,0.7882476193735476,True,False,-2.213060860706606,1.6428383213276894,True,False
26.999972999999997,-0.7493086568469742,0.0765119614267763,True,False,-1.8845714317808866,1.1012319439933989,True,False,-1.7796952082507107,1.3424075993318632,True,False
27.0333063,-0.8546604907254025,0.13450319655661197,True,False,-1.8130561471383946,1.0882348887168671,True,False,-1.0317918217400075,0.8279584767244627,True,False
27.0666396,-0.8987586576643327,0.16398507849157076,True,False,-1.3543161067024239,0.816479013973007,True,False,-0.22329375446227953,0.2721983806490334,True,False
27.099972899999997,-0.9490252692102761,0.22555995082069233,True,False,-0.7442750865400932,0.4381917663839444,True,False,0.41094102672835625,-0.1763518645724579,True,False
27.1333062,-1.0168597519541975,0.3354598101165756,True,False,-0.25110047946062264,0.12734391333524459,True,False,0.73008702926572,-0.4381034176044621,True,False
27.1666395,-1.066524200704858,0.4692676795698446,True,False,-0.07332693595441322,0.017270293657178627,True,False,0.7093968992243115,-0.5057443098170923,True,False
27.199972799999998,-1.0503724181203062,0.5855227208557414,True,False,-0.2651986389208063,0.15310624285388913,True,False,0.41977420386104947,-0.4215969779740289,True,False
27.2333061,-0.9222188505103068,0.6331754289622393,True,False,-0.7088759907470176,0.46973320923160794,True,False,-0.0039462576474010155,-0.25588658759694716,True,False
27.2666394,-0.632660210433835,0.5509802879080591,True,False,-1.1454558099970196,0.8050614035898858,True,False,-0.3949409885629768,-0.09291516273538944,True,False
27.299972699999998,-0.14825397082031494,0.29371441815686566,True,False,-1.2701042365526416,0.9564256454266102,True,False,-0.5991401594060929,-0.01076668547111101,True,False
27.333306,0.5043293531997035,-0.12166409658850619,True,False,-0.8741706986892379,0.7727986089512332,True,False,-0.5292764652620457,-0.05112796807239969,True,False
27.3666393,1.219728892378556,-0.6004773592906227,True,False,0.03127121049126732,0.241048996662293,True,False,-0.19672197417910645,-0.20092137819073286,True,False
27.399972599999998,1.8530099805607263,-1.0118243357461167,True,False,1.190535169194289,-0.4884321356540748,True,False,0.29810478961377196,-0.40271474044566963,True,False
27.433305899999997,2.2908627698046717,-1.2582092179581505,True,False,2.203794057728976,-1.1589786287541166,True,False,0.8037290253192391,-0.584479024426844,True,False
27.4666392,2.5014731008130164,-1.322412348068303,True,False,2.707952560693222,-1.5237852695605787,True,False,1.168630275546339,-0.6918667086228669,True,False
27.4999725,2.529356559658429,-1.2614697906572463,True,False,2.5441828586782735,-1.4619144866190694,True,False,1.29653569238363,-0.7111132646261031,True,False
27.533305799999997,2.4438292351892867,-1.1558321830404217,True,False,1.8191212987179641,-1.029395438819079,True,False,1.183166073268978,-0.6691701237501844,True,False
27.5666391,2.278964075939726,-1.0484182358535152,True,False,0.8323286344806373,-0.4203711418325145,True,False,0.910156030287264,-0.6079082682129325,True,False
27.5999724,2.0044491993403772,-0.9115153338359643,True,False,-0.07497621564490456,0.13032055978124818,True,False,0.59927457357927,-0.5508421832186653,True,False
27.633305699999998,1.548324528970645,-0.6639686382090718,True,False,-0.6588962073352501,0.4449995239161825,True,False,0.35578860292517744,-0.48774438366250544,True,False
27.666639,0.8602855136599454,-0.23144908501023262,True,False,-0.8363221261725684,0.4584041683083139,True,False,0.23295228919156652,-0.3884279406644309,True,False
27.6999723,-0.024466487248177713,0.38600639700900613,True,False,-0.6721032412484769,0.22228476202868788,True,False,0.2293988267596068,-0.23243766423688886,True,False
27.733305599999998,-0.9627542301286951,1.0812949293377792,True,False,-0.32369231074292937,-0.12862892675521667,True,False,0.30744581072711374,-0.028349189538280903,True,False
27.7666389,-1.7431124352669598,1.667836510341372,True,False,0.0351979046281236,-0.4383203881751021,True,False,0.41542568367753224,0.19083723436137567,True,False
27.7999722,-2.178720842941008,1.9637691775307022,True,False,0.29279823327633075,-0.6009566689144216,True,False,0.5049090235069158,0.3883945041573603,True,False
27.833305499999998,-2.2097640256275572,1.8934517666162585,True,False,0.4361287329687895,-0.6046447986624606,True,False,0.5420783575815266,0.5419784102310009,True,False
27.866638799999997,-1.9485664026249723,1.5427095856201842,True,False,0.5154922341589995,-0.5150302200786533,True,False,0.5165831824270628,0.644348768839463,True,False
27.8999721,-1.6245793066469614,1.1219173562732627,True,False,0.5678675621823726,-0.4107507436015492,True,False,0.4440067444025157,0.6910100123892989,True,False
27.9333054,-1.4526770238851232,0.8496651156405485,True,False,0.5669955125133259,-0.3242479924494324,True,False,0.35235154425793375,0.6746011838314708,True,False
27.966638699999997,-1.5006305160738325,0.8226572484987568,True,False,0.4354657114404907,-0.23209615594990854,True,False,0.25704096974749097,0.5943699664501271,True,False
27.999972,-1.6347841805071854,0.9494217983062588,True,False,0.09867614607232829,-0.08918352775554395,True,False,0.1462687369990056,0.46602850588961303,True,False
28.0333053,-1.5857174584935603,0.9946379662760086,True,False,-0.45892732319198276,0.13162930283159366,True,False,-0.007242043743057545,0.3161295006047247,True,False
28.066638599999997,-1.1078339474788292,0.7150029373523222,True,False,-1.1596098051847183,0.4199767751268986,True,False,-0.21629468617346523,0.16525399047207234,True,False
28.0999719,-0.14145999294392655,0.005362885615042297,True,False,-1.83277835782187,0.7271629722596543,True,False,-0.45785980682396243,0.01826876718404013,True,False
28.1333052,1.1205498115487036,-1.0309880618379472,True,False,-2.25900411817589,0.9750793948491604,True,False,-0.6840287238807444,-0.1266487228892121,True,False
28.166638499999998,2.303140922480659,-2.1243372022187144,True,False,-2.2525414918499718,1.077602802441769,True,False,-0.8642602052959827,-0.2573002359419792,True,False
28.1999718,3.0206153131224682,-2.9660489130391565,True,False,-1.7563801594008432,0.9835333363105626,True,False,-1.0253372259252205,-0.33647904990423827,True,False
28.2333051,3.054970212282341,-3.3470294578017614,True,False,-0.898937370198013,0.7233227026947686,True,False,-1.2451269720186675,-0.3184309495575191,True,False
28.266638399999998,2.4427169926077066,-3.229564695009701,True,False,0.04309163105919445,0.4108653357140782,True,False,-1.5909095936329625,-0.18608322058089755,True,False
28.299971699999997,1.4317327529789787,-2.7239186574452123,True,False,0.7724464474645171,0.1810068345018624,True,False,-2.047575856128332,0.024346855999962808,True,False
28.333305,0.3465705123805997,-2.0007970650023967,True,False,1.1082217414589277,0.1086417297301583,True,False,-2.4970331179312812,0.24045413324495643,True,False
28.366638299999998,-0.5559612423811002,-1.199737519675109,True,False,1.0453143684566344,0.17136335846925202,True,False,-2.767136261651403,0.4019103215090477,True,False
28.399971599999997,-1.1635857232606768,-0.38711005105243956,True,False,0.7159539045800705,0.27644056868789213,True,False,-2.7116239167889544,0.49495803684225187,True,False
28.4333049,-1.4891503870303295,0.417863329255778,True,False,0.3003216216646491,0.32615595494472854,True,False,-2.26683127766628,0.5370356077549916,True,False
28.4666382,-1.5935463131965144,1.181291469295621,True,False,-0.04874735348857916,0.2738716072293233,True,False,-1.4616794995452465,0.5251294705317417,True,False
28.499971499999997,-1.5230176746522264,1.818595942145156,True,False,-0.23810291347617235,0.13623151569875944,True,False,-0.3952488785171633,0.4052584245639484,True,False
28.5333048,-1.3050355063494412,2.2228285992667294,True,False,-0.23883261982401055,-0.03507200465457186,True,False,0.7929163182796537,0.10440626555491528,True,False
28.5666381,-0.9862312989477874,2.333825305003977,True,False,-0.08313033796626995,-0.1907312220479033,True,False,1.9463290558498092,-0.39628610493262206,True,False
28.599971399999998,-0.6585097536848927,2.182106498884744,True,False,0.1480782686622035,-0.3036076698533568,True,False,2.9077130405352305,-1.005190178413675,True,False
28.6333047,-0.43771624154023686,1.8709016456870664,True,False,0.3555269720026477,-0.366544487242254,True,False,3.532992349027227,-1.5231978122974248,True,False
28.666638,-0.40838121663730953,1.5256331330815927,True,False,0.4634137360090302,-0.3820071216247118,True,False,3.7118409542846442,-1.7143280639661196,True,False
28.699971299999998,-0.5724895937207083,1.2503244532923643,True,False,0.4514274530687253,-0.35879938355439595,True,False,3.3990949616811084,-1.41751261855226,True,False
28.7333046,-0.8291560786640962,1.0924254828661832,True,False,0.3579191931261931,-0.31569330772665405,True,False,2.645714276900753,-0.6420257818393256,True,False
28.7666379,-1.0003137097071775,1.0178888728382491,True,False,0.2529840593492339,-0.27976992727727124,True,False,1.6042623946751413,0.4098677416916,True,False
28.799971199999998,-0.9063971341468086,0.925089042218055,True,False,0.20112707648025946,-0.2753189076648179,True,False,0.49429243917606336,1.4073258495146523,True,False
28.833304499999997,-0.46444073984197454,0.707552073939303,True,False,0.23540936781146365,-0.31194138297124996,True,False,-0.4550118060696214,2.0110598082992737,True,False
28.8666378,0.24760791609423244,0.32726226220964166,True,False,0.34984271922562526,-0.38155310292746153,True,False,-1.0574113505145213,2.0015012962803556,True,False
28.8999711,1.0067968850458133,-0.15460566255326386,True,False,0.5065324898074423,-0.46595730179807054,True,False,-1.2144078701065273,1.3721059728152412,True,False
28.933304399999997,1.5463800026570278,-0.6137107567583481,True,False,0.6500299638044846,-0.5450419582979152,True,False,-0.9533337102698571,0.34534845554070515,True,False
28.9666377,1.6978656538142152,-0.945909451980608,True,False,0.7203261165286708,-0.5950797639268032,True,False,-0.43257821754863746,-0.7157968657931146,True,False
28.999971,1.4902207727032681,-1.1419065771868355,True,False,0.6652961854773249,-0.5847903955564624,True,False,0.1090221183904053,-1.4649509746800538,True,False
29.033304299999998,1.131302534992486,-1.2898811737748848,True,False,0.4604222161856688,-0.4857719726748155,True,False,0.444323534407303,-1.7083343816675693,True,False
29.0666376,0.876591569600182,-1.4935223042966759,True,False,0.13134782693600822,-0.2952731792164118,True,False,0.4523638587434895,-1.4546944532100294,True,False
29.0999709,0.8775663164406021,-1.7715798505332578,True,False,-0.2390644109231885,-0.05158411066652951,True,False,0.1686515880065936,-0.8768908035282962,True,False
29.133304199999998,1.1073476706973875,-2.02460601819263,True,False,-0.5326027862478269,0.173156090136285,True,False,-0.23994006759470682,-0.22392326394856746,True,False
29.1666375,1.3944847760541146,-2.0939734020417347,True,False,-0.6461597873957595,0.30482947865112847,True,False,-0.5624741758098702,0.27192126807086114,True,False
29.1999708,1.5269072723715928,-1.86356936478108,True,False,-0.5525410019051231,0.3113014535012137,True,False,-0.6479304633620462,0.4706521771586163,True,False
29.233304099999998,1.3564192281303622,-1.327792015907961,True,False,-0.33105619179367185,0.22978597815018748,True,False,-0.47780984339564336,0.37000953297011346,True,False
29.266637399999997,0.8547943308654176,-0.5888203470065333,True,False,-0.1308488998551639,0.15020688956442457,True,False,-0.16853835449457297,0.09483510462331256,True,False
29.2999707,0.11980296535172098,0.19294889557123426,True,False,-0.08231671622540505,0.1601613604627334,True,False,0.100582877911273,-0.17381383550238497,True,False
29.333304,-0.656940116228598,0.8560083538975157,True,False,-0.22808857344879394,0.2954371491646519,True,False,0.18571748944777003,-0.28490171903624534,True,False
29.366637299999997,-1.262412009997515,1.2862308410108003,True,False,-0.5247158356751978,0.532094822450055,True,False,0.040214460712693904,-0.16959932934033242,True,False
29.3999706,-1.5582206548258142,1.4498139596483248,True,False,-0.88435709083633,0.8068409792952904,True,False,-0.28515390362971316,0.14995296639091948,True,False
29.4333039,-1.5425376967709523,1.3940057053947872,True,False,-1.2018388547808827,1.0356181742364883,True,False,-0.6817455245600214,0.577555086768382,True,False
29.466637199999997,-1.3295887649613711,1.207493811251577,True,False,-1.3689209656599508,1.131544705102279,True,False,-1.0268799713559498,0.9719830871742234,True,False
29.4999705,-1.0642337035095202,0.9666994796643419,True,False,-1.3023288039898895,1.0341906369431877,True,False,-1.2152918497325809,1.188252618698019,True,False
29.5333038,-0.8363977334966229,0.707023098428169,True,False,-0.975454614755425,0.7365772530106564,True,False,-1.1820875501624868,1.1316438999756209,True,False
29.566637099999998,-0.649362704362102,0.4289440513261456,True,False,-0.42771459740363726,0.2878965050751491,True,False,-0.9212425360185735,0.8056783971632225,True,False
29.5999704,-0.4545925074093939,0.1253790903658511,True,False,0.24964612556067853,-0.22825693923656648,True,False,-0.49293113770534064,0.31895096544987056,True,False
29.6333037,-0.22057283848874154,-0.1826570803622194,True,False,0.9375086330494257,-0.7232862510844539,True,False,-0.00993297573969036,-0.1651988652696494,True,False
29.666636999999998,0.02281802587516697,-0.4250497625661713,True,False,1.513535247455372,-1.1246172944885848,True,False,0.40001383386517764,-0.508261054938477,True,False
29.699970299999997,0.19797205652531907,-0.5062092474649931,True,False,1.8732556174516586,-1.3820554792996729,True,False,0.64498899061455,-0.6551409833606309,True,False
29.7333036,0.22965304532131933,-0.3668423009019358,True,False,1.94961150963823,-1.4665174634028997,True,False,0.7056481402900768,-0.6410682491250862,True,False
29.766636899999998,0.0900149571211991,-0.03548688144234355,True,False,1.7341844357745353,-1.3724694370077923,True,False,0.6348693184779014,-0.5535900763643186,True,False
29.799970199999997,-0.18203207926343834,0.369993467036396,True,False,1.2878797503850656,-1.1224134290664787,True,False,0.5231387617164412,-0.479415699750085,True,False
29.8333035,-0.49104564322739797,0.6925192090416982,True,False,0.7239409759108968,-0.763011737884291,True,False,0.4497334998198208,-0.4651175218284294,True,False
29.8666368,-0.7213101453720933,0.8085196508403278,True,False,0.16838300896078656,-0.3511860467220841,True,False,0.4427482601732648,-0.5064502087308511,True,False
29.899970099999997,-0.7821280336708308,0.6800796767683557,True,False,-0.2818299481306417,0.06359607732333414,True,False,0.4691602429310301,-0.5617746927376562,True,False
29.9333034,-0.6401653358492759,0.35956563775643335,True,False,-0.5855644424379718,0.45164920919341045,True,False,0.459258480957126,-0.5728751154971453,True,False
29.9666367,-0.3282095828896207,-0.04317222547846132,True,False,-0.7566996274194446,0.7987410576671143,True,False,0.3483176622355142,-0.4856485534160369,True,False
29.999969999999998,0.06951089151150348,-0.4071943458553543,True,False,-0.8388635111238434,1.0876821494693765,True,False,0.11323823022879308,-0.27402061818299756,True,False
30.0333033,0.4463018245234356,-0.643464029235907,True,False,-0.878197361467022,1.2868777249587244,True,False,-0.21471357178494638,0.04116716968272503,True,False
30.0666366,0.6991787226808761,-0.7146060685389801,True,False,-0.9088766335140468,1.3590993795178574,True,False,-0.5688122092033043,0.39590840694157786,True,False
30.099969899999998,0.74947047436712,-0.6238027484620707,True,False,-0.9444171063470707,1.2813600013585928,True,False,-0.880747162287129,0.7105062529590565,True,False
30.133303199999997,0.5732598682464211,-0.39935095914925506,True,False,-0.9682527355291956,1.059517779790193,True,False,-1.0989631289382913,0.9205390922880068,True,False
30.1666365,0.2371027040182023,-0.10079910089799445,True,False,-0.9326620228356143,0.7282246536715341,True,False,-1.1837165155837706,0.9928298897149608,True,False
30.199969799999998,-0.09547621124131811,0.16815536908271128,True,False,-0.7748559678847246,0.3363573101616435,True,False,-1.1054916934346979,0.9286151896590317,True,False
30.233303099999997,-0.2151178908160705,0.2765843908225378,True,False,-0.44588019874686347,-0.0714588274795051,True,False,-0.8625607131416199,0.7620477975057199,True,False
30.2666364,0.0324651438157821,0.12510561900285805,True,False,0.056051139495891744,-0.46086020773385317,True,False,-0.4911155645774783,0.5472474151830727,True,False
30.2999697,0.649257371937675,-0.2882601540749164,True,False,0.6588509931915935,-0.7958262836948626,True,False,-0.04297153808892205,0.32841717981054996,True,False
30.333302999999997,1.460388388114008,-0.8477605164321288,True,False,1.2213305177876543,-1.0271201690389775,True,False,0.4479812595274778,0.1114242195783266,True,False
30.3666363,2.181685110545291,-1.3598798231164952,True,False,1.5874505932597212,-1.1051196279870517,True,False,0.9686516626024956,-0.13499865891892474,True,False
30.3999696,2.532267698041205,-1.6221681421956917,True,False,1.6594117082921735,-1.0100182679093652,True,False,1.4893146919202673,-0.44204455386768376,True,False
30.433302899999997,2.333749965565479,-1.4896238356962443,True,False,1.4314232159974085,-0.7661288965404717,True,False,1.9236471278377616,-0.794587316266064,True,False
30.4666362,1.5680470750932463,-0.9295920541078646,True,False,0.9699378032923013,-0.4294886232866967,True,False,2.1343505986021474,-1.1145544133686731,True,False
30.4999695,0.38706910573285425,-0.05297941469554122,True,False,0.376170463358675,-0.06989079343430869,True,False,1.9941222393267357,-1.288243778454243,True,False
30.533302799999998,-0.9264831386968911,0.9038664183066851,True,False,-0.2397637325876177,0.2397170956718152,True,False,1.4638768925196846,-1.2187207085567215,True,False
30.5666361,-2.041539259165831,1.657131730398997,True,False,-0.773938148730137,0.4345065266449433,True,False,0.6374844151303294,-0.8773651464476804,True,False
30.5999694,-2.686594038150774,1.9867122093840144,True,False,-1.1464047806702964,0.47635667039990465,True,False,-0.2715529398822668,-0.3366580878111523,True,False
30.633302699999998,-2.7470108609604806,1.8292827053499154,True,False,-1.324001069450824,0.37206253012698437,True,False,-0.9978739407001423,0.23825418463950235,True,False
30.666635999999997,-2.3032835626033936,1.30634522237961,True,False,-1.3312580281503672,0.17647688137864745,True,False,-1.3302140564425253,0.6575533387673237,True,False
30.6999693,-1.581890450286463,0.6682743901966187,True,False,-1.234812195494434,-0.024122965264262313,True,False,-1.214132570893215,0.8070497352125555,True,False
30.7333026,-0.8431446880009671,0.17681798570098065,True,False,-1.1051183495346977,-0.1419568134881076,True,False,-0.7851004489671426,0.7091355547473985,True,False
30.766635899999997,-0.2714119152573082,-0.01600580895152661,True,False,-0.9712439257638555,-0.12555294269648654,True,False,-0.3016042766890583,0.49791995296442976,True,False
30.7999692,0.07722453668790856,0.06837643254461992,True,False,-0.7997949245948807,0.009128474942014382,True,False,-0.019783604379375444,0.3316630160743568,True,False
30.8333025,0.25648297852727264,0.260531478430341,True,False,-0.5294859863170004,0.18402909422334396,True,False,-0.077128894728213,0.3042261424972568,True,False
30.866635799999997,0.3613718685125561,0.34668943371222,True,False,-0.14102443561424663,0.3076064342255983,True,False,-0.4352375976799752,0.40635530361336714,True,False
30.8999691,0.4541208812344968,0.19330067762948164,True,False,0.3071698220921425,0.3279306171561675,True,False,-0.9049177738077987,0.54807452602899,True,False
30.9333024,0.5334755071202791,-0.18369292581980828,True,False,0.7125312373756824,0.24814256342341992,True,False,-1.237987556687162,0.6127865983840074,True,False
30.966635699999998,0.5587267959218479,-0.6383228888795086,True,False,0.9928719160013622,0.10284720874076828,True,False,-1.2383054240106641,0.5063092302576441,True,False
30.999969,0.497297260853351,-0.975756057572845,True,False,1.1256556083226148,-0.07502511573745581,True,False,-0.8472773984433345,0.19039969594839704,True,False
31.0333023,0.36546659460083414,-1.0522687126873644,True,False,1.1427067206559276,-0.26861720924649296,True,False,-0.17518638538675016,-0.29337254699932813,True,False
31.066635599999998,0.2446383559612933,-0.8562227070821523,True,False,1.096979551530947,-0.4657868932488488,True,False,0.5398922102623129,-0.8191683283870936,True,False
31.099968899999997,0.25300867901832697,-0.5251565266085102,True,False,1.0288119979016574,-0.638343749805913,True,False,1.0394244181320258,-1.2145535096317754,True,False
31.1333022,0.47083079256757365,-0.27073871812610273,True,False,0.9487232584029757,-0.7346810718476687,True,False,1.1686569399769227,-1.3376194479513703,True,False
31.166635499999998,0.8623226018853277,-0.24458096539839094,True,False,0.8398377430489117,-0.697554477897259,True,False,0.9462511071349948,-1.150467209000613,True,False
31.199968799999997,1.2571141313411742,-0.4346533577371695,True,False,0.6775171051977985,-0.5018731445491189,True,False,0.5409275090673972,-0.7402011591761125,True,False
31.2333021,1.419857345222694,-0.673297130057032,True,False,0.4562888980439338,-0.1871867272635604,True,False,0.17667772561611234,-0.27300723872927,True,False
31.2666354,1.1741937629665724,-0.7547209792793911,True,False,0.20307429953325581,0.14825278491975055,True,False,0.020879701447491007,0.09062663177009021,True,False
31.299968699999997,0.5054527779526591,-0.5695803110276771,True,False,-0.037496164710037576,0.39812595718329113,True,False,0.10593829596070577,0.27053488672640164,True,False
31.333302,-0.42138511478012197,-0.15820250386312185,True,False,-0.2323430259517589,0.5071748038713644,True,False,0.3169853187668127,0.2942671349914966,True,False
31.3666353,-1.3366467389453673,0.337337326254221,True,False,-0.3780497586025995,0.49397831519095137,True,False,0.4568817049154438,0.2671261727865171,True,False
31.399968599999998,-1.988871936276491,0.7704303810150938,True,False,-0.501505656381269,0.42885852114500467,True,False,0.36347828993678805,0.30032890440126475,True,False
31.4333019,-2.2465845770147364,1.0683405868379927,True,False,-0.6468223956254291,0.3908469800293685,True,False,0.008884872026354462,0.44016112711147776,True,False
31.4666352,-2.1199195229807213,1.242541859811925,True,False,-0.840384721668683,0.4240982102056165,True,False,-0.4873236304838,0.6458031826575857,True,False
31.499968499999998,-1.69787833744415,1.3276200244280316,True,False,-1.0436664774757718,0.5080430745828712,True,False,-0.9328524071201637,0.8235015921805837,True,False
31.533301799999997,-1.069984790385078,1.3079183176272149,True,False,-1.1444754788512566,0.5646156555034619,True,False,-1.1649194395223867,0.8818889261803329,True,False
31.5666351,-0.31023005082424937,1.112027326592574,True,False,-1.0227732039761397,0.5104084939050053,True,False,-1.11281734624279,0.7708737049831312,True,False
31.599968399999998,0.480338591323162,0.6891467691275089,True,False,-0.6534598647159051,0.3193890688307756,True,False,-0.7975340769680078,0.4921441603506262,True,False
31.633301699999997,1.1484336772534762,0.08931728266336389,True,False,-0.16297958658245126,0.04999005252742753,True,False,-0.3011059975343181,0.09423860255855421,True,False
31.666635,1.5306811242633926,-0.5350336742537076,True,False,0.21600779772915263,-0.1803593634569533,True,False,0.25338987988659395,-0.3318971671435501,True,False
31.6999683,1.5374442496034784,-1.005779919159681,True,False,0.27985877389662445,-0.26143534735809104,True,False,0.7194041619689123,-0.6648502990272145,True,False
31.733301599999997,1.2153911594847369,-1.2092054140041062,True,False,-0.0010802862981805997,-0.16424016346438747,True,False,0.9754542664308122,-0.7941635283684704,True,False
31.7666349,0.7401824394079526,-1.1399117766813323,True,False,-0.4357162349407662,0.026757118112668014,True,False,0.9877922261657761,-0.6812723982252771,True,False
31.7999682,0.33284782850110955,-0.881483021083601,True,False,-0.7168085579941227,0.15684653912040483,True,False,0.8247944862552544,-0.3902561777419589,True,False
31.833301499999997,0.14424105472035598,-0.54980480199613,True,False,-0.6151489406709763,0.09999132965406389,True,False,0.6017905225159412,-0.0554507721600381,True,False
31.8666348,0.18151305295019632,-0.24294898826434733,True,False,-0.12197338107417537,-0.1563288149941531,True,False,0.4046435706592323,0.19131750919876894,True,False
31.8999681,0.32576095749272593,-0.022497269750513395,True,False,0.5630914428523636,-0.5054338546340118,True,False,0.25130061505058504,0.28334614646271467,True,False
31.933301399999998,0.4216212593165159,0.08215303776076566,True,False,1.16972580348449,-0.7928327223383266,True,False,0.11255021505455386,0.2349403739136763,True,False
31.966634699999997,0.37032305630725937,0.06916910365369959,True,False,1.5016442665610183,-0.9032239596534594,True,False,-0.035070610475538694,0.10764327885548731,True,False
31.999968,0.17041975008622987,-0.030690221376257654,True,False,1.5034809312828483,-0.8098680043998138,True,False,-0.18169647421778687,-0.03869325713208009,True,False
32.0333013,-0.09937886625176577,-0.15431622476604256,True,False,1.2461127398835108,-0.5723966826339794,True,False,-0.30886474677480585,-0.167527644112258,True,False
32.0666346,-0.3247675745881749,-0.23197497423922706,True,False,0.8629003075998122,-0.29354384084762103,True,False,-0.42463600051270833,-0.2547160155213426,True,False
32.099967899999996,-0.4001238130708372,-0.22760101260560858,True,False,0.47512666245935664,-0.06281129632544218,True,False,-0.5583698863497758,-0.27445546994143866,True,False
32.1333012,-0.268650285106814,-0.15529442925669357,True,False,0.14918505044002023,0.07754917355547403,True,False,-0.7264692207056141,-0.20275907305748087,True,False
32.1666345,0.039821213858166934,-0.053912513318333743,True,False,-0.09618863945944033,0.13059538918980795,True,False,-0.9117910623076375,-0.03394355203160309,True,False
32.199967799999996,0.3957788872391694,0.05328166329123496,True,False,-0.2624481100722454,0.12465087461181261,True,False,-1.0654314439056056,0.20244954197520026,True,False
32.2333011,0.6157715776278717,0.1714547672493999,True,False,-0.36368512048843815,0.09951492698264562,True,False,-1.1164385267909827,0.4373575947888717,True,False
32.2666344,0.5600680420511335,0.30880497363406756,True,False,-0.44066487820537487,0.10474542452974878,True,False,-0.99534252340702,0.5847664563966938,True,False
32.299967699999996,0.21788391870615226,0.44529860696415646,True,False,-0.5650348786917698,0.19609272258620047,True,False,-0.680334094901984,0.5882859136570753,True,False
32.333301,-0.2866009795427175,0.5321557731614271,True,False,-0.804973761866085,0.41238925936055376,True,False,-0.23695625446933405,0.4594169441329226,True,False
32.3666343,-0.7716898123886496,0.5232421251531929,True,False,-1.1584843170445742,0.7354073056397098,True,False,0.197567260411786,0.2719623407872787,True,False
32.3999676,-1.0976149955788883,0.41028513566662195,True,False,-1.5102831820983431,1.0667795547605985,True,False,0.49588336801017563,0.10875660633962883,True,False
32.4333009,-1.2186930626580026,0.23478611916584646,True,False,-1.675791785628497,1.2586511861752392,True,False,0.631657877215995,-0.0024467693737684005,True,False
32.4666342,-1.1670115527707463,0.0676322781053655,True,False,-1.516204386042884,1.1895427863746495,True,False,0.6979672168917453,-0.10956367328570728,True,False
32.4999675,-0.9983069202144791,-0.03084043704625553,True,False,-1.0243572680105295,0.8314671060658532,True,False,0.8288729876403166,-0.2903567588153084,True,False
32.5333008,-0.7478552101404654,-0.04401749672493437,True,False,-0.31801780754310194,0.2665726022390155,True,False,1.0903839749174187,-0.5769784112567126,True,False
32.5666341,-0.4272581164664473,-0.005079352674846681,True,False,0.42152127162623554,-0.34416961367551346,True,False,1.4308059131033937,-0.9144976727701205,True,False
32.5999674,-0.057494956639528756,0.02610896581485638,True,False,1.0130499825579342,-0.823626851323332,True,False,1.7175774660350844,-1.1854311107020865,True,False
32.6333007,0.29800165921076155,0.0027119530188436484,True,False,1.3344256439062832,-1.0555812821336292,True,False,1.8128093577876614,-1.2769959070974346,True,False
32.666633999999995,0.5367443671187068,-0.07326999964101452,True,False,1.3696985451520756,-1.0385953324487076,True,False,1.6301837590104762,-1.141274742412413,True,False
32.6999673,0.5651588915860999,-0.1445610823356679,True,False,1.216465006190491,-0.8784233787242611,True,False,1.15950926060767,-0.8150449819900583,True,False
32.7333006,0.3693609545334084,-0.13905348495924516,True,False,1.040953127359246,-0.7244340749528754,True,False,0.46799822508844735,-0.39415220879943974,True,False
32.766633899999995,0.06021337018162485,-0.036921720715376714,True,False,0.9979660706056294,-0.6913160053240269,True,False,-0.3223224930856375,0.022363412944264225,True,False
32.7999672,-0.16397799209892097,0.0970697383175095,True,False,1.150139246956111,-0.8027275318737198,True,False,-1.07481994330458,0.38346736551195965,True,False
32.8333005,-0.13882086885414577,0.15906957518145676,True,False,1.426239681726777,-0.9772158452325422,True,False,-1.6713696994163767,0.6932989443168526,True,False
32.866633799999995,0.1473293563176606,0.09521239511317696,True,False,1.6443785747445114,-1.064680231389436,True,False,-2.023675142254374,0.96905744190039,True,False
32.8999671,0.539524352768951,-0.049372983964362245,True,False,1.5924504656819625,-0.9198850823258466,True,False,-2.073779580460741,1.191643873665768,True,False
32.9333004,0.8240371327842675,-0.16835202548409764,True,False,1.129226380881545,-0.47727441902936224,True,False,-1.8011822828099713,1.2980718100102207,True,False
32.966633699999996,0.870876585867958,-0.18084659501060318,True,False,0.26072674017075376,0.2100000085061594,True,False,-1.2417191447642573,1.222559067354888,True,False
32.999967,0.695599383800641,-0.08372708597925445,True,False,-0.8473062764153866,0.9862046172011474,True,False,-0.508607744305211,0.9509672063394333,True,False
33.0333003,0.40105114066554176,0.07127169922369005,True,False,-1.9345485538960034,1.6563408524918537,True,False,0.20600965078134778,0.5504941253962418,True,False
33.066633599999996,0.07381727173710806,0.23422829465482672,True,False,-2.756776338222659,2.0634712176754806,True,False,0.6757349100322579,0.1546108252005543,True,False
33.0999669,-0.26004799541393303,0.38176364032755444,True,False,-3.175753937251106,2.1418142597855203,True,False,0.7374143674634535,-0.10025655057236416,True,False
33.1333002,-0.5979620715732704,0.4973079726698942,True,False,-3.1772295637729435,1.9248861314248953,True,False,0.39605503218660204,-0.15801279456198192,True,False
33.166633499999996,-0.9052767706430093,0.5463476262920778,True,False,-2.822518852501467,1.5108803030610205,True,False,-0.14493071812508093,-0.08435155270294413,True,False
33.1999668,-1.1020654767454343,0.47829770634303564,True,False,-2.183382429375027,1.0037045909627775,True,False,-0.575174830913995,-0.023183958890550888,True,False
33.2333001,-1.0939832807104257,0.2489546159933658,True,False,-1.3098209022343121,0.4607761777964715,True,False,-0.6488329306455061,-0.0938408853051792,True,False
33.266633399999996,-0.8132643778866665,-0.15527183016014484,True,False,-0.2514270414324796,-0.11637874404762022,True,False,-0.3237879001618434,-0.3086808332263512,True,False
33.2999667,-0.24941350962365547,-0.6994071543339059,True,False,0.8895604211686585,-0.7373764289766731,True,False,0.23235192910171157,-0.5749022600880128,True,False
33.3333,0.5326598644738987,-1.2943863392901234,True,False,1.931090792532083,-1.3607466821360528,True,False,0.7661950647785524,-0.7685724074795746,True,False
33.3666333,1.3904406059480552,-1.8109181939317107,True,False,2.6528653460428813,-1.8707794890794973,True,False,1.0853006848938203,-0.8114062894721981,True,False
33.3999666,2.1229755707838205,-2.109411219301962,True,False,2.8871214879421165,-2.11818244202207,True,False,1.1288468275157453,-0.6999393489169714,True,False
33.4332999,2.5172398708053003,-2.0773450262158617,True,False,2.596022771568531,-2.00036635894167,True,False,0.9513922140355318,-0.49021169727211955,True,False
33.4666332,2.419360475481877,-1.6667832177591793,True,False,1.8877277419981173,-1.5280197566375597,True,False,0.6641211030330372,-0.2625005356551988,True,False
33.4999665,1.8036958670476968,-0.9218989987252248,True,False,0.9695465470394609,-0.831268902080796,True,False,0.3784694289017476,-0.08572203337084813,True,False
33.5332998,0.8024807606702069,0.015471030467234166,True,False,0.07194766674241546,-0.10099167497809002,True,False,0.17583596611271657,0.0034971123403676613,True,False
33.5666331,-0.3243431545955164,0.9335173818588968,True,False,-0.6161827148911392,0.49180215965268953,True,False,0.09376461021097982,0.005934906997322961,True,False
33.5999664,-1.2786049893290368,1.6148191538633965,True,False,-0.9768716338074979,0.8458648601178215,True,False,0.108391736064924,-0.03939611232629761,True,False
33.633299699999995,-1.8453087642940316,1.91861481059921,True,False,-0.9641999151517245,0.9326309216864349,True,False,0.13107361859013555,-0.06374421538823799,True,False
33.666633,-1.981262383945032,1.8392621471975352,True,False,-0.6066479484213295,0.778405548306584,True,False,0.05633841591814299,-0.003981217409145342,True,False
33.6999663,-1.8052256606065458,1.5003003889185402,True,False,-0.02060950615224189,0.4542418868072827,True,False,-0.1575532651190849,0.1499716746011835,True,False
33.733299599999995,-1.4956869786971922,1.0834221630118313,True,False,0.5909449959051755,0.0718282614762094,True,False,-0.4507788523674834,0.34148829066949865,True,False
33.7666329,-1.1799651476437116,0.7397288571114059,True,False,0.9833283152045609,-0.23325914307915288,True,False,-0.7057719225945678,0.4844290890471188,True,False
33.7999662,-0.8898798785612876,0.5338922154135739,True,False,0.958799416483201,-0.3380708092064126,True,False,-0.8251400816863765,0.5150405822146475,True,False
33.833299499999995,-0.5917789970004778,0.43846084676878566,True,False,0.46121071170737665,-0.1752173459752792,True,False,-0.7748268271170587,0.41709850611184685,True,False
33.8666328,-0.25144292906716625,0.3684488887294895,True,False,-0.3842200904819696,0.23825009087784715,True,False,-0.5789160143379544,0.2174762541639679,True,False
33.8999661,0.11566382403347629,0.23646879658819747,True,False,-1.3171088357002094,0.7959061053070634,True,False,-0.29703590365027943,-0.028139631186797995,True,False
33.933299399999996,0.4386549099784832,0.007331462652343728,True,False,-2.0425686255167705,1.322362722319961,True,False,-0.005899308305066807,-0.251252336496569,True,False
33.9666327,0.6271727354915329,-0.27351978513959185,True,False,-2.331007797612572,1.6230591740600497,True,False,0.2181230266096197,-0.3908438232620007,True,False
33.999966,0.6261433449771155,-0.5004707643659819,True,False,-2.0861453694947514,1.5581793226461902,True,False,0.3179764749229722,-0.41173141074522296,True,False
34.033299299999996,0.4549157451046401,-0.567435304302325,True,False,-1.3682674579575855,1.1057061451103956,True,False,0.2715710010985273,-0.31264856835770793,True,False
34.0666326,0.20209886194949497,-0.427812686139183,True,False,-0.3600484715729125,0.3676877796461846,True,False,0.1058391286462536,-0.12897525420130163,True,False
34.0999659,-0.01816866358343759,-0.12459843849860537,True,False,0.711558813474928,-0.48397464079677616,True,False,-0.09834144018907455,0.07027300210997645,True,False
34.133299199999996,-0.12133924360256497,0.22085732731260457,True,False,1.6421012159153603,-1.2717575366072569,True,False,-0.23629013350793382,0.20767528068962895,True,False
34.1666325,-0.09436616304373055,0.45832284606725,True,False,2.2676594513616597,-1.8443846398727866,True,False,-0.24312956622964832,0.2424325339877116,True,False
34.1999658,0.0041637058505000395,0.47096302585378846,True,False,2.468154679535327,-2.090737478383554,True,False,-0.14118385053330465,0.19967603633136752,True,False
34.233299099999996,0.09980956162620128,0.21794512608603703,True,False,2.2051087915190575,-1.9672979816974452,True,False,-0.02626755407861192,0.15446075041527826,True,False
34.2666324,0.17184967962281938,-0.2545614360942319,True,False,1.5709285410883216,-1.5278869840253644,True,False,-0.0013090812788917913,0.17965034178027783,True,False
34.2999657,0.26343502403124863,-0.8256796465550426,True,False,0.7764634352833144,-0.9143480316538272,True,False,-0.11029890316534859,0.2979615788677004,True,False
34.333299,0.41786783667276317,-1.3293325059679766,True,False,0.05417211610450573,-0.29476592212246233,True,False,-0.31757840668799425,0.4711130600659854,True,False
34.3666323,0.6113011591262528,-1.6050727708791057,True,False,-0.4571606080090886,0.2127351889449122,True,False,-0.5253319208869344,0.6186334694073262,True,False
34.3999656,0.753089885085237,-1.561672856870554,True,False,-0.7570783560807509,0.5727999389658764,True,False,-0.600827785494693,0.6417855116535766,True,False
34.4332989,0.7502561577135758,-1.219635814287797,True,False,-0.9286102868153626,0.7994152338729161,True,False,-0.4213798187984309,0.45660689227006207,True,False
34.4666322,0.5715808188991522,-0.6995144011277564,True,False,-1.0419118079618528,0.8994967262693438,True,False,0.04956983932982125,0.047475603263643765,True,False
34.499965499999995,0.25549082553913427,-0.1568633972139469,True,False,-1.1099939507265366,0.8626131269148135,True,False,0.7000859688794081,-0.4896644158063995,True,False
34.5332988,-0.12688980799172817,0.29164082327850915,True,False,-1.1246274660505036,0.7045927235394701,True,False,1.2885366335626904,-0.9641875504436052,True,False
34.5666321,-0.5004916228465383,0.5979059241193232,True,False,-1.1032085556455413,0.4986433325147971,True,False,1.55007375991355,-1.1735223712702958,True,False
34.599965399999995,-0.7933229130028959,0.7646407699097433,True,False,-1.0806214282637812,0.3469197218246198,True,False,1.3269974586060653,-1.0033568410060452,True,False
34.6332987,-0.9509907392359187,0.8211625606039359,True,False,-1.0669049151570404,0.32173706292132515,True,False,0.6491324137186593,-0.4871333652322013,True,False
34.666632,-0.9603450833593516,0.8114472295930057,True,False,-1.0287358966275904,0.4288452117992108,True,False,-0.2679776281325666,0.2007978301310047,True,False
34.699965299999995,-0.8494102308621474,0.7759131629406208,True,False,-0.9130101843102146,0.6090623164678262,True,False,-1.0997772369284602,0.8097228351068146,True,False
34.7332986,-0.6577669863356463,0.7243200967035932,True,False,-0.6872363416695958,0.7655638981146345,True,False,-1.5401902113190595,1.1115189270749903,True,False
34.7666319,-0.4117014823465713,0.6289468994094924,True,False,-0.3646442890481115,0.8028088519714319,True,False,-1.4315325850802452,0.995956542259636,True,False
34.799965199999995,-0.1267155620239681,0.45320006650377215,True,False,0.0004469983797163901,0.6651669178607259,True,False,-0.828462403381437,0.5136038364430997,True,False
34.8332985,0.1786802302031859,0.19054878259398195,True,False,0.3429275625624632,0.3589677269825654,True,False,0.03628504914230793,-0.15419125572205578,True,False
34.8666318,0.47950701092964954,-0.12088431558481211,True,False,0.6225156480467857,-0.05241672853755654,True,False,0.8518441526663723,-0.7720011629271117,True,False
34.899965099999996,0.7453205175960352,-0.41129388574794645,True,False,0.835381403160609,-0.47221863945789627,True,False,1.3441091416739224,-1.1360343399271577,True,False
34.9332984,0.9327723887405996,-0.5985346000198415,True,False,0.9943473038502844,-0.7994706301532492,True,False,1.3741686404138738,-1.146484314589141,True,False
34.9666317,0.9840022919121088,-0.6089721520448781,True,False,1.1049185538857262,-0.9617552888484441,True,False,0.9917012114304302,-0.8462191281602159,True,False
34.999964999999996,0.8543547880054213,-0.41233682020527646,True,False,1.162219048830552,-0.944998138326585,True,False,0.4107515507957287,-0.40193473027741045,True,False
35.0332983,0.5569911379957426,-0.05903925379256901,True,False,1.1613133913989553,-0.7970170996398465,True,False,-0.09683572039157352,-0.0230544937056478,True,False
35.0666316,0.1759108160842687,0.32277923914799805,True,False,1.1003532243117764,-0.5936413714533936,True,False,-0.3426792478073203,0.14733422977312524,True,False
35.099964899999996,-0.17823086139877747,0.5896732248517462,True,False,0.9789900036334707,-0.3947674157183709,True,False,-0.31458106179080025,0.10563372535272914,True,False
35.1332982,-0.4256874382126243,0.65667578188141,True,False,0.8115743849667513,-0.23008087719749679,True,False,-0.15757896598702595,-0.026017535283406917,True,False
35.1666315,-0.5275345516273763,0.5176138129590202,True,False,0.6471906092200765,-0.1194984391254965,True,False,-0.05693958837878405,-0.09233677241945976,True,False
35.1999648,-0.4618994049648757,0.21783319235813142,True,False,0.5588095141163676,-0.09267505912671516,True,False,-0.10818626322187279,-0.010922889051360208,True,False
35.2332981,-0.23098322678582017,-0.1629901748723182,True,False,0.5896333483948165,-0.17282753578795323,True,False,-0.26284154771818313,0.1797345826733208,True,False
35.2666314,0.09645500242955193,-0.5049182096062982,True,False,0.696622598891018,-0.3339830886624835,True,False,-0.37935746392871383,0.35780418498781447,True,False
35.2999647,0.37591995903245157,-0.665015810832462,True,False,0.7478069987375162,-0.48128118953317767,True,False,-0.33333796542196487,0.4082171868580778,True,False
35.333298,0.45663028186304616,-0.5469347095382993,True,False,0.5937252099582261,-0.4918995522604626,True,False,-0.1032922864375808,0.2978563051765094,True,False
35.3666313,0.2890445679931092,-0.18465710659504347,True,False,0.16816661451531775,-0.29480695588031075,True,False,0.22159375492384267,0.08827300797315044,True,False
35.3999646,-0.02066704699060893,0.23703669777008718,True,False,-0.46116592777197263,0.07601813103537013,True,False,0.5003532118431236,-0.10977937164527085,True,False
35.4332979,-0.26823147570115163,0.46852682157966424,True,False,-1.131181007873982,0.49813353016571815,True,False,0.6142961920636676,-0.19908430285153128,True,False
35.466631199999995,-0.2880667834803873,0.34344565304765956,True,False,-1.6732286558267786,0.8280309903984968,True,False,0.5119362519330054,-0.13645493386276272,True,False
35.4999645,-0.06271619522698435,-0.1162332212576799,True,False,-1.9820526482265666,0.9663475564682185,True,False,0.21644070366236748,0.060006650511468126,True,False
35.5332978,0.2776816903454597,-0.7111831333532236,True,False,-2.0269691853025993,0.8861580675083607,True,False,-0.1897687563003959,0.32566627349658234,True,False
35.566631099999995,0.5461952009287221,-1.1709606501226442,True,False,-1.8276875813257687,0.6264501282539358,True,False,-0.5928458868276617,0.5742905383508071,True,False
35.5999644,0.5962943209889573,-1.2785568541479655,True,False,-1.4356286281308412,0.2700878654149054,True,False,-0.8804475173185651,0.7244184985557611,True,False
35.6332977,0.37420651399086535,-0.9570478452512836,True,False,-0.9288190464353736,-0.08221237205119446,True,False,-0.9691080460196659,0.7196087396180635,True,False
35.666630999999995,-0.0669840561630596,-0.30157148037530346,True,False,-0.404155904439498,-0.3378541522583962,True,False,-0.8240997419707036,0.5426330827463002,True,False
35.6999643,-0.5809609331668727,0.4516870376502838,True,False,0.03662994558657677,-0.43133914052796385,True,False,-0.47596577505630494,0.2263674310355635,True,False
35.7332976,-0.9807269977812164,1.0226488909347233,True,False,0.30565940082023385,-0.33552222250257074,True,False,-0.02580653804065721,-0.14556222937908928,True,False
35.766630899999996,-1.1205954481198506,1.2144056695666654,True,False,0.35799484409939886,-0.07250657351431004,True,False,0.3743804670694421,-0.45785755541205536,True,False
35.7999642,-0.9605196257648577,0.9997200723105639,True,False,0.22157880980087158,0.2802956113261722,True,False,0.5659139441176624,-0.599093229018631,True,False
35.8332975,-0.5798798593744885,0.5232395057617482,True,False,0.0010813137486077892,0.6051912062947526,True,False,0.4404331486678141,-0.5016763052146096,True,False
35.866630799999996,-0.14677216359228812,0.030426242601477374,True,False,-0.1584099714540815,0.7846487991542281,True,False,-0.00561852098394687,-0.17495610088789912,True,False
35.8999641,0.1462605972739105,-0.24169086993632397,True,False,-0.135199326486726,0.7498053720826406,True,False,-0.6446717627315924,0.28280768252393984,True,False
35.9332974,0.16995835498409803,-0.17244237234007584,True,False,0.10836793334644937,0.5106219919079688,True,False,-1.2460311229388608,0.7074414655446379,True,False
35.966630699999996,-0.06914146159082384,0.18326609622719645,True,False,0.501975796429532,0.1504604138805165,True,False,-1.5562101161807065,0.9232687106358204,True,False
35.999964,-0.4241728473831125,0.6226288511110594,True,False,0.897766438085886,-0.2126316627278721,True,False,-1.4015826851381703,0.8098805654819361,True,False
36.0332973,-0.6841422979152856,0.9037201561720689,True,False,1.138880581148852,-0.4751346600238298,True,False,-0.7748441756795259,0.35986510841460995,True,False
36.066630599999996,-0.6840921725445896,0.8736109846348231,True,False,1.1238344742787283,-0.578078646171515,True,False,0.140613269892846,-0.30075894203365017,True,False
36.0999639,-0.3810144658982734,0.5360007779327086,True,False,0.8396667564891637,-0.5101456369823554,True,False,1.0410801472269624,-0.9548416463575713,True,False
36.1332972,0.13875722616755562,0.027221981396671063,True,False,0.36835865374492927,-0.30344152391233564,True,False,1.639509962004071,-1.3863333956434443,True,False
36.1666305,0.7031013635278724,-0.461455128476574,True,False,-0.13062225845944447,-0.0334433579617425,True,False,1.788164632888788,-1.4710320880437036,True,False
36.1999638,1.114938912987676,-0.7622204862449996,True,False,-0.4730024173324892,0.19307757349721189,True,False,1.5198084756147656,-1.2174891334190265,True,False
36.2332971,1.2179957926460705,-0.7893741733246421,True,False,-0.5287972664872953,0.27651815843953265,True,False,0.9974494450856992,-0.7423783749207028,True,False
36.2666304,0.9634840589404646,-0.5739519213266505,True,False,-0.2835534350633507,0.17167165378602492,True,False,0.4180895886323893,-0.20279669345062584,True,False
36.2999637,0.4504078064670701,-0.2588932479585021,True,False,0.15950638838612033,-0.09010409012111786,True,False,-0.06342219054547897,0.26835441414918526,True,False
36.333297,-0.09908709697837777,-0.04149683878118612,True,False,0.6331931418966376,-0.41753836802969,True,False,-0.3592780003364191,0.5913351772586973,True,False
36.3666303,-0.43557397418561433,-0.07779800376732542,True,False,0.977548603921612,-0.7009763143451083,True,False,-0.44356568654177236,0.7374127964116783,True,False
36.3999636,-0.4065989124814282,-0.3922988125218622,True,False,1.0947768574949481,-0.8565933430595457,True,False,-0.3453655878593973,0.718186377108934,True,False
36.433296899999995,-0.040617368877104695,-0.8463194999040031,True,False,0.9757676710282058,-0.8568284809449531,True,False,-0.13855232278720483,0.5772040634556187,True,False
36.4666302,0.46381046425028094,-1.1959788375386873,True,False,0.6941428726706814,-0.7353211749473381,True,False,0.08463397277154909,0.3780929380808941,True,False
36.4999635,0.8433422534772534,-1.2157577486149236,True,False,0.36571805364935184,-0.5610714827786174,True,False,0.24862452941325877,0.18520861581877376,True,False
36.533296799999995,0.9068004973216197,-0.8188494283594886,True,False,0.08941531626857142,-0.39532629192079427,True,False,0.31319951090265763,0.0465934120608758,True,False
36.5666301,0.6238391002387103,-0.11134394599622197,True,False,-0.09710267841337734,-0.2601583305940697,True,False,0.2673094016262253,-0.013655853676443081,True,False
36.5999634,0.12301564397375522,0.646769191169475,True,False,-0.2264974386876271,-0.13513679657533936,True,False,0.1194885936261429,-0.0009185537655966698,True,False
36.633296699999995,-0.3881960227237135,1.1624796490702274,True,False,-0.37715401875247384,0.02464455554529139,True,False,-0.09633776151475165,0.046201598505505564,True,False
36.66663,-0.7292982151406933,1.2585892700510357,True,False,-0.6218714137319549,0.2590184131958589,True,False,-0.3118910687927402,0.06890122468294059,True,False
36.6999633,-0.8224100315804168,0.9675879773943302,True,False,-0.9670350256903275,0.5686808099644841,True,False,-0.43822989383047206,0.021145324677627992,True,False
36.733296599999996,-0.7103807754037454,0.5098804653087434,True,False,-1.3221796949722584,0.8944484228944095,True,False,-0.40660128341538293,-0.09999411176971103,True,False
36.7666299,-0.5174032360253442,0.1639835342016832,True,False,-1.5337950834587772,1.1308351969290538,True,False,-0.21018984775226185,-0.252943094692327,True,False
36.7999632,-0.36671974609955676,0.10162283898230506,True,False,-1.471764849945956,1.1751975463401856,True,False,0.08507150075066584,-0.3799084052220726,True,False
36.833296499999996,-0.29557328641132014,0.2854847316703578,True,False,-1.1135400717981727,0.9871642377272082,True,False,0.3702474447210297,-0.439535087606964,True,False
36.8666298,-0.22817174823598713,0.49653030197262094,True,False,-0.5651733042959779,0.6186841212362321,True,False,0.5470615847143654,-0.4218913570529783,True,False
36.8999631,-0.037711121231052365,0.4782554146381992,True,False,-0.0006017219351254026,0.1905092380558997,True,False,0.5726541664853497,-0.34465033376914583,True,False
36.933296399999996,0.3382020551159009,0.11008575911400001,True,False,0.43553441736550164,-0.16862433455746806,True,False,0.4688700333184108,-0.24138408124793473,True,False
36.9666297,0.8113118465485795,-0.495765982042089,True,False,0.6914777644260871,-0.3791977448964587,True,False,0.2966207382233403,-0.1505182799129882,True,False
36.999963,1.1599797974257187,-1.039252055907306,True,False,0.8045278151904959,-0.4346592920536667,True,False,0.11249144246809803,-0.10139440101453207,True,False
37.033296299999996,1.1573723316923374,-1.2049968041843606,True,False,0.84931584719158,-0.3865222323841638,True,False,-0.07013500792501252,-0.09307649152131017,True,False
37.0666296,0.7321843252999174,-0.862216640222963,True,False,0.8806513140593024,-0.30463961697397457,True,False,-0.2807478931149404,-0.08589940984477804,True,False
37.0999629,0.04573712542289095,-0.15992648902916118,True,False,0.9016794287130163,-0.2366178873031247,True,False,-0.5344325156096397,-0.03274557594168944,True,False
37.1332962,-0.5839839371240089,0.552739159365028,True,False,0.8651893881018679,-0.18664259623536672,True,False,-0.7660189281891331,0.06703272574450331,True,False
37.1666295,-0.8681434624472192,0.9269281491167389,True,False,0.6996444200495358,-0.11902981071045858,True,False,-0.8383303042655048,0.14849077575398925,True,False
37.1999628,-0.7098492622873532,0.7987258196021738,True,False,0.3484449058768246,0.017257131681025217,True,False,-0.6412433715474414,0.12700907709011433,True,False
37.2332961,-0.24151199348611682,0.25805016759521393,True,False,-0.1855461698838014,0.2485620003004768,True,False,-0.19958130962727277,-0.02595087312010556,True,False
37.2666294,0.25875090210826424,-0.40669494131278433,True,False,-0.8082381999025217,0.5394632225152175,True,False,0.3067886069427679,-0.2411817679036985,True,False
37.299962699999995,0.5077355322474297,-0.8480844236351222,True,False,-1.3466238132825978,0.7904376660162514,True,False,0.6314595983747253,-0.37878731575284735,True,False
37.333296,0.34852173662494446,-0.8237081577087574,True,False,-1.6133950135846868,0.8807127554337723,True,False,0.5980441531271085,-0.30645727684167473,True,False
37.3666293,-0.1863063149154616,-0.30664463812903103,True,False,-1.4886820951809872,0.7280114920745576,True,False,0.19758441614053132,0.02038504661938306,True,False
37.399962599999995,-0.9047783501151047,0.5126773804490967,True,False,-0.9745484698845581,0.32965429096717386,True,False,-0.40769272382980365,0.521432113299414,True,False
37.4332959,-1.5458776871916877,1.3200684380488892,True,False,-0.19958966369065945,-0.23074216237736608,True,False,-0.9701669554962457,1.0196171572592931,True,False
37.4666292,-1.871913681671812,1.8042350176815691,True,False,0.6243063526008144,-0.8092142165203143,True,False,-1.278785088467445,1.3254385692973751,True,False
37.499962499999995,-1.7312717867983087,1.7595142574759146,True,False,1.268850058210834,-1.2456822597294759,True,False,-1.2431826137872026,1.3297018727551237,True,False
37.5332958,-1.0974735902318156,1.1447572653349385,True,False,1.5560448725425542,-1.4114413316418264,True,False,-0.8974133176671326,1.0474329916597869,True,False
37.5666291,-0.09493534117415482,0.10201858885505542,True,False,1.417474942278156,-1.2545648370638127,True,False,-0.3482135205225477,0.5940658287829979,True,False
37.599962399999995,1.0086131360714945,-1.0719213559888898,True,False,0.9250821430316907,-0.8278724453803619,True,False,0.27562894111687136,0.12107343347980873,True,False
37.6332957,1.8769952556872977,-2.0181051748794094,True,False,0.25542535789689486,-0.2691294498522669,True,False,0.8462950748861022,-0.24553770555778404,True,False
37.666629,2.2409319333859803,-2.456728315222364,True,False,-0.4002075959238771,0.2647345616242696,True,False,1.2481180032747619,-0.43802709245483634,True,False
37.699962299999996,2.02537213865397,-2.3092755868392008,True,False,-0.9052175487295594,0.6581086686853579,True,False,1.3979254188338217,-0.4511343219267972,True,False
37.7332956,1.3853938903557206,-1.7244154081482899,True,False,-1.1839863632817424,0.8523436413962711,True,False,1.2680128157850399,-0.3251841430597431,True,False
37.7666289,0.6255737475932408,-0.9912490558054177,True,False,-1.1992966885642582,0.8300935618210534,True,False,0.8944032042570215,-0.11910379620137387,True,False
37.799962199999996,0.056127101454264694,-0.3990770837842184,True,False,-0.9434401174571706,0.5995507789846489,True,False,0.37118905066721297,0.10713484288308929,True,False
37.8332955,-0.1371785748995687,-0.1195531658655008,True,False,-0.44660496927347765,0.1919786146397823,True,False,-0.1657151426885837,0.2952731608237753,True,False
37.8666288,0.03918491015171988,-0.15103646043221777,True,False,0.20720772871845566,-0.3275325483728922,True,False,-0.5766930152573112,0.3956214300752863,True,False
37.899962099999996,0.4001965937335261,-0.3337771215721173,True,False,0.8678610137844117,-0.8464495883582638,True,False,-0.774613665081321,0.3861460405121348,True,False
37.9332954,0.6731303807599558,-0.4289298776974566,True,False,1.3376393220666458,-1.2137252026126129,True,False,-0.7593274539631053,0.280734233316139,True,False
37.9666287,0.628220986587417,-0.2334645633057337,True,False,1.4429511197959524,-1.2920712596205677,True,False,-0.5962162429112677,0.10724934387971231,True,False
37.999962,0.18445798767657393,0.32066384120467206,True,False,1.1299119272845495,-1.033395879548865,True,False,-0.36137987264642446,-0.12229330733608622,True,False
38.0332953,-0.5669836182823661,1.1383045868677326,True,False,0.5111172984464115,-0.5193579230769723,True,False,-0.11237027876926713,-0.40714792032116315,True,False
38.0666286,-1.4235814132837274,2.015432342595973,True,False,-0.1809398696044105,0.07277350183166785,True,False,0.09643996069991424,-0.7189802894520778,True,False
38.0999619,-2.157269587687367,2.7247747823246122,True,False,-0.7071114914855234,0.5604432504922648,True,False,0.1981076563371625,-0.9813246057399042,True,False
38.1332952,-2.573111930557941,3.079810237533486,True,False,-0.9327208264753853,0.8444271120199239,True,False,0.1382619352758197,-1.1034416499896025,True,False
38.1666285,-2.546262683381902,2.9757304955392514,True,False,-0.8746514308220625,0.9417222237388247,True,False,-0.07615130267988902,-1.0413579347737487,True,False
38.1999618,-2.05935286513302,2.4214732883850814,True,False,-0.6600362606365893,0.944527249777315,True,False,-0.3541954487649432,-0.8329531090786259,True,False
38.2332951,-1.228195980008821,1.5506135913180141,True,False,-0.4245955261668859,0.9347678387543435,True,False,-0.5504493359134198,-0.583923150225466,True,False
38.266628399999995,-0.2812270060370736,0.5890133248023611,True,False,-0.22168337170626023,0.9163927199265707,True,False,-0.5300443939580921,-0.42019215704835555,True,False
38.2999617,0.5259646328026009,-0.2285142146064244,True,False,-0.00672300142638095,0.8169279084990588,True,False,-0.23015977965261225,-0.4363142077264008,True,False
38.333295,1.031894610406828,-0.7676970783321059,True,False,0.3005571804381521,0.5555030648427376,True,False,0.31346452138138886,-0.6613228948879782,True,False
38.366628299999995,1.244754754075321,-1.0584276680433895,True,False,0.7306996719703449,0.12480088247262335,True,False,0.9807766027982999,-1.0477722055421723,True,False
38.3999616,1.301609858712117,-1.2439106455586895,True,False,1.2128732116826677,-0.3687445413209797,True,False,1.6061145264994683,-1.4802363906025855,True,False
38.4332949,1.3385360469486272,-1.4444575492500564,True,False,1.5843371216892255,-0.7313049874848226,True,False,2.021095963693453,-1.7994807980366176,True,False
38.466628199999995,1.3868611736543268,-1.6586015548208892,True,False,1.6580055387153,-0.7640934542491724,True,False,2.089869943148497,-1.8374826707703324,True,False
38.4999615,1.380645380691664,-1.7877938066859091,True,False,1.3169531694839376,-0.3639194880123187,True,False,1.7355349896322256,-1.4575471753125222,True,False
38.5332948,1.2456098389226824,-1.7411717046123454,True,False,0.5879572059746918,0.40663960393092935,True,False,0.964810974437952,-0.6016468380538934,True,False
38.566628099999996,0.972691470285071,-1.5082940791585668,True,False,-0.3457334762640214,1.3160744589368267,True,False,-0.10679464562628804,0.6533708706883229,True,False
38.5999614,0.6188833947383826,-1.1436803850417434,True,False,-1.2056451959595713,2.038921611407055,True,False,-1.2493784830438526,2.0602102273415337,True,False
38.6332947,0.25502044013038844,-0.7002108722703557,True,False,-1.732828690907886,2.2876262321432956,True,False,-2.166584231326977,3.2464980437778794,True,False
38.666627999999996,-0.08301876992292097,-0.1852876432668154,True,False,-1.8018337549557208,1.9428576693155555,True,False,-2.602375987125711,3.863484693448152,True,False
38.6999613,-0.39747333547571273,0.41518348212763084,True,False,-1.4705716065253875,1.1084895314521703,True,False,-2.453285075198247,3.7592633057175604,True,False
38.7332946,-0.6852117523092458,1.057887355140675,True,False,-0.9394140744717288,0.0551475120287869,True,False,-1.8098446409682616,3.047500557906587,True,False
38.766627899999996,-0.8846071252165415,1.5685703686357024,True,False,-0.44606884457611645,-0.9163341890769335,True,False,-0.8983501321221113,2.0176475359578787,True,False
38.7999612,-0.8656908704529119,1.6507083855121003,True,False,-0.15034814524110476,-1.6170520067462417,True,False,0.03547986145975408,0.9591096820443022,True,False
38.8332945,-0.49910181678906296,1.0225665533065635,True,False,-0.0672022937658082,-2.0405028234028317,True,False,0.826462989771096,0.031016372255182816,True,False
38.866627799999996,0.22228709353591772,-0.3665420753357973,True,False,-0.0923766523831535,-2.3159378916848516,True,False,1.4154715962242694,-0.7363777586601418,True,False
38.8999611,1.1019386936023297,-2.1909290331062214,True,False,-0.10929672402306921,-2.5702584665059076,True,False,1.7935537808775566,-1.328841357281727,True,False
38.9332944,1.7828623469266307,-3.8107055843807527,True,False,-0.09019100848991211,-2.801696788208732,True,False,1.9207082028071785,-1.6383494265921719,True,False
38.9666277,1.9096033229265825,-4.538374439886945,True,False,-0.09732113766465081,-2.8706805030898837,True,False,1.704392588311697,-1.48020993866718,True,False
38.999961,1.3169913967476414,-3.9683008435970257,True,False,-0.18611000253426557,-2.613102464955112,True,False,1.0752940837211848,-0.7525715936642219,True,False
39.0332943,0.13715186993363848,-2.1904436735462816,True,False,-0.3150504042742838,-1.9721541641480866,True,False,0.10050308388985638,0.39469442994716547,True,False
39.0666276,-1.238584494737775,0.22901474322639304,True,False,-0.3585842849937422,-1.0416024215499433,True,False,-0.9784258093713544,1.5513068608182055,True,False
39.0999609,-2.3299642211260787,2.495409679935368,True,False,-0.2116246632061194,-0.006964669842341747,True,False,-1.8370705970277736,2.2366790478635354,True,False
39.133294199999995,-2.7807237380422047,3.928903763746711,True,False,0.11012958262158293,0.9496277000262947,True,False,-2.225482542593181,2.151441528501272,True,False
39.1666275,-2.4978300755879816,4.222082268124428,True,False,0.46078786496669855,1.7106395955387308,True,False,-2.0749419422664803,1.3089119506521982,True,False
39.1999608,-1.6542555368238439,3.5015570424275118,True,False,0.6587534572949314,2.2229971811992697,True,False,-1.4996570906866893,-0.013076097821315864,True,False
39.233294099999995,-0.5848354457254876,2.210469685048483,True,False,0.6157159776514174,2.462192236702249,True,False,-0.7260432815692278,-1.4170378718462948,True,False
39.2666274,0.3460837627378638,0.907699575426315,True,False,0.39615885820994107,2.4159628230559824,True,False,-0.003837770261919238,-2.5218874341989763,True,False
39.2999607,0.854199575697898,0.06958577340911459,True,False,0.16082344753160888,2.1110510061109995,True,False,0.47390873549492013,-3.0583950230194814,True,False
39.333293999999995,0.8162999066882892,-0.06350748617458374,True,False,0.05322069834492129,1.6399538716526452,True,False,0.6299512952404207,-2.9371837027927747,True,False
39.3666273,0.31236167556698774,0.4384115430548919,True,False,0.12616627256555626,1.1342401558435689,True,False,0.5220512935925204,-2.2763550477249153,True,False
39.3999606,-0.40693195872770316,1.244218831893407,True,False,0.34502127886183886,0.6940955826808263,True,False,0.30747254339807617,-1.360301091669428,True,False
39.433293899999995,-1.0325834318641427,1.931737406213286,True,False,0.6336223260908849,0.33558131912520284,True,False,0.1646202839197209,-0.536155255993034,True,False
39.4666272,-1.3258936710208227,2.1823972548153345,True,False,0.9139192520605385,0.0024990851169792837,True,False,0.21009950549589645,-0.08661474694793206,True,False
39.4999605,-1.1900892584107914,1.8877208037653508,True,False,1.1188716432750743,-0.36588413407013787,True,False,0.454876328604487,-0.1276703392096368,True,False
39.533293799999996,-0.6721753128369691,1.1415115474070217,True,False,1.1931304156217362,-0.7669662207965052,True,False,0.8184146135966532,-0.5756434907756655,True,False
39.5666271,0.07779370776131403,0.16223192787182997,True,False,1.1046839886962774,-1.1218558792627074,True,False,1.1781068523648308,-1.1944445739153955,True,False
39.5999604,0.8681612376165728,-0.8073547611515784,True,False,0.8649335469300784,-1.322211921104016,True,False,1.4161058045263286,-1.6930360360404964,True,False
39.633293699999996,1.5298138994967385,-1.586717830999384,True,False,0.532809141157525,-1.294793547072089,True,False,1.449209207500517,-1.832183948798185,True,False
39.666627,1.9619115943574654,-2.1005467093561094,True,False,0.19142270186840873,-1.0402806997949372,True,False,1.2469316292296062,-1.5035226227533816,True,False
39.6999603,2.1480131091784864,-2.372313426345858,True,False,-0.09258045863553706,-0.6260160854054484,True,False,0.8364833230031753,-0.7487000652094733,True,False
39.733293599999996,2.1449709076591965,-2.486906912230798,True,False,-0.3057238887616655,-0.1406759815007064,True,False,0.2876388313080884,0.2879602124647049,True,False
39.7666269,2.045058403044938,-2.5386636198663277,True,False,-0.4899090725367603,0.34739173118433725,True,False,-0.3180112735061899,1.438297605912802,True,False
39.7999602,1.9087904338571777,-2.569667194279094,True,False,-0.6971108281650971,0.7893619766351234,True,False,-0.9136732060648047,2.5649908632458334,True,False
39.833293499999996,1.6989347001703312,-2.522273509254878,True,False,-0.9341288111984639,1.1295132998251365,True,False,-1.4485491342963481,3.5574879299247195,True,False
39.8666268,1.2848035603957804,-2.2568023426393027,True,False,-1.1521975611615527,1.3029541362696706,True,False,-1.8650032398406626,4.289868949481287,True,False
39.8999601,0.5475148649617787,-1.6517503446189528,True,False,-1.2888474765156084,1.2708062229217147,True,False,-2.083465321380906,4.604200089456773,True,False
39.9332934,-0.4818784031353324,-0.7240100534361597,True,False,-1.3155972535962959,1.0548816691772969,True,False,-2.0222210604401867,4.355614819605119,True,False
39.9666267,-1.5695977151697469,0.32925034564790984,True,False,-1.245517613829454,0.7315857474022213,True,False,-1.6405841697745036,3.4875946339548856,True,False
39.99996,-2.3727904227966565,1.2129370313692922,True,False,-1.1039373767513587,0.3880373812722044,True,False,-0.9731703827193373,2.0840020678879467,True,False
40.0332933,-2.6211374094168463,1.687260090027933,True,False,-0.9052730024327554,0.08144654419544615,True,False,-0.13498327902528912,0.37149934800211964,True,False
40.0666266,-2.255815481237068,1.6825060318899763,True,False,-0.6632383142035408,-0.16491444611864076,True,False,0.7061530038497282,-1.330828810462022,True,False
40.099959899999995,-1.440250853870689,1.306979598864818,True,False,-0.4110933915632512,-0.3411487078374745,True,False,1.380883893572981,-2.7030865943088775,True,False
40.1332932,-0.4632286839312429,0.7682035888951445,True,False,-0.191259947374948,-0.4444918355537052,True,False,1.7721747193608233,-3.5237602883644112,True,False
40.1666265,0.38649281687575365,0.2738476002246505,True,False,-0.01642305745103501,-0.49670323706855574,True,False,1.8476406388084399,-3.731498185970289,True,False
40.199959799999995,0.9114543936368273,-0.03700908032662452,True,False,0.15223766210782388,-0.5523644898758714,True,False,1.6591231511250817,-3.4243591908302715,True,False
40.2332931,1.0395248258195933,-0.11558556195965695,True,False,0.3801203723077946,-0.6736782026297011,True,False,1.3151158070876345,-2.806090821136476,True,False
40.2666264,0.8082359664278761,0.013115742787925874,True,False,0.7064306866799616,-0.8880731119681257,True,False,0.9379083663656027,-2.10560278187285,True,False
40.299959699999995,0.3287303744319557,0.27947146429682496,True,False,1.101368545404181,-1.1592632273638996,True,False,0.616749210499009,-1.492318017315126,True,False
40.333293,-0.2454823614243386,0.5899185133106098,True,False,1.4589532445960107,-1.3891104725664274,True,False,0.37445864271033164,-1.0157021080353092,True,False
40.3666263,-0.7493092327709505,0.8436011572128378,True,False,1.6352375639843875,-1.4546869260337068,True,False,0.17116208239491992,-0.609290637266505,True,False
40.399959599999995,-1.0499493923216952,0.9604016379711826,True,False,1.5183741757914253,-1.2674413661449189,True,False,-0.0485863065279047,-0.17160627991169702,True,False
40.4332929,-1.0897830408558038,0.9137173853344338,True,False,1.092572889941154,-0.8226906185780695,True,False,-0.2997978984336539,0.33338843364482323,True,False
40.4666262,-0.8990165933688772,0.741656680635703,True,False,0.45792074301180963,-0.2107531184590739,True,False,-0.5455873735205148,0.8448707528533795,True,False
40.499959499999996,-0.5734921293983976,0.525882164588235,True,False,-0.2078955322022749,0.4172420392340327,True,False,-0.7418129587301117,1.2666018576627383,True,False
40.5332928,-0.2371424363387515,0.3551109361357595,True,False,-0.7257915965256687,0.9109234820895714,True,False,-0.8863534077118673,1.550698459121363,True,False
40.5666261,-0.0039495488340831435,0.29348080384561975,True,False,-0.982808523649295,1.174873183921102,True,False,-1.0152871611993035,1.718699773908509,True,False
40.599959399999996,0.05588293130095289,0.3586210282699941,True,False,-0.9544618832020594,1.1887695571639787,True,False,-1.1478178450092211,1.8077394706667929,True,False
40.6332927,-0.059815015002474,0.5093430431763514,True,False,-0.6893708371701753,0.9964609804205363,True,False,-1.2396546952466694,1.8047497557982293,True,False
40.666626,-0.2780996694904633,0.6511645668603541,True,False,-0.2896862635775682,0.685204723494974,True,False,-1.198601006491173,1.6390056626518081,True,False
40.699959299999996,-0.4699356559541204,0.6682451514794547,True,False,0.10255114607277371,0.36498815749963653,True,False,-0.9546298437155,1.2448416404097264,True,False
40.7332926,-0.5018540772546638,0.476326264610092,True,False,0.3344601492197891,0.1415200281416164,True,False,-0.5258819303691084,0.6412987443375967,True,False
40.7666259,-0.30481663990588737,0.0729807359999433,True,False,0.2959706673231825,0.08255175941055638,True,False,-0.02897591704617133,-0.038261252014482716,True,False
40.799959199999996,0.08534681842597283,-0.44970498206897175,True,False,-0.026909124106483377,0.1916736092823824,True,False,0.3715746890230166,-0.5922283771639393,True,False
40.8332925,0.5512459473472187,-0.9466691069464535,True,False,-0.5303781475160991,0.4025718484643532,True,False,0.5415389751966038,-0.8451069360147336,True,False
40.8666258,0.9586923141082007,-1.2845356555250604,True,False,-1.0161678252934907,0.5968077405794358,True,False,0.4398810039061098,-0.7354576106051003,True,False
40.8999591,1.2079327069129608,-1.382407796890944,True,False,-1.2593589035570754,0.6433253508753757,True,False,0.13669020325723055,-0.34896090531350904,True,False
40.9332924,1.2524521618474749,-1.2265633766749682,True,False,-1.1049007889055682,0.4533686671537971,True,False,-0.21737309332562535,0.11872430312703845,True,False
40.966625699999994,1.1066016744252338,-0.8828929636666002,True,False,-0.5514175598953179,0.031471012423665755,True,False,-0.4498214368647783,0.44462338034244414,True,False
40.999959,0.8467542191011455,-0.49285354917922525,True,False,0.23279059656368895,-0.5108179100606078,True,False,-0.4291030858654229,0.46465536779980043,True,False
41.0332923,0.5860502460543093,-0.22037334618660626,True,False,0.9864101763422249,-1.000800357416749,True,False,-0.11715224357103422,0.13429326368046068,True,False
41.066625599999995,0.4254448197853214,-0.1703032292587324,True,False,1.4824269257043903,-1.2884814564493674,True,False,0.40258118578706703,-0.44896186863167376,True,False
41.0999589,0.41126268594712206,-0.34037711569657997,True,False,1.624200010513579,-1.3136359407883447,True,False,0.9442377283137907,-1.073447697338709,True,False
41.1332922,0.5173967753827378,-0.6350520758534852,True,False,1.4599535899904197,-1.118656140741695,True,False,1.2940460961505154,-1.496407259637584,True,False
41.166625499999995,0.6547849247385051,-0.9189266731430348,True,False,1.1267274020499307,-0.8114436373941004,True,False,1.3098528948664474,-1.5539246476635338,True,False
41.1999588,0.7101957069114193,-1.0735964377292968,True,False,0.7687175999746569,-0.5066124281681803,True,False,0.9930386545548334,-1.241394550732418,True,False
41.2332921,0.6002909764093023,-1.0315275874298981,True,False,0.47493986382758524,-0.27508173277355047,True,False,0.4937951044806068,-0.716709343011107,True,False
41.266625399999995,0.30972505288339747,-0.781297742520096,True,False,0.26041312160177116,-0.12201909534191661,True,False,0.04207332142937685,-0.2167266609825096,True,False
41.2999587,-0.1044713992886131,-0.3590392842142558,True,False,0.08738217003272115,0.0016920777099108273,True,False,-0.16735948031728112,0.07149476623192008,True,False
41.333292,-0.5382287093995087,0.16090738396434812,True,False,-0.09478037128105614,0.1628819222541451,True,False,-0.0753709632800355,0.10618387053428567,True,False
41.366625299999995,-0.8859467927009802,0.6810022964301247,True,False,-0.3154318016882914,0.40380985755723275,True,False,0.2167406113274124,-0.011632458366859723,True,False
41.3999586,-1.08731904377683,1.1075026997431172,True,False,-0.5687594020254426,0.7155402705894234,True,False,0.5127914259438386,-0.13074757570938447,True,False
41.4332919,-1.141663079337341,1.3750202810895864,True,False,-0.8185272831878183,1.0373527249025405,True,False,0.6293730628325491,-0.14803378653437618,True,False
41.466625199999996,-1.0762873655275933,1.450170892119032,True,False,-1.0158283814431515,1.2824350365303052,True,False,0.47725808530654323,-0.03529005547659809,True,False
41.4999585,-0.9059124224038652,1.3251948372632771,True,False,-1.1266807719099243,1.3822786022261617,True,False,0.08639601748009265,0.19195295171336618,True,False
41.5332918,-0.6315761416709922,1.026756324839047,True,False,-1.1526056413038284,1.3233483716703702,True,False,-0.4128323921867944,0.4959220689750472,True,False
41.566625099999996,-0.2749319203181925,0.6298105179546087,True,False,-1.1198123076561288,1.1434051553866336,True,False,-0.8331551611252628,0.8008679007415296,True,False
41.5999584,0.10096694840783928,0.23979458405305287,True,False,-1.042067847935762,0.8899719052834821,True,False,-0.9921816587371924,0.977399794398103,True,False
41.6332917,0.4059993990171334,-0.05285072651146009,True,False,-0.8960498665467309,0.5834273065621034,True,False,-0.787488961476783,0.8801543526482742,True,False
41.666624999999996,0.5502851313071078,-0.20184148189984918,True,False,-0.6409433029986235,0.2216624561016111,True,False,-0.2605493570333099,0.4420751810052808,True,False
41.6999583,0.4729197457022017,-0.20559445082521072,True,False,-0.27138777745170617,-0.18067605600198938,True,False,0.3959145761970575,-0.24384537882508117,True,False
41.7332916,0.1751503008985356,-0.10060180890936446,True,False,0.14420606144917072,-0.5615962574707285,True,False,0.9117017332508707,-0.9332116689552843,True,False
41.7666249,-0.26428816294748075,0.051163859258600335,True,False,0.47924213052816633,-0.8244302256901004,True,False,1.0588524834190347,-1.3343956429112453,True,False
41.7999582,-0.7164660117465353,0.19057835656000166,True,False,0.6158774439124917,-0.8906095368290141,True,False,0.7486223227653191,-1.242579572275694,True,False
41.8332915,-1.05496793167818,0.2890979712655655,True,False,0.5278739604981654,-0.7626028520652947,True,False,0.06178058722252256,-0.6308904939892119,True,False
41.8666248,-1.1976363033816861,0.3523723096278931,True,False,0.32248988712016163,-0.5510564744439287,True,False,-0.7857313072011975,0.33366958862280194,True,False
41.8999581,-1.1220950912587322,0.3985858771929814,True,False,0.18957670330449644,-0.42372822129504906,True,False,-1.5163767854370287,1.3415351276555245,True,False
41.933291399999995,-0.857243913501888,0.425645258950509,True,False,0.2759593396280579,-0.493162228502371,True,False,-1.8827615846784327,2.041671367036705,True,False
41.9666247,-0.4584078558584549,0.38878320641896974,True,False,0.5854261936121673,-0.7344719470808398,True,False,-1.7587131948215833,2.1724963029194964,True,False
41.999958,0.0196115220320883,0.21222741915257065,True,False,0.9883400864272601,-1.0097366581473788,True,False,-1.1974766243989843,1.6794340752285677,True,False
42.033291299999995,0.5366730510032354,-0.1635306520001817,True,False,1.3146093800078154,-1.1675688214181528,True,False,-0.42215736386693153,0.7598234538446432,True,False
42.0666246,1.0610032065138453,-0.7275656814716192,True,False,1.4358909294862559,-1.119584360550236,True,False,0.2620846295667866,-0.20467596930566312,True,False
42.0999579,1.545939808144429,-1.3713940282897,True,False,1.2925544089717826,-0.8505546265709766,True,False,0.6034094011976745,-0.8155864333147091,True,False
42.133291199999995,1.9084138199156297,-1.906278007610001,True,False,0.8944888426465774,-0.3999230724767482,True,False,0.5179024370151383,-0.8457267938722819,True,False
42.1666245,2.034965261904855,-2.121455586281917,True,False,0.3212283339770734,0.1490556044853647,True,False,0.11829638968569749,-0.34269909994727416,True,False
42.1999578,1.8246331632293937,-1.862879720065499,True,False,-0.29258094800920614,0.6813882504421644,True,False,-0.3524796654286879,0.4050651101268482,True,False
42.233291099999995,1.247427605111686,-1.1033361501450345,True,False,-0.7983682747294315,1.079267602657712,True,False,-0.6369757999759554,1.010814274756811,True,False
42.2666244,0.38084887013133234,0.025623774062482504,True,False,-1.0837868649503268,1.2580144150056862,True,False,-0.5709669848646916,1.1636681920469354,True,False
42.2999577,-0.5983751682545755,1.2576393698081583,True,False,-1.105056010224409,1.1888660696302296,True,False,-0.14274678109405434,0.7544667330889437,True,False
42.333290999999996,-1.463103077779293,2.2674682828547343,True,False,-0.8898322824922138,0.899888136094836,True,False,0.5111480241344807,-0.09315249843709165,True,False
42.3666243,-2.007299684210877,2.7778497081651574,True,False,-0.5167440780103462,0.45993663093789067,True,False,1.1630459777339741,-1.086424718326594,True,False
42.3999576,-2.1154859864228053,2.660595926747567,True,False,-0.08625866457807597,-0.04208135367827848,True,False,1.5821614816331588,-1.8911750709193473,True,False
42.433290899999996,-1.7990552669615436,1.9830229661623244,True,False,0.3059174963140823,-0.5144147452745323,True,False,1.627289168445322,-2.272315270858715,True,False
42.4666242,-1.1800614974560872,0.9701323391561648,True,False,0.5885259384150768,-0.8775170878707291,True,False,1.3033327974802662,-2.1786016697216124,True,False
42.4999575,-0.43056832893731634,-0.1001863353939458,True,False,0.7212545800375053,-1.0736425266103404,True,False,0.740404695580834,-1.7197450713293685,True,False
42.533290799999996,0.3005431053629092,-1.0137974054452565,True,False,0.6836448447461404,-1.0626164139760594,True,False,0.1063777808328143,-1.0597520943078362,True,False
42.5666241,0.9306598023599063,-1.6821460817253289,True,False,0.46152842742478106,-0.8152206175211777,True,False,-0.47097903724710716,-0.32745747741208164,True,False
42.5999574,1.4300058263492095,-2.1130624974372925,True,False,0.0556898901520522,-0.32817271876209986,True,False,-0.9115969683298419,0.3827133921041063,True,False
42.633290699999996,1.7707159360298623,-2.326914839114975,True,False,-0.4886599506982943,0.34287779022290255,True,False,-1.145363931467471,0.9587974794264376,True,False
42.666624,1.8916296239661456,-2.3006228565393196,True,False,-1.0648265724604642,1.0679529495569038,True,False,-1.098320099425396,1.2601023688395636,True,False
42.6999573,1.7157118772482622,-1.9836925337428977,True,False,-1.5290146931569455,1.6739046064659266,True,False,-0.7335919851557339,1.181480672459386,True,False
42.7332906,1.2085249114239118,-1.359291607330034,True,False,-1.7600175578710389,2.0132654034063107,True,False,-0.11189308138361437,0.7403240972522813,True,False
42.7666239,0.4348850993761801,-0.49843371520792035,True,False,-1.7158755670398471,2.02735321782035,True,False,0.5925778738928952,0.10287478421460249,True,False
42.799957199999994,-0.4283294406811297,0.42859539002496166,True,False,-1.4460388693870168,1.7594110711219817,True,False,1.1533945825537175,-0.485501059510918,True,False
42.8332905,-1.1438380158557622,1.1972836759613068,True,False,-1.0498166930067778,1.312131132821827,True,False,1.401069153850845,-0.8249949472276026,True,False
42.8666238,-1.5107797235478122,1.613793288165819,True,False,-0.6141499292956952,0.7865216591667346,True,False,1.308447540827343,-0.8573596783775937,True,False
42.899957099999995,-1.452672503658777,1.5968879850267628,True,False,-0.17791280202780158,0.24629226246384714,True,False,0.9895813958801769,-0.6680291456832665,True,False
42.9332904,-1.0478833825484317,1.216585714985159,True,False,0.2544950209283013,-0.2754388912393272,True,False,0.6124252438925138,-0.40092910404323806,True,False
42.9666237,-0.4878689316826327,0.6670141243819723,True,False,0.6713662085433973,-0.7472062207250235,True,False,0.29413496067665396,-0.160034021443484,True,False
42.999956999999995,0.01556717316967248,0.17584337060558708,True,False,1.029317264535563,-1.1245737950221149,True,False,0.053410335898087434,0.031661397333027974,True,False
43.0332903,0.32069391548668147,-0.10474422036953542,True,False,1.2676017702830924,-1.3632805538370372,True,False,-0.1614653488051815,0.20585347381577176,True,False
43.0666236,0.3885805767814456,-0.1540128548186956,True,False,1.3403612802242966,-1.4402523221442567,True,False,-0.40578747088208666,0.39487660798373914,True,False
43.099956899999995,0.2542515702404126,-0.05235881479488221,True,False,1.2397455249936813,-1.3629853207174125,True,False,-0.6889132803331653,0.597011671937805,True,False
43.1332902,-0.014863521466724547,0.09700591746772876,True,False,1.0035367930810617,-1.1684494711347464,True,False,-0.976042367753237,0.7826406498641616,True,False
43.1666235,-0.3349311104066864,0.22986053092642422,True,False,0.7120075516246201,-0.9193721103967987,True,False,-1.224387841608346,0.9229819430375363,True,False
43.199956799999995,-0.6057838571076141,0.3333330101353522,True,False,0.47610582010676833,-0.6992121816719166,True,False,-1.407610311113564,1.006566102537601,True,False
43.2332901,-0.7271675018975036,0.41976399921073165,True,False,0.4101000724174353,-0.5968953087483132,True,False,-1.5078119780453383,1.0321116117903038,True,False
43.2666234,-0.6417426834251798,0.4944207884830173,True,False,0.5819097043138847,-0.6712386059662463,True,False,-1.4963323424265615,0.9948051802708658,True,False
43.299956699999996,-0.37578742926960745,0.5418652785917006,True,False,0.9592583382973023,-0.9061823873618227,True,False,-1.3335788549993801,0.8836271684952589,True,False
43.33329,-0.03742935493378824,0.5358545698706674,True,False,1.3938046298446884,-1.1913582353739658,True,False,-0.9932232416716889,0.6898910339477912,True,False
43.3666233,0.23541967729508176,0.46264742531644615,True,False,1.6717949773317027,-1.356646893479795,True,False,-0.48885655508942766,0.41580289098527845,True,False
43.399956599999996,0.34734070676982415,0.33791503482022767,True,False,1.6126910172360478,-1.2514114280045312,True,False,0.11997996206754785,0.07725919430364972,True,False
43.4332899,0.2984778951636908,0.1962012683040885,True,False,1.1565340010358045,-0.8203395285775282,True,False,0.7433848238174919,-0.29418748903105346,True,False
43.4666232,0.1901915516237887,0.05547675414772275,True,False,0.38936276272696174,-0.1305129242503191,True,False,1.2847956858773972,-0.6488306887843311,True,False
43.499956499999996,0.17100143352018057,-0.10423303189384174,True,False,-0.49506561301926016,0.6555737244062059,True,False,1.663066604015553,-0.9248193677910108,True,False
43.5332898,0.33891077288843546,-0.3136887989112452,True,False,-1.2671113918620993,1.3381266788651485,True,False,1.8257285236602072,-1.0654519511454208,True,False
43.5666231,0.6550726290566075,-0.561583099308028,True,False,-1.7421959933111486,1.7494628879606082,True,False,1.747571371207715,-1.0369092692227087,True,False
43.599956399999996,0.9372264015708864,-0.7778994127477464,True,False,-1.8522857100166497,1.8200980864930545,True,False,1.4252135095594984,-0.8398504229604868,True,False
43.6332897,0.9586635371567828,-0.8798544753810081,True,False,-1.6755437409953244,1.6140843501917637,True,False,0.8877664510171398,-0.5172474626760635,True,False
43.666623,0.597862159337887,-0.8371449093856269,True,False,-1.3945478040294201,1.3016610023091577,True,False,0.2160285250545245,-0.15092412970786737,True,False
43.6999563,-0.06521756295414656,-0.695121508588331,True,False,-1.1966604178199767,1.0695497393722484,True,False,-0.46377014565888686,0.1656234071564281,True,False
43.7332896,-0.774793170819317,-0.5434688318526613,True,False,-1.173980128700782,1.0161720106888745,True,False,-1.0201187028389334,0.3661859343652831,True,False
43.766622899999994,-1.231966371990991,-0.4605626814174215,True,False,-1.2828835894293096,1.0984597099064617,True,False,-1.356092680901578,0.4308111776164851,True,False
43.7999562,-1.2568873166778756,-0.4636905968088446,True,False,-1.3844418443780273,1.1683419734574303,True,False,-1.4200592026649412,0.3723392637964518,True,False
43.8332895,-0.883468377075378,-0.492015764207358,True,False,-1.3328349283053595,1.0734771246538422,True,False,-1.2024570625823967,0.21414587869755383,True,False
43.866622799999995,-0.32610931359740114,-0.4410746180488473,True,False,-1.0529285421789731,0.7505663492744347,True,False,-0.7488508769913252,-0.010939715975313813,True,False
43.8999561,0.1529027083269928,-0.22893952489348326,True,False,-0.5690540328045727,0.2531559350044154,True,False,-0.17958013338264128,-0.24423142974686732,True,False
43.9332894,0.37939730907881475,0.15169258766315483,True,False,0.017090544348338777,-0.29073885783905606,True,False,0.32939857202667094,-0.40262456037304056,True,False
43.966622699999995,0.3309548780768586,0.6208267711292501,True,False,0.576828982741691,-0.7507350322215355,True,False,0.6233713590881592,-0.4201675726988568,True,False
43.999956,0.12015525639613865,1.0353189554906064,True,False,1.0007657603512983,-1.0461086043032162,True,False,0.6568135290849719,-0.3026589176741571,True,False
44.0332893,-0.06952548155765036,1.2385441762789438,True,False,1.2220410704279527,-1.1547675923100411,True,False,0.5138553010868641,-0.13592296428176118,True,False
44.066622599999995,-0.0640285537043399,1.1217168668714808,True,False,1.224407283058008,-1.0947760628734018,True,False,0.33302155931854455,-0.023247217423963143,True,False
44.0999559,0.22446185358331638,0.6761877880111428,True,False,1.048051977785003,-0.9084190572812906,True,False,0.20275517552137706,-0.00444060945301124,True,False
44.1332892,0.7502828301438741,0.008514255757948015,True,False,0.785485335714256,-0.6574254360074303,True,False,0.12388476608374208,-0.03497778065605648,True,False
44.166622499999995,1.346228432141601,-0.6973388759100196,True,False,0.5523281938356742,-0.41411327134249565,True,False,0.05910774004123599,-0.042364867281890296,True,False
44.1999558,1.7916384695917817,-1.2451056868776842,True,False,0.4400680176926971,-0.23993272903236568,True,False,0.0013563512278243145,-0.00021212906233131765,True,False
44.2332891,1.8957756363268712,-1.4737506473290807,True,False,0.47743348131695557,-0.16358901010359042,True,False,-0.011330893900071146,0.050963244184140624,True,False
44.266622399999996,1.565275677064168,-1.285444130917039,True,False,0.6204172699648894,-0.17392350243717133,True,False,0.060075871550494625,0.049364510456958687,True,False
44.2999557,0.8490172215842593,-0.6858432098354598,True,False,0.7733859083783103,-0.2298660213104881,True,False,0.20635221857270872,-0.027307074473653898,True,False
44.333289,-0.06086301257221845,0.17800914473213889,True,False,0.832700745435964,-0.28150008863557213,True,False,0.3671474641419663,-0.14433664833685156,True,False
44.366622299999996,-0.8992484107858604,1.0431263434585543,True,False,0.7356915663407594,-0.2948001139571735,True,False,0.4732018774286963,-0.2435523026957349,True,False
44.3999556,-1.4437917796126285,1.632877358779781,True,False,0.4909129325743167,-0.2682014540911221,True,False,0.4853399931003925,-0.28522041022614225,True,False
44.4332889,-1.6054614053931622,1.7738231262228188,True,False,0.1729711303037519,-0.22828362337116853,True,False,0.39006415176597764,-0.2565472251879381,True,False
44.466622199999996,-1.4526313751767905,1.461701007116651,True,False,-0.11826069744441171,-0.20248651678852594,True,False,0.16960108080537958,-0.15211250191576572,True,False
44.4999555,-1.1750926547384395,0.8575289927811889,True,False,-0.31744380140827333,-0.18449520663403532,True,False,-0.1962652978697113,0.033266321515329385,True,False
44.5332888,-0.9975949652277091,0.21851065266548406,True,False,-0.43392255893014836,-0.12480912113098802,True,False,-0.6783250757954312,0.280339897675454,True,False
44.5666221,-1.0610750698572324,-0.2157765850773348,True,False,-0.5333212299585632,0.03122998237445914,True,False,-1.1529966397191802,0.519601227556491,True,False
44.5999554,-1.3374284156596652,-0.3258647018762792,True,False,-0.6737310833024287,0.2867888334914361,True,False,-1.4327216866761268,0.6463317621504494,True,False
44.633288699999994,-1.6417190721014676,-0.15146979431859386,True,False,-0.8583886412055647,0.5783663673450197,True,False,-1.3701131489123746,0.5824708197729354,True,False
44.666622,-1.725726967397653,0.13195507558510586,True,False,-1.038525617503826,0.8160340042972337,True,False,-0.9590268981882242,0.34086967788828715,True,False
44.6999553,-1.3887930304622955,0.2788656273818156,True,False,-1.1387821041726205,0.9295963065629976,True,False,-0.35075330842371655,0.03346463833760538,True,False
44.733288599999995,-0.5661962505231727,0.07554349187467352,True,False,-1.075075153055397,0.8786275104214375,True,False,0.227347231667605,-0.1904122607199471,True,False
44.7666219,0.6203117680516959,-0.5423800731679077,True,False,-0.7747192243085914,0.6399540005317438,True,False,0.5932479681207482,-0.23304143099544045,True,False
44.7999552,1.8721830307658192,-1.4166691937969451,True,False,-0.21731671655866933,0.2129806009046278,True,False,0.6988062197526672,-0.10689306154713901,True,False
44.833288499999995,,,True,False,,,True,False,,,True,False
44.8666218,,,True,False,,,True,False,,,True,False
44.8999551,,,True,False,,,True,False,,,True,False
44.933288399999995,,,True,False,,,True,False,,,True,False
44.9666217,,,True,False,,,True,False,,,True,False
44.999955,,,True,False,,,True,False,,,True,False
45.033288299999995,,,True,False,,,True,False,,,True,False
45.0666216,,,True,False,,,True,False,,,True,False
45.0999549,,,True,False,,,True,False,,,True,False
45.133288199999996,,,True,False,,,True,False,,,True,False
45.1666215,,,True,False,,,True,False,,,True,False
45.1999548,,,True,False,,,True,False,,,True,False
45.233288099999996,,,True,False,,,True,False,,,True,False
45.2666214,,,True,False,,,True,False,,,True,False
45.2999547,,,True,False,,,True,False,,,True,False
45.333287999999996,,,True,False,,,True,False,,,True,False
45.3666213,,,True,False,,,True,False,,,True,False
45.3999546,,,True,False,,,True,False,,,True,False
45.433287899999996,,,True,False,,,True,False,,,True,False
45.4666212,,,True,False,,,True,False,,,True,False
45.4999545,,,True,False,,,True,False,,,True,False
45.5332878,,,True,False,,,True,False,,,True,False
45.5666211,,,True,False,,,True,False,,,True,False
45.599954399999994,,,True,False,,,True,False,,,True,False
45.6332877,,,True,False,,,True,False,,,True,False
45.666621,,,True,False,,,True,False,,,True,False
45.699954299999995,,,True,False,,,True,False,,,True,False
45.7332876,,,True,False,,,True,False,,,True,False
45.7666209,,,True,False,,,True,False,,,True,False
45.799954199999995,,,True,False,,,True,False,,,True,False
45.8332875,,,True,False,,,True,False,,,True,False
45.8666208,,,True,False,,,True,False,,,True,False
45.899954099999995,,,True,False,,,True,False,,,True,False
45.9332874,,,True,False,,,True,False,,,True,False
45.9666207,,,True,False,,,True,False,,,True,False
45.999953999999995,,,True,False,,,True,False,,,True,False
46.0332873,,,True,False,,,True,False,,,True,False
46.0666206,,,True,False,,,True,False,,,True,False
46.099953899999996,,,True,False,,,True,False,,,True,False
46.1332872,,,True,False,,,True,False,,,True,False
46.1666205,,,True,False,,,True,False,,,True,False
46.199953799999996,,,True,False,,,True,False,,,True,False
46.2332871,,,True,False,,,True,False,,,True,False
46.2666204,,,True,False,,,True,False,,,True,False
46.299953699999996,,,True,False,,,True,False,,,True,False
46.333287,,,True,False,,,True,False,,,True,False
46.3666203,,,True,False,,,True,False,,,True,False
46.399953599999996,,,True,False,,,True,False,,,True,False
