time_s,r,g,b,rppg_normalized
0.0,141.0,106.0,89.33333333333333,0.06750545448747103
0.033333299999999996,139.0,104.0,88.33333333333333,0.08968311516629318
0.06666659999999999,139.0,104.0,88.0,0.12040399147547076
0.09999989999999999,140.33333333333334,104.66666666666667,88.33333333333333,0.1666038806275531
0.13333319999999999,140.66666666666666,104.33333333333333,88.66666666666667,0.2302884127943813
0.1666665,140.0,104.0,88.33333333333333,0.3054173562961246
0.19999979999999998,139.66666666666666,103.66666666666667,87.66666666666667,0.3770208472384404
0.2333331,140.0,103.66666666666667,87.33333333333333,0.42601214190317377
0.26666639999999997,139.33333333333334,103.33333333333333,86.66666666666667,0.43877018601215984
0.2999997,140.0,103.0,86.66666666666667,0.41470855389982303
0.333333,139.66666666666666,102.66666666666667,86.66666666666667,0.3650286166605425
0.3666663,139.66666666666666,103.0,86.66666666666667,0.3036978690558705
0.39999959999999996,139.66666666666666,102.66666666666667,86.66666666666667,0.23897448766032384
0.43333289999999997,139.66666666666666,103.0,86.66666666666667,0.17155648247572694
0.4666662,139.66666666666666,102.33333333333333,86.66666666666667,0.09786474347186883
0.4999995,139.66666666666666,102.66666666666667,86.66666666666667,0.01454430177046416
0.5333327999999999,139.33333333333334,102.33333333333333,86.0,-0.07660587638291605
0.5666661,139.33333333333334,102.33333333333333,86.66666666666667,-0.16407244654791328
0.5999994,139.33333333333334,102.33333333333333,86.0,-0.2278903722320886
0.6333327,139.33333333333334,102.0,86.66666666666667,-0.2518647900637752
0.666666,139.0,102.0,86.0,-0.24216052415922143
0.6999993,139.0,101.66666666666667,86.0,-0.23729934463315355
0.7333326,139.0,102.0,86.0,-0.2949775558218237
0.7666659,139.33333333333334,102.0,85.66666666666667,-0.4547639952326646
0.7999991999999999,139.0,102.33333333333333,86.0,-0.6955299548650017
0.8333324999999999,139.66666666666666,102.0,86.0,-0.9203795135262106
0.8666657999999999,140.0,102.0,86.66666666666667,-0.9931507921537006
0.8999990999999999,140.33333333333334,102.66666666666667,86.33333333333333,-0.812541957713193
0.9333324,140.0,103.0,87.33333333333333,-0.3740411131444413
0.9666657,140.66666666666666,103.66666666666667,87.66666666666667,0.2209958421051817
0.999999,140.66666666666666,103.66666666666667,88.33333333333333,0.8073676953504838
1.0333322999999999,140.66666666666666,104.0,87.33333333333333,1.2213749611578004
1.0666655999999999,140.66666666666666,104.0,87.33333333333333,1.3618493508132754
1.0999989,140.66666666666666,103.33333333333333,87.66666666666667,1.222076396410554
1.1333322,140.66666666666666,103.66666666666667,87.0,0.8781779853677364
1.1666655,140.33333333333334,103.33333333333333,87.33333333333333,0.4473020114977623
1.1999988,140.66666666666666,103.0,86.66666666666667,0.04534536007994686
1.2333321,140.0,103.33333333333333,87.0,-0.23850285028275528
1.2666654,140.33333333333334,103.0,87.0,-0.3524877766817446
1.2999987,140.66666666666666,103.33333333333333,87.33333333333333,-0.29018025141645093
1.333332,140.33333333333334,103.33333333333333,87.33333333333333,-0.10206234817361154
1.3666653,140.33333333333334,103.0,87.33333333333333,0.1006187744522374
1.3999986,140.33333333333334,103.33333333333333,87.0,0.17038276817942993
1.4333319,140.66666666666666,103.33333333333333,87.33333333333333,-0.015085719464070528
1.4666652,139.66666666666666,103.33333333333333,86.66666666666667,-0.4738182749823731
1.4999985,140.66666666666666,103.0,86.83333333333333,-1.0724097038938767
1.5333318,140.66666666666666,102.66666666666667,86.66666666666667,-1.5627368330573659
1.5666650999999998,140.0,102.66666666666667,87.0,-1.7003287148289115
1.5999983999999998,140.33333333333334,103.0,86.66666666666667,-1.3717634936069838
1.6333316999999998,140.33333333333334,103.0,86.66666666666667,-0.6519992066261332
1.6666649999999998,140.66666666666666,103.33333333333333,87.0,0.22877829177121958
1.6999982999999999,140.33333333333334,103.33333333333333,86.66666666666667,0.97981600780412
1.7333315999999999,140.33333333333334,103.66666666666667,87.0,1.365823591715068
1.7666648999999999,140.33333333333334,103.33333333333333,86.66666666666667,1.3016667343762915
1.7999981999999999,140.33333333333334,103.33333333333333,87.0,0.8834872606587417
1.8333315,140.33333333333334,103.33333333333333,87.0,0.33940767710738967
1.8666648,140.33333333333334,103.0,86.66666666666667,-0.07559091955456045
1.8999981,140.33333333333334,103.0,87.0,-0.1905731039550272
1.9333314,140.33333333333334,103.33333333333333,87.0,0.01486748393087777
1.9666647,140.33333333333334,103.33333333333333,86.66666666666667,0.4174280951789929
1.999998,140.33333333333334,103.33333333333333,87.0,0.8189380019908807
2.0333313,140.66666666666666,103.33333333333333,86.66666666666667,1.0329414389020577
2.0666645999999997,140.33333333333334,103.0,86.33333333333333,0.9500124819753502
2.0999979,140.33333333333334,103.33333333333333,86.66666666666667,0.5716070128861488
2.1333311999999998,140.33333333333334,103.0,86.33333333333333,0.014179238872031095
2.1666645,140.33333333333334,103.0,86.66666666666667,-0.5240340733760889
2.1999978,140.66666666666666,103.0,87.0,-0.8392980878459232
2.2333311,140.33333333333334,102.66666666666667,86.66666666666667,-0.8187802547642998
2.2666644,140.33333333333334,103.0,86.66666666666667,-0.5050332906025674
2.2999977,140.33333333333334,103.0,86.66666666666667,-0.08413278099255138
2.333331,140.33333333333334,102.66666666666667,86.33333333333333,0.20218445889421
2.3666643,140.33333333333334,103.33333333333333,86.66666666666667,0.17791277976584127
2.3999976,140.33333333333334,103.0,86.33333333333333,-0.16943482005814978
2.4333309,140.33333333333334,102.66666666666667,86.33333333333333,-0.6690392256996535
2.4666642,140.33333333333334,102.33333333333333,86.33333333333333,-1.0523900491920661
2.4999975,140.33333333333334,102.33333333333333,86.66666666666667,-1.106476190621205
2.5333308,140.33333333333334,102.66666666666667,86.0,-0.7971082473726007
2.5666640999999997,140.33333333333334,103.0,86.33333333333333,-0.27930592126098963
2.5999974,140.33333333333334,102.66666666666667,86.33333333333333,0.20274905084096154
2.6333306999999997,140.33333333333334,103.0,86.66666666666667,0.44969202364331134
2.666664,140.33333333333334,103.0,86.66666666666667,0.39798379044839594
2.6999972999999997,140.66666666666666,103.0,86.66666666666667,0.1353100656432237
2.7333306,140.66666666666666,103.0,86.66666666666667,-0.15599103178344984
2.7666638999999997,140.66666666666666,102.33333333333333,86.33333333333333,-0.2983996992856797
2.7999972,140.33333333333334,103.0,86.33333333333333,-0.20928950872419708
2.8333304999999998,140.66666666666666,102.66666666666667,86.33333333333333,0.06965696222645568
2.8666638,140.33333333333334,103.0,86.33333333333333,0.41505107341394903
2.8999970999999998,140.33333333333334,102.66666666666667,86.0,0.7006314121822436
2.9333304,140.33333333333334,103.0,86.33333333333333,0.8609702429045915
2.9666637,140.66666666666666,102.66666666666667,86.33333333333333,0.9060808230236286
2.999997,140.0,102.66666666666667,86.33333333333333,0.8879705459432071
3.0333303,140.33333333333334,103.0,86.33333333333333,0.8525010272569538
3.0666636,140.33333333333334,102.66666666666667,86.0,0.8104143445836456
3.0999969,140.0,102.33333333333333,86.0,0.7339803427643979
3.1333301999999996,140.0,102.66666666666667,86.33333333333333,0.5717882563491683
3.1666635,140.33333333333334,102.66666666666667,86.0,0.28095861882330586
3.1999967999999996,140.0,103.0,86.66666666666667,-0.13081677925694815
3.2333301,140.33333333333334,102.66666666666667,86.66666666666667,-0.5841930046437664
3.2666633999999997,140.33333333333334,102.33333333333333,86.66666666666667,-0.9582197205090781
3.2999967,140.66666666666666,102.66666666666667,86.0,-1.1590532490157313
3.3333299999999997,140.66666666666666,102.33333333333333,86.0,-1.1721846626245085
3.3666633,140.0,102.66666666666667,85.66666666666667,-1.0537840620449248
3.3999965999999997,140.0,102.66666666666667,85.66666666666667,-0.8749707641297207
3.4333299,140.33333333333334,102.0,86.33333333333333,-0.6804104501448274
3.4666631999999997,139.66666666666666,102.0,86.0,-0.5022848662239247
3.4999965,139.33333333333334,102.33333333333333,85.33333333333333,-0.39414814705887447
3.5333297999999997,140.0,102.33333333333333,86.0,-0.4189621790763607
3.5666631,140.66666666666666,103.0,86.0,-0.5883278800929845
3.5999963999999998,141.0,103.33333333333333,86.66666666666667,-0.811462939951763
3.6333297,141.33333333333334,103.66666666666667,87.33333333333333,-0.9035773411095152
3.666663,141.0,103.66666666666667,87.0,-0.6622790441640038
3.6999963,141.33333333333334,103.33333333333333,87.0,0.015252387317317201
3.7333296,141.0,103.33333333333333,87.0,1.032474089985821
3.7666628999999996,140.66666666666666,104.33333333333333,87.0,2.0842398276601255
3.7999962,140.66666666666666,104.33333333333333,87.33333333333333,2.775547835669825
3.8333294999999996,140.66666666666666,104.33333333333333,87.0,2.8167199183710236
3.8666628,141.0,104.33333333333333,87.0,2.1773449553685618
3.8999960999999996,141.33333333333334,104.16666666666667,87.33333333333333,1.1045774361249672
3.9333294,140.66666666666666,103.33333333333333,87.0,-0.0037867027553158137
3.9666626999999997,141.33333333333334,103.66666666666667,87.0,-0.7977071930043158
3.999996,141.0,103.33333333333333,87.0,-1.1323094643114702
4.0333293,141.0,103.66666666666667,86.66666666666667,-1.099193167558819
4.0666626,140.66666666666666,104.0,87.0,-0.9247554914860568
4.0999959,140.66666666666666,103.66666666666667,87.0,-0.810986293820934
4.1333291999999995,141.0,103.66666666666667,87.33333333333333,-0.8258203652422762
4.1666625,141.66666666666666,103.66666666666667,86.66666666666667,-0.9019823808644841
4.1999958,141.33333333333334,104.0,87.33333333333333,-0.9176818699678454
4.2333291,141.0,103.66666666666667,87.0,-0.7886753838635627
4.2666623999999995,141.33333333333334,103.66666666666667,86.66666666666667,-0.5186347029618046
4.2999957,141.0,104.33333333333333,87.33333333333333,-0.19267723709704995
4.333329,141.33333333333334,104.0,87.33333333333333,0.07096373297956705
4.3666623,141.0,104.0,87.33333333333333,0.18116959418589573
4.3999956,141.0,104.33333333333333,87.0,0.12124914640439552
4.433328899999999,141.0,104.0,87.33333333333333,-0.03241745390455491
4.4666622,141.33333333333334,104.0,87.33333333333333,-0.13665370413380887
4.4999955,141.0,104.0,87.66666666666667,-0.0529316821408813
4.5333288,141.33333333333334,104.66666666666667,87.66666666666667,0.273730474868577
4.566662099999999,141.0,104.0,87.66666666666667,0.7783369397257028
4.5999954,141.33333333333334,105.0,87.66666666666667,1.3007853195803047
4.6333287,142.0,105.33333333333333,88.66666666666667,1.6535688809096338
4.666662,141.33333333333334,104.33333333333333,87.33333333333333,1.696403389988714
4.699995299999999,140.66666666666666,103.66666666666667,86.66666666666667,1.386454584653206
4.7333286,140.0,102.66666666666667,85.66666666666667,0.7916413520206859
4.7666619,139.33333333333334,101.66666666666667,85.0,0.0685856408144791
4.7999952,139.33333333333334,101.33333333333333,84.66666666666667,-0.5874482518999915
4.8333284999999995,139.0,101.0,84.33333333333333,-1.0040386289687684
4.8666618,139.0,101.0,84.33333333333333,-1.082426523647583
4.8999951,139.33333333333334,101.0,84.0,-0.8259138555718879
4.9333284,139.33333333333334,101.0,85.0,-0.3466727222410785
4.9666616999999995,138.66666666666666,101.33333333333333,84.66666666666667,0.15364613625730736
4.999995,139.0,101.33333333333333,84.66666666666667,0.44488464215695595
5.0333283,139.0,101.66666666666667,84.66666666666667,0.3670949991803919
5.0666616,139.0,101.33333333333333,84.66666666666667,-0.08069378357586553
5.0999948999999996,139.0,101.0,85.0,-0.7243392593260217
5.133328199999999,139.0,101.0,84.66666666666667,-1.2916536403772092
5.1666615,139.16666666666666,101.0,85.0,-1.5402508877907017
5.1999948,139.33333333333334,101.0,84.66666666666667,-1.3655475347308683
5.2333281,139.0,101.33333333333333,85.0,-0.8382193603825414
5.266661399999999,139.33333333333334,101.66666666666667,85.0,-0.1621074405839719
5.2999947,139.33333333333334,101.66666666666667,85.33333333333333,0.4179286878637455
5.333328,139.0,101.66666666666667,85.33333333333333,0.7123032849884275
5.3666613,139.0,102.0,85.33333333333333,0.6536895470031181
5.399994599999999,139.66666666666666,102.0,85.33333333333333,0.3186195044249684
5.4333279,139.66666666666666,102.0,85.66666666666667,-0.10738550821615019
5.4666612,139.66666666666666,101.66666666666667,85.66666666666667,-0.4170972601254541
5.4999945,139.33333333333334,102.0,85.66666666666667,-0.4813073123877656
5.5333277999999995,139.33333333333334,102.0,85.66666666666667,-0.30358637999846283
5.5666611,139.66666666666666,102.0,86.0,-0.0024583474555120747
5.5999944,140.0,102.66666666666667,86.0,0.2626688428001576
5.6333277,139.33333333333334,102.66666666666667,86.0,0.38421680266346425
5.6666609999999995,139.66666666666666,102.33333333333333,86.33333333333333,0.370950029589695
5.699994299999999,139.66666666666666,102.33333333333333,86.0,0.34087890391719794
5.7333276,139.66666666666666,102.33333333333333,86.33333333333333,0.4420997666906875
5.7666609,139.66666666666666,102.66666666666667,85.66666666666667,0.7556357589586409
5.7999941999999995,140.0,102.66666666666667,86.0,1.2384157383578147
5.833327499999999,140.0,102.66666666666667,86.33333333333333,1.724683018276035
5.8666608,139.66666666666666,102.66666666666667,85.66666666666667,1.9787657722089498
5.8999941,139.66666666666666,103.0,86.0,1.789936150151716
5.9333274,139.66666666666666,102.66666666666667,86.33333333333333,1.0810332686150943
5.966660699999999,139.33333333333334,102.66666666666667,86.33333333333333,-0.02641510264512116
5.999994,139.66666666666666,102.33333333333333,86.33333333333333,-1.2383273822686547
6.0333273,140.0,102.0,86.33333333333333,-2.2040097222500634
6.0666606,139.66666666666666,101.66666666666667,86.0,-2.667037236693218
6.099993899999999,139.33333333333334,101.66666666666667,85.33333333333333,-2.5666203654134088
6.1333272,139.0,101.66666666666667,85.33333333333333,-2.0291041158094996
6.1666605,139.33333333333334,102.0,85.0,-1.2663602612067648
6.1999938,138.66666666666666,101.66666666666667,85.66666666666667,-0.46407277806384634
6.2333270999999995,139.0,101.66666666666667,85.33333333333333,0.26397876931635345
6.266660399999999,138.66666666666666,101.66666666666667,85.33333333333333,0.8494824892234639
6.2999937,139.0,102.33333333333333,85.66666666666667,1.2285389040110506
6.333327,138.66666666666666,102.33333333333333,85.66666666666667,1.3418340481908166
6.3666602999999995,139.66666666666666,102.66666666666667,85.66666666666667,1.1757166467126803
6.399993599999999,139.66666666666666,102.66666666666667,86.0,0.7976706195826198
6.4333269,139.33333333333334,102.33333333333333,86.0,0.3461937966063788
6.4666602,139.33333333333334,102.66666666666667,86.33333333333333,-0.023728914807428884
6.4999934999999995,139.66666666666666,102.33333333333333,86.16666666666667,-0.20693424374980754
6.533326799999999,139.33333333333334,102.33333333333333,86.0,-0.18958473134452955
6.5666601,139.33333333333334,102.66666666666667,86.0,-0.04246209326728158
6.5999934,139.33333333333334,102.66666666666667,86.0,0.13026303466582895
6.6333267,139.0,102.0,86.0,0.2501271338923658
6.666659999999999,139.0,102.33333333333333,85.33333333333333,0.29140051361827285
6.6999933,139.33333333333334,102.33333333333333,86.0,0.270289128133512
6.7333266,139.33333333333334,102.33333333333333,85.33333333333333,0.2175021061515705
6.7666599,139.33333333333334,102.33333333333333,85.66666666666667,0.1536144758026712
6.799993199999999,139.0,102.33333333333333,86.0,0.0776072592495423
6.8333265,139.33333333333334,102.33333333333333,85.66666666666667,-0.026411543532726886
6.8666598,138.66666666666666,102.66666666666667,86.0,-0.16759846003579112
6.8999931,139.0,102.33333333333333,86.5,-0.32952517171423884
6.9333263999999994,139.0,102.33333333333333,86.33333333333333,-0.4769976448405896
6.966659699999999,139.33333333333334,103.0,87.0,-0.5871113123549251
6.999993,139.33333333333334,102.66666666666667,87.0,-0.671682249326816
7.0333263,139.33333333333334,103.33333333333333,87.0,-0.7633631854714793
7.0666595999999995,139.33333333333334,103.0,87.0,-0.8748922789644663
7.099992899999999,139.66666666666666,103.0,87.33333333333333,-0.9700532986479135
7.1333262,139.33333333333334,103.0,87.0,-0.9764948916963954
7.1666595,139.33333333333334,103.0,87.33333333333333,-0.8312153476928399
7.1999927999999995,139.33333333333334,103.33333333333333,87.66666666666667,-0.5229202622965641
7.233326099999999,139.0,103.0,87.33333333333333,-0.1040125318456301
7.2666594,139.33333333333334,103.33333333333333,87.0,0.33335059061710703
7.2999927,139.0,103.33333333333333,87.33333333333333,0.7039196284449057
7.333326,139.0,103.33333333333333,87.0,0.970037818060814
7.366659299999999,139.0,103.0,87.0,1.1463603585804278
7.3999926,139.0,103.0,87.0,1.2631648375089435
7.4333259,139.33333333333334,103.33333333333333,87.33333333333333,1.3205838303597393
7.4666592,138.66666666666666,103.33333333333333,86.66666666666667,1.2800485289839478
7.499992499999999,139.0,103.0,86.66666666666667,1.1046446888602708
7.533325799999999,139.0,103.0,86.66666666666667,0.8079515877889132
7.5666591,139.0,102.66666666666667,86.66666666666667,0.4625160696138412
7.5999924,139.0,102.66666666666667,86.33333333333333,0.16259017671697368
7.633325699999999,138.66666666666666,102.66666666666667,86.66666666666667,-0.024070011640339197
7.666658999999999,138.66666666666666,102.33333333333333,86.0,-0.08249160609954714
7.6999923,138.66666666666666,102.33333333333333,86.33333333333333,-0.04825101463673999
7.7333256,139.0,102.66666666666667,85.66666666666667,0.012678231920415494
7.7666588999999995,139.0,102.0,86.33333333333333,0.029751163044279643
7.799992199999999,138.33333333333334,102.66666666666667,86.0,-0.047675781116497847
7.8333255,138.66666666666666,102.0,86.0,-0.22941744331965191
7.8666588,138.33333333333334,102.33333333333333,86.0,-0.47460177163152656
7.8999920999999995,138.33333333333334,102.0,86.66666666666667,-0.7072941927778121
7.933325399999999,138.66666666666666,102.0,86.0,-0.8571401149477094
7.9666587,138.33333333333334,102.0,86.0,-0.8974708617855197
7.999992,138.33333333333334,102.0,85.66666666666667,-0.8502794676751867
8.0333253,138.33333333333334,102.0,86.0,-0.7583422224830701
8.0666586,138.0,101.66666666666667,85.66666666666667,-0.6553072856891745
8.0999919,138.0,101.66666666666667,85.66666666666667,-0.5594879738739124
8.1333252,138.33333333333334,101.66666666666667,85.33333333333333,-0.4873869228383149
8.166658499999999,138.33333333333334,102.0,86.0,-0.4640654971904122
8.1999918,138.33333333333334,102.0,85.66666666666667,-0.5127880039189613
8.2333251,138.33333333333334,102.33333333333333,86.0,-0.6277743352915574
8.266658399999999,138.33333333333334,102.0,86.66666666666667,-0.7555618204264932
8.2999917,138.33333333333334,102.0,85.66666666666667,-0.8092098370993474
8.333325,138.33333333333334,102.0,86.0,-0.7103581924734784
8.3666583,138.33333333333334,102.0,86.0,-0.4296882412861241
8.3999916,138.33333333333334,102.66666666666667,86.66666666666667,-0.0010378812089406172
8.433324899999999,138.33333333333334,102.33333333333333,86.33333333333333,0.49544942273690284
8.4666582,139.0,103.0,86.66666666666667,0.9686763815308026
8.4999915,138.66666666666666,103.0,86.66666666666667,1.3517868097047507
8.533324799999999,138.66666666666666,103.0,86.33333333333333,1.6217297637032402
8.5666581,138.33333333333334,102.66666666666667,86.66666666666667,1.7917032737040142
8.5999914,139.0,103.0,87.0,1.8769195275413553
8.6333247,139.0,103.66666666666667,87.66666666666667,1.8610108209046123
8.666658,139.66666666666666,104.33333333333333,88.33333333333333,1.7006221237651964
8.699991299999999,139.33333333333334,104.0,88.33333333333333,1.3701472894753666
8.7333246,139.66666666666666,104.0,88.66666666666667,0.9035989584853187
8.7666579,139.66666666666666,104.0,88.66666666666667,0.3932704397725438
8.7999912,139.33333333333334,103.66666666666667,88.0,-0.053494572597631414
8.8333245,139.66666666666666,103.33333333333333,88.0,-0.3698071445984892
8.866657799999999,139.66666666666666,103.33333333333333,87.66666666666667,-0.5661288056202685
8.8999911,139.33333333333334,103.66666666666667,88.0,-0.7240822536027934
8.9333244,139.33333333333334,103.33333333333333,88.0,-0.9424357748477021
8.966657699999999,139.33333333333334,103.33333333333333,88.0,-1.267726010797454
8.999991,139.66666666666666,103.33333333333333,87.66666666666667,-1.6585148928246563
9.0333243,139.66666666666666,103.0,88.0,-2.005704283877138
9.0666576,139.33333333333334,103.0,87.66666666666667,-2.190133350941504
9.0999909,139.33333333333334,103.0,87.66666666666667,-2.1360444398853127
9.133324199999999,139.33333333333334,103.0,87.33333333333333,-1.829387532773483
9.1666575,139.0,103.0,87.33333333333333,-1.303953373868297
9.1999908,139.0,103.0,88.0,-0.6224931459203594
9.233324099999999,139.33333333333334,103.33333333333333,88.0,0.12823369199453497
9.2666574,139.33333333333334,103.33333333333333,87.66666666666667,0.838258332625741
9.2999907,139.0,103.66666666666667,87.66666666666667,1.3959345560905931
9.333324,139.0,103.66666666666667,88.0,1.7328272572115888
9.3666573,139.33333333333334,103.66666666666667,88.0,1.8572884462554844
9.399990599999999,139.66666666666666,103.66666666666667,87.66666666666667,1.840257308506211
9.4333239,139.33333333333334,103.66666666666667,87.66666666666667,1.759093881230358
9.4666572,139.0,103.33333333333333,87.33333333333333,1.6413667003345547
9.4999905,139.0,103.33333333333333,88.33333333333333,1.4445755703405632
9.5333238,138.66666666666666,103.33333333333333,88.0,1.0822390712379975
9.566657099999999,139.33333333333334,103.66666666666667,88.0,0.4874280410993099
9.5999904,139.33333333333334,103.66666666666667,88.66666666666667,-0.316312505867656
9.6333237,139.66666666666666,103.66666666666667,88.66666666666667,-1.1846839751040918
9.666656999999999,140.0,103.33333333333333,88.66666666666667,-1.8948219168261577
9.6999903,140.0,103.66666666666667,89.0,-2.240413198443389
9.7333236,139.66666666666666,103.66666666666667,88.66666666666667,-2.119604888786788
9.7666569,140.0,103.66666666666667,88.66666666666667,-1.5674384173791405
9.7999902,140.33333333333334,104.33333333333333,89.0,-0.7328224954580828
9.833323499999999,140.66666666666666,104.33333333333333,89.33333333333333,0.17051955465503116
9.8666568,142.0,105.66666666666667,90.33333333333333,0.9196306730109022
9.8999901,142.0,106.33333333333333,91.0,1.3435897170658717
9.933323399999999,142.0,106.33333333333333,91.33333333333333,1.3830243580394583
9.9666567,142.33333333333334,106.33333333333333,91.33333333333333,1.1141491337490537
9.99999,142.0,105.66666666666667,91.33333333333333,0.7048385712339001
10.0333233,141.33333333333334,105.33333333333333,90.0,0.3207787520761522
10.0666566,141.66666666666666,105.33333333333333,89.66666666666667,0.04592292654400159
10.099989899999999,141.33333333333334,105.0,90.0,-0.1334919161968347
10.1333232,140.66666666666666,105.0,89.66666666666667,-0.2843430587264793
10.1666565,140.66666666666666,104.66666666666667,89.33333333333333,-0.45919754953306524
10.199989799999999,141.0,104.66666666666667,89.66666666666667,-0.6507081984956282
10.2333231,140.66666666666666,104.66666666666667,89.66666666666667,-0.7962138377308134
10.266656399999999,140.66666666666666,104.66666666666667,90.33333333333333,-0.8232537690240793
10.2999897,141.0,105.0,90.0,-0.6970736212424274
10.333323,140.66666666666666,105.0,89.66666666666667,-0.4376258588079363
10.366656299999999,140.66666666666666,104.66666666666667,89.66666666666667,-0.10539048171765804
10.3999896,140.83333333333334,104.66666666666667,89.33333333333333,0.22111263302128567
10.4333229,141.0,105.0,89.33333333333333,0.46211462037097223
10.4666562,141.0,105.0,89.0,0.554994330933585
10.4999895,141.0,105.0,89.33333333333333,0.4767733023036169
10.533322799999999,141.0,104.66666666666667,89.33333333333333,0.2541012363184621
10.5666561,140.66666666666666,105.0,89.66666666666667,-0.04989996937108304
10.5999894,140.66666666666666,104.66666666666667,90.0,-0.3591457238634822
10.633322699999999,140.66666666666666,104.66666666666667,89.33333333333333,-0.6002003423869356
10.666656,140.33333333333334,104.66666666666667,89.33333333333333,-0.7065188393481884
10.699989299999999,140.33333333333334,104.33333333333333,89.33333333333333,-0.6241750125764608
10.7333226,141.0,104.33333333333333,89.33333333333333,-0.3342375010402834
10.7666559,140.33333333333334,104.66666666666667,89.0,0.11700211173144437
10.799989199999999,140.33333333333334,104.33333333333333,89.0,0.6137408800585719
10.8333225,140.33333333333334,104.66666666666667,89.0,1.0085894669635955
10.8666558,140.33333333333334,104.33333333333333,89.33333333333333,1.1797738806555444
10.899989099999999,140.0,104.66666666666667,89.0,1.0757916828445089
10.9333224,140.33333333333334,104.0,88.66666666666667,0.7315988895491683
10.966655699999999,140.33333333333334,104.0,88.66666666666667,0.25297938310591817
10.999989,140.0,104.0,89.0,-0.22023076493962573
11.0333223,140.0,104.0,88.66666666666667,-0.5492289341263685
11.066655599999999,140.0,103.66666666666667,88.66666666666667,-0.6201910668317545
11.0999889,140.0,103.66666666666667,88.33333333333333,-0.37078105127255023
11.1333222,139.66666666666666,103.33333333333333,88.0,0.17326679197389058
11.1666555,139.66666666666666,103.33333333333333,88.33333333333333,0.8718942649828283
11.1999888,139.66666666666666,103.66666666666667,88.0,1.488615769042737
11.233322099999999,139.66666666666666,103.66666666666667,87.66666666666667,1.7689044130745097
11.2666554,139.33333333333334,103.66666666666667,88.0,1.5519542726799904
11.2999887,139.66666666666666,103.0,88.0,0.8513447698778753
11.333321999999999,139.66666666666666,103.33333333333333,87.66666666666667,-0.14581068081078932
11.3666553,139.66666666666666,103.0,88.0,-1.1539489616137066
11.399988599999999,139.66666666666666,103.0,88.0,-1.8928795623852517
11.4333219,139.66666666666666,102.66666666666667,87.66666666666667,-2.1805390927737607
11.4666552,139.33333333333334,102.66666666666667,88.0,-1.988783029883969
11.499988499999999,139.66666666666666,103.0,87.33333333333333,-1.4425357870638513
11.5333218,139.66666666666666,103.0,87.66666666666667,-0.7609845568899118
11.5666551,139.33333333333334,103.0,87.33333333333333,-0.16920236272782946
11.599988399999999,139.66666666666666,103.0,87.66666666666667,0.17818295347715052
11.6333217,139.33333333333334,103.33333333333333,87.66666666666667,0.23342726454129836
11.666654999999999,139.66666666666666,103.0,88.0,0.046255980920630144
11.6999883,139.66666666666666,103.0,88.0,-0.2800588765534821
11.7333216,139.66666666666666,103.33333333333333,88.0,-0.6377128894569126
11.766654899999999,138.66666666666666,102.66666666666667,87.33333333333333,-0.935643805009208
11.7999882,138.66666666666666,102.33333333333333,86.66666666666667,-1.09457755275414
11.8333215,139.0,102.0,87.0,-1.0508397936428593
11.8666548,138.66666666666666,102.66666666666667,86.66666666666667,-0.7797828353511943
11.8999881,139.0,103.0,87.33333333333333,-0.30655415269779773
11.933321399999999,138.66666666666666,102.66666666666667,86.66666666666667,0.31116876659529863
11.9666547,138.66666666666666,102.33333333333333,86.33333333333333,0.9962427085060495
11.999988,138.33333333333334,102.33333333333333,86.33333333333333,1.6397019380531517
12.033321299999999,138.33333333333334,102.66666666666667,86.66666666666667,2.0979348535076543
12.0666546,138.0,103.0,86.33333333333333,2.2423270641130353
12.099987899999999,138.66666666666666,103.0,86.66666666666667,2.039798353592716
12.1333212,139.0,102.66666666666667,87.0,1.5873975053630947
12.1666545,139.33333333333334,103.33333333333333,86.66666666666667,1.0593190785301538
12.199987799999999,139.0,103.0,87.66666666666667,0.6121237109449558
12.2333211,139.33333333333334,103.33333333333333,87.33333333333333,0.32357785278841583
12.2666544,139.0,103.33333333333333,87.0,0.1917281643995965
12.299987699999999,139.33333333333334,103.0,87.0,0.16554459568644714
12.333321,139.0,102.66666666666667,86.66666666666667,0.168093805918339
12.366654299999999,139.0,103.0,87.0,0.10753664676177692
12.3999876,139.0,103.33333333333333,86.66666666666667,-0.09710463601987666
12.4333209,139.0,102.66666666666667,86.33333333333333,-0.47146930385396396
12.466654199999999,139.0,102.33333333333333,86.66666666666667,-0.960703369730951
12.4999875,138.66666666666666,103.0,86.66666666666667,-1.4473116679528113
12.533320799999998,138.66666666666666,102.33333333333333,86.66666666666667,-1.7916530067639904
12.5666541,139.0,102.66666666666667,86.66666666666667,-1.8748990195941153
12.5999874,139.33333333333334,102.66666666666667,86.66666666666667,-1.6447247292917124
12.633320699999999,139.0,103.0,87.0,-1.1514695020580388
12.666654,139.0,102.66666666666667,87.33333333333333,-0.5458018838199686
12.6999873,139.33333333333334,103.66666666666667,87.0,-0.024617412874680472
12.733320599999999,139.66666666666666,103.66666666666667,87.66666666666667,0.2549438717187273
12.7666539,139.66666666666666,103.66666666666667,87.66666666666667,0.24649077480494702
12.799987199999999,139.33333333333334,103.33333333333333,87.33333333333333,0.02577008363321341
12.8333205,139.66666666666666,103.33333333333333,87.66666666666667,-0.2616475421429969
12.8666538,140.0,103.66666666666667,87.33333333333333,-0.4761854839848561
12.899987099999999,140.0,103.66666666666667,87.33333333333333,-0.5350183042951149
12.9333204,140.0,104.0,88.0,-0.418189096075212
12.9666537,140.0,104.0,88.33333333333333,-0.14699769589247724
12.999986999999999,140.0,104.33333333333333,88.33333333333333,0.23720798790248154
13.0333203,140.33333333333334,104.33333333333333,88.33333333333333,0.6806960103960669
13.066653599999999,140.33333333333334,104.33333333333333,88.66666666666667,1.116147879079599
13.0999869,140.33333333333334,105.0,88.33333333333333,1.4674184851323027
13.1333202,140.33333333333334,104.33333333333333,88.0,1.671280128683897
13.166653499999999,140.66666666666666,105.0,88.33333333333333,1.7042738764858267
13.1999868,140.66666666666666,104.66666666666667,88.66666666666667,1.5874480961705653
13.233320099999998,140.66666666666666,104.66666666666667,88.33333333333333,1.3608939822630937
13.2666534,140.33333333333334,104.33333333333333,88.33333333333333,1.052090751269835
13.2999867,140.0,104.33333333333333,87.66666666666667,0.6687534436017684
13.333319999999999,140.33333333333334,104.0,88.0,0.22012242912067734
13.3666533,139.66666666666666,103.66666666666667,87.66666666666667,-0.260270555200886
13.3999866,139.66666666666666,103.0,87.33333333333333,-0.7155766487954845
13.433319899999999,139.33333333333334,102.66666666666667,86.33333333333333,-1.0856226384850043
13.4666532,139.33333333333334,102.66666666666667,86.66666666666667,-1.3245164799021056
13.499986499999999,139.66666666666666,102.66666666666667,86.66666666666667,-1.408162891569147
13.5333198,139.66666666666666,103.0,87.33333333333333,-1.3399717029502822
13.5666531,140.33333333333334,103.33333333333333,87.33333333333333,-1.1565051251880427
13.599986399999999,140.33333333333334,103.33333333333333,87.33333333333333,-0.9209566630733699
13.6333197,140.0,103.66666666666667,87.33333333333333,-0.6971743332491793
13.666653,140.0,103.66666666666667,87.66666666666667,-0.5191209449198465
13.699986299999999,140.0,103.33333333333333,88.0,-0.3837736561015159
13.7333196,139.66666666666666,103.0,87.33333333333333,-0.27329854318507735
13.766652899999999,139.33333333333334,103.33333333333333,86.33333333333333,-0.17405447638620672
13.7999862,139.0,101.66666666666667,85.66666666666667,-0.06731901982757556
13.8333195,138.0,100.66666666666667,84.33333333333333,0.08309316347017914
13.866652799999999,137.66666666666666,99.66666666666667,83.0,0.31200296248814946
13.8999861,137.33333333333334,99.33333333333333,82.66666666666667,0.6149105104733701
13.933319399999998,137.33333333333334,99.33333333333333,82.33333333333333,0.92869599179248
13.9666527,137.0,99.0,82.33333333333333,1.1486911122874144
13.999986,136.33333333333334,98.66666666666667,81.66666666666667,1.1736987937908372
14.033319299999999,136.0,98.66666666666667,82.0,0.9576775470426467
14.0666526,136.33333333333334,98.66666666666667,82.0,0.5411533656724631
14.0999859,136.0,98.0,81.66666666666667,0.040100504455698335
14.133319199999999,136.0,98.0,81.66666666666667,-0.40706651676974226
14.1666525,136.0,98.0,82.0,-0.7045209229200671
14.199985799999999,136.0,98.0,81.66666666666667,-0.8357490718865248
14.2333191,136.33333333333334,98.33333333333333,82.0,-0.8496687457431573
14.2666524,136.66666666666666,98.33333333333333,82.0,-0.8075887954651383
14.299985699999999,137.0,99.33333333333333,82.66666666666667,-0.7287042215348737
14.333319,138.0,99.66666666666667,83.33333333333333,-0.5748116677303086
14.3666523,138.66666666666666,100.33333333333333,84.66666666666667,-0.2917247258395845
14.399985599999999,139.0,101.0,84.33333333333333,0.12052653997149458
14.4333189,139.33333333333334,101.33333333333333,84.66666666666667,0.5708626160033299
14.466652199999999,139.0,101.0,84.33333333333333,0.9117406107525172
14.4999855,138.66666666666666,100.66666666666667,83.66666666666667,1.0205942709184799
14.5333188,138.33333333333334,100.0,83.66666666666667,0.871123451109347
14.566652099999999,138.33333333333334,100.66666666666667,83.66666666666667,0.5530346132964413
14.5999854,138.66666666666666,100.0,84.0,0.23085609886514585
14.633318699999998,139.0,100.0,83.66666666666667,0.06214513439082311
14.666652,138.66666666666666,100.33333333333333,83.33333333333333,0.11977036171589892
14.6999853,138.66666666666666,99.66666666666667,83.33333333333333,0.36217476787547176
14.733318599999999,137.66666666666666,99.0,82.33333333333333,0.6597089887609562
14.7666519,136.33333333333334,97.66666666666667,81.0,0.8534823937976294
14.7999852,135.0,96.66666666666667,80.0,0.8208823711878269
14.833318499999999,134.33333333333334,95.66666666666667,79.33333333333333,0.5244531231668689
14.8666518,132.66666666666666,94.33333333333333,78.33333333333333,0.023365735381560556
14.899985099999999,132.66666666666666,94.0,77.66666666666667,-0.5542979409395518
14.9333184,132.33333333333334,93.66666666666667,78.0,-1.0594228603614873
14.9666517,132.66666666666666,94.0,78.0,-1.3682700773778917
14.999984999999999,133.66666666666666,94.66666666666667,78.66666666666667,-1.4134503007689359
15.0333183,134.33333333333334,95.66666666666667,79.33333333333333,-1.1949056564107394
15.066651599999998,134.66666666666666,95.33333333333333,79.66666666666667,-0.7773100354343896
15.099984899999999,135.0,96.0,79.66666666666667,-0.279252465450375
15.1333182,134.66666666666666,96.0,79.33333333333333,0.15515938924056233
15.166651499999999,134.66666666666666,96.0,79.33333333333333,0.40679554588220895
15.1999848,135.0,96.0,79.66666666666667,0.42729063287558444
15.2333181,134.66666666666666,96.0,79.66666666666667,0.24508619270598553
15.266651399999999,135.33333333333334,96.0,79.66666666666667,-0.06721799899871173
15.2999847,135.0,96.0,79.33333333333333,-0.42954795510259475
15.333317999999998,135.0,96.33333333333333,80.0,-0.7681059233719814
15.3666513,136.0,96.66666666666667,80.33333333333333,-1.0114014148936137
15.3999846,135.66666666666666,96.66666666666667,80.33333333333333,-1.0909837512327043
15.433317899999999,136.33333333333334,97.0,80.66666666666667,-0.9567973673959349
15.4666512,136.66666666666666,97.66666666666667,81.0,-0.596972286143271
15.4999845,136.66666666666666,97.66666666666667,81.0,-0.04860838184064454
15.533317799999999,136.66666666666666,98.33333333333333,82.0,0.6036998422794274
15.5666511,137.33333333333334,98.66666666666667,81.66666666666667,1.2389315072390956
15.599984399999999,137.0,98.66666666666667,82.0,1.720311779707931
15.6333177,138.0,99.0,81.66666666666667,1.9264758234325383
15.666651,137.66666666666666,99.0,82.0,1.7891129795326437
15.699984299999999,137.33333333333334,99.0,82.0,1.3270342308321408
15.7333176,137.66666666666666,99.0,82.0,0.6601920193861525
15.766650899999998,138.0,99.0,82.33333333333333,-0.015342910499880883
15.799984199999999,138.0,98.66666666666667,82.0,-0.4960986331689613
15.8333175,138.0,98.66666666666667,82.0,-0.6567932845589872
15.866650799999999,138.0,98.66666666666667,81.66666666666667,-0.5041397869562443
15.8999841,137.66666666666666,98.66666666666667,81.66666666666667,-0.1645817626993067
15.9333174,137.33333333333334,98.66666666666667,81.66666666666667,0.18593803779146173
15.966650699999999,137.33333333333334,99.0,82.0,0.404995290934926
15.999984,138.0,98.66666666666667,82.33333333333333,0.4291976124686735
16.0333173,137.66666666666666,98.66666666666667,82.0,0.26675880334576085
16.0666506,137.33333333333334,99.0,81.66666666666667,-0.02997659443753446
16.099983899999998,138.0,99.0,82.0,-0.37661147249434745
16.1333172,137.66666666666666,98.33333333333333,81.66666666666667,-0.6666937011980609
16.1666505,137.33333333333334,98.33333333333333,82.0,-0.8104244278623836
16.1999838,137.83333333333334,98.66666666666667,81.66666666666667,-0.7859248020558495
16.2333171,137.66666666666666,98.66666666666667,81.66666666666667,-0.6541977595792963
16.2666504,137.66666666666666,98.66666666666667,81.66666666666667,-0.520994853507924
16.2999837,137.33333333333334,98.33333333333333,81.66666666666667,-0.47612554868449025
16.333316999999997,137.66666666666666,98.66666666666667,81.66666666666667,-0.5486499973115144
16.3666503,137.66666666666666,98.66666666666667,82.0,-0.6937435137415386
16.3999836,137.66666666666666,98.66666666666667,81.66666666666667,-0.8089368507169186
16.433316899999998,137.66666666666666,98.66666666666667,81.66666666666667,-0.7741174645370038
16.4666502,138.0,98.66666666666667,82.0,-0.5076918783447752
16.4999835,138.0,99.0,82.0,-0.019606435084811767
16.533316799999998,138.0,99.0,82.0,0.5712628326128887
16.5666501,138.0,99.33333333333333,82.0,1.078904613797967
16.5999834,138.33333333333334,99.66666666666667,82.0,1.3373592168302462
16.633316699999998,138.66666666666666,99.66666666666667,82.66666666666667,1.2824467466912486
16.66665,138.33333333333334,99.33333333333333,82.33333333333333,0.9773149989670472
16.6999833,138.66666666666666,99.66666666666667,82.33333333333333,0.5734274400317688
16.7333166,138.33333333333334,99.33333333333333,82.33333333333333,0.2411127269031828
16.7666499,138.66666666666666,99.66666666666667,82.33333333333333,0.10617129904933967
16.7999832,138.66666666666666,99.33333333333333,82.33333333333333,0.20733785057345389
16.8333165,138.66666666666666,99.66666666666667,82.66666666666667,0.4807263124353312
16.866649799999998,138.33333333333334,99.66666666666667,82.66666666666667,0.7816337603658621
16.8999831,138.0,99.66666666666667,82.66666666666667,0.9441429396773153
16.9333164,138.33333333333334,99.33333333333333,82.33333333333333,0.850579923622676
16.966649699999998,138.0,99.0,82.0,0.47196165818582375
16.999983,137.66666666666666,99.0,81.66666666666667,-0.13154463859500046
17.0333163,137.66666666666666,98.66666666666667,81.66666666666667,-0.8323196014761354
17.066649599999998,137.66666666666666,98.66666666666667,81.66666666666667,-1.467174773094496
17.0999829,137.66666666666666,98.33333333333333,81.33333333333333,-1.8815024485555896
17.1333162,137.33333333333334,98.33333333333333,81.33333333333333,-1.9788355847235033
17.1666495,137.33333333333334,98.33333333333333,81.33333333333333,-1.7550509252518982
17.1999828,137.66666666666666,98.33333333333333,81.33333333333333,-1.3005448860156907
17.2333161,137.0,98.66666666666667,81.33333333333333,-0.7673818852501691
17.2666494,137.66666666666666,98.66666666666667,81.33333333333333,-0.31249607893288933
17.299982699999997,138.0,98.66666666666667,81.33333333333333,-0.04155846577616051
17.333316,137.33333333333334,99.0,81.33333333333333,0.025108311367980876
17.3666493,137.0,98.66666666666667,81.66666666666667,-0.04013209634969137
17.399982599999998,137.66666666666666,98.66666666666667,81.33333333333333,-0.0975718035010543
17.4333159,137.66666666666666,98.66666666666667,81.66666666666667,-0.005241776040081852
17.4666492,137.66666666666666,99.0,81.66666666666667,0.3043137551772829
17.499982499999998,137.33333333333334,99.33333333333333,82.0,0.7903669250124282
17.5333158,137.66666666666666,99.0,81.33333333333333,1.331779269860898
17.5666491,137.66666666666666,99.0,81.33333333333333,1.7792877970371999
17.5999824,137.66666666666666,99.33333333333333,82.33333333333333,1.9954600602973964
17.6333157,137.66666666666666,99.33333333333333,82.0,1.8862877839397056
17.666649,137.66666666666666,99.33333333333333,81.66666666666667,1.4408781788486889
17.6999823,138.0,99.33333333333333,81.0,0.7657624262752759
17.733315599999997,137.66666666666666,99.0,82.0,0.07409048720953872
17.7666489,138.33333333333334,99.33333333333333,82.0,-0.39460436846161595
17.7999822,138.0,98.66666666666667,82.0,-0.49587420783048974
17.833315499999998,138.0,99.33333333333333,82.0,-0.26675976710585036
17.8666488,138.0,99.66666666666667,82.0,0.09150551792829964
17.8999821,138.0,99.33333333333333,82.33333333333333,0.327891289603075
17.933315399999998,138.33333333333334,99.33333333333333,82.33333333333333,0.27118439816568424
17.9666487,138.0,99.33333333333333,81.33333333333333,-0.1010844011349748
17.999982,138.33333333333334,99.33333333333333,82.0,-0.6686515995700467
18.033315299999998,138.33333333333334,99.0,82.0,-1.228577008292745
18.0666486,138.0,99.33333333333333,81.66666666666667,-1.5830722956163723
18.0999819,138.66666666666666,99.0,82.33333333333333,-1.6209225332853001
18.1333152,138.66666666666666,99.66666666666667,82.0,-1.3579494710974445
18.1666485,138.0,99.33333333333333,82.0,-0.9187958751660636
18.1999818,138.66666666666666,99.66666666666667,82.33333333333333,-0.4717828602854535
18.2333151,138.66666666666666,99.66666666666667,82.33333333333333,-0.157309874450383
18.266648399999998,138.66666666666666,99.66666666666667,82.33333333333333,-0.04529482054490487
18.2999817,138.66666666666666,100.0,82.33333333333333,-0.12310932593905007
18.333315,138.66666666666666,99.66666666666667,82.66666666666667,-0.30115684261755127
18.366648299999998,138.66666666666666,100.0,82.33333333333333,-0.4362168482446326
18.3999816,139.0,100.0,82.33333333333333,-0.37897961283313064
18.4333149,139.33333333333334,100.0,82.33333333333333,-0.04050724298511108
18.466648199999998,138.66666666666666,100.0,82.33333333333333,0.547857529666995
18.4999815,138.66666666666666,100.0,82.33333333333333,1.2209353077864546
18.5333148,138.66666666666666,100.33333333333333,82.66666666666667,1.7369250231083952
18.5666481,138.66666666666666,100.33333333333333,82.33333333333333,1.8854174894614881
18.5999814,138.66666666666666,100.0,82.33333333333333,1.5912382137470484
18.6333147,138.66666666666666,100.66666666666667,82.33333333333333,0.9600145732933816
18.666648,139.33333333333334,100.0,82.33333333333333,0.23763567126677218
18.699981299999997,139.33333333333334,100.33333333333333,82.33333333333333,-0.3069420053927666
18.7333146,139.0,100.0,83.0,-0.519283293804713
18.7666479,139.0,100.33333333333333,82.66666666666667,-0.4329106129610145
18.799981199999998,138.66666666666666,100.33333333333333,82.66666666666667,-0.22890088780871143
18.8333145,139.0,100.33333333333333,82.66666666666667,-0.11320970997917028
18.8666478,139.0,100.33333333333333,82.66666666666667,-0.19778220163719495
18.899981099999998,139.33333333333334,100.33333333333333,82.66666666666667,-0.45502020822168
18.9333144,139.0,100.33333333333333,82.66666666666667,-0.754046845331118
18.9666477,139.0,100.0,82.66666666666667,-0.9396075662286135
18.999981,139.0,100.33333333333333,82.33333333333333,-0.9057497543913865
19.0333143,138.66666666666666,100.33333333333333,82.66666666666667,-0.6346709736479954
19.0666476,139.0,100.0,82.33333333333333,-0.20009257880450293
19.0999809,139.0,100.33333333333333,83.0,0.25062193173973496
19.133314199999997,138.66666666666666,100.33333333333333,82.33333333333333,0.5370513200592182
19.1666475,139.0,100.66666666666667,82.66666666666667,0.5183790688314336
19.1999808,139.0,100.33333333333333,82.66666666666667,0.17307105055912797
19.233314099999998,139.0,100.33333333333333,82.66666666666667,-0.3686999487843532
19.2666474,139.0,100.33333333333333,83.0,-0.8678916501869965
19.2999807,139.0,100.33333333333333,82.33333333333333,-1.0746774834317987
19.333313999999998,139.33333333333334,100.0,82.66666666666667,-0.8398361244306629
19.3666473,139.0,100.33333333333333,82.66666666666667,-0.19208875688967383
19.3999806,139.0,100.66666666666667,82.33333333333333,0.6657365207269291
19.433313899999998,139.0,100.66666666666667,83.0,1.4521988909238828
19.4666472,138.66666666666666,100.33333333333333,82.33333333333333,1.9390212366423312
19.4999805,139.33333333333334,101.0,82.33333333333333,2.0391775479570042
19.5333138,139.33333333333334,100.66666666666667,83.0,1.8101875990330762
19.566647099999997,139.33333333333334,100.33333333333333,82.33333333333333,1.3862258599999107
19.5999804,139.33333333333334,101.0,83.0,0.8917712432685788
19.6333137,139.0,100.33333333333333,83.66666666666667,0.39544826092419727
19.666646999999998,139.33333333333334,100.66666666666667,83.0,-0.07747152679439381
19.6999803,139.33333333333334,100.66666666666667,83.0,-0.5041307517015303
19.7333136,139.33333333333334,100.33333333333333,83.0,-0.8384148149882087
19.766646899999998,139.66666666666666,100.33333333333333,83.0,-1.0251696579788683
19.7999802,139.66666666666666,100.66666666666667,83.0,-1.041562191897845
19.8333135,139.0,100.33333333333333,83.33333333333333,-0.9246680995961983
19.866646799999998,139.33333333333334,100.33333333333333,83.33333333333333,-0.7603362888126913
19.8999801,139.33333333333334,100.33333333333333,83.0,-0.6455648732597282
19.9333134,139.33333333333334,100.66666666666667,83.33333333333333,-0.6462954595255274
19.9666467,139.33333333333334,100.33333333333333,82.33333333333333,-0.76519078271227
19.99998,139.33333333333334,100.33333333333333,83.0,-0.9375469736376167
20.0333133,139.33333333333334,100.33333333333333,83.0,-1.0684927817317404
20.0666466,140.0,100.33333333333333,82.66666666666667,-1.0937925587792672
20.099979899999997,139.66666666666666,100.66666666666667,83.0,-1.0176482458013827
20.1333132,139.33333333333334,101.0,83.33333333333333,-0.8913423224963987
20.1666465,140.0,100.66666666666667,83.33333333333333,-0.752743799202726
20.199979799999998,139.66666666666666,100.33333333333333,83.0,-0.5918078496842298
20.2333131,139.66666666666666,100.66666666666667,83.0,-0.37189354330527497
20.2666464,139.66666666666666,101.0,83.0,-0.06586686710718595
20.299979699999998,139.66666666666666,100.66666666666667,83.0,0.3350995000864888
20.333313,139.66666666666666,101.0,83.0,0.8278526720425998
20.3666463,139.33333333333334,100.66666666666667,83.0,1.3887435977238354
20.399979599999998,139.66666666666666,101.0,83.33333333333333,1.9487939912769816
20.4333129,140.0,101.0,83.0,2.3779547743376073
20.4666462,140.0,101.33333333333333,83.0,2.5112626987097113
20.4999795,139.33333333333334,101.33333333333333,83.0,2.2305420777260854
20.533312799999997,139.33333333333334,101.0,83.33333333333333,1.5611519289155305
20.5666461,139.66666666666666,100.33333333333333,83.33333333333333,0.6993359967629926
20.5999794,139.33333333333334,100.66666666666667,83.0,-0.07352189993974657
20.633312699999998,139.66666666666666,100.66666666666667,83.0,-0.5344420094407727
20.666646,140.0,100.66666666666667,83.0,-0.6246113848764304
20.6999793,139.33333333333334,100.33333333333333,82.66666666666667,-0.46514014974884593
20.733312599999998,139.33333333333334,100.66666666666667,83.0,-0.28125009379770793
20.7666459,139.66666666666666,101.0,83.33333333333333,-0.2696928853105381
20.7999792,139.66666666666666,100.66666666666667,83.66666666666667,-0.4831280687035917
20.833312499999998,139.66666666666666,100.33333333333333,83.33333333333333,-0.8069217880202134
20.8666458,140.0,101.0,83.0,-1.0388917578002546
20.8999791,140.0,100.66666666666667,82.66666666666667,-1.0120759879899983
20.9333124,140.0,100.66666666666667,83.66666666666667,-0.6913647074737838
20.966645699999997,139.33333333333334,100.66666666666667,82.66666666666667,-0.20485096721812754
20.999979,139.66666666666666,100.33333333333333,83.33333333333333,0.20338852619552425
21.0333123,139.33333333333334,100.66666666666667,83.0,0.28765805829689106
21.066645599999998,139.0,100.66666666666667,83.0,-0.059441035719363516
21.0999789,139.0,100.33333333333333,83.33333333333333,-0.713343135204369
21.1333122,140.0,100.33333333333333,83.0,-1.3483698784725173
21.166645499999998,139.66666666666666,100.33333333333333,83.0,-1.6065843291714905
21.1999788,140.0,100.33333333333333,83.33333333333333,-1.3065804483952108
21.2333121,139.33333333333334,100.66666666666667,82.33333333333333,-0.5489528962438172
21.266645399999998,139.33333333333334,100.66666666666667,83.0,0.35030172427346273
21.2999787,139.33333333333334,100.66666666666667,83.0,1.0423537930227487
21.333312,139.66666666666666,101.0,83.0,1.3188357202985928
21.3666453,139.66666666666666,100.66666666666667,83.0,1.1799577763279985
21.399978599999997,139.33333333333334,100.33333333333333,83.0,0.784867301738962
21.4333119,139.33333333333334,100.66666666666667,82.66666666666667,0.34176939848686094
21.4666452,139.33333333333334,100.33333333333333,83.0,0.013218725667204726
21.499978499999997,139.33333333333334,100.66666666666667,82.33333333333333,-0.1237433702706739
21.5333118,139.0,100.33333333333333,82.66666666666667,-0.07276948061497632
21.5666451,139.0,100.0,83.0,0.09915843910601849
21.599978399999998,139.0,100.0,82.66666666666667,0.2766889692918127
21.6333117,139.0,100.66666666666667,83.0,0.3288316658904023
21.666645,139.0,100.33333333333333,82.33333333333333,0.1782480369302884
21.699978299999998,139.0,100.33333333333333,82.33333333333333,-0.12847868105263405
21.7333116,139.33333333333334,100.33333333333333,82.33333333333333,-0.4180832214362412
21.7666449,139.33333333333334,100.33333333333333,83.0,-0.48003317294158365
21.799978199999998,139.33333333333334,100.33333333333333,82.66666666666667,-0.1992920070475305
21.8333115,139.33333333333334,100.33333333333333,82.66666666666667,0.35180577894416976
21.8666448,139.0,100.66666666666667,82.33333333333333,0.9261454298659741
21.8999781,139.0,100.33333333333333,82.66666666666667,1.220824211785848
21.933311399999997,139.0,100.66666666666667,82.66666666666667,1.0377287366281753
21.9666447,139.33333333333334,100.66666666666667,82.66666666666667,0.3941974229212035
21.999978,139.66666666666666,100.33333333333333,83.0,-0.47893226619432205
22.033311299999998,139.33333333333334,100.33333333333333,83.33333333333333,-1.2492579778021748
22.0666446,139.66666666666666,100.33333333333333,82.33333333333333,-1.6357612241141684
22.0999779,139.66666666666666,100.66666666666667,83.0,-1.515617932672978
22.133311199999998,139.66666666666666,100.66666666666667,82.66666666666667,-0.9440946775028638
22.1666445,139.66666666666666,100.66666666666667,82.66666666666667,-0.10871608500400287
22.1999778,140.0,100.66666666666667,83.0,0.7392498461209523
22.233311099999998,139.33333333333334,101.0,83.0,1.3550659978088648
22.2666444,139.66666666666666,101.0,83.0,1.5716956619907996
22.2999777,140.0,101.0,83.33333333333333,1.3547423806460486
22.333311,140.0,101.0,83.0,0.8087808880246034
22.366644299999997,140.0,101.0,83.0,0.12990271600328812
22.3999776,140.0,101.0,83.33333333333333,-0.4681740884298936
22.4333109,140.0,100.66666666666667,83.0,-0.8293811520311973
22.466644199999998,140.0,100.33333333333333,83.0,-0.9146537280885645
22.4999775,140.0,101.0,83.33333333333333,-0.8141394937045865
22.5333108,139.66666666666666,101.0,83.0,-0.6843882583316089
22.566644099999998,139.66666666666666,100.66666666666667,83.0,-0.6407492284911531
22.5999774,140.0,100.33333333333333,83.33333333333333,-0.6899452847958163
22.6333107,140.33333333333334,101.0,83.66666666666667,-0.7506375685821107
22.666643999999998,139.66666666666666,101.0,83.33333333333333,-0.7193135725756216
22.6999773,139.66666666666666,100.66666666666667,83.0,-0.5196063738763436
22.7333106,139.66666666666666,100.33333333333333,83.0,-0.1316888619294932
22.7666439,140.0,100.66666666666667,83.0,0.3797504901149414
22.799977199999997,139.33333333333334,101.0,83.0,0.8626293518588709
22.8333105,140.0,101.0,83.66666666666667,1.1329006719689174
22.8666438,140.0,101.0,83.33333333333333,1.0670444252995652
22.899977099999997,140.0,101.33333333333333,83.66666666666667,0.6749016412409239
22.9333104,139.66666666666666,100.66666666666667,82.66666666666667,0.11468525455544325
22.9666437,139.66666666666666,100.66666666666667,83.33333333333333,-0.36245488105676826
22.999976999999998,140.33333333333334,100.66666666666667,83.66666666666667,-0.5269239935029053
23.0333103,140.0,101.0,83.66666666666667,-0.2901763731634007
23.0666436,140.0,101.0,83.33333333333333,0.2484887954554643
23.099976899999998,140.0,101.33333333333333,83.33333333333333,0.8622415910328702
23.1333102,140.33333333333334,101.33333333333333,83.66666666666667,1.3195214208501718
23.1666435,140.0,101.33333333333333,83.33333333333333,1.486615392494041
23.199976799999998,140.66666666666666,101.33333333333333,83.33333333333333,1.3557962471590768
23.233310099999997,140.33333333333334,101.33333333333333,83.66666666666667,1.001490344599183
23.2666434,140.66666666666666,101.33333333333333,84.0,0.5095931880308211
23.2999767,140.33333333333334,101.33333333333333,83.66666666666667,-0.06533954853564328
23.333309999999997,140.33333333333334,101.33333333333333,84.0,-0.6877709619619803
23.3666433,140.66666666666666,101.33333333333333,83.33333333333333,-1.29525888984794
23.3999766,140.66666666666666,101.33333333333333,84.16666666666667,-1.7730289987159729
23.433309899999998,140.66666666666666,101.0,84.0,-1.9886174161910246
23.4666432,141.0,101.0,84.0,-1.8713250749648531
23.4999765,140.66666666666666,101.66666666666667,83.66666666666667,-1.4711757478483718
23.533309799999998,140.33333333333334,101.33333333333333,84.0,-0.9417091245856688
23.5666431,141.0,101.33333333333333,83.66666666666667,-0.460457140039528
23.5999764,140.66666666666666,101.66666666666667,83.66666666666667,-0.14944434236663107
23.633309699999998,140.33333333333334,101.33333333333333,84.0,-0.03640248010891113
23.666643,141.0,101.66666666666667,83.66666666666667,-0.05937039238011591
23.6999763,140.66666666666666,101.33333333333333,83.66666666666667,-0.10492592112812159
23.7333096,140.66666666666666,101.66666666666667,83.66666666666667,-0.06179199834201386
23.766642899999997,140.33333333333334,101.66666666666667,84.33333333333333,0.13400196793840805
23.7999762,140.66666666666666,101.33333333333333,84.0,0.4727396346816944
23.8333095,140.66666666666666,101.66666666666667,84.0,0.864868386710863
23.866642799999997,140.33333333333334,101.66666666666667,84.0,1.1688375891899043
23.8999761,140.33333333333334,102.0,84.0,1.2613609191217585
23.9333094,140.66666666666666,101.66666666666667,84.0,1.114932785371057
23.966642699999998,140.66666666666666,101.66666666666667,84.0,0.8213784799460824
23.999976,140.66666666666666,101.66666666666667,84.33333333333333,0.5390826612072099
24.0333093,141.33333333333334,102.0,84.0,0.40406749949183535
24.066642599999998,141.0,102.0,83.66666666666667,0.4638982966086491
24.0999759,141.33333333333334,102.0,84.33333333333333,0.6628093136981495
24.1333092,141.33333333333334,102.0,83.66666666666667,0.8707365597787892
24.1666425,140.66666666666666,102.0,84.66666666666667,0.938488146286304
24.199975799999997,141.0,102.0,84.33333333333333,0.7628052750727583
24.2333091,140.66666666666666,101.83333333333333,84.33333333333333,0.33751247955114083
24.2666424,141.0,101.66666666666667,84.33333333333333,-0.2369529692930951
24.299975699999997,141.0,101.66666666666667,84.33333333333333,-0.7939981958027347
24.333309,141.0,101.66666666666667,84.0,-1.1697318803745425
24.3666423,141.33333333333334,101.66666666666667,84.33333333333333,-1.2662422368630395
24.399975599999998,141.33333333333334,102.0,84.33333333333333,-1.0864182149434198
24.4333089,141.33333333333334,101.66666666666667,84.33333333333333,-0.7333350917476933
24.4666422,141.0,101.66666666666667,84.33333333333333,-0.37479753075297884
24.499975499999998,140.66666666666666,102.0,84.66666666666667,-0.17838882801664532
24.5333088,141.0,101.66666666666667,84.33333333333333,-0.23662180706975774
24.5666421,140.66666666666666,101.66666666666667,84.66666666666667,-0.5199224072620496
24.599975399999998,140.5,101.33333333333333,84.0,-0.8885842083854473
24.633308699999997,140.66666666666666,101.0,84.0,-1.1592740981451413
24.666642,140.66666666666666,101.33333333333333,83.66666666666667,-1.1889962449827733
24.6999753,141.0,101.66666666666667,84.0,-0.9329684001140244
24.733308599999997,141.33333333333334,101.66666666666667,84.33333333333333,-0.45490144417404704
24.7666419,141.0,101.66666666666667,84.0,0.10304047036052104
24.7999752,140.66666666666666,102.0,84.33333333333333,0.5750143880172123
24.833308499999998,140.66666666666666,101.66666666666667,84.66666666666667,0.8344856201352644
24.8666418,140.66666666666666,101.66666666666667,84.33333333333333,0.840487460553794
24.8999751,141.0,102.0,84.0,0.6491418062422207
24.933308399999998,140.66666666666666,101.66666666666667,84.0,0.3914559750900022
24.9666417,140.66666666666666,101.33333333333333,84.0,0.22145431856372247
24.999975,140.66666666666666,101.33333333333333,84.33333333333333,0.2442070031569147
25.033308299999998,140.33333333333334,101.66666666666667,84.0,0.4607510482944484
25.066641599999997,140.33333333333334,101.66666666666667,84.0,0.7719374026821725
25.0999749,140.66666666666666,101.66666666666667,84.33333333333333,1.0364766077079521
25.1333082,141.0,102.0,84.33333333333333,1.1354946617554649
25.166641499999997,140.66666666666666,101.66666666666667,84.33333333333333,1.009042689390661
25.1999748,140.66666666666666,101.66666666666667,84.33333333333333,0.6673526542275783
25.2333081,140.33333333333334,101.66666666666667,84.0,0.19113736034646767
25.266641399999997,140.33333333333334,101.33333333333333,84.0,-0.2806466898439701
25.2999747,141.0,101.33333333333333,84.0,-0.592006722972007
25.333308,140.66666666666666,101.0,84.0,-0.640804360680248
25.366641299999998,140.66666666666666,101.66666666666667,84.0,-0.4402797175856965
25.3999746,140.66666666666666,101.33333333333333,84.33333333333333,-0.1214803349162756
25.4333079,140.66666666666666,101.66666666666667,84.0,0.13208159602763994
25.466641199999998,140.66666666666666,101.66666666666667,84.0,0.17874428727035793
25.4999745,141.0,101.66666666666667,84.33333333333333,-0.012368863057414376
25.5333078,140.66666666666666,101.0,83.66666666666667,-0.356429628830919
25.5666411,140.33333333333334,101.0,84.0,-0.7098261401603078
25.599974399999997,140.33333333333334,101.0,83.66666666666667,-0.9451432723870928
25.6333077,140.0,101.0,83.83333333333333,-0.9978850631995181
25.666641,140.0,100.66666666666667,83.66666666666667,-0.8735265514414501
25.699974299999997,140.33333333333334,100.66666666666667,83.33333333333333,-0.6310918311618166
25.7333076,140.0,101.0,83.66666666666667,-0.356251568267235
25.7666409,140.33333333333334,101.0,83.66666666666667,-0.12678542276001625
25.799974199999998,140.33333333333334,101.0,83.33333333333333,0.020620580734235713
25.8333075,140.66666666666666,101.33333333333333,84.0,0.10477327031921133
25.8666408,140.33333333333334,101.33333333333333,83.66666666666667,0.18486537375557974
25.899974099999998,140.66666666666666,101.0,83.66666666666667,0.32040283397779307
25.9333074,140.66666666666666,101.33333333333333,84.0,0.5255161179790477
25.9666407,141.0,102.0,84.33333333333333,0.7485171412109094
25.999973999999998,141.0,102.33333333333333,84.66666666666667,0.8994663903644704
26.033307299999997,141.0,102.66666666666667,85.0,0.9104845969207179
26.0666406,141.33333333333334,102.33333333333333,85.33333333333333,0.7790945866042885
26.0999739,142.0,102.66666666666667,85.33333333333333,0.5597366847290387
26.133307199999997,142.0,103.33333333333333,85.66666666666667,0.3211778213271233
26.1666405,142.33333333333334,103.33333333333333,86.33333333333333,0.11459234520434658
26.1999738,142.66666666666666,104.33333333333333,86.66666666666667,-0.028673467516848336
26.233307099999998,142.66666666666666,104.66666666666667,87.66666666666667,-0.08847756129117144
26.2666404,143.66666666666666,105.0,88.66666666666667,-0.06441456874090346
26.2999737,143.66666666666666,105.66666666666667,89.33333333333333,-0.0029816949690162783
26.333306999999998,144.0,106.33333333333333,89.33333333333333,-0.004870694463813603
26.3666403,144.66666666666666,106.66666666666667,89.33333333333333,-0.17697128813290855
26.3999736,145.33333333333334,106.66666666666667,90.33333333333333,-0.5540726532727338
26.433306899999998,145.33333333333334,107.33333333333333,90.33333333333333,-1.0544703794066694
26.466640199999997,145.66666666666666,107.33333333333333,91.0,-1.503402987596743
26.4999735,146.0,107.33333333333333,91.0,-1.710528818188779
26.5333068,146.0,107.33333333333333,91.0,-1.5637354529998755
26.566640099999997,145.66666666666666,107.33333333333333,90.66666666666667,-1.0898646295879793
26.5999734,145.66666666666666,107.66666666666667,90.66666666666667,-0.4422584881318724
26.6333067,145.33333333333334,108.0,91.33333333333333,0.1791452914395469
26.666639999999997,145.66666666666666,107.66666666666667,91.0,0.6211172015038737
26.6999733,145.66666666666666,107.33333333333333,90.33333333333333,0.8283355595375329
26.7333066,145.33333333333334,107.66666666666667,90.33333333333333,0.8410860815595603
26.766639899999998,145.66666666666666,107.66666666666667,90.33333333333333,0.7631743245808263
26.7999732,145.33333333333334,107.33333333333333,90.33333333333333,0.7164229837963639
26.8333065,145.33333333333334,107.0,90.0,0.784519996986148
26.866639799999998,145.33333333333334,107.33333333333333,90.0,0.9655803391689487
26.8999731,145.0,107.33333333333333,90.0,1.168492264437517
26.9333064,145.33333333333334,107.33333333333333,90.33333333333333,1.2636330623769947
26.966639699999998,144.66666666666666,107.0,89.33333333333333,1.1575304418434074
26.999972999999997,145.0,107.0,89.66666666666667,0.8466182293770893
27.0333063,145.0,106.66666666666667,89.66666666666667,0.41984668768062283
27.0666396,145.0,107.0,90.33333333333333,0.009746387243909027
27.099972899999997,145.0,107.0,90.0,-0.27592207830026294
27.1333062,145.33333333333334,107.0,90.0,-0.4023076092290877
27.1666395,145.0,106.66666666666667,90.33333333333333,-0.4186818713451089
27.199972799999998,145.33333333333334,107.0,90.0,-0.43346591106376975
27.2333061,145.0,107.0,90.0,-0.5558036880345549
27.2666394,144.66666666666666,106.66666666666667,90.33333333333333,-0.8225594872197138
27.299972699999998,145.0,106.66666666666667,90.0,-1.1550192167290783
27.333306,145.0,106.66666666666667,90.33333333333333,-1.382275121751668
27.3666393,144.66666666666666,106.33333333333333,90.0,-1.3254756857097283
27.399972599999998,145.0,106.66666666666667,90.0,-0.8994372938044104
27.433305899999997,144.66666666666666,106.33333333333333,90.0,-0.17949147841541171
27.4666392,144.33333333333334,106.66666666666667,90.0,0.6037162373272945
27.4999725,144.66666666666666,106.66666666666667,89.66666666666667,1.1487026060466723
27.533305799999997,144.33333333333334,106.66666666666667,89.66666666666667,1.2150247702431558
27.5666391,144.66666666666666,106.66666666666667,89.66666666666667,0.7411081820293222
27.5999724,144.66666666666666,106.66666666666667,90.0,-0.11204614696730267
27.633305699999998,144.66666666666666,106.33333333333333,90.0,-1.0187153444996742
27.666639,145.0,106.0,89.66666666666667,-1.626702209585168
27.6999723,144.66666666666666,106.33333333333333,89.33333333333333,-1.709556274979234
27.733305599999998,144.66666666666666,106.0,89.33333333333333,-1.2547688049893546
27.7666389,144.33333333333334,106.33333333333333,89.66666666666667,-0.44918220262718317
27.7999722,144.33333333333334,106.33333333333333,89.66666666666667,0.4187886464303776
27.833305499999998,144.33333333333334,106.66666666666667,89.66666666666667,1.0859685234149297
27.866638799999997,144.33333333333334,106.33333333333333,89.66666666666667,1.4116113094996239
27.8999721,144.33333333333334,106.33333333333333,89.33333333333333,1.4060990282480779
27.9333054,144.33333333333334,106.33333333333333,89.33333333333333,1.191984865901923
27.966638699999997,144.33333333333334,106.33333333333333,88.66666666666667,0.9311218340958757
27.999972,144.33333333333334,106.0,89.33333333333333,0.7527450284262007
28.0333053,143.66666666666666,106.0,89.16666666666667,0.7028650781257636
28.066638599999997,144.33333333333334,106.0,88.66666666666667,0.7293756640326825
28.0999719,143.66666666666666,105.66666666666667,89.33333333333333,0.711668095450657
28.1333052,143.66666666666666,106.0,89.0,0.5284851383863564
28.166638499999998,143.66666666666666,106.0,89.33333333333333,0.1384716402644676
28.1999718,144.0,106.0,89.33333333333333,-0.3727085956799772
28.2333051,144.0,105.33333333333333,89.0,-0.8241125497177804
28.266638399999998,144.0,105.66666666666667,89.33333333333333,-1.0450671358050498
28.299971699999997,143.66666666666666,105.33333333333333,88.66666666666667,-0.9839893159953451
28.333305,144.0,105.66666666666667,88.66666666666667,-0.741626237610088
28.366638299999998,143.66666666666666,105.66666666666667,88.66666666666667,-0.508202820008906
28.399971599999997,143.66666666666666,105.66666666666667,89.0,-0.45070147719285525
28.4333049,143.66666666666666,105.33333333333333,88.66666666666667,-0.6221311521077078
28.4666382,143.66666666666666,105.33333333333333,88.33333333333333,-0.9411059229772372
28.499971499999997,143.66666666666666,105.33333333333333,89.33333333333333,-1.2409249397462094
28.5333048,143.66666666666666,105.33333333333333,88.66666666666667,-1.3499886310044502
28.5666381,143.66666666666666,105.33333333333333,88.66666666666667,-1.159614057167639
28.599971399999998,143.66666666666666,105.66666666666667,88.66666666666667,-0.6547775874950403
28.6333047,143.66666666666666,105.33333333333333,88.66666666666667,0.08901238844983247
28.666638,143.66666666666666,105.66666666666667,88.66666666666667,0.9262467964413039
28.699971299999998,143.33333333333334,105.66666666666667,88.66666666666667,1.6730276261718147
28.7333046,143.33333333333334,105.33333333333333,88.0,2.153824522284326
28.7666379,143.33333333333334,106.0,88.66666666666667,2.2582195391499202
28.799971199999998,143.66666666666666,105.66666666666667,88.66666666666667,1.9864930260197957
28.833304499999997,144.0,106.33333333333333,88.66666666666667,1.457806442038305
28.8666378,143.66666666666666,105.33333333333333,88.33333333333333,0.8649348420838154
28.8999711,144.0,105.33333333333333,87.66666666666667,0.38557620514945656
28.933304399999997,143.66666666666666,105.33333333333333,88.33333333333333,0.09474684938633654
28.9666377,143.66666666666666,105.66666666666667,88.33333333333333,-0.0633841276063405
28.999971,143.33333333333334,105.33333333333333,88.33333333333333,-0.22203527170940998
29.033304299999998,143.33333333333334,105.33333333333333,89.33333333333333,-0.49640560711926457
29.0666376,143.33333333333334,105.33333333333333,88.33333333333333,-0.9107829569143148
29.0999709,144.33333333333334,105.33333333333333,88.66666666666667,-1.384351673600907
29.133304199999998,143.66666666666666,105.66666666666667,89.33333333333333,-1.769861264772257
29.1666375,144.0,105.33333333333333,88.66666666666667,-1.9158793931211178
29.1999708,144.0,105.66666666666667,89.0,-1.7246822388057426
29.233304099999998,143.66666666666666,105.33333333333333,88.66666666666667,-1.1920860743565982
29.266637399999997,144.0,105.66666666666667,88.66666666666667,-0.42324374700387346
29.2999707,143.66666666666666,105.66666666666667,89.0,0.38303933839792387
29.333304,143.33333333333334,105.66666666666667,88.66666666666667,0.9862682441051001
29.366637299999997,143.33333333333334,105.66666666666667,89.0,1.1830458422296801
29.3999706,143.66666666666666,105.66666666666667,89.0,0.8860240341313772
29.4333039,143.66666666666666,106.0,89.33333333333333,0.17358102584975219
29.466637199999997,143.66666666666666,105.66666666666667,88.66666666666667,-0.7090757074792036
29.4999705,143.66666666666666,105.66666666666667,88.66666666666667,-1.4114858273424045
29.5333038,144.33333333333334,105.33333333333333,88.66666666666667,-1.606604109149952
29.566637099999998,144.0,105.33333333333333,88.66666666666667,-1.1487176254978289
29.5999704,143.66666666666666,105.66666666666667,89.0,-0.1687819179518083
29.6333037,143.33333333333334,106.0,88.66666666666667,0.976563739373293
29.666636999999998,143.66666666666666,106.33333333333333,88.33333333333333,1.8876533994393847
29.699970299999997,144.0,106.0,88.66666666666667,2.3155258319750693
29.7333036,143.66666666666666,106.0,89.0,2.242345112977451
29.766636899999998,144.0,106.0,89.0,1.8245816707859766
29.799970199999997,143.33333333333334,106.0,88.66666666666667,1.2717486158960625
29.8333035,144.0,105.66666666666667,88.66666666666667,0.7440465880000235
29.8666368,144.0,106.0,89.0,0.3069663414538706
29.899970099999997,143.33333333333334,105.66666666666667,88.0,-0.05406529722333754
29.9333034,143.66666666666666,105.66666666666667,89.0,-0.37760438982226274
29.9666367,143.66666666666666,105.33333333333333,88.0,-0.6709854867229406
29.999969999999998,143.33333333333334,105.33333333333333,88.66666666666667,-0.8942493938672129
30.0333033,143.33333333333334,105.33333333333333,88.33333333333333,-0.9831445807509137
30.0666366,143.66666666666666,105.66666666666667,88.66666666666667,-0.8879887209291861
30.099969899999998,143.66666666666666,105.33333333333333,89.0,-0.6131060752824792
30.133303199999997,143.33333333333334,105.33333333333333,88.33333333333333,-0.2438293272162337
30.1666365,143.0,105.33333333333333,88.0,0.06299597858698604
30.199969799999998,143.33333333333334,105.33333333333333,88.66666666666667,0.1376096706344122
30.233303099999997,143.33333333333334,105.66666666666667,88.33333333333333,-0.12030821316718625
30.2666364,143.33333333333334,105.0,88.66666666666667,-0.6818661416418336
30.2999697,143.0,105.33333333333333,88.33333333333333,-1.3823635351703278
30.333302999999997,143.66666666666666,105.33333333333333,88.66666666666667,-1.9713626293455335
30.3666363,143.33333333333334,104.66666666666667,88.0,-2.2054935500651207
30.3999696,143.33333333333334,105.0,88.33333333333333,-1.951741737783577
30.433302899999997,143.0,105.0,88.0,-1.2479879410733932
30.4666362,143.33333333333334,105.33333333333333,88.33333333333333,-0.28034200631715095
30.4999695,143.0,105.66666666666667,88.33333333333333,0.7074730671639167
30.533302799999998,143.33333333333334,105.33333333333333,88.66666666666667,1.5114356754119072
30.5666361,143.33333333333334,105.66666666666667,88.33333333333333,2.0174171266484446
30.5999694,143.33333333333334,105.66666666666667,89.0,2.1990225198424778
30.633302699999998,143.66666666666666,106.0,88.0,2.096622510554102
30.666635999999997,143.66666666666666,106.0,88.66666666666667,1.8025540685658732
30.6999693,143.33333333333334,105.66666666666667,88.66666666666667,1.4433474936051223
30.7333026,144.0,106.0,88.66666666666667,1.13866737982558
30.766635899999997,143.66666666666666,105.33333333333333,89.0,0.9422113924274526
30.7999692,143.33333333333334,105.66666666666667,88.66666666666667,0.8052909612590484
30.8333025,143.33333333333334,105.66666666666667,88.0,0.6066157866398117
30.866635799999997,143.33333333333334,105.33333333333333,88.33333333333333,0.24120904054624281
30.8999691,143.0,105.0,88.33333333333333,-0.2960544687662878
30.9333024,143.33333333333334,105.33333333333333,88.33333333333333,-0.891903023615915
30.966635699999998,143.0,104.66666666666667,88.0,-1.3666302192145907
30.999969,143.33333333333334,105.0,88.33333333333333,-1.562476893291826
31.0333023,143.33333333333334,105.0,88.0,-1.423413720882449
31.066635599999998,143.0,105.0,88.33333333333333,-1.0266573384885032
31.099968899999997,143.0,105.0,88.0,-0.5513447174390315
31.1333022,143.0,105.0,88.0,-0.20345194668443656
31.166635499999998,143.33333333333334,105.33333333333333,88.66666666666667,-0.13252440080057626
31.199968799999997,143.0,105.0,88.0,-0.3699951728162012
31.2333021,143.33333333333334,105.66666666666667,88.66666666666667,-0.8075283526041469
31.2666354,143.66666666666666,105.0,88.0,-1.2294095397154652
31.299968699999997,143.33333333333334,105.0,88.0,-1.401664396186814
31.333302,143.33333333333334,105.0,88.33333333333333,-1.1854639611634397
31.3666353,143.33333333333334,105.0,88.0,-0.6104180775055953
31.399968599999998,143.0,106.0,88.33333333333333,0.14037826883299806
31.4333019,143.66666666666666,105.0,88.33333333333333,0.8205340501375363
31.4666352,143.33333333333334,106.0,89.0,1.2260653199073257
31.499968499999998,143.33333333333334,105.66666666666667,88.33333333333333,1.2699781233409966
31.533301799999997,143.33333333333334,106.0,88.33333333333333,1.0116720657554936
31.5666351,143.66666666666666,105.33333333333333,89.0,0.6281078540640189
31.599968399999998,143.33333333333334,105.33333333333333,88.66666666666667,0.3251316252373667
31.633301699999997,143.33333333333334,106.0,88.33333333333333,0.23852836846094244
31.666635,143.66666666666666,105.33333333333333,88.33333333333333,0.3901798104794139
31.6999683,143.33333333333334,106.0,88.33333333333333,0.7093146296464468
31.733301599999997,143.33333333333334,105.66666666666667,88.66666666666667,1.0787799488106522
31.7666349,143.66666666666666,105.66666666666667,88.33333333333333,1.3700375428279334
31.7999682,143.33333333333334,105.66666666666667,88.66666666666667,1.4610343764444433
31.833301499999997,143.33333333333334,106.0,88.66666666666667,1.2574245626759248
31.8666348,143.33333333333334,105.66666666666667,88.33333333333333,0.7326107362629551
31.8999681,143.33333333333334,105.66666666666667,88.66666666666667,-0.035105386851163975
31.933301399999998,143.66666666666666,105.33333333333333,88.0,-0.8683110355682926
31.966634699999997,143.33333333333334,105.33333333333333,88.33333333333333,-1.5506724619357404
31.999968,143.66666666666666,105.33333333333333,88.66666666666667,-1.9126761610535006
32.0333013,143.33333333333334,105.0,88.33333333333333,-1.8983807375168815
32.0666346,143.33333333333334,105.66666666666667,88.66666666666667,-1.578259873220338
32.099967899999996,143.0,105.0,88.0,-1.1015347870002794
32.1333012,143.33333333333334,105.33333333333333,87.66666666666667,-0.6192085175281867
32.1666345,142.66666666666666,105.0,88.0,-0.22557714214668514
32.199967799999996,143.33333333333334,105.33333333333333,88.0,0.055338774869424526
32.2333011,143.33333333333334,105.66666666666667,88.33333333333333,0.2452619666805127
32.2666344,143.0,105.33333333333333,88.33333333333333,0.3728091443105811
32.299967699999996,143.33333333333334,105.33333333333333,88.33333333333333,0.4436653123363002
32.333301,143.0,105.66666666666667,88.0,0.4366929349046833
32.3666343,143.33333333333334,105.66666666666667,88.66666666666667,0.32955810274054265
32.3999676,143.33333333333334,105.33333333333333,88.33333333333333,0.13395087037798276
32.4333009,143.0,105.66666666666667,88.0,-0.089251025221409
32.4666342,143.0,105.0,88.0,-0.2481563108141161
32.4999675,143.33333333333334,105.0,88.33333333333333,-0.2645543060025052
32.5333008,143.0,105.33333333333333,87.66666666666667,-0.11782130419874229
32.5666341,142.66666666666666,105.33333333333333,87.66666666666667,0.150559995257549
32.5999674,142.66666666666666,105.0,87.66666666666667,0.4746332231254126
32.6333007,142.66666666666666,104.66666666666667,87.33333333333333,0.7967580462632987
32.666633999999995,142.66666666666666,105.0,87.33333333333333,1.0639524742810125
32.6999673,142.66666666666666,105.0,87.33333333333333,1.2131265965200817
32.7333006,142.33333333333334,104.66666666666667,86.33333333333333,1.1823077606630126
32.766633899999995,142.66666666666666,104.66666666666667,86.66666666666667,0.9459438307184902
32.7999672,142.66666666666666,104.66666666666667,86.33333333333333,0.542756104321571
32.8333005,142.66666666666666,104.66666666666667,87.0,0.07099791856159565
32.866633799999995,142.66666666666666,104.66666666666667,87.33333333333333,-0.3509313152184807
32.8999671,143.0,104.66666666666667,87.66666666666667,-0.6390678802168556
32.9333004,142.66666666666666,105.0,88.0,-0.7797716609604198
32.966633699999996,142.66666666666666,104.66666666666667,87.33333333333333,-0.8186302264621177
32.999967,142.66666666666666,105.0,87.66666666666667,-0.8084734053167788
33.0333003,142.66666666666666,104.66666666666667,87.33333333333333,-0.7601566660486719
33.066633599999996,143.0,104.66666666666667,87.33333333333333,-0.6413322447181092
33.0999669,143.0,104.66666666666667,87.66666666666667,-0.4275445135355657
33.1333002,143.0,105.0,87.66666666666667,-0.16026951304603293
33.166633499999996,143.0,105.0,87.33333333333333,0.04601465485861623
33.1999668,142.33333333333334,104.66666666666667,87.0,0.06448115741243841
33.2333001,142.33333333333334,104.33333333333333,86.66666666666667,-0.157388993636053
33.266633399999996,142.66666666666666,104.66666666666667,87.66666666666667,-0.5485229873213693
33.2999667,142.66666666666666,104.66666666666667,87.0,-0.9363001111961619
33.3333,143.0,104.33333333333333,87.33333333333333,-1.1269140716962474
33.3666333,143.0,104.66666666666667,87.66666666666667,-0.9999901771377311
33.3999666,143.33333333333334,105.33333333333333,87.66666666666667,-0.5642231578152258
33.4332999,143.33333333333334,105.66666666666667,88.33333333333333,0.05922191742027137
33.4666332,144.0,106.66666666666667,89.33333333333333,0.7077766946014078
33.4999665,144.33333333333334,106.66666666666667,89.66666666666667,1.2462309065401573
33.5332998,144.66666666666666,107.0,90.0,1.5929268912584753
33.5666331,144.33333333333334,107.66666666666667,90.33333333333333,1.7121987426415346
33.5999664,145.0,107.66666666666667,90.66666666666667,1.6039951956334135
33.633299699999995,145.0,107.33333333333333,90.33333333333333,1.3016227457244767
33.666633,145.0,107.66666666666667,90.0,0.8692840402068094
33.6999663,145.0,107.66666666666667,90.66666666666667,0.3930329228746065
33.733299599999995,145.33333333333334,107.33333333333333,90.66666666666667,-0.04136256054639349
33.7666329,145.33333333333334,107.0,90.33333333333333,-0.3843178465244693
33.7999662,145.0,107.33333333333333,90.0,-0.6443130816149694
33.833299499999995,144.66666666666666,107.33333333333333,90.33333333333333,-0.8629185901539891
33.8666328,144.33333333333334,106.66666666666667,90.0,-1.059832252743635
33.8999661,144.66666666666666,106.66666666666667,90.33333333333333,-1.205142520049727
33.933299399999996,144.66666666666666,106.66666666666667,90.0,-1.2448908398308431
33.9666327,144.33333333333334,106.66666666666667,90.0,-1.1459678540237925
33.999966,144.0,106.66666666666667,90.0,-0.9142942970810002
34.033299299999996,144.33333333333334,107.33333333333333,90.66666666666667,-0.57912466616581
34.0666326,144.33333333333334,107.33333333333333,91.0,-0.1728821725547775
34.0999659,144.66666666666666,107.33333333333333,91.33333333333333,0.2661657839831005
34.133299199999996,145.33333333333334,108.0,91.0,0.6761687677896407
34.1666325,144.66666666666666,107.66666666666667,90.66666666666667,0.973867507305105
34.1999658,145.0,107.66666666666667,90.33333333333333,1.0922914844656995
34.233299099999996,145.33333333333334,107.66666666666667,90.33333333333333,1.0243198745484228
34.2666324,145.33333333333334,107.33333333333333,90.33333333333333,0.8299564000517304
34.2999657,145.0,107.33333333333333,90.33333333333333,0.5997042882755386
34.333299,144.66666666666666,107.0,90.0,0.40590863242087466
34.3666323,144.33333333333334,107.0,90.0,0.278111374506662
34.3999656,144.33333333333334,106.66666666666667,89.66666666666667,0.20991319552420473
34.4332989,144.33333333333334,106.33333333333333,89.33333333333333,0.17875381541933968
34.4666322,144.0,106.33333333333333,89.0,0.16031472674752395
34.499965499999995,144.0,106.0,89.0,0.13371429604139085
34.5332988,143.33333333333334,105.33333333333333,88.33333333333333,0.08169422482404291
34.5666321,143.33333333333334,105.66666666666667,88.33333333333333,-0.007493234836193315
34.599965399999995,143.0,105.33333333333333,88.0,-0.13176465475519963
34.6332987,142.66666666666666,104.66666666666667,87.66666666666667,-0.2694629275812709
34.666632,142.33333333333334,104.66666666666667,88.0,-0.392044530496796
34.699965299999995,142.33333333333334,104.33333333333333,87.0,-0.4900082075532186
34.7332986,142.66666666666666,104.66666666666667,87.33333333333333,-0.5857252072780139
34.7666319,143.0,104.66666666666667,87.66666666666667,-0.7181348079034305
34.799965199999995,143.33333333333334,105.33333333333333,87.66666666666667,-0.9094210141191654
34.8332985,143.33333333333334,105.33333333333333,88.33333333333333,-1.1358430076380372
34.8666318,143.33333333333334,105.0,88.33333333333333,-1.3251277330747562
34.899965099999996,143.33333333333334,105.16666666666667,88.0,-1.3883553472640717
34.9332984,143.66666666666666,105.33333333333333,88.33333333333333,-1.2659298620134143
34.9666317,143.66666666666666,106.0,89.0,-0.9560590230002494
34.999964999999996,144.0,106.33333333333333,89.66666666666667,-0.5140212594507518
35.0332983,144.0,106.33333333333333,90.0,-0.03164989995950196
35.0666316,144.33333333333334,107.0,89.66666666666667,0.3936576536990095
35.099964899999996,144.66666666666666,107.0,90.0,0.696498177672418
35.1332982,145.0,107.66666666666667,91.0,0.8746600322293095
35.1666315,145.0,107.66666666666667,90.33333333333333,0.9928852960405743
35.1999648,144.66666666666666,107.33333333333333,90.66666666666667,1.149427824555353
35.2332981,145.33333333333334,107.66666666666667,91.0,1.4160501862506885
35.2666314,145.0,107.66666666666667,90.33333333333333,1.7819207393951368
35.2999647,145.0,107.66666666666667,90.33333333333333,2.1400450088161884
35.333298,145.0,107.66666666666667,90.33333333333333,2.331021179994502
35.3666313,144.66666666666666,107.66666666666667,90.33333333333333,2.218598980796422
35.3999646,145.0,107.33333333333333,90.33333333333333,1.75452202147448
35.4332979,145.0,107.33333333333333,90.0,1.0038459355811322
35.466631199999995,144.66666666666666,107.33333333333333,90.66666666666667,0.12603282959787102
35.4999645,145.0,107.0,90.0,-0.6782777596299104
35.5332978,145.33333333333334,106.66666666666667,90.0,-1.2412365546574284
35.566631099999995,145.33333333333334,107.0,90.66666666666667,-1.4973619669077958
35.5999644,145.66666666666666,107.66666666666667,90.66666666666667,-1.5077469088849371
35.6332977,146.0,108.0,91.66666666666667,-1.4151629725140116
35.666630999999995,146.33333333333334,108.0,91.66666666666667,-1.357593235465552
35.6999643,146.66666666666666,108.66666666666667,92.0,-1.3966393838147775
35.7332976,146.33333333333334,108.0,92.0,-1.4976125107910772
35.766630899999996,146.0,108.0,92.0,-1.5632042837912898
35.7999642,146.0,108.0,91.66666666666667,-1.4974514068932097
35.8332975,147.0,108.33333333333333,91.66666666666667,-1.2656004660309272
35.866630799999996,147.66666666666666,109.0,93.0,-0.9218418386518569
35.8999641,147.33333333333334,109.33333333333333,93.0,-0.5886064284192354
35.9332974,146.66666666666666,109.33333333333333,92.66666666666667,-0.38599678839637785
35.966630699999996,147.66666666666666,109.33333333333333,93.0,-0.3459100715296524
35.999964,147.66666666666666,109.33333333333333,93.0,-0.3757348026048821
36.0332973,148.0,109.66666666666667,93.33333333333333,-0.30709765094100155
36.066630599999996,148.66666666666666,110.0,93.33333333333333,0.002388332397390872
36.0999639,149.0,110.33333333333333,93.66666666666667,0.5799254062809461
36.1332972,149.0,110.66666666666667,94.0,1.3104873468953564
36.1666305,148.66666666666666,110.66666666666667,93.33333333333333,1.9863761803606372
36.1999638,147.66666666666666,110.0,93.0,2.407403901879383
36.2332971,147.0,109.0,92.0,2.4730820131816698
36.2666304,145.66666666666666,108.0,91.0,2.2130518402380166
36.2999637,145.0,106.66666666666667,89.33333333333333,1.7470706984721642
36.333297,144.66666666666666,106.33333333333333,89.0,1.2109682824724886
36.3666303,144.33333333333334,106.0,88.66666666666667,0.6975531878221504
36.3999636,144.0,106.0,88.66666666666667,0.24195095094654148
36.433296899999995,144.0,105.66666666666667,88.66666666666667,-0.15560777504382284
36.4666302,144.66666666666666,106.0,90.0,-0.5019899363767769
36.4999635,145.33333333333334,107.0,90.33333333333333,-0.7987182456892968
36.533296799999995,145.33333333333334,107.0,91.0,-1.0358005086397861
36.5666301,146.33333333333334,107.66666666666667,91.0,-1.1829002392121157
36.5999634,146.33333333333334,107.0,90.66666666666667,-1.1929777272230646
36.633296699999995,146.33333333333334,107.0,90.66666666666667,-1.0328104790015222
36.66663,146.66666666666666,107.33333333333333,90.33333333333333,-0.7228153439498082
36.6999633,146.66666666666666,107.33333333333333,90.66666666666667,-0.3502477208117077
36.733296599999996,146.33333333333334,107.33333333333333,90.66666666666667,-0.04042247055309997
36.7666299,146.66666666666666,107.66666666666667,91.0,0.09706251890038388
36.7999632,147.0,107.66666666666667,91.0,0.017472086488012996
36.833296499999996,147.0,108.0,92.0,-0.2375300623809625
36.8666298,147.33333333333334,108.33333333333333,92.0,-0.5532108655485425
36.8999631,147.33333333333334,108.33333333333333,92.33333333333333,-0.7824523196131152
36.933296399999996,147.33333333333334,108.0,92.0,-0.8018205701894604
36.9666297,147.66666666666666,108.0,92.33333333333333,-0.5672896963142473
36.999963,147.33333333333334,108.66666666666667,92.33333333333333,-0.14107667785133274
37.033296299999996,147.0,108.33333333333333,92.0,0.3360534944064686
37.0666296,147.0,108.0,91.66666666666667,0.7139696217686939
37.0999629,147.0,108.0,91.66666666666667,0.895634569356352
37.1332962,146.66666666666666,107.66666666666667,91.33333333333333,0.8585158293639067
37.1666295,145.66666666666666,107.0,91.0,0.641033096939917
37.1999628,146.33333333333334,107.33333333333333,91.0,0.31962038837334517
37.2332961,146.0,107.33333333333333,90.66666666666667,-0.007897050004518933
37.2666294,146.0,107.0,91.0,-0.2393442557492143
37.299962699999995,146.0,106.66666666666667,91.0,-0.3020241432541494
37.333296,145.33333333333334,106.66666666666667,90.33333333333333,-0.19595355705409329
37.3666293,145.66666666666666,106.33333333333333,90.33333333333333,-0.00839490572789762
37.399962599999995,145.33333333333334,106.66666666666667,90.0,0.12796196575895114
37.4332959,145.66666666666666,107.0,90.33333333333333,0.11529574790257126
37.4666292,145.66666666666666,107.0,90.66666666666667,-0.044585648786471935
37.499962499999995,146.0,106.66666666666667,90.66666666666667,-0.2524166898584147
37.5332958,146.0,106.66666666666667,90.66666666666667,-0.38370581653723235
37.5666291,146.33333333333334,107.33333333333333,90.66666666666667,-0.37420793826963905
37.599962399999995,146.33333333333334,107.33333333333333,90.66666666666667,-0.2529892788838178
37.6332957,146.66666666666666,107.66666666666667,91.33333333333333,-0.10968250398035334
37.666629,147.33333333333334,108.33333333333333,91.33333333333333,-0.03334881727245902
37.699962299999996,147.33333333333334,108.33333333333333,92.0,-0.06486905441323881
37.7332956,148.33333333333334,109.33333333333333,92.66666666666667,-0.18201956755667323
37.7666289,149.0,110.33333333333333,94.0,-0.3143120245732223
37.799962199999996,149.33333333333334,111.66666666666667,95.0,-0.3723260556509964
37.8332955,150.33333333333334,111.66666666666667,95.33333333333333,-0.28010708065528694
37.8666288,150.33333333333334,111.66666666666667,95.0,-0.008592434263423486
37.899962099999996,150.33333333333334,112.0,95.33333333333333,0.3991764727361765
37.9332954,150.0,112.33333333333333,95.33333333333333,0.8328325030006626
37.9666287,150.0,112.33333333333333,95.33333333333333,1.1577472773543362
37.999962,150.0,112.33333333333333,95.66666666666667,1.2731259212656343
38.0332953,150.0,112.33333333333333,95.33333333333333,1.1515020437095398
38.0666286,149.66666666666666,112.0,95.0,0.8447226968539427
38.0999619,150.0,111.66666666666667,95.0,0.46071677495965097
38.1332952,149.66666666666666,111.66666666666667,94.33333333333333,0.12226011456009978
38.1666285,149.0,111.0,94.33333333333333,-0.07783119189101363
38.1999618,148.66666666666666,110.66666666666667,94.0,-0.1113500577652182
38.2332951,148.0,110.66666666666667,94.33333333333333,-0.028206109960422762
38.266628399999995,147.33333333333334,110.33333333333333,93.66666666666667,0.06154754312534745
38.2999617,147.33333333333334,110.0,93.66666666666667,0.036169123054155414
38.333295,147.33333333333334,110.0,93.33333333333333,-0.18094604358163227
38.366628299999995,147.0,110.0,93.66666666666667,-0.584516525558549
38.3999616,147.66666666666666,110.0,94.0,-1.0868050942866179
38.4332949,147.66666666666666,110.33333333333333,94.66666666666667,-1.5514884788047798
38.466628199999995,148.0,110.66666666666667,94.33333333333333,-1.842510713643098
38.4999615,148.0,110.0,93.66666666666667,-1.8649976484267745
38.5332948,147.66666666666666,110.0,94.33333333333333,-1.5907828206677281
38.566628099999996,146.66666666666666,110.0,94.0,-1.0677599198348733
38.5999614,146.66666666666666,110.0,93.66666666666667,-0.4064892526067609
38.6332947,147.0,109.33333333333333,93.33333333333333,0.25208704145089406
38.666627999999996,146.33333333333334,109.66666666666667,93.0,0.7720521116581
38.6999613,146.33333333333334,109.66666666666667,92.66666666666667,1.0578505595081267
38.7332946,146.33333333333334,109.66666666666667,93.33333333333333,1.0897391376724086
38.766627899999996,146.66666666666666,109.66666666666667,93.0,0.9383993780378842
38.7999612,146.66666666666666,109.66666666666667,93.0,0.7386658821447032
38.8332945,146.66666666666666,109.66666666666667,93.0,0.6331805633477964
38.866627799999996,146.66666666666666,109.66666666666667,93.0,0.7142302908974082
38.8999611,146.33333333333334,109.66666666666667,93.0,0.9848931534976024
38.9332944,146.33333333333334,109.33333333333333,93.0,1.349772000538865
38.9666277,146.33333333333334,109.66666666666667,92.66666666666667,1.6411809716275685
38.999961,146.33333333333334,109.66666666666667,92.66666666666667,1.6811910444989973
39.0332943,146.0,109.66666666666667,93.33333333333333,1.3616254412570639
39.0666276,146.33333333333334,109.66666666666667,93.0,0.7030376091928415
39.0999609,146.33333333333334,109.33333333333333,93.0,-0.1432173999965317
39.133294199999995,146.33333333333334,109.0,93.0,-0.9553422445874552
39.1666275,146.33333333333334,109.0,92.66666666666667,-1.533381363567296
39.1999608,146.33333333333334,109.0,93.0,-1.7743050052096525
39.233294099999995,146.33333333333334,109.0,92.66666666666667,-1.6936653813003972
39.2666274,145.66666666666666,109.0,92.33333333333333,-1.3933527553876504
39.2999607,146.33333333333334,108.66666666666667,93.0,-1.0065338193955402
39.333293999999995,146.33333333333334,109.33333333333333,92.33333333333333,-0.6536106945886241
39.3666273,146.0,109.33333333333333,93.33333333333333,-0.4183264670985627
39.3999606,146.33333333333334,109.33333333333333,93.0,-0.3360456237987492
39.433293899999995,146.33333333333334,109.33333333333333,92.66666666666667,-0.39235058745570167
39.4666272,146.0,109.0,93.0,-0.5332456173968633
39.4999605,146.0,109.33333333333333,92.66666666666667,-0.680648698434141
39.533293799999996,146.66666666666666,109.33333333333333,92.66666666666667,-0.7473403310644575
39.5666271,146.66666666666666,109.66666666666667,93.0,-0.6561676839967664
39.5999604,146.66666666666666,109.33333333333333,93.33333333333333,-0.3702204115728097
39.633293699999996,146.33333333333334,109.66666666666667,93.0,0.07820309665714685
39.666627,146.33333333333334,110.0,93.33333333333333,0.5894811360468317
39.6999603,146.66666666666666,110.0,93.0,1.041188094187281
39.733293599999996,146.33333333333334,110.0,93.0,1.3471371134676287
39.7666269,146.33333333333334,109.66666666666667,92.66666666666667,1.4883155794702188
39.7999602,146.0,109.66666666666667,93.0,1.497212999191887
39.833293499999996,146.0,109.33333333333333,92.66666666666667,1.413612459772876
39.8666268,145.33333333333334,109.33333333333333,92.33333333333333,1.251302977952029
39.8999601,145.0,108.66666666666667,91.66666666666667,1.0036459473679737
39.9332934,144.33333333333334,107.0,89.66666666666667,0.6766647615129893
39.9666267,144.0,106.33333333333333,89.66666666666667,0.31033624849112684
39.99996,143.66666666666666,105.66666666666667,88.66666666666667,-0.035465981738458226
40.0332933,143.66666666666666,105.0,88.0,-0.314286337177926
40.0666266,143.33333333333334,105.0,88.0,-0.5126834554601198
40.099959899999995,142.33333333333334,104.0,87.0,-0.6420667472376036
40.1332932,141.33333333333334,103.0,86.33333333333333,-0.7165576899881566
40.1666265,140.66666666666666,101.66666666666667,84.66666666666667,-0.7403171009582953
40.199959799999995,139.66666666666666,100.66666666666667,84.0,-0.715105162600094
40.2332931,138.66666666666666,100.0,83.33333333333333,-0.6580406744466306
40.2666264,138.33333333333334,99.66666666666667,83.0,-0.6084032969619234
40.299959699999995,137.33333333333334,99.33333333333333,82.66666666666667,-0.609804915485175
40.333293,137.33333333333334,99.0,82.33333333333333,-0.676074729619921
40.3666263,137.33333333333334,98.66666666666667,82.0,-0.7680950719726193
40.399959599999995,137.66666666666666,98.66666666666667,82.0,-0.8045282650659167
40.4332929,137.0,98.66666666666667,82.33333333333333,-0.7025764909643454
40.4666262,137.33333333333334,98.66666666666667,81.66666666666667,-0.42106872906416265
40.499959499999996,137.33333333333334,98.66666666666667,81.66666666666667,0.01949797249262313
40.5332928,137.33333333333334,98.66666666666667,81.66666666666667,0.5430046248375396
40.5666261,137.33333333333334,98.66666666666667,81.66666666666667,1.038681427246186
40.599959399999996,137.0,99.0,82.0,1.391673689027051
40.6332927,137.33333333333334,99.66666666666667,82.33333333333333,1.5221521164984164
40.666626,138.0,99.33333333333333,82.33333333333333,1.4167383242171823
40.699959299999996,137.66666666666666,99.0,82.0,1.1259941592753895
40.7332926,137.66666666666666,99.33333333333333,82.66666666666667,0.7276688119666538
40.7666259,138.0,99.33333333333333,82.33333333333333,0.29120196495513373
40.799959199999996,137.66666666666666,99.66666666666667,82.33333333333333,-0.12704127721771424
40.8332925,138.33333333333334,99.0,82.33333333333333,-0.4715864235088461
40.8666258,138.33333333333334,99.33333333333333,82.66666666666667,-0.6940270789812321
40.8999591,138.0,99.33333333333333,82.66666666666667,-0.7809890140110668
40.9332924,138.0,99.66666666666667,83.33333333333333,-0.7687914442326395
40.966625699999994,138.33333333333334,100.0,83.33333333333333,-0.7223035153813553
40.999959,138.66666666666666,99.66666666666667,83.33333333333333,-0.6968269039405742
41.0332923,139.0,100.33333333333333,83.66666666666667,-0.7131864574209402
41.066625599999995,139.0,100.33333333333333,83.66666666666667,-0.7542761790024461
41.0999589,139.33333333333334,100.33333333333333,83.66666666666667,-0.7762038144172422
41.1332922,139.0,100.33333333333333,83.66666666666667,-0.7311375085579881
41.166625499999995,139.33333333333334,100.33333333333333,84.0,-0.5981230554156941
41.1999588,139.0,100.33333333333333,83.66666666666667,-0.4054868867775015
41.2332921,139.0,100.33333333333333,83.66666666666667,-0.2240973511697944
41.266625399999995,139.0,100.33333333333333,83.66666666666667,-0.12672885660327365
41.2999587,139.0,100.33333333333333,83.33333333333333,-0.13367206623304695
41.333292,139.0,100.33333333333333,83.33333333333333,-0.1781890719796196
41.366625299999995,139.0,100.33333333333333,83.33333333333333,-0.12016992459117776
41.3999586,139.0,100.0,83.33333333333333,0.18482923983437582
41.4332919,139.0,100.33333333333333,83.33333333333333,0.7892865332866723
41.466625199999996,139.0,100.33333333333333,83.33333333333333,1.5892114049648844
41.4999585,138.66666666666666,100.66666666666667,83.0,2.3421389825113823
41.5332918,139.0,100.33333333333333,83.33333333333333,2.7662456838411154
41.566625099999996,138.66666666666666,100.66666666666667,83.0,2.6684732119238457
41.5999584,138.66666666666666,100.33333333333333,83.0,2.038486133192202
41.6332917,139.0,100.33333333333333,83.33333333333333,1.0632977885259045
41.666624999999996,139.0,100.0,83.33333333333333,0.04921546740435142
41.6999583,138.66666666666666,100.0,83.66666666666667,-0.7143920388413812
41.7332916,139.0,100.0,83.66666666666667,-1.078330882650683
41.7666249,139.0,100.0,83.33333333333333,-1.0837555443007318
41.7999582,139.0,100.0,83.33333333333333,-0.9225082360513743
41.8332915,139.0,100.33333333333333,83.66666666666667,-0.8303113128515636
41.8666248,139.0,100.0,83.33333333333333,-0.9633210762882859
41.8999581,139.0,100.0,83.33333333333333,-1.3197370516543685
41.933291399999995,139.33333333333334,100.0,83.33333333333333,-1.7458828478224169
41.9666247,139.0,100.0,83.33333333333333,-2.018912592612939
41.999958,139.0,99.66666666666667,83.0,-1.962579221864789
42.033291299999995,139.0,99.66666666666667,83.33333333333333,-1.543854478726254
42.0666246,139.0,100.0,82.66666666666667,-0.9028327690092661
42.0999579,138.66666666666666,99.66666666666667,83.0,-0.2875437448399288
42.133291199999995,138.33333333333334,100.33333333333333,83.33333333333333,0.08631846774457928
42.1666245,138.66666666666666,100.0,83.0,0.17100230981731682
42.1999578,139.0,99.66666666666667,83.0,0.11991781697865189
42.233291099999995,139.0,100.0,83.0,0.18595311185697366
42.2666244,138.66666666666666,100.0,82.66666666666667,0.5597390050413319
42.2999577,138.33333333333334,100.0,82.66666666666667,1.2597570139085814
42.333290999999996,138.66666666666666,100.0,83.0,2.1212624630681733
42.3666243,138.66666666666666,100.33333333333333,83.33333333333333,2.8604624700415138
42.3999576,138.66666666666666,100.33333333333333,82.66666666666667,3.1792704101598157
42.433290899999996,138.66666666666666,100.33333333333333,82.66666666666667,2.8843856544877253
42.4666242,138.66666666666666,100.33333333333333,83.33333333333333,1.9834509080545306
42.4999575,138.66666666666666,100.33333333333333,83.0,0.710578090696181
42.533290799999996,139.0,99.66666666666667,83.0,-0.549403321642907
42.5666241,139.0,100.0,83.0,-1.4196828126525936
42.5999574,139.0,100.0,82.66666666666667,-1.6974944581983433
42.633290699999996,139.33333333333334,100.0,83.0,-1.43906845814628
42.666624,138.66666666666666,100.0,83.33333333333333,-0.923097764764229
42.6999573,139.0,100.0,83.0,-0.5109988237557807
42.7332906,138.33333333333334,100.66666666666667,83.0,-0.4639100966749675
42.7666239,138.66666666666666,99.66666666666667,83.66666666666667,-0.8118491365679984
42.799957199999994,139.0,99.66666666666667,83.66666666666667,-1.36476322443238
42.8332905,138.66666666666666,99.66666666666667,83.0,-1.8583148660402025
42.8666238,138.66666666666666,100.0,83.0,-2.1115896406205987
42.899957099999995,138.66666666666666,100.0,83.33333333333333,-2.081009683846044
42.9332904,138.66666666666666,100.0,83.33333333333333,-1.8126803956965383
42.9666237,139.0,100.0,83.66666666666667,-1.3747758793973226
42.999956999999995,138.66666666666666,100.0,83.0,-0.8272471999186612
43.0332903,139.0,100.33333333333333,84.0,-0.22367123081906357
43.0666236,138.66666666666666,100.33333333333333,83.0,0.38549428649925577
43.099956899999995,139.0,100.66666666666667,83.66666666666667,0.9583935454731366
43.1332902,138.66666666666666,100.0,83.66666666666667,1.4612245624996087
43.1666235,139.33333333333334,101.0,83.0,1.8550663753850003
43.199956799999995,139.0,100.66666666666667,83.33333333333333,2.090283893175272
43.2332901,139.0,100.66666666666667,83.33333333333333,2.127091779963274
43.2666234,139.33333333333334,101.0,83.66666666666667,1.969550872058327
43.299956699999996,139.33333333333334,100.66666666666667,83.66666666666667,1.6846555487752228
43.33329,139.33333333333334,101.0,83.33333333333333,1.3916914507819687
43.3666233,139.0,100.66666666666667,83.66666666666667,1.223448278635476
43.399956599999996,139.0,100.33333333333333,83.33333333333333,1.2655922841969833
43.4332899,139.33333333333334,100.66666666666667,83.33333333333333,1.4898110082834042
43.4666232,139.0,100.33333333333333,83.33333333333333,1.721563533074974
43.499956499999996,139.0,100.66666666666667,83.66666666666667,1.6914831696320427
43.5332898,139.0,100.66666666666667,83.33333333333333,1.1754928971410072
43.5666231,138.66666666666666,100.66666666666667,83.33333333333333,0.153647660651098
43.599956399999996,139.33333333333334,100.0,83.66666666666667,-1.1264322759587346
43.6332897,139.0,99.66666666666667,83.66666666666667,-2.251029967997366
43.666623,139.0,100.0,83.33333333333333,-2.8537069373206534
43.6999563,139.0,100.0,83.66666666666667,-2.8013269790744593
43.7332896,139.0,99.66666666666667,83.33333333333333,-2.2507923457010763
43.766622899999994,139.0,100.0,83.33333333333333,-1.5670616377242232
43.7999562,139.0,100.33333333333333,83.0,-1.144078270185607
43.8332895,138.66666666666666,100.33333333333333,83.0,-1.1998875104250495
43.866622799999995,139.33333333333334,100.0,83.33333333333333,-1.6542271084367635
43.8999561,139.0,99.66666666666667,83.66666666666667,-2.176521743941664
43.9332894,139.0,99.66666666666667,83.0,-2.3786755937997044
43.966622699999995,138.66666666666666,100.0,83.33333333333333,-2.020123716629688
43.999956,138.66666666666666,100.0,83.66666666666667,-1.1057817476630634
44.0332893,138.66666666666666,100.0,83.66666666666667,0.14049967280797535
44.066622599999995,138.66666666666666,100.0,83.0,1.3747887871997186
44.0999559,138.33333333333334,100.33333333333333,83.33333333333333,2.2582266787486454
44.1332892,138.33333333333334,100.33333333333333,83.33333333333333,2.5816359498917762
44.166622499999995,138.33333333333334,100.33333333333333,83.33333333333333,2.348378764139653
44.1999558,138.66666666666666,100.0,83.33333333333333,1.7656296259354025
44.2332891,138.66666666666666,100.33333333333333,83.33333333333333,1.138276697002401
44.266622399999996,139.0,100.33333333333333,84.0,0.72513604374413
44.2999557,138.66666666666666,100.33333333333333,83.0,0.6365110180176474
44.333289,139.0,100.33333333333333,83.33333333333333,0.8144578260092401
44.366622299999996,138.66666666666666,100.66666666666667,83.33333333333333,1.0865050257502462
44.3999556,138.66666666666666,100.0,83.33333333333333,1.253032421309223
44.4332889,138.66666666666666,100.33333333333333,83.33333333333333,1.1666956808544025
44.466622199999996,138.33333333333334,100.33333333333333,83.33333333333333,0.7840215393158693
44.4999555,138.33333333333334,100.0,83.0,0.18411310870396175
44.5332888,138.66666666666666,100.0,83.33333333333333,-0.45791502306170223
44.5666221,138.66666666666666,100.0,83.33333333333333,-0.9467089156000349
44.5999554,138.66666666666666,100.0,83.0,-1.1570589670645712
44.633288699999994,138.66666666666666,100.0,83.33333333333333,-1.0853278746876809
44.666622,138.33333333333334,100.0,83.0,-0.8351224796675504
44.6999553,138.33333333333334,100.0,83.0,-0.5525990942254051
44.733288599999995,138.66666666666666,100.0,82.66666666666667,-0.3532862838859108
44.7666219,138.33333333333334,100.0,83.0,-0.28040922302467897
44.7999552,138.0,99.66666666666667,83.0,-0.30766006260099854
44.833288499999995,138.33333333333334,100.0,83.0,-0.3715344153258021
44.8666218,138.66666666666666,100.0,83.0,-0.40924516226532903
44.8999551,138.0,100.0,83.0,-0.38359160974808054
44.933288399999995,138.0,99.66666666666667,82.66666666666667,-0.28883909791437246
44.9666217,138.0,99.66666666666667,82.66666666666667,-0.1459829839719836
44.999955,138.0,99.66666666666667,83.0,0.0040079558246930045
45.033288299999995,137.66666666666666,100.0,82.83333333333333,0.1140181978019615
45.0666216,138.33333333333334,100.0,82.66666666666667,0.15392755621182896
45.0999549,138.0,99.66666666666667,83.33333333333333,0.12350873482341891
45.133288199999996,138.0,99.66666666666667,82.0,0.03970988902921379
45.1666215,137.66666666666666,99.66666666666667,82.33333333333333,-0.08288944644837558
45.1999548,138.0,99.66666666666667,82.66666666666667,-0.23277710358905454
45.233288099999996,137.66666666666666,99.66666666666667,82.33333333333333,-0.3885444170601413
45.2666214,138.33333333333334,99.66666666666667,82.66666666666667,-0.5143857953528149
45.2999547,138.33333333333334,100.0,82.66666666666667,-0.5710350526266061
45.333287999999996,138.66666666666666,100.33333333333333,83.66666666666667,-0.5301277926110913
45.3666213,138.66666666666666,100.33333333333333,83.66666666666667,-0.37901846438928455
45.3999546,138.66666666666666,100.66666666666667,83.66666666666667,-0.11680948990485109
45.433287899999996,139.0,100.66666666666667,83.66666666666667,0.24516691297377943
45.4666212,139.33333333333334,100.33333333333333,83.66666666666667,0.6679747490558481
45.4999545,138.33333333333334,100.66666666666667,83.33333333333333,1.0690325936614298
45.5332878,138.66666666666666,100.66666666666667,83.33333333333333,1.338685397501056
45.5666211,139.0,101.0,83.66666666666667,1.3920573688478974
45.599954399999994,138.33333333333334,100.33333333333333,84.33333333333333,1.2102956144075174
45.6332877,138.66666666666666,100.33333333333333,83.66666666666667,0.8360813858909876
45.666621,138.33333333333334,100.33333333333333,83.33333333333333,0.3452571511042306
45.699954299999995,138.0,100.33333333333333,83.66666666666667,-0.1653727618370684
45.7332876,138.33333333333334,100.0,83.66666666666667,-0.576577465199249
45.7666209,138.33333333333334,100.0,83.33333333333333,-0.76892096429031
45.799954199999995,138.66666666666666,100.0,83.66666666666667,-0.6803137035301631
45.8332875,138.66666666666666,100.0,83.33333333333333,-0.35960241153758965
45.8666208,138.0,100.0,82.66666666666667,0.03664699353975117
45.899954099999995,138.0,100.0,83.33333333333333,0.31723721265361476
45.9332874,137.66666666666666,99.66666666666667,83.16666666666667,0.35437172685395285
45.9666207,137.66666666666666,99.66666666666667,83.0,0.1423052634339214
45.999953999999995,137.66666666666666,99.66666666666667,83.33333333333333,-0.21286989698930167
46.0332873,138.0,99.33333333333333,83.0,-0.5562369823500778
46.0666206,138.0,99.66666666666667,82.66666666666667,-0.7600068144075722
46.099953899999996,138.0,99.33333333333333,82.66666666666667,-0.7711086021465493
46.1332872,138.0,99.66666666666667,82.66666666666667,-0.6110145917952359
46.1666205,138.0,99.66666666666667,83.0,-0.3409749170872483
46.199953799999996,138.0,99.66666666666667,83.0,-0.02222637360769308
46.2332871,137.66666666666666,99.66666666666667,82.66666666666667,0.30593724836367564
46.2666204,138.0,99.66666666666667,82.66666666666667,0.6228642044004317
46.299953699999996,138.0,99.66666666666667,83.0,0.9038119875221418
46.333287,137.66666666666666,99.66666666666667,83.0,1.0974459308223061
46.3666203,137.33333333333334,100.0,83.0,1.132106433094699
46.399953599999996,137.66666666666666,99.66666666666667,82.66666666666667,0.9585425180407765
46.4332869,137.66666666666666,99.66666666666667,82.66666666666667,0.5953321636508909
46.466620199999994,137.33333333333334,99.66666666666667,83.0,0.13254723457284953
46.4999535,137.66666666666666,99.0,82.33333333333333,-0.3162330140061763
46.5332868,137.33333333333334,99.33333333333333,83.0,-0.6808696238297979
46.566620099999994,136.66666666666666,99.0,82.33333333333333,-0.9692380065952244
46.5999534,136.66666666666666,99.0,82.66666666666667,-1.2392508178355397
46.6332867,136.66666666666666,99.0,82.0,-1.5306355425916482
46.666619999999995,136.66666666666666,98.66666666666667,82.66666666666667,-1.8150655872592885
46.6999533,136.66666666666666,98.33333333333333,82.0,-2.0049357985731224
46.7332866,137.0,99.33333333333333,82.66666666666667,-2.006350120965742
46.766619899999995,137.33333333333334,99.33333333333333,82.66666666666667,-1.7688601726373725
46.7999532,137.33333333333334,99.33333333333333,83.0,-1.3037788314052399
46.8332865,137.33333333333334,100.0,83.0,-0.6750596169212426
46.866619799999995,138.0,100.33333333333333,83.33333333333333,0.0259856253283452
46.8999531,138.0,100.66666666666667,83.33333333333333,0.7089597374759323
46.9332864,138.66666666666666,101.0,84.33333333333333,1.2978907706854257
46.966619699999995,139.66666666666666,102.33333333333333,85.33333333333333,1.728710749333394
46.999953,140.66666666666666,104.0,87.0,1.954020680645608
47.0332863,141.0,104.0,88.0,1.9694099162054919
47.066619599999996,141.33333333333334,104.66666666666667,87.33333333333333,1.839005352901845
47.0999529,142.33333333333334,104.33333333333333,88.0,1.6836361081486395
47.1332862,142.33333333333334,105.0,88.66666666666667,1.623095535664232
47.166619499999996,143.66666666666666,106.0,89.0,1.7073357964209621
47.1999528,144.0,106.33333333333333,89.33333333333333,1.8853544845901042
47.2332861,144.0,106.33333333333333,90.0,2.026965482558492
47.266619399999996,145.0,107.33333333333333,91.0,1.9745833602086067
47.2999527,144.66666666666666,107.0,90.66666666666667,1.6006304899728632
47.333286,146.0,108.0,92.33333333333333,0.8585228417988444
47.366619299999996,147.0,108.66666666666667,93.0,-0.18546888199109152
47.3999526,147.33333333333334,108.66666666666667,93.0,-1.3548557273611757
47.433285899999994,147.0,107.66666666666667,93.33333333333333,-2.4079254528540264
47.4666192,147.0,108.0,93.0,-3.1140896014130157
47.4999525,147.33333333333334,108.0,93.33333333333333,-3.3290549491573462
47.533285799999994,147.33333333333334,108.0,93.0,-3.0364372808266182
47.5666191,147.66666666666666,108.0,93.33333333333333,-2.347008892364587
47.5999524,148.0,109.0,93.33333333333333,-1.4625420328844418
47.633285699999995,148.33333333333334,109.33333333333333,94.33333333333333,-0.6135096534073335
47.666619,148.66666666666666,109.66666666666667,94.33333333333333,0.01127295630562924
47.6999523,148.0,109.33333333333333,94.0,0.3169609392250314
47.733285599999995,148.0,109.66666666666667,94.66666666666667,0.31995790349581255
47.7666189,148.33333333333334,109.33333333333333,94.66666666666667,0.12846662864004268
47.7999522,148.0,109.66666666666667,94.33333333333333,-0.1052470619420522
47.833285499999995,148.66666666666666,109.33333333333333,95.0,-0.2443077666524383
47.8666188,148.66666666666666,109.66666666666667,94.66666666666667,-0.21661624088374767
47.8999521,148.66666666666666,110.0,95.0,-0.03338279903813065
47.933285399999995,148.66666666666666,110.0,94.66666666666667,0.2321308017066988
47.9666187,148.66666666666666,110.33333333333333,95.33333333333333,0.49078443213718814
47.999952,148.66666666666666,109.66666666666667,95.33333333333333,0.6785733405147854
48.033285299999996,148.33333333333334,110.66666666666667,95.0,0.7742683927717148
48.0666186,148.66666666666666,110.33333333333333,95.33333333333333,0.7958095252398047
48.0999519,149.0,110.33333333333333,95.66666666666667,0.7815717975112454
48.133285199999996,148.33333333333334,110.0,94.66666666666667,0.761993448718488
48.1666185,148.33333333333334,110.33333333333333,95.66666666666667,0.7375471078485669
48.1999518,148.33333333333334,110.33333333333333,94.66666666666667,0.6814852828855709
48.233285099999996,148.33333333333334,110.66666666666667,95.33333333333333,0.5660635733503421
48.2666184,148.33333333333334,110.0,95.0,0.39009588440410536
48.299951699999994,148.33333333333334,110.33333333333333,96.0,0.18553617784484588
48.333285,148.33333333333334,109.66666666666667,95.0,-0.0007925679711221165
48.3666183,148.0,109.66666666666667,95.0,-0.13483520942817534
48.399951599999994,148.0,109.66666666666667,95.0,-0.21193961307649126
48.4332849,148.0,110.0,94.66666666666667,-0.25254483960891383
48.4666182,148.0,109.66666666666667,94.66666666666667,-0.28285139412905397
48.499951499999995,147.33333333333334,109.0,94.33333333333333,-0.3161096128036406
48.5332848,147.66666666666666,109.0,94.33333333333333,-0.34693024917584575
48.5666181,147.66666666666666,109.0,95.0,-0.3591731544907636
48.599951399999995,147.33333333333334,109.0,94.33333333333333,-0.33887119923652265
48.6332847,147.0,108.33333333333333,94.0,-0.28334368823935835
48.666618,147.0,108.33333333333333,93.66666666666667,-0.20284335819870536
