time_s,observed_fraction,interpolated_fraction,spectral_peak_bpm,peak_concentration,accepted,status,ridge_bpm,legacy_ridge_bpm,evidence_local_bpm,evidence_score,evidence_runner_up_margin,evidence_selected_relative_power,evidence_selected_peak_bpm,evidence_selected_periodic_support,evidence_selected_motion_overlap,evidence_candidate_count,evidence_candidates_json,evidence_reacquired,evidence_tracker_state,evidence_motion_available,raw_spectral_peak_bpm,window_start_s,window_end_s,proposal_accepted,proposal_status,consensus_bpm,proposal_roi_count,waveform_roi_count,waveform_generated,neighbor_covered,hr_source
4.999995,0.7,0.0,,,False,gap_or_filter_edge,,,,,,,,,,0,[],False,unavailable,False,,0.0,9.99999,False,guard_insufficient_branch_evidence,,0,0,False,False,saved_fused_waveform_offline
5.999994,0.8,0.0,,,False,gap_or_filter_edge,,,,,,,,,,0,[],False,unavailable,False,,0.999999,10.999989,False,guard_insufficient_branch_evidence,,0,0,False,False,saved_fused_waveform_offline
6.999993,0.9,0.0,,,False,gap_or_filter_edge,,,,,,,,,,0,[],False,unavailable,False,,1.999998,11.999988,False,guard_insufficient_branch_evidence,,0,0,False,False,saved_fused_waveform_offline
7.999992,1.0,0.0,92.0,0.46504075001212447,True,candidate_only,92.0,92.0,92.0,1.4540038369443415,1.9389050500529366,1.0,92.0,0.7355872106094103,0.07852806850599536,6,"[{""bpm"":92.0,""relative_power"":1.0,""peak_concentration"":0.46504075001212447,""prominence"":1.0,""period_correlation"":0.7382054576859118,""split_period_correlation"":0.7277324693799062,""periodic_support"":0.7355872106094103,""harmonic2_relative_power"":0.5418770022684208,""harmonic3_relative_power"":0.0003880942415852802,""harmonic_support"":0.7430179909064843,""motion_profile"":0.07852806850599536,""motion_strength"":0.9935896254128586,""motion_reliability"":1.0,""motion_overlap"":0.07852806850599536,""motion_available"":true,""evidence_score"":1.4540038369443415,""supported_bpm"":[89.0,90.0,91.0,92.0,93.0,94.0,95.0],""supported_relative_power"":[0.7828942080248028,0.9173023173923507,0.9938962502464904,1.0,0.9357739025849658,0.8138687188915502,0.6551737529317877]},{""bpm"":49.0,""relative_power"":0.06428120944229274,""peak_concentration"":0.035612565066476636,""prominence"":0.06378539189756338,""period_correlation"":0.3212779412832814,""split_period_correlation"":0.3109178192107429,""periodic_support"":0.3186879107651468,""harmonic2_relative_power"":0.211990104974509,""harmonic3_relative_power"":0.03461859286110649,""harmonic_support"":0.1332453305777291,""motion_profile"":0.006505977962623604,""motion_strength"":0.9935896254128586,""motion_reliability"":1.0,""motion_overlap"":0.006505977962623604,""motion_available"":true,""evidence_score"":-0.484901213108595,""supported_bpm"":[46.0,47.0,48.0,49.0,50.0,51.0,52.0],""supported_relative_power"":[0.052350083624461745,0.05929233950788896,0.06325367018066452,0.06428120944229274,0.06286730005972933,0.059698544591066785,0.055419892655188284]},{""bpm"":113.0,""relative_power"":0.0935740484771376,""peak_concentration"":0.051864377409178514,""prominence"":0.08809690012754583,""period_correlation"":-0.033038962925978375,""split_period_correlation"":-0.02573058129855929,""periodic_support"":0.0,""harmonic2_relative_power"":0.000426775250818173,""harmonic3_relative_power"":8.257299569213668e-07,""harmonic_support"":0.0064167107250940715,""motion_profile"":0.00046995335801855795,""motion_strength"":0.9935896254128586,""motion_reliability"":1.0,""motion_overlap"":0.00046995335801855795,""motion_available"":true,""evidence_score"":-0.8233214988030776,""supported_bpm"":[110.0,111.0,112.0,113.0,114.0,115.0,116.0],""supported_relative_power"":[0.08143196144955883,0.0893800109815859,0.09339811749403404,0.0935740484771376,0.09037232390582359,0.08443251940725512,0.07639708991755895]},{""bpm"":77.0,""relative_power"":0.05416443722802522,""peak_concentration"":0.026060193104176368,""prominence"":0.03823546562473657,""period_correlation"":0.02583807362194394,""split_period_correlation"":0.03732107357234897,""periodic_support"":0.028708823609545197,""harmonic2_relative_power"":0.0048881443765297315,""harmonic3_relative_power"":0.0002223782032607425,""harmonic_support"":0.017486263939416238,""motion_profile"":0.002448327331399906,""motion_strength"":0.9935896254128586,""motion_reliability"":1.0,""motion_overlap"":0.002448327331399906,""motion_available"":true,""evidence_score"":-0.9745001932124896,""supported_bpm"":[76.0,77.0,78.0],""supported_relative_power"":[0.05300359171059553,0.05416443722802522,0.05090744414276392]},{""bpm"":161.0,""relative_power"":0.05420234413807695,""peak_concentration"":0.02669519264898585,""prominence"":0.022491992700745617,""period_correlation"":-0.3114011051364736,""split_period_correlation"":-0.31298521905390253,""periodic_support"":0.0,""harmonic2_relative_power"":8.017799299542489e-06,""harmonic3_relative_power"":5.482329667651696e-09,""harmonic_support"":0.0006652628529900551,""motion_profile"":0.007509532916209175,""motion_strength"":0.9935896254128586,""motion_reliability"":1.0,""motion_overlap"":0.007509532916209175,""motion_available"":true,""evidence_score"":-1.0289825458843889,""supported_bpm"":[160.0,161.0,162.0],""supported_relative_power"":[0.052694095797030646,0.05420234413807695,0.05178078187048603]},{""bpm"":184.0,""relative_power"":0.5418770022684208,""peak_concentration"":0.26422018490502863,""prominence"":0.5415157382737894,""period_correlation"":-0.2941009141948835,""split_period_correlation"":-0.29655379450026353,""periodic_support"":0.0,""harmonic2_relative_power"":3.768916129068595e-08,""harmonic3_relative_power"":2.55380222819442e-09,""harmonic_support"":0.00015592870771641678,""motion_profile"":0.965193559018601,""motion_strength"":0.9935896254128586,""motion_reliability"":1.0,""motion_overlap"":0.965193559018601,""motion_available"":true,""evidence_score"":-1.4207867027984626,""supported_bpm"":[181.0,182.0,183.0,184.0,185.0,186.0,187.0],""supported_relative_power"":[0.396707466311202,0.47175322018526106,0.5226793872755718,0.5418770022684208,0.5267451471580418,0.4805730838428002,0.41146416588615753]}]",False,acquired,True,92.0,2.999997,12.999986999999999,True,accepted_consensus,92.0,3,2,True,False,saved_fused_waveform_offline
8.999991,1.0,0.0,91.0,0.45813298104195466,True,candidate_only,92.0,92.0,91.0,1.3837103633460455,2.2549974023635944,0.9781466250971214,91.0,0.6886686685508144,0.08580008127057036,5,"[{""bpm"":91.0,""relative_power"":1.0,""peak_concentration"":0.45813298104195466,""prominence"":1.0,""period_correlation"":0.6917379223437151,""split_period_correlation"":0.6794609071721123,""periodic_support"":0.6886686685508144,""harmonic2_relative_power"":0.5612787481137638,""harmonic3_relative_power"":0.0006968905841855589,""harmonic_support"":0.7584249295283624,""motion_profile"":0.08580008127057036,""motion_strength"":0.9936924486654357,""motion_reliability"":1.0,""motion_overlap"":0.08580008127057036,""motion_available"":true,""evidence_score"":1.4087103633460454,""supported_bpm"":[88.0,89.0,90.0,91.0,92.0,93.0,94.0],""supported_relative_power"":[0.6684419426282492,0.8316818799485479,0.9486035079070916,1.0,0.9781466250971214,0.8885196326039206,0.7482350383039426]},{""bpm"":77.0,""relative_power"":0.07739961844447707,""peak_concentration"":0.027437547102390044,""prominence"":0.06706395808450914,""period_correlation"":-0.0011856028546871483,""split_period_correlation"":0.02724232532126194,""periodic_support"":0.005921379189300123,""harmonic2_relative_power"":0.023104929409445214,""harmonic3_relative_power"":0.00020485891820794344,""harmonic_support"":0.04368213250815008,""motion_profile"":0.0007295910513162677,""motion_strength"":0.9936924486654357,""motion_reliability"":1.0,""motion_overlap"":0.0007295910513162677,""motion_available"":true,""evidence_score"":-0.8462870390175489,""supported_bpm"":[75.0,76.0,77.0,78.0,79.0],""supported_relative_power"":[0.05087671752630658,0.0673287358955684,0.07739961844447707,0.07725366712802238,0.06542134070034343]},{""bpm"":111.0,""relative_power"":0.06909674143171715,""peak_concentration"":0.039424906959833306,""prominence"":0.04781779656956421,""period_correlation"":0.007094828216015641,""split_period_correlation"":-0.012505121729357409,""periodic_support"":0.002194840729672379,""harmonic2_relative_power"":0.001455290782946951,""harmonic3_relative_power"":1.8739179686116579e-06,""harmonic_support"":0.010153696476163607,""motion_profile"":0.0005391679373718845,""motion_strength"":0.9936924486654357,""motion_reliability"":1.0,""motion_overlap"":0.0005391679373718845,""motion_available"":true,""evidence_score"":-0.9233926359542595,""supported_bpm"":[108.0,109.0,110.0,111.0,112.0,113.0,114.0],""supported_relative_power"":[0.05540168103094175,0.06370238897204468,0.06830698394863975,0.06909674143171715,0.06688110862093959,0.06311644648001519,0.05922411733658856]},{""bpm"":159.0,""relative_power"":0.05287223604285596,""peak_concentration"":0.02274669936353192,""prominence"":0.04459027248054915,""period_correlation"":-0.2808881873827408,""split_period_correlation"":-0.26677063520087485,""periodic_support"":0.0,""harmonic2_relative_power"":7.240706310791678e-06,""harmonic3_relative_power"":5.1305910571942084e-08,""harmonic_support"":0.0006369635758941992,""motion_profile"":0.005016483033374775,""motion_strength"":0.9936924486654357,""motion_reliability"":1.0,""motion_overlap"":0.005016483033374775,""motion_available"":true,""evidence_score"":-1.0345905609569306,""supported_bpm"":[158.0,159.0],""supported_relative_power"":[0.05084333941388614,0.05287223604285596]},{""bpm"":183.0,""relative_power"":0.5759192795229375,""peak_concentration"":0.288793075045505,""prominence"":0.5724731490455646,""period_correlation"":-0.24764007443194017,""split_period_correlation"":-0.22477047961244578,""periodic_support"":0.0,""harmonic2_relative_power"":1.8379287696677478e-07,""harmonic3_relative_power"":1.679127677372434e-08,""harmonic_support"":0.000359764159337674,""motion_profile"":0.973221834315797,""motion_strength"":0.9936924486654357,""motion_reliability"":1.0,""motion_overlap"":0.973221834315797,""motion_available"":true,""evidence_score"":-1.4092932474737583,""supported_bpm"":[180.0,181.0,182.0,183.0,184.0,185.0,186.0],""supported_relative_power"":[0.4486544467414886,0.5154377319667927,0.5612787481137638,0.5759192795229375,0.5561233869099936,0.5036741333334711,0.42618482447909584]}]",False,tracked,True,91.0,3.999996,13.999986,True,accepted_consensus,92.0,3,2,True,False,saved_fused_waveform_offline
9.99999,1.0,0.0,91.0,0.4545502236748501,True,candidate_only,92.0,92.0,91.0,1.397045108632105,2.118351748350757,0.9727827145829564,91.0,0.6732846862179943,0.09466489316008248,4,"[{""bpm"":91.0,""relative_power"":1.0,""peak_concentration"":0.4545502236748501,""prominence"":1.0,""period_correlation"":0.6741419375634775,""split_period_correlation"":0.6707129321815449,""periodic_support"":0.6732846862179943,""harmonic2_relative_power"":0.621446664941722,""harmonic3_relative_power"":0.0010691377035922218,""harmonic_support"":0.7997630702424141,""motion_profile"":0.09466489316008248,""motion_strength"":0.993744431363445,""motion_reliability"":1.0,""motion_overlap"":0.09466489316008248,""motion_available"":true,""evidence_score"":1.4220451086321049,""supported_bpm"":[88.0,89.0,90.0,91.0,92.0,93.0,94.0],""supported_relative_power"":[0.7313802398084743,0.8665316242158798,0.9617319501880345,1.0,0.9727827145829564,0.8823927932419708,0.7418982170277343]},{""bpm"":107.0,""relative_power"":0.068508544241573,""peak_concentration"":0.02837313692711854,""prominence"":0.06227197884982382,""period_correlation"":0.19267963025447749,""split_period_correlation"":0.21928675856377883,""periodic_support"":0.1993314123318028,""harmonic2_relative_power"":0.008072529019462114,""harmonic3_relative_power"":9.618263676077992e-07,""harmonic_support"":0.02360658714823902,""motion_profile"":0.0007191180946055753,""motion_strength"":0.993744431363445,""motion_reliability"":1.0,""motion_overlap"":0.0007191180946055753,""motion_available"":true,""evidence_score"":-0.6963066397186524,""supported_bpm"":[105.0,106.0,107.0,108.0,109.0],""supported_relative_power"":[0.05969612446924891,0.06708431568377327,0.068508544241573,0.06460180855163657,0.05659513094254262]},{""bpm"":157.0,""relative_power"":0.07129033975047837,""peak_concentration"":0.031568480457111525,""prominence"":0.06816723178893695,""period_correlation"":-0.27757715135082806,""split_period_correlation"":-0.3020707719613547,""periodic_support"":0.0,""harmonic2_relative_power"":2.2041981018602512e-05,""harmonic3_relative_power"":1.5268574162853165e-07,""harmonic_support"":0.0012900630455282848,""motion_profile"":0.0017530953107466546,""motion_strength"":0.993744431363445,""motion_reliability"":1.0,""motion_overlap"":0.0017530953107466546,""motion_available"":true,""evidence_score"":-0.9252493629319998,""supported_bpm"":[154.0,155.0,156.0,157.0,158.0,159.0],""supported_relative_power"":[0.05393123979228422,0.06346801989761046,0.06957667864952882,0.07129033975047837,0.06820246599295439,0.06063013445745011]},{""bpm"":182.0,""relative_power"":0.621446664941722,""peak_concentration"":0.29068649438493127,""prominence"":0.6195926549590037,""period_correlation"":-0.2205439794154017,""split_period_correlation"":-0.2517890157901926,""periodic_support"":0.0,""harmonic2_relative_power"":2.351979857685526e-08,""harmonic3_relative_power"":5.1958691610329874e-08,""harmonic_support"":0.00018379042424916398,""motion_profile"":0.9763887819113761,""motion_strength"":0.993744431363445,""motion_reliability"":1.0,""motion_overlap"":0.9763887819113761,""motion_available"":true,""evidence_score"":-1.3867990028981145,""supported_bpm"":[179.0,180.0,181.0,182.0,183.0,184.0,185.0],""supported_relative_power"":[0.45071859364819467,0.5308848304823924,0.5919874168493261,0.621446664941722,0.6122067921672327,0.5654759623545714,0.4870937913207862]}]",False,tracked,True,91.0,4.999995,14.999984999999999,True,accepted_consensus,92.0,3,2,True,False,saved_fused_waveform_offline
10.999989,1.0,0.0,92.0,0.4264873869816004,True,candidate_only,92.0,92.0,92.0,1.4556503553088844,2.080500836022714,1.0,92.0,0.7216785221289542,0.09909744493831235,5,"[{""bpm"":92.0,""relative_power"":1.0,""peak_concentration"":0.4264873869816004,""prominence"":1.0,""period_correlation"":0.7272337116831619,""split_period_correlation"":0.7050129534663312,""periodic_support"":0.7216785221289542,""harmonic2_relative_power"":0.6012914212060373,""harmonic3_relative_power"":0.0008569766395483166,""harmonic_support"":0.7856757871399253,""motion_profile"":0.09909744493831235,""motion_strength"":0.9935436027473458,""motion_reliability"":1.0,""motion_overlap"":0.09909744493831235,""motion_available"":true,""evidence_score"":1.4556503553088844,""supported_bpm"":[89.0,90.0,91.0,92.0,93.0,94.0,95.0],""supported_relative_power"":[0.8350225473755051,0.9350045188419941,0.9949946428409894,1.0,0.9430593291648744,0.8280203541598675,0.668237982785774]},{""bpm"":106.0,""relative_power"":0.07094575095065518,""peak_concentration"":0.025519441135372235,""prominence"":0.0520560250097844,""period_correlation"":0.24003377822389066,""split_period_correlation"":0.23814744094044427,""periodic_support"":0.23956219390302907,""harmonic2_relative_power"":0.020765057766722526,""harmonic3_relative_power"":5.284394770659121e-06,""harmonic_support"":0.03859649470548038,""motion_profile"":0.0007371767394635342,""motion_strength"":0.9935436027473458,""motion_reliability"":1.0,""motion_overlap"":0.0007371767394635342,""motion_available"":true,""evidence_score"":-0.6248504807138296,""supported_bpm"":[104.0,105.0,106.0,107.0,108.0],""supported_relative_power"":[0.06182377911530555,0.07088415618719188,0.07094575095065518,0.06358094783690398,0.051810342397925695]},{""bpm"":156.0,""relative_power"":0.10053194911708017,""peak_concentration"":0.041176492200997325,""prominence"":0.0901994120661887,""period_correlation"":-0.3223646971327577,""split_period_correlation"":-0.32432607832450355,""periodic_support"":0.0,""harmonic2_relative_power"":3.9220125596082234e-05,""harmonic3_relative_power"":3.8288607486980734e-07,""harmonic_support"":0.0020543356394071978,""motion_profile"":0.0006505702607005602,""motion_strength"":0.9935436027473458,""motion_reliability"":1.0,""motion_overlap"":0.0006505702607005602,""motion_available"":true,""evidence_score"":-0.802806772305659,""supported_bpm"":[153.0,154.0,155.0,156.0,157.0,158.0,159.0],""supported_relative_power"":[0.07038770076954272,0.08588317416594464,0.09640606163975189,0.10053194911708017,0.09794432902088503,0.08942547258933606,0.07662610828422242]},{""bpm"":141.0,""relative_power"":0.0677046396740231,""peak_concentration"":0.028199049588020195,""prominence"":0.058933073250995886,""period_correlation"":-0.398698493896718,""split_period_correlation"":-0.4012865728940018,""periodic_support"":0.0,""harmonic2_relative_power"":9.938349233681911e-05,""harmonic3_relative_power"":8.936229480119613e-07,""harmonic_support"":0.0026800686612928042,""motion_profile"":0.0014068784652877466,""motion_strength"":0.9935436027473458,""motion_reliability"":1.0,""motion_overlap"":0.0014068784652877466,""motion_available"":true,""evidence_score"":-0.9414887284166749,""supported_bpm"":[138.0,139.0,140.0,141.0,142.0,143.0],""supported_relative_power"":[0.05480618327600488,0.06227009511673886,0.06689639869941631,0.0677046396740231,0.0641842050960121,0.05648773621441608]},{""bpm"":183.0,""relative_power"":0.6367510255838676,""peak_concentration"":0.26065878073212856,""prominence"":0.6346048454985138,""period_correlation"":-0.2586361268835482,""split_period_correlation"":-0.256750599137893,""periodic_support"":0.0,""harmonic2_relative_power"":2.3884996312165874e-08,""harmonic3_relative_power"":9.025189418495108e-08,""harmonic_support"":0.00020722763168354983,""motion_profile"":0.9935436027473458,""motion_strength"":0.9935436027473458,""motion_reliability"":1.0,""motion_overlap"":0.9935436027473458,""motion_available"":true,""evidence_score"":-1.3997040698669891,""supported_bpm"":[180.0,181.0,182.0,183.0,184.0,185.0,186.0],""supported_relative_power"":[0.5005977485351589,0.5806197373442918,0.6295284438892815,0.6367510255838676,0.6012914212060373,0.5280513655589727,0.42838316935693677]}]",False,tracked,True,92.0,5.999994,15.999984,True,accepted_consensus,92.0,2,2,True,False,saved_fused_waveform_offline
11.999988,1.0,0.0,93.0,0.4024694495740859,True,candidate_only,93.0,93.0,93.0,1.4127796078188672,2.1731978411461625,1.0,93.0,0.7406868670998823,0.0991191955822013,4,"[{""bpm"":93.0,""relative_power"":1.0,""peak_concentration"":0.4024694495740859,""prominence"":1.0,""period_correlation"":0.7379324585500204,""split_period_correlation"":0.748950092749468,""periodic_support"":0.7406868670998823,""harmonic2_relative_power"":0.5092393214025113,""harmonic3_relative_power"":0.0005641284476432983,""harmonic_support"":0.7219230484867482,""motion_profile"":0.0991191955822013,""motion_strength"":0.9937065830168121,""motion_reliability"":1.0,""motion_overlap"":0.0991191955822013,""motion_available"":true,""evidence_score"":1.4127796078188672,""supported_bpm"":[90.0,91.0,92.0,93.0,94.0,95.0,96.0],""supported_relative_power"":[0.7716106354209287,0.8984418078028993,0.9805495239006797,1.0,0.9508017338687209,0.8379482599590776,0.6864426092868424]},{""bpm"":155.0,""relative_power"":0.11332251916103639,""peak_concentration"":0.05155507417178103,""prominence"":0.1090904982801648,""period_correlation"":-0.31020851834450347,""split_period_correlation"":-0.29097177580982775,""periodic_support"":0.0,""harmonic2_relative_power"":3.111418542786933e-05,""harmonic3_relative_power"":4.0891477412674e-07,""harmonic_support"":0.0019530910246476677,""motion_profile"":0.0001921948287365767,""motion_strength"":0.9937065830168121,""motion_reliability"":1.0,""motion_overlap"":0.0001921948287365767,""motion_available"":true,""evidence_score"":-0.7604182333272954,""supported_bpm"":[152.0,153.0,154.0,155.0,156.0,157.0,158.0],""supported_relative_power"":[0.09272469459084122,0.10428336057693581,0.11150898947449846,0.11332251916103639,0.1096636763160571,0.10142968995293829,0.09010607356720349]},{""bpm"":142.0,""relative_power"":0.08425965475269197,""peak_concentration"":0.03928364025124959,""prominence"":0.030871522309637592,""period_correlation"":-0.35904049847907504,""split_period_correlation"":-0.34755943624322727,""periodic_support"":0.0,""harmonic2_relative_power"":8.466121922024079e-05,""harmonic3_relative_power"":8.500040335592763e-07,""harmonic_support"":0.0027645333641966017,""motion_profile"":0.0012450856099540245,""motion_strength"":0.9937065830168121,""motion_reliability"":1.0,""motion_overlap"":0.0012450856099540245,""motion_available"":true,""evidence_score"":-0.8646400655937223,""supported_bpm"":[139.0,140.0,141.0,142.0,143.0,144.0,145.0],""supported_relative_power"":[0.07170472973403566,0.07947665377150673,0.08379112317038676,0.08425965475269197,0.08098839390932853,0.07469041100435582,0.06671072274608705]},{""bpm"":184.0,""relative_power"":0.602311942544946,""peak_concentration"":0.23931588115924768,""prominence"":0.6006337546489938,""period_correlation"":-0.27626399759597897,""split_period_correlation"":-0.25563220349591814,""periodic_support"":0.0,""harmonic2_relative_power"":1.317596187741277e-07,""harmonic3_relative_power"":9.787897835405577e-08,""harmonic_support"":0.00036669108986441316,""motion_profile"":0.9818171424970706,""motion_strength"":0.9937065830168121,""motion_reliability"":1.0,""motion_overlap"":0.9818171424970706,""motion_available"":true,""evidence_score"":-1.4043476638449652,""supported_bpm"":[181.0,182.0,183.0,184.0,185.0,186.0,187.0],""supported_relative_power"":[0.4583930191596869,0.538598061081522,0.5895488860670298,0.602311942544946,0.5739711687428624,0.5092393214025113,0.4192938272976972]}]",False,tracked,True,93.0,6.999993,16.999983,True,accepted_consensus,93.0,2,2,True,False,saved_fused_waveform_offline
12.999986999999999,1.0,0.0,94.0,0.4373032949588871,True,candidate_only,94.0,94.0,94.0,1.2912333459335814,1.5531689571670109,1.0,94.0,0.7035293455197827,0.0948273389786064,4,"[{""bpm"":94.0,""relative_power"":1.0,""peak_concentration"":0.4373032949588871,""prominence"":1.0,""period_correlation"":0.6958131826916186,""split_period_correlation"":0.726677834004275,""periodic_support"":0.7035293455197827,""harmonic2_relative_power"":0.39692433139499333,""harmonic3_relative_power"":0.000280890824219448,""harmonic_support"":0.6358852395850781,""motion_profile"":0.0948273389786064,""motion_strength"":0.9938750325591422,""motion_reliability"":1.0,""motion_overlap"":0.0948273389786064,""motion_available"":true,""evidence_score"":1.2912333459335814,""supported_bpm"":[91.0,92.0,93.0,94.0,95.0,96.0,97.0],""supported_relative_power"":[0.6636560184422907,0.8320428542311256,0.9508702337920396,1.0,0.9686059101922984,0.8704034853642489,0.7296010943071317]},{""bpm"":81.0,""relative_power"":0.1592539681164081,""peak_concentration"":0.07533812123480152,""prominence"":0.11340480700177093,""period_correlation"":0.2798189636716715,""split_period_correlation"":0.30283065414680765,""periodic_support"":0.2855718862904555,""harmonic2_relative_power"":0.026127535297312685,""harmonic3_relative_power"":0.0013394646172702443,""harmonic_support"":0.06961700275182683,""motion_profile"":0.002113932276492014,""motion_strength"":0.9938750325591422,""motion_reliability"":1.0,""motion_overlap"":0.002113932276492014,""motion_available"":true,""evidence_score"":-0.2619356112334295,""supported_bpm"":[78.0,79.0,80.0,81.0,82.0,83.0,84.0],""supported_relative_power"":[0.12518385009892982,0.14187913051214554,0.15555840587372616,0.1592539681164081,0.1486625483462565,0.1231296922656376,0.08828487410334504]},{""bpm"":152.0,""relative_power"":0.11027645230255217,""peak_concentration"":0.06608730902724062,""prominence"":0.10705931575438636,""period_correlation"":-0.3438025351563242,""split_period_correlation"":-0.3926941935199125,""periodic_support"":0.0,""harmonic2_relative_power"":4.36285339079766e-06,""harmonic3_relative_power"":2.39836449949723e-07,""harmonic_support"":0.000750548418431271,""motion_profile"":0.00031303746291249534,""motion_strength"":0.9938750325591422,""motion_reliability"":1.0,""motion_overlap"":0.00031303746291249534,""motion_available"":true,""evidence_score"":-0.7713084505483901,""supported_bpm"":[149.0,150.0,151.0,152.0,153.0,154.0,155.0],""supported_relative_power"":[0.10242500903873396,0.10634895807231516,0.10921534942255852,0.11027645230255217,0.10866296629380565,0.10397957295110614,0.09639686867869518]},{""bpm"":185.0,""relative_power"":0.5277655377507524,""peak_concentration"":0.2416261229513512,""prominence"":0.5268388244791747,""period_correlation"":-0.3278844768640735,""split_period_correlation"":-0.3618032986846461,""periodic_support"":0.0,""harmonic2_relative_power"":4.708554262212136e-07,""harmonic3_relative_power"":5.917636980000447e-08,""harmonic_support"":0.0005603522919230704,""motion_profile"":0.9938750325591422,""motion_strength"":0.9938750325591422,""motion_reliability"":1.0,""motion_overlap"":0.9938750325591422,""motion_available"":true,""evidence_score"":-1.4654695413230683,""supported_bpm"":[182.0,183.0,184.0,185.0,186.0,187.0,188.0],""supported_relative_power"":[0.3693438019478786,0.448926519153554,0.504885004687301,0.5277655377507524,0.5141912089931568,0.4675601558850416,0.39692433139499333]}]",False,tracked,True,94.0,7.999992,17.999982,True,accepted_consensus,94.0,2,2,True,False,saved_fused_waveform_offline
13.999986,1.0,0.0,95.0,0.5136640397379296,True,candidate_only,94.0,94.0,95.0,1.0776203519480165,1.5536529063390445,0.9853118984209613,95.0,0.6321780177698657,0.08351745441275442,6,"[{""bpm"":95.0,""relative_power"":1.0,""peak_concentration"":0.5136640397379296,""prominence"":1.0,""period_correlation"":0.6329817927575101,""split_period_correlation"":0.6297666928069324,""periodic_support"":0.6321780177698657,""harmonic2_relative_power"":0.258284959543476,""harmonic3_relative_power"":9.458491033622936e-05,""harmonic_support"":0.5116213504171072,""motion_profile"":0.08351745441275442,""motion_strength"":0.9938215246834504,""motion_reliability"":1.0,""motion_overlap"":0.08351745441275442,""motion_available"":true,""evidence_score"":1.1026203519480164,""supported_bpm"":[92.0,93.0,94.0,95.0,96.0,97.0,98.0],""supported_relative_power"":[0.7348356476527849,0.8896003593889522,0.9853118984209613,1.0,0.9359455060891814,0.8112066724183236,0.6496444453326724]},{""bpm"":82.0,""relative_power"":0.07809192040514254,""peak_concentration"":0.039915618897257234,""prominence"":0.06313758609490275,""period_correlation"":0.3803252643482851,""split_period_correlation"":0.3915394435918088,""periodic_support"":0.38312880915916603,""harmonic2_relative_power"":0.004395883142484564,""harmonic3_relative_power"":0.000741126568632152,""harmonic_support"":0.021190566353443203,""motion_profile"":0.0009686184217377572,""motion_strength"":0.9938215246834504,""motion_reliability"":1.0,""motion_overlap"":0.0009686184217377572,""motion_available"":true,""evidence_score"":-0.45103255439102813,""supported_bpm"":[80.0,81.0,82.0,83.0,84.0],""supported_relative_power"":[0.05843061161205065,0.07237988497668008,0.07809192040514254,0.07121028008482558,0.05237855133698364]},{""bpm"":149.0,""relative_power"":0.09616903876311302,""peak_concentration"":0.06540325221704192,""prominence"":0.09381511390491958,""period_correlation"":-0.3799646336127334,""split_period_correlation"":-0.39875431014098883,""periodic_support"":0.0,""harmonic2_relative_power"":4.3720028140375685e-06,""harmonic3_relative_power"":1.1047183477920066e-07,""harmonic_support"":0.0006844975938827999,""motion_profile"":0.00015461346849180937,""motion_strength"":0.9938215246834504,""motion_reliability"":1.0,""motion_overlap"":0.00015461346849180937,""motion_available"":true,""evidence_score"":-0.8190855046639782,""supported_bpm"":[146.0,147.0,148.0,149.0,150.0,151.0,152.0],""supported_relative_power"":[0.08423004966652492,0.09121433081958158,0.095166262401327,0.09616903876311302,0.09453738897741197,0.09069026754444695,0.08504661557413744]},{""bpm"":73.0,""relative_power"":0.05072722906520006,""peak_concentration"":0.029190038356195647,""prominence"":0.021621658431983094,""period_correlation"":-0.18582362434155572,""split_period_correlation"":-0.1635771803268895,""periodic_support"":0.0,""harmonic2_relative_power"":0.08423004966652492,""harmonic3_relative_power"":0.005148352596436332,""harmonic_support"":0.07102250336378624,""motion_profile"":0.0004521553015233605,""motion_strength"":0.9938215246834504,""motion_reliability"":1.0,""motion_overlap"":0.0004521553015233605,""motion_available"":true,""evidence_score"":-0.9729950483056183,""supported_bpm"":[72.0,73.0],""supported_relative_power"":[0.05008551250133407,0.05072722906520006]},{""bpm"":60.0,""relative_power"":0.05380039403220241,""peak_concentration"":0.028245769679696137,""prominence"":0.041839256743115415,""period_correlation"":-0.35460880585744126,""split_period_correlation"":-0.3591560501600558,""periodic_support"":0.0,""harmonic2_relative_power"":0.0017233058188488963,""harmonic3_relative_power"":0.10333354798833208,""harmonic_support"":0.03572528920043212,""motion_profile"":0.001359690974296466,""motion_strength"":0.9938215246834504,""motion_reliability"":1.0,""motion_overlap"":0.001359690974296466,""motion_available"":true,""evidence_score"":-0.9888403952553435,""supported_bpm"":[59.0,60.0],""supported_relative_power"":[0.05377946708254712,0.05380039403220241]},{""bpm"":186.0,""relative_power"":0.4473340562311986,""peak_concentration"":0.24371571330666353,""prominence"":0.4456107504123497,""period_correlation"":-0.3647875364607461,""split_period_correlation"":-0.36420370397369306,""periodic_support"":0.0,""harmonic2_relative_power"":7.855915089836901e-07,""harmonic3_relative_power"":1.6664601597529155e-08,""harmonic_support"":0.0006230275290807125,""motion_profile"":0.9938215246834504,""motion_strength"":0.9938215246834504,""motion_reliability"":1.0,""motion_overlap"":0.9938215246834504,""motion_available"":true,""evidence_score"":-1.523211250261574,""supported_bpm"":[183.0,184.0,185.0,186.0,187.0,188.0,189.0],""supported_relative_power"":[0.3250320248181951,0.39025716226080087,0.4331683576495848,0.4473340562311986,0.4313858017701646,0.3890914571477703,0.32790918665835045]}]",False,tracked,True,95.0,8.999991,18.999981,True,accepted_consensus,95.0,3,3,True,False,saved_fused_waveform_offline
14.999984999999999,1.0,0.0,95.0,0.5666340433675515,True,candidate_only,94.0,94.0,95.0,1.0426079707998335,2.0108780576787737,0.9941913702136083,95.0,0.6259196068198241,0.08299616472068741,4,"[{""bpm"":95.0,""relative_power"":1.0,""peak_concentration"":0.5666340433675515,""prominence"":1.0,""period_correlation"":0.6294759459845077,""split_period_correlation"":0.6152505893257731,""periodic_support"":0.6259196068198241,""harmonic2_relative_power"":0.2290452052154751,""harmonic3_relative_power"":0.00014779157106788418,""harmonic_support"":0.4828416091988861,""motion_profile"":0.08299616472068741,""motion_strength"":0.9938849437470311,""motion_reliability"":1.0,""motion_overlap"":0.08299616472068741,""motion_available"":true,""evidence_score"":1.0676079707998334,""supported_bpm"":[92.0,93.0,94.0,95.0,96.0,97.0,98.0],""supported_relative_power"":[0.7917137291714982,0.9182619367688901,0.9941913702136083,1.0,0.9362441379103555,0.8174632565725295,0.6640250063307866]},{""bpm"":58.0,""relative_power"":0.06416619040729617,""peak_concentration"":0.03410739154453747,""prominence"":0.06396781434423368,""period_correlation"":-0.4043592020408952,""split_period_correlation"":-0.37885171666647155,""periodic_support"":0.0,""harmonic2_relative_power"":0.0026734708478729514,""harmonic3_relative_power"":0.00655053858332968,""harmonic_support"":0.020273197849554524,""motion_profile"":0.001876553654101503,""motion_strength"":0.9938849437470311,""motion_reliability"":1.0,""motion_overlap"":0.001876553654101503,""motion_available"":true,""evidence_score"":-0.9432700868789403,""supported_bpm"":[56.0,57.0,58.0,59.0,60.0],""supported_relative_power"":[0.05423000466353734,0.06108873795691239,0.06416619040729617,0.06186952241319298,0.054602437994108174]},{""bpm"":146.0,""relative_power"":0.05976681320711188,""peak_concentration"":0.03590980927825127,""prominence"":0.05928843657344254,""period_correlation"":-0.40407964906648614,""split_period_correlation"":-0.3915715706254417,""periodic_support"":0.0,""harmonic2_relative_power"":1.8702046477502174e-06,""harmonic3_relative_power"":1.0834322294355257e-07,""harmonic_support"":0.00036249373660472326,""motion_profile"":0.001412290346580503,""motion_strength"":0.9938849437470311,""motion_reliability"":1.0,""motion_overlap"":0.001412290346580503,""motion_available"":true,""evidence_score"":-0.9874595265048396,""supported_bpm"":[145.0,146.0,147.0,148.0,149.0],""supported_relative_power"":[0.05712402459251199,0.05976681320711188,0.0585309768086175,0.054856318391200976,0.0503622480372711]},{""bpm"":186.0,""relative_power"":0.3724125039705773,""peak_concentration"":0.2133131745136059,""prominence"":0.37238070531556705,""period_correlation"":-0.42901740364503294,""split_period_correlation"":-0.4100431804123979,""periodic_support"":0.0,""harmonic2_relative_power"":7.215508133207845e-07,""harmonic3_relative_power"":1.9027685238522224e-09,""harmonic_support"":0.0005276937738194577,""motion_profile"":0.9938849437470311,""motion_strength"":0.9938849437470311,""motion_reliability"":1.0,""motion_overlap"":0.9938849437470311,""motion_available"":true,""evidence_score"":-1.5875420910079416,""supported_bpm"":[183.0,184.0,185.0,186.0,187.0,188.0,189.0],""supported_relative_power"":[0.2654590055086031,0.31901805068782707,0.3565424603624055,0.3724125039705773,0.3644259229558971,0.33422052826654336,0.28651360306102863]}]",False,tracked,True,95.0,9.99999,19.99998,True,accepted_consensus,94.0,3,3,True,False,saved_fused_waveform_offline
15.999984,1.0,0.0,94.0,0.5921289797932705,True,candidate_only,94.0,94.0,94.0,1.0508529195481016,1.764564946808449,1.0,94.0,0.5957417658907338,0.09093179073762551,5,"[{""bpm"":94.0,""relative_power"":1.0,""peak_concentration"":0.5921289797932705,""prominence"":1.0,""period_correlation"":0.5997592769616082,""split_period_correlation"":0.5836892326781107,""periodic_support"":0.5957417658907338,""harmonic2_relative_power"":0.25266970727611043,""harmonic3_relative_power"":0.00034905958653749504,""harmonic_support"":0.5092017154903263,""motion_profile"":0.09093179073762551,""motion_strength"":0.9940243402795236,""motion_reliability"":1.0,""motion_overlap"":0.09093179073762551,""motion_available"":true,""evidence_score"":1.0508529195481016,""supported_bpm"":[91.0,92.0,93.0,94.0,95.0,96.0,97.0],""supported_relative_power"":[0.7795260839779468,0.8951681918388342,0.9729442942197183,1.0,0.9669846752643837,0.8806197037277568,0.7562075628033023]},{""bpm"":43.0,""relative_power"":0.050290350330802695,""peak_concentration"":0.020809123592407185,""prominence"":0.02056895564577778,""period_correlation"":0.20766955574214152,""split_period_correlation"":0.19996382940833268,""periodic_support"":0.2057431241586893,""harmonic2_relative_power"":0.1757323750138568,""harmonic3_relative_power"":0.038019564616818366,""harmonic_support"":0.10931305409005097,""motion_profile"":0.0022902368090244127,""motion_strength"":0.9940243402795236,""motion_reliability"":1.0,""motion_overlap"":0.0022902368090244127,""motion_available"":true,""evidence_score"":-0.7137120272603473,""supported_bpm"":[43.0],""supported_relative_power"":[0.050290350330802695]},{""bpm"":56.0,""relative_power"":0.07444269572909844,""peak_concentration"":0.044265377947000153,""prominence"":0.07245101514675414,""period_correlation"":-0.3579417476222075,""split_period_correlation"":-0.4042898702697175,""periodic_support"":0.0,""harmonic2_relative_power"":0.007853987428952809,""harmonic3_relative_power"":0.002692914976588547,""harmonic_support"":0.02913552509271413,""motion_profile"":0.0023327696575360223,""motion_strength"":0.9940243402795236,""motion_reliability"":1.0,""motion_overlap"":0.0023327696575360223,""motion_available"":true,""evidence_score"":-0.8829844090245903,""supported_bpm"":[53.0,54.0,55.0,56.0,57.0,58.0,59.0],""supported_relative_power"":[0.05816288071680551,0.06679326242412816,0.07262299779019907,0.07444269572909844,0.07179498222397711,0.06505964444043377,0.05517698404166488]},{""bpm"":132.0,""relative_power"":0.05552693899143243,""peak_concentration"":0.02888266106367568,""prominence"":0.055146016506602856,""period_correlation"":-0.3049720806769577,""split_period_correlation"":-0.33183575282844,""periodic_support"":0.0,""harmonic2_relative_power"":2.5732052932267568e-05,""harmonic3_relative_power"":8.70924785578394e-08,""harmonic_support"":0.0012196729026627317,""motion_profile"":0.000408296563380089,""motion_strength"":0.9940243402795236,""motion_reliability"":1.0,""motion_overlap"":0.000408296563380089,""motion_available"":true,""evidence_score"":-1.0111011438672155,""supported_bpm"":[131.0,132.0,133.0],""supported_relative_power"":[0.05344707402247579,0.05552693899143243,0.05294146775198868]},{""bpm"":186.0,""relative_power"":0.2893030559968724,""peak_concentration"":0.16922443704048215,""prominence"":0.28927476826319415,""period_correlation"":-0.45695743139433803,""split_period_correlation"":-0.4511020555187306,""periodic_support"":0.0,""harmonic2_relative_power"":8.949210411630924e-07,""harmonic3_relative_power"":2.9424705231332037e-09,""harmonic_support"":0.0005190372629670047,""motion_profile"":0.9940243402795236,""motion_strength"":0.9940243402795236,""motion_reliability"":1.0,""motion_overlap"":0.9940243402795236,""motion_available"":true,""evidence_score"":-1.676109564359627,""supported_bpm"":[183.0,184.0,185.0,186.0,187.0,188.0,189.0],""supported_relative_power"":[0.22649468315794283,0.2612620990619074,0.28327844900113747,0.2893030559968724,0.2785196043528178,0.25266970727611043,0.21544484571301584]}]",False,tracked,True,94.0,10.999989,20.999979,True,accepted_consensus,94.0,3,2,True,False,saved_fused_waveform_offline
16.999983,1.0,0.0,93.0,0.5937558381423583,True,candidate_only,93.0,93.0,93.0,1.0137449197108916,1.8294625078728108,1.0,93.0,0.6112206311895654,0.09170283722058106,4,"[{""bpm"":93.0,""relative_power"":1.0,""peak_concentration"":0.5937558381423583,""prominence"":1.0,""period_correlation"":0.6154819848387625,""split_period_correlation"":0.5984365702419743,""periodic_support"":0.6112206311895654,""harmonic2_relative_power"":0.20139983024946995,""harmonic3_relative_power"":0.0004296556229671147,""harmonic_support"":0.4560307719280961,""motion_profile"":0.09170283722058106,""motion_strength"":0.9941551362297912,""motion_reliability"":1.0,""motion_overlap"":0.09170283722058106,""motion_available"":true,""evidence_score"":1.0137449197108916,""supported_bpm"":[90.0,91.0,92.0,93.0,94.0,95.0,96.0],""supported_relative_power"":[0.7409930970349662,0.8689990846261912,0.9597672857334847,1.0,0.9836327830735498,0.9102420298208712,0.7944337240799298]},{""bpm"":53.0,""relative_power"":0.08623101054750873,""peak_concentration"":0.06247662465151375,""prominence"":0.08443346947846844,""period_correlation"":-0.09858539536376178,""split_period_correlation"":-0.06735675309240449,""periodic_support"":0.0,""harmonic2_relative_power"":0.018915184493860232,""harmonic3_relative_power"":0.003589227993843512,""harmonic_support"":0.046544017067866116,""motion_profile"":0.0036061680184865815,""motion_strength"":0.9941551362297912,""motion_reliability"":1.0,""motion_overlap"":0.0036061680184865815,""motion_available"":true,""evidence_score"":-0.8157175881619192,""supported_bpm"":[50.0,51.0,52.0,53.0,54.0,55.0,56.0],""supported_relative_power"":[0.07654020121628573,0.08042874011821434,0.08404943136992889,0.08623101054750873,0.08601827773639267,0.08286604751615949,0.07676900527734616]},{""bpm"":133.0,""relative_power"":0.07455379493582638,""peak_concentration"":0.04892116554041483,""prominence"":0.07374364218579917,""period_correlation"":-0.3023125937552349,""split_period_correlation"":-0.23074139789624026,""periodic_support"":0.0,""harmonic2_relative_power"":7.517383319214267e-05,""harmonic3_relative_power"":2.0865367051889063e-08,""harmonic_support"":0.00238118571777113,""motion_profile"":0.00015333741339680222,""motion_strength"":0.9941551362297912,""motion_reliability"":1.0,""motion_overlap"":0.00015333741339680222,""motion_available"":true,""evidence_score"":-0.906492503122295,""supported_bpm"":[130.0,131.0,132.0,133.0,134.0,135.0,136.0],""supported_relative_power"":[0.05843356622741555,0.06756366588514369,0.07301778185184449,0.07455379493582638,0.07260043386248531,0.06830575998947627,0.06320324718766389]},{""bpm"":185.0,""relative_power"":0.20634702274343264,""peak_concentration"":0.1300654961098276,""prominence"":0.2060562784876157,""period_correlation"":-0.4323784503878031,""split_period_correlation"":-0.4374433601146087,""periodic_support"":0.0,""harmonic2_relative_power"":1.1367742737141202e-06,""harmonic3_relative_power"":6.402986063532833e-09,""harmonic_support"":0.0004970463469298435,""motion_profile"":0.9453923755875012,""motion_strength"":0.9941551362297912,""motion_reliability"":1.0,""motion_overlap"":0.9453923755875012,""motion_available"":true,""evidence_score"":-1.7336120060138736,""supported_bpm"":[182.0,183.0,184.0,185.0,186.0,187.0,188.0],""supported_relative_power"":[0.16604754702615412,0.18790872535713665,0.201809011186306,0.20634702274343264,0.20139983024946995,0.18802499519605503,0.16813483961526376]}]",False,tracked,True,93.0,11.999988,21.999978,True,accepted_consensus,93.0,2,2,True,False,saved_fused_waveform_offline
17.999982,1.0,0.0,93.0,0.592910010104479,True,candidate_only,93.0,93.0,93.0,0.9059141997857812,1.3187413964857355,1.0,93.0,0.5935705363580874,0.0896846514814258,4,"[{""bpm"":93.0,""relative_power"":1.0,""peak_concentration"":0.592910010104479,""prominence"":1.0,""period_correlation"":0.59737917546833,""split_period_correlation"":0.5821446190273599,""periodic_support"":0.5935705363580874,""harmonic2_relative_power"":0.1272532916098503,""harmonic3_relative_power"":0.0005714327475306773,""harmonic_support"":0.3650924241436672,""motion_profile"":0.0896846514814258,""motion_strength"":0.9942439719699707,""motion_reliability"":1.0,""motion_overlap"":0.0896846514814258,""motion_available"":true,""evidence_score"":0.9059141997857812,""supported_bpm"":[90.0,91.0,92.0,93.0,94.0,95.0,96.0],""supported_relative_power"":[0.8166187462935016,0.9294886302447358,0.9938742694810843,1.0,0.9469390933761178,0.8404116944457661,0.700071477972587]},{""bpm"":51.0,""relative_power"":0.11445200776784048,""peak_concentration"":0.08259599807083859,""prominence"":0.1139134602914533,""period_correlation"":0.23697345304748013,""split_period_correlation"":0.2223528018226416,""periodic_support"":0.23331829024127052,""harmonic2_relative_power"":0.05851380553784622,""harmonic3_relative_power"":0.013629696324058185,""harmonic_support"":0.09565899146442035,""motion_profile"":0.005181132747588302,""motion_strength"":0.9942439719699707,""motion_reliability"":1.0,""motion_overlap"":0.005181132747588302,""motion_available"":true,""evidence_score"":-0.4128271966999542,""supported_bpm"":[48.0,49.0,50.0,51.0,52.0,53.0,54.0],""supported_relative_power"":[0.10331494168302824,0.10887934530969812,0.11280995079465975,0.11445200776784048,0.11296997143165867,0.10818166846394829,0.1000330736494763]},{""bpm"":135.0,""relative_power"":0.10212373566872668,""peak_concentration"":0.07588027442647673,""prominence"":0.10099508812166773,""period_correlation"":-0.33312546310283625,""split_period_correlation"":-0.30878880356757,""periodic_support"":0.0,""harmonic2_relative_power"":0.00017692282214212707,""harmonic3_relative_power"":4.69320045422112e-08,""harmonic_support"":0.004274880004957975,""motion_profile"":0.0004531114861128736,""motion_strength"":0.9942439719699707,""motion_reliability"":1.0,""motion_overlap"":0.0004531114861128736,""motion_available"":true,""evidence_score"":-0.7948410464916704,""supported_bpm"":[132.0,133.0,134.0,135.0,136.0,137.0,138.0],""supported_relative_power"":[0.09341978410483018,0.09879247981800975,0.1016064305931217,0.10212373566872668,0.10069282470890757,0.09764675490833943,0.09322585234980689]},{""bpm"":183.0,""relative_power"":0.1485826044232387,""peak_concentration"":0.09440012587895344,""prominence"":0.1484985563448138,""period_correlation"":-0.5194123561778673,""split_period_correlation"":-0.5120370270316303,""periodic_support"":0.0,""harmonic2_relative_power"":2.614082296179404e-06,""harmonic3_relative_power"":6.030647032400936e-09,""harmonic_support"":0.0006337001275439039,""motion_profile"":0.735782463443103,""motion_strength"":0.9942439719699707,""motion_reliability"":1.0,""motion_overlap"":0.735782463443103,""motion_available"":true,""evidence_score"":-1.5864093550043876,""supported_bpm"":[180.0,181.0,182.0,183.0,184.0,185.0,186.0],""supported_relative_power"":[0.10969269944236318,0.12910381984117086,0.1426000662741912,0.1485826044232387,0.14720449061176646,0.13948386059604778,0.1272532916098503]}]",False,tracked,True,93.0,12.999986999999999,22.999976999999998,True,accepted_consensus,93.0,2,2,True,False,saved_fused_waveform_offline
18.999981,1.0,0.0,92.0,0.6005795553770524,True,candidate_only,92.0,92.0,92.0,0.8767858288536481,1.47989043819069,1.0,92.0,0.6027447870019039,0.08448897494655704,4,"[{""bpm"":92.0,""relative_power"":1.0,""peak_concentration"":0.6005795553770524,""prominence"":1.0,""period_correlation"":0.6028153699122096,""split_period_correlation"":0.6025330382709867,""periodic_support"":0.6027447870019039,""harmonic2_relative_power"":0.09621060531258908,""harmonic3_relative_power"":0.0006908542838563306,""harmonic_support"":0.3193777818347501,""motion_profile"":0.08448897494655704,""motion_strength"":0.9943175654622186,""motion_reliability"":1.0,""motion_overlap"":0.08448897494655704,""motion_available"":true,""evidence_score"":0.8767858288536481,""supported_bpm"":[89.0,90.0,91.0,92.0,93.0,94.0,95.0],""supported_relative_power"":[0.7327521664742056,0.868647340672782,0.9629956358759534,1.0,0.9726069749726898,0.8845037115877775,0.74772070263742]},{""bpm"":52.0,""relative_power"":0.12779977654962882,""peak_concentration"":0.08384049056039491,""prominence"":0.12591872961197678,""period_correlation"":0.06595649911329268,""split_period_correlation"":0.06435525034825948,""periodic_support"":0.06555618692203438,""harmonic2_relative_power"":0.008707105045308007,""harmonic3_relative_power"":0.0169672771644265,""harmonic_support"":0.0496563308230918,""motion_profile"":0.0038568606856040654,""motion_strength"":0.9943175654622186,""motion_reliability"":1.0,""motion_overlap"":0.0038568606856040654,""motion_available"":true,""evidence_score"":-0.6031046093370419,""supported_bpm"":[49.0,50.0,51.0,52.0,53.0,54.0,55.0],""supported_relative_power"":[0.10326047359273405,0.11496237741496064,0.12407259542440537,0.12779977654962882,0.12485211743887893,0.11478013578058441,0.09843384035002226]},{""bpm"":136.0,""relative_power"":0.11223481819181781,""peak_concentration"":0.08578147531941872,""prominence"":0.11205884428690917,""period_correlation"":-0.3553926484362476,""split_period_correlation"":-0.40407426924955,""periodic_support"":0.0,""harmonic2_relative_power"":0.00037723168331280256,""harmonic3_relative_power"":1.0800541922432621e-07,""harmonic_support"":0.006545341323862773,""motion_profile"":0.000709752821144521,""motion_strength"":0.9943175654622186,""motion_reliability"":1.0,""motion_overlap"":0.000709752821144521,""motion_available"":true,""evidence_score"":-0.7598485537165107,""supported_bpm"":[133.0,134.0,135.0,136.0,137.0,138.0,139.0],""supported_relative_power"":[0.10144381110757063,0.10678410809648575,0.11061015682969208,0.11223481819181781,0.11107499162486324,0.10681294147157122,0.09939152964568679]},{""bpm"":182.0,""relative_power"":0.11149961639002245,""peak_concentration"":0.06822028874764696,""prominence"":0.10946320683758913,""period_correlation"":-0.5582942744204953,""split_period_correlation"":-0.5761886042939421,""periodic_support"":0.0,""harmonic2_relative_power"":3.6207072407764572e-06,""harmonic3_relative_power"":2.5538575590071376e-09,""harmonic_support"":0.0006412859136885779,""motion_profile"":0.6384783905019398,""motion_strength"":0.9943175654622186,""motion_reliability"":1.0,""motion_overlap"":0.6384783905019398,""motion_available"":true,""evidence_score"":-1.565263647201375,""supported_bpm"":[179.0,180.0,181.0,182.0,183.0,184.0,185.0],""supported_relative_power"":[0.08456064550894564,0.09911070131462009,0.10876655709334976,0.11149961639002245,0.10688705210308862,0.09621060531258908,0.0814905737706179]}]",False,tracked,True,92.0,13.999986,23.999976,True,accepted_consensus,92.0,3,2,True,False,saved_fused_waveform_offline
19.99998,1.0,0.0,92.0,0.6146015252999364,True,candidate_only,92.0,92.0,92.0,0.7644576108056202,1.4580773848591337,1.0,92.0,0.552388261211523,0.07810576256723376,4,"[{""bpm"":92.0,""relative_power"":1.0,""peak_concentration"":0.6146015252999364,""prominence"":1.0,""period_correlation"":0.5461475763774027,""split_period_correlation"":0.5711103157138836,""periodic_support"":0.552388261211523,""harmonic2_relative_power"":0.059841877658768375,""harmonic3_relative_power"":0.000789888007950026,""harmonic_support"":0.25446272668198705,""motion_profile"":0.07810576256723376,""motion_strength"":0.9943566040471926,""motion_reliability"":0.9366666666666666,""motion_overlap"":0.07810576256723376,""motion_available"":true,""evidence_score"":0.7644576108056202,""supported_bpm"":[89.0,90.0,91.0,92.0,93.0,94.0,95.0],""supported_relative_power"":[0.7571110305420243,0.8951043266678401,0.9818200706951725,1.0,0.9450672360375995,0.8265506443830436,0.664506172051431]},{""bpm"":53.0,""relative_power"":0.127245799777802,""peak_concentration"":0.07563234523548493,""prominence"":0.1250083238187836,""period_correlation"":-0.11085871638201834,""split_period_correlation"":-0.09979522358812348,""periodic_support"":0.0,""harmonic2_relative_power"":0.0017790703553809302,""harmonic3_relative_power"":0.016712905343692193,""harmonic_support"":0.0311863581956639,""motion_profile"":0.0025872089131688935,""motion_strength"":0.9943566040471926,""motion_reliability"":0.9366666666666666,""motion_overlap"":0.0025872089131688935,""motion_available"":true,""evidence_score"":-0.6936197740535134,""supported_bpm"":[50.0,51.0,52.0,53.0,54.0,55.0,56.0],""supported_relative_power"":[0.08879792290410567,0.10950738146899443,0.12313871490338645,0.127245799777802,0.12120930679651025,0.10641578231086901,0.08572799216025176]},{""bpm"":137.0,""relative_power"":0.09811913858945595,""peak_concentration"":0.07223485271436346,""prominence"":0.0979771077265321,""period_correlation"":-0.3605988203556751,""split_period_correlation"":-0.37360860177064237,""periodic_support"":0.0,""harmonic2_relative_power"":0.0006253791371124256,""harmonic3_relative_power"":1.7179057492051792e-07,""harmonic_support"":0.007878809164860699,""motion_profile"":0.0007484664301504953,""motion_strength"":0.9943566040471926,""motion_reliability"":0.9366666666666666,""motion_overlap"":0.0007484664301504953,""motion_available"":true,""evidence_score"":-0.8056072674471967,""supported_bpm"":[134.0,135.0,136.0,137.0,138.0,139.0,140.0],""supported_relative_power"":[0.07851619246928987,0.08759984717419633,0.09468493358866274,0.09811913858945595,0.09691608856094674,0.09070242628291358,0.0808878736504658]},{""bpm"":181.0,""relative_power"":0.07825555104902875,""peak_concentration"":0.05108364978330837,""prominence"":0.07218680779004574,""period_correlation"":-0.5940490257318043,""split_period_correlation"":-0.5804789319338539,""periodic_support"":0.0,""harmonic2_relative_power"":3.734621892338521e-06,""harmonic3_relative_power"":2.570809465825539e-10,""harmonic_support"":0.0005421759020937688,""motion_profile"":0.5198041473031976,""motion_strength"":0.9943566040471926,""motion_reliability"":0.9366666666666666,""motion_overlap"":0.5198041473031976,""motion_available"":true,""evidence_score"":-1.5409344374809089,""supported_bpm"":[178.0,179.0,180.0,181.0,182.0,183.0,184.0],""supported_relative_power"":[0.058387066459389986,0.06756595372380812,0.07462423504581543,0.07825555104902875,0.07707492898986609,0.07066767482582569,0.059841877658768375]}]",False,tracked,True,92.0,14.999984999999999,24.999975,True,accepted_consensus,90.0,3,2,True,False,saved_fused_waveform_offline
20.999979,1.0,0.0,91.0,0.6155635765588372,True,candidate_only,92.0,92.0,91.0,0.6471962410126414,1.3211961519649198,0.9826654823694068,91.0,0.4648804538867476,0.06568104810438341,7,"[{""bpm"":91.0,""relative_power"":1.0,""peak_concentration"":0.6155635765588372,""prominence"":1.0,""period_correlation"":0.4628286235162069,""split_period_correlation"":0.47103594499836965,""periodic_support"":0.4648804538867476,""harmonic2_relative_power"":0.055707136838576615,""harmonic3_relative_power"":0.00038926817046231214,""harmonic_support"":0.24292905186769834,""motion_profile"":0.06568104810438341,""motion_strength"":0.9945480691326974,""motion_reliability"":0.8366666666666667,""motion_overlap"":0.06568104810438341,""motion_available"":true,""evidence_score"":0.6721962410126414,""supported_bpm"":[88.0,89.0,90.0,91.0,92.0,93.0,94.0],""supported_relative_power"":[0.5960834831202347,0.7850171810608297,0.9293719007507459,1.0,0.9826654823694068,0.8820802212701211,0.720310945250617]},{""bpm"":78.0,""relative_power"":0.06920598402948001,""peak_concentration"":0.049310081047254414,""prominence"":0.0549748885654363,""period_correlation"":0.2035985863528031,""split_period_correlation"":0.19095269335628728,""periodic_support"":0.20043711310367412,""harmonic2_relative_power"":0.05459574575458674,""harmonic3_relative_power"":0.0034080444624393458,""harmonic_support"":0.06684347687812064,""motion_profile"":0.0012723450043802685,""motion_strength"":0.9945480691326974,""motion_reliability"":0.8366666666666667,""motion_overlap"":0.0012723450043802685,""motion_available"":true,""evidence_score"":-0.6489999109522785,""supported_bpm"":[75.0,76.0,77.0,78.0,79.0,80.0],""supported_relative_power"":[0.05862173524778397,0.06447694379670983,0.06855560580555022,0.06920598402948001,0.06432180381776684,0.0522832370016828]},{""bpm"":53.0,""relative_power"":0.13092142101732385,""peak_concentration"":0.074970753779144,""prominence"":0.12488550962917246,""period_correlation"":-0.07649729285623473,""split_period_correlation"":-0.09232035483529312,""periodic_support"":0.0,""harmonic2_relative_power"":0.0005381555306152679,""harmonic3_relative_power"":0.025484966113712957,""harmonic_support"":0.0286107527665733,""motion_profile"":0.002235911109385638,""motion_strength"":0.9945480691326974,""motion_reliability"":0.8366666666666667,""motion_overlap"":0.002235911109385638,""motion_available"":true,""evidence_score"":-0.685789427481852,""supported_bpm"":[50.0,51.0,52.0,53.0,54.0,55.0,56.0],""supported_relative_power"":[0.07407792062037034,0.10330641783604169,0.1235359726141667,0.13092142101732385,0.12481644064000236,0.10782381558335327,0.08465356510278177]},{""bpm"":123.0,""relative_power"":0.10264431182383928,""peak_concentration"":0.06623670736740248,""prominence"":0.10253572488916914,""period_correlation"":-0.1125195779921357,""split_period_correlation"":-0.1182956983697769,""periodic_support"":0.0,""harmonic2_relative_power"":0.002171969592485826,""harmonic3_relative_power"":1.9587374303849e-06,""harmonic_support"":0.015088122661889025,""motion_profile"":0.001489221013075235,""motion_strength"":0.9945480691326974,""motion_reliability"":0.8366666666666667,""motion_overlap"":0.001489221013075235,""motion_available"":true,""evidence_score"":-0.7835433462309763,""supported_bpm"":[120.0,121.0,122.0,123.0,124.0,125.0,126.0],""supported_relative_power"":[0.07849041429691976,0.0917676400150752,0.1007296059801775,0.10264431182383928,0.09533710179395445,0.07975330123929857,0.05930714332572771]},{""bpm"":154.0,""relative_power"":0.06176987842880369,""peak_concentration"":0.038897143253895886,""prominence"":0.05784963908014306,""period_correlation"":-0.4776994019488687,""split_period_correlation"":-0.4824034176829254,""periodic_support"":0.0,""harmonic2_relative_power"":5.72416433717264e-05,""harmonic3_relative_power"":2.569767620816921e-07,""harmonic_support"":0.0019244712115155521,""motion_profile"":0.0010173945805295426,""motion_strength"":0.9945480691326974,""motion_reliability"":0.8366666666666667,""motion_overlap"":0.0010173945805295426,""motion_available"":true,""evidence_score"":-0.9738660751052415,""supported_bpm"":[153.0,154.0,155.0,156.0],""supported_relative_power"":[0.058224288839985996,0.06176987842880369,0.06031050595663975,0.05459574575458674]},{""bpm"":135.0,""relative_power"":0.051900091706874,""peak_concentration"":0.038053743218359665,""prominence"":0.0397225922812658,""period_correlation"":-0.300135002548469,""split_period_correlation"":-0.30893063621162853,""periodic_support"":0.0,""harmonic2_relative_power"":6.349472581137129e-05,""harmonic3_relative_power"":6.739926999322207e-07,""harmonic_support"":0.0018807792883280652,""motion_profile"":0.0005159494898756108,""motion_strength"":0.9945480691326974,""motion_reliability"":0.8366666666666667,""motion_overlap"":0.0005159494898756108,""motion_available"":true,""evidence_score"":-1.0342163102110387,""supported_bpm"":[135.0,136.0],""supported_relative_power"":[0.051900091706874,0.05051996721471129]},{""bpm"":182.0,""relative_power"":0.055707136838576615,""peak_concentration"":0.034099434312011706,""prominence"":0.05309136733641668,""period_correlation"":-0.5852944751474329,""split_period_correlation"":-0.5828288347611593,""periodic_support"":0.0,""harmonic2_relative_power"":5.172485015617874e-06,""harmonic3_relative_power"":1.369764784611168e-07,""harmonic_support"":0.0005673643615274443,""motion_profile"":0.6569822708127112,""motion_strength"":0.9945480691326974,""motion_reliability"":0.8366666666666667,""motion_overlap"":0.6569822708127112,""motion_available"":true,""evidence_score"":-1.8313369277594833,""supported_bpm"":[181.0,182.0,183.0],""supported_relative_power"":[0.05358969490777917,0.055707136838576615,0.05206958572000881]}]",False,tracked,True,91.0,15.999984,25.999973999999998,True,accepted_consensus,91.0,3,2,True,False,saved_fused_waveform_offline
21.999978,1.0,0.0,91.0,0.5348511198947035,True,candidate_only,92.0,92.0,91.0,0.5776758691417726,0.9457476409769656,0.9615567715722683,91.0,0.40539295860673935,0.06095442663718473,6,"[{""bpm"":91.0,""relative_power"":1.0,""peak_concentration"":0.5348511198947035,""prominence"":1.0,""period_correlation"":0.40353064644628567,""split_period_correlation"":0.4109798950881005,""periodic_support"":0.40539295860673935,""harmonic2_relative_power"":0.05098948392023673,""harmonic3_relative_power"":0.000414778186366934,""harmonic_support"":0.23293664797084024,""motion_profile"":0.06095442663718473,""motion_strength"":0.9944759766958375,""motion_reliability"":0.7366666666666667,""motion_overlap"":0.06095442663718473,""motion_available"":true,""evidence_score"":0.6026758691417726,""supported_bpm"":[88.0,89.0,90.0,91.0,92.0,93.0,94.0],""supported_relative_power"":[0.6659216343188584,0.8365548574547207,0.9554335932590869,1.0,0.9615567715722683,0.8474756942874088,0.6793221709119217]},{""bpm"":77.0,""relative_power"":0.17052062868778006,""peak_concentration"":0.10269782839940161,""prominence"":0.13137088620700257,""period_correlation"":0.13586425152573,""split_period_correlation"":0.1295450564719784,""periodic_support"":0.13428445276229212,""harmonic2_relative_power"":0.08942733275428943,""harmonic3_relative_power"":0.002050956672212565,""harmonic_support"":0.1300330497240346,""motion_profile"":0.0013624556205064746,""motion_strength"":0.9944759766958375,""motion_reliability"":0.7366666666666667,""motion_overlap"":0.0013624556205064746,""motion_available"":true,""evidence_score"":-0.34307177183519294,""supported_bpm"":[74.0,75.0,76.0,77.0,78.0,79.0,80.0],""supported_relative_power"":[0.13581578425759,0.15232299365460392,0.16518340936060685,0.17052062868778006,0.16435235364649284,0.14430795055010306,0.11151059958514407]},{""bpm"":53.0,""relative_power"":0.14221632463826386,""peak_concentration"":0.07815735207708398,""prominence"":0.1412593559995326,""period_correlation"":-0.03606008721113246,""split_period_correlation"":-0.06864152016402471,""periodic_support"":0.0,""harmonic2_relative_power"":0.02159225860967438,""harmonic3_relative_power"":0.04057375423776321,""harmonic_support"":0.08200130080250241,""motion_profile"":0.0015180447432507262,""motion_strength"":0.9944759766958375,""motion_reliability"":0.7366666666666667,""motion_overlap"":0.0015180447432507262,""motion_available"":true,""evidence_score"":-0.6025383438046548,""supported_bpm"":[50.0,51.0,52.0,53.0,54.0,55.0,56.0],""supported_relative_power"":[0.09778150540733742,0.1203506062920735,0.1363775737780746,0.14221632463826386,0.1362204806818083,0.11930619083596361,0.09466968159572546]},{""bpm"":121.0,""relative_power"":0.15481333562691926,""peak_concentration"":0.09046560427624505,""prominence"":0.15196770590761985,""period_correlation"":-0.028123768073610445,""split_period_correlation"":-0.002912955818089938,""periodic_support"":0.0,""harmonic2_relative_power"":0.005707705310927834,""harmonic3_relative_power"":5.438277653121298e-06,""harmonic_support"":0.03004704237899566,""motion_profile"":0.0018279833425631103,""motion_strength"":0.9944759766958375,""motion_reliability"":0.7366666666666667,""motion_overlap"":0.0018279833425631103,""motion_available"":true,""evidence_score"":-0.625175247725903,""supported_bpm"":[118.0,119.0,120.0,121.0,122.0,123.0,124.0],""supported_relative_power"":[0.11562488082809999,0.1355556362034529,0.1496045212850523,0.15481333562691926,0.14948920353577907,0.1336828041323663,0.10901027174992428]},{""bpm"":155.0,""relative_power"":0.0910968906541666,""peak_concentration"":0.04840413598823669,""prominence"":0.08819851602777928,""period_correlation"":-0.4413530304419435,""split_period_correlation"":-0.4394633592739464,""periodic_support"":0.0,""harmonic2_relative_power"":1.4558339847085274e-05,""harmonic3_relative_power"":1.4310633135599698e-06,""harmonic_support"":0.0012779875660032883,""motion_profile"":0.0004363240394446076,""motion_strength"":0.9944759766958375,""motion_reliability"":0.7366666666666667,""motion_overlap"":0.0004363240394446076,""motion_available"":true,""evidence_score"":-0.837808479732928,""supported_bpm"":[152.0,153.0,154.0,155.0,156.0,157.0,158.0],""supported_relative_power"":[0.06426711055570063,0.0800108550122679,0.08942733275428943,0.0910968906541666,0.08512155707875885,0.0730383970074998,0.05728873048350363]},{""bpm"":182.0,""relative_power"":0.05098948392023673,""peak_concentration"":0.024683178085389414,""prominence"":0.050494717086397765,""period_correlation"":-0.5716020620994332,""split_period_correlation"":-0.5760255157554952,""periodic_support"":0.0,""harmonic2_relative_power"":6.124086173786946e-06,""harmonic3_relative_power"":1.131705085340449e-06,""harmonic_support"":0.0006428824339364401,""motion_profile"":0.6292861149813505,""motion_strength"":0.9944759766958375,""motion_reliability"":0.7366666666666667,""motion_overlap"":0.6292861149813505,""motion_available"":true,""evidence_score"":-1.8276123140994114,""supported_bpm"":[182.0],""supported_relative_power"":[0.05098948392023673]}]",False,tracked,True,91.0,16.999983,26.999972999999997,True,accepted_consensus,92.0,3,2,True,False,saved_fused_waveform_offline
22.999976999999998,1.0,0.0,91.0,0.4331429560299101,True,candidate_only,92.0,92.0,91.0,0.5947989322528106,0.7920873816883218,0.9731292787963608,91.0,0.4047112357485014,0.055244275956225906,7,"[{""bpm"":91.0,""relative_power"":1.0,""peak_concentration"":0.4331429560299101,""prominence"":1.0,""period_correlation"":0.4026785921968309,""split_period_correlation"":0.4108091664035129,""periodic_support"":0.4047112357485014,""harmonic2_relative_power"":0.0551844728760064,""harmonic3_relative_power"":0.0006261664900051593,""harmonic_support"":0.2436719178747414,""motion_profile"":0.055244275956225906,""motion_strength"":0.9946369453465205,""motion_reliability"":0.6366666666666667,""motion_overlap"":0.055244275956225906,""motion_available"":true,""evidence_score"":0.6197989322528106,""supported_bpm"":[88.0,89.0,90.0,91.0,92.0,93.0,94.0],""supported_relative_power"":[0.7566128647838487,0.8804937118422985,0.966646927589696,1.0,0.9731292787963608,0.8882518053032502,0.7571262928556695]},{""bpm"":76.0,""relative_power"":0.2571002321990213,""peak_concentration"":0.12989046771708332,""prominence"":0.0759412598718586,""period_correlation"":0.136113731122658,""split_period_correlation"":0.11148697147082057,""periodic_support"":0.12995704120969864,""harmonic2_relative_power"":0.08867366277642968,""harmonic3_relative_power"":0.0044332111148326124,""harmonic_support"":0.1628063475235536,""motion_profile"":0.0021170405938715697,""motion_strength"":0.9946369453465205,""motion_reliability"":0.6366666666666667,""motion_overlap"":0.0021170405938715697,""motion_available"":true,""evidence_score"":-0.1722884494355113,""supported_bpm"":[73.0,74.0,75.0,76.0,77.0,78.0,79.0],""supported_relative_power"":[0.21110602112406107,0.23396455482388379,0.25019534597915166,0.2571002321990213,0.2532825553161629,0.23935697851137683,0.21837202743538492]},{""bpm"":52.0,""relative_power"":0.1560151372709088,""peak_concentration"":0.07461086126157915,""prominence"":0.14485839300266257,""period_correlation"":0.0419115800754815,""split_period_correlation"":0.03405135602831082,""periodic_support"":0.03994652406368883,""harmonic2_relative_power"":0.08417190408664352,""harmonic3_relative_power"":0.0979176402256457,""harmonic_support"":0.15785487514255495,""motion_profile"":0.0009542979891814957,""motion_strength"":0.9946369453465205,""motion_reliability"":0.6366666666666667,""motion_overlap"":0.0009542979891814957,""motion_available"":true,""evidence_score"":-0.44962760580213296,""supported_bpm"":[49.0,50.0,51.0,52.0,53.0,54.0,55.0],""supported_relative_power"":[0.12380676019978902,0.13818493260497827,0.14979669473553708,0.1560151372709088,0.15551152181540664,0.14754723725510344,0.13246189203982636]},{""bpm"":120.0,""relative_power"":0.18879354603899898,""peak_concentration"":0.09127589536139698,""prominence"":0.1259706568021199,""period_correlation"":-0.03439142986801083,""split_period_correlation"":-0.03455273876983498,""periodic_support"":0.0,""harmonic2_relative_power"":0.0074380975233970205,""harmonic3_relative_power"":2.797763856428683e-06,""harmonic_support"":0.03772789214923004,""motion_profile"":0.0020049014626287724,""motion_strength"":0.9946369453465205,""motion_reliability"":0.6366666666666667,""motion_overlap"":0.0020049014626287724,""motion_available"":true,""evidence_score"":-0.5482636581687305,""supported_bpm"":[117.0,118.0,119.0,120.0,121.0,122.0,123.0],""supported_relative_power"":[0.16680064377724288,0.1805461651021912,0.18839899615616876,0.18879354603899898,0.1810928441001287,0.16583206821780258,0.14469690732347765]},{""bpm"":155.0,""relative_power"":0.10219223572608889,""peak_concentration"":0.04876794363096264,""prominence"":0.09344365146474068,""period_correlation"":-0.4343156387577204,""split_period_correlation"":-0.4233736899183206,""periodic_support"":0.0,""harmonic2_relative_power"":2.229698251248556e-05,""harmonic3_relative_power"":3.0781841676917492e-06,""harmonic_support"":0.001705797911408514,""motion_profile"":0.0006173588889239632,""motion_strength"":0.9946369453465205,""motion_reliability"":0.6366666666666667,""motion_overlap"":0.0006173588889239632,""motion_available"":true,""evidence_score"":-0.7973807521133703,""supported_bpm"":[152.0,153.0,154.0,155.0,156.0,157.0,158.0],""supported_relative_power"":[0.08867366277642968,0.09701993790472692,0.10180923905362105,0.10219223572608889,0.0979176402256457,0.08939858119880637,0.07760716346791034]},{""bpm"":169.0,""relative_power"":0.057467026669848965,""peak_concentration"":0.02443687664202915,""prominence"":0.032451532098652675,""period_correlation"":-0.5128617262557928,""split_period_correlation"":-0.49565945880763773,""periodic_support"":0.0,""harmonic2_relative_power"":3.924790291532201e-06,""harmonic3_relative_power"":1.1742991576312514e-06,""harmonic_support"":0.0005658384046121777,""motion_profile"":0.006648228363219455,""motion_strength"":0.9946369453465205,""motion_reliability"":0.6366666666666667,""motion_overlap"":0.006648228363219455,""motion_available"":true,""evidence_score"":-1.007534827758721,""supported_bpm"":[168.0,169.0,170.0,171.0],""supported_relative_power"":[0.053691161409884836,0.057467026669848965,0.056808962764804426,0.05177256713007544]},{""bpm"":182.0,""relative_power"":0.0551844728760064,""peak_concentration"":0.023029835799712527,""prominence"":0.03547311083503865,""period_correlation"":-0.5556988651430451,""split_period_correlation"":-0.5354666938279367,""periodic_support"":0.0,""harmonic2_relative_power"":7.727422761372199e-06,""harmonic3_relative_power"":3.141551487277182e-06,""harmonic_support"":0.0007987488244392477,""motion_profile"":0.5790673717489065,""motion_strength"":0.9946369453465205,""motion_reliability"":0.6366666666666667,""motion_overlap"":0.5790673717489065,""motion_available"":true,""evidence_score"":-1.7370112446728838,""supported_bpm"":[181.0,182.0,183.0],""supported_relative_power"":[0.05308681347732411,0.0551844728760064,0.053249664624384144]}]",False,tracked,True,91.0,17.999982,27.999972,False,guard_unresolved_frequency_disagreement,,3,0,False,True,saved_fused_waveform_offline
23.999976,1.0,0.0,92.0,0.36632214145873765,True,candidate_only,92.0,92.0,92.0,0.6092307268546548,0.8514540945920563,1.0,92.0,0.42679104058369344,0.07440977269698937,5,"[{""bpm"":92.0,""relative_power"":1.0,""peak_concentration"":0.36632214145873765,""prominence"":1.0,""period_correlation"":0.41196267866554986,""split_period_correlation"":0.4712761263381243,""periodic_support"":0.42679104058369344,""harmonic2_relative_power"":0.04937336891274927,""harmonic3_relative_power"":0.000912317501175232,""harmonic_support"":0.2327727980838287,""motion_profile"":0.07440977269698937,""motion_strength"":0.9948463972394923,""motion_reliability"":0.8566666666666667,""motion_overlap"":0.07440977269698937,""motion_available"":true,""evidence_score"":0.6092307268546548,""supported_bpm"":[89.0,90.0,91.0,92.0,93.0,94.0,95.0],""supported_relative_power"":[0.877237052274846,0.952063718985039,0.9957233039376442,1.0,0.9616876689550884,0.8836860585481547,0.7735544669541469]},{""bpm"":51.0,""relative_power"":0.16897859788112532,""peak_concentration"":0.0654929845370575,""prominence"":0.12002386778142106,""period_correlation"":0.10836011125868864,""split_period_correlation"":0.27756101247811077,""periodic_support"":0.15066033656354416,""harmonic2_relative_power"":0.16867249542491902,""harmonic3_relative_power"":0.10558684089877812,""harmonic_support"":0.2155762500027462,""motion_profile"":0.0009854910541783441,""motion_strength"":0.9948463972394923,""motion_reliability"":0.8566666666666667,""motion_overlap"":0.0009854910541783441,""motion_available"":true,""evidence_score"":-0.2422233677374015,""supported_bpm"":[48.0,49.0,50.0,51.0,52.0,53.0,54.0],""supported_relative_power"":[0.14150537833594426,0.15487096330510705,0.16435635191366316,0.16897859788112532,0.16795777584024627,0.16191069324505328,0.151486890379539]},{""bpm"":118.0,""relative_power"":0.22196389577047443,""peak_concentration"":0.08790572979712157,""prominence"":0.08470225934006267,""period_correlation"":-0.028476612152104924,""split_period_correlation"":-0.033477743288220604,""periodic_support"":0.0,""harmonic2_relative_power"":0.0038292973061037575,""harmonic3_relative_power"":2.97823998252144e-06,""harmonic_support"":0.029438742017253196,""motion_profile"":0.0034836615781149204,""motion_strength"":0.9948463972394923,""motion_reliability"":0.8566666666666667,""motion_overlap"":0.0034836615781149204,""motion_available"":true,""evidence_score"":-0.501750024655513,""supported_bpm"":[115.0,116.0,117.0,118.0,119.0,120.0,121.0],""supported_relative_power"":[0.1945266115716037,0.20858073804229907,0.2182612538317465,0.22196389577047443,0.2188768750605067,0.20906864334642272,0.1934822520655061]},{""bpm"":150.0,""relative_power"":0.11649808282124853,""peak_concentration"":0.047630011218443846,""prominence"":0.07623433560839937,""period_correlation"":-0.4088967188609143,""split_period_correlation"":-0.4360419409322974,""periodic_support"":0.0,""harmonic2_relative_power"":5.058214622529429e-05,""harmonic3_relative_power"":6.944038116888605e-06,""harmonic_support"":0.0027422922634323618,""motion_profile"":0.012510877568959708,""motion_strength"":0.9948463972394923,""motion_reliability"":0.8566666666666667,""motion_overlap"":0.012510877568959708,""motion_available"":true,""evidence_score"":-0.7653544666013834,""supported_bpm"":[147.0,148.0,149.0,150.0,151.0,152.0,153.0],""supported_relative_power"":[0.10377379005987121,0.1104838955999986,0.11484598926241371,0.11649808282124853,0.11532895016571129,0.1115413085516529,0.10558684089877812]},{""bpm"":169.0,""relative_power"":0.09076942302471629,""peak_concentration"":0.03667757274694413,""prominence"":0.025958354406580453,""period_correlation"":-0.525006966763695,""split_period_correlation"":-0.5460253373894787,""periodic_support"":0.0,""harmonic2_relative_power"":1.024420244181853e-05,""harmonic3_relative_power"":2.2625556157285756e-06,""harmonic_support"":0.0011229051850172025,""motion_profile"":0.1686341197066016,""motion_strength"":0.9948463972394923,""motion_reliability"":0.8566666666666667,""motion_overlap"":0.1686341197066016,""motion_available"":true,""evidence_score"":-1.0494712247692892,""supported_bpm"":[166.0,167.0,168.0,169.0,170.0,171.0,172.0],""supported_relative_power"":[0.07803558332902581,0.08386693736308296,0.08849214725090553,0.09076942302471629,0.09005601163966126,0.08639871695688998,0.08052539893623323]}]",False,tracked,True,92.0,18.999981,28.999971,True,accepted_consensus,68.0,3,2,True,False,saved_fused_waveform_offline
24.999975,0.9933333333333333,0.006666666666666667,93.0,0.3391146965569104,True,candidate_only,93.0,93.0,93.0,0.634411218547506,0.9051847695311763,1.0,93.0,0.4644058158691432,0.06746002420427057,5,"[{""bpm"":93.0,""relative_power"":1.0,""peak_concentration"":0.3391146965569104,""prominence"":1.0,""period_correlation"":0.4397155250782446,""split_period_correlation"":0.538476688241839,""periodic_support"":0.4644058158691432,""harmonic2_relative_power"":0.039239365712050604,""harmonic3_relative_power"":0.0007840902625917633,""harmonic_support"":0.20788985134678675,""motion_profile"":0.06746002420427057,""motion_strength"":0.9949444466116614,""motion_reliability"":0.8133333333333334,""motion_overlap"":0.06746002420427057,""motion_available"":true,""evidence_score"":0.634411218547506,""supported_bpm"":[90.0,91.0,92.0,93.0,94.0,95.0,96.0],""supported_relative_power"":[0.8376454627794293,0.9195516208699183,0.9769741178859932,1.0,0.983403946864661,0.9257072141027581,0.836251365968163]},{""bpm"":51.0,""relative_power"":0.15942266003749236,""peak_concentration"":0.05655008012227931,""prominence"":0.07618124462892684,""period_correlation"":0.1204057948460563,""split_period_correlation"":0.09836181257789219,""periodic_support"":0.11489479927901528,""harmonic2_relative_power"":0.26542158007075534,""harmonic3_relative_power"":0.08893452134399056,""harmonic_support"":0.2473794453713643,""motion_profile"":0.00149483841714046,""motion_strength"":0.9949444466116614,""motion_reliability"":0.8133333333333334,""motion_overlap"":0.00149483841714046,""motion_available"":true,""evidence_score"":-0.27077355098367034,""supported_bpm"":[48.0,49.0,50.0,51.0,52.0,53.0,54.0],""supported_relative_power"":[0.14239664688565726,0.1532740154405793,0.15904522445228433,0.15942266003749236,0.15464385903780817,0.14622772304855358,0.13548847876285655]},{""bpm"":115.0,""relative_power"":0.22046655533009465,""peak_concentration"":0.08765743984785256,""prominence"":0.04988049053806706,""period_correlation"":0.05325600083352293,""split_period_correlation"":0.09648453804805454,""periodic_support"":0.06406313513715584,""harmonic2_relative_power"":0.0048338553671729645,""harmonic3_relative_power"":5.722987537497085e-06,""harmonic_support"":0.03303825682820722,""motion_profile"":0.0025886343648362027,""motion_strength"":0.9949444466116614,""motion_reliability"":0.8133333333333334,""motion_overlap"":0.0025886343648362027,""motion_available"":true,""evidence_score"":-0.42893133271434253,""supported_bpm"":[112.0,113.0,114.0,115.0,116.0,117.0,118.0],""supported_relative_power"":[0.2098568551083744,0.21583182105803864,0.21939707854619028,0.22046655533009465,0.21914869737992326,0.21541227601966734,0.20951968262600276]},{""bpm"":147.0,""relative_power"":0.1568846047217003,""peak_concentration"":0.05592940042863362,""prominence"":0.12002001242830063,""period_correlation"":-0.39104817515994034,""split_period_correlation"":-0.37506674473093826,""periodic_support"":0.0,""harmonic2_relative_power"":0.00020920440478042662,""harmonic3_relative_power"":9.846394138760215e-06,""harmonic_support"":0.006163964749911148,""motion_profile"":0.00672165168493906,""motion_strength"":0.9949444466116614,""motion_reliability"":0.8133333333333334,""motion_overlap"":0.00672165168493906,""motion_available"":true,""evidence_score"":-0.6505237608346974,""supported_bpm"":[144.0,145.0,146.0,147.0,148.0,149.0,150.0],""supported_relative_power"":[0.13777278204638885,0.1475141478342518,0.15423856081519585,0.1568846047217003,0.15474950993113978,0.14767041349813395,0.1361746838849843]},{""bpm"":170.0,""relative_power"":0.1366538862763914,""peak_concentration"":0.05122472023927466,""prominence"":0.08305072597554765,""period_correlation"":-0.5286994604215748,""split_period_correlation"":-0.5010654782059764,""periodic_support"":0.0,""harmonic2_relative_power"":1.1115633490693607e-05,""harmonic3_relative_power"":3.334969637377378e-06,""harmonic_support"":0.0014687538766887795,""motion_profile"":0.307288880894558,""motion_strength"":0.9949444466116614,""motion_reliability"":0.8133333333333334,""motion_overlap"":0.307288880894558,""motion_available"":true,""evidence_score"":-1.0792487218229312,""supported_bpm"":[167.0,168.0,169.0,170.0,171.0,172.0,173.0],""supported_relative_power"":[0.12797786463088837,0.13354533856635922,0.13653055950451534,0.1366538862763914,0.1338833248111289,0.1284418452660622,0.12076908039320604]}]",False,tracked,True,93.0,19.99998,29.999969999999998,True,accepted_consensus,93.0,3,3,True,False,saved_fused_waveform_offline
25.999973999999998,0.9933333333333333,0.006666666666666667,94.0,0.3540074067379323,True,candidate_only,94.0,94.0,94.0,0.638638501947806,0.5973158093486244,1.0,94.0,0.46008510459330454,0.05752604339107647,6,"[{""bpm"":94.0,""relative_power"":1.0,""peak_concentration"":0.3540074067379323,""prominence"":1.0,""period_correlation"":0.4466989371830855,""split_period_correlation"":0.5002436068239614,""periodic_support"":0.46008510459330454,""harmonic2_relative_power"":0.03902681975801502,""harmonic3_relative_power"":0.0003886950437470443,""harmonic_support"":0.2044524411340165,""motion_profile"":0.05752604339107647,""motion_strength"":0.9950164656601992,""motion_reliability"":0.7133333333333334,""motion_overlap"":0.05752604339107647,""motion_available"":true,""evidence_score"":0.638638501947806,""supported_bpm"":[91.0,92.0,93.0,94.0,95.0,96.0,97.0],""supported_relative_power"":[0.703943707525629,0.8436337380126832,0.9486911131435068,1.0,0.9844903665356532,0.9092798432075979,0.7922741616614967]},{""bpm"":82.0,""relative_power"":0.2690132691525394,""peak_concentration"":0.12196435257331402,""prominence"":0.032698528527246945,""period_correlation"":0.34099631343418324,""split_period_correlation"":0.3886071292761409,""periodic_support"":0.35289901739467266,""harmonic2_relative_power"":0.08568011595598551,""harmonic3_relative_power"":0.0020563409616483,""harmonic_support"":0.1600512062513903,""motion_profile"":0.03789546581924563,""motion_strength"":0.9950164656601992,""motion_reliability"":0.7133333333333334,""motion_overlap"":0.03789546581924563,""motion_available"":true,""evidence_score"":0.04132269259918164,""supported_bpm"":[79.0,80.0,81.0,82.0,83.0,84.0,85.0],""supported_relative_power"":[0.21149666230433042,0.2351437307270533,0.25670676376878315,0.2690132691525394,0.2683860272630063,0.25654362357281374,0.24148487090857423]},{""bpm"":50.0,""relative_power"":0.12150643112134922,""peak_concentration"":0.047683676288626256,""prominence"":0.05519235617395159,""period_correlation"":0.22852761793257426,""split_period_correlation"":0.3229623128101807,""periodic_support"":0.2521362916519759,""harmonic2_relative_power"":0.39123318116790684,""harmonic3_relative_power"":0.12522612548782713,""harmonic_support"":0.26120390191945175,""motion_profile"":0.0016498257254697712,""motion_strength"":0.9950164656601992,""motion_reliability"":0.7133333333333334,""motion_overlap"":0.0016498257254697712,""motion_available"":true,""evidence_score"":-0.20123428971705912,""supported_bpm"":[47.0,48.0,49.0,50.0,51.0,52.0,53.0],""supported_relative_power"":[0.10333945964753267,0.11490992116295881,0.12117943245635256,0.12150643112134922,0.11616225747866325,0.10641871272793213,0.09482803772510494]},{""bpm"":72.0,""relative_power"":0.2220361761232644,""peak_concentration"":0.0978622762551477,""prominence"":0.0373819451979964,""period_correlation"":-0.08510101847423315,""split_period_correlation"":-0.12228977632704799,""periodic_support"":0.0,""harmonic2_relative_power"":0.17731590993497226,""harmonic3_relative_power"":0.0052004821869758855,""harmonic_support"":0.21031340863118098,""motion_profile"":0.009730984508633182,""motion_strength"":0.9950164656601992,""motion_reliability"":0.7133333333333334,""motion_overlap"":0.009730984508633182,""motion_available"":true,""evidence_score"":-0.32857055621102305,""supported_bpm"":[69.0,70.0,71.0,72.0,73.0,74.0,75.0],""supported_relative_power"":[0.19324908816543576,0.20863330618812076,0.21883221583262236,0.2220361761232644,0.2175196952419694,0.20709709100098175,0.19501856910248885]},{""bpm"":146.0,""relative_power"":0.1871375934437144,""peak_concentration"":0.07546356635171365,""prominence"":0.17438606365547307,""period_correlation"":-0.37697352794763583,""split_period_correlation"":-0.35905793549594883,""periodic_support"":0.0,""harmonic2_relative_power"":0.0003485779765920744,""harmonic3_relative_power"":8.44539309835912e-06,""harmonic_support"":0.008516641564119878,""motion_profile"":0.006289194403713778,""motion_strength"":0.9950164656601992,""motion_reliability"":0.7133333333333334,""motion_overlap"":0.006289194403713778,""motion_available"":true,""evidence_score"":-0.5859137500465815,""supported_bpm"":[143.0,144.0,145.0,146.0,147.0,148.0,149.0],""supported_relative_power"":[0.1658910736093759,0.17731590993497226,0.18516770263046517,0.1871375934437144,0.1820821029650624,0.16952548152422187,0.14999797536327697]},{""bpm"":171.0,""relative_power"":0.17727407113253155,""peak_concentration"":0.0695879121718062,""prominence"":0.1565129180235078,""period_correlation"":-0.5642567552878051,""split_period_correlation"":-0.5673406844591589,""periodic_support"":0.0,""harmonic2_relative_power"":5.25900342452692e-06,""harmonic3_relative_power"":3.4092860790970942e-06,""harmonic_support"":0.001237645176297566,""motion_profile"":0.4072490900359415,""motion_strength"":0.9950164656601992,""motion_reliability"":0.7133333333333334,""motion_overlap"":0.4072490900359415,""motion_available"":true,""evidence_score"":-1.1133441291949715,""supported_bpm"":[168.0,169.0,170.0,171.0,172.0,173.0,174.0],""supported_relative_power"":[0.1571782613678614,0.17008718764762037,0.17717703473357324,0.17727407113253155,0.1699854668912226,0.15579438109347235,0.13603714239394285]}]",False,tracked,True,94.0,20.999979,30.999969,True,accepted_consensus,94.0,3,2,True,False,saved_fused_waveform_offline
26.999972999999997,0.98,0.02,95.0,0.4296354791361358,True,candidate_only,94.0,94.0,95.0,0.6711903927397381,0.7605897731849748,0.9965045639930059,95.0,0.467073111861136,0.0,8,"[{""bpm"":95.0,""relative_power"":1.0,""peak_concentration"":0.4296354791361358,""prominence"":1.0,""period_correlation"":0.45277478685125006,""split_period_correlation"":0.509968086890794,""periodic_support"":0.467073111861136,""harmonic2_relative_power"":0.031695377849234874,""harmonic3_relative_power"":0.00015646523911478366,""harmonic_support"":0.18240996969248852,""motion_profile"":0.0,""motion_strength"":null,""motion_reliability"":0.0,""motion_overlap"":0.0,""motion_available"":false,""evidence_score"":0.6961903927397382,""supported_bpm"":[92.0,93.0,94.0,95.0,96.0,97.0,98.0],""supported_relative_power"":[0.7085676299224415,0.8894511505432601,0.9965045639930059,1.0,0.9054169671496922,0.7413529275657526,0.5446369504688051]},{""bpm"":83.0,""relative_power"":0.1580178620785712,""peak_concentration"":0.06367819271532889,""prominence"":0.142066786654879,""period_correlation"":0.40947289598112296,""split_period_correlation"":0.44833639029194394,""periodic_support"":0.4191887695588282,""harmonic2_relative_power"":0.08220529096444398,""harmonic3_relative_power"":0.002041449021627376,""harmonic_support"":0.12025949346522188,""motion_profile"":0.0,""motion_strength"":null,""motion_reliability"":0.0,""motion_overlap"":0.0,""motion_available"":false,""evidence_score"":-0.0643993804452366,""supported_bpm"":[80.0,81.0,82.0,83.0,84.0,85.0],""supported_relative_power"":[0.07436308030729293,0.1130398050377084,0.1457911132755923,0.1580178620785712,0.14148687681203695,0.09954598904327297]},{""bpm"":49.0,""relative_power"":0.07880359129607215,""peak_concentration"":0.03882560082493069,""prominence"":0.05835800017771817,""period_correlation"":0.2586930572376276,""split_period_correlation"":0.3015785765458436,""periodic_support"":0.2694144370646816,""harmonic2_relative_power"":0.5446369504688051,""harmonic3_relative_power"":0.17087346447509294,""harmonic_support"":0.24778409506394802,""motion_profile"":0.0,""motion_strength"":null,""motion_reliability"":0.0,""motion_overlap"":0.0,""motion_available"":false,""evidence_score"":-0.34513887208164595,""supported_bpm"":[46.0,47.0,48.0,49.0,50.0,51.0,52.0],""supported_relative_power"":[0.057541457589896476,0.06903004959837922,0.07667214650250591,0.07880359129607215,0.07483416356150766,0.06545726641982444,0.05275806896443779]},{""bpm"":107.0,""relative_power"":0.1457819576729807,""peak_concentration"":0.07445217142144572,""prominence"":0.08586376684894097,""period_correlation"":0.24777534493503922,""split_period_correlation"":0.28310662240660406,""periodic_support"":0.25660816430293043,""harmonic2_relative_power"":0.0021968745578267537,""harmonic3_relative_power"":7.80116249848978e-06,""harmonic_support"":0.018269189958760278,""motion_profile"":0.0,""motion_strength"":null,""motion_reliability"":0.0,""motion_overlap"":0.0,""motion_available"":false,""evidence_score"":-0.3734369542653396,""supported_bpm"":[104.0,105.0,106.0,107.0,108.0,109.0,110.0],""supported_relative_power"":[0.09123541412336764,0.12181520825062829,0.14217232340462707,0.1457819576729807,0.13342155170135425,0.1112156473267561,0.08844101050215114]},{""bpm"":72.0,""relative_power"":0.1387101021097006,""peak_concentration"":0.0762279527506126,""prominence"":0.10227686984867096,""period_correlation"":-0.02496458503907215,""split_period_correlation"":-0.041164807422551325,""periodic_support"":0.0,""harmonic2_relative_power"":0.15099872637259304,""harmonic3_relative_power"":0.0012006770793210452,""harmonic_support"":0.14924088858422396,""motion_profile"":0.0,""motion_strength"":null,""motion_reliability"":0.0,""motion_overlap"":0.0,""motion_available"":false,""evidence_score"":-0.5421383034400027,""supported_bpm"":[69.0,70.0,71.0,72.0,73.0,74.0,75.0],""supported_relative_power"":[0.11709805652361628,0.1274411305288468,0.13554502132844087,0.1387101021097006,0.13358160249693504,0.11820610138469641,0.09460565765657991]},{""bpm"":171.0,""relative_power"":0.185325948717491,""peak_concentration"":0.09272250344670917,""prominence"":0.1843644669049247,""period_correlation"":-0.5895960535617156,""split_period_correlation"":-0.6238720114580267,""periodic_support"":0.0,""harmonic2_relative_power"":1.415995442948805e-06,""harmonic3_relative_power"":2.003723105492115e-06,""harmonic_support"":0.0007255525396893363,""motion_profile"":0.0,""motion_strength"":null,""motion_reliability"":0.0,""motion_overlap"":0.0,""motion_available"":false,""evidence_score"":-0.5892481391953636,""supported_bpm"":[168.0,169.0,170.0,171.0,172.0,173.0,174.0],""supported_relative_power"":[0.1419229689094309,0.1664878579447072,0.18182938602577692,0.185325948717491,0.17629763274139704,0.15611233092248586,0.12786133281300816]},{""bpm"":146.0,""relative_power"":0.1728332748252911,""peak_concentration"":0.09559847994240286,""prominence"":0.17168305752473567,""period_correlation"":-0.41107157484721574,""split_period_correlation"":-0.4465477512548093,""periodic_support"":0.0,""harmonic2_relative_power"":0.00036605624462341014,""harmonic3_relative_power"":2.192557502145954e-06,""harmonic_support"":0.008169492000246447,""motion_profile"":0.0,""motion_strength"":null,""motion_reliability"":0.0,""motion_overlap"":0.0,""motion_available"":false,""evidence_score"":-0.6062302654760233,""supported_bpm"":[143.0,144.0,145.0,146.0,147.0,148.0,149.0],""supported_relative_power"":[0.13432325936510833,0.15099872637259304,0.1653006627553734,0.1728332748252911,0.17087346447509294,0.15834387902440336,0.13608246695554407]},{""bpm"":116.0,""relative_power"":0.09954239475780764,""peak_concentration"":0.055798036089915376,""prominence"":0.0315245729185588,""period_correlation"":0.05963659151191523,""split_period_correlation"":0.07139649017961465,""periodic_support"":0.06257656617884008,""harmonic2_relative_power"":0.0013618436851945616,""harmonic3_relative_power"":5.342548057017608e-06,""harmonic_support"":0.01189831298123519,""motion_profile"":0.0,""motion_strength"":null,""motion_reliability"":0.0,""motion_overlap"":0.0,""motion_available"":false,""evidence_score"":-0.7267775408803311,""supported_bpm"":[113.0,114.0,115.0,116.0,117.0,118.0,119.0],""supported_relative_power"":[0.07302477935595757,0.08374905576281473,0.09436760884836147,0.09954239475780764,0.09544236697154226,0.08345950645288418,0.06729204773859648]}]",False,tracked,False,95.0,21.999978,31.999968,False,guard_unresolved_frequency_disagreement,,3,0,False,True,saved_fused_waveform_offline
27.999972,0.98,0.02,94.0,0.5560411403650738,True,candidate_only,94.0,94.0,94.0,0.7053022524317899,0.824416488143348,1.0,94.0,0.48310682022204776,0.0,6,"[{""bpm"":94.0,""relative_power"":1.0,""peak_concentration"":0.5560411403650738,""prominence"":1.0,""period_correlation"":0.4762139797911036,""split_period_correlation"":0.5037853415148802,""periodic_support"":0.48310682022204776,""harmonic2_relative_power"":0.027939449202694932,""harmonic3_relative_power"":0.00037015263420160085,""harmonic_support"":0.17388475018753735,""motion_profile"":0.0,""motion_strength"":null,""motion_reliability"":0.0,""motion_overlap"":0.0,""motion_available"":false,""evidence_score"":0.7053022524317899,""supported_bpm"":[91.0,92.0,93.0,94.0,95.0,96.0,97.0],""supported_relative_power"":[0.5813324699218294,0.7748836854566397,0.9267377436644681,1.0,0.9683655508620224,0.8423935245853457,0.6553736564028253]},{""bpm"":84.0,""relative_power"":0.1342154424618792,""peak_concentration"":0.11803087174767071,""prominence"":0.03347402196284027,""period_correlation"":0.4199520518754947,""split_period_correlation"":0.43512710638298124,""periodic_support"":0.42374581550236634,""harmonic2_relative_power"":0.09501597016651166,""harmonic3_relative_power"":0.0013700214463703082,""harmonic_support"":0.11767351393143707,""motion_profile"":0.0,""motion_strength"":null,""motion_reliability"":0.0,""motion_overlap"":0.0,""motion_available"":false,""evidence_score"":-0.11911423571155813,""supported_bpm"":[81.0,82.0,83.0,84.0,85.0,86.0,87.0],""supported_relative_power"":[0.05944134212472006,0.0958188180086361,0.12408304581270002,0.1342154424618792,0.12485452329768386,0.10662967230058511,0.10074142049903892]},{""bpm"":106.0,""relative_power"":0.08693441685982148,""peak_concentration"":0.04573470663440026,""prominence"":0.07960321753344105,""period_correlation"":0.27910739627042364,""split_period_correlation"":0.306218459610797,""periodic_support"":0.285885162105517,""harmonic2_relative_power"":0.0005455586538098701,""harmonic3_relative_power"":4.316179964967002e-05,""harmonic_support"":0.007564761161598472,""motion_profile"":0.0,""motion_strength"":null,""motion_reliability"":0.0,""motion_overlap"":0.0,""motion_available"":false,""evidence_score"":-0.5328720063513205,""supported_bpm"":[105.0,106.0,107.0,108.0],""supported_relative_power"":[0.0750745605223545,0.08693441685982148,0.08217155842002348,0.06418608158628686]},{""bpm"":171.0,""relative_power"":0.14276369205958675,""peak_concentration"":0.08760935232560091,""prominence"":0.142213646155304,""period_correlation"":-0.5889999113953129,""split_period_correlation"":-0.6134290008718248,""periodic_support"":0.0,""harmonic2_relative_power"":5.1551556143826244e-05,""harmonic3_relative_power"":6.086648639717695e-06,""harmonic_support"":0.003039136611841922,""motion_profile"":0.0,""motion_strength"":null,""motion_reliability"":0.0,""motion_overlap"":0.0,""motion_available"":false,""evidence_score"":-0.6782584449301213,""supported_bpm"":[168.0,169.0,170.0,171.0,172.0,173.0,174.0],""supported_relative_power"":[0.09501597016651166,0.11850225304224554,0.13540347978808534,0.14276369205958675,0.13919418064821307,0.12524499477605075,0.1033239144126377]},{""bpm"":147.0,""relative_power"":0.12271485457508205,""peak_concentration"":0.07886497625744075,""prominence"":0.12190223785164103,""period_correlation"":-0.41743301077643336,""split_period_correlation"":-0.4362025906513455,""periodic_support"":0.0,""harmonic2_relative_power"":0.00011959052129499706,""harmonic3_relative_power"":5.054175270192844e-06,""harmonic_support"":0.004106505580946797,""motion_profile"":0.0,""motion_strength"":null,""motion_reliability"":0.0,""motion_overlap"":0.0,""motion_available"":false,""evidence_score"":-0.7301556490630258,""supported_bpm"":[144.0,145.0,146.0,147.0,148.0,149.0,150.0],""supported_relative_power"":[0.08406238053867333,0.1032489956615502,0.11699883990256521,0.12271485457508205,0.1194615905242992,0.10791639830912801,0.09024950336657436]},{""bpm"":117.0,""relative_power"":0.05446530089313229,""peak_concentration"":0.023150632910479006,""prominence"":0.05059878359805867,""period_correlation"":0.04404488035236221,""split_period_correlation"":0.05847741087900082,""periodic_support"":0.047653012984021866,""harmonic2_relative_power"":0.0026849923964150394,""harmonic3_relative_power"":4.334568106545674e-05,""harmonic_support"":0.01263070383833178,""motion_profile"":0.0,""motion_strength"":null,""motion_reliability"":0.0,""motion_overlap"":0.0,""motion_available"":false,""evidence_score"":-0.953517993208323,""supported_bpm"":[116.0,117.0],""supported_relative_power"":[0.05273897906515016,0.05446530089313229]}]",False,tracked,False,94.0,22.999976999999998,32.999967,True,accepted_consensus,94.0,3,2,True,False,saved_fused_waveform_offline
28.999971,0.9766666666666667,0.023333333333333334,93.0,0.6160693279227165,True,candidate_only,94.0,94.0,93.0,0.645283246451758,1.5346791185763136,0.9864068932757692,93.0,0.5298613609238153,0.0,4,"[{""bpm"":93.0,""relative_power"":1.0,""peak_concentration"":0.6160693279227165,""prominence"":1.0,""period_correlation"":0.5320887509588212,""split_period_correlation"":0.5231791908187976,""periodic_support"":0.5298613609238153,""harmonic2_relative_power"":0.005741725919533298,""harmonic3_relative_power"":0.0011101409687174842,""harmonic_support"":0.08743574943556123,""motion_profile"":0.0,""motion_strength"":null,""motion_reliability"":0.0,""motion_overlap"":0.0,""motion_available"":false,""evidence_score"":0.6702832464517581,""supported_bpm"":[90.0,91.0,92.0,93.0,94.0,95.0,96.0],""supported_relative_power"":[0.724829839664398,0.8526820737949741,0.9511230719142628,1.0,0.9864068932757692,0.9052814363827476,0.772821041855665]},{""bpm"":172.0,""relative_power"":0.08355038996111437,""peak_concentration"":0.05188585559349602,""prominence"":0.08271969081549954,""period_correlation"":-0.6007378513630407,""split_period_correlation"":-0.6136077025387341,""periodic_support"":0.0,""harmonic2_relative_power"":0.00018678700021446782,""harmonic3_relative_power"":2.0723207170103455e-05,""harmonic_support"":0.004411002669165763,""motion_profile"":0.0,""motion_strength"":null,""motion_reliability"":0.0,""motion_overlap"":0.0,""motion_available"":false,""evidence_score"":-0.8643958721245555,""supported_bpm"":[169.0,170.0,171.0,172.0,173.0,174.0,175.0],""supported_relative_power"":[0.06254689207892973,0.07282775762536872,0.08028160858044785,0.08355038996111437,0.08182042008191978,0.07512778878205709,0.06424161625489237]},{""bpm"":130.0,""relative_power"":0.06733267955661495,""peak_concentration"":0.04424242784260828,""prominence"":0.05218367352273089,""period_correlation"":-0.1812745233913152,""split_period_correlation"":-0.17612157937698947,""periodic_support"":0.0,""harmonic2_relative_power"":0.00037868971106757264,""harmonic3_relative_power"":2.5894296216573256e-05,""harmonic_support"":0.005511723640762618,""motion_profile"":0.0,""motion_strength"":null,""motion_reliability"":0.0,""motion_overlap"":0.0,""motion_available"":false,""evidence_score"":-0.9388266293072286,""supported_bpm"":[127.0,128.0,129.0,130.0,131.0,132.0,133.0],""supported_relative_power"":[0.05141048038850727,0.05906994914225947,0.06458699994921681,0.06733267955661495,0.06692069478028571,0.06325068808911569,0.05673782672694229]},{""bpm"":149.0,""relative_power"":0.0659567987080401,""peak_concentration"":0.04364317626141898,""prominence"":0.0630417872312778,""period_correlation"":-0.43306523538337177,""split_period_correlation"":-0.4379743304575284,""periodic_support"":0.0,""harmonic2_relative_power"":0.00017555517588495,""harmonic3_relative_power"":7.984467175938837e-06,""harmonic_support"":0.0036567938493059517,""motion_profile"":0.0,""motion_strength"":null,""motion_reliability"":0.0,""motion_overlap"":0.0,""motion_available"":false,""evidence_score"":-0.9479075668580131,""supported_bpm"":[146.0,147.0,148.0,149.0,150.0,151.0,152.0],""supported_relative_power"":[0.05385266664139684,0.06078395280160566,0.06486495629946896,0.0659567987080401,0.06417829058575968,0.05987347858351661,0.053574450703690844]}]",False,tracked,False,93.0,23.999976,33.999966,True,accepted_consensus,93.0,3,2,True,False,saved_fused_waveform_offline
29.999969999999998,0.9766666666666667,0.023333333333333334,93.0,0.6268038604034225,True,candidate_only,94.0,94.0,93.0,0.6822902565362318,1.6216072105189459,0.9647688576049762,93.0,0.571903157094658,0.0,3,"[{""bpm"":93.0,""relative_power"":1.0,""peak_concentration"":0.6268038604034225,""prominence"":1.0,""period_correlation"":0.576734410738917,""split_period_correlation"":0.5574093961618811,""periodic_support"":0.571903157094658,""harmonic2_relative_power"":0.004213033855694116,""harmonic3_relative_power"":0.0014415899093099364,""harmonic_support"":0.07819678373210794,""motion_profile"":0.0,""motion_strength"":null,""motion_reliability"":0.0,""motion_overlap"":0.0,""motion_available"":false,""evidence_score"":0.7072902565362318,""supported_bpm"":[90.0,91.0,92.0,93.0,94.0,95.0,96.0],""supported_relative_power"":[0.8234234325953944,0.9214739445955363,0.9839751831316139,1.0,0.9647688576049762,0.8784196721668169,0.7546644631138624]},{""bpm"":117.0,""relative_power"":0.05578929064945378,""peak_concentration"":0.0422150321300404,""prominence"":0.04752820201890178,""period_correlation"":0.0692650041302578,""split_period_correlation"":0.06727499507388494,""periodic_support"":0.06876750186616458,""harmonic2_relative_power"":0.00628823033224319,""harmonic3_relative_power"":0.0003159259669244657,""harmonic_support"":0.02019946711533838,""motion_profile"":0.0,""motion_strength"":null,""motion_reliability"":0.0,""motion_overlap"":0.0,""motion_available"":false,""evidence_score"":-0.9143169539827141,""supported_bpm"":[115.0,116.0,117.0,118.0,119.0,120.0],""supported_relative_power"":[0.05259012308905527,0.05487178344449372,0.05578929064945378,0.05552364171745301,0.05430915229453187,0.052491114099622774]},{""bpm"":54.0,""relative_power"":0.06274759192496808,""peak_concentration"":0.03943902882598058,""prominence"":0.04930141411526756,""period_correlation"":-0.0006603767913660464,""split_period_correlation"":-0.04710079284109238,""periodic_support"":0.0,""harmonic2_relative_power"":0.014551836768861346,""harmonic3_relative_power"":0.008306580523074359,""harmonic_support"":0.03820799321448862,""motion_profile"":0.0,""motion_strength"":null,""motion_reliability"":0.0,""motion_overlap"":0.0,""motion_available"":false,""evidence_score"":-0.9308142838770266,""supported_bpm"":[52.0,53.0,54.0,55.0,56.0,57.0],""supported_relative_power"":[0.05490416510766704,0.0606187476997126,0.06274759192496808,0.06138661179340517,0.057283075281515244,0.05163749450645966]}]",False,tracked,False,93.0,24.999975,34.999964999999996,True,accepted_consensus,93.0,3,3,True,False,saved_fused_waveform_offline
30.999969,0.9733333333333334,0.02666666666666667,93.0,0.6226963738210396,True,candidate_only,94.0,94.0,93.0,0.7086667785025871,1.4340928146398217,0.9811648704608849,93.0,0.5597009265516659,0.0,3,"[{""bpm"":93.0,""relative_power"":1.0,""peak_concentration"":0.6226963738210396,""prominence"":1.0,""period_correlation"":0.5603352008021503,""split_period_correlation"":0.5577981038002128,""periodic_support"":0.5597009265516659,""harmonic2_relative_power"":0.010721466472303943,""harmonic3_relative_power"":0.0017048038991453445,""harmonic_support"":0.11799575929575452,""motion_profile"":0.0,""motion_strength"":null,""motion_reliability"":0.0,""motion_overlap"":0.0,""motion_available"":false,""evidence_score"":0.7336667785025871,""supported_bpm"":[90.0,91.0,92.0,93.0,94.0,95.0,96.0],""supported_relative_power"":[0.7850327647921866,0.8925940385929776,0.968217495639099,1.0,0.9811648704608849,0.9087859204520554,0.79362146433831]},{""bpm"":56.0,""relative_power"":0.10633513469492674,""peak_concentration"":0.07452228300206858,""prominence"":0.08080697665969493,""period_correlation"":-0.15531832447566588,""split_period_correlation"":-0.09594245507226963,""periodic_support"":0.0,""harmonic2_relative_power"":0.05107962933400455,""harmonic3_relative_power"":0.008113928433416125,""harmonic_support"":0.08397979736925416,""motion_profile"":0.0,""motion_strength"":null,""motion_reliability"":0.0,""motion_overlap"":0.0,""motion_available"":false,""evidence_score"":-0.7004260361372346,""supported_bpm"":[53.0,54.0,55.0,56.0,57.0,58.0,59.0],""supported_relative_power"":[0.08716524533334787,0.09751424614523778,0.10392883061701944,0.10633513469492674,0.10530359341915642,0.10179967254187709,0.09678740181825816]},{""bpm"":118.0,""relative_power"":0.059429337380187186,""peak_concentration"":0.04862854371118424,""prominence"":0.058343761238448644,""period_correlation"":0.012274253785348816,""split_period_correlation"":0.06172380614534805,""periodic_support"":0.024636641875348628,""harmonic2_relative_power"":0.005445440048046654,""harmonic3_relative_power"":0.0003539032216813354,""harmonic_support"":0.0195945425777271,""motion_profile"":0.0,""motion_strength"":null,""motion_reliability"":0.0,""motion_overlap"":0.0,""motion_available"":false,""evidence_score"":-0.9413436990970032,""supported_bpm"":[115.0,116.0,117.0,118.0,119.0,120.0,121.0],""supported_relative_power"":[0.05819297579105757,0.059022684535013886,0.05937866205524771,0.059429337380187186,0.05922738480492191,0.05875049094151763,0.0579141739152865]}]",False,tracked,False,93.0,25.999973999999998,35.999964,True,accepted_consensus,94.0,3,3,True,False,saved_fused_waveform_offline
31.999968,0.9733333333333334,0.02666666666666667,94.0,0.5967008190095322,True,candidate_only,94.0,94.0,94.0,0.8041347280730495,1.3079064909284321,1.0,94.0,0.6096373406427549,0.0,4,"[{""bpm"":94.0,""relative_power"":1.0,""peak_concentration"":0.5967008190095322,""prominence"":1.0,""period_correlation"":0.6082483088737622,""split_period_correlation"":0.613804435949733,""periodic_support"":0.6096373406427549,""harmonic2_relative_power"":0.013949660488800732,""harmonic3_relative_power"":0.001942283898403063,""harmonic_support"":0.1335336533660191,""motion_profile"":0.0,""motion_strength"":null,""motion_reliability"":0.0,""motion_overlap"":0.0,""motion_available"":false,""evidence_score"":0.8041347280730495,""supported_bpm"":[91.0,92.0,93.0,94.0,95.0,96.0,97.0],""supported_relative_power"":[0.8027453839236757,0.9105439649469405,0.9801793168723308,1.0,0.9613033984280877,0.8703740612364351,0.7415784400909483]},{""bpm"":57.0,""relative_power"":0.17728371674164092,""peak_concentration"":0.1180091365103691,""prominence"":0.1511573913392246,""period_correlation"":-0.22361961832243876,""split_period_correlation"":-0.26417579492201915,""periodic_support"":0.0,""harmonic2_relative_power"":0.05149792597414853,""harmonic3_relative_power"":0.001758570690409876,""harmonic_support"":0.10172960573849059,""motion_profile"":0.0,""motion_strength"":null,""motion_reliability"":0.0,""motion_overlap"":0.0,""motion_available"":false,""evidence_score"":-0.5037717628553826,""supported_bpm"":[54.0,55.0,56.0,57.0,58.0,59.0,60.0],""supported_relative_power"":[0.1417061685649486,0.15895705038302943,0.17116721314526256,0.17728371674164092,0.17692915227218153,0.16988590190144373,0.1577944008055953]},{""bpm"":178.0,""relative_power"":0.06255164058760539,""peak_concentration"":0.03477452747607702,""prominence"":0.06222535794948043,""period_correlation"":-0.6496949598538017,""split_period_correlation"":-0.6435176534164226,""periodic_support"":0.0,""harmonic2_relative_power"":0.00030505580302935643,""harmonic3_relative_power"":1.6658377900586588e-06,""harmonic_support"":0.00448124577807228,""motion_profile"":0.0,""motion_strength"":null,""motion_reliability"":0.0,""motion_overlap"":0.0,""motion_available"":false,""evidence_score"":-0.9656357391199063,""supported_bpm"":[176.0,177.0,178.0,179.0,180.0],""supported_relative_power"":[0.05166458509411289,0.05938831483272966,0.06255164058760539,0.061147222108808186,0.05613024184642061]},{""bpm"":119.0,""relative_power"":0.05185587198047684,""peak_concentration"":0.041727256274813884,""prominence"":0.0321165847872895,""period_correlation"":0.00016021632521265127,""split_period_correlation"":-0.011658768214728728,""periodic_support"":0.0,""harmonic2_relative_power"":0.00334232419480544,""harmonic3_relative_power"":0.00029693681031505467,""harmonic_support"":0.014538478860125484,""motion_profile"":0.0,""motion_strength"":null,""motion_reliability"":0.0,""motion_overlap"":0.0,""motion_available"":false,""evidence_score"":-1.0212120066076282,""supported_bpm"":[116.0,117.0,118.0,119.0,120.0,121.0],""supported_relative_power"":[0.051720230688243746,0.051788761149330224,0.0518500898195811,0.05185587198047684,0.05168290207438893,0.051112846589226796]}]",False,tracked,False,94.0,26.999972999999997,36.999963,True,accepted_consensus,94.0,3,3,True,False,saved_fused_waveform_offline
32.999967,0.9733333333333334,0.02666666666666667,95.0,0.5691803935372475,True,candidate_only,95.0,95.0,95.0,0.7147425903356833,1.104608160314127,1.0,95.0,0.5750362948129362,0.0,3,"[{""bpm"":95.0,""relative_power"":1.0,""peak_concentration"":0.5691803935372475,""prominence"":1.0,""period_correlation"":0.5804310010336257,""split_period_correlation"":0.5588521761508678,""periodic_support"":0.5750362948129362,""harmonic2_relative_power"":0.004933092985191875,""harmonic3_relative_power"":0.0011689923102861843,""harmonic_support"":0.08220266604145354,""motion_profile"":0.0,""motion_strength"":null,""motion_reliability"":0.0,""motion_overlap"":0.0,""motion_available"":false,""evidence_score"":0.7147425903356833,""supported_bpm"":[92.0,93.0,94.0,95.0,96.0,97.0,98.0],""supported_relative_power"":[0.7591410336642629,0.890628998622187,0.977843058763783,1.0,0.9545471522252758,0.8529609389091426,0.7132704570243968]},{""bpm"":58.0,""relative_power"":0.231042413143731,""peak_concentration"":0.1532938175288513,""prominence"":0.223155582049401,""period_correlation"":-0.30721890211943614,""split_period_correlation"":-0.3412609354031414,""periodic_support"":0.0,""harmonic2_relative_power"":0.03379665192865481,""harmonic3_relative_power"":0.04223204355678721,""harmonic_support"":0.12293832254246567,""motion_profile"":0.0,""motion_strength"":null,""motion_reliability"":0.0,""motion_overlap"":0.0,""motion_available"":false,""evidence_score"":-0.3898655699784436,""supported_bpm"":[55.0,56.0,57.0,58.0,59.0,60.0,61.0],""supported_relative_power"":[0.19485696331121682,0.21336149992573375,0.22585086134842397,0.231042413143731,0.22729113167127069,0.2152832032017088,0.19579452092236]},{""bpm"":180.0,""relative_power"":0.10381748489837404,""peak_concentration"":0.06352951700644754,""prominence"":0.10346313914778385,""period_correlation"":-0.6584282888774446,""split_period_correlation"":-0.628037818703413,""periodic_support"":0.0,""harmonic2_relative_power"":0.00018037903078310546,""harmonic3_relative_power"":3.693899521750121e-06,""harmonic_support"":0.004544155687087138,""motion_profile"":0.0,""motion_strength"":null,""motion_reliability"":0.0,""motion_overlap"":0.0,""motion_available"":false,""evidence_score"":-0.7882481503791275,""supported_bpm"":[177.0,178.0,179.0,180.0,181.0,182.0,183.0],""supported_relative_power"":[0.08771666665985726,0.09821039155025948,0.10375457422935006,0.10381748489837404,0.09867528356030175,0.08907919859500343,0.07657921329229618]}]",False,tracked,False,95.0,27.999972,37.999962,True,accepted_consensus,95.0,3,3,True,False,saved_fused_waveform_offline
33.999966,0.97,0.03,96.0,0.550279017977793,True,candidate_only,95.0,95.0,96.0,0.38410807491252835,0.8581171251437298,0.99664057064551,96.0,0.320848905599089,0.0,4,"[{""bpm"":96.0,""relative_power"":1.0,""peak_concentration"":0.550279017977793,""prominence"":1.0,""period_correlation"":0.3264239892693591,""split_period_correlation"":0.3041236545882788,""periodic_support"":0.320848905599089,""harmonic2_relative_power"":0.0023937483524969967,""harmonic3_relative_power"":0.00042888411369529405,""harmonic_support"":0.05617427875353045,""motion_profile"":0.0,""motion_strength"":null,""motion_reliability"":0.0,""motion_overlap"":0.0,""motion_available"":false,""evidence_score"":0.4091080749125284,""supported_bpm"":[93.0,94.0,95.0,96.0,97.0,98.0,99.0],""supported_relative_power"":[0.791059639668719,0.923681549309767,0.99664057064551,1.0,0.938267246518035,0.8240572587533528,0.6769337225262531]},{""bpm"":57.0,""relative_power"":0.20518953795488212,""peak_concentration"":0.15008908650626276,""prominence"":0.19790434023326353,""period_correlation"":-0.0715010074935125,""split_period_correlation"":-0.05384708829853295,""periodic_support"":0.0,""harmonic2_relative_power"":0.029317771650859577,""harmonic3_relative_power"":0.03067463545234933,""harmonic_support"":0.1053283528325132,""motion_profile"":0.0,""motion_strength"":null,""motion_reliability"":0.0,""motion_overlap"":0.0,""motion_available"":false,""evidence_score"":-0.4490090502312015,""supported_bpm"":[54.0,55.0,56.0,57.0,58.0,59.0,60.0],""supported_relative_power"":[0.18655066480458674,0.1989210851060418,0.2045649697424162,0.20518953795488212,0.20305553431827933,0.20000652772615077,0.19655850727165425]},{""bpm"":180.0,""relative_power"":0.1593650875943509,""peak_concentration"":0.09641892810268728,""prominence"":0.15656355060737884,""period_correlation"":-0.5902323141236681,""split_period_correlation"":-0.5967620276975787,""periodic_support"":0.0,""harmonic2_relative_power"":7.714221910093477e-05,""harmonic3_relative_power"":2.3495440458124064e-06,""harmonic_support"":0.0037204171222919454,""motion_profile"":0.0,""motion_strength"":null,""motion_reliability"":0.0,""motion_overlap"":0.0,""motion_available"":false,""evidence_score"":-0.63907472904924,""supported_bpm"":[177.0,178.0,179.0,180.0,181.0,182.0,183.0],""supported_relative_power"":[0.1289908032725005,0.14529805407429724,0.15599885564638175,0.1593650875943509,0.15465476681299437,0.14194416408242905,0.12318320059024465]},{""bpm"":74.0,""relative_power"":0.05888360818024384,""peak_concentration"":0.0241342429023634,""prominence"":0.04767767379581826,""period_correlation"":-0.012218259469824598,""split_period_correlation"":0.013589405589758546,""periodic_support"":0.0,""harmonic2_relative_power"":0.015378999546681978,""harmonic3_relative_power"":0.001624334379004639,""harmonic_support"":0.033515675511853804,""motion_profile"":0.0,""motion_strength"":null,""motion_reliability"":0.0,""motion_overlap"":0.0,""motion_available"":false,""evidence_score"":-0.95775170865953,""supported_bpm"":[74.0,75.0],""supported_relative_power"":[0.05888360818024384,0.057898859614781854]}]",False,tracked,False,96.0,28.999971,38.999961,True,accepted_consensus,95.0,3,3,True,False,saved_fused_waveform_offline
34.999964999999996,0.9766666666666667,0.023333333333333334,96.0,0.4899850842461547,True,candidate_only,95.0,95.0,96.0,0.17098777153998793,0.4711867440712648,0.9745917773446181,96.0,0.11821526160366586,0.0,5,"[{""bpm"":96.0,""relative_power"":1.0,""peak_concentration"":0.4899850842461547,""prominence"":1.0,""period_correlation"":0.09604586256376997,""split_period_correlation"":0.1847234587233535,""periodic_support"":0.11821526160366586,""harmonic2_relative_power"":0.003758329641769253,""harmonic3_relative_power"":0.0001761889645067351,""harmonic_support"":0.06595098377595547,""motion_profile"":0.0,""motion_strength"":null,""motion_reliability"":0.0,""motion_overlap"":0.0,""motion_available"":false,""evidence_score"":0.19598777153998792,""supported_bpm"":[93.0,94.0,95.0,96.0,97.0,98.0,99.0],""supported_relative_power"":[0.7435448331460462,0.8846296620763883,0.9745917773446181,1.0,0.9610216153451969,0.8660963328137551,0.7312185575323815]},{""bpm"":54.0,""relative_power"":0.24203914478817715,""peak_concentration"":0.09937696568962429,""prominence"":0.2384727451730674,""period_correlation"":0.13913416104712645,""split_period_correlation"":0.12206162510571739,""periodic_support"":0.1348660270617742,""harmonic2_relative_power"":0.010242849612899679,""harmonic3_relative_power"":0.01813237718542443,""harmonic_support"":0.07297793140495659,""motion_profile"":0.0,""motion_strength"":null,""motion_reliability"":0.0,""motion_overlap"":0.0,""motion_available"":false,""evidence_score"":-0.2751989725312769,""supported_bpm"":[51.0,52.0,53.0,54.0,55.0,56.0,57.0],""supported_relative_power"":[0.14115822161913238,0.19046366934544884,0.22729139498085998,0.24203914478817715,0.2301186226686531,0.1942726728214515,0.14462593972198273]},{""bpm"":65.0,""relative_power"":0.22208907416544346,""peak_concentration"":0.10940112368562833,""prominence"":0.15775899699027085,""period_correlation"":0.07780247405339631,""split_period_correlation"":0.020257621259305497,""periodic_support"":0.06341626085487362,""harmonic2_relative_power"":0.011535653304674863,""harmonic3_relative_power"":0.0009973924596972403,""harmonic_support"":0.05582475938177331,""motion_profile"":0.0,""motion_strength"":null,""motion_reliability"":0.0,""motion_overlap"":0.0,""motion_available"":false,""evidence_score"":-0.40105421358912974,""supported_bpm"":[62.0,63.0,64.0,65.0,66.0,67.0,68.0],""supported_relative_power"":[0.1300958961960491,0.17479121251320226,0.20849371729871224,0.22208907416544346,0.21316020698795632,0.19015549111749575,0.1643170044927017]},{""bpm"":180.0,""relative_power"":0.20356403486807895,""peak_concentration"":0.11296078436669149,""prominence"":0.20166055778652836,""period_correlation"":-0.5844840127091601,""split_period_correlation"":-0.6025805019399253,""periodic_support"":0.0,""harmonic2_relative_power"":2.5301762978914458e-05,""harmonic3_relative_power"":2.9061177015301396e-07,""harmonic_support"":0.00235460622162795,""motion_profile"":0.0,""motion_strength"":null,""motion_reliability"":0.0,""motion_overlap"":0.0,""motion_available"":false,""evidence_score"":-0.5547665233575692,""supported_bpm"":[177.0,178.0,179.0,180.0,181.0,182.0,183.0],""supported_relative_power"":[0.1701554089521909,0.18864983035223332,0.20027990033832002,0.20356403486807895,0.19794994507178237,0.1835474465066101,0.1622839084139635]},{""bpm"":112.0,""relative_power"":0.05213500919146653,""peak_concentration"":0.019034436859724828,""prominence"":0.046534099150249524,""period_correlation"":-0.2150805540049722,""split_period_correlation"":-0.1451806686695506,""periodic_support"":0.0,""harmonic2_relative_power"":0.001519394856582632,""harmonic3_relative_power"":1.5199801204885165e-05,""harmonic_support"":0.009211773081817054,""motion_profile"":0.0,""motion_strength"":null,""motion_reliability"":0.0,""motion_overlap"":0.0,""motion_available"":false,""evidence_score"":-1.0246597349719482,""supported_bpm"":[112.0],""supported_relative_power"":[0.05213500919146653]}]",False,tracked,False,96.0,29.999969999999998,39.99996,True,accepted_consensus,96.0,3,2,True,False,saved_fused_waveform_offline
35.999964,0.9766666666666667,0.023333333333333334,95.0,0.3432983708298069,True,candidate_only,95.0,95.0,67.0,0.20298017857509248,0.01651742130691053,1.0,95.0,0.045621965544463,0.0,6,"[{""bpm"":67.0,""relative_power"":0.6816506649757532,""peak_concentration"":0.24268614585077034,""prominence"":0.6609403242960719,""period_correlation"":0.14345847034381887,""split_period_correlation"":0.012829748471468588,""periodic_support"":0.11080128987573129,""harmonic2_relative_power"":0.05164684374779962,""harmonic3_relative_power"":0.023310844980543442,""harmonic_support"":0.2317494718529231,""motion_profile"":0.0,""motion_strength"":null,""motion_reliability"":0.0,""motion_overlap"":0.0,""motion_available"":false,""evidence_score"":0.219497599882003,""supported_bpm"":[64.0,65.0,66.0,67.0,68.0,69.0,70.0],""supported_relative_power"":[0.45369595928755163,0.5723051916346564,0.650070963531012,0.6816506649757532,0.6734262738370064,0.636487352802317,0.5835836495096633]},{""bpm"":95.0,""relative_power"":1.0,""peak_concentration"":0.3432983708298069,""prominence"":1.0,""period_correlation"":0.02408203373130315,""split_period_correlation"":0.11024176098394255,""periodic_support"":0.045621965544463,""harmonic2_relative_power"":0.022741250517623608,""harmonic3_relative_power"":3.24571836873611e-05,""harmonic_support"":0.15279601647618318,""motion_profile"":0.0,""motion_strength"":null,""motion_reliability"":0.0,""motion_overlap"":0.0,""motion_available"":false,""evidence_score"":0.20298017857509248,""supported_bpm"":[92.0,93.0,94.0,95.0,96.0,97.0,98.0],""supported_relative_power"":[0.7035526451245351,0.8505206165408699,0.9563923847338707,1.0,0.977574075048331,0.89888520488692,0.7798940248293583]},{""bpm"":54.0,""relative_power"":0.4423727443456677,""peak_concentration"":0.1160516357979343,""prominence"":0.4000101294035739,""period_correlation"":0.268474242823468,""split_period_correlation"":0.31735225458603167,""periodic_support"":0.2806937457641089,""harmonic2_relative_power"":0.027310718929645667,""harmonic3_relative_power"":0.021430273602637395,""harmonic_support"":0.14399411306171003,""motion_profile"":0.0,""motion_strength"":null,""motion_reliability"":0.0,""motion_overlap"":0.0,""motion_available"":false,""evidence_score"":0.16729637964939645,""supported_bpm"":[51.0,52.0,53.0,54.0,55.0,56.0,57.0],""supported_relative_power"":[0.2552250205573905,0.347390685499938,0.41602300289285427,0.4423727443456677,0.4168640184251436,0.34337630277510633,0.23967671846910474]},{""bpm"":180.0,""relative_power"":0.22748756953615623,""peak_concentration"":0.08679233211468824,""prominence"":0.22698608579016227,""period_correlation"":-0.5391330228685263,""split_period_correlation"":-0.5410096307122617,""periodic_support"":0.0,""harmonic2_relative_power"":2.267783913529897e-05,""harmonic3_relative_power"":2.6333209673023287e-06,""harmonic_support"":0.002542220657546612,""motion_profile"":0.0,""motion_strength"":null,""motion_reliability"":0.0,""motion_overlap"":0.0,""motion_available"":false,""evidence_score"":-0.5156886678623537,""supported_bpm"":[177.0,178.0,179.0,180.0,181.0,182.0,183.0],""supported_relative_power"":[0.18299676883925647,0.2057802326228068,0.22124599294144418,0.22748756953615623,0.22369218380933403,0.2098191270770643,0.1878906990220113]},{""bpm"":114.0,""relative_power"":0.10608284920223135,""peak_concentration"":0.03746453756045068,""prominence"":0.07877213027258569,""period_correlation"":-0.3391861493740593,""split_period_correlation"":-0.25486371237570193,""periodic_support"":0.0,""harmonic2_relative_power"":0.0012828158741765273,""harmonic3_relative_power"":1.469869550379694e-05,""harmonic_support"":0.01210258630168425,""motion_profile"":0.0,""motion_strength"":null,""motion_reliability"":0.0,""motion_overlap"":0.0,""motion_available"":false,""evidence_score"":-0.7731346265667762,""supported_bpm"":[111.0,112.0,113.0,114.0,115.0,116.0,117.0],""supported_relative_power"":[0.07743066631681551,0.09473636565199385,0.10472261899839631,0.10608284920223135,0.10011411176434082,0.08987597298554202,0.07898200536055963]},{""bpm"":134.0,""relative_power"":0.05164684374779962,""peak_concentration"":0.014550085181374777,""prominence"":0.04994347686302908,""period_correlation"":-0.5526373341373787,""split_period_correlation"":-0.503037845901165,""periodic_support"":0.0,""harmonic2_relative_power"":0.0005055990614383452,""harmonic3_relative_power"":8.933542561757477e-06,""harmonic_support"":0.005347788250281867,""motion_profile"":0.0,""motion_strength"":null,""motion_reliability"":0.0,""motion_overlap"":0.0,""motion_available"":false,""evidence_score"":-1.0318163795616444,""supported_bpm"":[133.0,134.0],""supported_relative_power"":[0.05102812178138874,0.05164684374779962]}]",False,tracked,False,95.0,30.999969,40.999959,True,accepted_consensus,96.0,3,2,True,False,saved_fused_waveform_offline
36.999963,0.99,0.01,68.0,0.3651204711289942,True,candidate_only,95.0,94.0,68.0,0.020140026095098122,0.19493473808739015,0.6081953236746448,94.0,0.053651229765207004,0.0,6,"[{""bpm"":68.0,""relative_power"":1.0,""peak_concentration"":0.3651204711289942,""prominence"":1.0,""period_correlation"":0.20706419612721041,""split_period_correlation"":0.04378586911420401,""periodic_support"":0.16624461437395882,""harmonic2_relative_power"":0.032387054744752515,""harmonic3_relative_power"":0.02745616963913259,""harmonic_support"":0.2379586990228378,""motion_profile"":0.0,""motion_strength"":null,""motion_reliability"":0.0,""motion_overlap"":0.0,""motion_available"":false,""evidence_score"":0.42082777483419254,""supported_bpm"":[65.0,66.0,67.0,68.0,69.0,70.0,71.0],""supported_relative_power"":[0.8633057839404216,0.9530130726918877,0.9996491447590886,1.0,0.9570601964984125,0.8789007323156146,0.7760251266742098]},{""bpm"":55.0,""relative_power"":0.5293960831457992,""peak_concentration"":0.19437661210689966,""prominence"":0.14437779447006882,""period_correlation"":0.20824073968049814,""split_period_correlation"":0.23253903036408863,""periodic_support"":0.21431531235139575,""harmonic2_relative_power"":0.08111776032039862,""harmonic3_relative_power"":0.0004706485992829137,""harmonic_support"":0.21275262891942218,""motion_profile"":0.0,""motion_strength"":null,""motion_reliability"":0.0,""motion_overlap"":0.0,""motion_available"":false,""evidence_score"":0.2258930367468024,""supported_bpm"":[52.0,53.0,54.0,55.0,56.0,57.0,58.0],""supported_relative_power"":[0.4079896735604007,0.47510484215451637,0.5177403417312103,0.5293960831457992,0.510491770240011,0.4693221039271571,0.42095797871660157]},{""bpm"":94.0,""relative_power"":0.6180549720227839,""peak_concentration"":0.19744062779161534,""prominence"":0.6104525159733117,""period_correlation"":0.02773815603370923,""split_period_correlation"":0.13139045095970034,""periodic_support"":0.053651229765207004,""harmonic2_relative_power"":0.037048058242664286,""harmonic3_relative_power"":0.00013660133810530753,""harmonic_support"":0.15453592924889667,""motion_profile"":0.0,""motion_strength"":null,""motion_reliability"":0.0,""motion_overlap"":0.0,""motion_available"":false,""evidence_score"":0.045140026095098124,""supported_bpm"":[91.0,92.0,93.0,94.0,95.0,96.0,97.0],""supported_relative_power"":[0.4248601544208678,0.5149221685966157,0.5835201795900585,0.6180549720227839,0.6081953236746448,0.5566739191699444,0.4749074785589789]},{""bpm"":116.0,""relative_power"":0.12901683827788948,""peak_concentration"":0.05035224425756282,""prominence"":0.055662318206989234,""period_correlation"":-0.3816455693195716,""split_period_correlation"":-0.2826814930869843,""periodic_support"":0.0,""harmonic2_relative_power"":0.00021234356249564664,""harmonic3_relative_power"":2.083482378059424e-05,""harmonic_support"":0.00580794265486121,""motion_profile"":0.0,""motion_strength"":null,""motion_reliability"":0.0,""motion_overlap"":0.0,""motion_available"":false,""evidence_score"":-0.7109263811935858,""supported_bpm"":[113.0,114.0,115.0,116.0,117.0,118.0,119.0],""supported_relative_power"":[0.11163883977763599,0.12099219445059295,0.1271028184453654,0.12901683827788948,0.12611216000296033,0.11924200534286325,0.10931939524400706]},{""bpm"":179.0,""relative_power"":0.12404291625542561,""peak_concentration"":0.04296339882313042,""prominence"":0.12360078345707239,""period_correlation"":-0.5336494169756469,""split_period_correlation"":-0.5297295959875093,""periodic_support"":0.0,""harmonic2_relative_power"":3.286407774169459e-05,""harmonic3_relative_power"":6.061459868800506e-06,""harmonic_support"":0.0023225370852535134,""motion_profile"":0.0,""motion_strength"":null,""motion_reliability"":0.0,""motion_overlap"":0.0,""motion_available"":false,""evidence_score"":-0.7281721489622395,""supported_bpm"":[176.0,177.0,178.0,179.0,180.0,181.0,182.0],""supported_relative_power"":[0.08663149673703667,0.10451864233217395,0.11753031583911934,0.12404291625542561,0.12369172384754797,0.11733975753103944,0.10658029003464688]},{""bpm"":132.0,""relative_power"":0.0582532584536367,""peak_concentration"":0.01874382796777255,""prominence"":0.028637124554401497,""period_correlation"":-0.5321690486690666,""split_period_correlation"":-0.4683481010428299,""periodic_support"":0.0,""harmonic2_relative_power"":0.0006589216286754097,""harmonic3_relative_power"":1.748717015351059e-05,""harmonic_support"":0.006548763693143991,""motion_profile"":0.0,""motion_strength"":null,""motion_reliability"":0.0,""motion_overlap"":0.0,""motion_available"":false,""evidence_score"":-0.988485573450778,""supported_bpm"":[131.0,132.0,133.0,134.0],""supported_relative_power"":[0.053984526316866455,0.0582532584536367,0.05804676423574698,0.05300974147049505]}]",False,tracked,False,68.0,31.999968,41.999958,False,guard_unresolved_frequency_disagreement,,3,0,False,True,saved_fused_waveform_offline
37.999962,0.9833333333333333,0.016666666666666666,67.0,0.4378026361202034,True,candidate_only,95.0,94.0,67.0,-0.3242651608034985,0.8021288406072513,0.325494964679056,94.0,0.0,0.0,4,"[{""bpm"":67.0,""relative_power"":1.0,""peak_concentration"":0.4378026361202034,""prominence"":1.0,""period_correlation"":0.2927947277500717,""split_period_correlation"":0.11559059418856613,""periodic_support"":0.2484936943596953,""harmonic2_relative_power"":0.03589036898383659,""harmonic3_relative_power"":0.013108993655955841,""harmonic_support"":0.22952061600808799,""motion_profile"":0.0,""motion_strength"":null,""motion_reliability"":0.0,""motion_overlap"":0.0,""motion_available"":false,""evidence_score"":0.5028636798037529,""supported_bpm"":[64.0,65.0,66.0,67.0,68.0,69.0,70.0],""supported_relative_power"":[0.8784675707953971,0.9455098687013682,0.989575028867653,1.0,0.9717849650615392,0.9047845345082769,0.8046280426410579]},{""bpm"":94.0,""relative_power"":0.34065873692646964,""peak_concentration"":0.1209950459125918,""prominence"":0.33977929130711326,""period_correlation"":-0.07854318042965647,""split_period_correlation"":0.08327107934434294,""periodic_support"":0.0,""harmonic2_relative_power"":0.016705016789684484,""harmonic3_relative_power"":0.0001164008433932728,""harmonic_support"":0.0776407651949843,""motion_profile"":0.0,""motion_strength"":null,""motion_reliability"":0.0,""motion_overlap"":0.0,""motion_available"":false,""evidence_score"":-0.29926516080349846,""supported_bpm"":[91.0,92.0,93.0,94.0,95.0,96.0,97.0],""supported_relative_power"":[0.25404050535382317,0.29946977121126983,0.33037204055908764,0.34065873692646964,0.325494964679056,0.2870966831605034,0.23215501122753138]},{""bpm"":120.0,""relative_power"":0.09824135288660407,""peak_concentration"":0.046600438428153645,""prominence"":0.09094285866057132,""period_correlation"":-0.47179669379255157,""split_period_correlation"":-0.39358961144426174,""periodic_support"":0.0,""harmonic2_relative_power"":6.430074165960191e-05,""harmonic3_relative_power"":2.286437463871173e-05,""harmonic_support"":0.003037922301674334,""motion_profile"":0.0,""motion_strength"":null,""motion_reliability"":0.0,""motion_overlap"":0.0,""motion_available"":false,""evidence_score"":-0.8090768929017184,""supported_bpm"":[117.0,118.0,119.0,120.0,121.0,122.0,123.0],""supported_relative_power"":[0.08698978909490183,0.09255289388126232,0.09668864694156773,0.09824135288660407,0.09662181727789886,0.09202623509485017,0.08540960304436118]},{""bpm"":178.0,""relative_power"":0.05192121523809148,""peak_concentration"":0.01840718699029306,""prominence"":0.05151589267465738,""period_correlation"":-0.4962449221091936,""split_period_correlation"":-0.5018868307781361,""periodic_support"":0.0,""harmonic2_relative_power"":2.644415105400837e-05,""harmonic3_relative_power"":5.864977992033471e-06,""harmonic_support"":0.0013648967812032657,""motion_profile"":0.0,""motion_strength"":null,""motion_reliability"":0.0,""motion_overlap"":0.0,""motion_available"":false,""evidence_score"":-1.033944833529503,""supported_bpm"":[178.0,179.0],""supported_relative_power"":[0.05192121523809148,0.051764857013001396]}]",False,tracked,False,67.0,32.999967,42.999956999999995,True,accepted_consensus,65.0,2,2,True,False,saved_fused_waveform_offline
38.999961,0.8866666666666667,0.013333333333333334,,,False,gap_or_filter_edge,,,,,,,,,,0,[],False,unavailable,False,,33.999966,43.999956,False,guard_unresolved_frequency_disagreement,,2,0,False,False,saved_fused_waveform_offline
39.99996,0.7866666666666666,0.013333333333333334,,,False,gap_or_filter_edge,,,,,,,,,,0,[],False,unavailable,False,,34.999964999999996,44.999955,False,guard_unresolved_frequency_disagreement,,3,0,False,False,saved_fused_waveform_offline
40.999959,0.69,0.01,,,False,gap_or_filter_edge,,,,,,,,,,0,[],False,unavailable,False,,35.999964,45.999953999999995,False,guard_unresolved_frequency_disagreement,,3,0,False,False,saved_fused_waveform_offline
41.999958,0.59,0.01,,,False,gap_or_filter_edge,,,,,,,,,,0,[],False,unavailable,False,,36.999963,46.999953,False,guard_unresolved_frequency_disagreement,,3,0,False,False,saved_fused_waveform_offline
42.999956999999995,0.49,0.01,,,False,gap_or_filter_edge,,,,,,,,,,0,[],False,unavailable,False,,37.999962,47.999952,False,guard_unresolved_frequency_disagreement,,3,0,False,False,saved_fused_waveform_offline
43.999956,0.3933333333333333,0.006666666666666667,,,False,gap_or_filter_edge,,,,,,,,,,0,[],False,unavailable,False,,38.999961,48.999950999999996,False,guard_unresolved_frequency_disagreement,,3,0,False,False,saved_fused_waveform_offline
44.999955,0.29333333333333333,0.006666666666666667,,,False,gap_or_filter_edge,,,,,,,,,,0,[],False,unavailable,False,,39.99996,49.99995,False,guard_unresolved_frequency_disagreement,,3,0,False,False,saved_fused_waveform_offline
45.999953999999995,0.19333333333333333,0.006666666666666667,,,False,gap_or_filter_edge,,,,,,,,,,0,[],False,unavailable,False,,40.999959,50.999949,False,guard_insufficient_branch_evidence,,0,0,False,False,saved_fused_waveform_offline
