time_s,observed_fraction,interpolated_fraction,spectral_peak_bpm,peak_concentration,accepted,status,ridge_bpm,legacy_ridge_bpm,evidence_local_bpm,evidence_score,evidence_runner_up_margin,evidence_selected_relative_power,evidence_selected_peak_bpm,evidence_selected_periodic_support,evidence_selected_motion_overlap,evidence_candidate_count,evidence_candidates_json,evidence_reacquired,evidence_tracker_state,evidence_motion_available,raw_spectral_peak_bpm,window_index,window_start_s,window_end_s,profile,analysis_window_s,hr_source,hr_passes_original_gates,strict_accepted,quality_tier
2.999997,0.0,0.0,,,False,gap_or_filter_edge,,,,,,,,,,0,[],False,unavailable,False,,0,0.0,5.999994,short6_relaxed,6.0,saved_short_window_v25_logic_fallback_offline,False,False,rejected
3.999996,0.0,0.0,,,False,gap_or_filter_edge,,,,,,,,,,0,[],False,unavailable,False,,1,0.999999,6.999993,short6_relaxed,6.0,saved_short_window_v25_logic_fallback_offline,False,False,rejected
4.999995,0.0,0.0,,,False,gap_or_filter_edge,,,,,,,,,,0,[],False,unavailable,False,,2,1.999998,7.999992,short6_relaxed,6.0,saved_short_window_v25_logic_fallback_offline,False,False,rejected
5.999994,0.0,0.0,,,False,gap_or_filter_edge,,,,,,,,,,0,[],False,unavailable,False,,3,2.999997,8.999991,short6_relaxed,6.0,saved_short_window_v25_logic_fallback_offline,False,False,rejected
6.999993,0.16666666666666666,0.0,,,False,gap_or_filter_edge,,,,,,,,,,0,[],False,unavailable,False,,4,3.999996,9.99999,short6_relaxed,6.0,saved_short_window_v25_logic_fallback_offline,False,False,rejected
7.999992,0.3333333333333333,0.0,,,False,gap_or_filter_edge,,,,,,,,,,0,[],False,unavailable,False,,5,4.999995,10.999989,short6_relaxed,6.0,saved_short_window_v25_logic_fallback_offline,False,False,rejected
8.999991,0.5,0.0,,,False,gap_or_filter_edge,,,,,,,,,,0,[],False,unavailable,False,,6,5.999994,11.999988,short6_relaxed,6.0,saved_short_window_v25_logic_fallback_offline,False,False,rejected
9.99999,0.6666666666666666,0.0,,,False,gap_or_filter_edge,,,,,,,,,,0,[],False,unavailable,False,,7,6.999993,12.999986999999999,short6_relaxed,6.0,saved_short_window_v25_logic_fallback_offline,False,False,rejected
10.999989,0.8333333333333334,0.0,,,False,gap_or_filter_edge,,,,,,,,,,0,[],False,unavailable,False,,8,7.999992,13.999986,short6_relaxed,6.0,saved_short_window_v25_logic_fallback_offline,False,False,rejected
11.999988,1.0,0.0,185.0,0.29089564620520497,True,candidate_only,186.0,186.0,185.0,0.12073951168256206,0.23607398831838738,0.9808419633013249,185.0,0.1302186742907149,0.0,4,"[{""bpm"":185.0,""relative_power"":1.0,""peak_concentration"":0.29089564620520497,""prominence"":1.0,""period_correlation"":0.10787891373464843,""split_period_correlation"":0.1972379559589143,""periodic_support"":0.1302186742907149,""harmonic2_relative_power"":6.207409638301999e-06,""harmonic3_relative_power"":4.595016405978488e-10,""harmonic_support"":0.002498969962775659,""motion_profile"":0.0,""motion_strength"":null,""motion_reliability"":0.0,""motion_overlap"":0.0,""motion_available"":false,""evidence_score"":0.14573951168256205,""supported_bpm"":[182.0,183.0,184.0,185.0,186.0,187.0,188.0],""supported_relative_power"":[0.9086441922624879,0.9623576861770058,0.9936377279121617,1.0,0.9808419633013249,0.9374220168522964,0.8726548780288961]},{""bpm"":75.0,""relative_power"":0.5154761562356676,""peak_concentration"":0.16787611532819918,""prominence"":0.5148715361758429,""period_correlation"":-0.2009331993291473,""split_period_correlation"":-0.2812651020805427,""periodic_support"":0.0,""harmonic2_relative_power"":0.028641065780374217,""harmonic3_relative_power"":0.006392752364996391,""harmonic_support"":0.14159800395514127,""motion_profile"":0.0,""motion_strength"":null,""motion_reliability"":0.0,""motion_overlap"":0.0,""motion_available"":false,""evidence_score"":-0.09033447663582533,""supported_bpm"":[72.0,73.0,74.0,75.0,76.0,77.0,78.0],""supported_relative_power"":[0.4991473935225097,0.5077967586226881,0.5133651577805337,0.5154761562356676,0.5135676521782165,0.507112046351891,0.49568500753960243]},{""bpm"":167.0,""relative_power"":0.3260890639273958,""peak_concentration"":0.10223005684131065,""prominence"":0.02956044531991414,""period_correlation"":0.160964499792925,""split_period_correlation"":0.20721401349954124,""periodic_support"":0.17252687821957904,""harmonic2_relative_power"":1.2072080615142866e-05,""harmonic3_relative_power"":5.881032436624741e-10,""harmonic_support"":0.001988926892907289,""motion_profile"":0.0,""motion_strength"":null,""motion_reliability"":0.0,""motion_overlap"":0.0,""motion_available"":false,""evidence_score"":-0.20043616350953644,""supported_bpm"":[164.0,165.0,166.0,167.0,168.0,169.0,170.0],""supported_relative_power"":[0.2982995520340074,0.3138738811185828,0.3232860716978268,0.3260890639273958,0.3223408182235766,0.3144514768009346,0.30513118171018516]},{""bpm"":109.0,""relative_power"":0.28643850562380413,""peak_concentration"":0.08327710622323078,""prominence"":0.26910009678481833,""period_correlation"":-0.1455106550275085,""split_period_correlation"":-0.11247095554221798,""periodic_support"":0.0,""harmonic2_relative_power"":0.011764133276671395,""harmonic3_relative_power"":6.7068775374091045e-06,""harmonic_support"":0.05853423778165913,""motion_profile"":0.0,""motion_strength"":null,""motion_reliability"":0.0,""motion_overlap"":0.0,""motion_available"":false,""evidence_score"":-0.37904675429116214,""supported_bpm"":[106.0,107.0,108.0,109.0,110.0,111.0,112.0],""supported_relative_power"":[0.25853362265662805,0.2749421899562118,0.2843669591638161,0.28643850562380413,0.28084376901252656,0.2689626083888157,0.251799577590876]}]",False,acquired,False,185.0,9,8.999991,14.999984999999999,short6_relaxed,6.0,saved_short_window_v25_logic_fallback_offline,True,True,original_hr_gates_with_relaxed_fusion
12.999986999999999,1.0,0.0,185.0,0.46080377361540825,True,candidate_only,186.0,186.0,185.0,-0.2534536538686046,0.18354818741259432,0.9906133617508452,185.0,0.399265178235479,0.5347858197977304,3,"[{""bpm"":185.0,""relative_power"":1.0,""peak_concentration"":0.46080377361540825,""prominence"":1.0,""period_correlation"":0.42250396976792504,""split_period_correlation"":0.32954880363814076,""periodic_support"":0.399265178235479,""harmonic2_relative_power"":6.911022942197904e-07,""harmonic3_relative_power"":2.559263933557974e-10,""harmonic_support"":0.0008369248195315266,""motion_profile"":0.5347858197977304,""motion_strength"":0.9892266942741663,""motion_reliability"":0.5888888888888889,""motion_overlap"":0.5347858197977304,""motion_available"":true,""evidence_score"":-0.22845365386860456,""supported_bpm"":[182.0,183.0,184.0,185.0,186.0,187.0,188.0],""supported_relative_power"":[0.9291969885759468,0.9679032847989832,0.9920887160425362,1.0,0.9906133617508452,0.9637663336960273,0.9202251394870428]},{""bpm"":84.0,""relative_power"":0.13293693569921697,""peak_concentration"":0.060000022700981225,""prominence"":0.1301893937080377,""period_correlation"":0.18709250224009985,""split_period_correlation"":0.19058462701542328,""periodic_support"":0.1879655334339307,""harmonic2_relative_power"":0.1421341947972896,""harmonic3_relative_power"":0.0001744239076104384,""harmonic_support"":0.13914402867714784,""motion_profile"":0.04131984473976065,""motion_strength"":0.9892266942741663,""motion_reliability"":0.5888888888888889,""motion_overlap"":0.04131984473976065,""motion_available"":true,""evidence_score"":-0.4120018412811989,""supported_bpm"":[81.0,82.0,83.0,84.0,85.0,86.0,87.0],""supported_relative_power"":[0.119536292639963,0.12639789468993143,0.13101231905325209,0.13293693569921697,0.13195823265728474,0.12812014606152988,0.12172148222851292]},{""bpm"":108.0,""relative_power"":0.09505733722018457,""peak_concentration"":0.04444496850250132,""prominence"":0.03885217441118661,""period_correlation"":-0.10493631754399384,""split_period_correlation"":-0.11186858175714468,""periodic_support"":0.0,""harmonic2_relative_power"":0.0006471602055672105,""harmonic3_relative_power"":1.381761255116588e-07,""harmonic_support"":0.00788341043387774,""motion_profile"":0.019652865373206367,""motion_strength"":0.9892266942741663,""motion_reliability"":0.5888888888888889,""motion_overlap"":0.019652865373206367,""motion_available"":true,""evidence_score"":-0.8403289281980361,""supported_bpm"":[105.0,106.0,107.0,108.0,109.0,110.0,111.0],""supported_relative_power"":[0.08767897937710638,0.09117038747892436,0.09371310477062172,0.09505733722018457,0.09496389495399128,0.09314197263489205,0.08968768912490165]}]",False,tracked,True,185.0,10,9.99999,15.999984,short6_relaxed,6.0,saved_short_window_v25_logic_fallback_offline,True,True,original_hr_gates_with_relaxed_fusion
13.999986,1.0,0.0,188.0,0.5629080069563355,True,candidate_only,187.0,187.0,91.0,-0.36509554435550096,0.2953418496427894,0.9944021422475137,188.0,0.5245404491262373,0.733927706558452,2,"[{""bpm"":91.0,""relative_power"":0.0756480038989819,""peak_concentration"":0.04202709735930377,""prominence"":0.07496811216280508,""period_correlation"":0.6524031825008394,""split_period_correlation"":0.6134894905874189,""periodic_support"":0.6426747595224842,""harmonic2_relative_power"":0.7024750819530472,""harmonic3_relative_power"":4.4424313935996e-05,""harmonic_support"":0.23116458464662681,""motion_profile"":0.06342242883997083,""motion_strength"":0.9890683255352299,""motion_reliability"":0.7555555555555555,""motion_overlap"":0.06342242883997083,""motion_available"":true,""evidence_score"":-0.044753694712711525,""supported_bpm"":[88.0,89.0,90.0,91.0,92.0,93.0,94.0],""supported_relative_power"":[0.07012714081671649,0.07347119242579145,0.07535121649775621,0.0756480038989819,0.0743040269823917,0.07133459486875168,0.06683673358857173]},{""bpm"":188.0,""relative_power"":1.0,""peak_concentration"":0.5629080069563355,""prominence"":1.0,""period_correlation"":0.5323661155286794,""split_period_correlation"":0.501063449918911,""periodic_support"":0.5245404491262373,""harmonic2_relative_power"":9.997163033823506e-08,""harmonic3_relative_power"":9.50289207242085e-11,""harmonic_support"":0.0003195948037029899,""motion_profile"":0.733927706558452,""motion_strength"":0.9890683255352299,""motion_reliability"":0.7555555555555555,""motion_overlap"":0.733927706558452,""motion_available"":true,""evidence_score"":-0.34009554435550093,""supported_bpm"":[185.0,186.0,187.0,188.0,189.0,190.0,191.0],""supported_relative_power"":[0.9240542297240681,0.9687089398816876,0.9944021422475137,1.0,0.9848932068514659,0.9495489674155347,0.8977663290061754]}]",False,tracked,True,188.0,11,10.999989,16.999983,short6_relaxed,6.0,saved_short_window_v25_logic_fallback_offline,True,True,original_hr_gates_with_relaxed_fusion
14.999984999999999,1.0,0.0,189.0,0.5604493400194516,True,candidate_only,188.0,188.0,189.0,-0.5523240660047909,0.3470412809570079,0.979196671042474,189.0,0.5541992302157331,0.9096376898527092,2,"[{""bpm"":189.0,""relative_power"":1.0,""peak_concentration"":0.5604493400194516,""prominence"":1.0,""period_correlation"":0.5616959927891398,""split_period_correlation"":0.531708942495513,""periodic_support"":0.5541992302157331,""harmonic2_relative_power"":9.952722043458212e-09,""harmonic3_relative_power"":1.3922271420225074e-10,""harmonic_support"":0.00010389307378908474,""motion_profile"":0.9096376898527092,""motion_strength"":0.9888437042807071,""motion_reliability"":0.9222222222222223,""motion_overlap"":0.9096376898527092,""motion_available"":true,""evidence_score"":-0.5273240660047909,""supported_bpm"":[186.0,187.0,188.0,189.0,190.0,191.0,192.0],""supported_relative_power"":[0.8753914044889107,0.9366885124938112,0.979196671042474,1.0,0.9971102600225025,0.972759377047368,0.9287437366237912]},{""bpm"":118.0,""relative_power"":0.0796961288165778,""peak_concentration"":0.04774549677209371,""prominence"":0.07929435427019593,""period_correlation"":-0.5553210063390289,""split_period_correlation"":-0.5546349809805378,""periodic_support"":0.0,""harmonic2_relative_power"":0.0023494704289202337,""harmonic3_relative_power"":2.3513922426342806e-07,""harmonic_support"":0.013731614450074252,""motion_profile"":0.0022079745646120994,""motion_strength"":0.9888437042807071,""motion_reliability"":0.9222222222222223,""motion_overlap"":0.0022079745646120994,""motion_available"":true,""evidence_score"":-0.8743653469617988,""supported_bpm"":[115.0,116.0,117.0,118.0,119.0,120.0,121.0],""supported_relative_power"":[0.07368096032078628,0.07708193288681382,0.07900822356289561,0.0796961288165778,0.07937788085042072,0.0783229161728819,0.07682266579306102]}]",False,tracked,True,189.0,12,11.999988,17.999982,short6_relaxed,6.0,saved_short_window_v25_logic_fallback_offline,True,True,original_hr_gates_with_relaxed_fusion
15.999984,1.0,0.0,190.0,0.5000972247518535,True,candidate_only,189.0,188.0,97.0,-0.7119761466557784,0.37142097148764075,0.9952603332400252,190.0,0.49862231709819527,0.9885214713630245,5,"[{""bpm"":97.0,""relative_power"":0.07823109923489163,""peak_concentration"":0.03944879731014294,""prominence"":0.041045182793824395,""period_correlation"":0.6654107562424328,""split_period_correlation"":0.7063345025767782,""periodic_support"":0.6756416928260192,""harmonic2_relative_power"":0.7633243340453113,""harmonic3_relative_power"":2.810119448266362e-05,""harmonic_support"":0.24488690737526875,""motion_profile"":0.08723078478456693,""motion_strength"":0.9885214713630245,""motion_reliability"":1.0,""motion_overlap"":0.08723078478456693,""motion_available"":true,""evidence_score"":-0.012776519218599222,""supported_bpm"":[94.0,95.0,96.0,97.0,98.0,99.0,100.0],""supported_relative_power"":[0.06840742045612508,0.07390503681890186,0.07720050335464775,0.07823109923489163,0.07707942110508699,0.07400945303905826,0.06942178047944936]},{""bpm"":46.0,""relative_power"":0.06967470933795486,""peak_concentration"":0.031722710610778145,""prominence"":0.06821868571830433,""period_correlation"":0.4261754762037542,""split_period_correlation"":0.46227090706016855,""periodic_support"":0.43519933391785776,""harmonic2_relative_power"":0.05269080359314504,""harmonic3_relative_power"":0.014031693353363467,""harmonic_support"":0.07153417539479963,""motion_profile"":0.0016637410827860886,""motion_strength"":0.9885214713630245,""motion_reliability"":1.0,""motion_overlap"":0.0016637410827860886,""motion_available"":true,""evidence_score"":-0.38419749070624,""supported_bpm"":[43.0,44.0,45.0,46.0,47.0,48.0,49.0],""supported_relative_power"":[0.06470747899503161,0.06757366572599778,0.06926524217058762,0.06967470933795486,0.06869570359407555,0.0662912679020547,0.06250356434625826]},{""bpm"":122.0,""relative_power"":0.1771865687612701,""peak_concentration"":0.09305449011176746,""prominence"":0.17493146505532234,""period_correlation"":-0.644754980757184,""split_period_correlation"":-0.6673613825959831,""periodic_support"":0.0,""harmonic2_relative_power"":0.001093425319520309,""harmonic3_relative_power"":5.153112269657027e-07,""harmonic_support"":0.014024820991771006,""motion_profile"":0.002249669910292571,""motion_strength"":0.9885214713630245,""motion_reliability"":1.0,""motion_overlap"":0.002249669910292571,""motion_available"":true,""evidence_score"":-0.5944804806558626,""supported_bpm"":[119.0,120.0,121.0,122.0,123.0,124.0,125.0],""supported_relative_power"":[0.15715929378725216,0.1669787273525841,0.17379791854345816,0.1771865687612701,0.1769092644596364,0.17271388152361966,0.16493975456785498]},{""bpm"":190.0,""relative_power"":1.0,""peak_concentration"":0.5000972247518535,""prominence"":1.0,""period_correlation"":0.49737899351272363,""split_period_correlation"":0.5023522878546101,""periodic_support"":0.49862231709819527,""harmonic2_relative_power"":3.591935124109193e-08,""harmonic3_relative_power"":2.141647148812171e-11,""harmonic_support"":0.00019114373998737103,""motion_profile"":0.9885214713630245,""motion_strength"":0.9885214713630245,""motion_reliability"":1.0,""motion_overlap"":0.9885214713630245,""motion_available"":true,""evidence_score"":-0.6869761466557783,""supported_bpm"":[187.0,188.0,189.0,190.0,191.0,192.0,193.0],""supported_relative_power"":[0.9011333942185578,0.960891679566689,0.9952603332400252,1.0,0.9766464008634748,0.9268305596523372,0.8540517264472807]},{""bpm"":76.0,""relative_power"":0.0928605194710986,""peak_concentration"":0.04610350937689879,""prominence"":0.070459042761621,""period_correlation"":-0.6119490998195088,""split_period_correlation"":-0.6127555223175265,""periodic_support"":0.0,""harmonic2_relative_power"":0.00896992786897067,""harmonic3_relative_power"":0.002099146776332933,""harmonic_support"":0.033747490488742066,""motion_profile"":0.001530710777810686,""motion_strength"":0.9885214713630245,""motion_reliability"":1.0,""motion_overlap"":0.001530710777810686,""motion_available"":true,""evidence_score"":-0.7999957437794202,""supported_bpm"":[73.0,74.0,75.0,76.0,77.0,78.0,79.0],""supported_relative_power"":[0.07953862779325342,0.08616429367706574,0.09074677770226093,0.0928605194710986,0.0922358087410869,0.08880817692496824,0.08274974721505265]}]",False,tracked,True,190.0,13,12.999986999999999,18.999981,short6_relaxed,6.0,saved_short_window_v25_logic_fallback_offline,True,True,original_hr_gates_with_relaxed_fusion
16.999983,1.0,0.0,190.0,0.41940746044352256,True,candidate_only,189.0,188.0,79.0,-0.6879242401097053,0.16665383606995693,0.9977207325154452,190.0,0.5217633375741301,0.9895378256580172,5,"[{""bpm"":79.0,""relative_power"":0.22730838365705033,""peak_concentration"":0.11092984796131652,""prominence"":0.22588844000397038,""period_correlation"":-0.46194178300401834,""split_period_correlation"":-0.5356981101474367,""periodic_support"":0.0,""harmonic2_relative_power"":0.03989219367380033,""harmonic3_relative_power"":0.0014305403566390506,""harmonic_support"":0.10153655636329882,""motion_profile"":0.0008887477696898187,""motion_strength"":0.9895378256580172,""motion_reliability"":1.0,""motion_overlap"":0.0008887477696898187,""motion_available"":true,""evidence_score"":-0.4180810611474087,""supported_bpm"":[76.0,77.0,78.0,79.0,80.0,81.0,82.0],""supported_relative_power"":[0.21992835571014335,0.22480088054541003,0.22717134418859658,0.22730838365705033,0.22555284937442743,0.22228596399017428,0.21813512345452046]},{""bpm"":122.0,""relative_power"":0.18626172503533,""peak_concentration"":0.08255783807196491,""prominence"":0.18430522218604128,""period_correlation"":-0.6725110896310136,""split_period_correlation"":-0.6533633039300105,""periodic_support"":0.0,""harmonic2_relative_power"":0.0002475366490157682,""harmonic3_relative_power"":5.56129393819909e-07,""harmonic_support"":0.006902830851503169,""motion_profile"":0.002741490716743443,""motion_strength"":0.9895378256580172,""motion_reliability"":1.0,""motion_overlap"":0.002741490716743443,""motion_available"":true,""evidence_score"":-0.5847348972173656,""supported_bpm"":[119.0,120.0,121.0,122.0,123.0,124.0,125.0],""supported_relative_power"":[0.16872205346166716,0.1784655350529383,0.18437792467482364,0.18626172503533,0.1841003365566757,0.17781864585286494,0.16790002863845568]},{""bpm"":167.0,""relative_power"":0.06638913335178379,""peak_concentration"":0.026898779310513536,""prominence"":0.061755344275797014,""period_correlation"":0.33841805407400805,""split_period_correlation"":0.36042675302290195,""periodic_support"":0.3439202288112315,""harmonic2_relative_power"":3.7130944198886848e-06,""harmonic3_relative_power"":1.3226148572242707e-10,""harmonic_support"":0.0004975339786285018,""motion_profile"":0.026395167653810964,""motion_strength"":0.9895378256580172,""motion_reliability"":1.0,""motion_overlap"":0.026395167653810964,""motion_available"":true,""evidence_score"":-0.6034618354778959,""supported_bpm"":[164.0,165.0,166.0,167.0,168.0,169.0,170.0],""supported_relative_power"":[0.05917855949483083,0.06278017755045852,0.06540727522297084,0.06638913335178379,0.0647990289588886,0.0603477821036941,0.0528870959080319]},{""bpm"":190.0,""relative_power"":1.0,""peak_concentration"":0.41940746044352256,""prominence"":1.0,""period_correlation"":0.5152620322344743,""split_period_correlation"":0.5412672535930972,""periodic_support"":0.5217633375741301,""harmonic2_relative_power"":3.00713018585437e-09,""harmonic3_relative_power"":1.0191333749651429e-10,""harmonic_support"":5.837063127300536e-05,""motion_profile"":0.9895378256580172,""motion_strength"":0.9895378256580172,""motion_reliability"":1.0,""motion_overlap"":0.9895378256580172,""motion_available"":true,""evidence_score"":-0.6629242401097053,""supported_bpm"":[187.0,188.0,189.0,190.0,191.0,192.0,193.0],""supported_relative_power"":[0.8985235390623152,0.9625211370794263,0.9977207325154452,1.0,0.9717268231123496,0.915316163100304,0.8351543922080857]},{""bpm"":51.0,""relative_power"":0.07332016259555357,""peak_concentration"":0.0328152028702358,""prominence"":0.0391078936006261,""period_correlation"":-0.2269859832709842,""split_period_correlation"":-0.2176160984177693,""periodic_support"":0.0,""harmonic2_relative_power"":0.05692326066832614,""harmonic3_relative_power"":0.03436168699736097,""harmonic_support"":0.08217136577837789,""motion_profile"":0.0007822543123234511,""motion_strength"":0.9895378256580172,""motion_reliability"":1.0,""motion_overlap"":0.0007822543123234511,""motion_available"":true,""evidence_score"":-0.8333283255512545,""supported_bpm"":[48.0,49.0,50.0,51.0,52.0,53.0,54.0],""supported_relative_power"":[0.0658978131611008,0.06961110555434431,0.0721842949661379,0.07332016259555357,0.07272889979976042,0.07050925595317821,0.06677326318721978]}]",False,tracked,True,190.0,14,13.999986,19.99998,short6_relaxed,6.0,saved_short_window_v25_logic_fallback_offline,True,True,original_hr_gates_with_relaxed_fusion
17.999982,1.0,0.0,188.0,0.41511123343857387,True,candidate_only,91.0,188.0,90.0,0.29860026203064716,0.9979111809087617,0.20596076520569062,90.0,0.6224145608959637,0.08717442328061772,4,"[{""bpm"":90.0,""relative_power"":0.20599510585540617,""peak_concentration"":0.09325503854659874,""prominence"":0.20556686170825447,""period_correlation"":0.6391859407397359,""split_period_correlation"":0.5721004213646472,""periodic_support"":0.6224145608959637,""harmonic2_relative_power"":0.43548596821453567,""harmonic3_relative_power"":7.387746263734386e-05,""harmonic_support"":0.30087827810624557,""motion_profile"":0.08717442328061772,""motion_strength"":0.9902271527563852,""motion_reliability"":1.0,""motion_overlap"":0.08717442328061772,""motion_available"":true,""evidence_score"":0.3236002620306472,""supported_bpm"":[87.0,88.0,89.0,90.0,91.0,92.0,93.0],""supported_relative_power"":[0.1945326660967146,0.19981918617211836,0.20380440320117396,0.20599510585540617,0.20596076520569062,0.20338183326902315,0.19808394391212159]},{""bpm"":188.0,""relative_power"":1.0,""peak_concentration"":0.41511123343857387,""prominence"":1.0,""period_correlation"":0.5044569840914997,""split_period_correlation"":0.5343124403950925,""periodic_support"":0.511920848167398,""harmonic2_relative_power"":1.2260730331667666e-07,""harmonic3_relative_power"":8.058828152490591e-10,""harmonic_support"":0.00036008908322897803,""motion_profile"":0.9902271527563852,""motion_strength"":0.9902271527563852,""motion_reliability"":1.0,""motion_overlap"":0.9902271527563852,""motion_available"":true,""evidence_score"":-0.6743109188781146,""supported_bpm"":[185.0,186.0,187.0,188.0,189.0,190.0,191.0],""supported_relative_power"":[0.8739166343133152,0.9360138260637565,0.9789991110385523,1.0,0.9968345303735684,0.9687532769571943,0.9195709218228342]},{""bpm"":124.0,""relative_power"":0.10319916919819128,""peak_concentration"":0.04327595289138804,""prominence"":0.06967508062902039,""period_correlation"":-0.6899819142455162,""split_period_correlation"":-0.6834419334281017,""periodic_support"":0.0,""harmonic2_relative_power"":0.00019493084977262204,""harmonic3_relative_power"":1.9076019117689785e-07,""harmonic_support"":0.00453427237691266,""motion_profile"":0.004268683130438293,""motion_strength"":0.9902271527563852,""motion_reliability"":1.0,""motion_overlap"":0.004268683130438293,""motion_available"":true,""evidence_score"":-0.7956846482664062,""supported_bpm"":[121.0,122.0,123.0,124.0,125.0,126.0,127.0],""supported_relative_power"":[0.09013034515596037,0.0963583925576593,0.10089169104215365,0.10319916919819128,0.10309492041066359,0.10065021887311766,0.09601730315374057]},{""bpm"":154.0,""relative_power"":0.05134252369209994,""peak_concentration"":0.019521881685174367,""prominence"":0.03918964923387529,""period_correlation"":0.058866468191274585,""split_period_correlation"":0.028681998680655706,""periodic_support"":0.05132035081361987,""harmonic2_relative_power"":5.117788411527571e-06,""harmonic3_relative_power"":5.3815518500484025e-09,""harmonic_support"":0.0005184191998449209,""motion_profile"":0.017789111230134953,""motion_strength"":0.9902271527563852,""motion_reliability"":1.0,""motion_overlap"":0.017789111230134953,""motion_available"":true,""evidence_score"":-1.0044981658471839,""supported_bpm"":[153.0,154.0,155.0],""supported_relative_power"":[0.05021948077397672,0.05134252369209994,0.050576162908629256]}]",True,reacquired,True,188.0,15,14.999984999999999,20.999979,short6_relaxed,6.0,saved_short_window_v25_logic_fallback_offline,True,True,original_hr_gates_with_relaxed_fusion
18.999981,1.0,0.0,186.0,0.5005018918944446,True,candidate_only,92.0,187.0,95.0,0.042865586188374966,0.9139053660973158,0.12021503808092344,95.0,0.649520349613221,0.09137596831203332,5,"[{""bpm"":95.0,""relative_power"":0.1441933140676626,""peak_concentration"":0.06805639669580801,""prominence"":0.14265438159855431,""period_correlation"":0.6546300734743505,""split_period_correlation"":0.6341911780298327,""periodic_support"":0.649520349613221,""harmonic2_relative_power"":0.8266441648316092,""harmonic3_relative_power"":1.7290062103202409e-06,""harmonic_support"":0.34542330931715715,""motion_profile"":0.09137596831203332,""motion_strength"":0.9904320319460512,""motion_reliability"":1.0,""motion_overlap"":0.09137596831203332,""motion_available"":true,""evidence_score"":0.26786558618837497,""supported_bpm"":[92.0,93.0,94.0,95.0,96.0,97.0,98.0],""supported_relative_power"":[0.12021503808092344,0.13200668490021547,0.1402351259197168,0.1441933140676626,0.14391212828414918,0.13976819447031533,0.13220683361145946]},{""bpm"":58.0,""relative_power"":0.0808427383369919,""peak_concentration"":0.03916694819394133,""prominence"":0.06690005396378003,""period_correlation"":0.14993544629559244,""split_period_correlation"":0.10706346960324867,""periodic_support"":0.1392174521225065,""harmonic2_relative_power"":0.01218035310513568,""harmonic3_relative_power"":0.2550021267343106,""harmonic_support"":0.08163264174628018,""motion_profile"":0.00037943141753044496,""motion_strength"":0.9904320319460512,""motion_reliability"":1.0,""motion_overlap"":0.00037943141753044496,""motion_available"":true,""evidence_score"":-0.6460397799089408,""supported_bpm"":[55.0,56.0,57.0,58.0,59.0,60.0,61.0],""supported_relative_power"":[0.0699502146068436,0.07549156954949958,0.07919860007718016,0.0808427383369919,0.0801706439162958,0.077569614620486,0.07342938443271127]},{""bpm"":186.0,""relative_power"":1.0,""peak_concentration"":0.5005018918944446,""prominence"":1.0,""period_correlation"":0.39809703677401764,""split_period_correlation"":0.34474193770072104,""periodic_support"":0.3847582620056935,""harmonic2_relative_power"":1.5463608782480956e-07,""harmonic3_relative_power"":1.4511060420480864e-08,""harmonic_support"":0.00043539960520997095,""motion_profile"":0.9904320319460512,""motion_strength"":0.9904320319460512,""motion_reliability"":1.0,""motion_overlap"":0.9904320319460512,""motion_available"":true,""evidence_score"":-0.8143705521210911,""supported_bpm"":[183.0,184.0,185.0,186.0,187.0,188.0,189.0],""supported_relative_power"":[0.9317847394674772,0.9729529348661622,0.9961605523865812,1.0,0.9840455731432906,0.9488996942894253,0.8956952673976046]},{""bpm"":74.0,""relative_power"":0.06956692700295196,""peak_concentration"":0.032626950203841903,""prominence"":0.020028763286265627,""period_correlation"":-0.5158323323288788,""split_period_correlation"":-0.43046942036324215,""periodic_support"":0.0,""harmonic2_relative_power"":0.015648498592548736,""harmonic3_relative_power"":0.0018951321465634574,""harmonic_support"":0.03701294446176417,""motion_profile"":0.0031318295154173967,""motion_strength"":0.9904320319460512,""motion_reliability"":1.0,""motion_overlap"":0.0031318295154173967,""motion_available"":true,""evidence_score"":-0.8998149463937923,""supported_bpm"":[71.0,72.0,73.0,74.0,75.0,76.0,77.0],""supported_relative_power"":[0.061224596011392796,0.0653568992873778,0.0684112755159256,0.06956692700295196,0.06841516520596368,0.064751830739238,0.05869186908151355]},{""bpm"":126.0,""relative_power"":0.05487229000548742,""peak_concentration"":0.026427794697993025,""prominence"":0.05192359748082002,""period_correlation"":-0.7272871332844201,""split_period_correlation"":-0.7015391196323221,""periodic_support"":0.0,""harmonic2_relative_power"":0.00014581054761463825,""harmonic3_relative_power"":2.1204636658020806e-07,""harmonic_support"":0.0028663503295343383,""motion_profile"":0.005482446506664557,""motion_strength"":0.9904320319460512,""motion_reliability"":1.0,""motion_overlap"":0.005482446506664557,""motion_available"":true,""evidence_score"":-1.0199480855890337,""supported_bpm"":[124.0,125.0,126.0,127.0,128.0],""supported_relative_power"":[0.05240051152249616,0.05430930893403471,0.05487229000548742,0.054047543966222945,0.051873258808447266]}]",False,tracked,True,186.0,16,15.999984,21.999978,short6_relaxed,6.0,saved_short_window_v25_logic_fallback_offline,True,True,original_hr_gates_with_relaxed_fusion
19.99998,1.0,0.0,184.0,0.4819215938365734,True,candidate_only,91.0,186.0,93.0,0.2790399121703667,1.1425913455484282,0.14075532705487967,93.0,0.7063975575578032,0.08220247253492675,3,"[{""bpm"":93.0,""relative_power"":0.14692476047456662,""peak_concentration"":0.06461608217139346,""prominence"":0.14121659988944388,""period_correlation"":0.7106152863811338,""split_period_correlation"":0.6937443710878112,""periodic_support"":0.7063975575578032,""harmonic2_relative_power"":0.9577745103891973,""harmonic3_relative_power"":4.206565403179823e-05,""harmonic_support"":0.3759978193848728,""motion_profile"":0.08220247253492675,""motion_strength"":0.9906086878066369,""motion_reliability"":1.0,""motion_overlap"":0.08220247253492675,""motion_available"":true,""evidence_score"":0.37903991217036676,""supported_bpm"":[90.0,91.0,92.0,93.0,94.0,95.0,96.0],""supported_relative_power"":[0.1315130684802685,0.14075532705487967,0.1461251384502864,0.14692476047456662,0.14293560451909634,0.13416952792631046,0.1216309021897543]},{""bpm"":56.0,""relative_power"":0.09250178382772488,""peak_concentration"":0.04144161483668628,""prominence"":0.08601574964446201,""period_correlation"":-0.2556216540071105,""split_period_correlation"":-0.3155907727659163,""periodic_support"":0.0,""harmonic2_relative_power"":0.010236747663320254,""harmonic3_relative_power"":0.14674793752435603,""harmonic_support"":0.07155032189405279,""motion_profile"":0.0015337462105091616,""motion_strength"":0.9906086878066369,""motion_reliability"":1.0,""motion_overlap"":0.0015337462105091616,""motion_available"":true,""evidence_score"":-0.7635514333780615,""supported_bpm"":[53.0,54.0,55.0,56.0,57.0,58.0,59.0],""supported_relative_power"":[0.0854278044490353,0.08999622491582167,0.09244981295462791,0.09250178382772488,0.08999701887206045,0.08493801541093003,0.07729794234207488]},{""bpm"":184.0,""relative_power"":1.0,""peak_concentration"":0.4819215938365734,""prominence"":1.0,""period_correlation"":0.23055760184108254,""split_period_correlation"":0.12070988089274008,""periodic_support"":0.2030956716039969,""harmonic2_relative_power"":4.6319213363124666e-07,""harmonic3_relative_power"":6.053969403699681e-08,""harmonic_support"":0.0007666990558293657,""motion_profile"":0.9906086878066369,""motion_strength"":0.9906086878066369,""motion_reliability"":1.0,""motion_overlap"":0.9906086878066369,""motion_available"":true,""evidence_score"":-1.01408892193807,""supported_bpm"":[181.0,182.0,183.0,184.0,185.0,186.0,187.0],""supported_relative_power"":[0.9383007904663542,0.9751162073400312,0.9958506459453214,1.0,0.9871705269874195,0.9577745103891973,0.9130068572280444]}]",False,tracked,True,184.0,17,16.999983,22.999976999999998,short6_relaxed,6.0,saved_short_window_v25_logic_fallback_offline,True,True,original_hr_gates_with_relaxed_fusion
20.999979,1.0,0.0,183.0,0.321947975344919,True,candidate_only,90.0,186.0,88.0,1.0321866817865637,1.6542469379921774,0.589415646549256,88.0,0.6488973241212191,0.06927355440409014,4,"[{""bpm"":88.0,""relative_power"":0.6209160753873841,""peak_concentration"":0.19399696808493277,""prominence"":0.6208483190281292,""period_correlation"":0.6426442177559687,""split_period_correlation"":0.6676566432169704,""periodic_support"":0.6488973241212191,""harmonic2_relative_power"":0.7236250149405952,""harmonic3_relative_power"":2.884181911835554e-05,""harmonic_support"":0.671787340928156,""motion_profile"":0.06927355440409014,""motion_strength"":0.9905802585712676,""motion_reliability"":1.0,""motion_overlap"":0.06927355440409014,""motion_available"":true,""evidence_score"":1.1321866817865638,""supported_bpm"":[85.0,86.0,87.0,88.0,89.0,90.0,91.0],""supported_relative_power"":[0.5832940482402533,0.606132964360071,0.6194185241897626,0.6209160753873841,0.6108885644260356,0.589415646549256,0.5570293959658346]},{""bpm"":54.0,""relative_power"":0.1641055387488027,""peak_concentration"":0.05122997744563539,""prominence"":0.09063367358287647,""period_correlation"":-0.44499690202791203,""split_period_correlation"":-0.3979699443621342,""periodic_support"":0.0,""harmonic2_relative_power"":0.04670266937934992,""harmonic3_relative_power"":0.03796810724020651,""harmonic_support"":0.1151725708629024,""motion_profile"":0.0037575134850313325,""motion_strength"":0.9905802585712676,""motion_reliability"":1.0,""motion_overlap"":0.0037575134850313325,""motion_available"":true,""evidence_score"":-0.5220602562056137,""supported_bpm"":[51.0,52.0,53.0,54.0,55.0,56.0,57.0],""supported_relative_power"":[0.15362686653474092,0.16034354810855755,0.1638623176890107,0.1641055387488027,0.1612022872378087,0.1554756303132347,0.1474128494316864]},{""bpm"":113.0,""relative_power"":0.08376376812518734,""peak_concentration"":0.022645903637614404,""prominence"":0.06948438419367758,""period_correlation"":-0.3026027711580143,""split_period_correlation"":-0.15684350663880886,""periodic_support"":0.0,""harmonic2_relative_power"":0.003651297292530184,""harmonic3_relative_power"":3.1441725090642347e-07,""harmonic_support"":0.017545265464921585,""motion_profile"":0.0028527106736623677,""motion_strength"":0.9905802585712676,""motion_reliability"":1.0,""motion_overlap"":0.0028527106736623677,""motion_available"":true,""evidence_score"":-0.8539347770694863,""supported_bpm"":[110.0,111.0,112.0,113.0,114.0,115.0,116.0],""supported_relative_power"":[0.06946830636275453,0.07748423236280345,0.08233543487169485,0.08376376812518734,0.08183201854752808,0.07687400698017854,0.06943141364037624]},{""bpm"":183.0,""relative_power"":1.0,""peak_concentration"":0.321947975344919,""prominence"":1.0,""period_correlation"":0.1882480168090456,""split_period_correlation"":-0.027279303023338974,""periodic_support"":0.13436618685094948,""harmonic2_relative_power"":1.7147348262962517e-06,""harmonic3_relative_power"":1.2012091366089928e-07,""harmonic_support"":0.0014307834621597388,""motion_profile"":0.9905802585712676,""motion_strength"":0.9905802585712676,""motion_reliability"":1.0,""motion_overlap"":0.9905802585712676,""motion_available"":true,""evidence_score"":-1.0889917342158804,""supported_bpm"":[180.0,181.0,182.0,183.0,184.0,185.0,186.0],""supported_relative_power"":[0.9438557270449661,0.9760427201229466,0.9950975189588517,1.0,0.9908893097572675,0.9678340908540332,0.9314766039339708]}]",False,tracked,True,183.0,18,17.999982,23.999976,short6_relaxed,6.0,saved_short_window_v25_logic_fallback_offline,True,True,original_hr_gates_with_relaxed_fusion
21.999978,1.0,0.0,89.0,0.40578024489794107,True,candidate_only,90.0,186.0,89.0,1.1591436805160948,1.706836346472599,0.9872278841959585,89.0,0.7586517496770608,0.07094127289233859,3,"[{""bpm"":89.0,""relative_power"":1.0,""peak_concentration"":0.40578024489794107,""prominence"":1.0,""period_correlation"":0.7548289216334008,""split_period_correlation"":0.7701202338080408,""periodic_support"":0.7586517496770608,""harmonic2_relative_power"":0.18631443281008092,""harmonic3_relative_power"":0.0003622813062510277,""harmonic_support"":0.43830334698675094,""motion_profile"":0.07094127289233859,""motion_strength"":0.990246906417845,""motion_reliability"":1.0,""motion_overlap"":0.07094127289233859,""motion_available"":true,""evidence_score"":1.1841436805160948,""supported_bpm"":[86.0,87.0,88.0,89.0,90.0,91.0,92.0],""supported_relative_power"":[0.9206380398601732,0.9667131493812958,0.9931597478023416,1.0,0.9872278841959585,0.9557658962677009,0.9075788463325769]},{""bpm"":51.0,""relative_power"":0.1336014747271895,""peak_concentration"":0.052858652674410235,""prominence"":0.10856722487673702,""period_correlation"":-0.19153175501323477,""split_period_correlation"":-0.22443387134989606,""periodic_support"":0.0,""harmonic2_relative_power"":0.23111049841174527,""harmonic3_relative_power"":0.004115959582196818,""harmonic_support"":0.18392514942420127,""motion_profile"":0.0016839380268272542,""motion_strength"":0.990246906417845,""motion_reliability"":1.0,""motion_overlap"":0.0016839380268272542,""motion_available"":true,""evidence_score"":-0.5226926659565044,""supported_bpm"":[48.0,49.0,50.0,51.0,52.0,53.0,54.0],""supported_relative_power"":[0.12152496504302135,0.12852695316027038,0.13265250936987988,0.1336014747271895,0.13116079794809718,0.12584095990109978,0.11806302506325055]},{""bpm"":186.0,""relative_power"":0.28495420176026803,""peak_concentration"":0.11487570411799383,""prominence"":0.2817531939287156,""period_correlation"":-0.049339458806966094,""split_period_correlation"":-0.17478123813625918,""periodic_support"":0.0,""harmonic2_relative_power"":1.1820307408432658e-06,""harmonic3_relative_power"":3.2868764094469286e-08,""harmonic_support"":0.0006142384426280207,""motion_profile"":0.8900134826910034,""motion_strength"":0.990246906417845,""motion_reliability"":1.0,""motion_overlap"":0.8900134826910034,""motion_available"":true,""evidence_score"":-1.5513019974426703,""supported_bpm"":[183.0,184.0,185.0,186.0,187.0,188.0,189.0],""supported_relative_power"":[0.26014830012395845,0.27282396554591315,0.28150654008200066,0.28495420176026803,0.2822894725055008,0.2731143299865411,0.25739402809832335]}]",False,tracked,True,89.0,19,18.999981,24.999975,short6_relaxed,6.0,saved_short_window_v25_logic_fallback_offline,True,True,original_hr_gates_with_relaxed_fusion
22.999976999999998,1.0,0.0,91.0,0.579697324934157,True,candidate_only,91.0,187.0,91.0,0.915295585188648,1.2539598216684051,1.0,91.0,0.75798031945927,0.0610427550514284,4,"[{""bpm"":91.0,""relative_power"":1.0,""peak_concentration"":0.579697324934157,""prominence"":1.0,""period_correlation"":0.7490893174955805,""split_period_correlation"":0.7846533253503388,""periodic_support"":0.75798031945927,""harmonic2_relative_power"":0.022693376082258687,""harmonic3_relative_power"":0.0004205393588519535,""harmonic_support"":0.1578206775977364,""motion_profile"":0.0610427550514284,""motion_strength"":0.9899281370826508,""motion_reliability"":1.0,""motion_overlap"":0.0610427550514284,""motion_available"":true,""evidence_score"":0.915295585188648,""supported_bpm"":[88.0,89.0,90.0,91.0,92.0,93.0,94.0],""supported_relative_power"":[0.906949869487323,0.9591419022505635,0.9907027574648696,1.0,0.9866867314582316,0.951709716877662,0.8972107137703629]},{""bpm"":49.0,""relative_power"":0.07365579321885153,""peak_concentration"":0.042921620493160346,""prominence"":0.0725843303444853,""period_correlation"":0.3237862829718204,""split_period_correlation"":0.3563461147089,""periodic_support"":0.3319262409060903,""harmonic2_relative_power"":0.5558184823876233,""harmonic3_relative_power"":0.0067849103331852146,""harmonic_support"":0.210158768340287,""motion_profile"":0.0008148013439292158,""motion_strength"":0.9899281370826508,""motion_reliability"":1.0,""motion_overlap"":0.0008148013439292158,""motion_available"":true,""evidence_score"":-0.33866423647975713,""supported_bpm"":[46.0,47.0,48.0,49.0,50.0,51.0,52.0],""supported_relative_power"":[0.06860646510087266,0.07173390156939624,0.07346008010936365,0.07365579321885153,0.07226533461360242,0.06928264302175548,0.06473880190365111]},{""bpm"":119.0,""relative_power"":0.05653139592996061,""peak_concentration"":0.03345740157875273,""prominence"":0.0385378751208133,""period_correlation"":-0.2028496750622615,""split_period_correlation"":-0.13126470697813206,""periodic_support"":0.0,""harmonic2_relative_power"":0.0007471663566115216,""harmonic3_relative_power"":3.08793549498227e-06,""harmonic_support"":0.006645337878219388,""motion_profile"":0.002090801146393901,""motion_strength"":0.9899281370826508,""motion_reliability"":1.0,""motion_overlap"":0.002090801146393901,""motion_available"":true,""evidence_score"":-1.0015038538000502,""supported_bpm"":[117.0,118.0,119.0,120.0,121.0,122.0],""supported_relative_power"":[0.05326209086484508,0.05549637076702268,0.05653139592996061,0.056468897009638835,0.05545905376770574,0.05367946964182407]},{""bpm"":189.0,""relative_power"":0.07967662553765027,""peak_concentration"":0.040715903359232024,""prominence"":0.07953254493496083,""period_correlation"":-0.41894060094916685,""split_period_correlation"":-0.47932269558255675,""periodic_support"":0.0,""harmonic2_relative_power"":2.676583072436349e-07,""harmonic3_relative_power"":2.719554469618831e-10,""harmonic_support"":0.00014766385161653936,""motion_profile"":0.7583124878092838,""motion_strength"":0.9899281370826508,""motion_reliability"":1.0,""motion_overlap"":0.7583124878092838,""motion_available"":true,""evidence_score"":-1.8331656017839264,""supported_bpm"":[186.0,187.0,188.0,189.0,190.0,191.0,192.0],""supported_relative_power"":[0.06669092119466685,0.07414583036384395,0.07861983882066757,0.07967662553765027,0.07719726041400113,0.07181282445252281,0.06413057099483024]}]",False,tracked,True,91.0,20,19.99998,25.999973999999998,short6_relaxed,6.0,saved_short_window_v25_logic_fallback_offline,True,True,original_hr_gates_with_relaxed_fusion
23.999976,1.0,0.0,92.0,0.5966733575293484,True,candidate_only,92.0,187.0,92.0,1.0365767546142401,3.165107667178208,1.0,92.0,0.7567305588250948,0.05953698108279033,2,"[{""bpm"":92.0,""relative_power"":1.0,""peak_concentration"":0.5966733575293484,""prominence"":1.0,""period_correlation"":0.7594195604905921,""split_period_correlation"":0.7486635538286026,""periodic_support"":0.7567305588250948,""harmonic2_relative_power"":0.07431489521077572,""harmonic3_relative_power"":0.0002925841143010754,""harmonic_support"":0.2785943662601237,""motion_profile"":0.05953698108279033,""motion_strength"":0.9898532655631886,""motion_reliability"":1.0,""motion_overlap"":0.05953698108279033,""motion_available"":true,""evidence_score"":1.0365767546142401,""supported_bpm"":[89.0,90.0,91.0,92.0,93.0,94.0,95.0],""supported_relative_power"":[0.8728067984379935,0.9350712494867044,0.9784502978154371,1.0,0.9979924509924272,0.9720965899532328,0.9220401311933295]},{""bpm"":186.0,""relative_power"":0.07829547201125546,""peak_concentration"":0.0482888390407591,""prominence"":0.07827073938706297,""period_correlation"":-0.6609219487294858,""split_period_correlation"":-0.6348887136099328,""periodic_support"":0.0,""harmonic2_relative_power"":1.3680719724594943e-06,""harmonic3_relative_power"":1.8004976620089068e-10,""harmonic_support"":0.0003285966220104403,""motion_profile"":0.9898532655631886,""motion_strength"":0.9898532655631886,""motion_reliability"":1.0,""motion_overlap"":0.9898532655631886,""motion_available"":true,""evidence_score"":-2.128530912563968,""supported_bpm"":[183.0,184.0,185.0,186.0,187.0,188.0,189.0],""supported_relative_power"":[0.0706290672193238,0.07431489521077572,0.07696265769401794,0.07829547201125546,0.07811566209948069,0.07632978506367902,0.07291756145465747]}]",False,tracked,True,92.0,21,20.999979,26.999972999999997,short6_relaxed,6.0,saved_short_window_v25_logic_fallback_offline,True,True,original_hr_gates_with_relaxed_fusion
24.999975,1.0,0.0,95.0,0.5185700938285888,True,candidate_only,93.0,187.0,95.0,0.9888929072143479,2.6409647551279196,0.975599261283168,95.0,0.7495043604603664,0.07129457551207198,2,"[{""bpm"":95.0,""relative_power"":1.0,""peak_concentration"":0.5185700938285888,""prominence"":1.0,""period_correlation"":0.7567446140699541,""split_period_correlation"":0.7277835996316038,""periodic_support"":0.7495043604603664,""harmonic2_relative_power"":0.12186369401648546,""harmonic3_relative_power"":0.0001628556740763165,""harmonic_support"":0.3535563300980346,""motion_profile"":0.07129457551207198,""motion_strength"":0.9899006450760491,""motion_reliability"":1.0,""motion_overlap"":0.07129457551207198,""motion_available"":true,""evidence_score"":1.0888929072143478,""supported_bpm"":[92.0,93.0,94.0,95.0,96.0,97.0,98.0],""supported_relative_power"":[0.9330643633600456,0.975599261283168,0.9987909103060914,1.0,0.9800758330658255,0.9413162337898122,0.8862367800797597]},{""bpm"":184.0,""relative_power"":0.19758296788710644,""peak_concentration"":0.09876257878988584,""prominence"":0.19676845255008305,""period_correlation"":-0.3773145315953477,""split_period_correlation"":-0.3138335139156956,""periodic_support"":0.0,""harmonic2_relative_power"":4.891806349499565e-07,""harmonic3_relative_power"":3.43005810420355e-10,""harmonic_support"":0.0003137732145668332,""motion_profile"":0.7878614230622432,""motion_strength"":0.9899006450760491,""motion_reliability"":1.0,""motion_overlap"":0.7878614230622432,""motion_available"":true,""evidence_score"":-1.552071847913572,""supported_bpm"":[181.0,182.0,183.0,184.0,185.0,186.0,187.0],""supported_relative_power"":[0.17290519789564032,0.18557220724563026,0.1939563849943419,0.19758296788710644,0.19609807922200848,0.18946794308986975,0.17799338983944546]}]",False,tracked,True,95.0,22,21.999978,27.999972,short6_relaxed,6.0,saved_short_window_v25_logic_fallback_offline,True,True,original_hr_gates_with_relaxed_fusion
25.999973999999998,1.0,0.0,95.0,0.3540252243765944,True,candidate_only,93.0,187.0,95.0,1.402147788037382,2.302743084800768,0.9542614858738829,95.0,0.7836577477961704,0.07931427271801034,4,"[{""bpm"":95.0,""relative_power"":1.0,""peak_concentration"":0.3540252243765944,""prominence"":1.0,""period_correlation"":0.7739675350033661,""split_period_correlation"":0.8127283861745831,""periodic_support"":0.7836577477961704,""harmonic2_relative_power"":0.5433757637402056,""harmonic3_relative_power"":3.6926310597212777e-05,""harmonic_support"":0.7392671063591076,""motion_profile"":0.07931427271801034,""motion_strength"":0.9901762277854821,""motion_reliability"":1.0,""motion_overlap"":0.07931427271801034,""motion_available"":true,""evidence_score"":1.5021477880373821,""supported_bpm"":[92.0,93.0,94.0,95.0,96.0,97.0,98.0],""supported_relative_power"":[0.8993416231095385,0.9542614858738829,0.9887199693103368,1.0,0.9891259082809596,0.9586178671210858,0.9111555983515376]},{""bpm"":54.0,""relative_power"":0.06731309318421157,""peak_concentration"":0.02439100591726818,""prominence"":0.06311366300804044,""period_correlation"":-0.3795576535763476,""split_period_correlation"":-0.42872289456763274,""periodic_support"":0.0,""harmonic2_relative_power"":0.23475977087180847,""harmonic3_relative_power"":0.05826812838965769,""harmonic_support"":0.14762725914773053,""motion_profile"":0.003025901449745066,""motion_strength"":0.9901762277854821,""motion_reliability"":1.0,""motion_overlap"":0.003025901449745066,""motion_available"":true,""evidence_score"":-0.8005952967633859,""supported_bpm"":[51.0,52.0,53.0,54.0,55.0,56.0,57.0],""supported_relative_power"":[0.06164278162714866,0.06430598528681014,0.06629996897929905,0.06731309318421157,0.06708132381762313,0.06541297162422242,0.06221091199200895]},{""bpm"":141.0,""relative_power"":0.0884050305979285,""peak_concentration"":0.03243697003752291,""prominence"":0.0776547525744455,""period_correlation"":-0.38502495575966483,""split_period_correlation"":-0.38032405473081005,""periodic_support"":0.0,""harmonic2_relative_power"":1.6520480926264586e-05,""harmonic3_relative_power"":5.6774091496836746e-08,""harmonic_support"":0.0012333048423990981,""motion_profile"":0.00228982970073768,""motion_strength"":0.9901762277854821,""motion_reliability"":1.0,""motion_overlap"":0.00228982970073768,""motion_available"":true,""evidence_score"":-0.8506682235929806,""supported_bpm"":[138.0,139.0,140.0,141.0,142.0,143.0,144.0],""supported_relative_power"":[0.08149234644674636,0.08522444726688368,0.08754583229051155,0.0884050305979285,0.08782421088283605,0.08589584441567225,0.08277605164613244]},{""bpm"":186.0,""relative_power"":0.6962710249998277,""peak_concentration"":0.23884752338490098,""prominence"":0.6894750824624594,""period_correlation"":0.05265590643146622,""split_period_correlation"":-0.024739778179902028,""periodic_support"":0.033306985278624156,""harmonic2_relative_power"":9.719586050054638e-07,""harmonic3_relative_power"":1.3865713260402402e-10,""harmonic_support"":0.0008260850744690287,""motion_profile"":0.8746401153633128,""motion_strength"":0.9901762277854821,""motion_reliability"":1.0,""motion_overlap"":0.8746401153633128,""motion_available"":true,""evidence_score"":-1.1825420770717872,""supported_bpm"":[183.0,184.0,185.0,186.0,187.0,188.0,189.0],""supported_relative_power"":[0.6322980751306918,0.6716489182515321,0.6933248137018047,0.6962710249998277,0.6807615261447857,0.6483516809747032,0.601380180939441]}]",False,tracked,True,95.0,23,22.999976999999998,28.999971,short6_relaxed,6.0,saved_short_window_v25_logic_fallback_offline,True,True,original_hr_gates_with_relaxed_fusion
26.999972999999997,1.0,0.0,187.0,0.4252939002824789,True,candidate_only,92.0,187.0,94.0,0.7880477223589996,1.6929225454785615,0.31008561372847115,94.0,0.7534657788222536,0.08279949920146851,4,"[{""bpm"":94.0,""relative_power"":0.3176442468404485,""peak_concentration"":0.13022559166097508,""prominence"":0.31630876678610637,""period_correlation"":0.7512767750317225,""split_period_correlation"":0.7600327901938473,""periodic_support"":0.7534657788222536,""harmonic2_relative_power"":0.9964677603917228,""harmonic3_relative_power"":5.935806974561736e-05,""harmonic_support"":0.5641228747289311,""motion_profile"":0.08279949920146851,""motion_strength"":0.9904367644516129,""motion_reliability"":1.0,""motion_overlap"":0.08279949920146851,""motion_available"":true,""evidence_score"":0.8880477223589995,""supported_bpm"":[91.0,92.0,93.0,94.0,95.0,96.0,97.0],""supported_relative_power"":[0.2958577643451552,0.31008561372847115,0.31757901968836755,0.3176442468404485,0.30952860508111046,0.29385750194635013,0.2718256381036566]},{""bpm"":140.0,""relative_power"":0.10122568425533879,""peak_concentration"":0.04161541618720626,""prominence"":0.09971699376645494,""period_correlation"":-0.40986354124353525,""split_period_correlation"":-0.4248254143709921,""periodic_support"":0.0,""harmonic2_relative_power"":7.752216584689357e-05,""harmonic3_relative_power"":2.8060482057570125e-08,""harmonic_support"":0.002819945065716211,""motion_profile"":0.004843042492948145,""motion_strength"":0.9904367644516129,""motion_reliability"":1.0,""motion_overlap"":0.004843042492948145,""motion_available"":true,""evidence_score"":-0.8048748231195619,""supported_bpm"":[137.0,138.0,139.0,140.0,141.0,142.0,143.0],""supported_relative_power"":[0.09413840141832297,0.09871633654291903,0.10108989900345304,0.10122568425533879,0.09901519410498034,0.09446745687468987,0.08772371221406688]},{""bpm"":42.0,""relative_power"":0.06435987486538734,""peak_concentration"":0.013753827941999428,""prominence"":0.05201671790062365,""period_correlation"":-0.5398346512473391,""split_period_correlation"":-0.6115905526617675,""periodic_support"":0.0,""harmonic2_relative_power"":0.1132212735022867,""harmonic3_relative_power"":0.006851892906819782,""harmonic_support"":0.09271327346468097,""motion_profile"":0.002062988803966253,""motion_strength"":0.9904367644516129,""motion_reliability"":1.0,""motion_overlap"":0.002062988803966253,""motion_available"":true,""evidence_score"":-0.8700081779433112,""supported_bpm"":[42.0,43.0,44.0,45.0],""supported_relative_power"":[0.06435987486538734,0.061944687887797806,0.058422154227670726,0.05402950742355138]},{""bpm"":187.0,""relative_power"":1.0,""peak_concentration"":0.4252939002824789,""prominence"":1.0,""period_correlation"":0.27411919369871224,""split_period_correlation"":0.08729241262513499,""periodic_support"":0.22741249843031794,""harmonic2_relative_power"":6.193493432448661e-07,""harmonic3_relative_power"":3.5672934452135407e-09,""harmonic_support"":0.0008078918997167679,""motion_profile"":0.9492187371108337,""motion_strength"":0.9904367644516129,""motion_reliability"":1.0,""motion_overlap"":0.9492187371108337,""motion_available"":true,""evidence_score"":-0.9355617812154755,""supported_bpm"":[184.0,185.0,186.0,187.0,188.0,189.0,190.0],""supported_relative_power"":[0.9023641748874972,0.9517391009003614,0.9848516839220383,1.0,0.9964677603917228,0.974041784289399,0.9335302801869609]}]",False,tracked,True,187.0,24,23.999976,29.999969999999998,short6_relaxed,6.0,saved_short_window_v25_logic_fallback_offline,True,True,original_hr_gates_with_relaxed_fusion
27.999972,1.0,0.0,189.0,0.5154874366900214,True,candidate_only,90.0,188.0,93.0,-0.06964086667272446,0.7706171130966495,0.09773176232994474,93.0,0.638032381491526,0.0872582104724415,4,"[{""bpm"":93.0,""relative_power"":0.11273712076630471,""peak_concentration"":0.05366728557879771,""prominence"":0.11190007181377883,""period_correlation"":0.6491093980794144,""split_period_correlation"":0.6048013317278609,""periodic_support"":0.638032381491526,""harmonic2_relative_power"":0.9349603181341095,""harmonic3_relative_power"":0.0002556830793199767,""harmonic_support"":0.3265400641533786,""motion_profile"":0.0872582104724415,""motion_strength"":0.9906586747220825,""motion_reliability"":1.0,""motion_overlap"":0.0872582104724415,""motion_available"":true,""evidence_score"":0.15535913332727555,""supported_bpm"":[90.0,91.0,92.0,93.0,94.0,95.0,96.0],""supported_relative_power"":[0.09773176232994474,0.10591283427801733,0.11104021616832122,0.11273712076630471,0.1109017475809298,0.1055048877540726,0.09715960226869112]},{""bpm"":67.0,""relative_power"":0.05139725037522402,""peak_concentration"":0.026219796544223562,""prominence"":0.03791637874116013,""period_correlation"":0.31042899529735446,""split_period_correlation"":0.29289858804237967,""periodic_support"":0.30604639348361073,""harmonic2_relative_power"":0.059043352803825444,""harmonic3_relative_power"":0.20460413533614913,""harmonic_support"":0.09097959854500984,""motion_profile"":0.003223120189825184,""motion_strength"":0.9906586747220825,""motion_reliability"":1.0,""motion_overlap"":0.003223120189825184,""motion_available"":true,""evidence_score"":-0.6152579797693739,""supported_bpm"":[66.0,67.0,68.0],""supported_relative_power"":[0.05071215094995565,0.05139725037522402,0.051066944621722836]},{""bpm"":189.0,""relative_power"":1.0,""peak_concentration"":0.5154874366900214,""prominence"":1.0,""period_correlation"":0.39142451266446887,""split_period_correlation"":0.31567080568349765,""periodic_support"":0.37248608591922605,""harmonic2_relative_power"":9.76864961944292e-07,""harmonic3_relative_power"":7.961574077079823e-09,""harmonic_support"":0.0010195944705225497,""motion_profile"":0.9906586747220825,""motion_strength"":0.9906586747220825,""motion_reliability"":1.0,""motion_overlap"":0.9906586747220825,""motion_available"":true,""evidence_score"":-0.8275690544209319,""supported_bpm"":[186.0,187.0,188.0,189.0,190.0,191.0,192.0],""supported_relative_power"":[0.9349603181341095,0.9745931196642845,0.9969125789725485,1.0,0.9826833435638694,0.9472561445620632,0.895476499829473]},{""bpm"":139.0,""relative_power"":0.08293586634640034,""peak_concentration"":0.04187400804060262,""prominence"":0.06849152336328349,""period_correlation"":-0.5113297055347454,""split_period_correlation"":-0.5349473054093291,""periodic_support"":0.0,""harmonic2_relative_power"":0.00027874440938854524,""harmonic3_relative_power"":1.4545539005009596e-08,""harmonic_support"":0.0048202650569544115,""motion_profile"":0.006324743004708325,""motion_strength"":0.9906586747220825,""motion_reliability"":1.0,""motion_overlap"":0.006324743004708325,""motion_available"":true,""evidence_score"":-0.8744763462702843,""supported_bpm"":[136.0,137.0,138.0,139.0,140.0,141.0,142.0],""supported_relative_power"":[0.07232153019417793,0.0774839775192613,0.08116623583013488,0.08293586634640034,0.08282136248742628,0.08083194983406009,0.07710476944692263]}]",False,tracked,True,189.0,25,24.999975,30.999969,short6_relaxed,6.0,saved_short_window_v25_logic_fallback_offline,True,True,original_hr_gates_with_relaxed_fusion
28.999971,1.0,0.0,190.0,0.5347148095551086,True,candidate_only,86.0,188.0,89.0,-0.4349148147545109,0.47108518418227496,0.08690493999080413,89.0,0.4912781938769225,0.0646561399884368,4,"[{""bpm"":89.0,""relative_power"":0.10324770240737181,""peak_concentration"":0.05077356080573549,""prominence"":0.06439464348660891,""period_correlation"":0.4822599574467047,""split_period_correlation"":0.5183329031675759,""periodic_support"":0.4912781938769225,""harmonic2_relative_power"":0.14710987331856568,""harmonic3_relative_power"":0.0003084583156419758,""harmonic_support"":0.1252178520020139,""motion_profile"":0.0646561399884368,""motion_strength"":0.9907234679179134,""motion_reliability"":1.0,""motion_overlap"":0.0646561399884368,""motion_available"":true,""evidence_score"":-0.2099148147545109,""supported_bpm"":[86.0,87.0,88.0,89.0,90.0,91.0,92.0],""supported_relative_power"":[0.08690493999080413,0.09575735416211155,0.10136878781407833,0.10324770240737181,0.1011839540220837,0.09534658123241198,0.08627713789831121]},{""bpm"":70.0,""relative_power"":0.11473427140639697,""peak_concentration"":0.0586364900622553,""prominence"":0.11124719236990743,""period_correlation"":-0.09902570783960263,""split_period_correlation"":-0.1872020965788899,""periodic_support"":0.0,""harmonic2_relative_power"":0.05246766925800673,""harmonic3_relative_power"":0.00397527561591852,""harmonic_support"":0.08506240374498611,""motion_profile"":0.006611699964204502,""motion_strength"":0.9907234679179134,""motion_reliability"":1.0,""motion_overlap"":0.006611699964204502,""motion_available"":true,""evidence_score"":-0.6809999989367859,""supported_bpm"":[67.0,68.0,69.0,70.0,71.0,72.0,73.0],""supported_relative_power"":[0.09543561211162442,0.10467749912698929,0.11132113959396163,0.11473427140639697,0.11452927814915681,0.11063194381025233,0.10319513262526946]},{""bpm"":190.0,""relative_power"":1.0,""peak_concentration"":0.5347148095551086,""prominence"":1.0,""period_correlation"":0.38468915627022604,""split_period_correlation"":0.42510223338808345,""periodic_support"":0.3947924255496904,""harmonic2_relative_power"":1.057418543154709e-06,""harmonic3_relative_power"":4.71712119475833e-09,""harmonic_support"":0.0010523470391974315,""motion_profile"":0.9904507033385412,""motion_strength"":0.9907234679179134,""motion_reliability"":1.0,""motion_overlap"":0.9904507033385412,""motion_available"":true,""evidence_score"":-0.8027393640293197,""supported_bpm"":[187.0,188.0,189.0,190.0,191.0,192.0,193.0],""supported_relative_power"":[0.8919836774732539,0.9505014932434596,0.9876723344767016,1.0,0.988592532959896,0.9544097697296774,0.8997763193053282]},{""bpm"":135.0,""relative_power"":0.07704129441111916,""peak_concentration"":0.04013660996178041,""prominence"":0.0732379700674492,""period_correlation"":-0.5481703728188212,""split_period_correlation"":-0.5314794346644467,""periodic_support"":0.0,""harmonic2_relative_power"":0.00034973664469719424,""harmonic3_relative_power"":7.922474327946134e-09,""harmonic_support"":0.00519942369851094,""motion_profile"":0.003704170693920163,""motion_strength"":0.9907234679179134,""motion_reliability"":1.0,""motion_overlap"":0.003704170693920163,""motion_available"":true,""evidence_score"":-0.8966255881085533,""supported_bpm"":[132.0,133.0,134.0,135.0,136.0,137.0,138.0],""supported_relative_power"":[0.06987253924464581,0.07455668102715743,0.07697090522295177,0.07704129441111916,0.07489966636770956,0.07086376844876308,0.06538876077012212]}]",False,tracked,True,190.0,26,25.999973999999998,31.999968,short6_relaxed,6.0,saved_short_window_v25_logic_fallback_offline,True,True,original_hr_gates_with_relaxed_fusion
29.999969999999998,1.0,0.0,190.0,0.4136555105630593,True,candidate_only,81.0,188.0,78.0,-0.5153214996214927,0.40564920425046014,0.3027828653811569,78.0,0.0,0.008235565530034688,3,"[{""bpm"":78.0,""relative_power"":0.3154485955448093,""peak_concentration"":0.1479483140367993,""prominence"":0.3151213355263445,""period_correlation"":-0.3453226874061712,""split_period_correlation"":-0.39416995066784544,""periodic_support"":0.0,""harmonic2_relative_power"":0.0429946088550736,""harmonic3_relative_power"":0.0013905126709271211,""harmonic_support"":0.12378879643203472,""motion_profile"":0.008235565530034688,""motion_strength"":0.9909773965938425,""motion_reliability"":1.0,""motion_overlap"":0.008235565530034688,""motion_available"":true,""evidence_score"":-0.2903214996214927,""supported_bpm"":[75.0,76.0,77.0,78.0,79.0,80.0,81.0],""supported_relative_power"":[0.3078133285372862,0.31297436373667703,0.31542984713941674,0.3154485955448093,0.31327449726675055,0.3090608246330906,0.3027828653811569]},{""bpm"":130.0,""relative_power"":0.13824546627376222,""peak_concentration"":0.05931308352952949,""prominence"":0.12346028899251024,""period_correlation"":-0.6540700375341343,""split_period_correlation"":-0.6599929813123514,""periodic_support"":0.0,""harmonic2_relative_power"":7.365375042975167e-05,""harmonic3_relative_power"":3.574881722190057e-07,""harmonic_support"":0.0032687791941711413,""motion_profile"":0.00534874526966737,""motion_strength"":0.9909773965938425,""motion_reliability"":1.0,""motion_overlap"":0.00534874526966737,""motion_available"":true,""evidence_score"":-0.6959707038719528,""supported_bpm"":[127.0,128.0,129.0,130.0,131.0,132.0,133.0],""supported_relative_power"":[0.12957452847214015,0.13469813494976676,0.13776379381455353,0.13824546627376222,0.13566130076782454,0.12976331203361216,0.12088655260134179]},{""bpm"":190.0,""relative_power"":1.0,""peak_concentration"":0.4136555105630593,""prominence"":1.0,""period_correlation"":0.3627027280018974,""split_period_correlation"":0.3989170156262851,""periodic_support"":0.3717562999079943,""harmonic2_relative_power"":1.249610446210912e-06,""harmonic3_relative_power"":9.562162741297606e-10,""harmonic_support"":0.0011286827228293083,""motion_profile"":0.984066949938081,""motion_strength"":0.9909773965938425,""motion_reliability"":1.0,""motion_overlap"":0.984066949938081,""motion_available"":true,""evidence_score"":-0.820023074800978,""supported_bpm"":[187.0,188.0,189.0,190.0,191.0,192.0,193.0],""supported_relative_power"":[0.8788650221251402,0.9446156301446329,0.9862430152042779,1.0,0.9874410691679185,0.9500061666086206,0.8906690547841917]}]",False,tracked,True,190.0,27,26.999972999999997,32.999967,short6_relaxed,6.0,saved_short_window_v25_logic_fallback_offline,True,True,original_hr_gates_with_relaxed_fusion
30.999969,1.0,0.0,187.0,0.3200842543492055,True,candidate_only,80.0,187.0,78.0,-0.18650569301983877,0.4336571421892327,0.539114596761536,78.0,0.0,0.012568527081620583,3,"[{""bpm"":78.0,""relative_power"":0.5612284175615556,""peak_concentration"":0.18981163598802478,""prominence"":0.5353741843591677,""period_correlation"":-0.3459144276146919,""split_period_correlation"":-0.42315660222736434,""periodic_support"":0.0,""harmonic2_relative_power"":0.027442451043824517,""harmonic3_relative_power"":0.0007691460820440524,""harmonic_support"":0.1313745190466145,""motion_profile"":0.012568527081620583,""motion_strength"":0.9912612837350905,""motion_reliability"":1.0,""motion_overlap"":0.012568527081620583,""motion_available"":true,""evidence_score"":-0.08650569301983878,""supported_bpm"":[75.0,76.0,77.0,78.0,79.0,80.0,81.0],""supported_relative_power"":[0.529300256538324,0.5484323115136903,0.5592094380587799,0.5612284175615556,0.554460142227195,0.539114596761536,0.5154343466614496]},{""bpm"":123.0,""relative_power"":0.22619651408155322,""peak_concentration"":0.07992064709400129,""prominence"":0.1862058381804356,""period_correlation"":-0.6481273866243449,""split_period_correlation"":-0.7433787445470749,""periodic_support"":0.0,""harmonic2_relative_power"":0.0006517233608075497,""harmonic3_relative_power"":2.839993486215514e-07,""harmonic_support"":0.012230272417206941,""motion_profile"":0.00973617076532741,""motion_strength"":0.9912612837350905,""motion_reliability"":1.0,""motion_overlap"":0.00973617076532741,""motion_available"":true,""evidence_score"":-0.5201628352090715,""supported_bpm"":[120.0,121.0,122.0,123.0,124.0,125.0,126.0],""supported_relative_power"":[0.2178939113504141,0.22264447779724691,0.2254375299528716,0.22619651408155322,0.2247654507372569,0.22124071693094624,0.2158107026019058]},{""bpm"":187.0,""relative_power"":1.0,""peak_concentration"":0.3200842543492055,""prominence"":1.0,""period_correlation"":0.3771261078504772,""split_period_correlation"":0.5150621117935806,""periodic_support"":0.41161010883625304,""harmonic2_relative_power"":7.328188848474295e-07,""harmonic3_relative_power"":2.655719103280116e-10,""harmonic_support"":0.0008617521447025513,""motion_profile"":0.9912612837350905,""motion_strength"":0.9912612837350905,""motion_reliability"":1.0,""motion_overlap"":0.9912612837350905,""motion_available"":true,""evidence_score"":-0.785443732804282,""supported_bpm"":[184.0,185.0,186.0,187.0,188.0,189.0,190.0],""supported_relative_power"":[0.8745263484150269,0.9374189752779303,0.9801806371040318,1.0,0.9955806639645469,0.9665780129575279,0.9143490433939987]}]",False,tracked,True,187.0,28,27.999972,33.999966,short6_relaxed,6.0,saved_short_window_v25_logic_fallback_offline,True,True,original_hr_gates_with_relaxed_fusion
31.999968,1.0,0.0,184.0,0.40683337337725733,True,candidate_only,81.0,186.0,79.0,-0.4183151282553439,0.32344241431311,0.35844223759145444,79.0,0.0,0.018800243475486134,3,"[{""bpm"":79.0,""relative_power"":0.3782135979299774,""peak_concentration"":0.15943795087146276,""prominence"":0.3774894593822854,""period_correlation"":-0.26182031561182034,""split_period_correlation"":-0.2745426127692925,""periodic_support"":0.0,""harmonic2_relative_power"":0.005182473458148986,""harmonic3_relative_power"":3.191612314420716e-05,""harmonic_support"":0.04548883526276183,""motion_profile"":0.018800243475486134,""motion_strength"":0.9914450000880953,""motion_reliability"":1.0,""motion_overlap"":0.018800243475486134,""motion_available"":true,""evidence_score"":-0.31831512825534386,""supported_bpm"":[76.0,77.0,78.0,79.0,80.0,81.0,82.0],""supported_relative_power"":[0.3575726254550266,0.37023421857631394,0.37738019437932413,0.3782135979299774,0.372108083289996,0.35844223759145444,0.3382090167236967]},{""bpm"":119.0,""relative_power"":0.16152151507594095,""peak_concentration"":0.06717490979213349,""prominence"":0.15506206774092143,""period_correlation"":-0.5733629358544777,""split_period_correlation"":-0.5997032305716675,""periodic_support"":0.0,""harmonic2_relative_power"":6.104882121159496e-05,""harmonic3_relative_power"":1.9007995115829354e-06,""harmonic_support"":0.003334107705695975,""motion_profile"":0.00560058124508118,""motion_strength"":0.9914450000880953,""motion_reliability"":1.0,""motion_overlap"":0.00560058124508118,""motion_available"":true,""evidence_score"":-0.6417575425684539,""supported_bpm"":[116.0,117.0,118.0,119.0,120.0,121.0,122.0],""supported_relative_power"":[0.14875824099711957,0.15624580456572723,0.16056234098870054,0.16152151507594095,0.15912817289261383,0.15362003191484908,0.1454497383727502]},{""bpm"":184.0,""relative_power"":1.0,""peak_concentration"":0.40683337337725733,""prominence"":1.0,""period_correlation"":0.3546977216583926,""split_period_correlation"":0.40333660487742595,""periodic_support"":0.3668574424631509,""harmonic2_relative_power"":9.445979085151327e-07,""harmonic3_relative_power"":1.187311873202294e-10,""harmonic_support"":0.0009757180036622485,""motion_profile"":0.9872775459122625,""motion_strength"":0.9914450000880953,""motion_reliability"":1.0,""motion_overlap"":0.9872775459122625,""motion_available"":true,""evidence_score"":-0.8295780276771999,""supported_bpm"":[181.0,182.0,183.0,184.0,185.0,186.0,187.0],""supported_relative_power"":[0.9014061302915516,0.9553266133530538,0.9887619982185378,1.0,0.9878061184805927,0.9523683767215626,0.8953322768682058]}]",False,tracked,True,184.0,29,28.999971,34.999964999999996,short6_relaxed,6.0,saved_short_window_v25_logic_fallback_offline,True,True,original_hr_gates_with_relaxed_fusion
32.999967,1.0,0.0,183.0,0.545468906669995,True,candidate_only,83.0,185.0,82.0,-0.6605933776016674,0.19533006191083668,0.1569967692733157,82.0,0.02250300377733702,0.03751938149659677,3,"[{""bpm"":82.0,""relative_power"":0.16061249580295528,""peak_concentration"":0.0882793516739442,""prominence"":0.1605133268292137,""period_correlation"":0.026666538811560694,""split_period_correlation"":0.010012398674666016,""periodic_support"":0.02250300377733702,""harmonic2_relative_power"":0.0035482486541092745,""harmonic3_relative_power"":0.0003833500881223993,""harmonic_support"":0.026618780840419447,""motion_profile"":0.03751938149659677,""motion_strength"":0.9915581649117599,""motion_reliability"":1.0,""motion_overlap"":0.03751938149659677,""motion_available"":true,""evidence_score"":-0.6355933776016673,""supported_bpm"":[79.0,80.0,81.0,82.0,83.0,84.0,85.0],""supported_relative_power"":[0.14872510817826448,0.1563142048208027,0.1603306648371035,0.16061249580295528,0.1569967692733157,0.1495925713379682,0.13878027668279752]},{""bpm"":183.0,""relative_power"":1.0,""peak_concentration"":0.545468906669995,""prominence"":1.0,""period_correlation"":0.3561482535884192,""split_period_correlation"":0.3825211316810478,""periodic_support"":0.3627414731115763,""harmonic2_relative_power"":1.8601237300349485e-06,""harmonic3_relative_power"":9.456637538214926e-11,""harmonic_support"":0.0013672671141262609,""motion_profile"":0.9850450616394915,""motion_strength"":0.9915581649117599,""motion_reliability"":1.0,""motion_overlap"":0.9850450616394915,""motion_available"":true,""evidence_score"":-0.830923439512504,""supported_bpm"":[180.0,181.0,182.0,183.0,184.0,185.0,186.0],""supported_relative_power"":[0.8664428729819319,0.933395605271126,0.9789992240595727,1.0,0.9959914019618075,0.9671616197905581,0.9152883468441807]},{""bpm"":119.0,""relative_power"":0.09229088713229963,""peak_concentration"":0.046561520603696144,""prominence"":0.09164923357403999,""period_correlation"":-0.5513909217392375,""split_period_correlation"":-0.53883744829845,""periodic_support"":0.0,""harmonic2_relative_power"":0.0002498748075001146,""harmonic3_relative_power"":3.367748975659337e-06,""harmonic_support"":0.004997331432593928,""motion_profile"":0.0019252612563366066,""motion_strength"":0.9915581649117599,""motion_reliability"":1.0,""motion_overlap"":0.0019252612563366066,""motion_available"":true,""evidence_score"":-0.8313927007958205,""supported_bpm"":[116.0,117.0,118.0,119.0,120.0,121.0,122.0],""supported_relative_power"":[0.08114205349869265,0.08775041974244122,0.09160450900483826,0.09229088713229963,0.0895951975091479,0.08357556543331879,0.07458159293773348]}]",False,tracked,True,183.0,30,29.999969999999998,35.999964,short6_relaxed,6.0,saved_short_window_v25_logic_fallback_offline,True,True,original_hr_gates_with_relaxed_fusion
33.999966,1.0,0.0,184.0,0.5513768927324338,True,candidate_only,85.0,185.0,46.0,-0.46848682948580145,0.189690107261879,0.0810448923750968,88.0,0.5021419437601242,0.11160588321134837,4,"[{""bpm"":46.0,""relative_power"":0.06606759258262196,""peak_concentration"":0.03251277843466751,""prominence"":0.06565597650075529,""period_correlation"":0.745628566959672,""split_period_correlation"":0.7099010631667846,""periodic_support"":0.7366966910114501,""harmonic2_relative_power"":0.06643639085717379,""harmonic3_relative_power"":0.061610145389939516,""harmonic_support"":0.08858171860039868,""motion_profile"":0.0014143000753071237,""motion_strength"":0.9918927124836361,""motion_reliability"":1.0,""motion_overlap"":0.0014143000753071237,""motion_available"":true,""evidence_score"":-0.05379672222392249,""supported_bpm"":[43.0,44.0,45.0,46.0,47.0,48.0,49.0],""supported_relative_power"":[0.06207171021335606,0.06456718414092899,0.06590593103248127,0.06606759258262196,0.06502468755046452,0.06280454342616575,0.05949032436654417]},{""bpm"":88.0,""relative_power"":0.08797300614572719,""peak_concentration"":0.0475965344694905,""prominence"":0.08020253860889205,""period_correlation"":0.5074038971994618,""split_period_correlation"":0.4863560834421118,""periodic_support"":0.5021419437601242,""harmonic2_relative_power"":0.42750869274293823,""harmonic3_relative_power"":2.2029982614102517e-05,""harmonic_support"":0.19441822735894,""motion_profile"":0.11160588321134837,""motion_strength"":0.9918927124836361,""motion_reliability"":1.0,""motion_overlap"":0.11160588321134837,""motion_available"":true,""evidence_score"":-0.24348682948580147,""supported_bpm"":[85.0,86.0,87.0,88.0,89.0,90.0,91.0],""supported_relative_power"":[0.0810448923750968,0.0854862109636544,0.08795851110945335,0.08797300614572719,0.08563025936134029,0.08105504146639553,0.07451749867469888]},{""bpm"":184.0,""relative_power"":1.0,""peak_concentration"":0.5513768927324338,""prominence"":1.0,""period_correlation"":0.5998995498671013,""split_period_correlation"":0.6244644034917303,""periodic_support"":0.6060407632732585,""harmonic2_relative_power"":1.8016426177129749e-06,""harmonic3_relative_power"":1.0101595765871421e-11,""harmonic_support"":0.001343365219649194,""motion_profile"":0.9918927124836361,""motion_strength"":0.9918927124836361,""motion_reliability"":1.0,""motion_overlap"":0.9918927124836361,""motion_available"":true,""evidence_score"":-0.5718776857843116,""supported_bpm"":[181.0,182.0,183.0,184.0,185.0,186.0,187.0],""supported_relative_power"":[0.8808967743401415,0.94196575018709,0.9822081131853586,1.0,0.994277931483437,0.965433323816367,0.915276226312125]},{""bpm"":126.0,""relative_power"":0.08871906110124407,""peak_concentration"":0.05336651381422386,""prominence"":0.0878598996534478,""period_correlation"":-0.6835493231196255,""split_period_correlation"":-0.6883559172724456,""periodic_support"":0.0,""harmonic2_relative_power"":0.00012713249069283038,""harmonic3_relative_power"":4.6079758107936896e-07,""harmonic_support"":0.0034292005799027086,""motion_profile"":0.0018957207134355754,""motion_strength"":0.9918927124836361,""motion_reliability"":1.0,""motion_overlap"":0.0018957207134355754,""motion_available"":true,""evidence_score"":-0.8467386318618586,""supported_bpm"":[123.0,124.0,125.0,126.0,127.0,128.0,129.0],""supported_relative_power"":[0.08327256507195246,0.08632055207587448,0.08807103935965001,0.08871906110124407,0.0884594084134215,0.08751083292204585,0.08608515921345515]}]",False,tracked,True,184.0,31,30.999969,36.999963,short6_relaxed,6.0,saved_short_window_v25_logic_fallback_offline,True,True,original_hr_gates_with_relaxed_fusion
34.999964999999996,1.0,0.0,185.0,0.5291998813620786,True,candidate_only,97.0,185.0,94.0,-0.39817913180236436,0.3219722862662784,0.0588737394701491,94.0,0.6205696630756692,0.10980050661147683,4,"[{""bpm"":94.0,""relative_power"":0.06404555560003677,""peak_concentration"":0.036432999367961905,""prominence"":0.06124455681795013,""period_correlation"":0.6163584230856047,""split_period_correlation"":0.6332033830458623,""periodic_support"":0.6205696630756692,""harmonic2_relative_power"":0.9155330382124098,""harmonic3_relative_power"":0.0001693732938918017,""harmonic_support"":0.2433010969837782,""motion_profile"":0.10980050661147683,""motion_strength"":0.9920910364873767,""motion_reliability"":1.0,""motion_overlap"":0.10980050661147683,""motion_available"":true,""evidence_score"":-0.17317913180236436,""supported_bpm"":[91.0,92.0,93.0,94.0,95.0,96.0,97.0],""supported_relative_power"":[0.06183476847755413,0.06328260511070571,0.06403517935391179,0.06404555560003677,0.06320163223211739,0.061475660208532214,0.0588737394701491]},{""bpm"":44.0,""relative_power"":0.08301043050403414,""peak_concentration"":0.03113807761352796,""prominence"":0.08228566156925025,""period_correlation"":0.28053906960016367,""split_period_correlation"":0.14558635442518317,""periodic_support"":0.24680089080641854,""harmonic2_relative_power"":0.05360750660629424,""harmonic3_relative_power"":0.14172598586743412,""harmonic_support"":0.10467106417545159,""motion_profile"":0.00018184680471499898,""motion_strength"":0.9920910364873767,""motion_reliability"":1.0,""motion_overlap"":0.00018184680471499898,""motion_available"":true,""evidence_score"":-0.49515141806864277,""supported_bpm"":[42.0,43.0,44.0,45.0,46.0,47.0],""supported_relative_power"":[0.07757202530008973,0.08141686743157539,0.08301043050403414,0.08212404131201813,0.07889933318491085,0.07352346740223097]},{""bpm"":185.0,""relative_power"":1.0,""peak_concentration"":0.5291998813620786,""prominence"":1.0,""period_correlation"":0.5198085827929557,""split_period_correlation"":0.4705043635872324,""periodic_support"":0.5074825279915249,""harmonic2_relative_power"":1.1936385584916554e-06,""harmonic3_relative_power"":5.58248812977735e-10,""harmonic_support"":0.0011008072204944164,""motion_profile"":0.9920910364873767,""motion_strength"":0.9920910364873767,""motion_reliability"":1.0,""motion_overlap"":0.9920910364873767,""motion_available"":true,""evidence_score"":-0.6807822075980491,""supported_bpm"":[182.0,183.0,184.0,185.0,186.0,187.0,188.0],""supported_relative_power"":[0.8743491695188572,0.9374460299269671,0.9802330366356375,1.0,0.9954255775785352,0.9667036928285935,0.9155330382124098]},{""bpm"":133.0,""relative_power"":0.142444456951719,""peak_concentration"":0.08295472762723168,""prominence"":0.1392166140873375,""period_correlation"":-0.5440436081282584,""split_period_correlation"":-0.5631007076426586,""periodic_support"":0.0,""harmonic2_relative_power"":1.6067582732604186e-05,""harmonic3_relative_power"":1.1054120329781138e-09,""harmonic_support"":0.00151724949783264,""motion_profile"":0.004368457353473359,""motion_strength"":0.9920910364873767,""motion_reliability"":1.0,""motion_overlap"":0.004368457353473359,""motion_available"":true,""evidence_score"":-0.6860244180556169,""supported_bpm"":[130.0,131.0,132.0,133.0,134.0,135.0,136.0],""supported_relative_power"":[0.1363499045331416,0.13966662143765987,0.14172598586743412,0.142444456951719,0.1417145045082319,0.13949206855458676,0.13580683753021286]}]",True,reacquired,True,185.0,32,31.999968,37.999962,short6_relaxed,6.0,saved_short_window_v25_logic_fallback_offline,True,True,original_hr_gates_with_relaxed_fusion
35.999964,1.0,0.0,186.0,0.4672413723890392,True,candidate_only,99.0,185.0,47.0,-0.7044742653505077,0.5372552750053452,0.08881097364918686,102.0,0.2867404221141995,0.03524248094346235,5,"[{""bpm"":47.0,""relative_power"":0.1057232009760222,""peak_concentration"":0.046301348070609226,""prominence"":0.10129492095515391,""period_correlation"":0.6931309859866739,""split_period_correlation"":0.6418997415934614,""periodic_support"":0.6803231748883708,""harmonic2_relative_power"":0.02564681156479103,""harmonic3_relative_power"":0.15417554387203444,""harmonic_support"":0.09675662577689495,""motion_profile"":0.0007242314847324429,""motion_strength"":0.9922022621930684,""motion_reliability"":1.0,""motion_overlap"":0.0007242314847324429,""motion_available"":true,""evidence_score"":0.05778100965483743,""supported_bpm"":[44.0,45.0,46.0,47.0,48.0,49.0,50.0],""supported_relative_power"":[0.09284485715833823,0.09916259770004907,0.10355134465893848,0.1057232009760222,0.10551757586594342,0.10292215346884781,0.09808243259015224]},{""bpm"":102.0,""relative_power"":0.10376307978461938,""peak_concentration"":0.0475531983908676,""prominence"":0.06539251440024611,""period_correlation"":0.2807724478623066,""split_period_correlation"":0.3046443448698781,""periodic_support"":0.2867404221141995,""harmonic2_relative_power"":0.016809910101034917,""harmonic3_relative_power"":1.1119157927503961e-05,""harmonic_support"":0.04214014166470995,""motion_profile"":0.03524248094346235,""motion_strength"":0.9922022621930684,""motion_reliability"":1.0,""motion_overlap"":0.03524248094346235,""motion_available"":true,""evidence_score"":-0.47947426535050774,""supported_bpm"":[99.0,100.0,101.0,102.0,103.0,104.0,105.0],""supported_relative_power"":[0.08881097364918686,0.0967488748922024,0.10176761908186129,0.10376307978461938,0.10302662713527017,0.10029322820690185,0.0962088431568086]},{""bpm"":139.0,""relative_power"":0.16014367948632272,""peak_concentration"":0.07596794858401283,""prominence"":0.16007965405747449,""period_correlation"":-0.3529420032699465,""split_period_correlation"":-0.4095547805787995,""periodic_support"":0.0,""harmonic2_relative_power"":0.0002549269664313133,""harmonic3_relative_power"":1.207362466444962e-08,""harmonic_support"":0.0064048300252400985,""motion_profile"":0.005126544729656865,""motion_strength"":0.9922022621930684,""motion_reliability"":1.0,""motion_overlap"":0.005126544729656865,""motion_available"":true,""evidence_score"":-0.641092705357673,""supported_bpm"":[136.0,137.0,138.0,139.0,140.0,141.0,142.0],""supported_relative_power"":[0.14638552197941213,0.1538166485854484,0.1585931318184852,0.16014367948632272,0.15864194165157142,0.15417554387203444,0.1470020052239783]},{""bpm"":186.0,""relative_power"":1.0,""peak_concentration"":0.4672413723890392,""prominence"":1.0,""period_correlation"":0.3838584429140621,""split_period_correlation"":0.31417686176663406,""periodic_support"":0.3664380476272051,""harmonic2_relative_power"":6.985557094486593e-07,""harmonic3_relative_power"":2.369888100756928e-09,""harmonic_support"":0.0008528349759356425,""motion_profile"":0.9752478052857529,""motion_strength"":0.9922022621930684,""motion_reliability"":1.0,""motion_overlap"":0.9752478052857529,""motion_available"":true,""evidence_score"":-0.8151250692413299,""supported_bpm"":[183.0,184.0,185.0,186.0,187.0,188.0,189.0],""supported_relative_power"":[0.8974427742695344,0.9507090056254898,0.9855008316832274,1.0,0.9934474980203389,0.9662003843237141,0.9191850482475546]},{""bpm"":81.0,""relative_power"":0.057614173103080514,""peak_concentration"":0.024500649560249773,""prominence"":0.02636061412809297,""period_correlation"":-0.1462473294795011,""split_period_correlation"":-0.11427969601257382,""periodic_support"":0.0,""harmonic2_relative_power"":0.005405211241035413,""harmonic3_relative_power"":0.0002806322958153395,""harmonic_support"":0.019054352848693893,""motion_profile"":0.007259758637642376,""motion_strength"":0.9922022621930684,""motion_reliability"":1.0,""motion_overlap"":0.007259758637642376,""motion_available"":true,""evidence_score"":-0.9889156837041807,""supported_bpm"":[79.0,80.0,81.0,82.0,83.0],""supported_relative_power"":[0.053147446597760335,0.05629660920678504,0.057614173103080514,0.05672886846104147,0.05342291612112494]}]",False,tracked,True,186.0,33,32.999967,38.999961,short6_relaxed,6.0,saved_short_window_v25_logic_fallback_offline,True,True,original_hr_gates_with_relaxed_fusion
36.999963,1.0,0.0,186.0,0.29498372853196086,True,candidate_only,99.0,185.0,102.0,0.10491457413508473,0.7479902400525331,0.389809512825897,102.0,0.39795897668336444,0.040912354009864524,4,"[{""bpm"":102.0,""relative_power"":0.4225135908093675,""peak_concentration"":0.11614181572710397,""prominence"":0.4222055962475723,""period_correlation"":0.37542322834868536,""split_period_correlation"":0.4655662216874018,""periodic_support"":0.39795897668336444,""harmonic2_relative_power"":0.14086952904969674,""harmonic3_relative_power"":1.4663147703398532e-05,""harmonic_support"":0.2448369250828629,""motion_profile"":0.040912354009864524,""motion_strength"":0.9919229155697732,""motion_reliability"":1.0,""motion_overlap"":0.040912354009864524,""motion_available"":true,""evidence_score"":0.32991457413508474,""supported_bpm"":[99.0,100.0,101.0,102.0,103.0,104.0,105.0],""supported_relative_power"":[0.389809512825897,0.4098049962906125,0.4212593992604768,0.4225135908093675,0.4127981105189491,0.39315099841561024,0.3646474832411607]},{""bpm"":79.0,""relative_power"":0.2833190043208951,""peak_concentration"":0.08499481625963735,""prominence"":0.10903787346372223,""period_correlation"":-0.31390663621747195,""split_period_correlation"":-0.20904017172187372,""periodic_support"":0.0,""harmonic2_relative_power"":0.0014911316549123426,""harmonic3_relative_power"":0.000521752768112457,""harmonic_support"":0.024809355475186867,""motion_profile"":0.0011771152337593871,""motion_strength"":0.9919229155697732,""motion_reliability"":1.0,""motion_overlap"":0.0011771152337593871,""motion_available"":true,""evidence_score"":-0.41807566591744844,""supported_bpm"":[76.0,77.0,78.0,79.0,80.0,81.0,82.0],""supported_relative_power"":[0.27068977484265017,0.2773919299413526,0.2817685256561338,0.2833190043208951,0.2815939091581621,0.2761198255923611,0.26726344594304136]},{""bpm"":141.0,""relative_power"":0.17367265158243234,""peak_concentration"":0.048521697655403116,""prominence"":0.17334023643704347,""period_correlation"":-0.3069586766426008,""split_period_correlation"":-0.3045878086695894,""periodic_support"":0.0,""harmonic2_relative_power"":0.00020918180746783496,""harmonic3_relative_power"":3.299915146729855e-08,""harmonic_support"":0.006053863810268795,""motion_profile"":0.004678191741542517,""motion_strength"":0.9919229155697732,""motion_reliability"":1.0,""motion_overlap"":0.004678191741542517,""motion_available"":true,""evidence_score"":-0.6124979484079688,""supported_bpm"":[138.0,139.0,140.0,141.0,142.0,143.0,144.0],""supported_relative_power"":[0.16186516152729227,0.1696942523305622,0.17360742402459292,0.17367265158243234,0.17012816121703792,0.16333808358905771,0.1537513186875856]},{""bpm"":186.0,""relative_power"":1.0,""peak_concentration"":0.29498372853196086,""prominence"":1.0,""period_correlation"":0.1190836806331979,""split_period_correlation"":0.003164005288385008,""periodic_support"":0.09010376179699467,""harmonic2_relative_power"":1.350204440867826e-06,""harmonic3_relative_power"":4.1585619978414494e-09,""harmonic_support"":0.0011845533975580501,""motion_profile"":0.9089901858098706,""motion_strength"":0.9919229155697732,""motion_reliability"":1.0,""motion_overlap"":0.9089901858098706,""motion_available"":true,""evidence_score"":-1.035939040888086,""supported_bpm"":[183.0,184.0,185.0,186.0,187.0,188.0,189.0],""supported_relative_power"":[0.922186795003468,0.9611945749898807,0.9872928105107428,1.0,0.999351623619569,0.985853805092927,0.9600799653218852]}]",False,tracked,True,186.0,34,33.999966,39.99996,short6_relaxed,6.0,saved_short_window_v25_logic_fallback_offline,True,True,original_hr_gates_with_relaxed_fusion
37.999962,1.0,0.0,97.0,0.32475213498212274,True,candidate_only,98.0,184.0,97.0,0.9417571009019627,0.82473950548937,0.9973652415653732,97.0,0.5658656646189377,0.08897052092124218,5,"[{""bpm"":97.0,""relative_power"":1.0,""peak_concentration"":0.32475213498212274,""prominence"":1.0,""period_correlation"":0.5619688789016627,""split_period_correlation"":0.5775560217707632,""periodic_support"":0.5658656646189377,""harmonic2_relative_power"":0.20681330585401858,""harmonic3_relative_power"":4.60055191284301e-06,""harmonic_support"":0.45551802097268385,""motion_profile"":0.08897052092124218,""motion_strength"":0.9916363273241701,""motion_reliability"":1.0,""motion_overlap"":0.08897052092124218,""motion_available"":true,""evidence_score"":0.9667571009019628,""supported_bpm"":[94.0,95.0,96.0,97.0,98.0,99.0,100.0],""supported_relative_power"":[0.9182187550647063,0.9585022859922938,0.9864222811419922,1.0,0.9973652415653732,0.9773493754601297,0.9396786037287127]},{""bpm"":46.0,""relative_power"":0.11306932401145196,""peak_concentration"":0.02969621551004515,""prominence"":0.05146771811815626,""period_correlation"":0.5160988144707533,""split_period_correlation"":0.5446353076685735,""periodic_support"":0.5232329377702083,""harmonic2_relative_power"":0.8116816679179663,""harmonic3_relative_power"":0.05979143813211934,""harmonic_support"":0.33172398652479884,""motion_profile"":0.0018789328938556722,""motion_strength"":0.9916363273241701,""motion_reliability"":1.0,""motion_overlap"":0.0018789328938556722,""motion_available"":true,""evidence_score"":0.1420175954125928,""supported_bpm"":[43.0,44.0,45.0,46.0,47.0,48.0,49.0],""supported_relative_power"":[0.10117767142110956,0.10872960395408805,0.11272036545989907,0.11306932401145196,0.10988438009044034,0.10363790539736048,0.09513703139445194]},{""bpm"":67.0,""relative_power"":0.26780693730643107,""peak_concentration"":0.0851310601225773,""prominence"":0.10260679134984199,""period_correlation"":-0.2582350091742473,""split_period_correlation"":-0.27938662113041834,""periodic_support"":0.0,""harmonic2_relative_power"":0.07021169509824096,""harmonic3_relative_power"":0.20378860336903334,""harmonic_support"":0.21888995933354718,""motion_profile"":0.003335291487867806,""motion_strength"":0.9916363273241701,""motion_reliability"":1.0,""motion_overlap"":0.003335291487867806,""motion_available"":true,""evidence_score"":-0.24640028446619824,""supported_bpm"":[64.0,65.0,66.0,67.0,68.0,69.0,70.0],""supported_relative_power"":[0.23793538422229712,0.2532151407566076,0.26327065924897014,0.26780693730643107,0.2669614201551581,0.2610606520004676,0.2507791197162264]},{""bpm"":134.0,""relative_power"":0.07021169509824096,""peak_concentration"":0.02300922745908601,""prominence"":0.05880895353033965,""period_correlation"":-0.33465964291234307,""split_period_correlation"":-0.303544658270457,""periodic_support"":0.0,""harmonic2_relative_power"":0.0001476488809536006,""harmonic3_relative_power"":9.373228509421923e-08,""harmonic_support"":0.003248126028749678,""motion_profile"":0.008875268213044496,""motion_strength"":0.9916363273241701,""motion_reliability"":1.0,""motion_overlap"":0.008875268213044496,""motion_available"":true,""evidence_score"":-0.9375300939823217,""supported_bpm"":[131.0,132.0,133.0,134.0,135.0,136.0,137.0],""supported_relative_power"":[0.06685469623735105,0.06885374244672221,0.07003456262140638,0.07021169509824096,0.0692583795206834,0.0671363894943699,0.06391829902924251]},{""bpm"":183.0,""relative_power"":0.3650404512063044,""peak_concentration"":0.11541723095327261,""prominence"":0.35510084695560507,""period_correlation"":-0.1548348617447836,""split_period_correlation"":-0.18584185634473782,""periodic_support"":0.0,""harmonic2_relative_power"":1.0543728703364301e-06,""harmonic3_relative_power"":7.940617412306667e-10,""harmonic_support"":0.0006263529208956352,""motion_profile"":0.6385274877995664,""motion_strength"":0.9916363273241701,""motion_reliability"":1.0,""motion_overlap"":0.6385274877995664,""motion_available"":true,""evidence_score"":-1.1502444940397065,""supported_bpm"":[180.0,181.0,182.0,183.0,184.0,185.0,186.0],""supported_relative_power"":[0.3339157935777011,0.3524040647546318,0.36295180330427185,0.3650404512063044,0.35928713654917005,0.3466030645914312,0.3284713934932816]}]",False,tracked,True,97.0,35,34.999964999999996,40.999959,short6_relaxed,6.0,saved_short_window_v25_logic_fallback_offline,True,True,original_hr_gates_with_relaxed_fusion
38.999961,1.0,0.0,97.0,0.5650278969788052,True,candidate_only,97.0,184.0,97.0,0.49171593039828976,1.0006864593245743,1.0,97.0,0.5244849473306271,0.10939266854048738,4,"[{""bpm"":97.0,""relative_power"":1.0,""peak_concentration"":0.5650278969788052,""prominence"":1.0,""period_correlation"":0.5293325447347914,""split_period_correlation"":0.5099421551181341,""periodic_support"":0.5244849473306271,""harmonic2_relative_power"":0.002523382942269986,""harmonic3_relative_power"":1.3585307138900162e-05,""harmonic_support"":0.05152332401020914,""motion_profile"":0.10939266854048738,""motion_strength"":0.9915599892787446,""motion_reliability"":1.0,""motion_overlap"":0.10939266854048738,""motion_available"":true,""evidence_score"":0.49171593039828976,""supported_bpm"":[94.0,95.0,96.0,97.0,98.0,99.0,100.0],""supported_relative_power"":[0.8632545789587204,0.932338513742923,0.9784580552725188,1.0,0.996211683522158,0.9679197660196254,0.91741380786422]},{""bpm"":44.0,""relative_power"":0.09740685289061571,""peak_concentration"":0.03853184407343534,""prominence"":0.06897375162214396,""period_correlation"":0.11872445248182696,""split_period_correlation"":0.12574255332390666,""periodic_support"":0.12047897769234689,""harmonic2_relative_power"":0.25914890630058723,""harmonic3_relative_power"":0.03228585761297789,""harmonic_support"":0.17850775842958522,""motion_profile"":0.003923690729098028,""motion_strength"":0.9915599892787446,""motion_reliability"":1.0,""motion_overlap"":0.003923690729098028,""motion_available"":true,""evidence_score"":-0.5089705289262847,""supported_bpm"":[42.0,43.0,44.0,45.0,46.0,47.0],""supported_relative_power"":[0.08753986918756307,0.09402011144064865,0.09740685289061571,0.09711206831442622,0.09318522755039693,0.08587919969295509]},{""bpm"":62.0,""relative_power"":0.1066320371631254,""peak_concentration"":0.052075927759614955,""prominence"":0.09753652861731862,""period_correlation"":-0.32005983176352404,""split_period_correlation"":-0.2113006450081325,""periodic_support"":0.0,""harmonic2_relative_power"":0.023621783234415553,""harmonic3_relative_power"":0.03810385915766971,""harmonic_support"":0.07249787117365558,""motion_profile"":0.010861705502695888,""motion_strength"":0.9915599892787446,""motion_reliability"":1.0,""motion_overlap"":0.010861705502695888,""motion_available"":true,""evidence_score"":-0.7245092073617334,""supported_bpm"":[59.0,60.0,61.0,62.0,63.0,64.0,65.0],""supported_relative_power"":[0.0834772841679104,0.09532229872404041,0.10341250595348328,0.1066320371631254,0.10447813071329301,0.09713447378181311,0.0854500032619194]},{""bpm"":181.0,""relative_power"":0.06194381110610772,""peak_concentration"":0.03276040130406498,""prominence"":0.061643278411690615,""period_correlation"":-0.516758209048226,""split_period_correlation"":-0.3765239963827733,""periodic_support"":0.0,""harmonic2_relative_power"":8.210540252095148e-07,""harmonic3_relative_power"":9.067392484397154e-11,""harmonic_support"":0.00022634936254116791,""motion_profile"":0.3930023293504274,""motion_strength"":0.9915599892787446,""motion_reliability"":1.0,""motion_overlap"":0.3930023293504274,""motion_available"":true,""evidence_score"":-1.4645612143918225,""supported_bpm"":[178.0,179.0,180.0,181.0,182.0,183.0,184.0],""supported_relative_power"":[0.052890149152162086,0.05775479444117878,0.06084586217197539,0.06194381110610772,0.060826894461164696,0.05756849782199404,0.05246433309380232]}]",False,tracked,True,97.0,36,35.999964,41.999958,short6_relaxed,6.0,saved_short_window_v25_logic_fallback_offline,True,True,original_hr_gates_with_relaxed_fusion
39.99996,1.0,0.0,97.0,0.5113192935678597,True,candidate_only,96.0,185.0,97.0,0.6051580874484604,1.1591877649370526,0.9928787326471769,97.0,0.5850286555858322,0.12874496544006644,2,"[{""bpm"":97.0,""relative_power"":1.0,""peak_concentration"":0.5113192935678597,""prominence"":1.0,""period_correlation"":0.5730713906230039,""split_period_correlation"":0.6209004504743165,""periodic_support"":0.5850286555858322,""harmonic2_relative_power"":0.021266737220699283,""harmonic3_relative_power"":2.4335301946107928e-05,""harmonic_support"":0.14755777310412804,""motion_profile"":0.12874496544006644,""motion_strength"":0.9910782827428949,""motion_reliability"":1.0,""motion_overlap"":0.12874496544006644,""motion_available"":true,""evidence_score"":0.6301580874484605,""supported_bpm"":[94.0,95.0,96.0,97.0,98.0,99.0,100.0],""supported_relative_power"":[0.90854813527383,0.9620096849075573,0.9928787326471769,1.0,0.9830296201517672,0.9431417725897667,0.8828902924077074]},{""bpm"":56.0,""relative_power"":0.17704316623175867,""peak_concentration"":0.10042943738699568,""prominence"":0.11866387234278598,""period_correlation"":-0.16410775806950093,""split_period_correlation"":-0.14016788898978713,""periodic_support"":0.0,""harmonic2_relative_power"":0.028554242591272313,""harmonic3_relative_power"":0.016080573620367036,""harmonic_support"":0.08977577341727878,""motion_profile"":0.01026308496944823,""motion_strength"":0.9910782827428949,""motion_reliability"":1.0,""motion_overlap"":0.01026308496944823,""motion_available"":true,""evidence_score"":-0.5290296774885921,""supported_bpm"":[53.0,54.0,55.0,56.0,57.0,58.0,59.0],""supported_relative_power"":[0.171329791229318,0.1742968030812978,0.17627015206650806,0.17704316623175867,0.1763838613521594,0.17406970522564777,0.16973073574005576]}]",False,tracked,True,97.0,37,36.999963,42.999956999999995,short6_relaxed,6.0,saved_short_window_v25_logic_fallback_offline,True,True,original_hr_gates_with_relaxed_fusion
40.999959,1.0,0.0,94.0,0.4537076634082078,True,candidate_only,94.0,185.0,94.0,0.5624999042889185,0.6258680723562667,1.0,94.0,0.6024132977266683,0.15737858221969606,2,"[{""bpm"":94.0,""relative_power"":1.0,""peak_concentration"":0.4537076634082078,""prominence"":1.0,""period_correlation"":0.5983451291538671,""split_period_correlation"":0.6146178034450722,""periodic_support"":0.6024132977266683,""harmonic2_relative_power"":0.008925432488386013,""harmonic3_relative_power"":3.5794493514227975e-05,""harmonic_support"":0.09656850456420335,""motion_profile"":0.15737858221969606,""motion_strength"":0.9905492202085289,""motion_reliability"":1.0,""motion_overlap"":0.15737858221969606,""motion_available"":true,""evidence_score"":0.5624999042889185,""supported_bpm"":[91.0,92.0,93.0,94.0,95.0,96.0,97.0],""supported_relative_power"":[0.9192579024683294,0.961767929166521,0.9892441252268512,1.0,0.991961993109131,0.9658896812835732,0.9236531784122295]},{""bpm"":53.0,""relative_power"":0.2194146614456926,""peak_concentration"":0.10252291298352385,""prominence"":0.1284842498042839,""period_correlation"":0.18249625298311753,""split_period_correlation"":0.21222631650375318,""periodic_support"":0.18992876886327642,""harmonic2_relative_power"":0.2629802209547949,""harmonic3_relative_power"":0.03405306778912061,""harmonic_support"":0.2704655494307926,""motion_profile"":0.009502556305489289,""motion_strength"":0.9905492202085289,""motion_reliability"":1.0,""motion_overlap"":0.009502556305489289,""motion_available"":true,""evidence_score"":-0.06336816806734827,""supported_bpm"":[50.0,51.0,52.0,53.0,54.0,55.0,56.0],""supported_relative_power"":[0.2064918609016892,0.2138853301764101,0.21813163472434072,0.2194146614456926,0.21779760215479244,0.21345552301218107,0.20666416345868566]}]",False,tracked,True,94.0,38,37.999962,43.999956,short6_relaxed,6.0,saved_short_window_v25_logic_fallback_offline,True,True,original_hr_gates_with_relaxed_fusion
41.999958,1.0,0.0,91.0,0.47254453679522856,True,candidate_only,93.0,183.0,91.0,0.5729198828028388,0.47127520060386674,0.9610778800743505,91.0,0.6028540836497227,0.12274941607975523,3,"[{""bpm"":91.0,""relative_power"":1.0,""peak_concentration"":0.47254453679522856,""prominence"":1.0,""period_correlation"":0.6021301747366298,""split_period_correlation"":0.6050258103890016,""periodic_support"":0.6028540836497227,""harmonic2_relative_power"":0.025211146323285746,""harmonic3_relative_power"":0.00016070839259522276,""harmonic_support"":0.16321716088783775,""motion_profile"":0.12274941607975523,""motion_strength"":0.9900152859511021,""motion_reliability"":1.0,""motion_overlap"":0.12274941607975523,""motion_available"":true,""evidence_score"":0.6729198828028388,""supported_bpm"":[88.0,89.0,90.0,91.0,92.0,93.0,94.0],""supported_relative_power"":[0.9381929190369105,0.9745076031159228,0.9953782697702631,1.0,0.9883266852443874,0.9610778800743505,0.9196874356811886]},{""bpm"":49.0,""relative_power"":0.15807305093335605,""peak_concentration"":0.07769769435086106,""prominence"":0.1387141182473297,""period_correlation"":0.5072778494671665,""split_period_correlation"":0.37581810644491237,""periodic_support"":0.47441291371160293,""harmonic2_relative_power"":0.6585820257742159,""harmonic3_relative_power"":0.010581148841206714,""harmonic_support"":0.3369657012505414,""motion_profile"":0.009224737872338332,""motion_strength"":0.9900152859511021,""motion_reliability"":1.0,""motion_overlap"":0.009224737872338332,""motion_available"":true,""evidence_score"":0.20164468219897203,""supported_bpm"":[46.0,47.0,48.0,49.0,50.0,51.0,52.0],""supported_relative_power"":[0.1481850807760781,0.153409051168405,0.15666875011637033,0.15807305093335605,0.1578245065272256,0.15616507915274247,0.15334341795277429]},{""bpm"":169.0,""relative_power"":0.058620677220500884,""peak_concentration"":0.02634555746334486,""prominence"":0.05180656373270115,""period_correlation"":-0.5578139494796623,""split_period_correlation"":-0.4595460773016178,""periodic_support"":0.0,""harmonic2_relative_power"":5.356603805770362e-06,""harmonic3_relative_power"":1.9260443110485073e-09,""harmonic_support"":0.0005640829413060686,""motion_profile"":0.02037543254804438,""motion_strength"":0.9900152859511021,""motion_reliability"":1.0,""motion_overlap"":0.02037543254804438,""motion_available"":true,""evidence_score"":-1.0177389346095669,""supported_bpm"":[166.0,167.0,168.0,169.0,170.0,171.0,172.0],""supported_relative_power"":[0.050222380805007356,0.054491147433263304,0.057298446541521934,0.058620677220500884,0.05846371186672852,0.056968655548958254,0.0543894328238623]}]",False,tracked,True,91.0,39,38.999961,44.999955,short6_relaxed,6.0,saved_short_window_v25_logic_fallback_offline,True,True,original_hr_gates_with_relaxed_fusion
42.999956999999995,1.0,0.0,90.0,0.39542729445472247,True,candidate_only,93.0,183.0,90.0,0.9377705321443491,1.1325731488960797,0.9168249667171647,90.0,0.6222962504969851,0.08338917358653618,5,"[{""bpm"":90.0,""relative_power"":1.0,""peak_concentration"":0.39542729445472247,""prominence"":1.0,""period_correlation"":0.6160054993670677,""split_period_correlation"":0.641168503886737,""periodic_support"":0.6222962504969851,""harmonic2_relative_power"":0.3323808520463803,""harmonic3_relative_power"":0.0002896140241296241,""harmonic_support"":0.5824811235808355,""motion_profile"":0.08338917358653618,""motion_strength"":0.9904258592750445,""motion_reliability"":1.0,""motion_overlap"":0.08338917358653618,""motion_available"":true,""evidence_score"":1.1627705321443491,""supported_bpm"":[87.0,88.0,89.0,90.0,91.0,92.0,93.0],""supported_relative_power"":[0.9465513623514878,0.9784396950057219,0.9965764466535045,1.0,0.9879601594567023,0.9601515729345768,0.9168249667171647]},{""bpm"":43.0,""relative_power"":0.1544474927462124,""peak_concentration"":0.035393269714379665,""prominence"":0.12238625072771195,""period_correlation"":0.29773934112400324,""split_period_correlation"":0.14333909523778438,""periodic_support"":0.25913927965244854,""harmonic2_relative_power"":0.9013634861811307,""harmonic3_relative_power"":0.055654843742080976,""harmonic_support"":0.4055626721425701,""motion_profile"":0.005322491118438402,""motion_strength"":0.9904258592750445,""motion_reliability"":1.0,""motion_overlap"":0.005322491118438402,""motion_available"":true,""evidence_score"":0.030197383248269382,""supported_bpm"":[42.0,43.0,44.0,45.0,46.0],""supported_relative_power"":[0.15379853702694493,0.1544474927462124,0.15084462572431623,0.14316221993441355,0.13215826212116963]},{""bpm"":62.0,""relative_power"":0.057680163419225716,""peak_concentration"":0.020683996683010922,""prominence"":0.02431060923526749,""period_correlation"":-0.19747070077048187,""split_period_correlation"":0.03969194727720149,""periodic_support"":0.0,""harmonic2_relative_power"":0.03375962901586197,""harmonic3_relative_power"":0.23314048623200567,""harmonic_support"":0.08471507689993887,""motion_profile"":0.0012782669458230942,""motion_strength"":0.9904258592750445,""motion_reliability"":1.0,""motion_overlap"":0.0012782669458230942,""motion_available"":true,""evidence_score"":-0.9153774402641345,""supported_bpm"":[60.0,61.0,62.0,63.0,64.0,65.0],""supported_relative_power"":[0.05216069603920649,0.05578443804169374,0.057680163419225716,0.057502086419187005,0.055181602528951816,0.05095912773201953]},{""bpm"":129.0,""relative_power"":0.055654843742080976,""peak_concentration"":0.01856227599815835,""prominence"":0.03671975630754369,""period_correlation"":-0.3927799572490915,""split_period_correlation"":-0.47084595422888575,""periodic_support"":0.0,""harmonic2_relative_power"":0.000365671057328424,""harmonic3_relative_power"":3.5228686663631746e-07,""harmonic_support"":0.004560256867649656,""motion_profile"":0.003514254171197256,""motion_strength"":0.9904258592750445,""motion_reliability"":1.0,""motion_overlap"":0.003514254171197256,""motion_available"":true,""evidence_score"":-1.0108377188265758,""supported_bpm"":[127.0,128.0,129.0,130.0],""supported_relative_power"":[0.05229210259154874,0.05517666892840284,0.055654843742080976,0.05370387885764306]},{""bpm"":178.0,""relative_power"":0.3431588338931172,""peak_concentration"":0.13457468035949405,""prominence"":0.34309569521949534,""period_correlation"":-0.3220457023088378,""split_period_correlation"":-0.11339939945651917,""periodic_support"":0.0,""harmonic2_relative_power"":1.3333702869568305e-06,""harmonic3_relative_power"":3.01409634249945e-10,""harmonic_support"":0.0006799897259064843,""motion_profile"":0.6514321221044459,""motion_strength"":0.9904258592750445,""motion_reliability"":1.0,""motion_overlap"":0.6514321221044459,""motion_available"":true,""evidence_score"":-1.1879568161539356,""supported_bpm"":[175.0,176.0,177.0,178.0,179.0,180.0,181.0],""supported_relative_power"":[0.3141172271998169,0.3300805634087401,0.33979607390485456,0.3431588338931172,0.34046662788447934,0.3323808520463803,0.3198571987477292]}]",False,tracked,True,90.0,40,39.99996,45.999953999999995,short6_relaxed,6.0,saved_short_window_v25_logic_fallback_offline,True,True,original_hr_gates_with_relaxed_fusion
43.999956,1.0,0.0,183.0,0.38500361107899306,True,candidate_only,94.0,183.0,96.0,0.5027061231774488,0.9839064869223109,0.2846984048395936,96.0,0.6346236834925347,0.07495949806400487,5,"[{""bpm"":96.0,""relative_power"":0.3071605222476997,""peak_concentration"":0.10723546645360475,""prominence"":0.3069973674905912,""period_correlation"":0.6273882374242699,""split_period_correlation"":0.6563300216973291,""periodic_support"":0.6346236834925347,""harmonic2_relative_power"":0.5489942525801368,""harmonic3_relative_power"":1.7396713641967814e-05,""harmonic_support"":0.41145412191184283,""motion_profile"":0.07495949806400487,""motion_strength"":0.9902706591623472,""motion_reliability"":1.0,""motion_overlap"":0.07495949806400487,""motion_available"":true,""evidence_score"":0.6027061231774488,""supported_bpm"":[93.0,94.0,95.0,96.0,97.0,98.0,99.0],""supported_relative_power"":[0.26194659113477353,0.2846984048395936,0.3005173619720732,0.3071605222476997,0.3038089096714946,0.2904500016509294,0.2680779736865234]},{""bpm"":79.0,""relative_power"":0.29710537308389756,""peak_concentration"":0.10388133283081288,""prominence"":0.13476012166913612,""period_correlation"":-0.0265557175030338,""split_period_correlation"":-0.02623519567041216,""periodic_support"":0.0,""harmonic2_relative_power"":0.004201082223865469,""harmonic3_relative_power"":0.006197738990372106,""harmonic_support"":0.050348328689979314,""motion_profile"":0.005411798706930708,""motion_strength"":0.9902706591623472,""motion_reliability"":1.0,""motion_overlap"":0.005411798706930708,""motion_available"":true,""evidence_score"":-0.3812003637448621,""supported_bpm"":[76.0,77.0,78.0,79.0,80.0,81.0,82.0],""supported_relative_power"":[0.24883236537146336,0.2729967134529865,0.28954233884149627,0.29710537308389756,0.2950152616821346,0.2832525840359481,0.26438832067090834]},{""bpm"":43.0,""relative_power"":0.0930416811469667,""peak_concentration"":0.020863941994155383,""prominence"":0.08215053577018887,""period_correlation"":0.2272091266185125,""split_period_correlation"":0.2328608301951339,""periodic_support"":0.22862205251266784,""harmonic2_relative_power"":0.17448363715164658,""harmonic3_relative_power"":0.07623365807363479,""harmonic_support"":0.15689049071371722,""motion_profile"":0.007016877884066181,""motion_strength"":0.9902706591623472,""motion_reliability"":1.0,""motion_overlap"":0.007016877884066181,""motion_available"":true,""evidence_score"":-0.4315440445275607,""supported_bpm"":[42.0,43.0,44.0,45.0,46.0],""supported_relative_power"":[0.09066184825347937,0.0930416811469667,0.09234310083927758,0.0884948823310046,0.08193152173837559]},{""bpm"":121.0,""relative_power"":0.11918093491161721,""peak_concentration"":0.04586164378593926,""prominence"":0.08915899628281146,""period_correlation"":-0.4293399190131016,""split_period_correlation"":-0.41870959210830827,""periodic_support"":0.0,""harmonic2_relative_power"":0.003819407680559604,""harmonic3_relative_power"":1.0853605147664858e-06,""harmonic_support"":0.021461310611191657,""motion_profile"":0.0011964157887487026,""motion_strength"":0.9902706591623472,""motion_reliability"":1.0,""motion_overlap"":0.0011964157887487026,""motion_available"":true,""evidence_score"":-0.7245235768306078,""supported_bpm"":[118.0,119.0,120.0,121.0,122.0,123.0,124.0],""supported_relative_power"":[0.11144819561230801,0.11599320288074064,0.118545061175601,0.11918093491161721,0.11803759886337067,0.11529170392295651,0.11106424435268711]},{""bpm"":183.0,""relative_power"":1.0,""peak_concentration"":0.38500361107899306,""prominence"":1.0,""period_correlation"":-0.09379514500221682,""split_period_correlation"":-0.08136270869971665,""periodic_support"":0.0,""harmonic2_relative_power"":9.680302520484957e-07,""harmonic3_relative_power"":6.086799104120916e-11,""harmonic_support"":0.0009866159119200908,""motion_profile"":0.9789936343722722,""motion_strength"":0.9902706591623472,""motion_reliability"":1.0,""motion_overlap"":0.9789936343722722,""motion_available"":true,""evidence_score"":-1.2227554270534202,""supported_bpm"":[180.0,181.0,182.0,183.0,184.0,185.0,186.0],""supported_relative_power"":[0.9321211376873054,0.9707692456441736,0.9934907079791959,1.0,0.9913731915016045,0.9684949242174956,0.932693773121705]}]",False,tracked,True,183.0,41,40.999959,46.999953,short6_relaxed,6.0,saved_short_window_v25_logic_fallback_offline,True,True,original_hr_gates_with_relaxed_fusion
44.999955,1.0,0.0,185.0,0.4796868371897159,True,candidate_only,95.0,184.0,98.0,-0.22591352344108653,0.6921532889633055,0.13732115653269442,98.0,0.49067911405576947,0.07791602348129587,5,"[{""bpm"":98.0,""relative_power"":0.16104646328823857,""peak_concentration"":0.07144760845914713,""prominence"":0.14880269823453832,""period_correlation"":0.4864635741921528,""split_period_correlation"":0.5033257336466196,""periodic_support"":0.49067911405576947,""harmonic2_relative_power"":0.2374584024792119,""harmonic3_relative_power"":4.595779989237197e-06,""harmonic_support"":0.1958563077721445,""motion_profile"":0.07791602348129587,""motion_strength"":0.9900368194618995,""motion_reliability"":1.0,""motion_overlap"":0.07791602348129587,""motion_available"":true,""evidence_score"":-0.0009135234410865278,""supported_bpm"":[95.0,96.0,97.0,98.0,99.0,100.0,101.0],""supported_relative_power"":[0.13732115653269442,0.15059508519043052,0.15863911173411976,0.16104646328823857,0.15797689267496348,0.15007954560252817,0.13836676779360263]},{""bpm"":79.0,""relative_power"":0.12625382393524912,""peak_concentration"":0.05432317827815602,""prominence"":0.09819695362446336,""period_correlation"":-0.05272876304265227,""split_period_correlation"":0.021509129906390492,""periodic_support"":0.0,""harmonic2_relative_power"":0.012549847487796438,""harmonic3_relative_power"":0.001920321536334055,""harmonic_support"":0.0452551132739549,""motion_profile"":0.011208482189666427,""motion_strength"":0.9900368194618995,""motion_reliability"":1.0,""motion_overlap"":0.011208482189666427,""motion_available"":true,""evidence_score"":-0.693066812404392,""supported_bpm"":[76.0,77.0,78.0,79.0,80.0,81.0,82.0],""supported_relative_power"":[0.11220703731328006,0.1210226558661036,0.12593277297901426,0.12625382393524912,0.12160173910888672,0.11189173890396753,0.09840861617199084]},{""bpm"":50.0,""relative_power"":0.07743100374386619,""peak_concentration"":0.03745390610540684,""prominence"":0.07264258141898886,""period_correlation"":-0.10042143649185921,""split_period_correlation"":-0.08603093814779995,""periodic_support"":0.0,""harmonic2_relative_power"":0.15007954560252817,""harmonic3_relative_power"":0.01870431107424288,""harmonic_support"":0.12111961858513548,""motion_profile"":0.002132855025337267,""motion_strength"":0.9900368194618995,""motion_reliability"":1.0,""motion_overlap"":0.002132855025337267,""motion_available"":true,""evidence_score"":-0.7769752548952983,""supported_bpm"":[47.0,48.0,49.0,50.0,51.0,52.0,53.0],""supported_relative_power"":[0.07223705754418097,0.0755234319495748,0.07725346213480572,0.07743100374386619,0.07609906055230498,0.07330358210022818,0.06932373750185972]},{""bpm"":125.0,""relative_power"":0.06942286590086548,""peak_concentration"":0.03501249572540703,""prominence"":0.034927211172507334,""period_correlation"":-0.6111922607785283,""split_period_correlation"":-0.6175649921683704,""periodic_support"":0.0,""harmonic2_relative_power"":0.0003457503404607965,""harmonic3_relative_power"":1.2498154970711845e-06,""harmonic_support"":0.005002379679187483,""motion_profile"":0.002647604300162363,""motion_strength"":0.9900368194618995,""motion_reliability"":1.0,""motion_overlap"":0.002647604300162363,""motion_available"":true,""evidence_score"":-0.9319457707597487,""supported_bpm"":[122.0,123.0,124.0,125.0,126.0,127.0,128.0],""supported_relative_power"":[0.06637511788948258,0.06833424828153047,0.06936696748201203,0.06942286590086548,0.06852035225579448,0.06668220254899375,0.06397212601553168]},{""bpm"":185.0,""relative_power"":1.0,""peak_concentration"":0.4796868371897159,""prominence"":1.0,""period_correlation"":0.09192691125119738,""split_period_correlation"":0.008078336247049324,""periodic_support"":0.07096476750016037,""harmonic2_relative_power"":1.2571371743484962e-06,""harmonic3_relative_power"":2.5671050055678392e-11,""harmonic_support"":0.0011229946181917595,""motion_profile"":0.9900368194618995,""motion_strength"":0.9900368194618995,""motion_reliability"":1.0,""motion_overlap"":0.9900368194618995,""motion_available"":true,""evidence_score"":-1.1583617854590063,""supported_bpm"":[182.0,183.0,184.0,185.0,186.0,187.0,188.0],""supported_relative_power"":[0.9189931137572034,0.9658584552537149,0.9933996085176126,1.0,0.9852467245686974,0.9499600462358889,0.8961166223245199]}]",False,tracked,True,185.0,42,41.999958,47.999952,short6_relaxed,6.0,saved_short_window_v25_logic_fallback_offline,True,True,original_hr_gates_with_relaxed_fusion
45.999953999999995,1.0,0.0,185.0,0.44485259187226145,True,candidate_only,94.0,184.0,91.0,0.6087378297887527,1.472911120647596,0.30357031878566937,91.0,0.7337441299946262,0.10286974019505586,4,"[{""bpm"":91.0,""relative_power"":0.3320230242627631,""peak_concentration"":0.15940421902425325,""prominence"":0.3319053204860048,""period_correlation"":0.7316833563747436,""split_period_correlation"":0.7399264508542739,""periodic_support"":0.7337441299946262,""harmonic2_relative_power"":0.8777001271232817,""harmonic3_relative_power"":3.959888376142761e-05,""harmonic_support"":0.5410992988369091,""motion_profile"":0.10286974019505586,""motion_strength"":0.9902803691818814,""motion_reliability"":1.0,""motion_overlap"":0.10286974019505586,""motion_available"":true,""evidence_score"":0.8337378297887527,""supported_bpm"":[88.0,89.0,90.0,91.0,92.0,93.0,94.0],""supported_relative_power"":[0.3201962014018901,0.3279264617734347,0.3320033879663556,0.3320230242627631,0.327540474155696,0.3181477509536575,0.30357031878566937]},{""bpm"":52.0,""relative_power"":0.12712346150644693,""peak_concentration"":0.058483909834629026,""prominence"":0.12460500548779341,""period_correlation"":-0.4270805054060067,""split_period_correlation"":-0.4742919209277568,""periodic_support"":0.0,""harmonic2_relative_power"":0.024315791873020687,""harmonic3_relative_power"":0.055788236367954484,""harmonic_support"":0.08507262198545103,""motion_profile"":0.0018697027441395705,""motion_strength"":0.9902803691818814,""motion_reliability"":1.0,""motion_overlap"":0.0018697027441395705,""motion_available"":true,""evidence_score"":-0.6391732908588433,""supported_bpm"":[49.0,50.0,51.0,52.0,53.0,54.0,55.0],""supported_relative_power"":[0.11126762181068288,0.11910426956674926,0.12453297719971752,0.12712346150644693,0.12704587217388866,0.12442552976701897,0.11953653469130976]},{""bpm"":160.0,""relative_power"":0.06956468776371812,""peak_concentration"":0.029583642687611884,""prominence"":0.0684733581430916,""period_correlation"":-0.09922290222905275,""split_period_correlation"":0.03970817167786815,""periodic_support"":0.0,""harmonic2_relative_power"":1.1875950871040313e-05,""harmonic3_relative_power"":5.170184838284527e-10,""harmonic_support"":0.0009110252022477667,""motion_profile"":0.0002274817272852529,""motion_strength"":0.9902803691818814,""motion_reliability"":1.0,""motion_overlap"":0.0002274817272852529,""motion_available"":true,""evidence_score"":-0.9322976969949908,""supported_bpm"":[157.0,158.0,159.0,160.0,161.0,162.0,163.0],""supported_relative_power"":[0.06089711583095934,0.06515602005646312,0.06820601000940325,0.06956468776371812,0.06868159855915615,0.06533808088390297,0.059351742741983377]},{""bpm"":185.0,""relative_power"":1.0,""peak_concentration"":0.44485259187226145,""prominence"":1.0,""period_correlation"":0.05924929855237241,""split_period_correlation"":0.21197479852334777,""periodic_support"":0.09743067354511625,""harmonic2_relative_power"":2.6296716435735054e-06,""harmonic3_relative_power"":3.282345705894544e-11,""harmonic_support"":0.0016236314458216976,""motion_profile"":0.9756573972696451,""motion_strength"":0.9902803691818814,""motion_reliability"":1.0,""motion_overlap"":0.9756573972696451,""motion_available"":true,""evidence_score"":-1.1107743742416067,""supported_bpm"":[182.0,183.0,184.0,185.0,186.0,187.0,188.0],""supported_relative_power"":[0.8777001271232817,0.9420136871958575,0.9835578497562402,1.0,0.990602136021106,0.956267262708871,0.8994389937056436]}]",False,tracked,True,185.0,43,42.999956999999995,48.999950999999996,short6_relaxed,6.0,saved_short_window_v25_logic_fallback_offline,True,True,original_hr_gates_with_relaxed_fusion
46.999953,0.8333333333333334,0.0,,,False,gap_or_filter_edge,,,,,,,,,,0,[],False,unavailable,False,,44,43.999956,49.99995,short6_relaxed,6.0,saved_short_window_v25_logic_fallback_offline,False,False,rejected
47.999952,0.6666666666666666,0.0,,,False,gap_or_filter_edge,,,,,,,,,,0,[],False,unavailable,False,,45,44.999955,50.999949,short6_relaxed,6.0,saved_short_window_v25_logic_fallback_offline,False,False,rejected
48.999950999999996,0.5,0.0,,,False,gap_or_filter_edge,,,,,,,,,,0,[],False,unavailable,False,,46,45.999953999999995,51.999947999999996,short6_relaxed,6.0,saved_short_window_v25_logic_fallback_offline,False,False,rejected
49.99995,0.3333333333333333,0.0,,,False,gap_or_filter_edge,,,,,,,,,,0,[],False,unavailable,False,,47,46.999953,52.999947,short6_relaxed,6.0,saved_short_window_v25_logic_fallback_offline,False,False,rejected
50.999949,0.16666666666666666,0.0,,,False,gap_or_filter_edge,,,,,,,,,,0,[],False,unavailable,False,,48,47.999952,53.999945999999994,short6_relaxed,6.0,saved_short_window_v25_logic_fallback_offline,False,False,rejected
51.999947999999996,0.16666666666666666,0.0,,,False,gap_or_filter_edge,,,,,,,,,,0,[],False,unavailable,False,,49,48.999950999999996,54.999945,short6_relaxed,6.0,saved_short_window_v25_logic_fallback_offline,False,False,rejected
52.999947,0.3333333333333333,0.0,,,False,gap_or_filter_edge,,,,,,,,,,0,[],False,unavailable,False,,50,49.99995,55.999944,short6_relaxed,6.0,saved_short_window_v25_logic_fallback_offline,False,False,rejected
53.999945999999994,0.5,0.0,,,False,gap_or_filter_edge,,,,,,,,,,0,[],False,unavailable,False,,51,50.999949,56.999942999999995,short6_relaxed,6.0,saved_short_window_v25_logic_fallback_offline,False,False,rejected
54.999945,0.6666666666666666,0.0,,,False,gap_or_filter_edge,,,,,,,,,,0,[],False,unavailable,False,,52,51.999947999999996,57.999942,short6_relaxed,6.0,saved_short_window_v25_logic_fallback_offline,False,False,rejected
55.999944,0.8333333333333334,0.0,,,False,gap_or_filter_edge,,,,,,,,,,0,[],False,unavailable,False,,53,52.999947,58.999941,short6_relaxed,6.0,saved_short_window_v25_logic_fallback_offline,False,False,rejected
56.999942999999995,1.0,0.0,195.0,0.4788736627487587,True,candidate_only,194.0,193.0,95.0,-0.8471077458142077,0.36663007311680296,0.9851385556178611,195.0,0.37334493570595906,0.9876162928661504,6,"[{""bpm"":95.0,""relative_power"":0.10197063131300471,""peak_concentration"":0.04392707020136204,""prominence"":0.08304525943664824,""period_correlation"":0.545498596796003,""split_period_correlation"":0.5497685728660677,""periodic_support"":0.5465660908135191,""harmonic2_relative_power"":0.6668416095528141,""harmonic3_relative_power"":0.00023977809553510146,""harmonic_support"":0.26249541412310645,""motion_profile"":0.10546793239458159,""motion_strength"":0.9876162928661504,""motion_reliability"":1.0,""motion_overlap"":0.10546793239458159,""motion_available"":true,""evidence_score"":-0.06719145388661821,""supported_bpm"":[92.0,93.0,94.0,95.0,96.0,97.0,98.0],""supported_relative_power"":[0.07775593326655864,0.08956736078123646,0.09806992011874459,0.10197063131300471,0.10087960267836912,0.09508014435978507,0.08521695046220072]},{""bpm"":45.0,""relative_power"":0.19938217679063022,""peak_concentration"":0.07688317155072576,""prominence"":0.19899797136304403,""period_correlation"":-0.10796575880391741,""split_period_correlation"":-0.02918606007396901,""periodic_support"":0.0,""harmonic2_relative_power"":0.04928699956318882,""harmonic3_relative_power"":0.05290263073889692,""harmonic_support"":0.13507691027535562,""motion_profile"":0.0036098431213429333,""motion_strength"":0.9876162928661504,""motion_reliability"":1.0,""motion_overlap"":0.0036098431213429333,""motion_available"":true,""evidence_score"":-0.43382152700342114,""supported_bpm"":[42.0,43.0,44.0,45.0,46.0,47.0,48.0],""supported_relative_power"":[0.18258816435334096,0.19309028414290266,0.19893927965222163,0.19938217679063022,0.19440289722652418,0.18406302817408812,0.16879207509142277]},{""bpm"":172.0,""relative_power"":0.1255587158351804,""peak_concentration"":0.05842088929655302,""prominence"":0.11715823459751358,""period_correlation"":0.2861088466550504,""split_period_correlation"":0.2772495743961609,""periodic_support"":0.28389402859032803,""harmonic2_relative_power"":4.693526156922554e-06,""harmonic3_relative_power"":6.174254911529725e-10,""harmonic_support"":0.0007707489749707869,""motion_profile"":0.024727017433373116,""motion_strength"":0.9876162928661504,""motion_reliability"":1.0,""motion_overlap"":0.024727017433373116,""motion_available"":true,""evidence_score"":-0.44409821246340053,""supported_bpm"":[169.0,170.0,171.0,172.0,173.0,174.0,175.0],""supported_relative_power"":[0.10563405265522942,0.11486227109623602,0.12183855837904616,0.1255587158351804,0.1250920456340717,0.11972599768815322,0.10870064297182602]},{""bpm"":67.0,""relative_power"":0.06311295982106703,""peak_concentration"":0.028879747128171592,""prominence"":0.060228352733643555,""period_correlation"":0.26490158599610614,""split_period_correlation"":0.25353539242302503,""periodic_support"":0.26206003760283586,""harmonic2_relative_power"":0.06350017375685077,""harmonic3_relative_power"":0.5652605894518985,""harmonic_support"":0.12941391354002435,""motion_profile"":0.004396695039887705,""motion_strength"":0.9876162928661504,""motion_reliability"":1.0,""motion_overlap"":0.004396695039887705,""motion_available"":true,""evidence_score"":-0.5548061146770931,""supported_bpm"":[64.0,65.0,66.0,67.0,68.0,69.0,70.0],""supported_relative_power"":[0.050754322832664366,0.05756235822113989,0.06169301185419793,0.06311295982106703,0.06212641725748297,0.059176553809201976,0.05484702804046188]},{""bpm"":115.0,""relative_power"":0.11597038200530257,""peak_concentration"":0.059076131953677995,""prominence"":0.11400675188067207,""period_correlation"":-0.24394756550182992,""split_period_correlation"":-0.2556729713711273,""periodic_support"":0.0,""harmonic2_relative_power"":0.0003204489273072215,""harmonic3_relative_power"":3.7653133920307922e-06,""harmonic_support"":0.006327394415367238,""motion_profile"":0.005843922095834651,""motion_strength"":0.9876162928661504,""motion_reliability"":1.0,""motion_overlap"":0.005843922095834651,""motion_available"":true,""evidence_score"":-0.7550246650106888,""supported_bpm"":[112.0,113.0,114.0,115.0,116.0,117.0,118.0],""supported_relative_power"":[0.10077040083357121,0.10903604671067063,0.11406749765543886,0.11597038200530257,0.11519258710068815,0.11232428395452887,0.10844191799194329]},{""bpm"":195.0,""relative_power"":1.0,""peak_concentration"":0.4788736627487587,""prominence"":1.0,""period_correlation"":0.37644438056836854,""split_period_correlation"":0.36404660111873066,""periodic_support"":0.37334493570595906,""harmonic2_relative_power"":3.002847200070005e-06,""harmonic3_relative_power"":8.27909762770485e-13,""harmonic_support"":0.0017331909919253638,""motion_profile"":0.9876162928661504,""motion_strength"":0.9876162928661504,""motion_reliability"":1.0,""motion_overlap"":0.9876162928661504,""motion_available"":true,""evidence_score"":-0.8221077458142076,""supported_bpm"":[192.0,193.0,194.0,195.0,196.0,197.0,198.0],""supported_relative_power"":[0.8693202537391752,0.9406340440208492,0.9851385556178611,1.0,0.9844601689971268,0.9375156863965014,0.8663146894420151]}]",False,acquired,True,195.0,54,53.999945999999994,59.999939999999995,short6_relaxed,6.0,saved_short_window_v25_logic_fallback_offline,True,True,original_hr_gates_with_relaxed_fusion
57.999942,1.0,0.0,193.0,0.40876427796203413,True,candidate_only,193.0,193.0,98.0,-0.6215927077664569,0.1780175389113507,1.0,193.0,0.35820719781887667,0.8137569184211675,3,"[{""bpm"":98.0,""relative_power"":0.18305686035452443,""peak_concentration"":0.0795708898211103,""prominence"":0.18276770855460603,""period_correlation"":0.5778787053612556,""split_period_correlation"":0.558209584989569,""periodic_support"":0.5729614252683339,""harmonic2_relative_power"":0.9157493546951511,""harmonic3_relative_power"":2.014807832363497e-05,""harmonic_support"":0.4101037273377006,""motion_profile"":0.0868196225381772,""motion_strength"":0.9887693777932238,""motion_reliability"":0.8333333333333334,""motion_overlap"":0.0868196225381772,""motion_available"":true,""evidence_score"":0.33755130523145116,""supported_bpm"":[95.0,96.0,97.0,98.0,99.0,100.0,101.0],""supported_relative_power"":[0.16989203971976133,0.17650549977186605,0.18090008710578623,0.18305686035452443,0.18303325187930541,0.18093043201008263,0.17686297943317425]},{""bpm"":48.0,""relative_power"":0.1515213465454035,""peak_concentration"":0.06646177769283702,""prominence"":0.10697064474230222,""period_correlation"":0.594809262649714,""split_period_correlation"":0.5431746575192911,""periodic_support"":0.5819006113671082,""harmonic2_relative_power"":0.17650549977186605,""harmonic3_relative_power"":0.02536079106046833,""harmonic_support"":0.18523333567685057,""motion_profile"":0.004264139941254282,""motion_strength"":0.9887693777932238,""motion_reliability"":0.8333333333333334,""motion_overlap"":0.004264139941254282,""motion_available"":true,""evidence_score"":0.15953376632010047,""supported_bpm"":[45.0,46.0,47.0,48.0,49.0,50.0,51.0],""supported_relative_power"":[0.1451779758344528,0.1489446432927153,0.151078044892887,0.1515213465454035,0.1502722881682392,0.14739906845059256,0.14302958520454376]},{""bpm"":193.0,""relative_power"":1.0,""peak_concentration"":0.40876427796203413,""prominence"":1.0,""period_correlation"":0.35528014429431787,""split_period_correlation"":0.36698835839255317,""periodic_support"":0.35820719781887667,""harmonic2_relative_power"":2.475665851100062e-06,""harmonic3_relative_power"":3.592392055933081e-11,""harmonic_support"":0.0015755226592380023,""motion_profile"":0.8137569184211675,""motion_strength"":0.9887693777932238,""motion_reliability"":0.8333333333333334,""motion_overlap"":0.8137569184211675,""motion_available"":true,""evidence_score"":-0.6215927077664569,""supported_bpm"":[190.0,191.0,192.0,193.0,194.0,195.0,196.0],""supported_relative_power"":[0.8962099583797983,0.9492194043700828,0.984734252135989,1.0,0.9934787133741599,0.9650038922189078,0.9157493546951511]}]",False,tracked,True,193.0,55,54.999945,60.999939,short6_relaxed,6.0,saved_short_window_v25_logic_fallback_offline,True,True,original_hr_gates_with_relaxed_fusion
58.999941,1.0,0.0,192.0,0.3970990286476895,True,candidate_only,192.0,193.0,98.0,-0.38566909560231444,0.5343772358970565,1.0,192.0,0.3977615440250014,0.6596364965780313,3,"[{""bpm"":98.0,""relative_power"":0.3063541415911153,""peak_concentration"":0.1240989370892512,""prominence"":0.3034920105058072,""period_correlation"":0.6168271645564117,""split_period_correlation"":0.6320102571292951,""periodic_support"":0.6206229376996326,""harmonic2_relative_power"":0.857037577781894,""harmonic3_relative_power"":1.807663589855561e-05,""harmonic_support"":0.5132268152191991,""motion_profile"":0.06423247052344232,""motion_strength"":0.9894547448670469,""motion_reliability"":0.6666666666666666,""motion_overlap"":0.06423247052344232,""motion_available"":true,""evidence_score"":0.7015667262707858,""supported_bpm"":[95.0,96.0,97.0,98.0,99.0,100.0,101.0],""supported_relative_power"":[0.2767413008737233,0.29138218551529455,0.3014310824993757,0.3063541415911153,0.3058118445123656,0.29969350290500013,0.28813928305050174]},{""bpm"":64.0,""relative_power"":0.19152336893561844,""peak_concentration"":0.07888416511121088,""prominence"":0.18234751060286408,""period_correlation"":0.49777730937112097,""split_period_correlation"":0.5493989474528185,""periodic_support"":0.5106827188915454,""harmonic2_relative_power"":0.00630562763789556,""harmonic3_relative_power"":1.0,""harmonic_support"":0.18792345977470545,""motion_profile"":0.0032192430382005748,""motion_strength"":0.9894547448670469,""motion_reliability"":0.6666666666666666,""motion_overlap"":0.0032192430382005748,""motion_available"":true,""evidence_score"":0.16718949037372918,""supported_bpm"":[61.0,62.0,63.0,64.0,65.0,66.0,67.0],""supported_relative_power"":[0.18037384596130132,0.18667195792530747,0.19047454109743792,0.19152336893561844,0.1896524562149789,0.18458499194334882,0.17650993928050907]},{""bpm"":192.0,""relative_power"":1.0,""peak_concentration"":0.3970990286476895,""prominence"":1.0,""period_correlation"":0.40726415503272273,""split_period_correlation"":0.3692537110018374,""periodic_support"":0.3977615440250014,""harmonic2_relative_power"":1.7832495376842713e-06,""harmonic3_relative_power"":9.677083409291727e-11,""harmonic_support"":0.0013388266927230152,""motion_profile"":0.6596364965780313,""motion_strength"":0.9894547448670469,""motion_reliability"":0.6666666666666666,""motion_overlap"":0.6596364965780313,""motion_available"":true,""evidence_score"":-0.38566909560231444,""supported_bpm"":[189.0,190.0,191.0,192.0,193.0,194.0,195.0],""supported_relative_power"":[0.894192649670827,0.94760352267104,0.983722228144075,1.0,0.9950033638522778,0.9685618887321116,0.9218054705414639]}]",False,tracked,True,192.0,56,55.999944,61.999938,short6_relaxed,6.0,saved_short_window_v25_logic_fallback_offline,True,True,original_hr_gates_with_relaxed_fusion
59.999939999999995,1.0,0.0,193.0,0.42976954903974035,True,candidate_only,192.0,193.0,193.0,0.42110513353997236,0.29207088396510683,0.9935796033038097,193.0,0.4042599263486626,0.0,4,"[{""bpm"":193.0,""relative_power"":1.0,""peak_concentration"":0.42976954903974035,""prominence"":1.0,""period_correlation"":0.39820447501783185,""split_period_correlation"":0.42242628034115504,""periodic_support"":0.4042599263486626,""harmonic2_relative_power"":2.0067514462050818e-06,""harmonic3_relative_power"":5.586530742150625e-11,""harmonic_support"":0.0014192145564434963,""motion_profile"":0.0,""motion_strength"":null,""motion_reliability"":0.0,""motion_overlap"":0.0,""motion_available"":false,""evidence_score"":0.4461051335399724,""supported_bpm"":[190.0,191.0,192.0,193.0,194.0,195.0,196.0],""supported_relative_power"":[0.8974985702782364,0.9588071243428977,0.9935796033038097,1.0,0.9781900334260617,0.9301469321509023,0.859456185909716]},{""bpm"":102.0,""relative_power"":0.23978268610329112,""peak_concentration"":0.11493912516124814,""prominence"":0.23773825983150038,""period_correlation"":0.4378666865273649,""split_period_correlation"":0.4095572928004493,""periodic_support"":0.430789338095636,""harmonic2_relative_power"":0.13366316569701137,""harmonic3_relative_power"":3.0615788605927194e-05,""harmonic_support"":0.1799737618094887,""motion_profile"":0.0,""motion_strength"":null,""motion_reliability"":0.0,""motion_overlap"":0.0,""motion_available"":false,""evidence_score"":0.15403424957486556,""supported_bpm"":[99.0,100.0,101.0,102.0,103.0,104.0,105.0],""supported_relative_power"":[0.23064609889585652,0.23606491558996792,0.23929211070355283,0.23978268610329112,0.23714263515420092,0.23144682662681618,0.22276709802651473]},{""bpm"":68.0,""relative_power"":0.20758420324758012,""peak_concentration"":0.08916519371130115,""prominence"":0.16864942651966175,""period_correlation"":0.20048811461737398,""split_period_correlation"":0.2132344017412872,""periodic_support"":0.20367468639835226,""harmonic2_relative_power"":0.019067767124170496,""harmonic3_relative_power"":0.13366316569701137,""harmonic_support"":0.12121430419695897,""motion_profile"":0.0,""motion_strength"":null,""motion_reliability"":0.0,""motion_overlap"":0.0,""motion_available"":false,""evidence_score"":-0.20501991875952688,""supported_bpm"":[65.0,66.0,67.0,68.0,69.0,70.0,71.0],""supported_relative_power"":[0.18195627062407077,0.19580505546403387,0.20453869539747,0.20758420324758012,0.2046454837168327,0.19587731201895833,0.18188182553799437]},{""bpm"":170.0,""relative_power"":0.14093688545251964,""peak_concentration"":0.05572125328370626,""prominence"":0.13672279895249548,""period_correlation"":0.22834570635978807,""split_period_correlation"":0.2486790775832966,""periodic_support"":0.2334290491656652,""harmonic2_relative_power"":4.409202811592531e-06,""harmonic3_relative_power"":4.95888716121485e-10,""harmonic_support"":0.0007912275236326038,""motion_profile"":0.0,""motion_strength"":null,""motion_reliability"":0.0,""motion_overlap"":0.0,""motion_available"":false,""evidence_score"":-0.4282419067962152,""supported_bpm"":[167.0,168.0,169.0,170.0,171.0,172.0,173.0],""supported_relative_power"":[0.12584052404244606,0.1352015495806652,0.14056889206964182,0.14093688545251964,0.1355906578349365,0.12426783158299222,0.10730855142312028]}]",False,tracked,False,193.0,57,56.999942999999995,62.999936999999996,short6_relaxed,6.0,saved_short_window_v25_logic_fallback_offline,True,True,original_hr_gates_with_relaxed_fusion
60.999939,1.0,0.0,192.0,0.4204682706987716,True,candidate_only,192.0,192.0,104.0,-0.3809552020679434,0.049564037847599995,1.0,192.0,0.39664059583480965,0.654939500347835,3,"[{""bpm"":104.0,""relative_power"":0.14626557159127573,""peak_concentration"":0.0626928874747519,""prominence"":0.1238506245677376,""period_correlation"":0.30377342172989086,""split_period_correlation"":0.31058595824108215,""periodic_support"":0.3054765558576887,""harmonic2_relative_power"":0.035582036798710096,""harmonic3_relative_power"":1.0986689525823338e-05,""harmonic_support"":0.07258539709183544,""motion_profile"":0.05374784689119552,""motion_strength"":0.9906647904421033,""motion_reliability"":0.6611111111111111,""motion_overlap"":0.05374784689119552,""motion_available"":true,""evidence_score"":-0.3313911642203434,""supported_bpm"":[101.0,102.0,103.0,104.0,105.0,106.0,107.0],""supported_relative_power"":[0.12786578635576973,0.13735713303532493,0.14343919303911534,0.14626557159127573,0.14604750504351324,0.14319642061486315,0.1382603242166892]},{""bpm"":192.0,""relative_power"":1.0,""peak_concentration"":0.4204682706987716,""prominence"":1.0,""period_correlation"":0.3980658033203388,""split_period_correlation"":0.3923649733782221,""periodic_support"":0.39664059583480965,""harmonic2_relative_power"":1.9767436724454623e-06,""harmonic3_relative_power"":5.968643174051495e-10,""harmonic_support"":0.0014145179485595984,""motion_profile"":0.654939500347835,""motion_strength"":0.9906647904421033,""motion_reliability"":0.6611111111111111,""motion_overlap"":0.654939500347835,""motion_available"":true,""evidence_score"":-0.3809552020679434,""supported_bpm"":[189.0,190.0,191.0,192.0,193.0,194.0,195.0],""supported_relative_power"":[0.8740218240144629,0.9360240166030716,0.9789851579503618,1.0,0.9975465193796694,0.9716259176794159,0.923756448670024]},{""bpm"":73.0,""relative_power"":0.24419006300449747,""peak_concentration"":0.10909789414892049,""prominence"":0.24280913131889,""period_correlation"":-0.39330931594087754,""split_period_correlation"":-0.41595154843444604,""periodic_support"":0.0,""harmonic2_relative_power"":0.009028585748738596,""harmonic3_relative_power"":0.0003146004037929496,""harmonic_support"":0.05002182782438973,""motion_profile"":0.0027663237198811055,""motion_strength"":0.9906647904421033,""motion_reliability"":0.6611111111111111,""motion_overlap"":0.0027663237198811055,""motion_available"":true,""evidence_score"":-0.4468690203852245,""supported_bpm"":[70.0,71.0,72.0,73.0,74.0,75.0,76.0],""supported_relative_power"":[0.22282932159228025,0.23344366637891725,0.24063300954505082,0.24419006300449747,0.24418527842042873,0.2410836452105856,0.2352028741671553]}]",False,tracked,True,192.0,58,57.999942,63.999936,short6_relaxed,6.0,saved_short_window_v25_logic_fallback_offline,True,True,original_hr_gates_with_relaxed_fusion
61.999938,1.0,0.0,191.0,0.45851636713810595,True,candidate_only,192.0,191.0,101.0,-0.5170687697918132,0.06480903025097307,0.9865921138871558,191.0,0.47433388025656087,0.8122557634051456,4,"[{""bpm"":101.0,""relative_power"":0.05812909972763896,""peak_concentration"":0.025546138583769723,""prominence"":0.0368552467703437,""period_correlation"":0.523670231261115,""split_period_correlation"":0.5869572246689707,""periodic_support"":0.5394919796130789,""harmonic2_relative_power"":0.2472992678363244,""harmonic3_relative_power"":1.3400454588436074e-05,""harmonic_support"":0.12020587638141035,""motion_profile"":0.07761882898060636,""motion_strength"":0.9903850092956346,""motion_reliability"":0.8277777777777777,""motion_overlap"":0.07761882898060636,""motion_available"":true,""evidence_score"":-0.379157591884623,""supported_bpm"":[98.0,99.0,100.0,101.0,102.0,103.0,104.0],""supported_relative_power"":[0.050378761368509314,0.05456622444420765,0.05719829916787729,0.05812909972763896,0.05731528612505318,0.054916764805002856,0.051329530765701334]},{""bpm"":77.0,""relative_power"":0.22105590147296453,""peak_concentration"":0.10374305556807924,""prominence"":0.20480434187795002,""period_correlation"":-0.511964620589056,""split_period_correlation"":-0.5719735605750804,""periodic_support"":0.0,""harmonic2_relative_power"":0.03723747114347122,""harmonic3_relative_power"":0.001147118426155523,""harmonic_support"":0.09630139884895147,""motion_profile"":0.009599311537166462,""motion_strength"":0.9903850092956346,""motion_reliability"":0.8277777777777777,""motion_overlap"":0.009599311537166462,""motion_available"":true,""evidence_score"":-0.44396662213559607,""supported_bpm"":[74.0,75.0,76.0,77.0,78.0,79.0,80.0],""supported_relative_power"":[0.20994551148954035,0.2171536493628079,0.22098938136422844,0.22105590147296453,0.21712002274128328,0.2091430986539844,0.19724069657377036]},{""bpm"":191.0,""relative_power"":1.0,""peak_concentration"":0.45851636713810595,""prominence"":1.0,""period_correlation"":0.46812113021784474,""split_period_correlation"":0.49297213037270926,""periodic_support"":0.47433388025656087,""harmonic2_relative_power"":2.149733637321364e-06,""harmonic3_relative_power"":2.491203258534114e-09,""harmonic_support"":0.0014836661824017988,""motion_profile"":0.8122557634051456,""motion_strength"":0.9903850092956346,""motion_reliability"":0.8277777777777777,""motion_overlap"":0.8122557634051456,""motion_available"":true,""evidence_score"":-0.49206876979181313,""supported_bpm"":[188.0,189.0,190.0,191.0,192.0,193.0,194.0],""supported_relative_power"":[0.9120010837783329,0.9623085733714877,0.9917606199794073,1.0,0.9865921138871558,0.952356094646666,0.8992990326952192]},{""bpm"":164.0,""relative_power"":0.09049977493578654,""peak_concentration"":0.0417252338285777,""prominence"":0.041655341599567096,""period_correlation"":0.1899621096311177,""split_period_correlation"":0.21223981223400118,""periodic_support"":0.1955315352818386,""harmonic2_relative_power"":4.662053114710345e-06,""harmonic3_relative_power"":4.5895120152880605e-09,""harmonic_support"":0.0006566827039544569,""motion_profile"":0.027278981096771945,""motion_strength"":0.9903850092956346,""motion_reliability"":0.8277777777777777,""motion_overlap"":0.027278981096771945,""motion_available"":true,""evidence_score"":-0.6592001251688453,""supported_bpm"":[161.0,162.0,163.0,164.0,165.0,166.0,167.0],""supported_relative_power"":[0.08160151596395215,0.08617621775150841,0.08922987965241784,0.09049977493578654,0.08982458042128985,0.08717118455185426,0.0826479313364948]}]",False,tracked,True,191.0,59,58.999941,64.999935,short6_relaxed,6.0,saved_short_window_v25_logic_fallback_offline,True,True,original_hr_gates_with_relaxed_fusion
62.999936999999996,1.0,0.0,191.0,0.538242724137555,True,candidate_only,192.0,191.0,79.0,-0.7192855149023619,0.07445413103987242,0.9815279921183749,191.0,0.46754143864209563,0.9680343746662667,3,"[{""bpm"":79.0,""relative_power"":0.12527814953373778,""peak_concentration"":0.07349835967448727,""prominence"":0.1252592887561295,""period_correlation"":-0.4795198259999946,""split_period_correlation"":-0.5108314969491454,""periodic_support"":0.0,""harmonic2_relative_power"":0.10995504894200885,""harmonic3_relative_power"":0.001694882221085184,""harmonic_support"":0.12246685929087073,""motion_profile"":0.012217325624763901,""motion_strength"":0.9905809167565197,""motion_reliability"":0.9944444444444445,""motion_overlap"":0.012217325624763901,""motion_available"":true,""evidence_score"":-0.6198313838624895,""supported_bpm"":[76.0,77.0,78.0,79.0,80.0,81.0,82.0],""supported_relative_power"":[0.11443307745228726,0.12025183818246063,0.12384393797576303,0.12527814953373778,0.12475606027244993,0.12255483633036703,0.11925849430688562]},{""bpm"":191.0,""relative_power"":1.0,""peak_concentration"":0.538242724137555,""prominence"":1.0,""period_correlation"":0.46291936755506286,""split_period_correlation"":0.481407651903194,""periodic_support"":0.46754143864209563,""harmonic2_relative_power"":2.0911488796648588e-06,""harmonic3_relative_power"":2.035402136623671e-09,""harmonic_support"":0.0014618709241664301,""motion_profile"":0.9680343746662667,""motion_strength"":0.9905809167565197,""motion_reliability"":0.9944444444444445,""motion_overlap"":0.9680343746662667,""motion_available"":true,""evidence_score"":-0.6942855149023619,""supported_bpm"":[188.0,189.0,190.0,191.0,192.0,193.0,194.0],""supported_relative_power"":[0.8923489330415624,0.9543988427549142,0.9906654987583976,1.0,0.9815279921183749,0.9362929735431325,0.8671810221418589]},{""bpm"":159.0,""relative_power"":0.11076306979107063,""peak_concentration"":0.06366441232688728,""prominence"":0.10904216865896271,""period_correlation"":0.028646711795078484,""split_period_correlation"":0.047052324950181475,""periodic_support"":0.03324811508385423,""harmonic2_relative_power"":8.30287874089803e-07,""harmonic3_relative_power"":2.004671418659376e-09,""harmonic_support"":0.000308473096020825,""motion_profile"":0.019879501355074377,""motion_strength"":0.9905809167565197,""motion_reliability"":0.9944444444444445,""motion_overlap"":0.019879501355074377,""motion_available"":true,""evidence_score"":-0.7580946298823517,""supported_bpm"":[156.0,157.0,158.0,159.0,160.0,161.0,162.0],""supported_relative_power"":[0.10313352260154683,0.10734538877176805,0.10995504894200885,0.11076306979107063,0.10956414985915766,0.1062362792778921,0.10099642826092561]}]",False,tracked,True,191.0,60,59.999939999999995,65.999934,short6_relaxed,6.0,saved_short_window_v25_logic_fallback_offline,True,True,original_hr_gates_with_relaxed_fusion
63.999936,1.0,0.0,192.0,0.5669695427334894,True,candidate_only,95.0,191.0,94.0,-0.07507036517976165,0.6022907222482823,0.0845226198190145,94.0,0.6256224608798466,0.11790290271904426,5,"[{""bpm"":94.0,""relative_power"":0.08645000373270231,""peak_concentration"":0.043342398210110586,""prominence"":0.08370482839512802,""period_correlation"":0.6242980182109343,""split_period_correlation"":0.6295957888865834,""periodic_support"":0.6256224608798466,""harmonic2_relative_power"":0.8064893089161885,""harmonic3_relative_power"":0.0003562540108619691,""harmonic_support"":0.26598971453755066,""motion_profile"":0.11790290271904426,""motion_strength"":0.9905581470510756,""motion_reliability"":1.0,""motion_overlap"":0.11790290271904426,""motion_available"":true,""evidence_score"":-0.050070365179761656,""supported_bpm"":[91.0,92.0,93.0,94.0,95.0,96.0,97.0],""supported_relative_power"":[0.06779181214631556,0.07768858412737253,0.08407006124523055,0.08645000373270231,0.0845226198190145,0.07886877825969509,0.07038873433760734]},{""bpm"":192.0,""relative_power"":1.0,""peak_concentration"":0.5669695427334894,""prominence"":1.0,""period_correlation"":0.5077949344084973,""split_period_correlation"":0.5050814708744197,""periodic_support"":0.5071165685249779,""harmonic2_relative_power"":2.077385597534216e-06,""harmonic3_relative_power"":6.426330593323015e-10,""harmonic_support"":0.0014501864171124117,""motion_profile"":0.9693115993781056,""motion_strength"":0.9905581470510756,""motion_reliability"":1.0,""motion_overlap"":0.9693115993781056,""motion_available"":true,""evidence_score"":-0.652361087428044,""supported_bpm"":[189.0,190.0,191.0,192.0,193.0,194.0,195.0],""supported_relative_power"":[0.891638296432097,0.9542945891101159,0.9912690744199836,1.0,0.979991976296484,0.9328552301151849,0.8621252499118063]},{""bpm"":164.0,""relative_power"":0.06872948072520614,""peak_concentration"":0.041698442164803555,""prominence"":0.05035818309460704,""period_correlation"":0.2366014400295105,""split_period_correlation"":0.2338130259689645,""periodic_support"":0.235904336514374,""harmonic2_relative_power"":1.3405183330770523e-06,""harmonic3_relative_power"":3.8297303860584575e-09,""harmonic_support"":0.0003092127648275676,""motion_profile"":0.03231225562344024,""motion_strength"":0.9905581470510756,""motion_reliability"":1.0,""motion_overlap"":0.03231225562344024,""motion_available"":true,""evidence_score"":-0.7177383038057031,""supported_bpm"":[161.0,162.0,163.0,164.0,165.0,166.0,167.0],""supported_relative_power"":[0.06416108525393577,0.0668174221085891,0.06841579118063822,0.06872948072520614,0.06767027453201495,0.06528440155909604,0.06171671305563562]},{""bpm"":75.0,""relative_power"":0.09773207275118845,""peak_concentration"":0.048822492864138776,""prominence"":0.09766246106510977,""period_correlation"":-0.5555385778839649,""split_period_correlation"":-0.5443600532412627,""periodic_support"":0.0,""harmonic2_relative_power"":0.04568384176786905,""harmonic3_relative_power"":0.003206944348420575,""harmonic_support"":0.07301528164386388,""motion_profile"":0.007914735304737597,""motion_strength"":0.9905581470510756,""motion_reliability"":1.0,""motion_overlap"":0.007914735304737597,""motion_available"":true,""evidence_score"":-0.7508120610524545,""supported_bpm"":[72.0,73.0,74.0,75.0,76.0,77.0,78.0],""supported_relative_power"":[0.07745162648783654,0.0879162660362107,0.0949561966306325,0.09773207275118845,0.09573226286070426,0.08897813023595186,0.07804034970332012]},{""bpm"":43.0,""relative_power"":0.056759240139365286,""peak_concentration"":0.018522643269475864,""prominence"":0.04728435762208862,""period_correlation"":-0.5440831726224999,""split_period_correlation"":-0.5302551323136502,""periodic_support"":0.0,""harmonic2_relative_power"":0.006974190898879776,""harmonic3_relative_power"":0.02758088084724127,""harmonic_support"":0.03374408042471791,""motion_profile"":0.008643130107029412,""motion_strength"":0.9905581470510756,""motion_reliability"":1.0,""motion_overlap"":0.008643130107029412,""motion_available"":true,""evidence_score"":-0.981187717121538,""supported_bpm"":[42.0,43.0,44.0,45.0],""supported_relative_power"":[0.05640436503455953,0.056759240139365286,0.054693732222115585,0.05033483791022287]}]",True,reacquired,True,192.0,61,60.999939,66.999933,short6_relaxed,6.0,saved_short_window_v25_logic_fallback_offline,True,True,original_hr_gates_with_relaxed_fusion
64.999935,1.0,0.0,191.0,0.4585116628656731,True,candidate_only,95.0,190.0,95.0,0.1577019679450974,0.5119344250285306,0.1288633721062771,95.0,0.6081380289770854,0.12044226339660731,4,"[{""bpm"":95.0,""relative_power"":0.1288633721062771,""peak_concentration"":0.060053639959946926,""prominence"":0.12770415056049483,""period_correlation"":0.6016444252157863,""split_period_correlation"":0.6276188402609826,""periodic_support"":0.6081380289770854,""harmonic2_relative_power"":0.9778736373952359,""harmonic3_relative_power"":0.00013726957008663684,""harmonic_support"":0.3564538637153462,""motion_profile"":0.12044226339660731,""motion_strength"":0.9908004305289569,""motion_reliability"":1.0,""motion_overlap"":0.12044226339660731,""motion_available"":true,""evidence_score"":0.1577019679450974,""supported_bpm"":[92.0,93.0,94.0,95.0,96.0,97.0,98.0],""supported_relative_power"":[0.11528358650489234,0.1222004740170971,0.12696132800330773,0.1288633721062771,0.12769920046289457,0.1235833381190756,0.11676422473284448]},{""bpm"":67.0,""relative_power"":0.12255094702895904,""peak_concentration"":0.06370540429939235,""prominence"":0.06060105306236175,""period_correlation"":0.24016554352455505,""split_period_correlation"":0.21602933351380582,""periodic_support"":0.23413149102186773,""harmonic2_relative_power"":0.02576159606835505,""harmonic3_relative_power"":0.3424332117969015,""harmonic_support"":0.1278873498006367,""motion_profile"":0.00394759403035043,""motion_strength"":0.9908004305289569,""motion_reliability"":1.0,""motion_overlap"":0.00394759403035043,""motion_available"":true,""evidence_score"":-0.3542324570834332,""supported_bpm"":[64.0,65.0,66.0,67.0,68.0,69.0,70.0],""supported_relative_power"":[0.11972490172431331,0.12122994994643466,0.1222260727007064,0.12255094702895904,0.12211220529189175,0.12085265299889092,0.11876634051648757]},{""bpm"":170.0,""relative_power"":0.08810481137390298,""peak_concentration"":0.03633578905414613,""prominence"":0.036125911574614825,""period_correlation"":0.2914815057317438,""split_period_correlation"":0.3197176502524261,""periodic_support"":0.29854054186191437,""harmonic2_relative_power"":1.126312706768022e-06,""harmonic3_relative_power"":4.6562733294004927e-08,""harmonic_support"":0.00033743109607144395,""motion_profile"":0.052725078747402,""motion_strength"":0.9908004305289569,""motion_reliability"":1.0,""motion_overlap"":0.052725078747402,""motion_available"":true,""evidence_score"":-0.5874041685007346,""supported_bpm"":[167.0,168.0,169.0,170.0,171.0,172.0,173.0],""supported_relative_power"":[0.06986077435484067,0.07920056990793499,0.08553233019252358,0.08810481137390298,0.08659667469481837,0.08126234067362091,0.07303366338314102]},{""bpm"":191.0,""relative_power"":1.0,""peak_concentration"":0.4585116628656731,""prominence"":1.0,""period_correlation"":0.4565743539680703,""split_period_correlation"":0.49045944077165615,""periodic_support"":0.4650456256689668,""harmonic2_relative_power"":2.206156378870552e-06,""harmonic3_relative_power"":3.362056663992441e-08,""harmonic_support"":0.0015494892542384754,""motion_profile"":0.9908004305289569,""motion_strength"":0.9908004305289569,""motion_reliability"":1.0,""motion_overlap"":0.9908004305289569,""motion_available"":true,""evidence_score"":-0.7254008606710942,""supported_bpm"":[188.0,189.0,190.0,191.0,192.0,193.0,194.0],""supported_relative_power"":[0.8632470142579527,0.9319862635519782,0.9778736373952359,1.0,0.9976568341958219,0.9716940656515367,0.9243791199746446]}]",False,tracked,True,191.0,62,61.999938,67.999932,short6_relaxed,6.0,saved_short_window_v25_logic_fallback_offline,True,True,original_hr_gates_with_relaxed_fusion
65.999934,1.0,0.0,189.0,0.3951512190620573,True,candidate_only,96.0,189.0,98.0,-0.10633129977443734,0.28569288042096197,0.17500047916227032,98.0,0.3792372568164558,0.10755031967650862,3,"[{""bpm"":98.0,""relative_power"":0.17742834808619598,""peak_concentration"":0.07582070581818459,""prominence"":0.12751087047625692,""period_correlation"":0.38431180908736956,""split_period_correlation"":0.36401360000371474,""periodic_support"":0.3792372568164558,""harmonic2_relative_power"":0.560091261595111,""harmonic3_relative_power"":3.9100115115889404e-05,""harmonic_support"":0.31616156583449184,""motion_profile"":0.10755031967650862,""motion_strength"":0.9908428131803829,""motion_reliability"":1.0,""motion_overlap"":0.10755031967650862,""motion_available"":true,""evidence_score"":-0.006331299774437332,""supported_bpm"":[95.0,96.0,97.0,98.0,99.0,100.0,101.0],""supported_relative_power"":[0.17158979418320525,0.17500047916227032,0.17697285638562116,0.17742834808619598,0.1763476006521331,0.1737723388894513,0.16980330966023072]},{""bpm"":54.0,""relative_power"":0.2553827909084866,""peak_concentration"":0.10381724150490763,""prominence"":0.25301515031097654,""period_correlation"":-0.3673293431163271,""split_period_correlation"":-0.4255983789571587,""periodic_support"":0.0,""harmonic2_relative_power"":0.12013064814428538,""harmonic3_relative_power"":0.01312108959863429,""harmonic_support"":0.1954155117483904,""motion_profile"":0.0077540723493578255,""motion_strength"":0.9908428131803829,""motion_reliability"":1.0,""motion_overlap"":0.0077540723493578255,""motion_available"":true,""evidence_score"":-0.2920241801953993,""supported_bpm"":[51.0,52.0,53.0,54.0,55.0,56.0,57.0],""supported_relative_power"":[0.23676496214935078,0.24690254286683658,0.25315612114882663,0.2553827909084866,0.25360057880966486,0.24798101807057205,0.2388357750561847]},{""bpm"":189.0,""relative_power"":1.0,""peak_concentration"":0.3951512190620573,""prominence"":1.0,""period_correlation"":0.4345372351959931,""split_period_correlation"":0.49174880063995763,""periodic_support"":0.44884012655698424,""harmonic2_relative_power"":3.5838283018485703e-06,""harmonic3_relative_power"":1.9048519542691003e-07,""harmonic_support"":0.002045856316614996,""motion_profile"":0.9908428131803829,""motion_strength"":0.9908428131803829,""motion_reliability"":1.0,""motion_overlap"":0.9908428131803829,""motion_available"":true,""evidence_score"":-0.7427835209461809,""supported_bpm"":[186.0,187.0,188.0,189.0,190.0,191.0,192.0],""supported_relative_power"":[0.9327779896664775,0.9736794314392166,0.9968954823167627,1.0,0.9814486262675789,0.9435666384367845,0.8882917207703167]}]",False,tracked,True,189.0,63,62.999936999999996,68.99993099999999,short6_relaxed,6.0,saved_short_window_v25_logic_fallback_offline,True,True,original_hr_gates_with_relaxed_fusion
66.999933,1.0,0.0,185.0,0.41472393553352904,True,candidate_only,96.0,188.0,95.0,-0.09129681641121806,0.04753311021716482,0.135494762770926,95.0,0.4072162552792125,0.11610587210679528,3,"[{""bpm"":95.0,""relative_power"":0.13597815293756563,""peak_concentration"":0.05956171192388805,""prominence"":0.13497609454865364,""period_correlation"":0.4233769965299935,""split_period_correlation"":0.3587340315268694,""periodic_support"":0.4072162552792125,""harmonic2_relative_power"":0.7936375434988759,""harmonic3_relative_power"":3.2098988502686765e-05,""harmonic_support"":0.3292390091254121,""motion_profile"":0.11610587210679528,""motion_strength"":0.9903183164133925,""motion_reliability"":1.0,""motion_overlap"":0.11610587210679528,""motion_available"":true,""evidence_score"":-0.06629681641121807,""supported_bpm"":[92.0,93.0,94.0,95.0,96.0,97.0,98.0],""supported_relative_power"":[0.1245978398527917,0.13081891769664392,0.1345852071659067,0.13597815293756563,0.135494762770926,0.13370058813339636,0.13110816005706682]},{""bpm"":53.0,""relative_power"":0.3665205226865768,""peak_concentration"":0.14881879890001143,""prominence"":0.3660416395422284,""period_correlation"":-0.32977125123813006,""split_period_correlation"":-0.3758820318857208,""periodic_support"":0.0,""harmonic2_relative_power"":0.12318745665967765,""harmonic3_relative_power"":0.0275729615115614,""harmonic_support"":0.247672122688177,""motion_profile"":0.008165425867326019,""motion_strength"":0.9903183164133925,""motion_reliability"":1.0,""motion_overlap"":0.008165425867326019,""motion_available"":true,""evidence_score"":-0.11382992662838289,""supported_bpm"":[50.0,51.0,52.0,53.0,54.0,55.0,56.0],""supported_relative_power"":[0.33609641564356857,0.3547036271822442,0.3649139850823811,0.3665205226865768,0.3592118694144291,0.3431923174187346,0.31918602600468116]},{""bpm"":185.0,""relative_power"":1.0,""peak_concentration"":0.41472393553352904,""prominence"":1.0,""period_correlation"":0.38008818696523594,""split_period_correlation"":0.4033784177596774,""periodic_support"":0.38591074466384634,""harmonic2_relative_power"":6.473811865901283e-06,""harmonic3_relative_power"":2.8021579171734033e-07,""harmonic_support"":0.002729642602056331,""motion_profile"":0.9867119699663386,""motion_strength"":0.9903183164133925,""motion_reliability"":1.0,""motion_overlap"":0.9867119699663386,""motion_available"":true,""evidence_score"":-0.8061585007256359,""supported_bpm"":[182.0,183.0,184.0,185.0,186.0,187.0,188.0],""supported_relative_power"":[0.8834488804002877,0.9410772481129063,0.9806592523106573,1.0,0.9979869375683101,0.9746935477065349,0.9313859322415906]}]",False,tracked,True,185.0,64,63.999936,69.99992999999999,short6_relaxed,6.0,saved_short_window_v25_logic_fallback_offline,True,True,original_hr_gates_with_relaxed_fusion
67.999932,0.8333333333333334,0.0,,,False,gap_or_filter_edge,,,,,,,,,,0,[],False,unavailable,False,,65,64.999935,70.999929,short6_relaxed,6.0,saved_short_window_v25_logic_fallback_offline,False,False,rejected
