time_s,base,covered,observed,interpolated,candidate_weight,source
0.0,,False,False,False,0.0,missing
0.0055555,,False,False,False,0.0,missing
0.011111,,False,False,False,0.0,missing
0.0166665,,False,False,False,0.0,missing
0.022222,,False,False,False,0.0,missing
0.0277775,,False,False,False,0.0,missing
0.033333,,False,False,False,0.0,missing
0.0388885,,False,False,False,0.0,missing
0.044444,,False,False,False,0.0,missing
0.0499995,,False,False,False,0.0,missing
0.055555,,False,False,False,0.0,missing
0.0611105,,False,False,False,0.0,missing
0.066666,,False,False,False,0.0,missing
0.0722215,,False,False,False,0.0,missing
0.077777,,False,False,False,0.0,missing
0.0833325,,False,False,False,0.0,missing
0.088888,,False,False,False,0.0,missing
0.0944435,,False,False,False,0.0,missing
0.099999,,False,False,False,0.0,missing
0.1055545,,False,False,False,0.0,missing
0.11111,,False,False,False,0.0,missing
0.1166655,,False,False,False,0.0,missing
0.122221,,False,False,False,0.0,missing
0.1277765,,False,False,False,0.0,missing
0.133332,,False,False,False,0.0,missing
0.1388875,,False,False,False,0.0,missing
0.144443,,False,False,False,0.0,missing
0.1499985,,False,False,False,0.0,missing
0.155554,,False,False,False,0.0,missing
0.1611095,,False,False,False,0.0,missing
0.166665,,False,False,False,0.0,missing
0.1722205,,False,False,False,0.0,missing
0.177776,,False,False,False,0.0,missing
0.1833315,,False,False,False,0.0,missing
0.188887,,False,False,False,0.0,missing
0.1944425,,False,False,False,0.0,missing
0.199998,,False,False,False,0.0,missing
0.2055535,,False,False,False,0.0,missing
0.211109,,False,False,False,0.0,missing
0.2166645,,False,False,False,0.0,missing
0.22222,,False,False,False,0.0,missing
0.2277755,,False,False,False,0.0,missing
0.233331,,False,False,False,0.0,missing
0.2388865,,False,False,False,0.0,missing
0.244442,,False,False,False,0.0,missing
0.2499974999999999,,False,False,False,0.0,missing
0.255553,,False,False,False,0.0,missing
0.2611085,,False,False,False,0.0,missing
0.266664,,False,False,False,0.0,missing
0.2722195,,False,False,False,0.0,missing
0.277775,,False,False,False,0.0,missing
0.2833305,,False,False,False,0.0,missing
0.288886,,False,False,False,0.0,missing
0.2944415,,False,False,False,0.0,missing
0.299997,,False,False,False,0.0,missing
0.3055525,,False,False,False,0.0,missing
0.311108,,False,False,False,0.0,missing
0.3166635,,False,False,False,0.0,missing
0.322219,,False,False,False,0.0,missing
0.3277744999999999,,False,False,False,0.0,missing
0.33333,,False,False,False,0.0,missing
0.3388855,,False,False,False,0.0,missing
0.344441,,False,False,False,0.0,missing
0.3499965,,False,False,False,0.0,missing
0.355552,,False,False,False,0.0,missing
0.3611074999999999,,False,False,False,0.0,missing
0.366663,,False,False,False,0.0,missing
0.3722185,,False,False,False,0.0,missing
0.377774,,False,False,False,0.0,missing
0.3833295,,False,False,False,0.0,missing
0.388885,,False,False,False,0.0,missing
0.3944404999999999,,False,False,False,0.0,missing
0.399996,,False,False,False,0.0,missing
0.4055515,,False,False,False,0.0,missing
0.411107,,False,False,False,0.0,missing
0.4166625,,False,False,False,0.0,missing
0.422218,,False,False,False,0.0,missing
0.4277735,,False,False,False,0.0,missing
0.433329,,False,False,False,0.0,missing
0.4388845,,False,False,False,0.0,missing
0.44444,,False,False,False,0.0,missing
0.4499955,,False,False,False,0.0,missing
0.455551,,False,False,False,0.0,missing
0.4611065,,False,False,False,0.0,missing
0.466662,,False,False,False,0.0,missing
0.4722175,,False,False,False,0.0,missing
0.477773,,False,False,False,0.0,missing
0.4833285,,False,False,False,0.0,missing
0.488884,,False,False,False,0.0,missing
0.4944395,,False,False,False,0.0,missing
0.4999949999999999,,False,False,False,0.0,missing
0.5055505,,False,False,False,0.0,missing
0.511106,,False,False,False,0.0,missing
0.5166615,,False,False,False,0.0,missing
0.522217,,False,False,False,0.0,missing
0.5277725,,False,False,False,0.0,missing
0.533328,,False,False,False,0.0,missing
0.5388835,,False,False,False,0.0,missing
0.544439,,False,False,False,0.0,missing
0.5499944999999999,,False,False,False,0.0,missing
0.55555,,False,False,False,0.0,missing
0.5611055,,False,False,False,0.0,missing
0.566661,,False,False,False,0.0,missing
0.5722165,,False,False,False,0.0,missing
0.577772,,False,False,False,0.0,missing
0.5833275,,False,False,False,0.0,missing
0.588883,,False,False,False,0.0,missing
0.5944385,,False,False,False,0.0,missing
0.599994,,False,False,False,0.0,missing
0.6055495,,False,False,False,0.0,missing
0.611105,,False,False,False,0.0,missing
0.6166605,,False,False,False,0.0,missing
0.622216,,False,False,False,0.0,missing
0.6277715,,False,False,False,0.0,missing
0.633327,,False,False,False,0.0,missing
0.6388825,,False,False,False,0.0,missing
0.644438,,False,False,False,0.0,missing
0.6499935,,False,False,False,0.0,missing
0.6555489999999999,,False,False,False,0.0,missing
0.6611045,,False,False,False,0.0,missing
0.66666,,False,False,False,0.0,missing
0.6722155,,False,False,False,0.0,missing
0.677771,,False,False,False,0.0,missing
0.6833265,,False,False,False,0.0,missing
0.688882,,False,False,False,0.0,missing
0.6944375,,False,False,False,0.0,missing
0.699993,,False,False,False,0.0,missing
0.7055485,,False,False,False,0.0,missing
0.711104,,False,False,False,0.0,missing
0.7166595,,False,False,False,0.0,missing
0.7222149999999999,,False,False,False,0.0,missing
0.7277705,,False,False,False,0.0,missing
0.733326,,False,False,False,0.0,missing
0.7388815,,False,False,False,0.0,missing
0.744437,,False,False,False,0.0,missing
0.7499925,,False,False,False,0.0,missing
0.755548,,False,False,False,0.0,missing
0.7611035,,False,False,False,0.0,missing
0.766659,,False,False,False,0.0,missing
0.7722145,,False,False,False,0.0,missing
0.77777,,False,False,False,0.0,missing
0.7833255,,False,False,False,0.0,missing
0.7888809999999999,,False,False,False,0.0,missing
0.7944365,,False,False,False,0.0,missing
0.799992,,False,False,False,0.0,missing
0.8055475,,False,False,False,0.0,missing
0.811103,,False,False,False,0.0,missing
0.8166585,,False,False,False,0.0,missing
0.822214,,False,False,False,0.0,missing
0.8277694999999999,,False,False,False,0.0,missing
0.833325,,False,False,False,0.0,missing
0.8388805,,False,False,False,0.0,missing
0.844436,,False,False,False,0.0,missing
0.8499915,,False,False,False,0.0,missing
0.855547,,False,False,False,0.0,missing
0.8611025,,False,False,False,0.0,missing
0.866658,,False,False,False,0.0,missing
0.8722135,,False,False,False,0.0,missing
0.877769,,False,False,False,0.0,missing
0.8833245,,False,False,False,0.0,missing
0.88888,,False,False,False,0.0,missing
0.8944354999999999,,False,False,False,0.0,missing
0.899991,,False,False,False,0.0,missing
0.9055465,,False,False,False,0.0,missing
0.911102,,False,False,False,0.0,missing
0.9166575,,False,False,False,0.0,missing
0.922213,,False,False,False,0.0,missing
0.9277685,,False,False,False,0.0,missing
0.933324,,False,False,False,0.0,missing
0.9388795,,False,False,False,0.0,missing
0.944435,,False,False,False,0.0,missing
0.9499905,,False,False,False,0.0,missing
0.955546,,False,False,False,0.0,missing
0.9611015,,False,False,False,0.0,missing
0.966657,,False,False,False,0.0,missing
0.9722125,,False,False,False,0.0,missing
0.977768,,False,False,False,0.0,missing
0.9833235,,False,False,False,0.0,missing
0.988879,,False,False,False,0.0,missing
0.9944345,,False,False,False,0.0,missing
0.99999,,False,False,False,0.0,missing
1.0055455,,False,False,False,0.0,missing
1.011101,,False,False,False,0.0,missing
1.0166565,,False,False,False,0.0,missing
1.022212,,False,False,False,0.0,missing
1.0277675,,False,False,False,0.0,missing
1.033323,,False,False,False,0.0,missing
1.0388785,,False,False,False,0.0,missing
1.044434,,False,False,False,0.0,missing
1.0499895,,False,False,False,0.0,missing
1.055545,,False,False,False,0.0,missing
1.0611005,,False,False,False,0.0,missing
1.066656,,False,False,False,0.0,missing
1.0722115,,False,False,False,0.0,missing
1.077767,,False,False,False,0.0,missing
1.0833225,,False,False,False,0.0,missing
1.088878,,False,False,False,0.0,missing
1.0944335,,False,False,False,0.0,missing
1.099989,,False,False,False,0.0,missing
1.1055445,,False,False,False,0.0,missing
1.1111,,False,False,False,0.0,missing
1.1166555,,False,False,False,0.0,missing
1.122211,,False,False,False,0.0,missing
1.1277665,,False,False,False,0.0,missing
1.133322,,False,False,False,0.0,missing
1.1388775,,False,False,False,0.0,missing
1.144433,,False,False,False,0.0,missing
1.1499885,,False,False,False,0.0,missing
1.155544,,False,False,False,0.0,missing
1.1610995,,False,False,False,0.0,missing
1.166655,,False,False,False,0.0,missing
1.1722105,,False,False,False,0.0,missing
1.177766,,False,False,False,0.0,missing
1.1833215,,False,False,False,0.0,missing
1.188877,,False,False,False,0.0,missing
1.1944325,,False,False,False,0.0,missing
1.199988,,False,False,False,0.0,missing
1.2055435,,False,False,False,0.0,missing
1.211099,,False,False,False,0.0,missing
1.2166545,,False,False,False,0.0,missing
1.22221,,False,False,False,0.0,missing
1.2277655,,False,False,False,0.0,missing
1.233321,,False,False,False,0.0,missing
1.2388765,,False,False,False,0.0,missing
1.244432,,False,False,False,0.0,missing
1.2499875,,False,False,False,0.0,missing
1.255543,,False,False,False,0.0,missing
1.2610985,,False,False,False,0.0,missing
1.266654,,False,False,False,0.0,missing
1.2722095,,False,False,False,0.0,missing
1.277765,,False,False,False,0.0,missing
1.2833205,,False,False,False,0.0,missing
1.288876,,False,False,False,0.0,missing
1.2944315,,False,False,False,0.0,missing
1.299987,,False,False,False,0.0,missing
1.3055425,,False,False,False,0.0,missing
1.311098,,False,False,False,0.0,missing
1.3166535,,False,False,False,0.0,missing
1.322209,,False,False,False,0.0,missing
1.3277645,,False,False,False,0.0,missing
1.33332,,False,False,False,0.0,missing
1.3388755,,False,False,False,0.0,missing
1.344431,,False,False,False,0.0,missing
1.3499865,,False,False,False,0.0,missing
1.355542,,False,False,False,0.0,missing
1.3610975,,False,False,False,0.0,missing
1.366653,,False,False,False,0.0,missing
1.3722085,,False,False,False,0.0,missing
1.377764,,False,False,False,0.0,missing
1.3833195,,False,False,False,0.0,missing
1.388875,,False,False,False,0.0,missing
1.3944305,,False,False,False,0.0,missing
1.399986,,False,False,False,0.0,missing
1.4055415,,False,False,False,0.0,missing
1.411097,,False,False,False,0.0,missing
1.4166525,,False,False,False,0.0,missing
1.422208,,False,False,False,0.0,missing
1.4277635,,False,False,False,0.0,missing
1.433319,,False,False,False,0.0,missing
1.4388745,,False,False,False,0.0,missing
1.44443,,False,False,False,0.0,missing
1.4499855,,False,False,False,0.0,missing
1.455541,,False,False,False,0.0,missing
1.4610965,,False,False,False,0.0,missing
1.466652,,False,False,False,0.0,missing
1.4722075,,False,False,False,0.0,missing
1.477763,,False,False,False,0.0,missing
1.4833185,,False,False,False,0.0,missing
1.488874,,False,False,False,0.0,missing
1.4944295,,False,False,False,0.0,missing
1.499985,,False,False,False,0.0,missing
1.5055405,,False,False,False,0.0,missing
1.511096,,False,False,False,0.0,missing
1.5166515,,False,False,False,0.0,missing
1.522207,,False,False,False,0.0,missing
1.5277625,,False,False,False,0.0,missing
1.533318,,False,False,False,0.0,missing
1.5388735,,False,False,False,0.0,missing
1.544429,,False,False,False,0.0,missing
1.5499845,,False,False,False,0.0,missing
1.55554,,False,False,False,0.0,missing
1.5610955,,False,False,False,0.0,missing
1.566651,,False,False,False,0.0,missing
1.5722065,,False,False,False,0.0,missing
1.577762,,False,False,False,0.0,missing
1.5833175,,False,False,False,0.0,missing
1.588873,,False,False,False,0.0,missing
1.5944285,,False,False,False,0.0,missing
1.599984,,False,False,False,0.0,missing
1.6055395,,False,False,False,0.0,missing
1.611095,,False,False,False,0.0,missing
1.6166505,,False,False,False,0.0,missing
1.622206,,False,False,False,0.0,missing
1.6277615,,False,False,False,0.0,missing
1.633317,,False,False,False,0.0,missing
1.6388725,,False,False,False,0.0,missing
1.644428,,False,False,False,0.0,missing
1.6499835,,False,False,False,0.0,missing
1.655539,,False,False,False,0.0,missing
1.6610945,,False,False,False,0.0,missing
1.66665,,False,False,False,0.0,missing
1.6722055,,False,False,False,0.0,missing
1.677761,,False,False,False,0.0,missing
1.6833165,,False,False,False,0.0,missing
1.688872,,False,False,False,0.0,missing
1.6944275,,False,False,False,0.0,missing
1.699983,,False,False,False,0.0,missing
1.7055385,,False,False,False,0.0,missing
1.711094,,False,False,False,0.0,missing
1.7166495,,False,False,False,0.0,missing
1.722205,,False,False,False,0.0,missing
1.7277605,,False,False,False,0.0,missing
1.733316,,False,False,False,0.0,missing
1.7388715,,False,False,False,0.0,missing
1.744427,,False,False,False,0.0,missing
1.7499825,,False,False,False,0.0,missing
1.755538,,False,False,False,0.0,missing
1.7610935,,False,False,False,0.0,missing
1.766649,,False,False,False,0.0,missing
1.7722045,,False,False,False,0.0,missing
1.77776,,False,False,False,0.0,missing
1.7833155,,False,False,False,0.0,missing
1.788871,,False,False,False,0.0,missing
1.7944265,,False,False,False,0.0,missing
1.799982,,False,False,False,0.0,missing
1.8055375,,False,False,False,0.0,missing
1.811093,,False,False,False,0.0,missing
1.8166485,,False,False,False,0.0,missing
1.822204,,False,False,False,0.0,missing
1.8277595,,False,False,False,0.0,missing
1.833315,,False,False,False,0.0,missing
1.8388705,,False,False,False,0.0,missing
1.844426,,False,False,False,0.0,missing
1.8499815,,False,False,False,0.0,missing
1.855537,,False,False,False,0.0,missing
1.8610925,,False,False,False,0.0,missing
1.866648,,False,False,False,0.0,missing
1.8722035,,False,False,False,0.0,missing
1.877759,,False,False,False,0.0,missing
1.8833145,,False,False,False,0.0,missing
1.88887,,False,False,False,0.0,missing
1.8944255,,False,False,False,0.0,missing
1.899981,,False,False,False,0.0,missing
1.9055365,,False,False,False,0.0,missing
1.911092,,False,False,False,0.0,missing
1.9166475,,False,False,False,0.0,missing
1.922203,,False,False,False,0.0,missing
1.9277585,,False,False,False,0.0,missing
1.933314,,False,False,False,0.0,missing
1.9388695,,False,False,False,0.0,missing
1.944425,,False,False,False,0.0,missing
1.9499805,,False,False,False,0.0,missing
1.955536,,False,False,False,0.0,missing
1.9610915,,False,False,False,0.0,missing
1.966647,,False,False,False,0.0,missing
1.9722025,,False,False,False,0.0,missing
1.977758,,False,False,False,0.0,missing
1.9833135,,False,False,False,0.0,missing
1.988869,,False,False,False,0.0,missing
1.9944245,,False,False,False,0.0,missing
1.99998,0.2885394986975237,True,True,False,0.0,old_waveform
2.0055355,0.3234209747773995,True,True,False,0.0,old_waveform
2.011091,0.3614617679613204,True,True,False,0.0,old_waveform
2.0166465,0.4024626749012302,True,True,False,0.0,old_waveform
2.022202,0.446161409017924,True,True,False,0.0,old_waveform
2.0277575,0.4922339701471027,True,True,False,0.0,old_waveform
2.033313,0.540297333417932,True,True,False,0.0,old_waveform
2.0388685,0.5899134307248945,True,True,False,0.0,old_waveform
2.044424,0.640594297569232,True,True,False,0.0,old_waveform
2.0499795,0.691808338628871,True,True,False,0.0,old_waveform
2.055535,0.7429877307693252,True,True,False,0.0,old_waveform
2.0610905,0.7935369534836119,True,True,False,0.0,old_waveform
2.066646,0.8428422898582091,True,True,False,0.0,old_waveform
2.0722015,0.8902818803840774,True,True,False,0.0,old_waveform
2.077757,0.9352357551061772,True,True,False,0.0,old_waveform
2.0833125,0.9770955234730476,True,True,False,0.0,old_waveform
2.088868,1.0152739271392652,True,True,False,0.0,old_waveform
2.0944235,1.0492146427027584,True,True,False,0.0,old_waveform
2.099979,1.0784023085516974,True,True,False,0.0,old_waveform
2.1055345,1.1023721726777898,True,True,False,0.0,old_waveform
2.11109,1.1207185102740211,True,True,False,0.0,old_waveform
2.1166455,1.1331011782146712,True,True,False,0.0,old_waveform
2.122201,1.1392501892722546,True,True,False,0.0,old_waveform
2.1277565,1.1389686772273535,True,True,False,0.0,old_waveform
2.133312,1.1321347934585584,True,True,False,0.0,old_waveform
2.1388675,1.1187029070960393,True,True,False,0.0,old_waveform
2.144423,1.0987042051944251,True,True,False,0.0,old_waveform
2.1499785,1.0722465525408629,True,True,False,0.0,old_waveform
2.155534,1.039513247151758,True,True,False,0.0,old_waveform
2.1610895,1.0007601345446742,True,True,False,0.0,old_waveform
2.166645,0.956310653432854,True,True,False,0.0,old_waveform
2.1722005,0.9065489656229656,True,True,False,0.0,old_waveform
2.177756,0.85191196813915,True,True,False,0.0,old_waveform
2.1833115,0.7928809652266792,True,True,False,0.0,old_waveform
2.188867,0.7299731690163991,True,True,False,0.0,old_waveform
2.1944225,0.6637328277589865,True,True,False,0.0,old_waveform
2.199978,0.5947219989713446,True,True,False,0.0,old_waveform
2.2055335,0.5235113196983091,True,True,False,0.0,old_waveform
2.211089,0.4506711113316371,True,True,False,0.0,old_waveform
2.2166445,0.3767629724235,True,True,False,0.0,old_waveform
2.2222,0.3023320571437385,True,True,False,0.0,old_waveform
2.2277555,0.2279003623532636,True,True,False,0.0,old_waveform
2.233311,0.1539611961938849,True,True,False,0.0,old_waveform
2.2388665,0.0809747881475037,True,True,False,0.0,old_waveform
2.244422,0.0093650865612003,True,True,False,0.0,old_waveform
2.2499775,-0.060482078806262,True,True,False,0.0,old_waveform
2.255533,-0.1282195557433924,True,True,False,0.0,old_waveform
2.2610885,-0.1935386191588078,True,True,False,0.0,old_waveform
2.266644,-0.2561682778665041,True,True,False,0.0,old_waveform
2.2721995,-0.3158741314708758,True,True,False,0.0,old_waveform
2.277755,-0.3724567788548776,True,True,False,0.0,old_waveform
2.2833105,-0.425750098993343,True,True,False,0.0,old_waveform
2.288866,-0.4756197905958224,True,True,False,0.0,old_waveform
2.2944215,-0.5219622815734822,True,True,False,0.0,old_waveform
2.299977,-0.5647038972711719,True,True,False,0.0,old_waveform
2.3055325,-0.6038001360751131,True,True,False,0.0,old_waveform
2.311088,-0.6392348534804159,True,True,False,0.0,old_waveform
2.3166435,-0.6710191666218085,True,True,False,0.0,old_waveform
2.322199,-0.6991900984949495,True,True,False,0.0,old_waveform
2.3277545,-0.7238091340527322,True,True,False,0.0,old_waveform
2.33331,-0.7449607889710321,True,True,False,0.0,old_waveform
2.3388655,-0.7627512579283429,True,True,False,0.0,old_waveform
2.344421,-0.7773072298297217,True,True,False,0.0,old_waveform
2.3499765,-0.7887747358298902,True,True,False,0.0,old_waveform
2.355532,-0.7973176587294019,True,True,False,0.0,old_waveform
2.3610875,-0.8031156837279938,True,True,False,0.0,old_waveform
2.366643,-0.8063617444203368,True,True,False,0.0,old_waveform
2.3721985,-0.8072590283361502,True,True,False,0.0,old_waveform
2.377754,-0.8060175267197238,True,True,False,0.0,old_waveform
2.3833095,-0.8028502383255725,True,True,False,0.0,old_waveform
2.388865,-0.7979693505597445,True,True,False,0.0,old_waveform
2.3944205,-0.7915827515951489,True,True,False,0.0,old_waveform
2.399976,-0.783891083223529,True,True,False,0.0,old_waveform
2.4055315,-0.7750853637253244,True,True,False,0.0,old_waveform
2.411087,-0.7653450398153548,True,True,False,0.0,old_waveform
2.4166425,-0.7548362881206524,True,True,False,0.0,old_waveform
2.422198,-0.7437105005209289,True,True,False,0.0,old_waveform
2.4277535,-0.7321028611999674,True,True,False,0.0,old_waveform
2.433309,-0.720130812423301,True,True,False,0.0,old_waveform
2.4388645,-0.7078924445596735,True,True,False,0.0,old_waveform
2.44442,-0.6954651510256985,True,True,False,0.0,old_waveform
2.4499755,-0.6829046823683015,True,True,False,0.0,old_waveform
2.455531,-0.6702444410877669,True,True,False,0.0,old_waveform
2.4610865,-0.6574950952912424,True,True,False,0.0,old_waveform
2.466642,-0.6446449384702739,True,True,False,0.0,old_waveform
2.4721975,-0.631661278624465,True,True,False,0.0,old_waveform
2.477753,-0.6184927495296694,True,True,False,0.0,old_waveform
2.4833085,-0.6050723813422749,True,True,False,0.0,old_waveform
2.488864,-0.5913215073988065,True,True,False,0.0,old_waveform
2.4944195,-0.5771545916560199,True,True,False,0.0,old_waveform
2.499975,-0.5624846929042753,True,True,False,0.0,old_waveform
2.5055305,-0.547228936706231,True,True,False,0.0,old_waveform
2.511086,-0.5313133378632693,True,True,False,0.0,old_waveform
2.5166415,-0.5146765048036152,True,True,False,0.0,old_waveform
2.522197,-0.4972720629550662,True,True,False,0.0,old_waveform
2.5277525,-0.4790700372746778,True,True,False,0.0,old_waveform
2.533308,-0.460057631061567,True,True,False,0.0,old_waveform
2.5388635,-0.4402395578672026,True,True,False,0.0,old_waveform
2.544419,-0.419637619748228,True,True,False,0.0,old_waveform
2.5499745,-0.3982890963638819,True,True,False,0.0,old_waveform
2.55553,-0.3762439033584837,True,True,False,0.0,old_waveform
2.5610855,-0.3535610713598022,True,True,False,0.0,old_waveform
2.566641,-0.330305300957767,True,True,False,0.0,old_waveform
2.5721965,-0.3065439619077688,True,True,False,0.0,old_waveform
2.577752,-0.282344418919154,True,True,False,0.0,old_waveform
2.5833075,-0.257771597036512,True,True,False,0.0,old_waveform
2.588863,-0.2328860607979595,True,True,False,0.0,old_waveform
2.5944185,-0.2077428723225716,True,True,False,0.0,old_waveform
2.599974,-0.1823911149707994,True,True,False,0.0,old_waveform
2.6055295,-0.1568737710471137,True,True,False,0.0,old_waveform
2.611085,-0.1312277372493242,True,True,False,0.0,old_waveform
2.6166405,-0.1054838586868871,True,True,False,0.0,old_waveform
2.622196,-0.0796668473529873,True,True,False,0.0,old_waveform
2.6277515,-0.0537949977968624,True,True,False,0.0,old_waveform
2.633307,-0.0278797737509804,True,True,False,0.0,old_waveform
2.6388625,-0.0019254003617059,True,True,False,0.0,old_waveform
2.644418,0.024071534649399,True,True,False,0.0,old_waveform
2.6499735,0.0501226375796144,True,True,False,0.0,old_waveform
2.655529,0.0762485936012244,True,True,False,0.0,old_waveform
2.6610845,0.1024802736290384,True,True,False,0.0,old_waveform
2.66664,0.1288596142331818,True,True,False,0.0,old_waveform
2.6721955,0.155439831565224,True,True,False,0.0,old_waveform
2.677751,0.1822848481265954,True,True,False,0.0,old_waveform
2.6833065,0.2094679224017499,True,True,False,0.0,old_waveform
2.688862,0.2370693050776875,True,True,False,0.0,old_waveform
2.6944175,0.2651728464104902,True,True,False,0.0,old_waveform
2.699973,0.2938619956010354,True,True,False,0.0,old_waveform
2.7055285,0.3232159723876157,True,True,False,0.0,old_waveform
2.711084,0.353306628974928,True,True,False,0.0,old_waveform
2.7166395,0.3841959584262125,True,True,False,0.0,old_waveform
2.722195,0.415933917042129,True,True,False,0.0,old_waveform
2.7277505,0.4485563555274623,True,True,False,0.0,old_waveform
2.733306,0.4820830234615988,True,True,False,0.0,old_waveform
2.7388615,0.516515606444496,True,True,False,0.0,old_waveform
2.744417,0.5518357428777351,True,True,False,0.0,old_waveform
2.7499725,0.5880030436367059,True,True,False,0.0,old_waveform
2.755528,0.6249532896615309,True,True,False,0.0,old_waveform
2.7610835,0.6625971297634807,True,True,False,0.0,old_waveform
2.766639,0.7008194801082985,True,True,False,0.0,old_waveform
2.7721945,0.7394794820740235,True,True,False,0.0,old_waveform
2.77775,0.7784107777129954,True,True,False,0.0,old_waveform
2.7833055,0.8174220599825209,True,True,False,0.0,old_waveform
2.788861,0.8562979288596713,True,True,False,0.0,old_waveform
2.7944165,0.8947999943259225,True,True,False,0.0,old_waveform
2.799972,0.9326682585889638,True,True,False,0.0,old_waveform
2.8055275,0.9696230672411495,True,True,False,0.0,old_waveform
2.811083,1.0053679103603927,True,True,False,0.0,old_waveform
2.8166385,1.0395930290494464,True,True,False,0.0,old_waveform
2.822194,1.0719796245932225,True,True,False,0.0,old_waveform
2.8277495,1.102204582421092,True,True,False,0.0,old_waveform
2.833305,1.129945568118358,True,True,False,0.0,old_waveform
2.8388605,1.1548861536749808,True,True,False,0.0,old_waveform
2.844416,1.1767207008927878,True,True,False,0.0,old_waveform
2.8499715,1.1951589089746042,True,True,False,0.0,old_waveform
2.855527,1.2099299546462094,True,True,False,0.0,old_waveform
2.8610825,1.2207861719488424,True,True,False,0.0,old_waveform
2.866638,1.2275062900394638,True,True,False,0.0,old_waveform
2.8721935,1.2298982711402586,True,True,False,0.0,old_waveform
2.877749,1.2278017752925656,True,True,False,0.0,old_waveform
2.8833045,1.2210902045938163,True,True,False,0.0,old_waveform
2.88886,1.2096721870151697,True,True,False,0.0,old_waveform
2.8944155,1.1934924039221453,True,True,False,0.0,old_waveform
2.899971,1.1725318011897636,True,True,False,0.0,old_waveform
2.9055265,1.1468073367648857,True,True,False,0.0,old_waveform
2.911082,1.1163715542119184,True,True,False,0.0,old_waveform
2.9166375,1.0813122956236143,True,True,False,0.0,old_waveform
2.922193,1.0417526905590615,True,True,False,0.0,old_waveform
2.9277485,0.997851501981616,True,True,False,0.0,old_waveform
2.933304,0.9498039273025736,True,True,False,0.0,old_waveform
2.9388595,0.8978426694675025,True,True,False,0.0,old_waveform
2.944415,0.8422387857317382,True,True,False,0.0,old_waveform
2.9499705,0.7833018694348719,True,True,False,0.0,old_waveform
2.955526,0.7213792634724804,True,True,False,0.0,old_waveform
2.9610815,0.6568540234341107,True,True,False,0.0,old_waveform
2.966637,0.5901414584159973,True,True,False,0.0,old_waveform
2.9721925,0.5216843694113777,True,True,False,0.0,old_waveform
2.977748,0.4519473305196892,True,True,False,0.0,old_waveform
2.9833035,0.381410401440851,True,True,False,0.0,old_waveform
2.988859,0.3105627002960539,True,True,False,0.0,old_waveform
2.9944145,0.23989623536554,True,True,False,0.0,old_waveform
2.99997,0.1699052221672767,True,True,False,0.0,old_waveform
3.0055255,0.1010737718871017,True,True,False,0.0,old_waveform
3.011081,0.0338649813250776,True,True,False,0.0,old_waveform
3.0166365,-0.03128003621482,True,True,False,0.0,old_waveform
3.022192,-0.0939492806242397,True,True,False,0.0,old_waveform
3.0277475,-0.1537671151319896,True,True,False,0.0,old_waveform
3.033303,-0.2104009835493483,True,True,False,0.0,old_waveform
3.0388585,-0.2635667549019478,True,True,False,0.0,old_waveform
3.044414,-0.3130321961478972,True,True,False,0.0,old_waveform
3.0499695,-0.3586186613014064,True,True,False,0.0,old_waveform
3.055525,-0.4002015430630294,True,True,False,0.0,old_waveform
3.0610805,-0.4377101330213092,True,True,False,0.0,old_waveform
3.066636,-0.4711272137788854,True,True,False,0.0,old_waveform
3.0721915,-0.5004883215918666,True,True,False,0.0,old_waveform
3.077747,-0.5258803938825063,True,True,False,0.0,old_waveform
3.0833025,-0.5474392582956312,True,True,False,0.0,old_waveform
3.088858,-0.5653454617209684,True,True,False,0.0,old_waveform
3.0944135,-0.579818643914411,True,True,False,0.0,old_waveform
3.099969,-0.5911112785147075,True,True,False,0.0,old_waveform
3.1055245,-0.5995023785096122,True,True,False,0.0,old_waveform
3.11108,-0.6052911909698059,True,True,False,0.0,old_waveform
3.1166355,-0.6087907833148737,True,True,False,0.0,old_waveform
3.122191,-0.6103216749662821,True,True,False,0.0,old_waveform
3.1277465,-0.610205874771015,True,True,False,0.0,old_waveform
3.133302,-0.6087617107272106,True,True,False,0.0,old_waveform
3.1388575,-0.6062995041070777,True,True,False,0.0,old_waveform
3.144413,-0.603117613856799,True,True,False,0.0,old_waveform
3.1499685,-0.5994984135490635,True,True,False,0.0,old_waveform
3.155524,-0.5957043925944591,True,True,False,0.0,old_waveform
3.1610795,-0.591974925504811,True,True,False,0.0,old_waveform
3.166635,-0.5885239984028915,True,True,False,0.0,old_waveform
3.1721905,-0.5855387437792836,True,True,False,0.0,old_waveform
3.177746,-0.5831783658261019,True,True,False,0.0,old_waveform
3.1833015,-0.5815731069506551,True,True,False,0.0,old_waveform
3.188857,-0.5808233016852536,True,True,False,0.0,old_waveform
3.1944125,-0.5809988224090077,True,True,False,0.0,old_waveform
3.199968,-0.5821389702275273,True,True,False,0.0,old_waveform
3.2055235,-0.5842525939265403,True,True,False,0.0,old_waveform
3.211079,-0.587318501896967,True,True,False,0.0,old_waveform
3.2166345,-0.5912866272602441,True,True,False,0.0,old_waveform
3.22219,-0.5960802768491245,True,True,False,0.0,old_waveform
3.2277455,-0.6015993794544123,True,True,False,0.0,old_waveform
3.233301,-0.6077244610569413,True,True,False,0.0,old_waveform
3.2388565,-0.6143211301019005,True,True,False,0.0,old_waveform
3.244412,-0.621244836742384,True,True,False,0.0,old_waveform
3.2499675,-0.6283454462029083,True,True,False,0.0,old_waveform
3.255523,-0.6354710834795038,True,True,False,0.0,old_waveform
3.2610785,-0.6424710500701433,True,True,False,0.0,old_waveform
3.266634,-0.649198001620981,True,True,False,0.0,old_waveform
3.2721895,-0.6555095698834661,True,True,False,0.0,old_waveform
3.277745,-0.6612694122570257,True,True,False,0.0,old_waveform
3.2833005,-0.666347639159155,True,True,False,0.0,old_waveform
3.288856,-0.6706206832103205,True,True,False,0.0,old_waveform
3.2944115,-0.6739708025996256,True,True,False,0.0,old_waveform
3.299967,-0.6762855771784229,True,True,False,0.0,old_waveform
3.3055225,-0.6774577997307994,True,True,False,0.0,old_waveform
3.311078,-0.6773858183368512,True,True,False,0.0,old_waveform
3.3166335,-0.6759739540662025,True,True,False,0.0,old_waveform
3.322189,-0.6731326610259927,True,True,False,0.0,old_waveform
3.3277445,-0.668778485497705,True,True,False,0.0,old_waveform
3.3333,-0.6628341231194755,True,True,False,0.0,old_waveform
3.3388555,-0.6552288794135149,True,True,False,0.0,old_waveform
3.344411,-0.6458997586326148,True,True,False,0.0,old_waveform
3.3499665,-0.6347932900350055,True,True,False,0.0,old_waveform
3.355522,-0.6218680142532271,True,True,False,0.0,old_waveform
3.3610775,-0.6070973071231283,True,True,False,0.0,old_waveform
3.366633,-0.5904720252904024,True,True,False,0.0,old_waveform
3.3721885,-0.5720024140826916,True,True,False,0.0,old_waveform
3.377744,-0.5517188857247198,True,True,False,0.0,old_waveform
3.3832995,-0.5296715733503027,True,True,False,0.0,old_waveform
3.388855,-0.5059287101754217,True,True,False,0.0,old_waveform
3.3944105,-0.4805738907627941,True,True,False,0.0,old_waveform
3.399966,-0.4537025136193443,True,True,False,0.0,old_waveform
3.4055215,-0.4254179985470511,True,True,False,0.0,old_waveform
3.411077,-0.3958282095739714,True,True,False,0.0,old_waveform
3.4166325,-0.3650421875825315,True,True,False,0.0,old_waveform
3.422188,-0.3331672408434022,True,True,False,0.0,old_waveform
3.4277435,-0.3003064088990395,True,True,False,0.0,old_waveform
3.433299,-0.2665562270738157,True,True,False,0.0,old_waveform
3.4388545,-0.232004798330392,True,True,False,0.0,old_waveform
3.44441,-0.1967302332077375,True,True,False,0.0,old_waveform
3.4499655,-0.1607993706551785,True,True,False,0.0,old_waveform
3.455521,-0.1242666596939766,True,True,False,0.0,old_waveform
3.4610765,-0.087173260835034,True,True,False,0.0,old_waveform
3.466632,-0.0495465053715717,True,True,False,0.0,old_waveform
3.4721875,-0.0113998535020936,True,True,False,0.0,old_waveform
3.477743,0.027266490971087,True,True,False,0.0,old_waveform
3.4832985,0.0664643194271313,True,True,False,0.0,old_waveform
3.488854,0.1062157135384448,True,True,False,0.0,old_waveform
3.4944095,0.1465510582325327,True,True,False,0.0,old_waveform
3.499965,0.187506839638139,True,True,False,0.0,old_waveform
3.5055205,0.2291232890138463,True,True,False,0.0,old_waveform
3.511076,0.2714419318210989,True,True,False,0.0,old_waveform
3.5166315,0.314503042228619,True,True,False,0.0,old_waveform
3.522187,0.3583429679297357,True,True,False,0.0,old_waveform
3.5277425,0.4029913869814751,True,True,False,0.0,old_waveform
3.533298,0.4484686555967972,True,True,False,0.0,old_waveform
3.5388535,0.4947833804927358,True,True,False,0.0,old_waveform
3.544409,0.541930264363386,True,True,False,0.0,old_waveform
3.5499645,0.5898881226067001,True,True,False,0.0,old_waveform
3.55552,0.6386178805894998,True,True,False,0.0,old_waveform
3.5610755,0.6880605310106704,True,True,False,0.0,old_waveform
3.566631,0.7381352702501921,True,True,False,0.0,old_waveform
3.5721865,0.7887380574566506,True,True,False,0.0,old_waveform
3.577742,0.8397406552905657,True,True,False,0.0,old_waveform
3.5832975,0.8909900008832148,True,True,False,0.0,old_waveform
3.588853,0.9423077511920844,True,True,False,0.0,old_waveform
3.5944085,0.9934900521011556,True,True,False,0.0,old_waveform
3.599964,1.0443076581485458,True,True,False,0.0,old_waveform
3.6055195,1.0945063082450917,True,True,False,0.0,old_waveform
3.611075,1.143807075686637,True,True,False,0.0,old_waveform
3.6166305,1.191906666033515,True,True,False,0.0,old_waveform
3.622186,1.2384781630849586,True,True,False,0.0,old_waveform
3.6277415,1.2831729292395293,True,True,False,0.0,old_waveform
3.633297,1.3256241327940737,True,True,False,0.0,old_waveform
3.6388525,1.3654520201625917,True,True,False,0.0,old_waveform
3.644408,1.4022706790065924,True,True,False,0.0,old_waveform
3.6499635,1.4356957288776973,True,True,False,0.0,old_waveform
3.655519,1.4653522648817563,True,True,False,0.0,old_waveform
3.6610745,1.490882394158595,True,True,False,0.0,old_waveform
3.66663,1.5119518315186906,True,True,False,0.0,old_waveform
3.6721855,1.528255288981649,True,True,False,0.0,old_waveform
3.677741,1.539520635604117,True,True,False,0.0,old_waveform
3.6832965,1.5455120052261648,True,True,False,0.0,old_waveform
3.688852,1.5460323317363152,True,True,False,0.0,old_waveform
3.6944075,1.540925952580101,True,True,False,0.0,old_waveform
3.699963,1.5300815961678411,True,True,False,0.0,old_waveform
3.7055185,1.513435517611318,True,True,False,0.0,old_waveform
3.711074,1.490974289518988,True,True,False,0.0,old_waveform
3.7166295,1.4627368237640437,True,True,False,0.0,old_waveform
3.722185,1.4288152789820316,True,True,False,0.0,old_waveform
3.7277405,1.3893545371376417,True,True,False,0.0,old_waveform
3.733296,1.3445501661451096,True,True,False,0.0,old_waveform
3.7388515,1.2946451900960625,True,True,False,0.0,old_waveform
3.744407,1.2399261884707111,True,True,False,0.0,old_waveform
3.7499625,1.1807191316136465,True,True,False,0.0,old_waveform
3.755518,1.1173850836636183,True,True,False,0.0,old_waveform
3.7610735,1.0503156102973998,True,True,False,0.0,old_waveform
3.766629,0.97992760398886,True,True,False,0.0,old_waveform
3.7721845,0.906657394403946,True,True,False,0.0,old_waveform
3.77774,0.8309543822674268,True,True,False,0.0,old_waveform
3.7832955,0.7532748247398022,True,True,False,0.0,old_waveform
3.788851,0.6740764621714959,True,True,False,0.0,old_waveform
3.7944065,0.593814241396021,True,True,False,0.0,old_waveform
3.799962,0.5129368425888338,True,True,False,0.0,old_waveform
3.8055175,0.431883617067991,True,True,False,0.0,old_waveform
3.811073,0.3510818968418694,True,True,False,0.0,old_waveform
3.8166285,0.2709449091492541,True,True,False,0.0,old_waveform
3.822184,0.1918703439447896,True,True,False,0.0,old_waveform
3.8277395,0.1142390810835941,True,True,False,0.0,old_waveform
3.833295,0.0384132241457739,True,True,False,0.0,old_waveform
3.8388505,-0.0352670726425822,True,True,False,0.0,old_waveform
3.844406,-0.1064877731425588,True,True,False,0.0,old_waveform
3.8499615,-0.1749655963482037,True,True,False,0.0,old_waveform
3.855517,-0.2404527827990284,True,True,False,0.0,old_waveform
3.8610725,-0.3027417701774298,True,True,False,0.0,old_waveform
3.866628,-0.361669395812127,True,True,False,0.0,old_waveform
3.8721835,-0.4171202378363499,True,True,False,0.0,old_waveform
3.877739,-0.4690289625121381,True,True,False,0.0,old_waveform
3.8832945,-0.5173815210070594,True,True,False,0.0,old_waveform
3.88885,-0.5622147236180405,True,True,False,0.0,old_waveform
3.8944055,-0.6036137486632204,True,True,False,0.0,old_waveform
3.899961,-0.6417076598144567,True,True,False,0.0,old_waveform
3.9055165,-0.6766635757964943,True,True,False,0.0,old_waveform
3.911072,-0.7086802932210077,True,True,False,0.0,old_waveform
3.9166275,-0.7379817605907752,True,True,False,0.0,old_waveform
3.922183,-0.7648103220439665,True,True,False,0.0,old_waveform
3.9277385,-0.7894195772425556,True,True,False,0.0,old_waveform
3.933294,-0.8120668274413858,True,True,False,0.0,old_waveform
3.9388495,-0.8330052583623685,True,True,False,0.0,old_waveform
3.944405,-0.8524764047745563,True,True,False,0.0,old_waveform
3.9499605,-0.8707036546859152,True,True,False,0.0,old_waveform
3.955516,-0.8878871966242616,True,True,False,0.0,old_waveform
3.9610715,-0.904200398241056,True,True,False,0.0,old_waveform
3.966627,-0.9197875978856488,True,True,False,0.0,old_waveform
3.9721825,-0.9347632875131602,True,True,False,0.0,old_waveform
3.977738,-0.9492123487741396,True,True,False,0.0,old_waveform
3.9832935,-0.963190831967674,True,True,False,0.0,old_waveform
3.988849,-0.9767270706496576,True,True,False,0.0,old_waveform
3.9944045,-0.9898233315576576,True,True,False,0.0,old_waveform
3.99996,-1.0024581445957566,True,True,False,0.0,old_waveform
4.0055155,-1.0145895598176375,True,True,False,0.0,old_waveform
4.011071,-1.026158998771303,True,True,False,0.0,old_waveform
4.0166265,-1.0370950676272326,True,True,False,0.0,old_waveform
4.022182,-1.0473171680577114,True,True,False,0.0,old_waveform
4.0277375,-1.0567385954542403,True,True,False,0.0,old_waveform
4.033293,-1.0652692288945251,True,True,False,0.0,old_waveform
4.0388485,-1.0728179691837718,True,True,False,0.0,old_waveform
4.044404,-1.0792948999840937,True,True,False,0.0,old_waveform
4.0499595,-1.0846130325836494,True,True,False,0.0,old_waveform
4.055515,-1.0886895322390502,True,True,False,0.0,old_waveform
4.0610705,-1.0914463468642857,True,True,False,0.0,old_waveform
4.066626,-1.0928101359612217,True,True,False,0.0,old_waveform
4.0721815,-1.0927115051214462,True,True,False,0.0,old_waveform
4.077737,-1.091083763588767,True,True,False,0.0,old_waveform
4.0832925,-1.087861635317871,True,True,False,0.0,old_waveform
4.088848,-1.0829804269791288,True,True,False,0.0,old_waveform
4.0944035,-1.0763757318138962,True,True,False,0.0,old_waveform
4.099959,-1.0679830993911874,True,True,False,0.0,old_waveform
4.1055145,-1.0577372242579988,True,True,False,0.0,old_waveform
4.11107,-1.045571113434383,True,True,False,0.0,old_waveform
4.1166255,-1.0314161961151778,True,True,False,0.0,old_waveform
4.122181,-1.0152038675303243,True,True,False,0.0,old_waveform
4.1277365,-0.996868199315216,True,True,False,0.0,old_waveform
4.133292,-0.976349248692562,True,True,False,0.0,old_waveform
4.1388475,-0.9535964753244324,True,True,False,0.0,old_waveform
4.144403,-0.9285719097364736,True,True,False,0.0,old_waveform
4.1499585,-0.9012529774839902,True,True,False,0.0,old_waveform
4.155514,-0.871635161733387,True,True,False,0.0,old_waveform
4.1610695,-0.839734527182572,True,True,False,0.0,old_waveform
4.166625,-0.8055896231913652,True,True,False,0.0,old_waveform
4.1721805,-0.7692621366831419,True,True,False,0.0,old_waveform
4.177736,-0.730836162845685,True,True,False,0.0,old_waveform
4.1832915,-0.6904165978801526,True,True,False,0.0,old_waveform
4.188847,-0.6481272463701491,True,True,False,0.0,old_waveform
4.1944025,-0.6041087285884872,True,True,False,0.0,old_waveform
4.199958,-0.5585158619064943,True,True,False,0.0,old_waveform
4.2055135,-0.5115143562996048,True,True,False,0.0,old_waveform
4.211069,-0.4632770994895887,True,True,False,0.0,old_waveform
4.2166245,-0.4139805376732876,True,True,False,0.0,old_waveform
4.22218,-0.3638015211657244,True,True,False,0.0,old_waveform
4.2277355,-0.3129145637870573,True,True,False,0.0,old_waveform
4.233291,-0.2614891673674007,True,True,False,0.0,old_waveform
4.2388465,-0.2096870418882855,True,True,False,0.0,old_waveform
4.244402,-0.1576593429420443,True,True,False,0.0,old_waveform
4.2499575,-0.1055439579036293,True,True,False,0.0,old_waveform
4.255513,-0.0534626556660407,True,True,False,0.0,old_waveform
4.2610685,-0.0015179855168366,True,True,False,0.0,old_waveform
4.266624,0.0502099188998693,True,True,False,0.0,old_waveform
4.2721795,0.1016662349594906,True,True,False,0.0,old_waveform
4.277735,0.1528235428530814,True,True,False,0.0,old_waveform
4.2832905,0.2036826279739821,True,True,False,0.0,old_waveform
4.288846,0.2542716182405157,True,True,False,0.0,old_waveform
4.2944015,0.304643393607293,True,True,False,0.0,old_waveform
4.299957,0.3548716165577761,True,True,False,0.0,old_waveform
4.3055125,0.4050457701427223,True,True,False,0.0,old_waveform
4.311068,0.4552653119116346,True,True,False,0.0,old_waveform
4.3166235,0.505633108738271,True,True,False,0.0,old_waveform
4.322179,0.5562486767478583,True,True,False,0.0,old_waveform
4.3277345,0.6072017643316757,True,True,False,0.0,old_waveform
4.33329,0.658566538411287,True,True,False,0.0,old_waveform
4.3388455,0.710396571411047,True,True,False,0.0,old_waveform
4.344401,0.7627208599455707,True,True,False,0.0,old_waveform
4.3499565,0.8155409448828304,True,True,False,0.0,old_waveform
4.355512,0.8688290576394271,True,True,False,0.0,old_waveform
4.3610675,0.9225272508185656,True,True,False,0.0,old_waveform
4.366623,0.9765474536856464,True,True,False,0.0,old_waveform
4.3721785,1.0307722535740822,True,True,False,0.0,old_waveform
4.377734,1.0850562231398768,True,True,False,0.0,old_waveform
4.3832895,1.1392277582652566,True,True,False,0.0,old_waveform
4.388845,1.1930912682848565,True,True,False,0.0,old_waveform
4.3944005,1.2464293130169986,True,True,False,0.0,old_waveform
4.399956,1.2990043510462974,True,True,False,0.0,old_waveform
4.4055115,1.3505600572793146,True,True,False,0.0,old_waveform
4.411067,1.4008224404535778,True,True,False,0.0,old_waveform
4.4166225,1.4495010735146787,True,True,False,0.0,old_waveform
4.422178,1.496290511151671,True,True,False,0.0,old_waveform
4.4277335,1.5408717644061305,True,True,False,0.0,old_waveform
4.433289,1.5829138901066009,True,True,False,0.0,old_waveform
4.4388445,1.6220759798917737,True,True,False,0.0,old_waveform
4.4444,1.6580097375565852,True,True,False,0.0,old_waveform
4.4499555,1.6903627412881097,True,True,False,0.0,old_waveform
4.455511,1.7187826319751087,True,True,False,0.0,old_waveform
4.4610665,1.742922348456674,True,True,False,0.0,old_waveform
4.466622,1.7624459175665248,True,True,False,0.0,old_waveform
4.4721775,1.7770339383956877,True,True,False,0.0,old_waveform
4.477733,1.7863883442636357,True,True,False,0.0,old_waveform
4.4832885,1.790236713753916,True,True,False,0.0,old_waveform
4.488844,1.7883364483095316,True,True,False,0.0,old_waveform
4.4943995,1.7804786883567616,True,True,False,0.0,old_waveform
4.499955,1.766491784521072,True,True,False,0.0,old_waveform
4.5055105,1.7462445330540002,True,True,False,0.0,old_waveform
4.511066,1.7196495185358216,True,True,False,0.0,old_waveform
4.5166215,1.686666656847839,True,True,False,0.0,old_waveform
4.522177,1.6473067770751333,True,True,False,0.0,old_waveform
4.5277325,1.6016349255227886,True,True,False,0.0,old_waveform
4.533288,1.549772966884209,True,True,False,0.0,old_waveform
4.5388435,1.491901078686807,True,True,False,0.0,old_waveform
4.544399,1.4282579664137247,True,True,False,0.0,old_waveform
4.5499545,1.3591399216838902,True,True,False,0.0,old_waveform
4.55551,1.284898907876206,True,True,False,0.0,old_waveform
4.5610655,1.2059396838261862,True,True,False,0.0,old_waveform
4.566621,1.1227158637502912,True,True,False,0.0,old_waveform
4.5721765,1.0357248837323616,True,True,False,0.0,old_waveform
4.577732,0.9455019970965464,True,True,False,0.0,old_waveform
4.5832875,0.8526134793333353,True,True,False,0.0,old_waveform
4.588843,0.7576491080742114,True,True,False,0.0,old_waveform
4.5943985,0.6612139460383152,True,True,False,0.0,old_waveform
4.599954,0.5639197058345564,True,True,False,0.0,old_waveform
4.6055095,0.4663762265323066,True,True,False,0.0,old_waveform
4.611065,0.3691835892596629,True,True,False,0.0,old_waveform
4.6166205,0.2729252538800454,True,True,False,0.0,old_waveform
4.622176,0.178162328961027,True,True,False,0.0,old_waveform
4.6277315,0.0854287866640292,True,True,False,0.0,old_waveform
4.633287,-0.0047725988572243,True,True,False,0.0,old_waveform
4.6388425,-0.0919737265011039,True,True,False,0.0,old_waveform
4.644398,-0.1757442605320934,True,True,False,0.0,old_waveform
4.6499535,-0.2556944398245087,True,True,False,0.0,old_waveform
4.655509,-0.3314773551880108,True,True,False,0.0,old_waveform
4.6610645,-0.4027904204498067,True,True,False,0.0,old_waveform
4.66662,-0.4693760407800607,True,True,False,0.0,old_waveform
4.6721755,-0.5310215120662852,True,True,False,0.0,old_waveform
4.677731,-0.5875581048139793,True,True,False,0.0,old_waveform
4.6832865,-0.6388594964422374,True,True,False,0.0,old_waveform
4.688842,-0.6848400639134022,True,True,False,0.0,old_waveform
4.6943975,-0.7254536515467973,True,True,False,0.0,old_waveform
4.699953,-0.7606930471546384,True,True,False,0.0,old_waveform
4.7055085,-0.7905898174150942,True,True,False,0.0,old_waveform
4.711064,-0.8152140188267317,True,True,False,0.0,old_waveform
4.7166195,-0.834673629365813,True,True,False,0.0,old_waveform
4.722175,-0.8491138397320003,True,True,False,0.0,old_waveform
4.7277305,-0.8587164045098351,True,True,False,0.0,old_waveform
4.733286,-0.863699050406359,True,True,False,0.0,old_waveform
4.7388415,-0.8643146133105523,True,True,False,0.0,old_waveform
4.744397,-0.8608496737837762,True,True,False,0.0,old_waveform
4.7499525,-0.8536229815819155,True,True,False,0.0,old_waveform
4.755508,-0.8429840065274599,True,True,False,0.0,old_waveform
4.7610635,-0.8293112788289703,True,True,False,0.0,old_waveform
4.766619,-0.813009684928892,True,True,False,0.0,old_waveform
4.7721745,-0.7945061453976971,True,True,False,0.0,old_waveform
4.77773,-0.7742437589084658,True,True,False,0.0,old_waveform
4.7832855,-0.7526749835744319,True,True,False,0.0,old_waveform
4.788841,-0.7302544694476215,True,True,False,0.0,old_waveform
4.7943965,-0.7074319312858636,True,True,False,0.0,old_waveform
4.799952,-0.6846453938834486,True,True,False,0.0,old_waveform
4.8055075,-0.6623151870175006,True,True,False,0.0,old_waveform
4.811063,-0.6408387776894332,True,True,False,0.0,old_waveform
4.8166185,-0.6205861223022999,True,True,False,0.0,old_waveform
4.822174,-0.6018952372429138,True,True,False,0.0,old_waveform
4.8277295,-0.5850679157920905,True,True,False,0.0,old_waveform
4.833285,-0.5703655436897034,True,True,False,0.0,old_waveform
4.8388405,-0.5580050080228683,True,True,False,0.0,old_waveform
4.844396,-0.5481549260971059,True,True,False,0.0,old_waveform
4.8499515,-0.5409325082446581,True,True,False,0.0,old_waveform
4.855507,-0.53640124572368,True,True,False,0.0,old_waveform
4.8610625,-0.5345695340659866,True,True,False,0.0,old_waveform
4.866618,-0.5353902927018342,True,True,False,0.0,old_waveform
4.8721735,-0.5387615544494613,True,True,False,0.0,old_waveform
4.877729,-0.5445279455268757,True,True,False,0.0,old_waveform
4.8832845,-0.5524829699801184,True,True,False,0.0,old_waveform
4.88884,-0.5623721103058363,True,True,False,0.0,old_waveform
4.8943955,-0.5738969093640668,True,True,False,0.0,old_waveform
4.899951,-0.5867199934893146,True,True,False,0.0,old_waveform
4.9055065,-0.6004704956721552,True,True,False,0.0,old_waveform
4.911062,-0.6147493197251525,True,True,False,0.0,old_waveform
4.9166175,-0.6291342586492583,True,True,False,0.0,old_waveform
4.922173,-0.6431854113333157,True,True,False,0.0,old_waveform
4.9277285,-0.6564513354712563,True,True,False,0.0,old_waveform
4.933284,-0.6684761844716004,True,True,False,0.0,old_waveform
4.9388395,-0.6788077806262044,True,True,False,0.0,old_waveform
4.944395,-0.6870061570053256,True,True,False,0.0,old_waveform
4.9499505,-0.6926518207416237,True,True,False,0.0,old_waveform
4.955506,-0.6953531124186203,True,True,False,0.0,old_waveform
4.9610615,-0.6947523705677433,True,True,False,0.0,old_waveform
4.966617,-0.6905308160975895,True,True,False,0.0,old_waveform
4.9721725,-0.682412217743748,True,True,False,0.0,old_waveform
4.977728,-0.6701656143731707,True,True,False,0.0,old_waveform
4.9832835,-0.6536074315062123,True,True,False,0.0,old_waveform
4.988839,-0.6326031468440363,True,True,False,0.0,old_waveform
4.9943945,-0.6070684315651868,True,True,False,0.0,old_waveform
4.99995,-0.5769703338153149,True,True,False,0.0,old_waveform
5.0055055,-0.5423261244850496,True,True,False,0.0,old_waveform
5.011061,-0.5032014634558788,True,True,False,0.0,old_waveform
5.0166165,-0.4597096839600715,True,True,False,0.0,old_waveform
5.022172,-0.4120101555568856,True,True,False,0.0,old_waveform
5.0277275,-0.3603065378534201,True,True,False,0.0,old_waveform
5.033283,-0.3048448129734512,True,True,False,0.0,old_waveform
5.0388385,-0.2459109368459184,True,True,False,0.0,old_waveform
5.044394,-0.1838281079285734,True,True,False,0.0,old_waveform
5.0499495,-0.118953736339074,True,True,False,0.0,old_waveform
5.055505,-0.0516758861656597,True,True,False,0.0,old_waveform
5.0610605,0.017591333004654,True,True,False,0.0,old_waveform
5.066616,0.0884136455131427,True,True,False,0.0,old_waveform
5.0721715,0.1603432756599164,True,True,False,0.0,old_waveform
5.077727,0.2329255890270357,True,True,False,0.0,old_waveform
5.0832825,0.305705210238969,True,True,False,0.0,old_waveform
5.088838,0.378231480166151,True,True,False,0.0,old_waveform
5.0943935,0.4500631870759694,True,True,False,0.0,old_waveform
5.099949,0.5207726003387619,True,True,False,0.0,old_waveform
5.1055045,0.5899490548977155,True,True,False,0.0,old_waveform
5.11106,0.6572023911416377,True,True,False,0.0,old_waveform
5.1166155,0.7221663301107876,True,True,False,0.0,old_waveform
5.122171,0.7845015751282078,True,True,False,0.0,old_waveform
5.1277265,0.8438983155833913,True,True,False,0.0,old_waveform
5.133282,0.9000779226982901,True,True,False,0.0,old_waveform
5.1388375,0.9527938480233176,True,True,False,0.0,old_waveform
5.144393,1.0018317761975193,True,True,False,0.0,old_waveform
5.1499485,1.0470089253797343,True,True,False,0.0,old_waveform
5.155504,1.0881725003328928,True,True,False,0.0,old_waveform
5.1610595,1.1251977377271374,True,True,False,0.0,old_waveform
5.166615,1.157986041694488,True,True,False,0.0,old_waveform
5.1721705,1.186463197386692,True,True,False,0.0,old_waveform
5.177726,1.210577322037346,True,True,False,0.0,old_waveform
5.1832815,1.2302964311926563,True,True,False,0.0,old_waveform
5.188837,1.2456057679631645,True,True,False,0.0,old_waveform
5.1943925,1.2565050982429862,True,True,False,0.0,old_waveform
5.199948,1.2630062820186716,True,True,False,0.0,old_waveform
5.2055035,1.2651315523718951,True,True,False,0.0,old_waveform
5.211059,1.2629126963926802,True,True,False,0.0,old_waveform
5.2166145,1.2563908634685288,True,True,False,0.0,old_waveform
5.22217,1.2456165779567094,True,True,False,0.0,old_waveform
5.2277255,1.230649829726762,True,True,False,0.0,old_waveform
5.233281,1.21156041938394,True,True,False,0.0,old_waveform
5.2388365,1.1884287181145845,True,True,False,0.0,old_waveform
5.244392,1.1613468502609992,True,True,False,0.0,old_waveform
5.2499475,1.130420214147341,True,True,False,0.0,old_waveform
5.255503,1.095769108375907,True,True,False,0.0,old_waveform
5.2610585,1.0575301431816444,True,True,False,0.0,old_waveform
5.266614,1.0158573381350084,True,True,False,0.0,old_waveform
5.2721695,0.9709230685938756,True,True,False,0.0,old_waveform
5.277725,0.9229189597058082,True,True,False,0.0,old_waveform
5.2832805,0.8720566117893486,True,True,False,0.0,old_waveform
5.288836,0.8185679908396284,True,True,False,0.0,old_waveform
5.2943915,0.7627054248432233,True,True,False,0.0,old_waveform
5.299947,0.7047412784920917,True,True,False,0.0,old_waveform
5.3055025,0.6449674801785624,True,True,False,0.0,old_waveform
5.311058,0.5836951026264161,True,True,False,0.0,old_waveform
5.3166135,0.5212541297048962,True,True,False,0.0,old_waveform
5.322169,0.4579933603434621,True,True,False,0.0,old_waveform
5.3277245,0.3942801540938899,True,True,False,0.0,old_waveform
5.33328,0.3304995912768377,True,True,False,0.0,old_waveform
5.3388355,0.2670527032484099,True,True,False,0.0,old_waveform
5.344391,0.2043536235298649,True,True,False,0.0,old_waveform
5.3499465,0.1428256548401957,True,True,False,0.0,old_waveform
5.355502,0.0828963342098954,True,True,False,0.0,old_waveform
5.3610575,0.0249917275283351,True,True,False,0.0,old_waveform
5.366613,-0.0304697212071675,True,True,False,0.0,old_waveform
5.3721685,-0.0830836342716445,True,True,False,0.0,old_waveform
5.377724,-0.1324665295565217,True,True,False,0.0,old_waveform
5.3832795,-0.178263065467976,True,True,False,0.0,old_waveform
5.388835,-0.2201534213580017,True,True,False,0.0,old_waveform
5.3943905,-0.2578603775539704,True,True,False,0.0,old_waveform
5.399946,-0.2911557223132706,True,True,False,0.0,old_waveform
5.4055015,-0.319865596776118,True,True,False,0.0,old_waveform
5.411057,-0.343874382852317,True,True,False,0.0,old_waveform
5.4166125,-0.3631269885631199,True,True,False,0.0,old_waveform
5.422168,-0.3776296342770477,True,True,False,0.0,old_waveform
5.4277235,-0.3874492347767374,True,True,False,0.0,old_waveform
5.433279,-0.3927114194543275,True,True,False,0.0,old_waveform
5.4388345,-0.3935973975739744,True,True,False,0.0,old_waveform
5.44439,-0.3903401467303822,True,True,False,0.0,old_waveform
5.4499455,-0.3832203958469475,True,True,False,0.0,old_waveform
5.455501,-0.3725625326897845,True,True,False,0.0,old_waveform
5.4610565,-0.3587303635305214,True,True,False,0.0,old_waveform
5.466612,-0.3421227771682705,True,True,False,0.0,old_waveform
5.4721675,-0.3231694172896151,True,True,False,0.0,old_waveform
5.477723,-0.3023262104134816,True,True,False,0.0,old_waveform
5.4832785,-0.2800702695023931,True,True,False,0.0,old_waveform
5.488834,-0.2568936549254381,True,True,False,0.0,old_waveform
5.4943895,-0.2332958404365597,True,True,False,0.0,old_waveform
5.499945,-0.2097752655846781,True,True,False,0.0,old_waveform
5.5055005,-0.1868206843426911,True,True,False,0.0,old_waveform
5.511056,-0.1649029246784136,True,True,False,0.0,old_waveform
5.5166115,-0.1444673676439271,True,True,False,0.0,old_waveform
5.522167,-0.1259273594539457,True,True,False,0.0,old_waveform
5.5277225,-0.1096587655444898,True,True,False,0.0,old_waveform
5.533278,-0.0959955929603418,True,True,False,0.0,old_waveform
5.5388335,-0.085226343845802,True,True,False,0.0,old_waveform
5.544389,-0.0775908909632918,True,True,False,0.0,old_waveform
5.5499445,-0.0732778733067473,True,True,False,0.0,old_waveform
5.5555,-0.0724226706577928,True,True,False,0.0,old_waveform
5.5610555,-0.075106069537787,True,True,False,0.0,old_waveform
5.566611,-0.0813536508053063,True,True,False,0.0,old_waveform
5.5721665,-0.0911357707152969,True,True,False,0.0,old_waveform
5.577722,-0.1043681950964052,True,True,False,0.0,old_waveform
5.5832775,-0.1209137164731114,True,True,False,0.0,old_waveform
5.588833,-0.1405848461531381,True,True,False,0.0,old_waveform
5.5943885,-0.1631472507566403,True,True,False,0.0,old_waveform
5.599944,-0.188323624785153,True,True,False,0.0,old_waveform
5.6054995,-0.2157979696538278,True,True,False,0.0,old_waveform
5.611055,-0.2452203238048677,True,True,False,0.0,old_waveform
5.6166105,-0.2762119151067587,True,True,False,0.0,old_waveform
5.622166,-0.3083706448141737,True,True,False,0.0,old_waveform
5.6277215,-0.3412767742877254,True,True,False,0.0,old_waveform
5.633277,-0.3744988088990147,True,True,False,0.0,old_waveform
5.6388325,-0.4075997137478269,True,True,False,0.0,old_waveform
5.644388,-0.440143369459696,True,True,False,0.0,old_waveform
5.6499435,-0.4717009035083581,True,True,False,0.0,old_waveform
5.655499,-0.5018567405183199,True,True,False,0.0,old_waveform
5.6610545,-0.5302144857792391,True,True,False,0.0,old_waveform
5.66661,-0.5564025786810828,True,True,False,0.0,old_waveform
5.6721655,-0.5800794939931218,True,True,False,0.0,old_waveform
5.677721,-0.600938521087149,True,True,False,0.0,old_waveform
5.6832765,-0.6187122675150224,True,True,False,0.0,old_waveform
5.688832,-0.6331766501864856,True,True,False,0.0,old_waveform
5.6943875,-0.6441537523707733,True,True,False,0.0,old_waveform
5.699943,-0.6515130371399215,True,True,False,0.0,old_waveform
5.7054985,-0.6551709225367974,True,True,False,0.0,old_waveform
5.711054,-0.655089172731391,True,True,False,0.0,old_waveform
5.7166095,-0.6512725865491211,True,True,False,0.0,old_waveform
5.722165,-0.6437661766357642,True,True,False,0.0,old_waveform
5.7277205,-0.6326518213842576,True,True,False,0.0,old_waveform
5.733276,-0.6180444880374762,True,True,False,0.0,old_waveform
5.7388315,-0.6000884196768049,True,True,False,0.0,old_waveform
5.744387,-0.578953686576076,True,True,False,0.0,old_waveform
5.7499425,-0.5548330424145146,True,True,False,0.0,old_waveform
5.755498,-0.5279385231779299,True,True,False,0.0,old_waveform
5.7610535,-0.4984971747676749,True,True,False,0.0,old_waveform
5.766609,-0.4667457670131091,True,True,False,0.0,old_waveform
5.7721645,-0.4329250441617103,True,True,False,0.0,old_waveform
5.77772,-0.3972744530606995,True,True,False,0.0,old_waveform
5.7832755,-0.3600279562704668,True,True,False,0.0,old_waveform
5.788831,-0.3214107079297459,True,True,False,0.0,old_waveform
5.7943865,-0.2816358556082836,True,True,False,0.0,old_waveform
5.799942,-0.2409009892527814,True,True,False,0.0,old_waveform
5.8054975,-0.1993844349506675,True,True,False,0.0,old_waveform
5.811053,-0.1572420221954427,True,True,False,0.0,old_waveform
5.8166085,-0.1146048416966258,True,True,False,0.0,old_waveform
5.822164,-0.07157816800524,True,True,False,0.0,old_waveform
5.8277195,-0.0282415421351802,True,True,False,0.0,old_waveform
5.833275,0.0153500143736688,True,True,False,0.0,old_waveform
5.8388305,0.0591636928457811,True,True,False,0.0,old_waveform
5.844386,0.1031856466347123,True,True,False,0.0,old_waveform
5.8499415,0.1474171819250598,True,True,False,0.0,old_waveform
5.855497,0.1918708624631529,True,True,False,0.0,old_waveform
5.8610525,0.2365668162282016,True,True,False,0.0,old_waveform
5.866608,0.2815294503228921,True,True,False,0.0,old_waveform
5.8721635,0.3267848693377689,True,True,False,0.0,old_waveform
5.877719,0.3723591576738916,True,True,False,0.0,old_waveform
5.8832745,0.4182774352594041,True,True,False,0.0,old_waveform
5.88883,0.4645636461908989,True,True,False,0.0,old_waveform
5.8943855,0.5112410127576753,True,True,False,0.0,old_waveform
5.899941,0.5583324597443159,True,True,False,0.0,old_waveform
5.9054965,0.6058597588219579,True,True,False,0.0,old_waveform
5.911052,0.6538406041481939,True,True,False,0.0,old_waveform
5.9166075,0.7022839081126055,True,True,False,0.0,old_waveform
5.922163,0.7511841291716947,True,True,False,0.0,old_waveform
5.9277185,0.8005152270266496,True,True,False,0.0,old_waveform
5.933274,0.8502247112090953,True,True,False,0.0,old_waveform
5.9388295,0.900228382920524,True,True,False,0.0,old_waveform
5.944385,0.9504062516169096,True,True,False,0.0,old_waveform
5.9499405,1.0005998572981984,True,True,False,0.0,old_waveform
5.955496,1.050611186223705,True,True,False,0.0,old_waveform
5.9610515,1.1002032305805372,True,True,False,0.0,old_waveform
5.966607,1.149101843428825,True,True,False,0.0,old_waveform
5.9721625,1.196998335699324,True,True,False,0.0,old_waveform
5.977718,1.2435524706319483,True,True,False,0.0,old_waveform
5.9832735,1.2883958663959407,True,True,False,0.0,old_waveform
5.988829,1.3311361747315866,True,True,False,0.0,old_waveform
5.9943845,1.3713625748623746,True,True,False,0.0,old_waveform
5.99994,1.4086526837252566,True,True,False,0.0,old_waveform
6.0054955,1.442580435506884,True,True,False,0.0,old_waveform
6.011051,1.472724137020878,True,True,False,0.0,old_waveform
6.0166065,1.498674231543643,True,True,False,0.0,old_waveform
6.022162,1.5200408933012373,True,True,False,0.0,old_waveform
6.0277175,1.536461484634901,True,True,False,0.0,old_waveform
6.033273,1.5476078720547888,True,True,False,0.0,old_waveform
6.0388285,1.553193581890349,True,True,False,0.0,old_waveform
6.044384,1.552980758427715,True,True,False,0.0,old_waveform
6.0499395,1.5467866833045358,True,True,False,0.0,old_waveform
6.055495,1.5344893484945312,True,True,False,0.0,old_waveform
6.0610505,1.5160315698013158,True,True,False,0.0,old_waveform
6.066606,1.4914233448351066,True,True,False,0.0,old_waveform
6.0721615,1.4607423482196438,True,True,False,0.0,old_waveform
6.077717,1.424132616404682,True,True,False,0.0,old_waveform
6.0832725,1.381801658862143,True,True,False,0.0,old_waveform
6.088828,1.33401633916517,True,True,False,0.0,old_waveform
6.0943835,1.28109787960821,True,True,False,0.0,old_waveform
6.099939,1.2234163209561513,True,True,False,0.0,old_waveform
6.1054945,1.1613846860167325,True,True,False,0.0,old_waveform
6.11105,1.095452919145108,True,True,False,0.0,old_waveform
6.1166055,1.0261015024830384,True,True,False,0.0,old_waveform
6.122161,0.9538346496309084,True,True,False,0.0,old_waveform
6.1277165,0.879173125060882,True,True,False,0.0,old_waveform
6.133272,0.8026468445311774,True,True,False,0.0,old_waveform
6.1388275,0.7247874269949864,True,True,False,0.0,old_waveform
6.144383,0.6461208130929513,True,True,False,0.0,old_waveform
6.1499385,0.5671599204402004,True,True,False,0.0,old_waveform
6.155494,0.4883972692451239,True,True,False,0.0,old_waveform
6.1610495,0.4102978436611491,True,True,False,0.0,old_waveform
6.166605,0.3332928367292281,True,True,False,0.0,old_waveform
6.1721605,0.2577747663874704,True,True,False,0.0,old_waveform
6.177716,0.1840939123914523,True,True,False,0.0,old_waveform
6.1832715,0.1125557810083222,True,True,False,0.0,old_waveform
6.188827,0.0434195146709623,True,True,False,0.0,old_waveform
6.1943825,-0.0231025552863218,True,True,False,0.0,old_waveform
6.199938,-0.086844027217837,True,True,False,0.0,old_waveform
6.2054935,-0.147682255068762,True,True,False,0.0,old_waveform
6.211049,-0.2055351042349966,True,True,False,0.0,old_waveform
6.2166045,-0.2603570974126023,True,True,False,0.0,old_waveform
6.22216,-0.3121355692924202,True,True,False,0.0,old_waveform
6.2277155,-0.3608871807061576,True,True,False,0.0,old_waveform
6.233271,-0.4066547083929367,True,True,False,0.0,old_waveform
6.2388265,-0.4495038915204681,True,True,False,0.0,old_waveform
6.244382,-0.4895202338629155,True,True,False,0.0,old_waveform
6.2499375,-0.5268057805043809,True,True,False,0.0,old_waveform
6.255493,-0.5614759292795171,True,True,False,0.0,old_waveform
6.2610485,-0.5936563396965114,True,True,False,0.0,old_waveform
6.266604,-0.6234800169187772,True,True,False,0.0,old_waveform
6.2721595,-0.6510846835597913,True,True,False,0.0,old_waveform
6.277715,-0.6766105799870453,True,True,False,0.0,old_waveform
6.2832705,-0.7001987661270086,True,True,False,0.0,old_waveform
6.288826,-0.7219897347479142,True,True,False,0.0,old_waveform
6.2943815,-0.7421218891533139,True,True,False,0.0,old_waveform
6.299937,-0.7607295848031922,True,True,False,0.0,old_waveform
6.3054925,-0.7779408473302892,True,True,False,0.0,old_waveform
6.311048,-0.7938750406090165,True,True,False,0.0,old_waveform
6.3166035,-0.8086407091894927,True,True,False,0.0,old_waveform
6.322159,-0.8223338401842019,True,True,False,0.0,old_waveform
6.3277145,-0.8350367066324021,True,True,False,0.0,old_waveform
6.33327,-0.846817209723373,True,True,False,0.0,old_waveform
6.3388255,-0.8577285716388039,True,True,False,0.0,old_waveform
6.344381,-0.8678094029779627,True,True,False,0.0,old_waveform
6.3499365,-0.8770842716371073,True,True,False,0.0,old_waveform
6.355492,-0.8855648756497305,True,True,False,0.0,old_waveform
6.3610475,-0.8932519115899155,True,True,False,0.0,old_waveform
6.366603,-0.9001375583344743,True,True,False,0.0,old_waveform
6.3721585,-0.9062080874087112,True,True,False,0.0,old_waveform
6.377714,-0.9114459148197758,True,True,False,0.0,old_waveform
6.3832695,-0.9158306729983596,True,True,False,0.0,old_waveform
6.388825,-0.919339341339443,True,True,False,0.0,old_waveform
6.3943805,-0.9219458657616294,True,True,False,0.0,old_waveform
6.399936,-0.923620869670422,True,True,False,0.0,old_waveform
6.4054915,-0.9243319081731384,True,True,False,0.0,old_waveform
6.411047,-0.9240442688357916,True,True,False,0.0,old_waveform
6.4166025,-0.922721805990006,True,True,False,0.0,old_waveform
6.422158,-0.9203271454137962,True,True,False,0.0,old_waveform
6.4277135,-0.9168209880927528,True,True,False,0.0,old_waveform
6.433269,-0.9121608151307182,True,True,False,0.0,old_waveform
6.4388245,-0.9062996654956836,True,True,False,0.0,old_waveform
6.44438,-0.8991856825946201,True,True,False,0.0,old_waveform
6.4499355,-0.8907627512238001,True,True,False,0.0,old_waveform
6.455491,-0.8809719703202783,True,True,False,0.0,old_waveform
6.4610465,-0.8697533707739417,True,True,False,0.0,old_waveform
6.466602,-0.8570474141819805,True,True,False,0.0,old_waveform
6.4721575,-0.8427961914173451,True,True,False,0.0,old_waveform
6.477713,-0.826944489183158,True,True,False,0.0,old_waveform
6.4832685,-0.8094408896718386,True,True,False,0.0,old_waveform
6.488824,-0.7902390856947983,True,True,False,0.0,old_waveform
6.4943795,-0.769299684309479,True,True,False,0.0,old_waveform
6.499935,-0.7465926398102739,True,True,False,0.0,old_waveform
6.5054905,-0.7221001190962553,True,True,False,0.0,old_waveform
6.511046,-0.695819366326292,True,True,False,0.0,old_waveform
6.5166015,-0.6677651564996048,True,True,False,0.0,old_waveform
6.522157,-0.6379716624196254,True,True,False,0.0,old_waveform
6.5277125,-0.6064937575839313,True,True,False,0.0,old_waveform
6.533268,-0.5734077125372979,True,True,False,0.0,old_waveform
6.5388235,-0.5388111024063889,True,True,False,0.0,old_waveform
6.544379,-0.5028218453049663,True,True,False,0.0,old_waveform
6.5499345,-0.4655765113552992,True,True,False,0.0,old_waveform
6.55549,-0.4272280333904381,True,True,False,0.0,old_waveform
6.5610455,-0.3879427242370979,True,True,False,0.0,old_waveform
6.566601,-0.3478964555360317,True,True,False,0.0,old_waveform
6.5721565,-0.3072701333475622,True,True,False,0.0,old_waveform
6.577712,-0.266244892488302,True,True,False,0.0,old_waveform
6.5832675,-0.2249975114729392,True,True,False,0.0,old_waveform
6.588823,-0.1836964210075108,True,True,False,0.0,old_waveform
6.5943785,-0.1424983417912037,True,True,False,0.0,old_waveform
6.599934,-0.1015453316356214,True,True,False,0.0,old_waveform
6.6054895,-0.0609620830529336,True,True,False,0.0,old_waveform
6.611045,-0.020853463281313,True,True,False,0.0,old_waveform
6.6166005,0.0186975384515235,True,True,False,0.0,old_waveform
6.622156,0.0576310380716296,True,True,False,0.0,old_waveform
6.6277115,0.095910315075764,True,True,False,0.0,old_waveform
6.633267,0.1335209642946227,True,True,False,0.0,old_waveform
6.6388225,0.1704698802424474,True,True,False,0.0,old_waveform
6.644378,0.2067846140120465,True,True,False,0.0,old_waveform
6.6499335,0.2425131577775868,True,True,False,0.0,old_waveform
6.655489,0.2777239233854765,True,True,False,0.0,old_waveform
6.6610445,0.3125054514350948,True,True,False,0.0,old_waveform
6.6666,0.3469651409042245,True,True,False,0.0,old_waveform
6.6721555,0.3812264192935189,True,True,False,0.0,old_waveform
6.677711,0.4154244191311865,True,True,False,0.0,old_waveform
6.6832665,0.4497008258576724,True,True,False,0.0,old_waveform
6.688822,0.4841985739764143,True,True,False,0.0,old_waveform
6.6943775,0.5190566510744986,True,True,False,0.0,old_waveform
6.699933,0.5544048954899191,True,True,False,0.0,old_waveform
6.7054885,0.5903586378156511,True,True,False,0.0,old_waveform
6.711044,0.627013348551806,True,True,False,0.0,old_waveform
6.7165995,0.6644397568158257,True,True,False,0.0,old_waveform
6.722155,0.7026798012392914,True,True,False,0.0,old_waveform
6.7277105,0.7417434288818252,True,True,False,0.0,old_waveform
6.733266,0.7816062047812786,True,True,False,0.0,old_waveform
6.7388215,0.8222079659737825,True,True,False,0.0,old_waveform
6.744377,0.8634528294768594,True,True,False,0.0,old_waveform
6.7499325,0.9052105372565324,True,True,False,0.0,old_waveform
6.755488,0.9473187376472412,True,True,False,0.0,old_waveform
6.7610435,0.98958567187611,True,True,False,0.0,old_waveform
6.766599,1.0317928414991864,True,True,False,0.0,old_waveform
6.7721545,1.0736974831989012,True,True,False,0.0,old_waveform
6.77771,1.1150349860065387,True,True,False,0.0,old_waveform
6.7832655,1.1555215374136871,True,True,False,0.0,old_waveform
6.788821,1.1948571466901965,True,True,False,0.0,old_waveform
6.7943765,1.2327289854105383,True,True,False,0.0,old_waveform
6.799932,1.268814968869781,True,True,False,0.0,old_waveform
6.8054875,1.302787611502454,True,True,False,0.0,old_waveform
6.811043,1.334318221566414,True,True,False,0.0,old_waveform
6.8165985,1.3630814267232263,True,True,False,0.0,old_waveform
6.822154,1.3887599234005608,True,True,False,0.0,old_waveform
6.8277095,1.4110492566525965,True,True,False,0.0,old_waveform
6.833265,1.429662427670766,True,True,False,0.0,old_waveform
6.8388205,1.4443342366169334,True,True,False,0.0,old_waveform
6.844376,1.4548254706250598,True,True,False,0.0,old_waveform
6.8499315,1.4609272852495263,True,True,False,0.0,old_waveform
6.855487,1.4624660927374298,True,True,False,0.0,old_waveform
6.8610425,1.459308740487301,True,True,False,0.0,old_waveform
6.866598,1.4513672402225133,True,True,False,0.0,old_waveform
6.8721535,1.4386023917254824,True,True,False,0.0,old_waveform
6.877709,1.421026120950932,True,True,False,0.0,old_waveform
6.8832645,1.3987025791899306,True,True,False,0.0,old_waveform
6.88882,1.371747909855328,True,True,False,0.0,old_waveform
6.8943755,1.340328553845683,True,True,False,0.0,old_waveform
6.899931,1.3046583096573294,True,True,False,0.0,old_waveform
6.9054865,1.26499470293836,True,True,False,0.0,old_waveform
6.911042,1.2216350462421437,True,True,False,0.0,old_waveform
6.9165975,1.1749120717926986,True,True,False,0.0,old_waveform
6.922153,1.125188749387172,True,True,False,0.0,old_waveform
6.9277085,1.0728520072920498,True,True,False,0.0,old_waveform
6.933264,1.0183053738529448,True,True,False,0.0,old_waveform
6.9388195,0.961960791972466,True,True,False,0.0,old_waveform
6.944375,0.9042299550267838,True,True,False,0.0,old_waveform
6.9499305,0.8455156955487926,True,True,False,0.0,old_waveform
6.955486,0.7862041513145611,True,True,False,0.0,old_waveform
6.9610415,0.7266582390206908,True,True,False,0.0,old_waveform
6.966597,0.6672125413322725,True,True,False,0.0,old_waveform
6.9721525,0.6081695721536747,True,True,False,0.0,old_waveform
6.977708,0.5497973376257522,True,True,False,0.0,old_waveform
6.9832635,0.4923277830074994,True,True,False,0.0,old_waveform
6.988819,0.4359555961855371,True,True,False,0.0,old_waveform
6.9943745,0.3808373146438491,True,True,False,0.0,old_waveform
6.99993,0.3270912278372455,True,True,False,0.0,old_waveform
7.0054855,0.2747982411203244,True,True,False,0.0,old_waveform
7.011041,0.2240037408164303,True,True,False,0.0,old_waveform
7.0165965,0.1747202772583647,True,True,False,0.0,old_waveform
7.022152,0.1269306048179463,True,True,False,0.0,old_waveform
7.0277075,0.0805911126980921,True,True,False,0.0,old_waveform
7.033263,0.0356356336647557,True,True,False,0.0,old_waveform
7.0388185,-0.0080206410363083,True,True,False,0.0,old_waveform
7.044374,-0.05047747436156,True,True,False,0.0,old_waveform
7.0499295,-0.0918462327603931,True,True,False,0.0,old_waveform
7.055485,-0.1322468629637024,True,True,False,0.0,old_waveform
7.0610405,-0.1718051280044859,True,True,False,0.0,old_waveform
7.066596,-0.2106499122919019,True,True,False,0.0,old_waveform
7.0721515,-0.2489104943529689,True,True,False,0.0,old_waveform
7.077707,-0.2867138299178535,True,True,False,0.0,old_waveform
7.0832625,-0.3241817649901531,True,True,False,0.0,old_waveform
7.088818,-0.3614280277630228,True,True,False,0.0,old_waveform
7.0943735,-0.3985550493848973,True,True,False,0.0,old_waveform
7.099929,-0.4356508583145576,True,True,False,0.0,old_waveform
7.1054845,-0.4727863382463573,True,True,False,0.0,old_waveform
7.11104,-0.5100130262938947,True,True,False,0.0,old_waveform
7.1165955,-0.5473614146267791,True,True,False,0.0,old_waveform
7.122151,-0.5848396453062883,True,True,False,0.0,old_waveform
7.1277065,-0.6224325529832598,True,True,False,0.0,old_waveform
7.133262,-0.6601010707862778,True,True,False,0.0,old_waveform
7.1388175,-0.6977821730595446,True,True,False,0.0,old_waveform
7.144373,-0.7353896279815333,True,True,False,0.0,old_waveform
7.1499285,-0.7728155437159496,True,True,False,0.0,old_waveform
7.155484,-0.8099323178816931,True,True,False,0.0,old_waveform
7.1610395,-0.8465945361701266,True,True,False,0.0,old_waveform
7.166595,-0.8826404223942836,True,True,False,0.0,old_waveform
7.1721505,-0.9178925764961708,True,True,False,0.0,old_waveform
7.177706,-0.9521581452699912,True,True,False,0.0,old_waveform
7.1832615,-0.9852289325765732,True,True,False,0.0,old_waveform
7.188817,-1.016881877334995,True,True,False,0.0,old_waveform
7.1943725,-1.046880052154045,True,True,False,0.0,old_waveform
7.199928,-1.0749742494382826,True,True,False,0.0,old_waveform
7.2054835,-1.1009052982724676,True,True,False,0.0,old_waveform
7.211038999999999,-1.1244072733939354,True,True,False,0.0,old_waveform
7.2165945,-1.145211734397628,True,True,False,0.0,old_waveform
7.22215,-1.1630531178615051,True,True,False,0.0,old_waveform
7.2277055,-1.177675001334413,True,True,False,0.0,old_waveform
7.233261,-1.1888361455157388,True,True,False,0.0,old_waveform
7.238816499999999,-1.196315042281776,True,True,False,0.0,old_waveform
7.244372,-1.199912635710181,True,True,False,0.0,old_waveform
7.2499275,-1.19945386277822,True,True,False,0.0,old_waveform
7.255483,-1.1947888744466575,True,True,False,0.0,old_waveform
7.2610385,-1.1857946464527642,True,True,False,0.0,old_waveform
7.266593999999999,-1.1723774188058829,True,True,False,0.0,old_waveform
7.2721495,-1.154475901344388,True,True,False,0.0,old_waveform
7.277705,-1.1320647426966417,True,True,False,0.0,old_waveform
7.2832605,-1.1051576429292662,True,True,False,0.0,old_waveform
7.288816,-1.0738095954912288,True,True,False,0.0,old_waveform
7.2943715,-1.0381180345662313,True,True,False,0.0,old_waveform
7.299927,-0.9982230419491828,True,True,False,0.0,old_waveform
7.3054825,-0.9543068496615134,True,True,False,0.0,old_waveform
7.311038,-0.9065925314128596,True,True,False,0.0,old_waveform
7.3165935,-0.8553415065377056,True,True,False,0.0,old_waveform
7.322149,-0.8008497778114865,True,True,False,0.0,old_waveform
7.3277045,-0.743443400708101,True,True,False,0.0,old_waveform
7.33326,-0.6834738406912898,True,True,False,0.0,old_waveform
7.3388155,-0.6213135023645853,True,True,False,0.0,old_waveform
7.344371,-0.5573512869289744,True,True,False,0.0,old_waveform
7.3499265,-0.4919879591421759,True,True,False,0.0,old_waveform
7.355482,-0.4256314153599588,True,True,False,0.0,old_waveform
7.3610375,-0.3586921995485943,True,True,False,0.0,old_waveform
7.366593,-0.2915793868043437,True,True,False,0.0,old_waveform
7.3721485,-0.2246965715130718,True,True,False,0.0,old_waveform
7.377704,-0.1584376832239962,True,True,False,0.0,old_waveform
7.3832595,-0.0931826011354897,True,True,False,0.0,old_waveform
7.388815,-0.0292926668038878,True,True,False,0.0,old_waveform
7.3943705,0.0328938629640998,True,True,False,0.0,old_waveform
7.399926,0.0930664013598095,True,True,False,0.0,old_waveform
7.4054815,0.1509465214409367,True,True,False,0.0,old_waveform
7.411037,0.2062920503509984,True,True,False,0.0,old_waveform
7.4165925,0.2589002682011618,True,True,False,0.0,old_waveform
7.422148,0.3086097364275838,True,True,False,0.0,old_waveform
7.4277035,0.3553008759740718,True,True,False,0.0,old_waveform
7.433259,0.3988960920197804,True,True,False,0.0,old_waveform
7.4388145,0.4393600923470319,True,True,False,0.0,old_waveform
7.44437,0.4767002876216586,True,True,False,0.0,old_waveform
7.4499255,0.5109667825071568,True,True,False,0.0,old_waveform
7.455481,0.5422516298231626,True,True,False,0.0,old_waveform
7.4610365,0.5706872018068169,True,True,False,0.0,old_waveform
7.466592,0.5964435771239003,True,True,False,0.0,old_waveform
7.4721475,0.6197249633463972,True,True,False,0.0,old_waveform
7.477703,0.6407653652540655,True,True,False,0.0,old_waveform
7.4832585,0.659823709010285,True,True,False,0.0,old_waveform
7.488814,0.677178493716277,True,True,False,0.0,old_waveform
7.4943695,0.6931220167282166,True,True,False,0.0,old_waveform
7.499925,0.7079542691332664,True,True,False,0.0,old_waveform
7.5054805,0.7219766469515555,True,True,False,0.0,old_waveform
7.511036,0.735485646887546,True,True,False,0.0,old_waveform
7.5165915,0.7487666560687026,True,True,False,0.0,old_waveform
7.522146999999999,0.7620879505144895,True,True,False,0.0,old_waveform
7.5277025,0.7756951662283817,True,True,False,0.0,old_waveform
7.533258,0.7898064766497044,True,True,False,0.0,old_waveform
7.5388135,0.8046083851992587,True,True,False,0.0,old_waveform
7.544369,0.8202519424576529,True,True,False,0.0,old_waveform
7.549924499999999,0.836849555920032,True,True,False,0.0,old_waveform
7.55548,0.854472752036905,True,True,False,0.0,old_waveform
7.5610355,0.8731509101043881,True,True,False,0.0,old_waveform
7.566591,0.8928706308385126,True,True,False,0.0,old_waveform
7.5721465,0.9135754398478864,True,True,False,0.0,old_waveform
7.577701999999999,0.9351657144827772,True,True,False,0.0,old_waveform
7.5832575,0.9574987251739052,True,True,False,0.0,old_waveform
7.588813,0.9803885343374232,True,True,False,0.0,old_waveform
7.5943685,1.0036055478629102,True,True,False,0.0,old_waveform
7.599924,1.026875939083645,True,True,False,0.0,old_waveform
7.605479499999999,1.0498815587513617,True,True,False,0.0,old_waveform
7.611035,1.0722609355575077,True,True,False,0.0,old_waveform
7.6165905,1.0936118325183075,True,True,False,0.0,old_waveform
7.622146,1.113495804529869,True,True,False,0.0,old_waveform
7.6277015,1.131445095191423,True,True,False,0.0,old_waveform
7.633256999999999,1.1469718785745977,True,True,False,0.0,old_waveform
7.6388125,1.1595794298472075,True,True,False,0.0,old_waveform
7.644368,1.1687745601444703,True,True,False,0.0,old_waveform
7.6499235,1.1740807000669051,True,True,False,0.0,old_waveform
7.655479,1.1750510778564696,True,True,False,0.0,old_waveform
7.661034499999999,1.171281334414393,True,True,False,0.0,old_waveform
7.66659,1.162420958991064,True,True,False,0.0,old_waveform
7.6721455,1.1481831773166793,True,True,False,0.0,old_waveform
7.677701,1.1283530344232775,True,True,False,0.0,old_waveform
7.6832565,1.102793378667419,True,True,False,0.0,old_waveform
7.688811999999999,1.0714485180210678,True,True,False,0.0,old_waveform
7.6943675,1.034345489261858,True,True,False,0.0,old_waveform
7.699923,0.9915930623439598,True,True,False,0.0,old_waveform
7.7054785,0.9433788317610746,True,True,False,0.0,old_waveform
7.711034,0.88996495945678,True,True,False,0.0,old_waveform
7.716589499999999,0.8316829915735816,True,True,False,0.0,old_waveform
7.722145,0.7689276409811244,True,True,False,0.0,old_waveform
7.7277005,0.7021492314501954,True,True,False,0.0,old_waveform
7.733256,0.6318450489286901,True,True,False,0.0,old_waveform
7.7388115,0.5585504526544715,True,True,False,0.0,old_waveform
7.744367,0.4828306023672172,True,True,False,0.0,old_waveform
7.7499225,0.405273186236777,True,True,False,0.0,old_waveform
7.755478,0.3264819849000314,True,True,False,0.0,old_waveform
7.7610335,0.2470707709849307,True,True,False,0.0,old_waveform
7.766589,0.1676570104927877,True,True,False,0.0,old_waveform
7.7721445,0.0888550671013411,True,True,False,0.0,old_waveform
7.7777,0.0112690346971804,True,True,False,0.0,old_waveform
7.7832555,-0.0645143569852014,True,True,False,0.0,old_waveform
7.788811,-0.1379323897264945,True,True,False,0.0,old_waveform
7.7943665,-0.2084525278696156,True,True,False,0.0,old_waveform
7.799922,-0.2755783506108656,True,True,False,0.0,old_waveform
7.8054775,-0.3388554615587532,True,True,False,0.0,old_waveform
7.811033,-0.3978773533975401,True,True,False,0.0,old_waveform
7.8165885,-0.4522909311944951,True,True,False,0.0,old_waveform
7.822144,-0.501801239298165,True,True,False,0.0,old_waveform
7.8276995,-0.546174987779032,True,True,False,0.0,old_waveform
7.833255,-0.5852426404322074,True,True,False,0.0,old_waveform
7.8388105,-0.6188990087875329,True,True,False,0.0,old_waveform
7.844366,-0.6471025064124467,True,True,False,0.0,old_waveform
7.8499215,-0.6698733254452026,True,True,False,0.0,old_waveform
7.855477,-0.6872907642396948,True,True,False,0.0,old_waveform
7.8610325,-0.6994899561313703,True,True,False,0.0,old_waveform
7.866588,-0.7066583179120335,True,True,False,0.0,old_waveform
7.8721435,-0.7090319894065084,True,True,False,0.0,old_waveform
7.877699,-0.7068923621550279,True,True,False,0.0,old_waveform
7.8832545,-0.7005625794637881,True,True,False,0.0,old_waveform
7.88881,-0.6904037054276296,True,True,False,0.0,old_waveform
7.8943655,-0.6768102129165052,True,True,False,0.0,old_waveform
7.899921,-0.6602046806264755,True,True,False,0.0,old_waveform
7.9054765,-0.6410319852901963,True,True,False,0.0,old_waveform
7.911032,-0.6197533693424405,True,True,False,0.0,old_waveform
7.9165875,-0.5968403992623242,True,True,False,0.0,old_waveform
7.922143,-0.5727684004143417,True,True,False,0.0,old_waveform
7.9276985,-0.5480090259380807,True,True,False,0.0,old_waveform
7.933254,-0.5230222948709872,True,True,False,0.0,old_waveform
7.9388095,-0.498248982910232,True,True,False,0.0,old_waveform
7.944365,-0.4741040018679428,True,True,False,0.0,old_waveform
7.9499205,-0.4509708161507509,True,True,False,0.0,old_waveform
7.955476,-0.4291967819292835,True,True,False,0.0,old_waveform
7.9610315,-0.4090894315693098,True,True,False,0.0,old_waveform
7.966587,-0.3909136326147776,True,True,False,0.0,old_waveform
7.9721425,-0.3748892952803764,True,True,False,0.0,old_waveform
7.977698,-0.3611892981494987,True,True,False,0.0,old_waveform
7.9832535,-0.3499375654251393,True,True,False,0.0,old_waveform
7.988809,-0.3412074404432396,True,True,False,0.0,old_waveform
7.9943645,-0.3350204813002364,True,True,False,0.0,old_waveform
7.999919999999999,-0.3313457653049877,True,True,False,0.0,old_waveform
8.0054755,-0.3301001672323266,True,True,False,0.0,old_waveform
8.011031,-0.3311503856708954,True,True,False,0.0,old_waveform
8.0165865,-0.3343164811008554,True,True,False,0.0,old_waveform
8.022142,-0.339376082857904,True,True,False,0.0,old_waveform
8.0276975,-0.3460689158614817,True,True,False,0.0,old_waveform
8.033253,-0.3541016890583477,True,True,False,0.0,old_waveform
8.0388085,-0.363153517193591,True,True,False,0.0,old_waveform
8.044364,-0.3728818889736908,True,True,False,0.0,old_waveform
8.0499195,-0.3829292526190839,True,True,False,0.0,old_waveform
8.055475,-0.3929302892991783,True,True,False,0.0,old_waveform
8.0610305,-0.4025197675660398,True,True,False,0.0,old_waveform
8.066586,-0.4113406661540066,True,True,False,0.0,old_waveform
8.0721415,-0.4190520903785024,True,True,False,0.0,old_waveform
8.077697,-0.4253364803023425,True,True,False,0.0,old_waveform
8.0832525,-0.4299058244876337,True,True,False,0.0,old_waveform
8.088808,-0.432506905560067,True,True,False,0.0,old_waveform
8.0943635,-0.4329256740507561,True,True,False,0.0,old_waveform
8.099919,-0.4309907160833268,True,True,False,0.0,old_waveform
8.1054745,-0.4265757560744364,True,True,False,0.0,old_waveform
8.11103,-0.4196011189535209,True,True,False,0.0,old_waveform
8.1165855,-0.4100338903687748,True,True,False,0.0,old_waveform
8.122141,-0.3978865116280995,True,True,False,0.0,old_waveform
8.1276965,-0.3832139348179016,True,True,False,0.0,old_waveform
8.133252,-0.3661097123782235,True,True,False,0.0,old_waveform
8.1388075,-0.3467012844587761,True,True,False,0.0,old_waveform
8.144363,-0.3251446726196891,True,True,False,0.0,old_waveform
8.1499185,-0.3016187033018994,True,True,False,0.0,old_waveform
8.155474,-0.2763185643507981,True,True,False,0.0,old_waveform
8.1610295,-0.2494485051686275,True,True,False,0.0,old_waveform
8.166585,-0.2212140979231187,True,True,False,0.0,old_waveform
8.1721405,-0.1918149733810165,True,True,False,0.0,old_waveform
8.177696,-0.1614386750851525,True,True,False,0.0,old_waveform
8.1832515,-0.1302555608353471,True,True,False,0.0,old_waveform
8.188807,-0.0984144505029818,True,True,False,0.0,old_waveform
8.1943625,-0.0660391256945682,True,True,False,0.0,old_waveform
8.199918,-0.033226014637377,True,True,False,0.0,old_waveform
8.2054735,-4.325610280180633e-05,True,True,False,0.0,old_waveform
8.211029,0.0334686716069763,True,True,False,0.0,old_waveform
8.2165845,0.0672945808802415,True,True,False,0.0,old_waveform
8.22214,0.1014405917750217,True,True,False,0.0,old_waveform
8.2276955,0.1359289645262424,True,True,False,0.0,old_waveform
8.233251,0.1707922808628889,True,True,False,0.0,old_waveform
8.238806499999999,0.2060675467819336,True,True,False,0.0,old_waveform
8.244362,0.2417908255483746,True,True,False,0.0,old_waveform
8.2499175,0.277992877484059,True,True,False,0.0,old_waveform
8.255473,0.3146958266879392,True,True,False,0.0,old_waveform
8.2610285,0.3519104533593178,True,True,False,0.0,old_waveform
8.266584,0.3896337396326659,True,True,False,0.0,old_waveform
8.2721395,0.4278465692018786,True,True,False,0.0,old_waveform
8.277695,0.4665117292630686,True,True,False,0.0,old_waveform
8.2832505,0.5055725428067565,True,True,False,0.0,old_waveform
8.288806,0.544952419068435,True,True,False,0.0,old_waveform
8.294361499999999,0.5845553216966753,True,True,False,0.0,old_waveform
8.299917,0.6242668392157212,True,True,False,0.0,old_waveform
8.3054725,0.6639554056203774,True,True,False,0.0,old_waveform
8.311028,0.7034733540631091,True,True,False,0.0,old_waveform
8.3165835,0.7426578160554856,True,True,False,0.0,old_waveform
8.322139,0.7813316398178765,True,True,False,0.0,old_waveform
8.3276945,0.8193043092094863,True,True,False,0.0,old_waveform
8.33325,0.8563727768762888,True,True,False,0.0,old_waveform
8.3388055,0.8923224308913712,True,True,False,0.0,old_waveform
8.344361,0.926928487368977,True,True,False,0.0,old_waveform
8.349916499999999,0.9599576952869152,True,True,False,0.0,old_waveform
8.355472,0.991170050505532,True,True,False,0.0,old_waveform
8.3610275,1.0203205552935075,True,True,False,0.0,old_waveform
8.366583,1.047161305495815,True,True,False,0.0,old_waveform
8.3721385,1.0714440683718611,True,True,False,0.0,old_waveform
8.377694,1.0929234310291562,True,True,False,0.0,old_waveform
8.3832495,1.1113605393776669,True,True,False,0.0,old_waveform
8.388805,1.1265271720711325,True,True,False,0.0,old_waveform
8.3943605,1.1382096926603478,True,True,False,0.0,old_waveform
8.399916,1.1462124987790543,True,True,False,0.0,old_waveform
8.405471499999999,1.1503607538953773,True,True,False,0.0,old_waveform
8.411027,1.1505024403778237,True,True,False,0.0,old_waveform
8.4165825,1.1465100351003823,True,True,False,0.0,old_waveform
8.422138,1.1382820998313414,True,True,False,0.0,old_waveform
8.4276935,1.125744973190554,True,True,False,0.0,old_waveform
8.433249,1.1088547962755595,True,True,False,0.0,old_waveform
8.4388045,1.087599974181631,True,True,False,0.0,old_waveform
8.44436,1.062003794068188,True,True,False,0.0,old_waveform
8.4499155,1.032126798877651,True,True,False,0.0,old_waveform
8.455471,0.99806868658999,True,True,False,0.0,old_waveform
8.4610265,0.9599694241894872,True,True,False,0.0,old_waveform
8.466582,0.918008930969851,True,True,False,0.0,old_waveform
8.4721375,0.8724047939751605,True,True,False,0.0,old_waveform
8.477693,0.8234082572622277,True,True,False,0.0,old_waveform
8.4832485,0.7712994322099926,True,True,False,0.0,old_waveform
8.488804,0.7163826514604155,True,True,False,0.0,old_waveform
8.4943595,0.6589823134063103,True,True,False,0.0,old_waveform
8.499915,0.5994390401091463,True,True,False,0.0,old_waveform
8.5054705,0.5381060018665627,True,True,False,0.0,old_waveform
8.511026,0.4753456705185022,True,True,False,0.0,old_waveform
8.5165815,0.4115272330668327,True,True,False,0.0,old_waveform
8.522137,0.3470243120934419,True,True,False,0.0,old_waveform
8.5276925,0.2822124121404701,True,True,False,0.0,old_waveform
8.533248,0.2174659725528448,True,True,False,0.0,old_waveform
8.5388035,0.153155322098792,True,True,False,0.0,old_waveform
8.544359,0.0896437316380862,True,True,False,0.0,old_waveform
8.5499145,0.0272844266862233,True,True,False,0.0,old_waveform
8.55547,-0.033582762971716,True,True,False,0.0,old_waveform
8.5610255,-0.0926353173053534,True,True,False,0.0,old_waveform
8.566581,-0.1495723854794721,True,True,False,0.0,old_waveform
8.5721365,-0.2041192022233255,True,True,False,0.0,old_waveform
8.577692,-0.2560310634302515,True,True,False,0.0,old_waveform
8.5832475,-0.3050964232248244,True,True,False,0.0,old_waveform
8.588803,-0.3511388787979309,True,True,False,0.0,old_waveform
8.5943585,-0.3940180167301432,True,True,False,0.0,old_waveform
8.599914,-0.4336292253428151,True,True,False,0.0,old_waveform
8.6054695,-0.4699027229890795,True,True,False,0.0,old_waveform
8.611025,-0.5028022204289749,True,True,False,0.0,old_waveform
8.6165805,-0.5323236007542337,True,True,False,0.0,old_waveform
8.622136,-0.5584935928873292,True,True,False,0.0,old_waveform
8.6276915,-0.5813680051679812,True,True,False,0.0,old_waveform
8.633247,-0.6010292320043739,True,True,False,0.0,old_waveform
8.6388025,-0.6175832283796923,True,True,False,0.0,old_waveform
8.644358,-0.6311562943245173,True,True,False,0.0,old_waveform
8.6499135,-0.6418918325889655,True,True,False,0.0,old_waveform
8.655469,-0.6499472030933848,True,True,False,0.0,old_waveform
8.6610245,-0.6554909160113127,True,True,False,0.0,old_waveform
8.66658,-0.6587003275250108,True,True,False,0.0,old_waveform
8.6721355,-0.6597597468712787,True,True,False,0.0,old_waveform
8.677691,-0.6588588440669814,True,True,False,0.0,old_waveform
8.6832465,-0.6561914103275582,True,True,False,0.0,old_waveform
8.688801999999999,-0.6519545015063283,True,True,False,0.0,old_waveform
8.6943575,-0.6463479641410044,True,True,False,0.0,old_waveform
8.699913,-0.6395743922962923,True,True,False,0.0,old_waveform
8.7054685,-0.6318392886210572,True,True,False,0.0,old_waveform
8.711024,-0.6233507746333087,True,True,False,0.0,old_waveform
8.7165795,-0.6143182338374231,True,True,False,0.0,old_waveform
8.722135,-0.6049497892659986,True,True,False,0.0,old_waveform
8.7276905,-0.595449063112756,True,True,False,0.0,old_waveform
8.733246,-0.5860118684689372,True,True,False,0.0,old_waveform
8.7388015,-0.5768232662071707,True,True,False,0.0,old_waveform
8.744356999999999,-0.5680550353231307,True,True,False,0.0,old_waveform
8.7499125,-0.5598633939378479,True,True,False,0.0,old_waveform
8.755468,-0.552386942379462,True,True,False,0.0,old_waveform
8.7610235,-0.5457450412465181,True,True,False,0.0,old_waveform
8.766579,-0.5400367554927328,True,True,False,0.0,old_waveform
8.7721345,-0.5353401644062906,True,True,False,0.0,old_waveform
8.77769,-0.5317117475429942,True,True,False,0.0,old_waveform
8.7832455,-0.5291857898705905,True,True,False,0.0,old_waveform
8.788801,-0.5277739119854978,True,True,False,0.0,old_waveform
8.7943565,-0.5274647331765394,True,True,False,0.0,old_waveform
8.799911999999999,-0.5282235536124603,True,True,False,0.0,old_waveform
8.8054675,-0.5299920715364523,True,True,False,0.0,old_waveform
8.811023,-0.5326884690595102,True,True,False,0.0,old_waveform
8.8165785,-0.5362083168265105,True,True,False,0.0,old_waveform
8.822134,-0.5404264285628414,True,True,False,0.0,old_waveform
8.8276895,-0.5451993574902361,True,True,False,0.0,old_waveform
8.833245,-0.550368121429191,True,True,False,0.0,old_waveform
8.8388005,-0.555760991225123,True,True,False,0.0,old_waveform
8.844356,-0.5611964324149106,True,True,False,0.0,old_waveform
8.8499115,-0.5664862201521705,True,True,False,0.0,old_waveform
8.855466999999999,-0.5714384583286549,True,True,False,0.0,old_waveform
8.8610225,-0.5758601915542614,True,True,False,0.0,old_waveform
8.866578,-0.5795595243190668,True,True,False,0.0,old_waveform
8.8721335,-0.582347210033975,True,True,False,0.0,old_waveform
8.877689,-0.5840375820079635,True,True,False,0.0,old_waveform
8.8832445,-0.5844489183634498,True,True,False,0.0,old_waveform
8.8888,-0.5834037101561746,True,True,False,0.0,old_waveform
8.8943555,-0.5807292218963569,True,True,False,0.0,old_waveform
8.899911,-0.5762582862142852,True,True,False,0.0,old_waveform
8.9054665,-0.5698301210614344,True,True,False,0.0,old_waveform
8.911021999999999,-0.5612911236315455,True,True,False,0.0,old_waveform
8.9165775,-0.5504956522258383,True,True,False,0.0,old_waveform
8.922133,-0.5373067717205084,True,True,False,0.0,old_waveform
8.9276885,-0.5215970221321282,True,True,False,0.0,old_waveform
8.933244,-0.5032494159835823,True,True,False,0.0,old_waveform
8.9387995,-0.4821589018979517,True,True,False,0.0,old_waveform
8.944355,-0.4582343860189991,True,True,False,0.0,old_waveform
8.9499105,-0.4314012149309154,True,True,False,0.0,old_waveform
8.955466,-0.4016038860823497,True,True,False,0.0,old_waveform
8.9610215,-0.368808530158689,True,True,False,0.0,old_waveform
8.966577,-0.3330045459780065,True,True,False,0.0,old_waveform
8.9721325,-0.2942050678922949,True,True,False,0.0,old_waveform
8.977688,-0.252446474004634,True,True,False,0.0,old_waveform
8.9832435,-0.2077872913355855,True,True,False,0.0,old_waveform
8.988799,-0.1603067092896081,True,True,False,0.0,old_waveform
8.9943545,-0.1101029198959573,True,True,False,0.0,old_waveform
8.99991,-0.0572916582930735,True,True,False,0.0,old_waveform
9.0054655,-0.00200548989738,True,True,False,0.0,old_waveform
9.011021,0.0556075704765903,True,True,False,0.0,old_waveform
9.0165765,0.1153851495199638,True,True,False,0.0,old_waveform
9.022132,0.1771508824246607,True,True,False,0.0,old_waveform
9.0276875,0.2407157069864016,True,True,False,0.0,old_waveform
9.033243,0.3058800573039689,True,True,False,0.0,old_waveform
9.0387985,0.3724370189990133,True,True,False,0.0,old_waveform
9.044354,0.4401759890163415,True,True,False,0.0,old_waveform
9.0499095,0.5088860636409956,True,True,False,0.0,old_waveform
9.055465,0.5783583961826892,True,True,False,0.0,old_waveform
9.0610205,0.648387067329324,True,True,False,0.0,old_waveform
9.066576,0.7187684425786208,True,True,False,0.0,old_waveform
9.0721315,0.7892993710406321,True,True,False,0.0,old_waveform
9.077687,0.8597748193174863,True,True,False,0.0,old_waveform
9.0832425,0.9299854188505182,True,True,False,0.0,old_waveform
9.088798,0.9997149142846834,True,True,False,0.0,old_waveform
9.0943535,1.0687371660371312,True,True,False,0.0,old_waveform
9.099909,1.1368125195720709,True,True,False,0.0,old_waveform
9.1054645,1.2036837904876123,True,True,False,0.0,old_waveform
9.11102,1.2690726573558455,True,True,False,0.0,old_waveform
9.1165755,1.3326776444621182,True,True,False,0.0,old_waveform
9.122131,1.394174591803502,True,True,False,0.0,old_waveform
9.1276865,1.453219574475058,True,True,False,0.0,old_waveform
9.133242,1.5094534040524863,True,True,False,0.0,old_waveform
9.1387975,1.5625067595441309,True,True,False,0.0,old_waveform
9.144353,1.6120054981463874,True,True,False,0.0,old_waveform
9.1499085,1.657576085029662,True,True,False,0.0,old_waveform
9.155464,1.698851069963806,True,True,False,0.0,old_waveform
9.1610195,1.735474463385683,True,True,False,0.0,old_waveform
9.166575,1.7671069153581356,True,True,False,0.0,old_waveform
9.1721305,1.793430616466426,True,True,False,0.0,old_waveform
9.177686,1.814153795624981,True,True,False,0.0,old_waveform
9.1832415,1.829014699829326,True,True,False,0.0,old_waveform
9.188797,1.8377849399125292,True,True,False,0.0,old_waveform
9.1943525,1.8402720313562584,True,True,False,0.0,old_waveform
9.199908,1.8363210257220712,True,True,False,0.0,old_waveform
9.2054635,1.825815392855648,True,True,False,0.0,old_waveform
9.211019,1.8086775971273248,True,True,False,0.0,old_waveform
9.2165745,1.7848698967256864,True,True,False,0.0,old_waveform
9.22213,1.7543957000484536,True,True,False,0.0,old_waveform
9.2276855,1.7173013698028143,True,True,False,0.0,old_waveform
9.233241,1.673677914952791,True,True,False,0.0,old_waveform
9.2387965,1.6236619727593529,True,True,False,0.0,old_waveform
9.244352,1.5674358439169809,True,True,False,0.0,old_waveform
9.2499075,1.5052265648049743,True,True,False,0.0,old_waveform
9.255463,1.437303885455723,True,True,False,0.0,old_waveform
9.2610185,1.36397702836892,True,True,False,0.0,old_waveform
9.266574,1.285590591090214,True,True,False,0.0,old_waveform
9.2721295,1.2025204800549851,True,True,False,0.0,old_waveform
9.277685,1.115170538196211,True,True,False,0.0,old_waveform
9.2832405,1.0239696358385504,True,True,False,0.0,old_waveform
9.288796,0.9293684687889776,True,True,False,0.0,old_waveform
9.2943515,0.831835717395985,True,True,False,0.0,old_waveform
9.299907,0.7318539334756053,True,True,False,0.0,old_waveform
9.3054625,0.6299156968046246,True,True,False,0.0,old_waveform
9.311018,0.526520209199479,True,True,False,0.0,old_waveform
9.3165735,0.4221701989603078,True,True,False,0.0,old_waveform
9.322129,0.3173691309426508,True,True,False,0.0,old_waveform
9.3276845,0.2126188664848546,True,True,False,0.0,old_waveform
9.33324,0.108417664089188,True,True,False,0.0,old_waveform
9.3387955,0.0052580908527748,True,True,False,0.0,old_waveform
9.344351,-0.0963754368462104,True,True,False,0.0,old_waveform
9.3499065,-0.196009393392983,True,True,False,0.0,old_waveform
9.355462,-0.2931839904191018,True,True,False,0.0,old_waveform
9.3610175,-0.3874560423403559,True,True,False,0.0,old_waveform
9.366573,-0.478401813034723,True,True,False,0.0,old_waveform
9.3721285,-0.5656198612218178,True,True,False,0.0,old_waveform
9.377684,-0.6487338407459624,True,True,False,0.0,old_waveform
9.3832395,-0.7273951507926454,True,True,False,0.0,old_waveform
9.388795,-0.8012855553598501,True,True,False,0.0,old_waveform
9.3943505,-0.8701200617352871,True,True,False,0.0,old_waveform
9.399906,-0.933650169605391,True,True,False,0.0,old_waveform
9.4054615,-0.991667363384984,True,True,False,0.0,old_waveform
9.411017,-1.044006485588514,True,True,False,0.0,old_waveform
9.4165725,-1.0905483715672668,True,True,False,0.0,old_waveform
9.422128,-1.1312212107931772,True,True,False,0.0,old_waveform
9.4276835,-1.1660005823257726,True,True,False,0.0,old_waveform
9.433239,-1.1949084745778535,True,True,False,0.0,old_waveform
9.4387945,-1.2180115383835697,True,True,False,0.0,old_waveform
9.44435,-1.2354186637593014,True,True,False,0.0,old_waveform
9.4499055,-1.2472781586289108,True,True,False,0.0,old_waveform
9.455461,-1.2537750872984008,True,True,False,0.0,old_waveform
9.4610165,-1.2551290384712563,True,True,False,0.0,old_waveform
9.466572,-1.2515919300023508,True,True,False,0.0,old_waveform
9.4721275,-1.2434452675963683,True,True,False,0.0,old_waveform
9.477683,-1.2309966961944534,True,True,False,0.0,old_waveform
9.4832385,-1.214576073017886,True,True,False,0.0,old_waveform
9.488794,-1.1945312200997087,True,True,False,0.0,old_waveform
9.4943495,-1.171223297306383,True,True,False,0.0,old_waveform
9.499905,-1.1450218556245404,True,True,False,0.0,old_waveform
9.5054605,-1.1162999225278214,True,True,False,0.0,old_waveform
9.511016,-1.0854295037873376,True,True,False,0.0,old_waveform
9.5165715,-1.0527776424827675,True,True,False,0.0,old_waveform
9.522127,-1.0187029248374784,True,True,False,0.0,old_waveform
9.5276825,-0.9835523346271572,True,True,False,0.0,old_waveform
9.533238,-0.9476586368180208,True,True,False,0.0,old_waveform
9.5387935,-0.9113386270487648,True,True,False,0.0,old_waveform
9.544349,-0.8748923586756485,True,True,False,0.0,old_waveform
9.5499045,-0.8386030703977737,True,True,False,0.0,old_waveform
9.55546,-0.8027373739472602,True,True,False,0.0,old_waveform
9.5610155,-0.7675454220118905,True,True,False,0.0,old_waveform
9.566571,-0.7332609014175835,True,True,False,0.0,old_waveform
9.5721265,-0.7001006021139874,True,True,False,0.0,old_waveform
9.577682,-0.6682633296744713,True,True,False,0.0,old_waveform
9.5832375,-0.6379281099755257,True,True,False,0.0,old_waveform
9.588793,-0.6092516622277541,True,True,False,0.0,old_waveform
9.5943485,-0.5823651429209967,True,True,False,0.0,old_waveform
9.599904,-0.5573705356204679,True,True,False,0.0,old_waveform
9.6054595,-0.5343374657570872,True,True,False,0.0,old_waveform
9.611015,-0.5133011004586986,True,True,False,0.0,old_waveform
9.6165705,-0.4942612270971929,True,True,False,0.0,old_waveform
9.622126,-0.477182144470931,True,True,False,0.0,old_waveform
9.6276815,-0.4619930013879447,True,True,False,0.0,old_waveform
9.633237,-0.4485885424158974,True,True,False,0.0,old_waveform
9.6387925,-0.4368304929529003,True,True,False,0.0,old_waveform
9.644348,-0.4265498187781536,True,True,False,0.0,old_waveform
9.6499035,-0.4175498849719704,True,True,False,0.0,old_waveform
9.655459,-0.4096103793066182,True,True,False,0.0,old_waveform
9.6610145,-0.4024919344395083,True,True,False,0.0,old_waveform
9.66657,-0.3959414855048247,True,True,False,0.0,old_waveform
9.6721255,-0.3896982769179251,True,True,False,0.0,old_waveform
9.677681,-0.383500159029609,True,True,False,0.0,old_waveform
9.6832365,-0.3770897123408782,True,True,False,0.0,old_waveform
9.688792,-0.3702199064048549,True,True,False,0.0,old_waveform
9.6943475,-0.3626590931551809,True,True,False,0.0,old_waveform
9.699903,-0.3541950663392706,True,True,False,0.0,old_waveform
9.7054585,-0.3446381026987679,True,True,False,0.0,old_waveform
9.711014,-0.333823225123316,True,True,False,0.0,old_waveform
9.7165695,-0.3216119165633151,True,True,False,0.0,old_waveform
9.722125,-0.3078933249716148,True,True,False,0.0,old_waveform
9.7276805,-0.2925849053159371,True,True,False,0.0,old_waveform
9.733236,-0.2756323570583322,True,True,False,0.0,old_waveform
9.7387915,-0.2570087372784116,True,True,False,0.0,old_waveform
9.744347,-0.2367127987415615,True,True,False,0.0,old_waveform
9.7499025,-0.2147665897899143,True,True,False,0.0,old_waveform
9.755458,-0.1912121656583485,True,True,False,0.0,old_waveform
9.7610135,-0.1661072637181685,True,True,False,0.0,old_waveform
9.766569,-0.1395200795662123,True,True,False,0.0,old_waveform
9.7721245,-0.1115236628263292,True,True,False,0.0,old_waveform
9.77768,-0.082190633763217,True,True,False,0.0,old_waveform
9.7832355,-0.0515887530085209,True,True,False,0.0,old_waveform
9.788791,-0.0197776325608579,True,True,False,0.0,old_waveform
9.7943465,0.0131932403151377,True,True,False,0.0,old_waveform
9.799902,0.04728516586705,True,True,False,0.0,old_waveform
9.8054575,0.0824697866919481,True,True,False,0.0,old_waveform
9.811013,0.1187277929824063,True,True,False,0.0,old_waveform
9.8165685,0.1560470515677028,True,True,False,0.0,old_waveform
9.822124,0.1944204380713783,True,True,False,0.0,old_waveform
9.8276795,0.2338435330324204,True,True,False,0.0,old_waveform
9.833235,0.2743123046253895,True,True,False,0.0,old_waveform
9.8387905,0.3158210103166869,True,True,False,0.0,old_waveform
9.844346,0.3583604458793594,True,True,False,0.0,old_waveform
9.8499015,0.4019163464937006,True,True,False,0.0,old_waveform
9.855457,0.4464676076827302,True,True,False,0.0,old_waveform
9.8610125,0.4919841383579953,True,True,False,0.0,old_waveform
9.866568,0.5384244303447782,True,True,False,0.0,old_waveform
9.8721235,0.5857332080441207,True,True,False,0.0,old_waveform
9.877679,0.6338396516780849,True,True,False,0.0,old_waveform
9.8832345,0.6826565169698642,True,True,False,0.0,old_waveform
9.88879,0.7320799997506965,True,True,False,0.0,old_waveform
9.8943455,0.7819897000288003,True,True,False,0.0,old_waveform
9.899901,0.8322479421743586,True,True,False,0.0,old_waveform
9.9054565,0.8826981145121736,True,True,False,0.0,old_waveform
9.911012,0.9331622524473032,True,True,False,0.0,old_waveform
9.9165675,0.9834383863053964,True,True,False,0.0,old_waveform
9.922123,1.033298182860637,True,True,False,0.0,old_waveform
9.9276785,1.0824853132403385,True,True,False,0.0,old_waveform
9.933234,1.1307148603144528,True,True,False,0.0,old_waveform
9.9387895,1.1776739896318142,True,True,False,0.0,old_waveform
9.944345,1.2230239952686,True,True,False,0.0,old_waveform
9.9499005,1.2664036309921525,True,True,False,0.0,old_waveform
9.955456,1.3074335302552935,True,True,False,0.0,old_waveform
9.9610115,1.345721524769118,True,True,False,0.0,old_waveform
9.966567,1.3808686015861724,True,True,False,0.0,old_waveform
9.9721225,1.4124752557180165,True,True,False,0.0,old_waveform
9.977678,1.44014820031611,True,True,False,0.0,old_waveform
9.9832335,1.4635074282148133,True,True,False,0.0,old_waveform
9.988789,1.4821934106289187,True,True,False,0.0,old_waveform
9.9943445,1.4958741165865563,True,True,False,0.0,old_waveform
9.9999,1.504250782129115,True,True,False,0.0,old_waveform
10.0054555,1.507064711734703,True,True,False,0.0,old_waveform
10.011011,1.5041036216085846,True,True,False,0.0,old_waveform
10.0165665,1.4952056347736595,True,True,False,0.0,old_waveform
10.022122,1.4802634315622374,True,True,False,0.0,old_waveform
10.0276775,1.4592281597012913,True,True,False,0.0,old_waveform
10.033233,1.4321129054075783,True,True,False,0.0,old_waveform
10.0387885,1.398995405665402,True,True,False,0.0,old_waveform
10.044344,1.3600196704931031,True,True,False,0.0,old_waveform
10.0498995,1.3153963233724268,True,True,False,0.0,old_waveform
10.055455,1.265401462830446,True,True,False,0.0,old_waveform
10.0610105,1.2103736957880686,True,True,False,0.0,old_waveform
10.066566,1.1507091837484684,True,True,False,0.0,old_waveform
10.0721215,1.086855021565123,True,True,False,0.0,old_waveform
10.077677,1.0193014776119411,True,True,False,0.0,old_waveform
10.0832325,0.9485734450224722,True,True,False,0.0,old_waveform
10.088788,0.8752211969239381,True,True,False,0.0,old_waveform
10.0943435,0.7998105647831129,True,True,False,0.0,old_waveform
10.099899,0.7229128789630981,True,True,False,0.0,old_waveform
10.1054545,0.6450949866552239,True,True,False,0.0,old_waveform
10.11101,0.5669095682302651,True,True,False,0.0,old_waveform
10.1165655,0.4888862640846027,True,True,False,0.0,old_waveform
10.122121,0.4115244049890026,True,True,False,0.0,old_waveform
10.1276765,0.3352877825682387,True,True,False,0.0,old_waveform
10.133232,0.2606012671935827,True,True,False,0.0,old_waveform
10.1387875,0.1878489001027531,True,True,False,0.0,old_waveform
10.144343,0.117373178564875,True,True,False,0.0,old_waveform
10.1498985,0.0494750859435256,True,True,False,0.0,old_waveform
10.155454,-0.0155858002214263,True,True,False,0.0,old_waveform
10.1610095,-0.0775915851076852,True,True,False,0.0,old_waveform
10.166565,-0.1363666721496454,True,True,False,0.0,old_waveform
10.1721205,-0.1917783305351307,True,True,False,0.0,old_waveform
10.177676,-0.2437368130120215,True,True,False,0.0,old_waveform
10.1832315,-0.2921947252217186,True,True,False,0.0,old_waveform
10.188787,-0.3371454121742147,True,True,False,0.0,old_waveform
10.1943425,-0.3786201406195238,True,True,False,0.0,old_waveform
10.199898,-0.416683915061619,True,True,False,0.0,old_waveform
10.2054535,-0.4514300965355676,True,True,False,0.0,old_waveform
10.211009,-0.4829745120833399,True,True,False,0.0,old_waveform
10.2165645,-0.5114498555701492,True,True,False,0.0,old_waveform
10.22212,-0.537000744439769,True,True,False,0.0,old_waveform
10.2276755,-0.5597794554320008,True,True,False,0.0,old_waveform
10.233231,-0.5799423446529449,True,True,False,0.0,old_waveform
10.2387865,-0.597646921330017,True,True,False,0.0,old_waveform
10.244342,-0.6130495311441977,True,True,False,0.0,old_waveform
10.2498975,-0.6263037181708717,True,True,False,0.0,old_waveform
10.255453,-0.6375592925474562,True,True,False,0.0,old_waveform
10.2610085,-0.6469619928618754,True,True,False,0.0,old_waveform
10.266564,-0.6546536713157919,True,True,False,0.0,old_waveform
10.2721195,-0.660772902385219,True,True,False,0.0,old_waveform
10.277675,-0.6654557197533867,True,True,False,0.0,old_waveform
10.2832305,-0.6688361972472636,True,True,False,0.0,old_waveform
10.288786,-0.671046789753041,True,True,False,0.0,old_waveform
10.2943415,-0.6722184121327685,True,True,False,0.0,old_waveform
10.299897,-0.672480161911909,True,True,False,0.0,old_waveform
10.3054525,-0.6719585734612303,True,True,False,0.0,old_waveform
10.311008,-0.6707764161808052,True,True,False,0.0,old_waveform
10.3165635,-0.6690512185774441,True,True,False,0.0,old_waveform
10.322119,-0.6668937019368435,True,True,False,0.0,old_waveform
10.3276745,-0.6644061196830297,True,True,False,0.0,old_waveform
10.33323,-0.6616803950206751,True,True,False,0.0,old_waveform
10.3387855,-0.6587961198082823,True,True,False,0.0,old_waveform
10.344341,-0.6558187182222551,True,True,False,0.0,old_waveform
10.3498965,-0.6527980946264416,True,True,False,0.0,old_waveform
10.355452,-0.649767886593534,True,True,False,0.0,old_waveform
10.3610075,-0.6467452852145007,True,True,False,0.0,old_waveform
10.366563,-0.6437314013271197,True,True,False,0.0,old_waveform
10.3721185,-0.6407121739457693,True,True,False,0.0,old_waveform
10.377674,-0.6376596605629195,True,True,False,0.0,old_waveform
10.3832295,-0.6345333767285087,True,True,False,0.0,old_waveform
10.388785,-0.6312814336319809,True,True,False,0.0,old_waveform
10.3943405,-0.6278415264117264,True,True,False,0.0,old_waveform
10.399896,-0.6241420975823009,True,True,False,0.0,old_waveform
10.4054515,-0.6201041183083369,True,True,False,0.0,old_waveform
10.411007,-0.615643774980451,True,True,False,0.0,old_waveform
10.4165625,-0.6106757153704364,True,True,False,0.0,old_waveform
10.422118,-0.6051158751824318,True,True,False,0.0,old_waveform
10.4276735,-0.5988832116420065,True,True,False,0.0,old_waveform
10.433229,-0.5919006639997676,True,True,False,0.0,old_waveform
10.4387845,-0.5840961215145648,True,True,False,0.0,old_waveform
10.44434,-0.575403802861299,True,True,False,0.0,old_waveform
10.4498955,-0.5657659010327671,True,True,False,0.0,old_waveform
10.455451,-0.5551340765415155,True,True,False,0.0,old_waveform
10.4610065,-0.5434704280672877,True,True,False,0.0,old_waveform
10.466562,-0.530747834054,True,True,False,0.0,old_waveform
10.4721175,-0.5169497987129772,True,True,False,0.0,old_waveform
10.477673,-0.5020699606310431,True,True,False,0.0,old_waveform
10.4832285,-0.4861114093547438,True,True,False,0.0,old_waveform
10.488784,-0.4690860617152556,True,True,False,0.0,old_waveform
10.4943395,-0.4510143155761552,True,True,False,0.0,old_waveform
10.499895,-0.431924930862182,True,True,False,0.0,old_waveform
10.5054505,-0.4118549147397661,True,True,False,0.0,old_waveform
10.511006,-0.3908492643283306,True,True,False,0.0,old_waveform
10.5165615,-0.3689605560691247,True,True,False,0.0,old_waveform
10.522117,-0.3462484026740749,True,True,False,0.0,old_waveform
10.5276725,-0.3227787834521858,True,True,False,0.0,old_waveform
10.533228,-0.2986232492938589,True,True,False,0.0,old_waveform
10.5387835,-0.2738579514348894,True,True,False,0.0,old_waveform
10.544339,-0.2485624468036482,True,True,False,0.0,old_waveform
10.5498945,-0.2228183592972345,True,True,False,0.0,old_waveform
10.55545,-0.1967079299622655,True,True,False,0.0,old_waveform
10.5610055,-0.1703122673748491,True,True,False,0.0,old_waveform
10.566561,-0.143709182236997,True,True,False,0.0,old_waveform
10.5721165,-0.1169708243845258,True,True,False,0.0,old_waveform
10.577672,-0.0901614166148817,True,True,False,0.0,old_waveform
10.5832275,-0.0633351554247638,True,True,False,0.0,old_waveform
10.588783,-0.0365342353640698,True,True,False,0.0,old_waveform
10.5943385,-0.0097871100958367,True,True,False,0.0,old_waveform
10.599894,0.0168927546460263,True,True,False,0.0,old_waveform
10.6054495,0.0435075125657097,True,True,False,0.0,old_waveform
10.611005,0.0700750109023739,True,True,False,0.0,old_waveform
10.6165605,0.0966282810813718,True,True,False,0.0,old_waveform
10.622116,0.1232142238537992,True,True,False,0.0,old_waveform
10.6276715,0.1498913259369945,True,True,False,0.0,old_waveform
10.633227,0.1767266136396972,True,True,False,0.0,old_waveform
10.6387825,0.2037923687969585,True,True,False,0.0,old_waveform
10.644338,0.2311630469517475,True,True,False,0.0,old_waveform
10.6498935,0.2589124063713001,True,True,False,0.0,old_waveform
10.655449,0.2871105548559087,True,True,False,0.0,old_waveform
10.6610045,0.3158208544409779,True,True,False,0.0,old_waveform
10.66656,0.3450970389817845,True,True,False,0.0,old_waveform
10.6721155,0.374980883274804,True,True,False,0.0,old_waveform
10.677671,0.4055004860880746,True,True,False,0.0,old_waveform
10.6832265,0.4366690969834431,True,True,False,0.0,old_waveform
10.688782,0.468484389091752,True,True,False,0.0,old_waveform
10.6943375,0.5009281250464656,True,True,False,0.0,old_waveform
10.699893,0.5339662549006257,True,True,False,0.0,old_waveform
10.7054485,0.5675494501892876,True,True,False,0.0,old_waveform
10.711004,0.601613918246233,True,True,False,0.0,old_waveform
10.7165595,0.6360822418910392,True,True,False,0.0,old_waveform
10.722115,0.6708640900936242,True,True,False,0.0,old_waveform
10.7276705,0.7058568719621681,True,True,False,0.0,old_waveform
10.733226,0.74094654250977,True,True,False,0.0,old_waveform
10.7387815,0.7760087077522394,True,True,False,0.0,old_waveform
10.744337,0.8109100246217015,True,True,False,0.0,old_waveform
10.7498925,0.8455098451302646,True,True,False,0.0,old_waveform
10.755448,0.8796620521895726,True,True,False,0.0,old_waveform
10.7610035,0.9132168243525448,True,True,False,0.0,old_waveform
10.766559,0.9460218748135496,True,True,False,0.0,old_waveform
10.7721145,0.9779229541495112,True,True,False,0.0,old_waveform
10.77767,1.0087637480133382,True,True,False,0.0,old_waveform
10.7832255,1.0383852222730148,True,True,False,0.0,old_waveform
10.788781,1.066624310277971,True,True,False,0.0,old_waveform
10.7943365,1.0933120490701804,True,True,False,0.0,old_waveform
10.799892,1.118271526765486,True,True,False,0.0,old_waveform
10.8054475,1.14131597486739,True,True,False,0.0,old_waveform
10.811003,1.1622472466004847,True,True,False,0.0,old_waveform
10.8165585,1.1808549085566975,True,True,False,0.0,old_waveform
10.822114,1.1969161225060467,True,True,False,0.0,old_waveform
10.8276695,1.210196398314875,True,True,False,0.0,old_waveform
10.833225,1.2204512199674171,True,True,False,0.0,old_waveform
10.8387805,1.227428521238595,True,True,False,0.0,old_waveform
10.844336,1.2308720112063969,True,True,False,0.0,old_waveform
10.8498915,1.2305252983140011,True,True,False,0.0,old_waveform
10.855447,1.22613665270147,True,True,False,0.0,old_waveform
10.8610025,1.2174642633837176,True,True,False,0.0,old_waveform
10.866558,1.2042819143970505,True,True,False,0.0,old_waveform
10.8721135,1.186384928037526,True,True,False,0.0,old_waveform
10.877669,1.163596098865504,True,True,False,0.0,old_waveform
10.8832245,1.1357713756571304,True,True,False,0.0,old_waveform
10.88878,1.1028051878513534,True,True,False,0.0,old_waveform
10.8943355,1.064635374462066,True,True,False,0.0,old_waveform
10.899891,1.021247638322016,True,True,False,0.0,old_waveform
10.9054465,0.9726793551411432,True,True,False,0.0,old_waveform
10.911002,0.9190224072452776,True,True,False,0.0,old_waveform
10.9165575,0.8604246121190012,True,True,False,0.0,old_waveform
10.922113,0.7970894706988324,True,True,False,0.0,old_waveform
10.9276685,0.7292743627954853,True,True,False,0.0,old_waveform
10.933224,0.657287764831622,True,True,False,0.0,old_waveform
10.9387795,0.5814862285922126,True,True,False,0.0,old_waveform
10.944335,0.5022714751864823,True,True,False,0.0,old_waveform
10.9498905,0.4200873833698672,True,True,False,0.0,old_waveform
10.955446,0.335416553587388,True,True,False,0.0,old_waveform
10.9610015,0.2487763797746272,True,True,False,0.0,old_waveform
10.966557,0.1607146217024222,True,True,False,0.0,old_waveform
10.9721125,0.0718044029441144,True,True,False,0.0,old_waveform
10.977668,-0.0173614332991644,True,True,False,0.0,old_waveform
10.9832235,-0.1061766756328141,True,True,False,0.0,old_waveform
10.988779,-0.1940288521538366,True,True,False,0.0,old_waveform
10.9943345,-0.2803070179995328,True,True,False,0.0,old_waveform
10.99989,-0.3644097233476933,True,True,False,0.0,old_waveform
11.0054455,-0.445752964511475,True,True,False,0.0,old_waveform
11.011001,-0.5237785116580989,True,True,False,0.0,old_waveform
11.0165565,-0.5979610330815629,True,True,False,0.0,old_waveform
11.022112,-0.6678134511618556,True,True,False,0.0,old_waveform
11.0276675,-0.732891633093261,True,True,False,0.0,old_waveform
11.033223,-0.7927983458250333,True,True,False,0.0,old_waveform
11.0387785,-0.8471866659790274,True,True,False,0.0,old_waveform
11.044334,-0.8957628503124813,True,True,False,0.0,old_waveform
11.0498895,-0.9382885312961952,True,True,False,0.0,old_waveform
11.055445,-0.9745820859022132,True,True,False,0.0,old_waveform
11.0610005,-1.0045191506493527,True,True,False,0.0,old_waveform
11.066556,-1.028032457101983,True,True,False,0.0,old_waveform
11.0721115,-1.045111338385409,True,True,False,0.0,old_waveform
11.077667,-1.0558012286609275,True,True,False,0.0,old_waveform
11.0832225,-1.0602031270991104,True,True,False,0.0,old_waveform
11.088778,-1.058472608357341,True,True,False,0.0,old_waveform
11.0943335,-1.0508180260775324,True,True,False,0.0,old_waveform
11.099889,-1.03749811710586,True,True,False,0.0,old_waveform
11.1054445,-1.0188196348616374,True,True,False,0.0,old_waveform
11.111,-0.9951353626975996,True,True,False,0.0,old_waveform
11.1165555,-0.9668422336985358,True,True,False,0.0,old_waveform
11.122111,-0.9343789838010984,True,True,False,0.0,old_waveform
11.1276665,-0.8982228767581406,True,True,False,0.0,old_waveform
11.133222,-0.858885361752212,True,True,False,0.0,old_waveform
11.1387775,-0.816906838441573,True,True,False,0.0,old_waveform
11.144333,-0.7728507287957098,True,True,False,0.0,old_waveform
11.1498885,-0.7272969066477161,True,True,False,0.0,old_waveform
11.155444,-0.6808345612669439,True,True,False,0.0,old_waveform
11.1609995,-0.6340546752206901,True,True,False,0.0,old_waveform
11.166555,-0.5875422352402042,True,True,False,0.0,old_waveform
11.1721105,-0.5418681577522858,True,True,False,0.0,old_waveform
11.177666,-0.4975809131813107,True,True,False,0.0,old_waveform
11.1832215,-0.4551980271111095,True,True,False,0.0,old_waveform
11.188777,-0.4151978740892323,True,True,False,0.0,old_waveform
11.1943325,-0.3780122541102256,True,True,False,0.0,old_waveform
11.199888,-0.3440201361089679,True,True,False,0.0,old_waveform
11.2054435,-0.3135427472503796,True,True,False,0.0,old_waveform
11.210999,-0.2868398469216445,True,True,False,0.0,old_waveform
11.2165545,-0.2641067957895723,True,True,False,0.0,old_waveform
11.22211,-0.2454723457412655,True,True,False,0.0,old_waveform
11.2276655,-0.2309976277202917,True,True,False,0.0,old_waveform
11.233221,-0.2206768204555591,True,True,False,0.0,old_waveform
11.2387765,-0.2144393922488199,True,True,False,0.0,old_waveform
11.244332,-0.2121533307005125,True,True,False,0.0,old_waveform
11.2498875,-0.2136288572145355,True,True,False,0.0,old_waveform
11.255443,-0.2186224594892631,True,True,False,0.0,old_waveform
11.2609985,-0.2268413009073859,True,True,False,0.0,old_waveform
11.266554,-0.2379481815296205,True,True,False,0.0,old_waveform
11.2721095,-0.2515671852955354,True,True,False,0.0,old_waveform
11.277665,-0.2672899386504473,True,True,False,0.0,old_waveform
11.2832205,-0.2846822174374044,True,True,False,0.0,old_waveform
11.288776,-0.3032905618119125,True,True,False,0.0,old_waveform
11.2943315,-0.3226485970551209,True,True,False,0.0,old_waveform
11.299887,-0.342282967155222,True,True,False,0.0,old_waveform
11.3054425,-0.361719089960216,True,True,False,0.0,old_waveform
11.310998,-0.3804870601447981,True,True,False,0.0,old_waveform
11.3165535,-0.3981278189055326,True,True,False,0.0,old_waveform
11.322109,-0.4141993587440744,True,True,False,0.0,old_waveform
11.3276645,-0.4282825604290671,True,True,False,0.0,old_waveform
11.33322,-0.4399864413267784,True,True,False,0.0,old_waveform
11.3387755,-0.4489528592077644,True,True,False,0.0,old_waveform
11.344331,-0.4548606431750828,True,True,False,0.0,old_waveform
11.3498865,-0.4574288353408282,True,True,False,0.0,old_waveform
11.355442,-0.4564187057189731,True,True,False,0.0,old_waveform
11.3609975,-0.4516345365514768,True,True,False,0.0,old_waveform
11.366553,-0.442923531885736,True,True,False,0.0,old_waveform
11.3721085,-0.4301753751293077,True,True,False,0.0,old_waveform
11.377664,-0.4133219303763189,True,True,False,0.0,old_waveform
11.3832195,-0.3923373488493724,True,True,False,0.0,old_waveform
11.388775,-0.3672385011206038,True,True,False,0.0,old_waveform
11.3943305,-0.338085515136467,True,True,False,0.0,old_waveform
11.399886,-0.3049822820850426,True,True,False,0.0,old_waveform
11.4054415,-0.2680767258196637,True,True,False,0.0,old_waveform
11.410997,-0.227560391979549,True,True,False,0.0,old_waveform
11.4165525,-0.1836669712991576,True,True,False,0.0,old_waveform
11.422108,-0.1366697460970724,True,True,False,0.0,old_waveform
11.4276635,-0.0868780819734187,True,True,False,0.0,old_waveform
11.433219,-0.0346329047629889,True,True,False,0.0,old_waveform
11.4387745,0.0196989027118283,True,True,False,0.0,old_waveform
11.44433,0.0757309041069636,True,True,False,0.0,old_waveform
11.4498855,0.1330636985265443,True,True,False,0.0,old_waveform
11.455441,0.1912911722246319,True,True,False,0.0,old_waveform
11.4609965,0.2500063099124087,True,True,False,0.0,old_waveform
11.466552,0.3088066956452647,True,True,False,0.0,old_waveform
11.4721075,0.3672997023919692,True,True,False,0.0,old_waveform
11.477663,0.4251071944241008,True,True,False,0.0,old_waveform
11.4832185,0.4818696739475504,True,True,False,0.0,old_waveform
11.488774,0.5372500827800779,True,True,False,0.0,old_waveform
11.4943295,0.5909374661999722,True,True,False,0.0,old_waveform
11.499885,0.6426503907794785,True,True,False,0.0,old_waveform
11.5054405,0.6921398509723525,True,True,False,0.0,old_waveform
11.510996,0.7391914719203366,True,True,False,0.0,old_waveform
11.5165515,0.7836268429437258,True,True,False,0.0,old_waveform
11.522107,0.8253039212977864,True,True,False,0.0,old_waveform
11.5276625,0.8641167547182038,True,True,False,0.0,old_waveform
11.533218,0.8999949175554515,True,True,False,0.0,old_waveform
11.5387735,0.9329028188130142,True,True,False,0.0,old_waveform
11.544329,0.9628386239342334,True,True,False,0.0,old_waveform
11.5498845,0.989832246056002,True,True,False,0.0,old_waveform
11.55544,1.0139420154466423,True,True,False,0.0,old_waveform
11.5609955,1.0352501451926277,True,True,False,0.0,old_waveform
11.566551,1.0538574194349333,True,True,False,0.0,old_waveform
11.5721065,1.069877431224311,True,True,False,0.0,old_waveform
11.577662,1.0834306470661397,True,True,False,0.0,old_waveform
11.5832175,1.094638809927222,True,True,False,0.0,old_waveform
11.588773,1.1036202303027356,True,True,False,0.0,old_waveform
11.5943285,1.1104861028698567,True,True,False,0.0,old_waveform
11.599884,1.1153376978333318,True,True,False,0.0,old_waveform
11.6054395,1.1182644368035342,True,True,False,0.0,old_waveform
11.610995,1.1193429669972943,True,True,False,0.0,old_waveform
11.6165505,1.118637110166557,True,True,False,0.0,old_waveform
11.622106,1.1161983160648974,True,True,False,0.0,old_waveform
11.6276615,1.1120662048116716,True,True,False,0.0,old_waveform
11.633217,1.1062689410992912,True,True,False,0.0,old_waveform
11.6387725,1.0988234914629962,True,True,False,0.0,old_waveform
11.644328,1.0897360103387297,True,True,False,0.0,old_waveform
11.6498835,1.0790025514762545,True,True,False,0.0,old_waveform
11.655439,1.0666101867526654,True,True,False,0.0,old_waveform
11.6609945,1.0525385134969978,True,True,False,0.0,old_waveform
11.66655,1.0367613735549213,True,True,False,0.0,old_waveform
11.6721055,1.01924852433594,True,True,False,0.0,old_waveform
11.677661,0.9999672553591842,True,True,False,0.0,old_waveform
11.6832165,0.9788843365353512,True,True,False,0.0,old_waveform
11.688772,0.9559686390115556,True,True,False,0.0,old_waveform
11.6943275,0.9311942662884194,True,True,False,0.0,old_waveform
11.699883,0.904543723897837,True,True,False,0.0,old_waveform
11.7054385,0.8760109194805618,True,True,False,0.0,old_waveform
11.710994,0.8456042126122213,True,True,False,0.0,old_waveform
11.7165495,0.8133496155689445,True,True,False,0.0,old_waveform
11.722105,0.7792936391950754,True,True,False,0.0,old_waveform
11.7276605,0.7435050686174617,True,True,False,0.0,old_waveform
11.733216,0.7060754133055251,True,True,False,0.0,old_waveform
11.7387715,0.6671182343240356,True,True,False,0.0,old_waveform
11.744327,0.6267676332335488,True,True,False,0.0,old_waveform
11.7498825,0.5851761148405722,True,True,False,0.0,old_waveform
11.755438,0.5425120331626959,True,True,False,0.0,old_waveform
11.7609935,0.4989567981233574,True,True,False,0.0,old_waveform
11.766549,0.4547017691634377,True,True,False,0.0,old_waveform
11.7721045,0.4099446254951011,True,True,False,0.0,old_waveform
11.77766,0.3648853597027263,True,True,False,0.0,old_waveform
11.7832155,0.3197223824926329,True,True,False,0.0,old_waveform
11.788771,0.2746490597451408,True,True,False,0.0,old_waveform
11.7943265,0.2298507128604398,True,True,False,0.0,old_waveform
11.799882,0.1855020195073794,True,True,False,0.0,old_waveform
11.8054375,0.1417647292191843,True,True,False,0.0,old_waveform
11.810993,0.0987856605343015,True,True,False,0.0,old_waveform
11.8165485,0.0566950305082154,True,True,False,0.0,old_waveform
11.822104,0.0156050660621986,True,True,False,0.0,old_waveform
11.8276595,-0.0243913268995109,True,True,False,0.0,old_waveform
11.833215,-0.0632219942486034,True,True,False,0.0,old_waveform
11.8387705,-0.1008369540288253,True,True,False,0.0,old_waveform
11.844326,-0.1372095199321009,True,True,False,0.0,old_waveform
11.8498815,-0.1723368791086867,True,True,False,0.0,old_waveform
11.855437,-0.2062399847206568,True,True,False,0.0,old_waveform
11.8609925,-0.2389626849825696,True,True,False,0.0,old_waveform
11.866548,-0.2705701281019239,True,True,False,0.0,old_waveform
11.8721035,-0.301146711205799,True,True,False,0.0,old_waveform
11.877659,-0.330793954842592,True,True,False,0.0,old_waveform
11.8832145,-0.3596284855234938,True,True,False,0.0,old_waveform
11.88877,-0.3877799671409326,True,True,False,0.0,old_waveform
11.8943255,-0.4153886362701466,True,True,False,0.0,old_waveform
11.899881,-0.4426020846696214,True,True,False,0.0,old_waveform
11.9054365,-0.4695710114296123,True,True,False,0.0,old_waveform
11.910992,-0.496443941720622,True,True,False,0.0,old_waveform
11.9165475,-0.5233613631293582,True,True,False,0.0,old_waveform
11.922103,-0.5504500286392531,True,True,False,0.0,old_waveform
11.9276585,-0.5778180550235708,True,True,False,0.0,old_waveform
11.933214,-0.6055510631180788,True,True,False,0.0,old_waveform
11.9387695,-0.6337093919156028,True,True,False,0.0,old_waveform
11.944325,-0.6623264773436469,True,True,False,0.0,old_waveform
11.9498805,-0.6914084294922271,True,True,False,0.0,old_waveform
11.955436,-0.7209345349822183,True,True,False,0.0,old_waveform
11.9609915,-0.750858192564993,True,True,False,0.0,old_waveform
11.966547,-0.7811078810566119,True,True,False,0.0,old_waveform
11.9721025,-0.8115881271068696,True,True,False,0.0,old_waveform
11.977658,-0.8421807920262253,True,True,False,0.0,old_waveform
11.9832135,-0.8727469178701519,True,True,False,0.0,old_waveform
11.988769,-0.9031289878307396,True,True,False,0.0,old_waveform
11.9943245,-0.933153244748915,True,True,False,0.0,old_waveform
11.99988,-0.962631644582448,True,True,False,0.0,old_waveform
12.0054355,-0.9913635476980308,True,True,False,0.0,old_waveform
12.010991,-1.019137774031366,True,True,False,0.0,old_waveform
12.0165465,-1.045734628923229,True,True,False,0.0,old_waveform
12.022102,-1.070927810295223,True,True,False,0.0,old_waveform
12.0276575,-1.0944868851838905,True,True,False,0.0,old_waveform
12.033213,-1.116179972258782,True,True,False,0.0,old_waveform
12.0387685,-1.1357764406819224,True,True,False,0.0,old_waveform
12.044324,-1.1530496737142366,True,True,False,0.0,old_waveform
12.0498795,-1.1677801217187689,True,True,False,0.0,old_waveform
12.055435,-1.1797586428601063,True,True,False,0.0,old_waveform
12.0609905,-1.1887897183076863,True,True,False,0.0,old_waveform
12.066546,-1.1946940782101485,True,True,False,0.0,old_waveform
12.0721015,-1.1973107581904,True,True,False,0.0,old_waveform
12.077657,-1.19649907584404,True,True,False,0.0,old_waveform
12.0832125,-1.192140896020793,True,True,False,0.0,old_waveform
12.088768,-1.1841430792220895,True,True,False,0.0,old_waveform
12.0943235,-1.1724398269063492,True,True,False,0.0,old_waveform
12.099879,-1.156994862005874,True,True,False,0.0,old_waveform
12.1054345,-1.1378035873618413,True,True,False,0.0,old_waveform
12.11099,-1.1148952466835205,True,True,False,0.0,old_waveform
12.1165455,-1.088334739334018,True,True,False,0.0,old_waveform
12.122101,-1.0582234688937642,True,True,False,0.0,old_waveform
12.1276565,-1.0246988508832595,True,True,False,0.0,old_waveform
12.133212,-0.9879327018853088,True,True,False,0.0,old_waveform
12.1387675,-0.9481289401697924,True,True,False,0.0,old_waveform
12.144323,-0.905520701794328,True,True,False,0.0,old_waveform
12.1498785,-0.8603668265981474,True,True,False,0.0,old_waveform
12.155434,-0.8129479538501747,True,True,False,0.0,old_waveform
12.1609895,-0.7635625761234289,True,True,False,0.0,old_waveform
12.166545,-0.7125231131290346,True,True,False,0.0,old_waveform
12.1721005,-0.6601519444150105,True,True,False,0.0,old_waveform
12.177656,-0.6067775011083684,True,True,False,0.0,old_waveform
12.1832115,-0.5527305320385064,True,True,False,0.0,old_waveform
12.188767,-0.498340601643782,True,True,False,0.0,old_waveform
12.1943225,-0.4439329734644173,True,True,False,0.0,old_waveform
12.199878,-0.3898259580832067,True,True,False,0.0,old_waveform
12.2054335,-0.3363284788523813,True,True,False,0.0,old_waveform
12.210989,-0.2837374997520445,True,True,False,0.0,old_waveform
12.2165445,-0.2323351398712582,True,True,False,0.0,old_waveform
12.2221,-0.1823854339036726,True,True,False,0.0,old_waveform
12.2276555,-0.1341307245866888,True,True,False,0.0,old_waveform
12.233211,-0.0877877464561479,True,True,False,0.0,old_waveform
12.2387665,-0.0435436243582467,True,True,False,0.0,old_waveform
12.244322,-0.0015521511540332,True,True,False,0.0,old_waveform
12.2498775,0.0380693444329083,True,True,False,0.0,old_waveform
12.255433,0.0752424692867958,True,True,False,0.0,old_waveform
12.2609885,0.1099296393901146,True,True,False,0.0,old_waveform
12.266544,0.1421352837970258,True,True,False,0.0,old_waveform
12.2720995,0.1719062055280144,True,True,False,0.0,old_waveform
12.277655,0.1993311188647303,True,True,False,0.0,old_waveform
12.2832105,0.2245395726139122,True,True,False,0.0,old_waveform
12.288766,0.2477002732359542,True,True,False,0.0,old_waveform
12.2943215,0.269018443621452,True,True,False,0.0,old_waveform
12.299877,0.2887318055971788,True,True,False,0.0,old_waveform
12.3054325,0.3071051995396157,True,True,False,0.0,old_waveform
12.310988,0.3244243711750352,True,True,False,0.0,old_waveform
12.3165435,0.340989641721009,True,True,False,0.0,old_waveform
12.322099,0.3571100064809869,True,True,False,0.0,old_waveform
12.3276545,0.3730978493037409,True,True,False,0.0,old_waveform
12.33321,0.3892640920200442,True,True,False,0.0,old_waveform
12.3387655,0.4059134302457832,True,True,False,0.0,old_waveform
12.344321,0.4233393844016808,True,True,False,0.0,old_waveform
12.3498765,0.4418191327883858,True,True,False,0.0,old_waveform
12.355432,0.4616083847166866,True,True,False,0.0,old_waveform
12.3609875,0.4829366204625812,True,True,False,0.0,old_waveform
12.366543,0.5060027818913815,True,True,False,0.0,old_waveform
12.3720985,0.5309713641374129,True,True,False,0.0,old_waveform
12.377654,0.5579691115704098,True,True,False,0.0,old_waveform
12.3832095,0.5870827684379948,True,True,False,0.0,old_waveform
12.388765,0.6183581535794099,True,True,False,0.0,old_waveform
12.3943205,0.6518003836207937,True,True,False,0.0,old_waveform
12.399876,0.6873747638930778,True,True,False,0.0,old_waveform
12.4054315,0.7250078933582357,True,True,False,0.0,old_waveform
12.410987,0.7645887698116652,True,True,False,0.0,old_waveform
12.4165425,0.8059698627846874,True,True,False,0.0,old_waveform
12.422098,0.8489682552399208,True,True,False,0.0,old_waveform
12.4276535,0.8933671486771178,True,True,False,0.0,old_waveform
12.433209,0.9389179575894958,True,True,False,0.0,old_waveform
12.4387645,0.9853427913105814,True,True,False,0.0,old_waveform
12.44432,1.0323369286464417,True,True,False,0.0,old_waveform
12.4498755,1.0795712193952944,True,True,False,0.0,old_waveform
12.455431,1.1266947420241016,True,True,False,0.0,old_waveform
12.4609865,1.1733380328501,True,True,False,0.0,old_waveform
12.466542,1.2191168121089409,True,True,False,0.0,old_waveform
12.4720975,1.2636359129119217,True,True,False,0.0,old_waveform
12.477653,1.3064933768039253,True,True,False,0.0,old_waveform
12.4832085,1.347284866835502,True,True,False,0.0,old_waveform
12.488764,1.385608284730027,True,True,False,0.0,old_waveform
12.4943195,1.4210682774962018,True,True,False,0.0,old_waveform
12.499875,1.4532805114392495,True,True,False,0.0,old_waveform
12.5054305,1.4818758458203742,True,True,False,0.0,old_waveform
12.510986,1.5065045708522349,True,True,False,0.0,old_waveform
12.5165415,1.5268406842263589,True,True,False,0.0,old_waveform
12.522097,1.542586000022539,True,True,False,0.0,old_waveform
12.5276525,1.5534740092253891,True,True,False,0.0,old_waveform
12.533208,1.55927365028843,True,True,False,0.0,old_waveform
12.5387635,1.559793060195519,True,True,False,0.0,old_waveform
12.544319,1.5548830432449592,True,True,False,0.0,old_waveform
12.5498745,1.5444397841821786,True,True,False,0.0,old_waveform
12.55543,1.5284063860784205,True,True,False,0.0,old_waveform
12.5609855,1.5067731317251285,True,True,False,0.0,old_waveform
12.566541,1.479576751540978,True,True,False,0.0,old_waveform
12.5720965,1.4468990758875997,True,True,False,0.0,old_waveform
12.577652,1.4088652604061485,True,True,False,0.0,old_waveform
12.5832075,1.3656416395389517,True,True,False,0.0,old_waveform
12.588763,1.3174333237595108,True,True,False,0.0,old_waveform
12.5943185,1.264481750363433,True,True,False,0.0,old_waveform
12.599874,1.2070622921747975,True,True,False,0.0,old_waveform
12.6054295,1.1454816891290072,True,True,False,0.0,old_waveform
12.610985,1.0800748436362098,True,True,False,0.0,old_waveform
12.6165405,1.01120073019294,True,True,False,0.0,old_waveform
12.622096,0.9392375677003346,True,True,False,0.0,old_waveform
12.6276515,0.8645775844761745,True,True,False,0.0,old_waveform
12.633207,0.7876216780676145,True,True,False,0.0,old_waveform
12.6387625,0.7087741785165678,True,True,False,0.0,old_waveform
12.644318,0.6284377511646202,True,True,False,0.0,old_waveform
12.6498735,0.5470083240961398,True,True,False,0.0,old_waveform
12.655429,0.4648700881963867,True,True,False,0.0,old_waveform
12.6609845,0.3823909748913806,True,True,False,0.0,old_waveform
12.66654,0.2999189852086949,True,True,False,0.0,old_waveform
12.6720955,0.2177793468648538,True,True,False,0.0,old_waveform
12.677651,0.1362723537843514,True,True,False,0.0,old_waveform
12.6832065,0.0556719785068912,True,True,False,0.0,old_waveform
12.688762,-0.0237745022630132,True,True,False,0.0,old_waveform
12.6943175,-0.1018457717246854,True,True,False,0.0,old_waveform
12.699873,-0.1783447929050849,True,True,False,0.0,old_waveform
12.7054285,-0.2530964122759817,True,True,False,0.0,old_waveform
12.710984,-0.3259442998324655,True,True,False,0.0,old_waveform
12.7165395,-0.3967472732684334,True,True,False,0.0,old_waveform
12.722095,-0.4653754750782412,True,True,False,0.0,old_waveform
12.7276505,-0.5317073035851476,True,True,False,0.0,old_waveform
12.733206,-0.5956277916137969,True,True,False,0.0,old_waveform
12.7387615,-0.6570282985576286,True,True,False,0.0,old_waveform
12.744317,-0.7158067388435694,True,True,False,0.0,old_waveform
12.7498725,-0.7718676967915945,True,True,False,0.0,old_waveform
12.755428,-0.825122292147682,True,True,False,0.0,old_waveform
12.7609835,-0.8754879688578102,True,True,False,0.0,old_waveform
12.766539,-0.922888485229669,True,True,False,0.0,old_waveform
12.7720945,-0.9672543918289486,True,True,False,0.0,old_waveform
12.77765,-1.0085240800873647,True,True,False,0.0,old_waveform
12.7832055,-1.046645216464077,True,True,False,0.0,old_waveform
12.788761,-1.0815763433414551,True,True,False,0.0,old_waveform
12.7943165,-1.1132885169761164,True,True,False,0.0,old_waveform
12.799872,-1.141766772277652,True,True,False,0.0,old_waveform
12.8054275,-1.1670110601056256,True,True,False,0.0,old_waveform
12.810983,-1.1890364102999946,True,True,False,0.0,old_waveform
12.8165385,-1.2078723942912526,True,True,False,0.0,old_waveform
12.822094,-1.2235621577133546,True,True,False,0.0,old_waveform
12.8276495,-1.2361611930232723,True,True,False,0.0,old_waveform
12.833205,-1.2457358104474583,True,True,False,0.0,old_waveform
12.8387605,-1.2523612705457283,True,True,False,0.0,old_waveform
12.844316,-1.2561197576194894,True,True,False,0.0,old_waveform
12.8498715,-1.2570983725539813,True,True,False,0.0,old_waveform
12.855427,-1.2553869666770532,True,True,False,0.0,old_waveform
12.8609825,-1.2510754590291089,True,True,False,0.0,old_waveform
12.866538,-1.2442506572912022,True,True,False,0.0,old_waveform
12.8720935,-1.234993124875808,True,True,False,0.0,old_waveform
12.877649,-1.2233747440506924,True,True,False,0.0,old_waveform
12.8832045,-1.2094573104625417,True,True,False,0.0,old_waveform
12.88876,-1.1932921131456589,True,True,False,0.0,old_waveform
12.8943155,-1.1749202428768364,True,True,False,0.0,old_waveform
12.899871,-1.1543733507895528,True,True,False,0.0,old_waveform
12.9054265,-1.1316746863398066,True,True,False,0.0,old_waveform
12.910982,-1.106840369437255,True,True,False,0.0,old_waveform
12.9165375,-1.0798809763506252,True,True,False,0.0,old_waveform
12.922093,-1.0508037243433226,True,True,False,0.0,old_waveform
12.9276485,-1.0196155879615374,True,True,False,0.0,old_waveform
12.933204,-0.986327193437346,True,True,False,0.0,old_waveform
12.9387595,-0.9509567282358808,True,True,False,0.0,old_waveform
12.944315,-0.9135332471956652,True,True,False,0.0,old_waveform
12.9498705,-0.8740994633837648,True,True,False,0.0,old_waveform
12.955426,-0.832714346955757,True,True,False,0.0,old_waveform
12.9609815,-0.789455487431312,True,True,False,0.0,old_waveform
12.966537,-0.7444209250177201,True,True,False,0.0,old_waveform
12.9720925,-0.6977302616843497,True,True,False,0.0,old_waveform
12.977648,-0.6495250059518639,True,True,False,0.0,old_waveform
12.9832035,-0.5999681701185583,True,True,False,0.0,old_waveform
12.988759,-0.5492432574294194,True,True,False,0.0,old_waveform
12.9943145,-0.497552864415708,True,True,False,0.0,old_waveform
12.99987,-0.4451169366246398,True,True,False,0.0,old_waveform
13.0054255,-0.3921705544842551,True,True,False,0.0,old_waveform
13.010981,-0.3389614341220511,True,True,False,0.0,old_waveform
13.0165365,-0.2857464366493144,True,True,False,0.0,old_waveform
13.022092,-0.232787160438995,True,True,False,0.0,old_waveform
13.0276475,-0.1803450590489506,True,True,False,0.0,old_waveform
13.033203,-0.128676185271645,True,True,False,0.0,old_waveform
13.0387585,-0.0780258366507893,True,True,False,0.0,old_waveform
13.044314,-0.0286234226956582,True,True,False,0.0,old_waveform
13.0498695,0.0193220818749517,True,True,False,0.0,old_waveform
13.055425,0.0656257721134399,True,True,False,0.0,old_waveform
13.0609805,0.1101293030744866,True,True,False,0.0,old_waveform
13.066536,0.1527022603319897,True,True,False,0.0,old_waveform
13.0720915,0.1932428786154258,True,True,False,0.0,old_waveform
13.077647,0.2316787373107694,True,True,False,0.0,old_waveform
13.0832025,0.2679676299094484,True,True,False,0.0,old_waveform
13.088758,0.3020982444196337,True,True,False,0.0,old_waveform
13.0943135,0.334090174731162,True,True,False,0.0,old_waveform
13.099869,0.3639930052471065,True,True,False,0.0,old_waveform
13.1054245,0.3918843919025306,True,True,False,0.0,old_waveform
13.11098,0.4178670952543845,True,True,False,0.0,old_waveform
13.1165355,0.4420648726694682,True,True,False,0.0,old_waveform
13.122091,0.4646171896864058,True,True,False,0.0,old_waveform
13.1276465,0.485673042131501,True,True,False,0.0,old_waveform
13.133202,0.5053845600712206,True,True,False,0.0,old_waveform
13.1387575,0.523901039990074,True,True,False,0.0,old_waveform
13.144313,0.541363706079115,True,True,False,0.0,old_waveform
13.1498685,0.5579013667782943,True,True,False,0.0,old_waveform
13.155424,0.5736272335512944,True,True,False,0.0,old_waveform
13.1609795,0.5886370159227649,True,True,False,0.0,old_waveform
13.166535,0.6030080167187463,True,True,False,0.0,old_waveform
13.1720905,0.6167988520770846,True,True,False,0.0,old_waveform
13.177646,0.630049630948068,True,True,False,0.0,old_waveform
13.1832015,0.64278252376847,True,True,False,0.0,old_waveform
13.188757,0.6550026216866407,True,True,False,0.0,old_waveform
13.1943125,0.6666990408040928,True,True,False,0.0,old_waveform
13.199868,0.677846270242753,True,True,False,0.0,old_waveform
13.2054235,0.6884057359085357,True,True,False,0.0,old_waveform
13.210979,0.6983275305924542,True,True,False,0.0,old_waveform
13.2165345,0.707552239527602,True,True,False,0.0,old_waveform
13.22209,0.7160127993615898,True,True,False,0.0,old_waveform
13.2276455,0.7236363657878994,True,True,False,0.0,old_waveform
13.233201,0.7303461266407808,True,True,False,0.0,old_waveform
13.2387565,0.7360629175047393,True,True,False,0.0,old_waveform
13.244312,0.7407064721048483,True,True,False,0.0,old_waveform
13.2498675,0.7441962513853635,True,True,False,0.0,old_waveform
13.255423,0.7464521232892477,True,True,False,0.0,old_waveform
13.2609785,0.7473954784482455,True,True,False,0.0,old_waveform
13.266534,0.7469512360584846,True,True,False,0.0,old_waveform
13.2720895,0.7450506503742226,True,True,False,0.0,old_waveform
13.277645,0.7416344318539412,True,True,False,0.0,old_waveform
13.2832005,0.7366557124869839,True,True,False,0.0,old_waveform
13.288756,0.7300824614142495,True,True,False,0.0,old_waveform
13.2943115,0.7218989518544854,True,True,False,0.0,old_waveform
13.299867,0.7121061156808013,True,True,False,0.0,old_waveform
13.3054225,0.7007211231327876,True,True,False,0.0,old_waveform
13.310978,0.6877768160077531,True,True,False,0.0,old_waveform
13.3165335,0.6733213867904944,True,True,False,0.0,old_waveform
13.322089,0.6574181699852523,True,True,False,0.0,old_waveform
13.3276445,0.640145066155973,True,True,False,0.0,old_waveform
13.3332,0.6215932231306602,True,True,False,0.0,old_waveform
13.3387555,0.6018650088850962,True,True,False,0.0,old_waveform
13.344311,0.5810716173612588,True,True,False,0.0,old_waveform
13.3498665,0.5593306243565997,True,True,False,0.0,old_waveform
13.355422,0.5367635907323189,True,True,False,0.0,old_waveform
13.3609775,0.513493603786373,True,True,False,0.0,old_waveform
13.366533,0.489642548481631,True,True,False,0.0,old_waveform
13.3720885,0.4653280366881063,True,True,False,0.0,old_waveform
13.377644,0.440660287093771,True,True,False,0.0,old_waveform
13.3831995,0.4157394482411179,True,True,False,0.0,old_waveform
13.388755,0.3906536501851722,True,True,False,0.0,old_waveform
13.3943105,0.365477803528409,True,True,False,0.0,old_waveform
13.399866,0.3402731707027542,True,True,False,0.0,old_waveform
13.4054215,0.3150877943198558,True,True,False,0.0,old_waveform
13.410977,0.2899576965486875,True,True,False,0.0,old_waveform
13.4165325,0.2649085501523752,True,True,False,0.0,old_waveform
13.422088,0.2399575263169987,True,True,False,0.0,old_waveform
13.4276435,0.2151150923354663,True,True,False,0.0,old_waveform
13.433199,0.1903865242304967,True,True,False,0.0,old_waveform
13.4387545,0.1657730299925076,True,True,False,0.0,old_waveform
13.44431,0.1412726270750273,True,True,False,0.0,old_waveform
13.4498655,0.1168809089165583,True,True,False,0.0,old_waveform
13.455421,0.0925916108132518,True,True,False,0.0,old_waveform
13.4609765,0.0683968441721246,True,True,False,0.0,old_waveform
13.466532,0.0442870143505709,True,True,False,0.0,old_waveform
13.4720875,0.0202504747007489,True,True,False,0.0,old_waveform
13.477643,-0.0037271195283778,True,True,False,0.0,old_waveform
13.4831985,-0.0276637041074175,True,True,False,0.0,old_waveform
13.488754,-0.051581541636695,True,True,False,0.0,old_waveform
13.4943095,-0.0755072836404434,True,True,False,0.0,old_waveform
13.499865,-0.0994713221006407,True,True,False,0.0,old_waveform
13.5054205,-0.1235069198764904,True,True,False,0.0,old_waveform
13.510976,-0.1476495635856045,True,True,False,0.0,old_waveform
13.5165315,-0.1719365779611628,True,True,False,0.0,old_waveform
13.522087,-0.1964067419893231,True,True,False,0.0,old_waveform
13.5276425,-0.2210995688875368,True,True,False,0.0,old_waveform
13.533198,-0.2460539940736401,True,True,False,0.0,old_waveform
13.5387535,-0.2713064021749372,True,True,False,0.0,old_waveform
13.544309,-0.2968881411171441,True,True,False,0.0,old_waveform
13.5498645,-0.3228228032858391,True,True,False,0.0,old_waveform
13.55542,-0.3491235432535195,True,True,False,0.0,old_waveform
13.5609755,-0.375790624421249,True,True,False,0.0,old_waveform
13.566531,-0.4028093298449812,True,True,False,0.0,old_waveform
13.5720865,-0.4301482987600882,True,True,False,0.0,old_waveform
13.577642,-0.4577582648652226,True,True,False,0.0,old_waveform
13.5831975,-0.485571233233053,True,True,False,0.0,old_waveform
13.588753,-0.5135003176055228,True,True,False,0.0,old_waveform
13.5943085,-0.5414405435466604,True,True,False,0.0,old_waveform
13.599864,-0.5692708156208408,True,True,False,0.0,old_waveform
13.6054195,-0.5968569582763733,True,True,False,0.0,old_waveform
13.610975,-0.624055387838477,True,True,False,0.0,old_waveform
13.6165305,-0.6507168175319201,True,True,False,0.0,old_waveform
13.622086,-0.6766895433323418,True,True,False,0.0,old_waveform
13.6276415,-0.7018221707578347,True,True,False,0.0,old_waveform
13.633197,-0.7259659246755739,True,True,False,0.0,old_waveform
13.6387525,-0.7489768299171253,True,True,False,0.0,old_waveform
13.644308,-0.7707180618638858,True,True,False,0.0,old_waveform
13.6498635,-0.7910625932706996,True,True,False,0.0,old_waveform
13.655419,-0.8098959036557098,True,True,False,0.0,old_waveform
13.6609745,-0.8271182457114006,True,True,False,0.0,old_waveform
13.66653,-0.8426460389680865,True,True,False,0.0,old_waveform
13.6720855,-0.8564122622461424,True,True,False,0.0,old_waveform
13.677641,-0.8683659803662606,True,True,False,0.0,old_waveform
13.6831965,-0.878471323290674,True,True,False,0.0,old_waveform
13.688752,-0.8867063409628486,True,True,False,0.0,old_waveform
13.6943075,-0.8930619997544235,True,True,False,0.0,old_waveform
13.699863,-0.897541236426885,True,True,False,0.0,old_waveform
13.7054185,-0.9001578721018548,True,True,False,0.0,old_waveform
13.710974,-0.9009353221899776,True,True,False,0.0,old_waveform
13.7165295,-0.8999050958567008,True,True,False,0.0,old_waveform
13.722085,-0.897105088288914,True,True,False,0.0,old_waveform
13.7276405,-0.8925777197215724,True,True,False,0.0,old_waveform
13.733196,-0.8863679671282675,True,True,False,0.0,old_waveform
13.7387515,-0.8785213411023355,True,True,False,0.0,old_waveform
13.744307,-0.8690819955003947,True,True,False,0.0,old_waveform
13.7498625,-0.858091218177387,True,True,False,0.0,old_waveform
13.755418,-0.8455863343618066,True,True,False,0.0,old_waveform
13.7609735,-0.8315997860923867,True,True,False,0.0,old_waveform
13.766529,-0.8161581826291745,True,True,False,0.0,old_waveform
13.7720845,-0.7992814047914839,True,True,False,0.0,old_waveform
13.77764,-0.780982051504721,True,True,False,0.0,old_waveform
13.7831955,-0.7612654636744608,True,True,False,0.0,old_waveform
13.788751,-0.7401303983488956,True,True,False,0.0,old_waveform
13.7943065,-0.7175702839422603,True,True,False,0.0,old_waveform
13.799862,-0.6935747752136212,True,True,False,0.0,old_waveform
13.8054175,-0.6681311771368362,True,True,False,0.0,old_waveform
13.810973,-0.6412255517820672,True,True,False,0.0,old_waveform
13.8165285,-0.6128437031301378,True,True,False,0.0,old_waveform
13.822084,-0.582972189723899,True,True,False,0.0,old_waveform
13.8276395,-0.5515992669779244,True,True,False,0.0,old_waveform
13.833195,-0.5187157357455048,True,True,False,0.0,old_waveform
13.8387505,-0.4843158311832564,True,True,False,0.0,old_waveform
13.844306,-0.4483981294284517,True,True,False,0.0,old_waveform
13.8498615,-0.4109662974198288,True,True,False,0.0,old_waveform
13.855417,-0.3720297054428327,True,True,False,0.0,old_waveform
13.8609725,-0.331604146933196,True,True,False,0.0,old_waveform
13.866528,-0.2897128406756483,True,True,False,0.0,old_waveform
13.8720835,-0.246387653896527,True,True,False,0.0,old_waveform
13.877639,-0.2016703180824678,True,True,False,0.0,old_waveform
13.8831945,-0.1556134637230412,True,True,False,0.0,old_waveform
13.88875,-0.1082815210824572,True,True,False,0.0,old_waveform
13.8943055,-0.0597516344747683,True,True,False,0.0,old_waveform
13.899861,-0.0101145729490574,True,True,False,0.0,old_waveform
13.9054165,0.0405246448257514,True,True,False,0.0,old_waveform
13.910972,0.0920467842130455,True,True,False,0.0,old_waveform
13.9165275,0.144319233703711,True,True,False,0.0,old_waveform
13.922083,0.1971974967800437,True,True,False,0.0,old_waveform
13.9276385,0.2505271697605258,True,True,False,0.0,old_waveform
13.933194,0.3041464057873176,True,True,False,0.0,old_waveform
13.9387495,0.3578888558043646,True,True,False,0.0,old_waveform
13.944305,0.4115869051413611,True,True,False,0.0,old_waveform
13.9498605,0.4650749597800072,True,True,False,0.0,old_waveform
13.955416,0.5181925708032304,True,True,False,0.0,old_waveform
13.9609715,0.5707870894952076,True,True,False,0.0,old_waveform
13.966527,0.6227153936981248,True,True,False,0.0,old_waveform
13.9720825,0.6738444009105936,True,True,False,0.0,old_waveform
13.977638,0.7240506218271117,True,True,False,0.0,old_waveform
13.9831935,0.7732193667878756,True,True,False,0.0,old_waveform
13.988749,0.821244025696094,True,True,False,0.0,old_waveform
13.9943045,0.8680254294665275,True,True,False,0.0,old_waveform
13.99986,0.9134717998543496,True,True,False,0.0,old_waveform
14.0054155,0.9574968618678202,True,True,False,0.0,old_waveform
14.010971,1.0000185413771343,True,True,False,0.0,old_waveform
14.0165265,1.0409596888527357,True,True,False,0.0,old_waveform
14.022082,1.0802481677382592,True,True,False,0.0,old_waveform
14.0276375,1.1178176621024407,True,True,False,0.0,old_waveform
14.033193,1.1536082745431888,True,True,False,0.0,old_waveform
14.0387485,1.1875665709354553,True,True,False,0.0,old_waveform
14.044304,1.2196450495550957,True,True,False,0.0,old_waveform
14.0498595,1.249801225405876,True,True,False,0.0,old_waveform
14.055415,1.2779967761332598,True,True,False,0.0,old_waveform
14.0609705,1.3041972750454809,True,True,False,0.0,old_waveform
14.066526,1.3283726854200186,True,True,False,0.0,old_waveform
14.0720815,1.3504982863684811,True,True,False,0.0,old_waveform
14.077637,1.370555534482065,True,True,False,0.0,old_waveform
14.0831925,1.388532600930842,True,True,False,0.0,old_waveform
14.088748,1.4044245893962637,True,True,False,0.0,old_waveform
14.0943035,1.4182334650332789,True,True,False,0.0,old_waveform
14.099859,1.4299675803572354,True,True,False,0.0,old_waveform
14.1054145,1.4396406224002836,True,True,False,0.0,old_waveform
14.11097,1.4472700263872569,True,True,False,0.0,old_waveform
14.1165255,1.452875275002506,True,True,False,0.0,old_waveform
14.122081,1.4564765967264133,True,True,False,0.0,old_waveform
14.1276365,1.4580941407674337,True,True,False,0.0,old_waveform
14.133192,1.4577470647132218,True,True,False,0.0,old_waveform
14.1387475,1.4554518641222096,True,True,False,0.0,old_waveform
14.144303,1.4512199350749546,True,True,False,0.0,old_waveform
14.1498585,1.4450550154915025,True,True,False,0.0,old_waveform
14.155414,1.4369511715471586,True,True,False,0.0,old_waveform
14.1609695,1.426891716701765,True,True,False,0.0,old_waveform
14.166525,1.4148492986208083,True,True,False,0.0,old_waveform
14.1720805,1.4007872806224384,True,True,False,0.0,old_waveform
14.177636,1.3846622836663562,True,True,False,0.0,old_waveform
14.1831915,1.3664275293323882,True,True,False,0.0,old_waveform
14.188747,1.3460367160021294,True,True,False,0.0,old_waveform
14.1943025,1.3234482773530625,True,True,False,0.0,old_waveform
14.199858,1.2986296998191256,True,True,False,0.0,old_waveform
14.2054135,1.271561421046502,True,True,False,0.0,old_waveform
14.210969,1.2422399930408914,True,True,False,0.0,old_waveform
14.2165245,1.2106805696692866,True,True,False,0.0,old_waveform
14.22208,1.1769190822260585,True,True,False,0.0,old_waveform
14.2276355,1.1410143506084416,True,True,False,0.0,old_waveform
14.233191,1.1030498024316489,True,True,False,0.0,old_waveform
14.2387465,1.0631340576383377,True,True,False,0.0,old_waveform
14.244302,1.0213999333405372,True,True,False,0.0,old_waveform
14.2498575,0.9780019799166588,True,True,False,0.0,old_waveform
14.255413,0.9331128161981016,True,True,False,0.0,old_waveform
14.2609685,0.8869184711761918,True,True,False,0.0,old_waveform
14.266524,0.839613013421772,True,True,False,0.0,old_waveform
14.2720795,0.7913929308649007,True,True,False,0.0,old_waveform
14.277635,0.7424518910034726,True,True,False,0.0,old_waveform
14.2831905,0.6929763901161909,True,True,False,0.0,old_waveform
14.288746,0.6431422816749816,True,True,False,0.0,old_waveform
14.2943015,0.5931118104070332,True,True,False,0.0,old_waveform
14.299857,0.5430309719633635,True,True,False,0.0,old_waveform
14.3054125,0.493027291271176,True,True,False,0.0,old_waveform
14.310968,0.4432080709142065,True,True,False,0.0,old_waveform
14.3165235,0.393659106887682,True,True,False,0.0,old_waveform
14.322079,0.3444439289054797,True,True,False,0.0,old_waveform
14.3276345,0.2956035479037499,True,True,False,0.0,old_waveform
14.33319,0.247156588182482,True,True,False,0.0,old_waveform
14.3387455,0.1990997954419237,True,True,False,0.0,old_waveform
14.344301,0.1514090361723731,True,True,False,0.0,old_waveform
14.3498565,0.1040408352697306,True,True,False,0.0,old_waveform
14.355412,0.0569344759213758,True,True,False,0.0,old_waveform
14.3609675,0.0100148119412355,True,True,False,0.0,old_waveform
14.366523,-0.0368040951932085,True,True,False,0.0,old_waveform
14.3720785,-0.0836148138077239,True,True,False,0.0,old_waveform
14.377634,-0.1305125577224883,True,True,False,0.0,old_waveform
14.3831895,-0.1775918402313338,True,True,False,0.0,old_waveform
14.388745,-0.2249435460148117,True,True,False,0.0,old_waveform
14.3943005,-0.2726519822476039,True,True,False,0.0,old_waveform
14.399856,-0.3207917282778842,True,True,False,0.0,old_waveform
14.4054115,-0.3694242205430925,True,True,False,0.0,old_waveform
14.410967,-0.418594111432984,True,True,False,0.0,old_waveform
14.4165225,-0.4683257566425873,True,True,False,0.0,old_waveform
14.422078,-0.5186202604292394,True,True,False,0.0,old_waveform
14.4276335,-0.5694531449316389,True,True,False,0.0,old_waveform
14.433189,-0.620772363147038,True,True,False,0.0,old_waveform
14.4387445,-0.672496455714954,True,True,False,0.0,old_waveform
14.4443,-0.7245130756625142,True,True,False,0.0,old_waveform
14.4498555,-0.7766783831481656,True,True,False,0.0,old_waveform
14.455411,-0.8288176723392298,True,True,False,0.0,old_waveform
14.4609665,-0.8807272661207824,True,True,False,0.0,old_waveform
14.466522,-0.9321775158442948,True,True,False,0.0,old_waveform
14.4720775,-0.982916726879628,True,True,False,0.0,old_waveform
14.477633,-1.0326757763918062,True,True,False,0.0,old_waveform
14.4831885,-1.0811730526086738,True,True,False,0.0,old_waveform
14.488744,-1.1281193590708074,True,True,False,0.0,old_waveform
14.4942995,-1.1732225466574286,True,True,False,0.0,old_waveform
14.499855,-1.2161917231403208,True,True,False,0.0,old_waveform
14.5054105,-1.2567410801409475,True,True,False,0.0,old_waveform
14.510966,-1.2945936327387388,True,True,False,0.0,old_waveform
14.5165215,-1.3294851602971187,True,True,False,0.0,old_waveform
14.522077,-1.3611682568564727,True,True,False,0.0,old_waveform
14.5276325,-1.3894160831304383,True,True,False,0.0,old_waveform
14.533188,-1.4140256023573328,True,True,False,0.0,old_waveform
14.5387435,-1.434820409372603,True,True,False,0.0,old_waveform
14.544299,-1.4516532027014373,True,True,False,0.0,old_waveform
14.5498545,-1.4644078130746734,True,True,False,0.0,old_waveform
14.55541,-1.4730008594306063,True,True,False,0.0,old_waveform
14.5609655,-1.4773831938939246,True,True,False,0.0,old_waveform
14.566521,-1.477541073351759,True,True,False,0.0,old_waveform
14.5720765,-1.4734968860982078,True,True,False,0.0,old_waveform
14.577632,-1.4653095093207646,True,True,False,0.0,old_waveform
14.5831875,-1.4530745309830353,True,True,False,0.0,old_waveform
14.588743,-1.4369243161389755,True,True,False,0.0,old_waveform
14.5942985,-1.417027610132603,True,True,False,0.0,old_waveform
14.599854,-1.393588365112016,True,True,False,0.0,old_waveform
14.6054095,-1.3668435303490123,True,True,False,0.0,old_waveform
14.610965,-1.337059656405463,True,True,False,0.0,old_waveform
14.6165205,-1.304528498378352,True,True,False,0.0,old_waveform
14.622076,-1.269562003249251,True,True,False,0.0,old_waveform
14.6276315,-1.232486878842072,True,True,False,0.0,old_waveform
14.633187,-1.1936387385903833,True,True,False,0.0,old_waveform
14.6387425,-1.153355890632787,True,True,False,0.0,old_waveform
14.644298,-1.1119731181571768,True,True,False,0.0,old_waveform
14.6498535,-1.0698159998448606,True,True,False,0.0,old_waveform
14.655409,-1.0271961065869375,True,True,False,0.0,old_waveform
14.6609645,-0.9844068915175382,True,True,False,0.0,old_waveform
14.66652,-0.9417199212078108,True,True,False,0.0,old_waveform
14.6720755,-0.899381515862793,True,True,False,0.0,old_waveform
14.677631,-0.8576101636091611,True,True,False,0.0,old_waveform
14.6831865,-0.8165947801703446,True,True,False,0.0,old_waveform
14.688742,-0.7764935573425599,True,True,False,0.0,old_waveform
14.6942975,-0.7374332342798692,True,True,False,0.0,old_waveform
14.699853,-0.6995089001298866,True,True,False,0.0,old_waveform
14.7054085,-0.6627846118363084,True,True,False,0.0,old_waveform
14.710964,-0.6272949957126784,True,True,False,0.0,old_waveform
14.7165195,-0.5930476158000226,True,True,False,0.0,old_waveform
14.722075,-0.56002557773223,True,True,False,0.0,old_waveform
14.7276305,-0.5281897605090515,True,True,False,0.0,old_waveform
14.733186,-0.4974802553175177,True,True,False,0.0,old_waveform
14.7387415,-0.467817059502418,True,True,False,0.0,old_waveform
14.744297,-0.4391004521338791,True,True,False,0.0,old_waveform
14.7498525,-0.4112113980152468,True,True,False,0.0,old_waveform
14.755408,-0.3840120443425375,True,True,False,0.0,old_waveform
14.7609635,-0.3573462335882289,True,True,False,0.0,old_waveform
14.766519,-0.3310399542176077,True,True,False,0.0,old_waveform
14.7720745,-0.3049018547856345,True,True,False,0.0,old_waveform
14.77763,-0.2787243056887329,True,True,False,0.0,old_waveform
14.7831855,-0.2522854559724415,True,True,False,0.0,old_waveform
14.788741,-0.2253521854044562,True,True,False,0.0,old_waveform
14.7942965,-0.1976835851369505,True,True,False,0.0,old_waveform
14.799852,-0.1690348985669741,True,True,False,0.0,old_waveform
14.8054075,-0.1391619881082454,True,True,False,0.0,old_waveform
14.810963,-0.1078261105784498,True,True,False,0.0,old_waveform
14.8165185,-0.0747986815953928,True,True,False,0.0,old_waveform
14.822074,-0.0398659727552379,True,True,False,0.0,old_waveform
14.8276295,-0.0028338854145435,True,True,False,0.0,old_waveform
14.833185,0.0364671126826985,True,True,False,0.0,old_waveform
14.8387405,0.0781769979684624,True,True,False,0.0,old_waveform
14.844296,0.1224014856490451,True,True,False,0.0,old_waveform
14.8498515,0.1692080038356488,True,True,False,0.0,old_waveform
14.855407,0.2186225078840532,True,True,False,0.0,old_waveform
14.8609625,0.2706270252254621,True,True,False,0.0,old_waveform
14.866518,0.3251578112164554,True,True,False,0.0,old_waveform
14.8720735,0.382104236504855,True,True,False,0.0,old_waveform
14.877629,0.4413087480489847,True,True,False,0.0,old_waveform
14.8831845,0.5025680796498395,True,True,False,0.0,old_waveform
14.88874,0.5656353787666524,True,True,False,0.0,old_waveform
14.8942955,0.6302226837319362,True,True,False,0.0,old_waveform
14.899851,0.6960035009984165,True,True,False,0.0,old_waveform
14.9054065,0.762615553020361,True,True,False,0.0,old_waveform
14.910962,0.829663694679756,True,True,False,0.0,old_waveform
14.9165175,0.8967228430842206,True,True,False,0.0,old_waveform
14.922073,0.9633408675360282,True,True,False,0.0,old_waveform
14.9276285,1.0290416827681763,True,True,False,0.0,old_waveform
14.933184,1.0933289718067782,True,True,False,0.0,old_waveform
14.9387395,1.1556907028338834,True,True,False,0.0,old_waveform
14.944295,1.2156041652865357,True,True,False,0.0,old_waveform
14.9498505,1.2725413644159005,True,True,False,0.0,old_waveform
14.955406,1.3259751452435165,True,True,False,0.0,old_waveform
14.9609615,1.3753864950440309,True,True,False,0.0,old_waveform
14.966517,1.4202729818143465,True,True,False,0.0,old_waveform
14.9720725,1.4601577914787918,True,True,False,0.0,old_waveform
14.977628,1.4945986390850627,True,True,False,0.0,old_waveform
14.9831835,1.5231960015330317,True,True,False,0.0,old_waveform
14.988739,1.5456005416679626,True,True,False,0.0,old_waveform
14.9942945,1.5615199062652407,True,True,False,0.0,old_waveform
14.99985,1.5707259376263032,True,True,False,0.0,old_waveform
15.0054055,1.5730596899392562,True,True,False,0.0,old_waveform
15.010961,1.568434360194785,True,True,False,0.0,old_waveform
15.0165165,1.5568384401915083,True,True,False,0.0,old_waveform
15.022072,1.5383370493418114,True,True,False,0.0,old_waveform
15.0276275,1.5130713998120209,True,True,False,0.0,old_waveform
15.033183,1.4812570483231398,True,True,False,0.0,old_waveform
15.0387385,1.4431811141373423,True,True,False,0.0,old_waveform
15.044294,1.3991984595746128,True,True,False,0.0,old_waveform
15.0498495,1.3497266829737715,True,True,False,0.0,old_waveform
15.055405,1.2952397109171052,True,True,False,0.0,old_waveform
15.0609605,1.236259897889623,True,True,False,0.0,old_waveform
15.066516,1.173348815114955,True,True,False,0.0,old_waveform
15.0720715,1.1070971159230525,True,True,False,0.0,old_waveform
15.077627,1.0381139640863006,True,True,False,0.0,old_waveform
15.0831825,0.9670165316562804,True,True,False,0.0,old_waveform
15.088738,0.8944198826945333,True,True,False,0.0,old_waveform
15.0942935,0.8209272459248771,True,True,False,0.0,old_waveform
15.099849,0.7471206082611442,True,True,False,0.0,old_waveform
15.1054045,0.673551836692552,True,True,False,0.0,old_waveform
15.11096,0.6007348299531169,True,True,False,0.0,old_waveform
15.1165155,0.5291391396632925,True,True,False,0.0,old_waveform
15.122071,0.4591850746603593,True,True,False,0.0,old_waveform
15.1276265,0.3912399160423526,True,True,False,0.0,old_waveform
15.133182,0.3256149095837822,True,True,False,0.0,old_waveform
15.1387375,0.2625631029980201,True,True,False,0.0,old_waveform
15.144293,0.202278392906121,True,True,False,0.0,old_waveform
15.1498485,0.1448959514954291,True,True,False,0.0,old_waveform
15.155404,0.0904937137141837,True,True,False,0.0,old_waveform
15.1609595,0.0390944363406419,True,True,False,0.0,old_waveform
15.166515,-0.0093318219171344,True,True,False,0.0,old_waveform
15.1720705,-0.0548646054150649,True,True,False,0.0,old_waveform
15.177626,-0.0976291797547122,True,True,False,0.0,old_waveform
15.1831815,-0.1377918610689519,True,True,False,0.0,old_waveform
15.188737,-0.1755545880386531,True,True,False,0.0,old_waveform
15.1942925,-0.2111487282802255,True,True,False,0.0,old_waveform
15.199848,-0.2448282181310998,True,True,False,0.0,old_waveform
15.2054035,-0.2768622859921935,True,True,False,0.0,old_waveform
15.210959,-0.3075278711257094,True,True,False,0.0,old_waveform
15.2165145,-0.3371016779682799,True,True,False,0.0,old_waveform
15.22207,-0.3658520713081556,True,True,False,0.0,old_waveform
15.2276255,-0.3940313041002564,True,True,False,0.0,old_waveform
15.233181,-0.4218683463196175,True,True,False,0.0,old_waveform
15.2387365,-0.449562317069098,True,True,False,0.0,old_waveform
15.244292,-0.4772767802501809,True,True,False,0.0,old_waveform
15.2498475,-0.5051355552408444,True,True,False,0.0,old_waveform
15.255403,-0.533220519808585,True,True,False,0.0,old_waveform
15.2609585,-0.561571250007756,True,True,False,0.0,old_waveform
15.266514,-0.5901859116315918,True,True,False,0.0,old_waveform
15.2720695,-0.6190228099503967,True,True,False,0.0,old_waveform
15.277625,-0.6480021993819599,True,True,False,0.0,old_waveform
15.2831805,-0.6770082498230466,True,True,False,0.0,old_waveform
15.288736,-0.7058914004708011,True,True,False,0.0,old_waveform
15.2942915,-0.7344714709258728,True,True,False,0.0,old_waveform
15.299847,-0.7625416852757934,True,True,False,0.0,old_waveform
15.3054025,-0.7898733446702108,True,True,False,0.0,old_waveform
15.310958,-0.8162206143937217,True,True,False,0.0,old_waveform
15.3165135,-0.8413250401190296,True,True,False,0.0,old_waveform
15.322069,-0.8649198004695495,True,True,False,0.0,old_waveform
15.3276245,-0.8867338913344847,True,True,False,0.0,old_waveform
15.33318,-0.9064963392043754,True,True,False,0.0,old_waveform
15.3387355,-0.9239404435899038,True,True,False,0.0,old_waveform
15.344291,-0.9388080728005304,True,True,False,0.0,old_waveform
15.3498465,-0.950854044179085,True,True,False,0.0,old_waveform
15.355402,-0.95985047188452,True,True,False,0.0,old_waveform
15.3609575,-0.9655907698776272,True,True,False,0.0,old_waveform
15.366513,-0.9678930173945096,True,True,False,0.0,old_waveform
15.3720685,-0.9666025652497474,True,True,False,0.0,old_waveform
15.377624,-0.9615937865606464,True,True,False,0.0,old_waveform
15.3831795,-0.9527708438020126,True,True,False,0.0,old_waveform
15.388735,-0.9400675237552728,True,True,False,0.0,old_waveform
15.3942905,-0.9234464515895772,True,True,False,0.0,old_waveform
15.399846,-0.9028980781894266,True,True,False,0.0,old_waveform
15.4054015,-0.878439757645998,True,True,False,0.0,old_waveform
15.410957,-0.8501151140643888,True,True,False,0.0,old_waveform
15.4165125,-0.8179937853843764,True,True,False,0.0,old_waveform
15.422068,-0.7821714918773802,True,True,False,0.0,old_waveform
15.4276235,-0.7427701597702941,True,True,False,0.0,old_waveform
15.433179,-0.6999376518222498,True,True,False,0.0,old_waveform
15.4387345,-0.6538467284546887,True,True,False,0.0,old_waveform
15.44429,-0.604693125951086,True,True,False,0.0,old_waveform
15.4498455,-0.552692814580178,True,True,False,0.0,old_waveform
15.455401,-0.4980786285807224,True,True,False,0.0,old_waveform
15.4609565,-0.4410967194670835,True,True,False,0.0,old_waveform
15.466512,-0.3820033566582903,True,True,False,0.0,old_waveform
15.4720675,-0.3210622071156759,True,True,False,0.0,old_waveform
15.477623,-0.2585418115914512,True,True,False,0.0,old_waveform
15.4831785,-0.194713024133086,True,True,False,0.0,old_waveform
15.488734,-0.1298465492486533,True,True,False,0.0,old_waveform
15.4942895,-0.0642109538737957,True,True,False,0.0,old_waveform
15.499845,0.001928534932527,True,True,False,0.0,old_waveform
15.5054005,0.0683103402046833,True,True,False,0.0,old_waveform
15.510956,0.1346760706648008,True,True,False,0.0,old_waveform
15.5165115,0.2007697046248651,True,True,False,0.0,old_waveform
15.522067,0.2663371026798343,True,True,False,0.0,old_waveform
15.5276225,0.3311264524961907,True,True,False,0.0,old_waveform
15.533178,0.394889781353189,True,True,False,0.0,old_waveform
15.5387335,0.4573851277520205,True,True,False,0.0,old_waveform
15.544289,0.5183788310785252,True,True,False,0.0,old_waveform
15.5498445,0.5776477166408334,True,True,False,0.0,old_waveform
15.5554,0.6349812292536682,True,True,False,0.0,old_waveform
15.5609555,0.690183614750542,True,True,False,0.0,old_waveform
15.566511,0.7430762038795272,True,True,False,0.0,old_waveform
15.5720665,0.7934996519656078,True,True,False,0.0,old_waveform
15.577622,0.8413157812109298,True,True,False,0.0,old_waveform
15.5831775,0.8864088411205638,True,True,False,0.0,old_waveform
15.588733,0.9286863401848752,True,True,False,0.0,old_waveform
15.5942885,0.968079619306954,True,True,False,0.0,old_waveform
15.599844,1.00454411204904,True,True,False,0.0,old_waveform
15.6053995,1.0380591025553754,True,True,False,0.0,old_waveform
15.610955,1.0686268021894978,True,True,False,0.0,old_waveform
15.6165105,1.096270682435107,True,True,False,0.0,old_waveform
15.622066,1.121033162647449,True,True,False,0.0,old_waveform
15.6276215,1.1429728211533263,True,True,False,0.0,old_waveform
15.633177,1.1621613702273783,True,True,False,0.0,old_waveform
15.6387325,1.1786807846866896,True,True,False,0.0,old_waveform
15.644288,1.1926208744631246,True,True,False,0.0,old_waveform
15.6498435,1.204077259514454,True,True,False,0.0,old_waveform
15.655399,1.2131496383156437,True,True,False,0.0,old_waveform
15.6609545,1.219940347203832,True,True,False,0.0,old_waveform
15.66651,1.224553069001417,True,True,False,0.0,old_waveform
15.6720655,1.227091347405702,True,True,False,0.0,old_waveform
15.677621,1.2276566689098416,True,True,False,0.0,old_waveform
15.6831765,1.2263462678844943,True,True,False,0.0,old_waveform
15.688732,1.2232511326906408,True,True,False,0.0,old_waveform
15.6942875,1.2184545705732592,True,True,False,0.0,old_waveform
15.699843,1.2120312656067391,True,True,False,0.0,old_waveform
15.7053985,1.2040465717285471,True,True,False,0.0,old_waveform
15.710954,1.1945559563379926,True,True,False,0.0,old_waveform
15.7165095,1.1836046790931176,True,True,False,0.0,old_waveform
15.722065,1.171227772668498,True,True,False,0.0,old_waveform
15.7276205,1.157450399087386,True,True,False,0.0,old_waveform
15.733176,1.142288755714208,True,True,False,0.0,old_waveform
15.7387315,1.1257515988705251,True,True,False,0.0,old_waveform
15.744287,1.1078420358528962,True,True,False,0.0,old_waveform
15.7498425,1.0885589706569911,True,True,False,0.0,old_waveform
15.755398,1.0678978742180725,True,True,False,0.0,old_waveform
15.7609535,1.0458510823461065,True,True,False,0.0,old_waveform
15.766509,1.0224080768660142,True,True,False,0.0,old_waveform
15.7720645,0.9975561251158958,True,True,False,0.0,old_waveform
15.77762,0.9712815159450288,True,True,False,0.0,old_waveform
15.7831755,0.9435715119331682,True,True,False,0.0,old_waveform
15.788731,0.9144168918828112,True,True,False,0.0,old_waveform
15.7942865,0.8838146828838171,True,True,False,0.0,old_waveform
15.799842,0.8517706393257392,True,True,False,0.0,old_waveform
15.8053975,0.8183011697226126,True,True,False,0.0,old_waveform
15.810953,0.7834344954715785,True,True,False,0.0,old_waveform
15.8165085,0.7472108359898907,True,True,False,0.0,old_waveform
15.822064,0.7096816018547978,True,True,False,0.0,old_waveform
15.8276195,0.6709079187940882,True,True,False,0.0,old_waveform
15.833175,0.6309588915560665,True,True,False,0.0,old_waveform
15.8387305,0.5899097796559578,True,True,False,0.0,old_waveform
15.844286,0.5478400242374233,True,True,False,0.0,old_waveform
15.8498415,0.5048309980301303,True,True,False,0.0,old_waveform
15.855397,0.4609634876589736,True,True,False,0.0,old_waveform
15.8609525,0.416315208848113,True,True,False,0.0,old_waveform
15.866508,0.3709588360570878,True,True,False,0.0,old_waveform
15.8720635,0.3249608907582555,True,True,False,0.0,old_waveform
15.877619,0.2783815048333515,True,True,False,0.0,old_waveform
15.8831745,0.2312748850155252,True,True,False,0.0,old_waveform
15.88873,0.1836902532523071,True,True,False,0.0,old_waveform
15.8942855,0.1356728951622373,True,True,False,0.0,old_waveform
15.899841,0.087264946795083,True,True,False,0.0,old_waveform
15.9053965,0.0385059212064402,True,True,False,0.0,old_waveform
15.910952,-0.0105667237988877,True,True,False,0.0,old_waveform
15.9165075,-0.0599167239150573,True,True,False,0.0,old_waveform
15.922063,-0.109507701427405,True,True,False,0.0,old_waveform
15.9276185,-0.1593013307874864,True,True,False,0.0,old_waveform
15.933174,-0.2092550370945329,True,True,False,0.0,old_waveform
15.9387295,-0.2593194161285355,True,True,False,0.0,old_waveform
15.944285,-0.3094356323097734,True,True,False,0.0,old_waveform
15.9498405,-0.3595330441130577,True,True,False,0.0,old_waveform
15.955396,-0.4095271062656292,True,True,False,0.0,old_waveform
15.9609515,-0.4593173672394753,True,True,False,0.0,old_waveform
15.966507,-0.5087855165071107,True,True,False,0.0,old_waveform
15.9720625,-0.5577938018793255,True,True,False,0.0,old_waveform
15.977618,-0.6061841490881213,True,True,False,0.0,old_waveform
15.9831735,-0.6537779343924885,True,True,False,0.0,old_waveform
15.988729,-0.7003761609620207,True,True,False,0.0,old_waveform
15.9942845,-0.7457600482074466,True,True,False,0.0,old_waveform
15.99984,-0.7896926138928797,True,True,False,0.0,old_waveform
16.0053955,-0.8319210429124773,True,True,False,0.0,old_waveform
16.010951,-0.8721805924992925,True,True,False,0.0,old_waveform
16.0165065,-0.9102002010735476,True,True,False,0.0,old_waveform
16.022062,-0.945708759171444,True,True,False,0.0,old_waveform
16.027617499999998,-0.978441870415344,True,True,False,0.0,old_waveform
16.033173,-1.0081482208794663,True,True,False,0.0,old_waveform
16.0387285,-1.034595185102994,True,True,False,0.0,old_waveform
16.044284,-1.0575738104123953,True,True,False,0.0,old_waveform
16.0498395,-1.076903391710762,True,True,False,0.0,old_waveform
16.055395,-1.092435588922129,True,True,False,0.0,old_waveform
16.0609505,-1.1040578974235022,True,True,False,0.0,old_waveform
16.066506,-1.1116963461388685,True,True,False,0.0,old_waveform
16.0720615,-1.115317355628643,True,True,False,0.0,old_waveform
16.077617,-1.1149286532933935,True,True,False,0.0,old_waveform
16.0831725,-1.1105790581496426,True,True,False,0.0,old_waveform
16.088728,-1.1023569573015035,True,True,False,0.0,old_waveform
16.0942835,-1.0903875390829043,True,True,False,0.0,old_waveform
16.099839,-1.0748291341401237,True,True,False,0.0,old_waveform
16.1053945,-1.0558691158772369,True,True,False,0.0,old_waveform
16.11095,-1.0337198165293238,True,True,False,0.0,old_waveform
16.1165055,-1.008614861872395,True,True,False,0.0,old_waveform
16.122061,-0.9808060615567632,True,True,False,0.0,old_waveform
16.1276165,-0.9505605965174536,True,True,False,0.0,old_waveform
16.133172,-0.9181581044795118,True,True,False,0.0,old_waveform
16.138727499999998,-0.8838875700387469,True,True,False,0.0,old_waveform
16.144283,-0.8480443786104858,True,True,False,0.0,old_waveform
16.1498385,-0.8109279952885211,True,True,False,0.0,old_waveform
16.155394,-0.7728402734525589,True,True,False,0.0,old_waveform
16.1609495,-0.7340838514663434,True,True,False,0.0,old_waveform
16.166505,-0.694960159264095,True,True,False,0.0,old_waveform
16.1720605,-0.6557670599465565,True,True,False,0.0,old_waveform
16.177616,-0.6167963922393197,True,True,False,0.0,old_waveform
16.1831715,-0.5783315749768467,True,True,False,0.0,old_waveform
16.188727,-0.540645245219641,True,True,False,0.0,old_waveform
16.1942825,-0.5039967727278709,True,True,False,0.0,old_waveform
16.199838,-0.4686295600286609,True,True,False,0.0,old_waveform
16.2053935,-0.4347681196119976,True,True,False,0.0,old_waveform
16.210949,-0.4026147956139527,True,True,False,0.0,old_waveform
16.2165045,-0.372346016620637,True,True,False,0.0,old_waveform
16.22206,-0.3441083583211257,True,True,False,0.0,old_waveform
16.2276155,-0.3180149876579245,True,True,False,0.0,old_waveform
16.233171,-0.2941429724120097,True,True,False,0.0,old_waveform
16.2387265,-0.2725317681682395,True,True,False,0.0,old_waveform
16.244282,-0.2531830102446251,True,True,False,0.0,old_waveform
16.249837499999998,-0.2360614162202819,True,True,False,0.0,old_waveform
16.255393,-0.2210963987974289,True,True,False,0.0,old_waveform
16.2609485,-0.2081840324685581,True,True,False,0.0,old_waveform
16.266504,-0.1971890864639638,True,True,False,0.0,old_waveform
16.2720595,-0.1879470129318723,True,True,False,0.0,old_waveform
16.277615,-0.1802660919991999,True,True,False,0.0,old_waveform
16.2831705,-0.1739298559630213,True,True,False,0.0,old_waveform
16.288726,-0.1686994348576997,True,True,False,0.0,old_waveform
16.2942815,-0.1643153809450148,True,True,False,0.0,old_waveform
16.299837,-0.1604990255751135,True,True,False,0.0,old_waveform
16.3053925,-0.1569538338165115,True,True,False,0.0,old_waveform
16.310948,-0.1533671333523988,True,True,False,0.0,old_waveform
16.3165035,-0.1494122519055257,True,True,False,0.0,old_waveform
16.322059,-0.1447510056544157,True,True,False,0.0,old_waveform
16.3276145,-0.1390367331388414,True,True,False,0.0,old_waveform
16.33317,-0.131918244006363,True,True,False,0.0,old_waveform
16.3387255,-0.1230448954100046,True,True,False,0.0,old_waveform
16.344281,-0.1120726368494266,True,True,False,0.0,old_waveform
16.3498365,-0.0986705250529858,True,True,False,0.0,old_waveform
16.355392,-0.0825271817413517,True,True,False,0.0,old_waveform
16.360947499999998,-0.0633569083968189,True,True,False,0.0,old_waveform
16.366503,-0.0409053628513712,True,True,False,0.0,old_waveform
16.3720585,-0.0149547910190054,True,True,False,0.0,old_waveform
16.377614,0.0146711237256344,True,True,False,0.0,old_waveform
16.3831695,0.048102792706897,True,True,False,0.0,old_waveform
16.388725,0.0854206759492309,True,True,False,0.0,old_waveform
16.3942805,0.1266514537024293,True,True,False,0.0,old_waveform
16.399836,0.1717641132551654,True,True,False,0.0,old_waveform
16.4053915,0.2206661595317191,True,True,False,0.0,old_waveform
16.410947,0.2732007935669095,True,True,False,0.0,old_waveform
16.4165025,0.3291459200261781,True,True,False,0.0,old_waveform
16.422058,0.3882152264978338,True,True,False,0.0,old_waveform
16.4276135,0.4500610443105426,True,True,False,0.0,old_waveform
16.433169,0.5142787701298667,True,True,False,0.0,old_waveform
16.4387245,0.5804128339943508,True,True,False,0.0,old_waveform
16.44428,0.6479639584535469,True,True,False,0.0,old_waveform
16.4498355,0.7163971047169108,True,True,False,0.0,old_waveform
16.455391,0.7851496584369732,True,True,False,0.0,old_waveform
16.4609465,0.8536398520531373,True,True,False,0.0,old_waveform
16.466502,0.921275394732993,True,True,False,0.0,old_waveform
16.4720575,0.9874618716682708,True,True,False,0.0,old_waveform
16.477612999999998,1.0516105451534994,True,True,False,0.0,old_waveform
16.4831685,1.113145693459194,True,True,False,0.0,old_waveform
16.488724,1.1715117407188678,True,True,False,0.0,old_waveform
16.4942795,1.2261801949762254,True,True,False,0.0,old_waveform
16.499835,1.2766563070066268,True,True,False,0.0,old_waveform
16.5053905,1.3224852105139016,True,True,False,0.0,old_waveform
16.510946,1.3632570109510556,True,True,False,0.0,old_waveform
16.5165015,1.3986103862326107,True,True,False,0.0,old_waveform
16.522057,1.428234892714499,True,True,False,0.0,old_waveform
16.5276125,1.4518726288203203,True,True,False,0.0,old_waveform
16.533168,1.4693196549867795,True,True,False,0.0,old_waveform
16.5387235,1.4804270564640931,True,True,False,0.0,old_waveform
16.544279,1.485101399309598,True,True,False,0.0,old_waveform
16.5498345,1.4833044444045167,True,True,False,0.0,old_waveform
16.55539,1.4750521037191786,True,True,False,0.0,old_waveform
16.5609455,1.4604128404919774,True,True,False,0.0,old_waveform
16.566501,1.4395058630335875,True,True,False,0.0,old_waveform
16.5720565,1.4124992743475773,True,True,False,0.0,old_waveform
16.577612,1.3796080506562531,True,True,False,0.0,old_waveform
16.5831675,1.3410916072439132,True,True,False,0.0,old_waveform
16.588722999999998,1.2972506706252405,True,True,False,0.0,old_waveform
16.5942785,1.2484232425973578,True,True,False,0.0,old_waveform
16.599834,1.1949797710136658,True,True,False,0.0,old_waveform
16.6053895,1.1373179853405373,True,True,False,0.0,old_waveform
16.610945,1.0758578447730625,True,True,False,0.0,old_waveform
16.6165005,1.0110367700219824,True,True,False,0.0,old_waveform
16.622056,0.9433051671529188,True,True,False,0.0,old_waveform
16.6276115,0.8731223238185264,True,True,False,0.0,old_waveform
16.633167,0.800952847449672,True,True,False,0.0,old_waveform
16.6387225,0.7272636710064633,True,True,False,0.0,old_waveform
16.644278,0.652521244652174,True,True,False,0.0,old_waveform
16.6498335,0.5771882742155653,True,True,False,0.0,old_waveform
16.655389,0.5017196885405752,True,True,False,0.0,old_waveform
16.6609445,0.4265580834029977,True,True,False,0.0,old_waveform
16.6665,0.352129040131628,True,True,False,0.0,old_waveform
16.6720555,0.2788365075034007,True,True,False,0.0,old_waveform
16.677611,0.2070583999001409,True,True,False,0.0,old_waveform
16.6831665,0.1371427581292086,True,True,False,0.0,old_waveform
16.688722,0.069404834598404,True,True,False,0.0,old_waveform
16.6942775,0.0041251820154993,True,True,False,0.0,old_waveform
16.699832999999998,-0.058451486306556,True,True,False,0.0,old_waveform
16.7053885,-0.118117057196971,True,True,False,0.0,old_waveform
16.710944,-0.174700741924017,True,True,False,0.0,old_waveform
16.7164995,-0.2280697715877558,True,True,False,0.0,old_waveform
16.722055,-0.2781296578043737,True,True,False,0.0,old_waveform
16.7276105,-0.3248235465606582,True,True,False,0.0,old_waveform
16.733166,-0.3681305214267067,True,True,False,0.0,old_waveform
16.7387215,-0.4080631337444387,True,True,False,0.0,old_waveform
16.744277,-0.4446646718284714,True,True,False,0.0,old_waveform
16.7498325,-0.4780064812395075,True,True,False,0.0,old_waveform
16.755388,-0.5081852325468327,True,True,False,0.0,old_waveform
16.7609435,-0.535319997237586,True,True,False,0.0,old_waveform
16.766499,-0.5595492127470559,True,True,False,0.0,old_waveform
16.7720545,-0.581027608022181,True,True,False,0.0,old_waveform
16.77761,-0.5999231121654528,True,True,False,0.0,old_waveform
16.7831655,-0.6164138801049482,True,True,False,0.0,old_waveform
16.788721,-0.6306855033771744,True,True,False,0.0,old_waveform
16.7942765,-0.6429281851924632,True,True,False,0.0,old_waveform
16.799832,-0.6533335991687628,True,True,False,0.0,old_waveform
16.8053875,-0.662091416233779,True,True,False,0.0,old_waveform
16.810942999999998,-0.6693857133228628,True,True,False,0.0,old_waveform
16.8164985,-0.6753915748828515,True,True,False,0.0,old_waveform
16.822054,-0.6802722384494739,True,True,False,0.0,old_waveform
16.8276095,-0.6841769581781111,True,True,False,0.0,old_waveform
16.833165,-0.6872394250072794,True,True,False,0.0,old_waveform
16.8387205,-0.6895764964917167,True,True,False,0.0,old_waveform
16.844276,-0.6912871727626636,True,True,False,0.0,old_waveform
16.8498315,-0.6924517913210243,True,True,False,0.0,old_waveform
16.855387,-0.6931312568432988,True,True,False,0.0,old_waveform
16.8609425,-0.6933661494886569,True,True,False,0.0,old_waveform
16.866498,-0.6931758209111586,True,True,False,0.0,old_waveform
16.8720535,-0.6925577747289146,True,True,False,0.0,old_waveform
16.877609,-0.6914876138516209,True,True,False,0.0,old_waveform
16.8831645,-0.6899197086517287,True,True,False,0.0,old_waveform
16.88872,-0.6877885667052964,True,True,False,0.0,old_waveform
16.8942755,-0.6850107789193932,True,True,False,0.0,old_waveform
16.899831,-0.6814874256955651,True,True,False,0.0,old_waveform
16.9053865,-0.6771068099469596,True,True,False,0.0,old_waveform
16.910942,-0.6717473278208945,True,True,False,0.0,old_waveform
16.9164975,-0.6652804102158718,True,True,False,0.0,old_waveform
16.922053,-0.6575736704082902,True,True,False,0.0,old_waveform
16.927608499999998,-0.6484942669469071,True,True,False,0.0,old_waveform
16.933164,-0.6379121837614857,True,True,False,0.0,old_waveform
16.9387195,-0.6257031474380081,True,True,False,0.0,old_waveform
16.944275,-0.6117511497072496,True,True,False,0.0,old_waveform
16.9498305,-0.5959507310909763,True,True,False,0.0,old_waveform
16.955386,-0.5782093678809757,True,True,False,0.0,old_waveform
16.9609415,-0.5584502980794414,True,True,False,0.0,old_waveform
16.966497,-0.5366156748854654,True,True,False,0.0,old_waveform
16.9720525,-0.5126694671899752,True,True,False,0.0,old_waveform
16.977608,-0.4865995208116577,True,True,False,0.0,old_waveform
16.9831635,-0.4584185954968212,True,True,False,0.0,old_waveform
16.988719,-0.4281646367816238,True,True,False,0.0,old_waveform
16.9942745,-0.3959005752086742,True,True,False,0.0,old_waveform
16.99983,-0.361713660431083,True,True,False,0.0,old_waveform
17.0053855,-0.325713738118312,True,True,False,0.0,old_waveform
17.010941,-0.2880304491105221,True,True,False,0.0,old_waveform
17.0164965,-0.2488100324094435,True,True,False,0.0,old_waveform
17.022052,-0.2082117855862914,True,True,False,0.0,old_waveform
17.0276075,-0.166404512836247,True,True,False,0.0,old_waveform
17.033163,-0.1235634226629165,True,True,False,0.0,old_waveform
17.038718499999998,-0.0798675369858338,True,True,False,0.0,old_waveform
17.044274,-0.0354976283194631,True,True,False,0.0,old_waveform
17.0498295,0.0093652189408478,True,True,False,0.0,old_waveform
17.055385,0.054540577249276,True,True,False,0.0,old_waveform
17.0609405,0.0998497315166173,True,True,False,0.0,old_waveform
17.066496,0.1451174118182784,True,True,False,0.0,old_waveform
17.0720515,0.190174364697246,True,True,False,0.0,old_waveform
17.077607,0.2348604415213276,True,True,False,0.0,old_waveform
17.0831625,0.2790276727525791,True,True,False,0.0,old_waveform
17.088718,0.322542839400499,True,True,False,0.0,old_waveform
17.0942735,0.3652892711895082,True,True,False,0.0,old_waveform
17.099829,0.4071679065225962,True,True,False,0.0,old_waveform
17.1053845,0.4480977985568344,True,True,False,0.0,old_waveform
17.11094,0.4880160767898659,True,True,False,0.0,old_waveform
17.1164955,0.5268771146596012,True,True,False,0.0,old_waveform
17.122051,0.5646507657608565,True,True,False,0.0,old_waveform
17.1276065,0.6013199345826855,True,True,False,0.0,old_waveform
17.133162,0.6368778642002775,True,True,False,0.0,old_waveform
17.1387175,0.6713253437807055,True,True,False,0.0,old_waveform
17.144273,0.7046680500260478,True,True,False,0.0,old_waveform
17.149828499999998,0.7369143339017084,True,True,False,0.0,old_waveform
17.155384,0.7680735241907742,True,True,False,0.0,old_waveform
17.1609395,0.7981544492285113,True,True,False,0.0,old_waveform
17.166495,0.827163859650724,True,True,False,0.0,old_waveform
17.1720505,0.855104737158333,True,True,False,0.0,old_waveform
17.177606,0.8819747001673748,True,True,False,0.0,old_waveform
17.1831615,0.9077647661660396,True,True,False,0.0,old_waveform
17.188717,0.9324588147724414,True,True,False,0.0,old_waveform
17.1942725,0.9560341011974158,True,True,False,0.0,old_waveform
17.199828,0.9784628538682876,True,True,False,0.0,old_waveform
17.2053835,0.9997146044185826,True,True,False,0.0,old_waveform
17.210939,1.0197586949111754,True,True,False,0.0,old_waveform
17.2164945,1.0385662901351334,True,True,False,0.0,old_waveform
17.22205,1.0561113121143528,True,True,False,0.0,old_waveform
17.2276055,1.0723701124415763,True,True,False,0.0,old_waveform
17.233161,1.0873200233066516,True,True,False,0.0,old_waveform
17.2387165,1.1009369778515616,True,True,False,0.0,old_waveform
17.244272,1.1131924079689337,True,True,False,0.0,old_waveform
17.2498275,1.1240497036054014,True,True,False,0.0,old_waveform
17.255383,1.133460571332507,True,True,False,0.0,old_waveform
17.260938499999998,1.1413616760213303,True,True,False,0.0,old_waveform
17.266494,1.147672024967013,True,True,False,0.0,old_waveform
17.2720495,1.1522916279133588,True,True,False,0.0,old_waveform
17.277605,1.1551018672522295,True,True,False,0.0,old_waveform
17.2831605,1.1559676126180205,True,True,False,0.0,old_waveform
17.288716,1.1547406445038508,True,True,False,0.0,old_waveform
17.2942715,1.1512637941392925,True,True,False,0.0,old_waveform
17.299827,1.145375419134517,True,True,False,0.0,old_waveform
17.3053825,1.1369140509408675,True,True,False,0.0,old_waveform
17.310938,1.1257230162528584,True,True,False,0.0,old_waveform
17.3164935,1.1116547923823814,True,True,False,0.0,old_waveform
17.322049,1.0945750330601207,True,True,False,0.0,old_waveform
17.3276045,1.07436639045045,True,True,False,0.0,old_waveform
17.33316,1.0509321989792475,True,True,False,0.0,old_waveform
17.3387155,1.0241999140639435,True,True,False,0.0,old_waveform
17.344271,0.9941242505587636,True,True,False,0.0,old_waveform
17.3498265,0.9606901331114512,True,True,False,0.0,old_waveform
17.355382,0.9239154487872432,True,True,False,0.0,old_waveform
17.3609375,0.8838533064141402,True,True,False,0.0,old_waveform
17.366493,0.8405934798383184,True,True,False,0.0,old_waveform
17.3720485,0.7942628952600406,True,True,False,0.0,old_waveform
17.377603999999998,0.7450251738498304,True,True,False,0.0,old_waveform
17.3831595,0.6930793032027285,True,True,False,0.0,old_waveform
17.388715,0.6386574812666973,True,True,False,0.0,old_waveform
17.3942705,0.5820221437201498,True,True,False,0.0,old_waveform
17.399826,0.5234621963094834,True,True,False,0.0,old_waveform
17.4053815,0.4632884237067349,True,True,False,0.0,old_waveform
17.410937,0.4018280553320472,True,True,False,0.0,old_waveform
17.4164925,0.33941874180931,True,True,False,0.0,old_waveform
17.422048,0.2764025012610797,True,True,False,0.0,old_waveform
17.4276035,0.2131201901074715,True,True,False,0.0,old_waveform
17.433159,0.1499068683604946,True,True,False,0.0,old_waveform
17.4387145,0.0870883187026286,True,True,False,0.0,old_waveform
17.44427,0.0249787839720495,True,True,False,0.0,old_waveform
17.4498255,-0.0361204280670916,True,True,False,0.0,old_waveform
17.455381,-0.0959221192812904,True,True,False,0.0,old_waveform
17.4609365,-0.1541547037924873,True,True,False,0.0,old_waveform
17.466492,-0.2105642484994214,True,True,False,0.0,old_waveform
17.4720475,-0.264916903489078,True,True,False,0.0,old_waveform
17.477603,-0.3170013971846776,True,True,False,0.0,old_waveform
17.4831585,-0.3666313661198798,True,True,False,0.0,old_waveform
17.488713999999998,-0.4136473943427731,True,True,False,0.0,old_waveform
17.4942695,-0.4579185199818939,True,True,False,0.0,old_waveform
17.499825,-0.4993428671917744,True,True,False,0.0,old_waveform
17.5053805,-0.5378473266377333,True,True,False,0.0,old_waveform
17.510936,-0.5733866573621794,True,True,False,0.0,old_waveform
17.5164915,-0.6059425126703611,True,True,False,0.0,old_waveform
17.522047,-0.6355226821071667,True,True,False,0.0,old_waveform
17.5276025,-0.6621606494414733,True,True,False,0.0,old_waveform
17.533158,-0.6859154392385769,True,True,False,0.0,old_waveform
17.5387135,-0.7068714937650195,True,True,False,0.0,old_waveform
17.544269,-0.7251380600176859,True,True,False,0.0,old_waveform
17.5498245,-0.7408476150059959,True,True,False,0.0,old_waveform
17.55538,-0.7541532962157886,True,True,False,0.0,old_waveform
17.5609355,-0.7652256133467568,True,True,False,0.0,old_waveform
17.566491,-0.7742485823026415,True,True,False,0.0,old_waveform
17.5720465,-0.781415269272201,True,True,False,0.0,old_waveform
17.577602,-0.7869228748656628,True,True,False,0.0,old_waveform
17.5831575,-0.7909677029099397,True,True,False,0.0,old_waveform
17.588713,-0.7937404194195317,True,True,False,0.0,old_waveform
17.5942685,-0.7954218338231519,True,True,False,0.0,old_waveform
17.599823999999998,-0.7961790901921181,True,True,False,0.0,old_waveform
17.6053795,-0.7961620668756363,True,True,False,0.0,old_waveform
17.610935,-0.7955001613748592,True,True,False,0.0,old_waveform
17.6164905,-0.7942998999840919,True,True,False,0.0,old_waveform
17.622046,-0.792643576209714,True,True,False,0.0,old_waveform
17.6276015,-0.7905888768275913,True,True,False,0.0,old_waveform
17.633157,-0.7881695406617923,True,True,False,0.0,old_waveform
17.6387125,-0.7853971926772993,True,True,False,0.0,old_waveform
17.644268,-0.7822643453838843,True,True,False,0.0,old_waveform
17.6498235,-0.7787483442767903,True,True,False,0.0,old_waveform
17.655379,-0.7748159214185142,True,True,False,0.0,old_waveform
17.6609345,-0.7704278952597766,True,True,False,0.0,old_waveform
17.66649,-0.7655434266404935,True,True,False,0.0,old_waveform
17.6720455,-0.7601233412637912,True,True,False,0.0,old_waveform
17.677601,-0.7541323309316026,True,True,False,0.0,old_waveform
17.6831565,-0.7475400411940392,True,True,False,0.0,old_waveform
17.688712,-0.7403210368429151,True,True,False,0.0,old_waveform
17.6942675,-0.732453658701337,True,True,False,0.0,old_waveform
17.699823,-0.7239180657435236,True,True,False,0.0,old_waveform
17.7053785,-0.7146941186738831,True,True,False,0.0,old_waveform
17.710933999999998,-0.7047597718509196,True,True,False,0.0,old_waveform
17.7164895,-0.6940901420419857,True,True,False,0.0,old_waveform
17.722045,-0.6826567831324692,True,True,False,0.0,old_waveform
17.7276005,-0.6704264882035026,True,True,False,0.0,old_waveform
17.733156,-0.657359401924654,True,True,False,0.0,old_waveform
17.7387115,-0.6434068623949416,True,True,False,0.0,old_waveform
17.744267,-0.6285094994063782,True,True,False,0.0,old_waveform
17.7498225,-0.6125958092721588,True,True,False,0.0,old_waveform
17.755378,-0.5955812060155906,True,True,False,0.0,old_waveform
17.7609335,-0.577367463888106,True,True,False,0.0,old_waveform
17.766489,-0.5578425757369391,True,True,False,0.0,old_waveform
17.7720445,-0.5368813674256544,True,True,False,0.0,old_waveform
17.7776,-0.5143472525031639,True,True,False,0.0,old_waveform
17.7831555,-0.4900951388473002,True,True,False,0.0,old_waveform
17.788711,-0.4639751274479723,True,True,False,0.0,old_waveform
17.7942665,-0.4358364174556869,True,True,False,0.0,old_waveform
17.799822,-0.4055307499849356,True,True,False,0.0,old_waveform
17.8053775,-0.3729149918307999,True,True,False,0.0,old_waveform
17.810933,-0.3378529225380364,True,True,False,0.0,old_waveform
17.8164885,-0.3002164811258614,True,True,False,0.0,old_waveform
17.822043999999998,-0.2598866861342302,True,True,False,0.0,old_waveform
17.827599499999998,-0.2167544895756116,True,True,False,0.0,old_waveform
17.833155,-0.1707219339584884,True,True,False,0.0,old_waveform
17.8387105,-0.1217039044331301,True,True,False,0.0,old_waveform
17.844266,-0.0696305449395589,True,True,False,0.0,old_waveform
17.8498215,-0.01445034384964,True,True,False,0.0,old_waveform
17.855377,0.0438660416797285,True,True,False,0.0,old_waveform
17.8609325,0.1053212380818057,True,True,False,0.0,old_waveform
17.866488,0.1698860554121107,True,True,False,0.0,old_waveform
17.8720435,0.2374940958141357,True,True,False,0.0,old_waveform
17.877599,0.3080364821252176,True,True,False,0.0,old_waveform
17.8831545,0.3813572883211046,True,True,False,0.0,old_waveform
17.88871,0.4572502255616137,True,True,False,0.0,old_waveform
17.8942655,0.5354569072787874,True,True,False,0.0,old_waveform
17.899821,0.6156666719518357,True,True,False,0.0,old_waveform
17.9053765,0.6975176101990822,True,True,False,0.0,old_waveform
17.910932,0.7805984079374376,True,True,False,0.0,old_waveform
17.9164875,0.8644509067479987,True,True,False,0.0,old_waveform
17.922043,0.9485735000943633,True,True,False,0.0,old_waveform
17.9275985,1.0324254575011638,True,True,False,0.0,old_waveform
17.933154,1.1154322561468468,True,True,False,0.0,old_waveform
17.938709499999998,1.196992047368674,True,True,False,0.0,old_waveform
17.944265,1.2764831825485308,True,True,False,0.0,old_waveform
17.9498205,1.3532723434445135,True,True,False,0.0,old_waveform
17.955376,1.426722763793229,True,True,False,0.0,old_waveform
17.9609315,1.4962022682075535,True,True,False,0.0,old_waveform
17.966487,1.561090985282922,True,True,False,0.0,old_waveform
17.9720425,1.620788678712069,True,True,False,0.0,old_waveform
17.977598,1.6747218155550887,True,True,False,0.0,old_waveform
17.9831535,1.722350523522588,True,True,False,0.0,old_waveform
17.988709,1.763175475380076,True,True,False,0.0,old_waveform
17.9942645,1.7967447070309492,True,True,False,0.0,old_waveform
17.99982,1.822660766132382,True,True,False,0.0,old_waveform
18.0053755,1.8405875955895303,True,True,False,0.0,old_waveform
18.010931,1.850254708657328,True,True,False,0.0,old_waveform
18.0164865,1.851460998238316,True,True,False,0.0,old_waveform
18.022042,1.8440786415294768,True,True,False,0.0,old_waveform
18.0275975,1.828054450234042,True,True,False,0.0,old_waveform
18.033153,1.803409312694472,True,True,False,0.0,old_waveform
18.0387085,1.7702358528634816,True,True,False,0.0,old_waveform
18.044264,1.7286949564987075,True,True,False,0.0,old_waveform
18.0498195,1.679012013993309,True,True,False,0.0,old_waveform
18.055375,1.6214736032121848,True,True,False,0.0,old_waveform
18.0609305,1.556424882543009,True,True,False,0.0,old_waveform
18.066486,1.4842673407691098,True,True,False,0.0,old_waveform
18.0720415,1.4054563191478258,True,True,False,0.0,old_waveform
18.077597,1.3204979801370031,True,True,False,0.0,old_waveform
18.0831525,1.2299456454527873,True,True,False,0.0,old_waveform
18.088708,1.1343954119027115,True,True,False,0.0,old_waveform
18.0942635,1.0344808653586497,True,True,False,0.0,old_waveform
18.099819,0.930866823097421,True,True,False,0.0,old_waveform
18.1053745,0.8242423534871003,True,True,False,0.0,old_waveform
18.11093,0.7153135676942152,True,True,False,0.0,old_waveform
18.1164855,0.6047966021491257,True,True,False,0.0,old_waveform
18.122041,0.4934108842497096,True,True,False,0.0,old_waveform
18.1275965,0.3818725766632695,True,True,False,0.0,old_waveform
18.133152,0.2708881625863882,True,True,False,0.0,old_waveform
18.1387075,0.1611481606739558,True,True,False,0.0,old_waveform
18.144263,0.0533208971319942,True,True,False,0.0,old_waveform
18.1498185,-0.0519536213709152,True,True,False,0.0,old_waveform
18.155374,-0.1540694385926447,True,True,False,0.0,old_waveform
18.1609295,-0.2524596223368388,True,True,False,0.0,old_waveform
18.166485,-0.3466003809583907,True,True,False,0.0,old_waveform
18.1720405,-0.4360145045452575,True,True,False,0.0,old_waveform
18.177596,-0.52027426932417,True,True,False,0.0,old_waveform
18.1831515,-0.5990038071310084,True,True,False,0.0,old_waveform
18.188707,-0.6718810023707081,True,True,False,0.0,old_waveform
18.1942625,-0.7386389634044419,True,True,False,0.0,old_waveform
18.199818,-0.7990668413120234,True,True,False,0.0,old_waveform
18.2053735,-0.8530096438351653,True,True,False,0.0,old_waveform
18.210929,-0.900367039465169,True,True,False,0.0,old_waveform
18.2164845,-0.9410915559122688,True,True,False,0.0,old_waveform
18.22204,-0.9751864757556392,True,True,False,0.0,old_waveform
18.2275955,-1.0027033627739417,True,True,False,0.0,old_waveform
18.233151,-1.023739162761699,True,True,False,0.0,old_waveform
18.2387065,-1.0384331448192778,True,True,False,0.0,old_waveform
18.244262,-1.046964097474968,True,True,False,0.0,old_waveform
18.2498175,-1.049548107124777,True,True,False,0.0,old_waveform
18.255373,-1.0464369804038076,True,True,False,0.0,old_waveform
18.2609285,-1.0379169525656196,True,True,False,0.0,old_waveform
18.266484,-1.0243071828417016,True,True,False,0.0,old_waveform
18.2720395,-1.0059579220804031,True,True,False,0.0,old_waveform
18.277595,-0.9832485541938544,True,True,False,0.0,old_waveform
18.2831505,-0.9565854599529268,True,True,False,0.0,old_waveform
18.288706,-0.9263992807489648,True,True,False,0.0,old_waveform
18.2942615,-0.8931413038739007,True,True,False,0.0,old_waveform
18.299817,-0.8572791562455939,True,True,False,0.0,old_waveform
18.3053725,-0.81929213216645,True,True,False,0.0,old_waveform
18.310928,-0.7796662822909489,True,True,False,0.0,old_waveform
18.3164835,-0.7388893045825872,True,True,False,0.0,old_waveform
18.322039,-0.6974452771736732,True,True,False,0.0,old_waveform
18.3275945,-0.6558092335542391,True,True,False,0.0,old_waveform
18.33315,-0.6144417390424225,True,True,False,0.0,old_waveform
18.3387055,-0.5737838943303198,True,True,False,0.0,old_waveform
18.344261,-0.5342531315615171,True,True,False,0.0,old_waveform
18.3498165,-0.4962397414170609,True,True,False,0.0,old_waveform
18.355372,-0.4601036734826592,True,True,False,0.0,old_waveform
18.3609275,-0.4261711446282091,True,True,False,0.0,old_waveform
18.366483,-0.3947309353485941,True,True,False,0.0,old_waveform
18.3720385,-0.3660306323179497,True,True,False,0.0,old_waveform
18.377594,-0.3402732710657487,True,True,False,0.0,old_waveform
18.3831495,-0.3176147961121831,True,True,False,0.0,old_waveform
18.388705,-0.2981624849906333,True,True,False,0.0,old_waveform
18.3942605,-0.2819741240050713,True,True,False,0.0,old_waveform
18.399816,-0.2690575712737898,True,True,False,0.0,old_waveform
18.4053715,-0.259370439338175,True,True,False,0.0,old_waveform
18.410927,-0.2528197283242089,True,True,False,0.0,old_waveform
18.4164825,-0.2492613230436582,True,True,False,0.0,old_waveform
18.422038,-0.2484994993421204,True,True,False,0.0,old_waveform
18.4275935,-0.2502868476242406,True,True,False,0.0,old_waveform
18.433149,-0.2543250940611961,True,True,False,0.0,old_waveform
18.4387045,-0.2602671754598838,True,True,False,0.0,old_waveform
18.44426,-0.2677207053258476,True,True,False,0.0,old_waveform
18.4498155,-0.2762528884932437,True,True,False,0.0,old_waveform
18.455371,-0.285397058856879,True,True,False,0.0,old_waveform
18.4609265,-0.2946608003242525,True,True,False,0.0,old_waveform
18.466482,-0.3035349323799835,True,True,False,0.0,old_waveform
18.4720375,-0.3115024770332916,True,True,False,0.0,old_waveform
18.477593,-0.3180474701070596,True,True,False,0.0,old_waveform
18.4831485,-0.3226640436118634,True,True,False,0.0,old_waveform
18.488704,-0.3248659396846747,True,True,False,0.0,old_waveform
18.4942595,-0.3241961503752599,True,True,False,0.0,old_waveform
18.499815,-0.3202361701891466,True,True,False,0.0,old_waveform
18.5053705,-0.3126143109351886,True,True,False,0.0,old_waveform
18.510926,-0.3010126282276285,True,True,False,0.0,old_waveform
18.5164815,-0.2851721343929553,True,True,False,0.0,old_waveform
18.522037,-0.2648959710954178,True,True,False,0.0,old_waveform
18.5275925,-0.2400503092933451,True,True,False,0.0,old_waveform
18.533148,-0.2105632206880939,True,True,False,0.0,old_waveform
18.5387035,-0.1764222772109817,True,True,False,0.0,old_waveform
18.544259,-0.1376715893301898,True,True,False,0.0,old_waveform
18.5498145,-0.0944085845183141,True,True,False,0.0,old_waveform
18.55537,-0.046780687337869,True,True,False,0.0,old_waveform
18.5609255,0.0050178116986379,True,True,False,0.0,old_waveform
18.566481,0.0607485312340143,True,True,False,0.0,old_waveform
18.5720365,0.1201317280551031,True,True,False,0.0,old_waveform
18.577592,0.1828496117012947,True,True,False,0.0,old_waveform
18.5831475,0.248550685500663,True,True,False,0.0,old_waveform
18.588703,0.3168550761593297,True,True,False,0.0,old_waveform
18.5942585,0.3873603811347865,True,True,False,0.0,old_waveform
18.599814,0.4596473823599365,True,True,False,0.0,old_waveform
18.6053695,0.5332851363083551,True,True,False,0.0,old_waveform
18.610925,0.6078352586822008,True,True,False,0.0,old_waveform
18.6164805,0.6828554246610639,True,True,False,0.0,old_waveform
18.622036,0.7579021917588135,True,True,False,0.0,old_waveform
18.6275915,0.8325332668909042,True,True,False,0.0,old_waveform
18.633147,0.9063093750080674,True,True,False,0.0,old_waveform
18.6387025,0.9787960177021646,True,True,False,0.0,old_waveform
18.644258,1.0495653617760097,True,True,False,0.0,old_waveform
18.6498135,1.1181981954415916,True,True,False,0.0,old_waveform
18.655369,1.1842857996968468,True,True,False,0.0,old_waveform
18.6609245,1.2474317565631208,True,True,False,0.0,old_waveform
18.66648,1.3072537885262283,True,True,False,0.0,old_waveform
18.6720355,1.3633858034474255,True,True,False,0.0,old_waveform
18.677591,1.4154805283493337,True,True,False,0.0,old_waveform
18.6831465,1.4632130271886483,True,True,False,0.0,old_waveform
18.688702,1.506284879793085,True,True,False,0.0,old_waveform
18.6942575,1.544428382873133,True,True,False,0.0,old_waveform
18.699813,1.5774101474755569,True,True,False,0.0,old_waveform
18.7053685,1.6050338330002425,True,True,False,0.0,old_waveform
18.710924,1.6271422939661593,True,True,False,0.0,old_waveform
18.7164795,1.643619590338295,True,True,False,0.0,old_waveform
18.722035,1.654392766034822,True,True,False,0.0,old_waveform
18.7275905,1.6594327210821551,True,True,False,0.0,old_waveform
18.733146,1.6587536710900317,True,True,False,0.0,old_waveform
18.7387015,1.6524112712330097,True,True,False,0.0,old_waveform
18.744257,1.6404998281068175,True,True,False,0.0,old_waveform
18.7498125,1.6231490500071717,True,True,False,0.0,old_waveform
18.755368,1.6005206229538609,True,True,False,0.0,old_waveform
18.7609235,1.5728046638121649,True,True,False,0.0,old_waveform
18.766479,1.5402160099299056,True,True,False,0.0,old_waveform
18.7720345,1.50299038568853,True,True,False,0.0,old_waveform
18.77759,1.4613805283066903,True,True,False,0.0,old_waveform
18.7831455,1.4156523715135363,True,True,False,0.0,old_waveform
18.788701,1.3660814635700929,True,True,False,0.0,old_waveform
18.7942565,1.312949781933232,True,True,False,0.0,old_waveform
18.799812,1.2565430079497182,True,True,False,0.0,old_waveform
18.8053675,1.197148266510981,True,True,False,0.0,old_waveform
18.810923,1.1350522754266192,True,True,False,0.0,old_waveform
18.8164785,1.0705397588825316,True,True,False,0.0,old_waveform
18.822034,1.0038917987208145,True,True,False,0.0,old_waveform
18.8275895,0.9353836727792332,True,True,False,0.0,old_waveform
18.833145,0.8652821195481213,True,True,False,0.0,old_waveform
18.8387005,0.793842683514491,True,True,False,0.0,old_waveform
18.844256,0.7213079895464266,True,True,False,0.0,old_waveform
18.8498115,0.6479072815407011,True,True,False,0.0,old_waveform
18.855367,0.5738569784027666,True,True,False,0.0,old_waveform
18.8609225,0.4993617779051136,True,True,False,0.0,old_waveform
18.866478,0.4246158741215247,True,True,False,0.0,old_waveform
18.8720335,0.3498040497785963,True,True,False,0.0,old_waveform
18.877589,0.2751027130172618,True,True,False,0.0,old_waveform
18.8831445,0.2006811019775521,True,True,False,0.0,old_waveform
18.8887,0.1267027906026666,True,True,False,0.0,old_waveform
18.8942555,0.0533275853759972,True,True,False,0.0,old_waveform
18.899811,-0.0192860007390476,True,True,False,0.0,old_waveform
18.9053665,-0.0909775706225033,True,True,False,0.0,old_waveform
18.910922,-0.1615812251341155,True,True,False,0.0,old_waveform
18.9164775,-0.2309222323857789,True,True,False,0.0,old_waveform
18.922033,-0.2988147744866694,True,True,False,0.0,old_waveform
18.9275885,-0.3650610798947828,True,True,False,0.0,old_waveform
18.933144,-0.429451737179306,True,True,False,0.0,old_waveform
18.9386995,-0.4917669097746326,True,True,False,0.0,old_waveform
18.944255,-0.5517783215882093,True,True,False,0.0,old_waveform
18.9498105,-0.6092520419344447,True,True,False,0.0,old_waveform
18.955366,-0.6639522544045718,True,True,False,0.0,old_waveform
18.9609215,-0.715646047865755,True,True,False,0.0,old_waveform
18.966477,-0.7641087097963821,True,True,False,0.0,old_waveform
18.9720325,-0.809128584543319,True,True,False,0.0,old_waveform
18.977588,-0.8505108656649238,True,True,False,0.0,old_waveform
18.9831435,-0.888080512362794,True,True,False,0.0,old_waveform
18.988699,-0.9216848721338348,True,True,False,0.0,old_waveform
18.9942545,-0.9511961833339544,True,True,False,0.0,old_waveform
18.99981,-0.9765138346513126,True,True,False,0.0,old_waveform
19.0053655,-0.9975659428893,True,True,False,0.0,old_waveform
19.010921,-1.0143101211056296,True,True,False,0.0,old_waveform
19.0164765,-1.0267342601812173,True,True,False,0.0,old_waveform
19.022032,-1.0348576061619037,True,True,False,0.0,old_waveform
19.0275875,-1.0387318114578137,True,True,False,0.0,old_waveform
19.033143,-1.0384417908476704,True,True,False,0.0,old_waveform
19.0386985,-1.0341058561766363,True,True,False,0.0,old_waveform
19.044254,-1.0258749687561988,True,True,False,0.0,old_waveform
19.0498095,-1.013931586989876,True,True,False,0.0,old_waveform
19.055365,-0.998488638231507,True,True,False,0.0,old_waveform
19.0609205,-0.979788533298376,True,True,False,0.0,old_waveform
19.066476,-0.9581018378311787,True,True,False,0.0,old_waveform
19.0720315,-0.933725523688613,True,True,False,0.0,old_waveform
19.077587,-0.9069808262729978,True,True,False,0.0,old_waveform
19.0831425,-0.8782103981417497,True,True,False,0.0,old_waveform
19.088698,-0.8477743203879756,True,True,False,0.0,old_waveform
19.0942535,-0.8160447361001519,True,True,False,0.0,old_waveform
19.099809,-0.7833991014547412,True,True,False,0.0,old_waveform
19.1053645,-0.7502123822065779,True,True,False,0.0,old_waveform
19.11092,-0.7168489380321723,True,True,False,0.0,old_waveform
19.1164755,-0.6836549021860315,True,True,False,0.0,old_waveform
19.122031,-0.6509514717196487,True,True,False,0.0,old_waveform
19.1275865,-0.6190291571423305,True,True,False,0.0,old_waveform
19.133142,-0.5881430188560361,True,True,False,0.0,old_waveform
19.1386975,-0.558509018885913,True,True,False,0.0,old_waveform
19.144253,-0.5303015490546977,True,True,False,0.0,old_waveform
19.1498085,-0.5036519466058587,True,True,False,0.0,old_waveform
19.155364,-0.4786476189108863,True,True,False,0.0,old_waveform
19.1609195,-0.4553315849597054,True,True,False,0.0,old_waveform
19.166475,-0.4337026568419403,True,True,False,0.0,old_waveform
19.1720305,-0.41371654332632,True,True,False,0.0,old_waveform
19.177586,-0.3952878438887272,True,True,False,0.0,old_waveform
19.1831415,-0.378292741528255,True,True,False,0.0,old_waveform
19.188697,-0.362572243293973,True,True,False,0.0,old_waveform
19.1942525,-0.3479358763727551,True,True,False,0.0,old_waveform
19.199808,-0.3341658542648209,True,True,False,0.0,old_waveform
19.2053635,-0.3210217166426509,True,True,False,0.0,old_waveform
19.210919,-0.308245249269045,True,True,False,0.0,old_waveform
19.2164745,-0.2955654122038028,True,True,False,0.0,old_waveform
19.22203,-0.2827031461767534,True,True,False,0.0,old_waveform
19.2275855,-0.2693761263243215,True,True,False,0.0,old_waveform
19.233141,-0.255303632918373,True,True,False,0.0,old_waveform
19.2386965,-0.2402115208331417,True,True,False,0.0,old_waveform
19.244252,-0.2238369026149239,True,True,False,0.0,old_waveform
19.2498075,-0.2059321284444509,True,True,False,0.0,old_waveform
19.255363,-0.1862680288120539,True,True,False,0.0,old_waveform
19.2609185,-0.1646366397797611,True,True,False,0.0,old_waveform
19.266474,-0.1408535464423073,True,True,False,0.0,old_waveform
19.2720295,-0.1147598180752016,True,True,False,0.0,old_waveform
19.277585,-0.0862233914342833,True,True,False,0.0,old_waveform
19.2831405,-0.0551397826431367,True,True,False,0.0,old_waveform
19.288696,-0.0214323092583654,True,True,False,0.0,old_waveform
19.2942515,0.0149476937596587,True,True,False,0.0,old_waveform
19.299807,0.0540202468222501,True,True,False,0.0,old_waveform
19.3053625,0.0957755447448948,True,True,False,0.0,old_waveform
19.310918,0.1401722534166972,True,True,False,0.0,old_waveform
19.3164735,0.1871354481458338,True,True,False,0.0,old_waveform
19.322029,0.2365545231835693,True,True,False,0.0,old_waveform
19.3275845,0.2882813960156173,True,True,False,0.0,old_waveform
19.33314,0.3421292224622438,True,True,False,0.0,old_waveform
19.3386955,0.3978719633361259,True,True,False,0.0,old_waveform
19.344251,0.4552453183881909,True,True,False,0.0,old_waveform
19.3498065,0.5139493218806295,True,True,False,0.0,old_waveform
19.355362,0.5736523483629087,True,True,False,0.0,old_waveform
19.3609175,0.6339958747678012,True,True,False,0.0,old_waveform
19.366473,0.6945993569401194,True,True,False,0.0,old_waveform
19.3720285,0.7550648717990402,True,True,False,0.0,old_waveform
19.377584,0.8149814375068336,True,True,False,0.0,old_waveform
19.3831395,0.8739289862451985,True,True,False,0.0,old_waveform
19.388695,0.9314820229926744,True,True,False,0.0,old_waveform
19.3942505,0.9872132610102132,True,True,False,0.0,old_waveform
19.399806,1.0406976433377555,True,True,False,0.0,old_waveform
19.4053615,1.0915168130228796,True,True,False,0.0,old_waveform
19.410917,1.1392636989078575,True,True,False,0.0,old_waveform
19.4164725,1.18354691689169,True,True,False,0.0,old_waveform
19.422028,1.223994901363067,True,True,False,0.0,old_waveform
19.4275835,1.260259688837697,True,True,False,0.0,old_waveform
19.433139,1.292020303274491,True,True,False,0.0,old_waveform
19.4386945,1.31898603099698,True,True,False,0.0,old_waveform
19.44425,1.3409000533955466,True,True,False,0.0,old_waveform
19.4498055,1.3575434586969242,True,True,False,0.0,old_waveform
19.455361,1.3687391180466946,True,True,False,0.0,old_waveform
19.4609165,1.3743548787926043,True,True,False,0.0,old_waveform
19.466472,1.3743057779221246,True,True,False,0.0,old_waveform
19.4720275,1.3685553130942578,True,True,False,0.0,old_waveform
19.477583,1.35711612980536,True,True,False,0.0,old_waveform
19.4831385,1.340050358857308,True,True,False,0.0,old_waveform
19.488694,1.317469348841302,True,True,False,0.0,old_waveform
19.4942495,1.289532364092833,True,True,False,0.0,old_waveform
19.499805,1.256444138708039,True,True,False,0.0,old_waveform
19.5053605,1.2184515812283976,True,True,False,0.0,old_waveform
19.510916,1.175840013827376,True,True,False,0.0,old_waveform
19.5164715,1.128929019202925,True,True,False,0.0,old_waveform
19.522027,1.0780676661561046,True,True,False,0.0,old_waveform
19.5275825,1.0236290876682732,True,True,False,0.0,old_waveform
19.533138,0.9660048251350722,True,True,False,0.0,old_waveform
19.5386935,0.905599384682446,True,True,False,0.0,old_waveform
19.544249,0.8428252271205775,True,True,False,0.0,old_waveform
19.5498045,0.7780983493974639,True,True,False,0.0,old_waveform
19.55536,0.711834449031696,True,True,False,0.0,old_waveform
19.5609155,0.64444530903336,True,True,False,0.0,old_waveform
19.566471,0.5763349873525221,True,True,False,0.0,old_waveform
19.5720265,0.5078957171753413,True,True,False,0.0,old_waveform
19.577582,0.4395037077992944,True,True,False,0.0,old_waveform
19.5831375,0.3715150836531282,True,True,False,0.0,old_waveform
19.588693,0.3042621968786122,True,True,False,0.0,old_waveform
19.5942485,0.2380506514237452,True,True,False,0.0,old_waveform
19.599804,0.1731573791053264,True,True,False,0.0,old_waveform
19.6053595,0.1098298849925199,True,True,False,0.0,old_waveform
19.610915,0.0482865477667968,True,True,False,0.0,old_waveform
19.6164705,-0.0112822761801158,True,True,False,0.0,old_waveform
19.622026,-0.0687126116545109,True,True,False,0.0,old_waveform
19.6275815,-0.1238647929047911,True,True,False,0.0,old_waveform
19.633137,-0.1766209364781871,True,True,False,0.0,old_waveform
19.6386925,-0.2268820063597511,True,True,False,0.0,old_waveform
19.644248,-0.2745646861982412,True,True,False,0.0,old_waveform
19.6498035,-0.3195984075758805,True,True,False,0.0,old_waveform
19.655359,-0.3619228615765339,True,True,False,0.0,old_waveform
19.6609145,-0.4014860885432394,True,True,False,0.0,old_waveform
19.66647,-0.4382430075919294,True,True,False,0.0,old_waveform
19.6720255,-0.4721543052318823,True,True,False,0.0,old_waveform
19.677581,-0.5031859049781173,True,True,False,0.0,old_waveform
19.6831365,-0.5313092915531314,True,True,False,0.0,old_waveform
19.688692,-0.5565025311456034,True,True,False,0.0,old_waveform
19.6942475,-0.5787514426581909,True,True,False,0.0,old_waveform
19.699803,-0.5980505351621234,True,True,False,0.0,old_waveform
19.7053585,-0.6144038225093698,True,True,False,0.0,old_waveform
19.710914,-0.6278259080282956,True,True,False,0.0,old_waveform
19.7164695,-0.6383435485411161,True,True,False,0.0,old_waveform
19.722025,-0.645997499824237,True,True,False,0.0,old_waveform
19.7275805,-0.6508442178747923,True,True,False,0.0,old_waveform
19.733136,-0.6529571089551081,True,True,False,0.0,old_waveform
19.7386915,-0.6524273113691239,True,True,False,0.0,old_waveform
19.744247,-0.6493641693903873,True,True,False,0.0,old_waveform
19.7498025,-0.6438955760128898,True,True,False,0.0,old_waveform
19.755358,-0.636168289396403,True,True,False,0.0,old_waveform
19.7609135,-0.6263480961657745,True,True,False,0.0,old_waveform
19.766469,-0.6146194077611207,True,True,False,0.0,old_waveform
19.7720245,-0.6011839573555818,True,True,False,0.0,old_waveform
19.77758,-0.5862586913820476,True,True,False,0.0,old_waveform
19.7831355,-0.5700731019185171,True,True,False,0.0,old_waveform
19.788691,-0.5528659633072948,True,True,False,0.0,old_waveform
19.7942465,-0.5348812175759313,True,True,False,0.0,old_waveform
19.799802,-0.5163629209522304,True,True,False,0.0,old_waveform
19.8053575,-0.4975495958849007,True,True,False,0.0,old_waveform
19.810913,-0.4786686720609329,True,True,False,0.0,old_waveform
19.8164685,-0.4599316517781653,True,True,False,0.0,old_waveform
19.822024,-0.4415302542700759,True,True,False,0.0,old_waveform
19.8275795,-0.4236334290990018,True,True,False,0.0,old_waveform
19.833135,-0.4063850925964546,True,True,False,0.0,old_waveform
19.8386905,-0.3899025613468794,True,True,False,0.0,old_waveform
19.844246,-0.3742755300690431,True,True,False,0.0,old_waveform
19.8498015,-0.3595652973930054,True,True,False,0.0,old_waveform
19.855357,-0.3458042149184653,True,True,False,0.0,old_waveform
19.8609125,-0.3329956892933128,True,True,False,0.0,old_waveform
19.866468,-0.3211149955800762,True,True,False,0.0,old_waveform
19.8720235,-0.3101107484355954,True,True,False,0.0,old_waveform
19.877579,-0.2999065284625472,True,True,False,0.0,old_waveform
19.8831345,-0.2904022245122749,True,True,False,0.0,old_waveform
19.88869,-0.2814750538327344,True,True,False,0.0,old_waveform
19.8942455,-0.2729804426419859,True,True,False,0.0,old_waveform
19.899801,-0.2647528601144464,True,True,False,0.0,old_waveform
19.9053565,-0.2566066780078962,True,True,False,0.0,old_waveform
19.910912,-0.2483372686064244,True,True,False,0.0,old_waveform
19.9164675,-0.239722720379033,True,True,False,0.0,old_waveform
19.922023,-0.230526620506397,True,True,False,0.0,old_waveform
19.9275785,-0.2205020649194805,True,True,False,0.0,old_waveform
19.933134,-0.2093965821221502,True,True,False,0.0,old_waveform
19.9386895,-0.1969576016094308,True,True,False,0.0,old_waveform
19.944245,-0.1829382790753456,True,True,False,0.0,old_waveform
19.9498005,-0.1671031930785277,True,True,False,0.0,old_waveform
19.955356,-0.1492329704445843,True,True,False,0.0,old_waveform
19.9609115,-0.1291272321528454,True,True,False,0.0,old_waveform
19.966467,-0.1066062946383791,True,True,False,0.0,old_waveform
19.9720225,-0.0815127676640945,True,True,False,0.0,old_waveform
19.977578,-0.0537138500254661,True,True,False,0.0,old_waveform
19.9831335,-0.0231040856693011,True,True,False,0.0,old_waveform
19.988689,0.010392251025681,True,True,False,0.0,old_waveform
19.9942445,0.0468195078799768,True,True,False,0.0,old_waveform
19.9998,0.0861892609180735,True,True,False,0.0,old_waveform
20.0053555,0.1284792824491914,True,True,False,0.0,old_waveform
20.010911,0.1736327925400934,True,True,False,0.0,old_waveform
20.0164665,0.2215572666464264,True,True,False,0.0,old_waveform
20.022022,0.2721229982173527,True,True,False,0.0,old_waveform
20.0275775,0.3251616110519881,True,True,False,0.0,old_waveform
20.033133,0.3804649503950876,True,True,False,0.0,old_waveform
20.0386885,0.4377848107754611,True,True,False,0.0,old_waveform
20.044244,0.4968334677881888,True,True,False,0.0,old_waveform
20.0497995,0.5572848250871834,True,True,False,0.0,old_waveform
20.055355,0.6187762502309795,True,True,False,0.0,old_waveform
20.0609105,0.6809112665909939,True,True,False,0.0,old_waveform
20.066466,0.7432631631526078,True,True,False,0.0,old_waveform
20.0720215,0.8053795891584108,True,True,False,0.0,old_waveform
20.077577,0.8667881539783788,True,True,False,0.0,old_waveform
20.0831325,0.9270028210645038,True,True,False,0.0,old_waveform
20.088688,0.9855307092259574,True,True,False,0.0,old_waveform
20.0942435,1.041878917742948,True,True,False,0.0,old_waveform
20.099799,1.0955611958289415,True,True,False,0.0,old_waveform
20.1053545,1.1461045655484683,True,True,False,0.0,old_waveform
20.11091,1.1930559314188194,True,True,False,0.0,old_waveform
20.1164655,1.2359882799426765,True,True,False,0.0,old_waveform
20.122021,1.274505979802486,True,True,False,0.0,old_waveform
20.1275765,1.3082490460295555,True,True,False,0.0,old_waveform
20.133132,1.336896397995042,True,True,False,0.0,old_waveform
20.1386875,1.3601680149607496,True,True,False,0.0,old_waveform
20.144243,1.3778259665865162,True,True,False,0.0,old_waveform
20.1497985,1.389674664507157,True,True,False,0.0,old_waveform
20.155354,1.3955608676313866,True,True,False,0.0,old_waveform
20.1609095,1.395373726732423,True,True,False,0.0,old_waveform
20.166465,1.3890448543706655,True,True,False,0.0,old_waveform
20.1720205,1.3765483739073912,True,True,False,0.0,old_waveform
20.177576,1.35790098095844,True,True,False,0.0,old_waveform
20.1831315,1.3331620698084676,True,True,False,0.0,old_waveform
20.188687,1.3024339174301027,True,True,False,0.0,old_waveform
20.1942425,1.265861862699658,True,True,False,0.0,old_waveform
20.199798,1.2236344403825845,True,True,False,0.0,old_waveform
20.2053535,1.1759834010239918,True,True,False,0.0,old_waveform
20.210909,1.1231835620260675,True,True,False,0.0,old_waveform
20.2164645,1.0655526183279258,True,True,False,0.0,old_waveform
20.22202,1.0034509011755777,True,True,False,0.0,old_waveform
20.2275755,0.9372805102410888,True,True,False,0.0,old_waveform
20.233131,0.8674830462637153,True,True,False,0.0,old_waveform
20.2386865,0.7945355753721497,True,True,False,0.0,old_waveform
20.244242,0.7189449829832655,True,True,False,0.0,old_waveform
20.2497975,0.6412412726401178,True,True,False,0.0,old_waveform
20.255353,0.5619704453787279,True,True,False,0.0,old_waveform
20.2609085,0.4816872965020382,True,True,False,0.0,old_waveform
20.266464,0.4009482634255517,True,True,False,0.0,old_waveform
20.2720195,0.3203045627175296,True,True,False,0.0,old_waveform
20.277575,0.2402957749659905,True,True,False,0.0,old_waveform
20.2831305,0.1614436695524018,True,True,False,0.0,old_waveform
20.288686,0.0842460042759475,True,True,False,0.0,old_waveform
20.2942415,0.0091703981813727,True,True,False,0.0,old_waveform
20.299797,-0.0633514036877148,True,True,False,0.0,old_waveform
20.3053525,-0.1329286679790698,True,True,False,0.0,old_waveform
20.310908,-0.1992161101861557,True,True,False,0.0,old_waveform
20.3164635,-0.2619174123785202,True,True,False,0.0,old_waveform
20.322019,-0.3207874678072565,True,True,False,0.0,old_waveform
20.3275745,-0.3756331304275047,True,True,False,0.0,old_waveform
20.33313,-0.4263125708646735,True,True,False,0.0,old_waveform
20.3386855,-0.4727335706555981,True,True,False,0.0,old_waveform
20.344241,-0.5148511267925031,True,True,False,0.0,old_waveform
20.3497965,-0.5526646548318342,True,True,False,0.0,old_waveform
20.355352,-0.5862150499765683,True,True,False,0.0,old_waveform
20.3609075,-0.6155819551945668,True,True,False,0.0,old_waveform
20.366463,-0.6408814798972992,True,True,False,0.0,old_waveform
20.3720185,-0.6622641808863374,True,True,False,0.0,old_waveform
20.377574,-0.6799128112818313,True,True,False,0.0,old_waveform
20.3831295,-0.6940394759410446,True,True,False,0.0,old_waveform
20.388685,-0.7048820752270875,True,True,False,0.0,old_waveform
20.3942405,-0.7126999279695216,True,True,False,0.0,old_waveform
20.399796,-0.7177683882922549,True,True,False,0.0,old_waveform
20.4053515,-0.7203724100607952,True,True,False,0.0,old_waveform
20.410907,-0.720799379468368,True,True,False,0.0,old_waveform
20.4164625,-0.7193317598927995,True,True,False,0.0,old_waveform
20.422018,-0.7162399040949932,True,True,False,0.0,old_waveform
20.4275735,-0.7117751377693733,True,True,False,0.0,old_waveform
20.433129,-0.7061633214920342,True,True,False,0.0,old_waveform
20.4386845,-0.6995993965352431,True,True,False,0.0,old_waveform
20.44424,-0.6922435033757106,True,True,False,0.0,old_waveform
20.4497955,-0.6842189600728266,True,True,False,0.0,old_waveform
20.455351,-0.6756119580792547,True,True,False,0.0,old_waveform
20.4609065,-0.6664726354847215,True,True,False,0.0,old_waveform
20.466462,-0.656817199031067,True,True,False,0.0,old_waveform
20.4720175,-0.6466308174792854,True,True,False,0.0,old_waveform
20.477573,-0.6358711111594466,True,True,False,0.0,old_waveform
20.4831285,-0.624472217794533,True,True,False,0.0,old_waveform
20.488684,-0.6123495422576477,True,True,False,0.0,old_waveform
20.4942395,-0.5994052596305346,True,True,False,0.0,old_waveform
20.499795,-0.5855343666212295,True,True,False,0.0,old_waveform
20.5053505,-0.5706308731981529,True,True,False,0.0,old_waveform
20.510906,-0.5545938519608364,True,True,False,0.0,old_waveform
20.5164615,-0.5373332095588919,True,True,False,0.0,old_waveform
20.522017,-0.5187749991501153,True,True,False,0.0,old_waveform
20.5275725,-0.4988661217866039,True,True,False,0.0,old_waveform
20.533128,-0.4775784293284766,True,True,False,0.0,old_waveform
20.5386835,-0.4549122668342699,True,True,False,0.0,old_waveform
20.544239,-0.430899378887465,True,True,False,0.0,old_waveform
20.5497945,-0.4056050755611532,True,True,False,0.0,old_waveform
20.55535,-0.3791295742988159,True,True,False,0.0,old_waveform
20.5609055,-0.3516084146343103,True,True,False,0.0,old_waveform
20.566461,-0.3232118501939776,True,True,False,0.0,old_waveform
20.5720165,-0.2941430711839985,True,True,False,0.0,old_waveform
20.577572,-0.2646349819927707,True,True,False,0.0,old_waveform
20.5831275,-0.2349453959434279,True,True,False,0.0,old_waveform
20.588683,-0.2053509670477972,True,True,False,0.0,old_waveform
20.5942385,-0.176140431212979,True,True,False,0.0,old_waveform
20.599794,-0.1476074494160891,True,True,False,0.0,old_waveform
20.6053495,-0.1200428866980567,True,True,False,0.0,old_waveform
20.610905,-0.0937262897235516,True,True,False,0.0,old_waveform
20.6164605,-0.0689167250555982,True,True,False,0.0,old_waveform
20.622016,-0.0458436159306348,True,True,False,0.0,old_waveform
20.6275715,-0.0246985047635695,True,True,False,0.0,old_waveform
20.633127,-0.0056286800444961,True,True,False,0.0,old_waveform
20.6386825,0.0112668899769046,True,True,False,0.0,old_waveform
20.644238,0.0259396662216708,True,True,False,0.0,old_waveform
20.6497935,0.0383923583242477,True,True,False,0.0,old_waveform
20.655349,0.0486788800948812,True,True,False,0.0,old_waveform
20.6609045,0.0569036590941475,True,True,False,0.0,old_waveform
20.66646,0.063220318358731,True,True,False,0.0,old_waveform
20.6720155,0.0678292781854247,True,True,False,0.0,old_waveform
20.677571,0.070973645452799,True,True,False,0.0,old_waveform
20.6831265,0.0729332923277805,True,True,False,0.0,old_waveform
20.688682,0.0740176784905029,True,True,False,0.0,old_waveform
20.6942375,0.0745582175205257,True,True,False,0.0,old_waveform
20.699793,0.0749008575376236,True,True,False,0.0,old_waveform
20.7053485,0.0753991226877411,True,True,False,0.0,old_waveform
20.710904,0.0764074668150042,True,True,False,0.0,old_waveform
20.7164595,0.0782748172451485,True,True,False,0.0,old_waveform
20.722015,0.0813384570318801,True,True,False,0.0,old_waveform
20.7275705,0.0859185182156438,True,True,False,0.0,old_waveform
20.733126,0.0923133645058151,True,True,False,0.0,old_waveform
20.7386815,0.1007961286804925,True,True,False,0.0,old_waveform
20.744237,0.1116124542804413,True,True,False,0.0,old_waveform
20.7497925,0.1249791507763191,True,True,False,0.0,old_waveform
20.755348,0.1410834636900352,True,True,False,0.0,old_waveform
20.7609035,0.1600829666393805,True,True,False,0.0,old_waveform
20.766459,0.1821061651563522,True,True,False,0.0,old_waveform
20.7720145,0.2072535824855686,True,True,False,0.0,old_waveform
20.77757,0.2355986458655729,True,True,False,0.0,old_waveform
20.7831255,0.2671874933189621,True,True,False,0.0,old_waveform
20.788681,0.3020372446967135,True,True,False,0.0,old_waveform
20.7942365,0.3401331661866966,True,True,False,0.0,old_waveform
20.799792,0.3814257368326363,True,True,False,0.0,old_waveform
20.8053475,0.4258283665819477,True,True,False,0.0,old_waveform
20.810903,0.4732157265305125,True,True,False,0.0,old_waveform
20.8164585,0.5234222181830858,True,True,False,0.0,old_waveform
20.822014,0.5762403777894766,True,True,False,0.0,old_waveform
20.8275695,0.6314194129372777,True,True,False,0.0,old_waveform
20.833125,0.6886642457392926,True,True,False,0.0,old_waveform
20.8386805,0.7476354820345243,True,True,False,0.0,old_waveform
20.844236,0.807950527858547,True,True,False,0.0,old_waveform
20.8497915,0.869185732266887,True,True,False,0.0,old_waveform
20.855347,0.9308793438931916,True,True,False,0.0,old_waveform
20.8609025,0.9925351939884136,True,True,False,0.0,old_waveform
20.866458,1.0536270980608884,True,True,False,0.0,old_waveform
20.8720135,1.1136040253235606,True,True,False,0.0,old_waveform
20.877569,1.1718961505070018,True,True,False,0.0,old_waveform
20.8831245,1.2279217601224754,True,True,False,0.0,old_waveform
20.88868,1.281094632130538,True,True,False,0.0,old_waveform
20.8942355,1.3308313872657875,True,True,False,0.0,old_waveform
20.899791,1.376558637197705,True,True,False,0.0,old_waveform
20.9053465,1.417720168778968,True,True,False,0.0,old_waveform
20.910902,1.4537845422710791,True,True,False,0.0,old_waveform
20.9164575,1.4842532712027028,True,True,False,0.0,old_waveform
20.922013,1.5086693259267627,True,True,False,0.0,old_waveform
20.9275685,1.5266254573396856,True,True,False,0.0,old_waveform
20.933124,1.5377719683345183,True,True,False,0.0,old_waveform
20.9386795,1.5418237412752989,True,True,False,0.0,old_waveform
20.944235,1.5385663318698275,True,True,False,0.0,old_waveform
20.9497905,1.5278608428491076,True,True,False,0.0,old_waveform
20.955346,1.5096471918386942,True,True,False,0.0,old_waveform
20.9609015,1.4839454937691108,True,True,False,0.0,old_waveform
20.966457,1.450855668001409,True,True,False,0.0,old_waveform
20.9720125,1.4105556998727695,True,True,False,0.0,old_waveform
20.977568,1.3632988838384423,True,True,False,0.0,old_waveform
20.9831235,1.309409978947326,True,True,False,0.0,old_waveform
20.988679,1.2492800348483042,True,True,False,0.0,old_waveform
20.9942345,1.1833598598808894,True,True,False,0.0,old_waveform
20.99979,1.1121520494254007,True,True,False,0.0,old_waveform
21.0053455,1.0362025200133425,True,True,False,0.0,old_waveform
21.010901,0.9560908481075944,True,True,False,0.0,old_waveform
21.0164565,0.8724201693294333,True,True,False,0.0,old_waveform
21.022012,0.7858079623083182,True,True,False,0.0,old_waveform
21.0275675,0.6968772075068488,True,True,False,0.0,old_waveform
21.033123,0.6062484044044324,True,True,False,0.0,old_waveform
21.0386785,0.514532908298248,True,True,False,0.0,old_waveform
21.044234,0.4223277581735874,True,True,False,0.0,old_waveform
21.0497895,0.3302115541343257,True,True,False,0.0,old_waveform
21.055345,0.2387406678559315,True,True,False,0.0,old_waveform
21.0609005,0.1484454680810827,True,True,False,0.0,old_waveform
21.066456,0.059826895474336,True,True,False,0.0,old_waveform
21.0720115,-0.0266461017493076,True,True,False,0.0,old_waveform
21.077567,-0.1105383595045805,True,True,False,0.0,old_waveform
21.0831225,-0.1914503437614198,True,True,False,0.0,old_waveform
21.088678,-0.2690207730184839,True,True,False,0.0,old_waveform
21.0942335,-0.3429298335283728,True,True,False,0.0,old_waveform
21.099789,-0.4129021547503165,True,True,False,0.0,old_waveform
21.1053445,-0.4787088653577205,True,True,False,0.0,old_waveform
21.1109,-0.540168480212899,True,True,False,0.0,old_waveform
21.1164555,-0.5971466297068323,True,True,False,0.0,old_waveform
21.122011,-0.6495549362477788,True,True,False,0.0,old_waveform
21.1275665,-0.6973496566110013,True,True,False,0.0,old_waveform
21.133122,-0.7405305920418024,True,True,False,0.0,old_waveform
21.1386775,-0.7791402407728156,True,True,False,0.0,old_waveform
21.144233,-0.8132628185502893,True,True,False,0.0,old_waveform
21.1497885,-0.8430227766922481,True,True,False,0.0,old_waveform
21.155344,-0.8685824848983447,True,True,False,0.0,old_waveform
21.1608995,-0.890138858384752,True,True,False,0.0,old_waveform
21.166455,-0.9079191034714742,True,True,False,0.0,old_waveform
21.1720105,-0.9221760790985698,True,True,False,0.0,old_waveform
21.177566,-0.9331836178639028,True,True,False,0.0,old_waveform
21.1831215,-0.9412318263902354,True,True,False,0.0,old_waveform
21.188677,-0.9466222507390872,True,True,False,0.0,old_waveform
21.1942325,-0.9496626724381092,True,True,False,0.0,old_waveform
21.199788,-0.950661288515086,True,True,False,0.0,old_waveform
21.2053435,-0.9499203989451758,True,True,False,0.0,old_waveform
21.210899,-0.9477300422944518,True,True,False,0.0,old_waveform
21.2164545,-0.9443619617099924,True,True,False,0.0,old_waveform
21.22201,-0.9400642637372972,True,True,False,0.0,old_waveform
21.2275655,-0.935057184093164,True,True,False,0.0,old_waveform
21.233121,-0.9295301553753872,True,True,False,0.0,old_waveform
21.2386765,-0.9236400640455112,True,True,False,0.0,old_waveform
21.244232,-0.9175103818670342,True,True,False,0.0,old_waveform
21.2497875,-0.9112307254308832,True,True,False,0.0,old_waveform
21.255343,-0.9048565201668312,True,True,False,0.0,old_waveform
21.2608985,-0.8984087891846669,True,True,False,0.0,old_waveform
21.266454,-0.8918743573912561,True,True,False,0.0,old_waveform
21.2720095,-0.8852069318839386,True,True,False,0.0,old_waveform
21.277565,-0.8783294717395288,True,True,False,0.0,old_waveform
21.2831205,-0.8711377692330167,True,True,False,0.0,old_waveform
21.288676,-0.8635047143246375,True,True,False,0.0,old_waveform
21.2942315,-0.8552849321260804,True,True,False,0.0,old_waveform
21.299787,-0.8463198800770669,True,True,False,0.0,old_waveform
21.3053425,-0.8364433714310526,True,True,False,0.0,old_waveform
21.310898,-0.8254872877272073,True,True,False,0.0,old_waveform
21.3164535,-0.8132873842946963,True,True,False,0.0,old_waveform
21.322009,-0.7996890977231726,True,True,False,0.0,old_waveform
21.3275645,-0.7845529544333482,True,True,False,0.0,old_waveform
21.33312,-0.7677590433091313,True,True,False,0.0,old_waveform
21.3386755,-0.7492102551667447,True,True,False,0.0,old_waveform
21.344231,-0.7288343743026674,True,True,False,0.0,old_waveform
21.3497865,-0.7065852350126606,True,True,False,0.0,old_waveform
21.355342,-0.6824428108779951,True,True,False,0.0,old_waveform
21.3608975,-0.6564118237532217,True,True,False,0.0,old_waveform
21.366453,-0.6285188481655027,True,True,False,0.0,old_waveform
21.3720085,-0.5988085446361056,True,True,False,0.0,old_waveform
21.377564,-0.567339890823638,True,True,False,0.0,old_waveform
21.3831195,-0.5341830970542746,True,True,False,0.0,old_waveform
21.388675,-0.4994175693214332,True,True,False,0.0,old_waveform
21.3942305,-0.4631307813565926,True,True,False,0.0,old_waveform
21.399786,-0.4254173280486341,True,True,False,0.0,old_waveform
21.4053415,-0.3863773255819361,True,True,False,0.0,old_waveform
21.410897,-0.3461138864373427,True,True,False,0.0,old_waveform
21.4164525,-0.3047299536753959,True,True,False,0.0,old_waveform
21.422008,-0.26232489048579,True,True,False,0.0,old_waveform
21.4275635,-0.2189912446904066,True,True,False,0.0,old_waveform
21.433119,-0.1748121577368163,True,True,False,0.0,old_waveform
21.4386745,-0.1298596494389676,True,True,False,0.0,old_waveform
21.44423,-0.0841936702224038,True,True,False,0.0,old_waveform
21.4497855,-0.0378617229199646,True,True,False,0.0,old_waveform
21.455341,0.009101076738905,True,True,False,0.0,old_waveform
21.4608965,0.0566714382026889,True,True,False,0.0,old_waveform
21.466452,0.1048364569527339,True,True,False,0.0,old_waveform
21.4720075,0.1535908454025051,True,True,False,0.0,old_waveform
21.477563,0.2029327309400582,True,True,False,0.0,old_waveform
21.4831185,0.2528583834217628,True,True,False,0.0,old_waveform
21.488674,0.3033564209923209,True,True,False,0.0,old_waveform
21.4942295,0.3544019621583339,True,True,False,0.0,old_waveform
21.499785,0.4059511792535915,True,True,False,0.0,old_waveform
21.5053405,0.457936821343206,True,True,False,0.0,old_waveform
21.510896,0.5102652167480111,True,True,False,0.0,old_waveform
21.5164515,0.562814947472743,True,True,False,0.0,old_waveform
21.522007,0.6154370677069289,True,True,False,0.0,old_waveform
21.5275625,0.6679566313843031,True,True,False,0.0,old_waveform
21.533118,0.720175312292444,True,True,False,0.0,old_waveform
21.5386735,0.7718749213453976,True,True,False,0.0,old_waveform
21.544229,0.822821617566826,True,True,False,0.0,old_waveform
21.5497845,0.8727703926610597,True,True,False,0.0,old_waveform
21.55534,0.9214691631380378,True,True,False,0.0,old_waveform
21.5608955,0.9686621367051056,True,True,False,0.0,old_waveform
21.566451,1.01409279493788,True,True,False,0.0,old_waveform
21.5720065,1.0575069105163444,True,True,False,0.0,old_waveform
21.577562,1.098655525527462,True,True,False,0.0,old_waveform
21.5831175,1.137297744202885,True,True,False,0.0,old_waveform
21.588673,1.17320372450238,True,True,False,0.0,old_waveform
21.5942285,1.2061584211907788,True,True,False,0.0,old_waveform
21.599784,1.2359660497173568,True,True,False,0.0,old_waveform
21.6053395,1.26245466881575,True,True,False,0.0,old_waveform
21.610895,1.2854802624616732,True,True,False,0.0,old_waveform
21.6164505,1.3049300552758611,True,True,False,0.0,old_waveform
21.622006,1.3207251203556225,True,True,False,0.0,old_waveform
21.6275615,1.3328223456039368,True,True,False,0.0,old_waveform
21.633117,1.3412156162810311,True,True,False,0.0,old_waveform
21.6386725,1.3459360289014537,True,True,False,0.0,old_waveform
21.644228,1.3470512645519828,True,True,False,0.0,old_waveform
21.6497835,1.344664570092853,True,True,False,0.0,old_waveform
21.655339,1.3389135860275505,True,True,False,0.0,old_waveform
21.6608945,1.329968767218471,True,True,False,0.0,old_waveform
21.66645,1.3180309925943985,True,True,False,0.0,old_waveform
21.6720055,1.3033279615425322,True,True,False,0.0,old_waveform
21.677561,1.2861089214319483,True,True,False,0.0,old_waveform
21.6831165,1.2666376973150435,True,True,False,0.0,old_waveform
21.688672,1.2451848643512522,True,True,False,0.0,old_waveform
21.6942275,1.2220202836629308,True,True,False,0.0,old_waveform
21.699783,1.197406753622084,True,True,False,0.0,old_waveform
21.7053385,1.1715948766182918,True,True,False,0.0,old_waveform
21.710894,1.1448189486176803,True,True,False,0.0,old_waveform
21.7164495,1.1172935528310617,True,True,False,0.0,old_waveform
21.722005,1.0892104516964989,True,True,False,0.0,old_waveform
21.7275605,1.0607355698961696,True,True,False,0.0,old_waveform
21.733116,1.0320062053821564,True,True,False,0.0,old_waveform
21.7386715,1.0031286684255984,True,True,False,0.0,old_waveform
21.744227,0.9741764340730512,True,True,False,0.0,old_waveform
21.7497825,0.9451889723321536,True,True,False,0.0,old_waveform
21.755338,0.9161716343840594,True,True,False,0.0,old_waveform
21.7608935,0.8870969185442803,True,True,False,0.0,old_waveform
21.766449,0.857906968074337,True,True,False,0.0,old_waveform
21.7720045,0.8285167507492143,True,True,False,0.0,old_waveform
21.77756,0.7988174501354759,True,True,False,0.0,old_waveform
21.7831155,0.7686798397116843,True,True,False,0.0,old_waveform
21.788671,0.7379575583961001,True,True,False,0.0,old_waveform
21.7942265,0.7064904062192057,True,True,False,0.0,old_waveform
21.799782,0.6741078495141264,True,True,False,0.0,old_waveform
21.8053375,0.6406326869654433,True,True,False,0.0,old_waveform
21.810893,0.6058846849758828,True,True,False,0.0,old_waveform
21.8164485,0.569684133189785,True,True,False,0.0,old_waveform
21.822004,0.5318552903826275,True,True,False,0.0,old_waveform
21.8275595,0.4922295134314041,True,True,False,0.0,old_waveform
21.833115,0.4506479114505812,True,True,False,0.0,old_waveform
21.8386705,0.4069636840545159,True,True,False,0.0,old_waveform
21.844226,0.3610445061683608,True,True,False,0.0,old_waveform
21.8497815,0.312775275843652,True,True,False,0.0,old_waveform
21.855337,0.2620614691434749,True,True,False,0.0,old_waveform
21.8608925,0.2088333779920753,True,True,False,0.0,old_waveform
21.866448,0.153051384294891,True,True,False,0.0,old_waveform
21.8720035,0.0947119611906469,True,True,False,0.0,old_waveform
21.877559,0.0338536393691707,True,True,False,0.0,old_waveform
21.8831145,-0.029437873173789,True,True,False,0.0,old_waveform
21.88867,-0.0950259303972747,True,True,False,0.0,old_waveform
21.8942255,-0.162720667330873,True,True,False,0.0,old_waveform
21.899781,-0.2322780645916765,True,True,False,0.0,old_waveform
21.9053365,-0.3034002938243308,True,True,False,0.0,old_waveform
21.910892,-0.375737659344477,True,True,False,0.0,old_waveform
21.9164475,-0.4488926947153533,True,True,False,0.0,old_waveform
21.922003,-0.52242650839928,True,True,False,0.0,old_waveform
21.9275585,-0.5958666269961241,True,True,False,0.0,old_waveform
21.933114,-0.6687154232283389,True,True,False,0.0,old_waveform
21.9386695,-0.7404587562326259,True,True,False,0.0,old_waveform
21.944225,-0.8105747124027264,True,True,False,0.0,old_waveform
21.9497805,-0.8785421804355231,True,True,False,0.0,old_waveform
21.955336,-0.9438489522287692,True,True,False,0.0,old_waveform
21.9608915,-1.0059991287726942,True,True,False,0.0,old_waveform
21.966447,-1.0645197006588407,True,True,False,0.0,old_waveform
21.9720025,-1.1189663952740028,True,True,False,0.0,old_waveform
21.977558,-1.1689291612214905,True,True,False,0.0,old_waveform
21.9831135,-1.2140375934032877,True,True,False,0.0,old_waveform
21.988669,-1.253966125081727,True,True,False,0.0,old_waveform
21.9942245,-1.288438500450904,True,True,False,0.0,old_waveform
21.99978,-1.317230766507576,True,True,False,0.0,old_waveform
22.0053355,-1.3401740223795302,True,True,False,0.0,old_waveform
22.010891,-1.3571562991739374,True,True,False,0.0,old_waveform
22.0164465,-1.3681226795997885,True,True,False,0.0,old_waveform
22.022002,-1.3730751078186751,True,True,False,0.0,old_waveform
22.0275575,-1.3720719326983013,True,True,False,0.0,old_waveform
22.033113,-1.365227346150244,True,True,False,0.0,old_waveform
22.0386685,-1.3527105753356932,True,True,False,0.0,old_waveform
22.044224,-1.334744400460807,True,True,False,0.0,old_waveform
22.0497795,-1.3116027042713465,True,True,False,0.0,old_waveform
22.055335,-1.283607205778038,True,True,False,0.0,old_waveform
22.0608905,-1.2511236664376213,True,True,False,0.0,old_waveform
22.066446,-1.214557610741118,True,True,False,0.0,old_waveform
22.0720015,-1.1743493605056616,True,True,False,0.0,old_waveform
22.077557,-1.1309680583703383,True,True,False,0.0,old_waveform
22.0831125,-1.0849044312885925,True,True,False,0.0,old_waveform
22.088668,-1.036662412407225,True,True,False,0.0,old_waveform
22.0942235,-0.9867501719860852,True,True,False,0.0,old_waveform
22.099779,-0.9356712215665448,True,True,False,0.0,old_waveform
22.1053345,-0.883915987756019,True,True,False,0.0,old_waveform
22.11089,-0.8319539749319708,True,True,False,0.0,old_waveform
22.1164455,-0.7802265599746281,True,True,False,0.0,old_waveform
22.122001,-0.7291404249353868,True,True,False,0.0,old_waveform
22.1275565,-0.6790616167938587,True,True,False,0.0,old_waveform
22.133112,-0.6303102437906689,True,True,False,0.0,old_waveform
22.1386675,-0.5831557700001994,True,True,False,0.0,old_waveform
22.144223,-0.5378129716372442,True,True,False,0.0,old_waveform
22.1497785,-0.4944390052111467,True,True,False,0.0,old_waveform
22.155334,-0.4531321408015235,True,True,False,0.0,old_waveform
22.1608895,-0.4139321803166119,True,True,False,0.0,old_waveform
22.166445,-0.376822014673889,True,True,False,0.0,old_waveform
22.1720005,-0.3417298262993509,True,True,False,0.0,old_waveform
22.177556,-0.3085319735992965,True,True,False,0.0,old_waveform
22.1831115,-0.2770569592236448,True,True,False,0.0,old_waveform
22.188667,-0.2470907716977584,True,True,False,0.0,old_waveform
22.1942225,-0.2183835856539025,True,True,False,0.0,old_waveform
22.199778,-0.1906575668904668,True,True,False,0.0,old_waveform
22.2053335,-0.1636153663971331,True,True,False,0.0,old_waveform
22.210889,-0.1369488509150871,True,True,False,0.0,old_waveform
22.2164445,-0.1103476675814318,True,True,False,0.0,old_waveform
22.222,-0.0835073435429931,True,True,False,0.0,old_waveform
22.2275555,-0.0561369292305521,True,True,False,0.0,old_waveform
22.233111,-0.027966514822227,True,True,False,0.0,old_waveform
22.2386665,0.0012452156785898,True,True,False,0.0,old_waveform
22.244222,0.031703825015131,True,True,False,0.0,old_waveform
22.2497775,0.063573195260475,True,True,False,0.0,old_waveform
22.255333,0.0969714860114252,True,True,False,0.0,old_waveform
22.2608885,0.1319691162690591,True,True,False,0.0,old_waveform
22.266444,0.1685886410511164,True,True,False,0.0,old_waveform
22.2719995,0.2068064747727475,True,True,False,0.0,old_waveform
22.277555,0.2465563509484336,True,True,False,0.0,old_waveform
22.2831105,0.2877340730137603,True,True,False,0.0,old_waveform
22.288666,0.3302029530763833,True,True,False,0.0,old_waveform
22.2942215,0.373799552034316,True,True,False,0.0,old_waveform
22.299777,0.418339657905956,True,True,False,0.0,old_waveform
22.3053325,0.4636245135710805,True,True,False,0.0,old_waveform
22.310888,0.5094470868606389,True,True,False,0.0,old_waveform
22.3164435,0.5555980342782193,True,True,False,0.0,old_waveform
22.321999,0.6018710870070311,True,True,False,0.0,old_waveform
22.3275545,0.6480676555839899,True,True,False,0.0,old_waveform
22.33311,0.6940005288522169,True,True,False,0.0,old_waveform
22.3386655,0.739496715292936,True,True,False,0.0,old_waveform
22.344221,0.7843995983530198,True,True,False,0.0,old_waveform
22.3497765,0.8285705837906071,True,True,False,0.0,old_waveform
22.355332,0.8718902969472252,True,True,False,0.0,old_waveform
22.3608875,0.9142592286344842,True,True,False,0.0,old_waveform
22.366443,0.9555977047929124,True,True,False,0.0,old_waveform
22.3719985,0.9958450941282134,True,True,False,0.0,old_waveform
22.377554,1.0349581758829214,True,True,False,0.0,old_waveform
22.3831095,1.072908756111692,True,True,False,0.0,old_waveform
22.388665,1.109680883125408,True,True,False,0.0,old_waveform
22.3942205,1.1452679037554732,True,True,False,0.0,old_waveform
22.399776,1.1796691599638995,True,True,False,0.0,old_waveform
22.4053315,1.212885968980146,True,True,False,0.0,old_waveform
22.410887,1.2449168178911767,True,True,False,0.0,old_waveform
22.4164425,1.2757520431653295,True,True,False,0.0,old_waveform
22.421998,1.3053684283881928,True,True,False,0.0,old_waveform
22.4275535,1.3337241861975893,True,True,False,0.0,old_waveform
22.433109,1.3607547060718428,True,True,False,0.0,old_waveform
22.4386645,1.3863692220317605,True,True,False,0.0,old_waveform
22.44422,1.4104483447411735,True,True,False,0.0,old_waveform
22.4497755,1.4328424013278147,True,True,False,0.0,old_waveform
22.455331,1.4533707129223588,True,True,False,0.0,old_waveform
22.4608865,1.4718221769061537,True,True,False,0.0,old_waveform
22.466442,1.4879575378901269,True,True,False,0.0,old_waveform
22.4719975,1.501513374654967,True,True,False,0.0,old_waveform
22.477553,1.5122074508194778,True,True,False,0.0,old_waveform
22.4831085,1.5197450497149048,True,True,False,0.0,old_waveform
22.488664,1.5238261220718332,True,True,False,0.0,old_waveform
22.4942195,1.5241531644145103,True,True,False,0.0,old_waveform
22.499775,1.520439501043377,True,True,False,0.0,old_waveform
22.5053305,1.5124172870240822,True,True,False,0.0,old_waveform
22.510886,1.4998445732161705,True,True,False,0.0,old_waveform
22.5164415,1.4825112558842026,True,True,False,0.0,old_waveform
22.521997,1.4602442263151232,True,True,False,0.0,old_waveform
22.5275525,1.4329120876803203,True,True,False,0.0,old_waveform
22.533108,1.4004294421292194,True,True,False,0.0,old_waveform
22.5386635,1.362760396431283,True,True,False,0.0,old_waveform
22.544219,1.3199208348225504,True,True,False,0.0,old_waveform
22.5497745,1.271979116770278,True,True,False,0.0,old_waveform
22.55533,1.2190551594288337,True,True,False,0.0,old_waveform
22.5608855,1.161318223810779,True,True,False,0.0,old_waveform
22.566441,1.0989837989346665,True,True,False,0.0,old_waveform
22.5719965,1.0323097754051802,True,True,False,0.0,old_waveform
22.577552,0.9615920023374754,True,True,False,0.0,old_waveform
22.5831075,0.8871594393660469,True,True,False,0.0,old_waveform
22.588663,0.8093692869115806,True,True,False,0.0,old_waveform
22.5942185,0.7286025556448306,True,True,False,0.0,old_waveform
22.599774,0.6452602943080579,True,True,False,0.0,old_waveform
22.6053295,0.559760226449414,True,True,False,0.0,old_waveform
22.610885,0.4725334314391197,True,True,False,0.0,old_waveform
22.6164405,0.3840210055543891,True,True,False,0.0,old_waveform
22.621996,0.2946707506999349,True,True,False,0.0,old_waveform
22.6275515,0.2049337775889589,True,True,False,0.0,old_waveform
22.633107,0.1152609945117146,True,True,False,0.0,old_waveform
22.6386625,0.0260997707530063,True,True,False,0.0,old_waveform
22.644218,-0.0621089803088031,True,True,False,0.0,old_waveform
22.6497735,-0.1489334288601479,True,True,False,0.0,old_waveform
22.655329,-0.2339533064621562,True,True,False,0.0,old_waveform
22.6608845,-0.3167620551354996,True,True,False,0.0,old_waveform
22.66644,-0.3969685310906691,True,True,False,0.0,old_waveform
22.6719955,-0.4741984962658238,True,True,False,0.0,old_waveform
22.677551,-0.5480961206788147,True,True,False,0.0,old_waveform
22.6831065,-0.6183254878224871,True,True,False,0.0,old_waveform
22.688662,-0.6845722466344322,True,True,False,0.0,old_waveform
22.6942175,-0.7465458850509283,True,True,False,0.0,old_waveform
22.699773,-0.8039829136654763,True,True,False,0.0,old_waveform
22.7053285,-0.8566506707716789,True,True,False,0.0,old_waveform
22.710884,-0.9043511599089662,True,True,False,0.0,old_waveform
22.7164395,-0.9469244236106628,True,True,False,0.0,old_waveform
22.721995,-0.9842511670226602,True,True,False,0.0,old_waveform
22.7275505,-1.0162544578803043,True,True,False,0.0,old_waveform
22.733106,-1.042900303253668,True,True,False,0.0,old_waveform
22.7386615,-1.0641970220322303,True,True,False,0.0,old_waveform
22.744217,-1.0801937998700089,True,True,False,0.0,old_waveform
22.7497725,-1.0909792293791052,True,True,False,0.0,old_waveform
22.755328,-1.0966804631175917,True,True,False,0.0,old_waveform
22.7608835,-1.0974629560027946,True,True,False,0.0,old_waveform
22.766439,-1.0935302037948256,True,True,False,0.0,old_waveform
22.7719945,-1.0851226900506137,True,True,False,0.0,old_waveform
22.77755,-1.0725155406323768,True,True,False,0.0,old_waveform
22.7831055,-1.0560151067285724,True,True,False,0.0,old_waveform
22.788661,-1.0359551909512543,True,True,False,0.0,old_waveform
22.7942165,-1.0126932834734304,True,True,False,0.0,old_waveform
22.799772,-0.9866065658061496,True,True,False,0.0,old_waveform
22.8053275,-0.958087475270486,True,True,False,0.0,old_waveform
22.810883,-0.9275390495225831,True,True,False,0.0,old_waveform
22.8164385,-0.8953703722663037,True,True,False,0.0,old_waveform
22.821994,-0.8619922484446128,True,True,False,0.0,old_waveform
22.8275495,-0.8278130307102174,True,True,False,0.0,old_waveform
22.833105,-0.7932343416086203,True,True,False,0.0,old_waveform
22.8386605,-0.7586464412913813,True,True,False,0.0,old_waveform
22.844216,-0.7244232476556596,True,True,False,0.0,old_waveform
22.8497715,-0.6909172222205822,True,True,False,0.0,old_waveform
22.855327,-0.6584543408868919,True,True,False,0.0,old_waveform
22.8608825,-0.6273294592378442,True,True,False,0.0,old_waveform
22.866438,-0.597802614017665,True,True,False,0.0,old_waveform
22.8719935,-0.5700966975923287,True,True,False,0.0,old_waveform
22.877549,-0.5443963519064862,True,True,False,0.0,old_waveform
22.8831045,-0.5208474424882391,True,True,False,0.0,old_waveform
22.88866,-0.4995565424244542,True,True,False,0.0,old_waveform
22.8942155,-0.4805902725106868,True,True,False,0.0,old_waveform
22.899771,-0.4639747326037279,True,True,False,0.0,old_waveform
22.9053265,-0.4496953985087327,True,True,False,0.0,old_waveform
22.910882,-0.437697656003248,True,True,False,0.0,old_waveform
22.9164375,-0.4278878668385523,True,True,False,0.0,old_waveform
22.921993,-0.4201348880641159,True,True,False,0.0,old_waveform
22.9275485,-0.414272139498693,True,True,False,0.0,old_waveform
22.933104,-0.4101002177402681,True,True,False,0.0,old_waveform
22.9386595,-0.4073897398805934,True,True,False,0.0,old_waveform
22.944215,-0.4058840048354726,True,True,False,0.0,old_waveform
22.9497705,-0.405301328648662,True,True,False,0.0,old_waveform
22.955326,-0.4053372843167421,True,True,False,0.0,old_waveform
22.9608815,-0.4056673140265254,True,True,False,0.0,old_waveform
22.966437,-0.4059501205734556,True,True,False,0.0,old_waveform
22.9719925,-0.4058318984179528,True,True,False,0.0,old_waveform
22.977548,-0.4049511500374315,True,True,False,0.0,old_waveform
22.9831035,-0.4029437829037709,True,True,False,0.0,old_waveform
22.988659,-0.3994483570657058,True,True,False,0.0,old_waveform
22.9942145,-0.3941115715234539,True,True,False,0.0,old_waveform
22.99977,-0.3865942119182415,True,True,False,0.0,old_waveform
23.0053255,-0.3765767908036073,True,True,False,0.0,old_waveform
23.010881,-0.3637649553013133,True,True,False,0.0,old_waveform
23.0164365,-0.3478944701941239,True,True,False,0.0,old_waveform
23.021992,-0.3287350894902756,True,True,False,0.0,old_waveform
23.0275475,-0.3060934257285445,True,True,False,0.0,old_waveform
23.033103,-0.2798147445357642,True,True,False,0.0,old_waveform
23.0386585,-0.249784007920844,True,True,False,0.0,old_waveform
23.044214,-0.215926641766624,True,True,False,0.0,old_waveform
23.0497695,-0.1782093270948154,True,True,False,0.0,old_waveform
23.055325,-0.1366407814565015,True,True,False,0.0,old_waveform
23.0608805,-0.0912722771669979,True,True,False,0.0,old_waveform
23.066436,-0.0421977394136516,True,True,False,0.0,old_waveform
23.0719915,0.0104465507563633,True,True,False,0.0,old_waveform
23.077547,0.0664826892403177,True,True,False,0.0,old_waveform
23.0831025,0.1256924456103725,True,True,False,0.0,old_waveform
23.088658,0.1878190229322601,True,True,False,0.0,old_waveform
23.0942135,0.2525688571573046,True,True,False,0.0,old_waveform
23.099769,0.319613059067763,True,True,False,0.0,old_waveform
23.1053245,0.3885884854255515,True,True,False,0.0,old_waveform
23.11088,0.4590987948523969,True,True,False,0.0,old_waveform
23.1164355,0.5307159135927254,True,True,False,0.0,old_waveform
23.121991,0.6029820590163414,True,True,False,0.0,old_waveform
23.1275465,0.6754121611313864,True,True,False,0.0,old_waveform
23.133102,0.7474966971906027,True,True,False,0.0,old_waveform
23.1386575,0.8187054071595415,True,True,False,0.0,old_waveform
23.144213,0.8884923347255911,True,True,False,0.0,old_waveform
23.1497685,0.956302219201676,True,True,False,0.0,old_waveform
23.155324,1.0215780563845032,True,True,False,0.0,old_waveform
23.1608795,1.0837695759111534,True,True,False,0.0,old_waveform
23.166435,1.1423422058786104,True,True,False,0.0,old_waveform
23.1719905,1.1967859853369691,True,True,False,0.0,old_waveform
23.177546,1.246623882075949,True,True,False,0.0,old_waveform
23.1831015,1.291419072351832,True,True,False,0.0,old_waveform
23.188657,1.3307810713539785,True,True,False,0.0,old_waveform
23.1942125,1.3643709029010735,True,True,False,0.0,old_waveform
23.199768,1.3919054613933175,True,True,False,0.0,old_waveform
23.2053235,1.4131610810207331,True,True,False,0.0,old_waveform
23.210879,1.427976301181873,True,True,False,0.0,old_waveform
23.2164345,1.4362538063552743,True,True,False,0.0,old_waveform
23.22199,1.4379614869126616,True,True,False,0.0,old_waveform
23.2275455,1.4331325862579554,True,True,False,0.0,old_waveform
23.233101,1.4218649217888826,True,True,False,0.0,old_waveform
23.2386565,1.404319063102741,True,True,False,0.0,old_waveform
23.244212,1.3807151874766903,True,True,False,0.0,old_waveform
23.2497675,1.35132833362107,True,True,False,0.0,old_waveform
23.255323,1.3164820578936585,True,True,False,0.0,old_waveform
23.2608785,1.2765409930370424,True,True,False,0.0,old_waveform
23.266434,1.2319031994997551,True,True,False,0.0,old_waveform
23.2719895,1.182993090460369,True,True,False,0.0,old_waveform
23.277545,1.1302551627813828,True,True,False,0.0,old_waveform
23.2831005,1.074148320908438,True,True,False,0.0,old_waveform
23.288656,1.0151405612975362,True,True,False,0.0,old_waveform
23.2942115,0.9537040285315048,True,True,False,0.0,old_waveform
23.299767,0.8903107041892019,True,True,False,0.0,old_waveform
23.3053225,0.8254289801975231,True,True,False,0.0,old_waveform
23.310878,0.7595210321228634,True,True,False,0.0,old_waveform
23.3164335,0.6930406796788907,True,True,False,0.0,old_waveform
23.321989,0.6264315715910482,True,True,False,0.0,old_waveform
23.3275445,0.5601256805470659,True,True,False,0.0,old_waveform
23.3331,0.4945419563920852,True,True,False,0.0,old_waveform
23.3386555,0.4300847314003933,True,True,False,0.0,old_waveform
23.344211,0.367141323880913,True,True,False,0.0,old_waveform
23.3497665,0.3060785149501561,True,True,False,0.0,old_waveform
23.355322,0.24723823575722,True,True,False,0.0,old_waveform
23.3608775,0.1909332512863407,True,True,False,0.0,old_waveform
23.366433,0.1374433585251168,True,True,False,0.0,old_waveform
23.3719885,0.0870121222956037,True,True,False,0.0,old_waveform
23.377544,0.0398439500688512,True,True,False,0.0,old_waveform
23.3830995,-0.0038986781454936,True,True,False,0.0,old_waveform
23.388655,-0.044097679349515,True,True,False,0.0,old_waveform
23.3942105,-0.0806809729028354,True,True,False,0.0,old_waveform
23.399766,-0.1136227927989929,True,True,False,0.0,old_waveform
23.4053215,-0.1429428461978154,True,True,False,0.0,old_waveform
23.410877,-0.168704794561806,True,True,False,0.0,old_waveform
23.4164325,-0.1910144570739014,True,True,False,0.0,old_waveform
23.421988,-0.2100177764893658,True,True,False,0.0,old_waveform
23.4275435,-0.2258982517646017,True,True,False,0.0,old_waveform
23.433099,-0.2388736038615848,True,True,False,0.0,old_waveform
23.4386545,-0.2491916657502347,True,True,False,0.0,old_waveform
23.44421,-0.2571255056573296,True,True,False,0.0,old_waveform
23.4497655,-0.2629678426019557,True,True,False,0.0,old_waveform
23.455321,-0.2670250076149351,True,True,False,0.0,old_waveform
23.4608765,-0.2696107685602697,True,True,False,0.0,old_waveform
23.466432,-0.2710402328936253,True,True,False,0.0,old_waveform
23.4719875,-0.2716238984059178,True,True,False,0.0,old_waveform
23.477543,-0.2716618249944333,True,True,False,0.0,old_waveform
23.4830985,-0.2714379527468637,True,True,False,0.0,old_waveform
23.488654,-0.2712147689078056,True,True,False,0.0,old_waveform
23.4942095,-0.271228686105771,True,True,False,0.0,old_waveform
23.499765,-0.2716865321064809,True,True,False,0.0,old_waveform
23.5053205,-0.2727634337247405,True,True,False,0.0,old_waveform
23.510876,-0.2746021880981743,True,True,False,0.0,old_waveform
23.5164315,-0.2773140582684738,True,True,False,0.0,old_waveform
23.521987,-0.2809807680487474,True,True,False,0.0,old_waveform
23.5275425,-0.2856573031006734,True,True,False,0.0,old_waveform
23.533098,-0.2913750170227016,True,True,False,0.0,old_waveform
23.5386535,-0.2981444750360334,True,True,False,0.0,old_waveform
23.544209,-0.3059575611325684,True,True,False,0.0,old_waveform
23.5497645,-0.3147886450796741,True,True,False,0.0,old_waveform
23.55532,-0.3245948024286247,True,True,False,0.0,old_waveform
23.5608755,-0.335315340099769,True,True,False,0.0,old_waveform
23.566431,-0.3468713302463667,True,True,False,0.0,old_waveform
23.5719865,-0.3591659510062699,True,True,False,0.0,old_waveform
23.577542,-0.3720859534968256,True,True,False,0.0,old_waveform
23.5830975,-0.3855040770306474,True,True,False,0.0,old_waveform
23.588653,-0.3992820876682843,True,True,False,0.0,old_waveform
23.5942085,-0.4132741782870949,True,True,False,0.0,old_waveform
23.599764,-0.4273305301694075,True,True,False,0.0,old_waveform
23.6053195,-0.4413008438606784,True,True,False,0.0,old_waveform
23.610875,-0.4550376765322145,True,True,False,0.0,old_waveform
23.6164305,-0.4683995016820383,True,True,False,0.0,old_waveform
23.621986,-0.4812534229107098,True,True,False,0.0,old_waveform
23.6275415,-0.4934774404713103,True,True,False,0.0,old_waveform
23.633097,-0.504962278083826,True,True,False,0.0,old_waveform
23.6386525,-0.5156129458412899,True,True,False,0.0,old_waveform
23.644208,-0.5253501631980021,True,True,False,0.0,old_waveform
23.6497635,-0.5341115349029009,True,True,False,0.0,old_waveform
23.655319,-0.5418522155956443,True,True,False,0.0,old_waveform
23.6608745,-0.548544903332982,True,True,False,0.0,old_waveform
23.66643,-0.5541793508964132,True,True,False,0.0,old_waveform
23.6719855,-0.5587617630309549,True,True,False,0.0,old_waveform
23.677541,-0.5623141704655873,True,True,False,0.0,old_waveform
23.6830965,-0.5648734824392759,True,True,False,0.0,old_waveform
23.688652,-0.5664897784599306,True,True,False,0.0,old_waveform
23.6942075,-0.5672234940403307,True,True,False,0.0,old_waveform
23.699763,-0.5671414539340026,True,True,False,0.0,old_waveform
23.7053185,-0.5663121251052906,True,True,False,0.0,old_waveform
23.710874,-0.5648006613580067,True,True,False,0.0,old_waveform
23.7164295,-0.5626641752864788,True,True,False,0.0,old_waveform
23.721985,-0.5599474932288189,True,True,False,0.0,old_waveform
23.7275405,-0.556679477711724,True,True,False,0.0,old_waveform
23.733096,-0.5528697739182034,True,True,False,0.0,old_waveform
23.7386515,-0.5485058129175833,True,True,False,0.0,old_waveform
23.744207,-0.5435501313136747,True,True,False,0.0,old_waveform
23.7497625,-0.5379382333461259,True,True,False,0.0,old_waveform
23.755318,-0.5315772129284677,True,True,False,0.0,old_waveform
23.7608735,-0.5243453438629551,True,True,False,0.0,old_waveform
23.766429,-0.5160929829622377,True,True,False,0.0,old_waveform
23.7719845,-0.5066451831102261,True,True,False,0.0,old_waveform
23.77754,-0.4958060420121485,True,True,False,0.0,old_waveform
23.7830955,-0.4833643028503727,True,True,False,0.0,old_waveform
23.788651,-0.4690996468806757,True,True,False,0.0,old_waveform
23.7942065,-0.4527893829509973,True,True,False,0.0,old_waveform
23.799762,-0.4342153015915937,True,True,False,0.0,old_waveform
23.8053175,-0.4131702054490667,True,True,False,0.0,old_waveform
23.810873,-0.3894634892530845,True,True,False,0.0,old_waveform
23.8164285,-0.3629254429719291,True,True,False,0.0,old_waveform
23.821984,-0.3334104076081517,True,True,False,0.0,old_waveform
23.8275395,-0.3007990900788567,True,True,False,0.0,old_waveform
23.833095,-0.2650002634891106,True,True,False,0.0,old_waveform
23.8386505,-0.2259519195512582,True,True,False,0.0,old_waveform
23.844206,-0.1836217600412966,True,True,False,0.0,old_waveform
23.8497615,-0.1380069057618251,True,True,False,0.0,old_waveform
23.855317,-0.0891329713520496,True,True,False,0.0,old_waveform
23.8608725,-0.0370528630752864,True,True,False,0.0,old_waveform
23.866428,0.0181544240591281,True,True,False,0.0,old_waveform
23.8719835,0.0763848045711415,True,True,False,0.0,old_waveform
23.877539,0.1375097250867608,True,True,False,0.0,old_waveform
23.8830945,0.2013765432591621,True,True,False,0.0,old_waveform
23.88865,0.2678090190754361,True,True,False,0.0,old_waveform
23.8942055,0.3366079283503342,True,True,False,0.0,old_waveform
23.899761,0.4075513768661512,True,True,False,0.0,old_waveform
23.9053165,0.4803945906201371,True,True,False,0.0,old_waveform
23.910872,0.5548695112476605,True,True,False,0.0,old_waveform
23.9164275,0.6306846848196996,True,True,False,0.0,old_waveform
23.921983,0.7075256369828463,True,True,False,0.0,old_waveform
23.9275385,0.7850556866487292,True,True,False,0.0,old_waveform
23.933094,0.8629171163947925,True,True,False,0.0,old_waveform
23.9386495,0.9407326085225004,True,True,False,0.0,old_waveform
23.944205,1.018106911127539,True,True,False,0.0,old_waveform
23.9497605,1.09462882968527,True,True,False,0.0,old_waveform
23.955316,1.1698736107915215,True,True,False,0.0,old_waveform
23.9608715,1.2434055987054864,True,True,False,0.0,old_waveform
23.966427,1.3147809530999368,True,True,False,0.0,old_waveform
23.9719825,1.3835502815175322,True,True,False,0.0,old_waveform
23.977538,1.4492612478964957,True,True,False,0.0,old_waveform
23.9830935,1.5114615154534794,True,True,False,0.0,old_waveform
23.988649,1.5697024530641406,True,True,False,0.0,old_waveform
23.9942045,1.6235436968459458,True,True,False,0.0,old_waveform
23.99976,1.672557914487038,True,True,False,0.0,old_waveform
24.0053155,1.716335780732965,True,True,False,0.0,old_waveform
24.010871,1.7544918598817796,True,True,False,0.0,old_waveform
24.0164265,1.7866695565494597,True,True,False,0.0,old_waveform
24.021982,1.812544973815151,True,True,False,0.0,old_waveform
24.0275375,1.8318314901866624,True,True,False,0.0,old_waveform
24.033093,1.844284707491848,True,True,False,0.0,old_waveform
24.0386485,1.849707451442446,True,True,False,0.0,old_waveform
24.044204,1.8479544057689363,True,True,False,0.0,old_waveform
24.0497595,1.838936134256593,True,True,False,0.0,old_waveform
24.055315,1.8226223477699712,True,True,False,0.0,old_waveform
24.0608705,1.799044328196674,True,True,False,0.0,old_waveform
24.066426,1.7682964152972491,True,True,False,0.0,old_waveform
24.0719815,1.7305363336884494,True,True,False,0.0,old_waveform
24.077537,1.6859840562557498,True,True,False,0.0,old_waveform
24.0830925,1.6349190882521754,True,True,False,0.0,old_waveform
24.088648,1.5776764214196173,True,True,False,0.0,old_waveform
24.0942035,1.5146416405935688,True,True,False,0.0,old_waveform
24.099759,1.4462456065174238,True,True,False,0.0,old_waveform
24.1053145,1.3729588532031984,True,True,False,0.0,old_waveform
24.11087,1.2952855666236465,True,True,False,0.0,old_waveform
24.1164255,1.213757028909782,True,True,False,0.0,old_waveform
24.121981,1.128924662382337,True,True,False,0.0,old_waveform
24.1275365,1.0413529773264858,True,True,False,0.0,old_waveform
24.133092,0.9516126856452964,True,True,False,0.0,old_waveform
24.1386475,0.8602740530512429,True,True,False,0.0,old_waveform
24.144203,0.7679004062457739,True,True,False,0.0,old_waveform
24.1497585,0.6750418237575935,True,True,False,0.0,old_waveform
24.155314,0.582229263631191,True,True,False,0.0,old_waveform
24.1608695,0.4899693095930536,True,True,False,0.0,old_waveform
24.166425,0.3987394738161028,True,True,False,0.0,old_waveform
24.1719805,0.3089839766821735,True,True,False,0.0,old_waveform
24.177536,0.2211100742826145,True,True,False,0.0,old_waveform
24.1830915,0.1354850962944346,True,True,False,0.0,old_waveform
24.188647,0.0524343803476605,True,True,False,0.0,old_waveform
24.1942025,-0.0277597403929867,True,True,False,0.0,old_waveform
24.199758,-0.1048578897264427,True,True,False,0.0,old_waveform
24.2053135,-0.1786627687917113,True,True,False,0.0,old_waveform
24.210869,-0.2490177422181272,True,True,False,0.0,old_waveform
24.2164245,-0.3158050124000128,True,True,False,0.0,old_waveform
24.22198,-0.3789433534324176,True,True,False,0.0,old_waveform
24.2275355,-0.4383853696014265,True,True,False,0.0,old_waveform
24.233091,-0.4941143057502535,True,True,False,0.0,old_waveform
24.2386465,-0.5461405861776084,True,True,False,0.0,old_waveform
24.244202,-0.594498389910384,True,True,False,0.0,old_waveform
24.2497575,-0.6392425255972134,True,True,False,0.0,old_waveform
24.255313,-0.6804457366337539,True,True,False,0.0,old_waveform
24.2608685,-0.7181964042883777,True,True,False,0.0,old_waveform
24.266424,-0.7525964003720236,True,True,False,0.0,old_waveform
24.2719795,-0.7837588359939852,True,True,False,0.0,old_waveform
24.277535,-0.8118057974299313,True,True,False,0.0,old_waveform
24.2830905,-0.8368663962324393,True,True,False,0.0,old_waveform
24.288646,-0.8590752486475866,True,True,False,0.0,old_waveform
24.2942015,-0.8785712144465609,True,True,False,0.0,old_waveform
24.299757,-0.8954962831426222,True,True,False,0.0,old_waveform
24.3053125,-0.9099946551463896,True,True,False,0.0,old_waveform
24.310868,-0.9222119541341934,True,True,False,0.0,old_waveform
24.3164235,-0.9322942691667304,True,True,False,0.0,old_waveform
24.321979,-0.9403866946307818,True,True,False,0.0,old_waveform
24.3275345,-0.9466312834215236,True,True,False,0.0,old_waveform
24.33309,-0.9511646167260622,True,True,False,0.0,old_waveform
24.3386455,-0.9541152858253232,True,True,False,0.0,old_waveform
24.344201,-0.9556016213488367,True,True,False,0.0,old_waveform
24.3497565,-0.9557301009960896,True,True,False,0.0,old_waveform
24.355312,-0.9545947061295744,True,True,False,0.0,old_waveform
24.3608675,-0.952277042258832,True,True,False,0.0,old_waveform
24.366423,-0.948846779673168,True,True,False,0.0,old_waveform
24.3719785,-0.944362164012482,True,True,False,0.0,old_waveform
24.377534,-0.9388707098959732,True,True,False,0.0,old_waveform
24.3830895,-0.9324103255848516,True,True,False,0.0,old_waveform
24.388645,-0.925010895189956,True,True,False,0.0,old_waveform
24.3942005,-0.91669605146485,True,True,False,0.0,old_waveform
24.399756,-0.907484874043537,True,True,False,0.0,old_waveform
24.4053115,-0.8973934940429921,True,True,False,0.0,old_waveform
24.410867,-0.8864367640387172,True,True,False,0.0,old_waveform
24.4164225,-0.8746300694029748,True,True,False,0.0,old_waveform
24.421978,-0.8619910379015706,True,True,False,0.0,old_waveform
24.4275335,-0.848540714443959,True,True,False,0.0,old_waveform
24.433089,-0.8343040472322552,True,True,False,0.0,old_waveform
24.4386445,-0.8193099125962537,True,True,False,0.0,old_waveform
24.4442,-0.8035908628778282,True,True,False,0.0,old_waveform
24.4497555,-0.7871825723452458,True,True,False,0.0,old_waveform
24.455311,-0.7701230139805597,True,True,False,0.0,old_waveform
24.4608665,-0.7524515688015478,True,True,False,0.0,old_waveform
24.466422,-0.734208271739653,True,True,False,0.0,old_waveform
24.4719775,-0.7154332708257122,True,True,False,0.0,old_waveform
24.477533,-0.6961664582200743,True,True,False,0.0,old_waveform
24.4830885,-0.676447140932096,True,True,False,0.0,old_waveform
24.488644,-0.6563136030526205,True,True,False,0.0,old_waveform
24.4941995,-0.6358026028957668,True,True,False,0.0,old_waveform
24.499755,-0.6149490620752488,True,True,False,0.0,old_waveform
24.5053105,-0.5937861101264866,True,True,False,0.0,old_waveform
24.510866,-0.5723453447682172,True,True,False,0.0,old_waveform
24.5164215,-0.5506569468027911,True,True,False,0.0,old_waveform
24.521977,-0.5287493554177666,True,True,False,0.0,old_waveform
24.5275325,-0.5066485395636251,True,True,False,0.0,old_waveform
24.533088,-0.4843771344922032,True,True,False,0.0,old_waveform
24.5386435,-0.461953715734091,True,True,False,0.0,old_waveform
24.544199,-0.4393924258474103,True,True,False,0.0,old_waveform
24.5497545,-0.4167029931188449,True,True,False,0.0,old_waveform
24.55531,-0.393890904189849,True,True,False,0.0,old_waveform
24.5608655,-0.3709574576478563,True,True,False,0.0,old_waveform
24.566421,-0.3478996653485102,True,True,False,0.0,old_waveform
24.5719765,-0.3247101349221442,True,True,False,0.0,old_waveform
24.577532,-0.301377051341012,True,True,False,0.0,old_waveform
24.5830875,-0.2778842857029929,True,True,False,0.0,old_waveform
24.588643,-0.2542115145466609,True,True,False,0.0,old_waveform
24.5941985,-0.2303340934483237,True,True,False,0.0,old_waveform
24.599754,-0.2062224951413908,True,True,False,0.0,old_waveform
24.6053095,-0.181841512031568,True,True,False,0.0,old_waveform
24.610865,-0.1571497913377774,True,True,False,0.0,old_waveform
24.6164205,-0.1321000928061333,True,True,False,0.0,old_waveform
24.621976,-0.1066401670452192,True,True,False,0.0,old_waveform
24.6275315,-0.08071393183925,True,True,False,0.0,old_waveform
24.633087,-0.0542625584722018,True,True,False,0.0,old_waveform
24.6386425,-0.0272250002659648,True,True,False,0.0,old_waveform
24.644198,0.0004623121219319,True,True,False,0.0,old_waveform
24.6497535,0.0288664347270458,True,True,False,0.0,old_waveform
24.655309,0.0580590096503719,True,True,False,0.0,old_waveform
24.6608645,0.0881169318469205,True,True,False,0.0,old_waveform
24.66642,0.1191222061082226,True,True,False,0.0,old_waveform
24.6719755,0.1511608547035488,True,True,False,0.0,old_waveform
24.677531,0.1843210493480774,True,True,False,0.0,old_waveform
24.6830865,0.2186909484846286,True,True,False,0.0,old_waveform
24.688642,0.2543566326474987,True,True,False,0.0,old_waveform
24.6941975,0.2914000871582191,True,True,False,0.0,old_waveform
24.699753,0.3298968928899408,True,True,False,0.0,old_waveform
24.7053085,0.3699134098572793,True,True,False,0.0,old_waveform
24.710864,0.4115035783588689,True,True,False,0.0,old_waveform
24.7164195,0.454705665512065,True,True,False,0.0,old_waveform
24.721975,0.4995391821823868,True,True,False,0.0,old_waveform
24.7275305,0.5460019137483703,True,True,False,0.0,old_waveform
24.733086,0.5940668577781608,True,True,False,0.0,old_waveform
24.7386415,0.643678990197693,True,True,False,0.0,old_waveform
24.744197,0.694751990869701,True,True,False,0.0,old_waveform
24.7497525,0.7471651684764141,True,True,False,0.0,old_waveform
24.755308,0.8007607849104853,True,True,False,0.0,old_waveform
24.7608635,0.8553417975616779,True,True,False,0.0,old_waveform
24.766419,0.9106699805581632,True,True,False,0.0,old_waveform
24.7719745,0.9664646056810244,True,True,False,0.0,old_waveform
24.77753,1.0224020832099756,True,True,False,0.0,old_waveform
24.7830855,1.0781169522882286,True,True,False,0.0,old_waveform
24.788641,1.1332044008780295,True,True,False,0.0,old_waveform
24.7941965,1.1872243207750923,True,True,False,0.0,old_waveform
24.799752,1.239706881397367,True,True,False,0.0,old_waveform
24.8053075,1.2901594303297266,True,True,False,0.0,old_waveform
24.810863,1.3380741601862338,True,True,False,0.0,old_waveform
24.8164185,1.3829359365312823,True,True,False,0.0,old_waveform
24.821974,1.424230062530924,True,True,False,0.0,old_waveform
24.8275295,1.4614500998694937,True,True,False,0.0,old_waveform
24.833085,1.4941059437782125,True,True,False,0.0,old_waveform
24.8386405,1.5217322552968922,True,True,False,0.0,old_waveform
24.844196,1.5438971791683351,True,True,False,0.0,old_waveform
24.8497515,1.5602110785256025,True,True,False,0.0,old_waveform
24.855307,1.5703348623378837,True,True,False,0.0,old_waveform
24.8608625,1.5739874429094454,True,True,False,0.0,old_waveform
24.866418,1.570951940621703,True,True,False,0.0,old_waveform
24.8719735,1.5610803757602651,True,True,False,0.0,old_waveform
24.877529,1.5442967190007295,True,True,False,0.0,old_waveform
24.8830845,1.5205983076102725,True,True,False,0.0,old_waveform
24.88864,1.4900557457015409,True,True,False,0.0,old_waveform
24.8941955,1.4528114891899109,True,True,False,0.0,old_waveform
24.899751,1.4090773633669256,True,True,False,0.0,old_waveform
24.9053065,1.3591312123137835,True,True,False,0.0,old_waveform
24.910862,1.3033127739588115,True,True,False,0.0,old_waveform
24.9164175,1.24201895813412,True,True,False,0.0,old_waveform
24.921973,1.17569897942333,True,True,False,0.0,old_waveform
24.9275285,1.104849743828913,True,True,False,0.0,old_waveform
24.933084,1.030011280106356,True,True,False,0.0,old_waveform
24.9386395,0.9517614721102068,True,True,False,0.0,old_waveform
24.944195,0.8707094723484828,True,True,False,0.0,old_waveform
24.9497505,0.7874877452164555,True,True,False,0.0,old_waveform
24.955306,0.7027432281440538,True,True,False,0.0,old_waveform
24.9608615,0.6171283138405648,True,True,False,0.0,old_waveform
24.966417,0.5312921068675266,True,True,False,0.0,old_waveform
24.9719725,0.4458719845271294,True,True,False,0.0,old_waveform
24.977528,0.3614853779135574,True,True,False,0.0,old_waveform
24.9830835,0.2787217995431318,True,True,False,0.0,old_waveform
24.988639,0.1981351766176632,True,True,False,0.0,old_waveform
24.9941945,0.1202367388334899,True,True,False,0.0,old_waveform
24.99975,0.0454894318139632,True,True,False,0.0,old_waveform
25.0053055,-0.0256962348655057,True,True,False,0.0,old_waveform
25.010861,-0.092964829631353,True,True,False,0.0,old_waveform
25.0164165,-0.1560169841506601,True,True,False,0.0,old_waveform
25.021972,-0.2146096059514334,True,True,False,0.0,old_waveform
25.0275275,-0.2685555742750595,True,True,False,0.0,old_waveform
25.033083,-0.3177227380523066,True,True,False,0.0,old_waveform
25.0386385,-0.3620320437093092,True,True,False,0.0,old_waveform
25.044194,-0.4014549538554035,True,True,False,0.0,old_waveform
25.0497495,-0.436010708197814,True,True,False,0.0,old_waveform
25.055305,-0.4657636834146045,True,True,False,0.0,old_waveform
25.0608605,-0.4908204966864922,True,True,False,0.0,old_waveform
25.066416,-0.5113264798735941,True,True,False,0.0,old_waveform
25.0719715,-0.5274616989721198,True,True,False,0.0,old_waveform
25.077527,-0.5394370474097258,True,True,False,0.0,old_waveform
25.0830825,-0.5474906640068904,True,True,False,0.0,old_waveform
25.088638,-0.5518844376825119,True,True,False,0.0,old_waveform
25.0941935,-0.552900237271318,True,True,False,0.0,old_waveform
25.099749,-0.5508357115727278,True,True,False,0.0,old_waveform
25.1053045,-0.5459998923818603,True,True,False,0.0,old_waveform
25.11086,-0.5387092171739342,True,True,False,0.0,old_waveform
25.1164155,-0.5292844613839341,True,True,False,0.0,old_waveform
25.121971,-0.518048473378198,True,True,False,0.0,old_waveform
25.1275265,-0.5053242349684743,True,True,False,0.0,old_waveform
25.133082,-0.4914327956951851,True,True,False,0.0,old_waveform
25.1386375,-0.4766908074218309,True,True,False,0.0,old_waveform
25.144193,-0.4614077382492955,True,True,False,0.0,old_waveform
25.1497485,-0.4458832046518238,True,True,False,0.0,old_waveform
25.155304,-0.4304048284363319,True,True,False,0.0,old_waveform
25.1608595,-0.4152465963248222,True,True,False,0.0,old_waveform
25.166415,-0.4006672463658159,True,True,False,0.0,old_waveform
25.1719705,-0.38690808889819,True,True,False,0.0,old_waveform
25.177526,-0.3741899774996609,True,True,False,0.0,old_waveform
25.1830815,-0.3627096539612903,True,True,False,0.0,old_waveform
25.188637,-0.3526361059173643,True,True,False,0.0,old_waveform
25.1941925,-0.3441076506148018,True,True,False,0.0,old_waveform
25.199748,-0.3372300907800664,True,True,False,0.0,old_waveform
25.2053035,-0.3320757741924303,True,True,False,0.0,old_waveform
25.210859,-0.3286832239406937,True,True,False,0.0,old_waveform
25.2164145,-0.3270572286843896,True,True,False,0.0,old_waveform
25.22197,-0.3271695076443011,True,True,False,0.0,old_waveform
25.2275255,-0.3289601104787393,True,True,False,0.0,old_waveform
25.233081,-0.3323395936710045,True,True,False,0.0,old_waveform
25.2386365,-0.3371917642625908,True,True,False,0.0,old_waveform
25.244192,-0.3433765726624384,True,True,False,0.0,old_waveform
25.2497475,-0.3507327629259089,True,True,False,0.0,old_waveform
25.255303,-0.359080213816816,True,True,False,0.0,old_waveform
25.2608585,-0.3682223685380246,True,True,False,0.0,old_waveform
25.266414,-0.3779493177852951,True,True,False,0.0,old_waveform
25.2719695,-0.388041764557586,True,True,False,0.0,old_waveform
25.277525,-0.3982756196078074,True,True,False,0.0,old_waveform
25.2830805,-0.4084267848719124,True,True,False,0.0,old_waveform
25.288636,-0.418275819688349,True,True,False,0.0,old_waveform
25.2941915,-0.4276123250478054,True,True,False,0.0,old_waveform
25.299747,-0.4362388596094128,True,True,False,0.0,old_waveform
25.3053025,-0.4439742674596638,True,True,False,0.0,old_waveform
25.310858,-0.4506565030293981,True,True,False,0.0,old_waveform
25.3164135,-0.4561450888721376,True,True,False,0.0,old_waveform
25.321969,-0.4603231433478994,True,True,False,0.0,old_waveform
25.3275245,-0.4630986536952226,True,True,False,0.0,old_waveform
25.33308,-0.4644046027739714,True,True,False,0.0,old_waveform
25.3386355,-0.4641978189812275,True,True,False,0.0,old_waveform
25.344191,-0.4624568053342283,True,True,False,0.0,old_waveform
25.3497465,-0.4591790119749089,True,True,False,0.0,old_waveform
25.355302,-0.45437805448761,True,True,False,0.0,old_waveform
25.3608575,-0.4480813637484473,True,True,False,0.0,old_waveform
25.366413,-0.4403285203202157,True,True,False,0.0,old_waveform
25.3719685,-0.4311700711135037,True,True,False,0.0,old_waveform
25.377524,-0.4206664042641218,True,True,False,0.0,old_waveform
25.3830795,-0.4088863867064799,True,True,False,0.0,old_waveform
25.388635,-0.3959056032867024,True,True,False,0.0,old_waveform
25.3941905,-0.3818041606039296,True,True,False,0.0,old_waveform
25.399746,-0.3666642031973945,True,True,False,0.0,old_waveform
25.4053015,-0.3505672930826984,True,True,False,0.0,old_waveform
25.410857,-0.3335916845230107,True,True,False,0.0,old_waveform
25.4164125,-0.3158096243682372,True,True,False,0.0,old_waveform
25.421968,-0.2972849023051234,True,True,False,0.0,old_waveform
25.4275235,-0.2780706103266809,True,True,False,0.0,old_waveform
25.433079,-0.2582068981729435,True,True,False,0.0,old_waveform
25.4386345,-0.2377188227670653,True,True,False,0.0,old_waveform
25.44419,-0.2166146810268809,True,True,False,0.0,old_waveform
25.4497455,-0.1948851024958166,True,True,False,0.0,old_waveform
25.455301,-0.172502905869037,True,True,False,0.0,old_waveform
25.4608565,-0.1494235434348533,True,True,False,0.0,old_waveform
25.466412,-0.1255859393744265,True,True,False,0.0,old_waveform
25.4719675,-0.1009136274441564,True,True,False,0.0,old_waveform
25.477523,-0.0753162114157982,True,True,False,0.0,old_waveform
25.4830785,-0.0486912487607996,True,True,False,0.0,old_waveform
25.488634,-0.0209266320824276,True,True,False,0.0,old_waveform
25.4941895,0.0080966092374866,True,True,False,0.0,old_waveform
25.499745,0.0385013358196405,True,True,False,0.0,old_waveform
25.5053005,0.0704113225919096,True,True,False,0.0,old_waveform
25.510856,0.1039479896441661,True,True,False,0.0,old_waveform
25.5164115,0.1392262880100713,True,True,False,0.0,old_waveform
25.521967,0.176349760824408,True,True,False,0.0,old_waveform
25.5275225,0.215405623253005,True,True,False,0.0,old_waveform
25.533078,0.2564607176107036,True,True,False,0.0,old_waveform
25.5386335,0.2995584614208039,True,True,False,0.0,old_waveform
25.544189,0.3447163553447767,True,True,False,0.0,old_waveform
25.5497445,0.3919237024248692,True,True,False,0.0,old_waveform
25.5553,0.4411395367407348,True,True,False,0.0,old_waveform
25.5608555,0.4922909719608536,True,True,False,0.0,old_waveform
25.566411,0.5452721814769701,True,True,False,0.0,old_waveform
25.5719665,0.5999440816948804,True,True,False,0.0,old_waveform
25.577522,0.6561346954218331,True,True,False,0.0,old_waveform
25.5830775,0.7136401529491324,True,True,False,0.0,old_waveform
25.588633,0.7722261745725958,True,True,False,0.0,old_waveform
25.5941885,0.8316297952495705,True,True,False,0.0,old_waveform
25.599744,0.8915612712035927,True,True,False,0.0,old_waveform
25.6052995,0.951706337098978,True,True,False,0.0,old_waveform
25.610855,1.0117289038304114,True,True,False,0.0,old_waveform
25.6164105,1.071273970328002,True,True,False,0.0,old_waveform
25.621966,1.1299703720511942,True,True,False,0.0,old_waveform
25.6275215,1.187433121832859,True,True,False,0.0,old_waveform
25.633077,1.243265329476431,True,True,False,0.0,old_waveform
25.6386325,1.297060001020535,True,True,False,0.0,old_waveform
25.644188,1.3484022770546535,True,True,False,0.0,old_waveform
25.6497435,1.3968725464446965,True,True,False,0.0,old_waveform
25.655299,1.4420504766171762,True,True,False,0.0,old_waveform
25.6608545,1.4835196770601198,True,True,False,0.0,old_waveform
25.66641,1.5208726306847369,True,True,False,0.0,old_waveform
25.6719655,1.553715699237181,True,True,False,0.0,old_waveform
25.677521,1.5816741928103712,True,True,False,0.0,old_waveform
25.6830765,1.6043974879683334,True,True,False,0.0,old_waveform
25.688632,1.6215640998890453,True,True,False,0.0,old_waveform
25.6941875,1.6328865826619268,True,True,False,0.0,old_waveform
25.699743,1.63811607439177,True,True,False,0.0,old_waveform
25.7052985,1.6370462125599232,True,True,False,0.0,old_waveform
25.710854,1.6295163104759702,True,True,False,0.0,old_waveform
25.7164095,1.6154141465018796,True,True,False,0.0,old_waveform
25.721965,1.594678799308089,True,True,False,0.0,old_waveform
25.7275205,1.5673033733970014,True,True,False,0.0,old_waveform
25.733076,1.5333370242111772,True,True,False,0.0,old_waveform
25.7386315,1.4928859482666332,True,True,False,0.0,old_waveform
25.744187,1.4461134228149497,True,True,False,0.0,old_waveform
25.7497425,1.3932390936073633,True,True,False,0.0,old_waveform
25.755298,1.3345376490084029,True,True,False,0.0,old_waveform
25.7608535,1.2703369712057868,True,True,False,0.0,old_waveform
25.766409,1.2010157549844258,True,True,False,0.0,old_waveform
25.7719645,1.1270003053169588,True,True,False,0.0,old_waveform
25.77752,1.048760012874836,True,True,False,0.0,old_waveform
25.7830755,0.966801292373744,True,True,False,0.0,old_waveform
25.788631,0.8816603374483546,True,True,False,0.0,old_waveform
25.7941865,0.7938953054328383,True,True,False,0.0,old_waveform
25.799742,0.7040784532948888,True,True,False,0.0,old_waveform
25.8052975,0.6127885739971983,True,True,False,0.0,old_waveform
25.810853,0.5206039019032791,True,True,False,0.0,old_waveform
25.8164085,0.4280954151261229,True,True,False,0.0,old_waveform
25.821964,0.3358201794218291,True,True,False,0.0,old_waveform
25.8275195,0.2443143300929318,True,True,False,0.0,old_waveform
25.833075,0.1540856968636904,True,True,False,0.0,old_waveform
25.8386305,0.0656065376360967,True,True,False,0.0,old_waveform
25.844186,-0.0206931026193224,True,True,False,0.0,old_waveform
25.8497415,-0.1044309847894055,True,True,False,0.0,old_waveform
25.855297,-0.1852767624149716,True,True,False,0.0,old_waveform
25.8608525,-0.2629542808406152,True,True,False,0.0,old_waveform
25.866408,-0.3372422325506945,True,True,False,0.0,old_waveform
25.8719635,-0.4079734160513451,True,True,False,0.0,old_waveform
25.877519,-0.475032564562744,True,True,False,0.0,old_waveform
25.8830745,-0.5383527097284597,True,True,False,0.0,old_waveform
25.88863,-0.5979105223935339,True,True,False,0.0,old_waveform
25.8941855,-0.6537213845605975,True,True,False,0.0,old_waveform
25.899741,-0.7058346529510473,True,True,False,0.0,old_waveform
25.9052965,-0.7543290214032738,True,True,False,0.0,old_waveform
25.910852,-0.799307668481125,True,True,False,0.0,old_waveform
25.9164075,-0.8408931491061338,True,True,False,0.0,old_waveform
25.921963,-0.8792223489316052,True,True,False,0.0,old_waveform
25.9275185,-0.9144418444125568,True,True,False,0.0,old_waveform
25.933074,-0.9467037509463792,True,True,False,0.0,old_waveform
25.9386295,-0.976161900826876,True,True,False,0.0,old_waveform
25.944185,-1.0029681919883215,True,True,False,0.0,old_waveform
25.9497405,-1.0272691516620136,True,True,False,0.0,old_waveform
25.955296,-1.049202856241326,True,True,False,0.0,old_waveform
25.9608515,-1.0688962230163734,True,True,False,0.0,old_waveform
25.966407,-1.0864626238963857,True,True,False,0.0,old_waveform
25.9719625,-1.101999891686909,True,True,False,0.0,old_waveform
25.977518,-1.1155888845132298,True,True,False,0.0,old_waveform
25.9830735,-1.1272927065593172,True,True,False,0.0,old_waveform
25.988629,-1.1371565815584066,True,True,False,0.0,old_waveform
25.9941845,-1.1452083758778917,True,True,False,0.0,old_waveform
25.99974,-1.151459519876642,True,True,False,0.0,old_waveform
26.0052955,-1.1559062416925685,True,True,False,0.0,old_waveform
26.010851,-1.1585326663151536,True,True,False,0.0,old_waveform
26.0164065,-1.159314009207738,True,True,False,0.0,old_waveform
26.021962,-1.1582191118216365,True,True,False,0.0,old_waveform
26.0275175,-1.1552134766512294,True,True,False,0.0,old_waveform
26.033073,-1.1502615145445818,True,True,False,0.0,old_waveform
26.0386285,-1.1433277448860035,True,True,False,0.0,old_waveform
26.044184,-1.134377085700722,True,True,False,0.0,old_waveform
26.0497395,-1.1233745571226386,True,True,False,0.0,old_waveform
26.055295,-1.1102847745981914,True,True,False,0.0,old_waveform
26.0608505,-1.095071626782258,True,True,False,0.0,old_waveform
26.066406,-1.0776984272629475,True,True,False,0.0,old_waveform
26.0719615,-1.0581286167755528,True,True,False,0.0,old_waveform
26.077517,-1.0363269386989105,True,True,False,0.0,old_waveform
26.0830725,-1.0122609830770122,True,True,False,0.0,old_waveform
26.088628,-0.9859030833061236,True,True,False,0.0,old_waveform
26.0941835,-0.9572326324103804,True,True,False,0.0,old_waveform
26.099739,-0.926238734880912,True,True,False,0.0,old_waveform
26.1052945,-0.8929228125671432,True,True,False,0.0,old_waveform
26.11085,-0.8573008367044777,True,True,False,0.0,old_waveform
26.1164055,-0.8194053663912214,True,True,False,0.0,old_waveform
26.121961,-0.7792878141005078,True,True,False,0.0,old_waveform
26.1275165,-0.7370209108166941,True,True,False,0.0,old_waveform
26.133072,-0.6927008437948651,True,True,False,0.0,old_waveform
26.1386275,-0.6464485303794609,True,True,False,0.0,old_waveform
26.144183,-0.5984097501654216,True,True,False,0.0,old_waveform
26.1497385,-0.5487541510613285,True,True,False,0.0,old_waveform
26.155294,-0.4976733919526124,True,True,False,0.0,old_waveform
26.1608495,-0.4453787158688931,True,True,False,0.0,old_waveform
26.166405,-0.3920981056616759,True,True,False,0.0,old_waveform
26.1719605,-0.3380730759268158,True,True,False,0.0,old_waveform
26.177516,-0.283555123760023,True,True,False,0.0,old_waveform
26.1830715,-0.2288019027528056,True,True,False,0.0,old_waveform
26.188627,-0.1740734003601181,True,True,False,0.0,old_waveform
26.1941825,-0.1196285746683099,True,True,False,0.0,old_waveform
26.199738,-0.0657226582704137,True,True,False,0.0,old_waveform
26.2052935,-0.0126048333206748,True,True,False,0.0,old_waveform
26.210849,0.0394841808710955,True,True,False,0.0,old_waveform
26.2164045,0.0903147507305728,True,True,False,0.0,old_waveform
26.22196,0.1396709449317563,True,True,False,0.0,old_waveform
26.2275155,0.1873530193109202,True,True,False,0.0,old_waveform
26.233071,0.2331798907844678,True,True,False,0.0,old_waveform
26.2386265,0.2769915620300265,True,True,False,0.0,old_waveform
26.244182,0.3186510945115168,True,True,False,0.0,old_waveform
26.2497375,0.3580458244945227,True,True,False,0.0,old_waveform
26.255293,0.3950879952905228,True,True,False,0.0,old_waveform
26.2608485,0.4297152776579551,True,True,False,0.0,old_waveform
26.266404,0.4618916117711008,True,True,False,0.0,old_waveform
26.2719595,0.4916084952698794,True,True,False,0.0,old_waveform
26.277515,0.5188863917808847,True,True,False,0.0,old_waveform
26.2830705,0.5437757008950943,True,True,False,0.0,old_waveform
26.288626,0.5663569734417263,True,True,False,0.0,old_waveform
26.2941815,0.5867405245281578,True,True,False,0.0,old_waveform
26.299737,0.6050657232587997,True,True,False,0.0,old_waveform
26.3052925,0.6214998707935028,True,True,False,0.0,old_waveform
26.310848,0.636236262233229,True,True,False,0.0,old_waveform
26.3164035,0.6494911784624431,True,True,False,0.0,old_waveform
26.321959,0.6614998978792979,True,True,False,0.0,old_waveform
26.3275145,0.6725120050764174,True,True,False,0.0,old_waveform
26.33307,0.6827863490410621,True,True,False,0.0,old_waveform
26.3386255,0.6925860669677006,True,True,False,0.0,old_waveform
26.344181,0.702174020882819,True,True,False,0.0,old_waveform
26.3497365,0.7118087002940134,True,True,False,0.0,old_waveform
26.355292,0.721740313946614,True,True,False,0.0,old_waveform
26.3608475,0.732206713155756,True,True,False,0.0,old_waveform
26.366403,0.7434290505364265,True,True,False,0.0,old_waveform
26.3719585,0.7556074693790858,True,True,False,0.0,old_waveform
26.377514,0.7689172188310333,True,True,False,0.0,old_waveform
26.3830695,0.7835052657727688,True,True,False,0.0,old_waveform
26.388625,0.799487139385574,True,True,False,0.0,old_waveform
26.3941805,0.8169437538780029,True,True,False,0.0,old_waveform
26.399736,0.8359181740464562,True,True,False,0.0,old_waveform
26.4052915,0.8564125140039843,True,True,False,0.0,old_waveform
26.410847,0.8783853640186625,True,True,False,0.0,old_waveform
26.4164025,0.9017501808921504,True,True,False,0.0,old_waveform
26.421958,0.9263748016947296,True,True,False,0.0,old_waveform
26.4275135,0.9520818857190484,True,True,False,0.0,old_waveform
26.433069,0.978650109569344,True,True,False,0.0,old_waveform
26.4386245,1.005816317348739,True,True,False,0.0,old_waveform
26.44418,1.0332789505342113,True,True,False,0.0,old_waveform
26.4497355,1.0607027469416157,True,True,False,0.0,old_waveform
26.455291,1.087724450099131,True,True,False,0.0,old_waveform
26.4608465,1.1139593201706055,True,True,False,0.0,old_waveform
26.466402,1.1390082083316466,True,True,False,0.0,old_waveform
26.4719575,1.16246482802659,True,True,False,0.0,old_waveform
26.477513,1.183923004719326,True,True,False,0.0,old_waveform
26.4830685,1.2029840177920903,True,True,False,0.0,old_waveform
26.488624,1.219264176544046,True,True,False,0.0,old_waveform
26.4941795,1.2324024782827068,True,True,False,0.0,old_waveform
26.499735,1.2420679466053155,True,True,False,0.0,old_waveform
26.5052905,1.2479661297550706,True,True,False,0.0,old_waveform
26.510846,1.2498442517685378,True,True,False,0.0,old_waveform
26.5164015,1.2474947525293736,True,True,False,0.0,old_waveform
26.521957,1.240757264026225,True,True,False,0.0,old_waveform
26.5275125,1.2295192970103908,True,True,False,0.0,old_waveform
26.533068,1.2137161453676495,True,True,False,0.0,old_waveform
26.5386235,1.1933305735457775,True,True,False,0.0,old_waveform
26.544179,1.168392475880674,True,True,False,0.0,old_waveform
26.5497345,1.1389781718898084,True,True,False,0.0,old_waveform
26.55529,1.1052088728104834,True,True,False,0.0,old_waveform
26.5608455,1.0672482410351167,True,True,False,0.0,old_waveform
26.566401,1.0252993721900048,True,True,False,0.0,old_waveform
26.5719565,0.9796015076630568,True,True,False,0.0,old_waveform
26.577512,0.9304265528446076,True,True,False,0.0,old_waveform
26.5830675,0.878075389712123,True,True,False,0.0,old_waveform
26.588623,0.8228739304715028,True,True,False,0.0,old_waveform
26.5941785,0.7651687509657497,True,True,False,0.0,old_waveform
26.599734,0.7053222066706806,True,True,False,0.0,old_waveform
26.6052895,0.6437072739049451,True,True,False,0.0,old_waveform
26.610845,0.5807026261709463,True,True,False,0.0,old_waveform
26.6164005,0.5166883219213692,True,True,False,0.0,old_waveform
26.621956,0.4520420716256181,True,True,False,0.0,old_waveform
26.6275115,0.3871357202401743,True,True,False,0.0,old_waveform
26.633067,0.3223315214694783,True,True,False,0.0,old_waveform
26.6386225,0.2579780087133881,True,True,False,0.0,old_waveform
26.644178,0.1944057069261442,True,True,False,0.0,old_waveform
26.6497335,0.1319232309923796,True,True,False,0.0,old_waveform
26.655289,0.0708140965101497,True,True,False,0.0,old_waveform
26.6608445,0.0113341530264813,True,True,False,0.0,old_waveform
26.6664,-0.0462904998703098,True,True,False,0.0,old_waveform
26.6719555,-0.1018650610358508,True,True,False,0.0,old_waveform
26.677511,-0.1552268905480714,True,True,False,0.0,old_waveform
26.6830665,-0.2062456176375292,True,True,False,0.0,old_waveform
26.688622,-0.2548226503070886,True,True,False,0.0,old_waveform
26.6941775,-0.3008904219878814,True,True,False,0.0,old_waveform
26.699733,-0.3444117194404608,True,True,False,0.0,old_waveform
26.7052885,-0.3853792862771794,True,True,False,0.0,old_waveform
26.710844,-0.423815538302605,True,True,False,0.0,old_waveform
26.7163995,-0.4597718677992293,True,True,False,0.0,old_waveform
26.721955,-0.4933270433053852,True,True,False,0.0,old_waveform
26.7275105,-0.5245845272213835,True,True,False,0.0,old_waveform
26.733066,-0.5536687347963789,True,True,False,0.0,old_waveform
26.7386215,-0.5807202816858728,True,True,False,0.0,old_waveform
26.744177,-0.6058903053835082,True,True,False,0.0,old_waveform
26.7497325,-0.6293340796254582,True,True,False,0.0,old_waveform
26.755288,-0.6512042356099443,True,True,False,0.0,old_waveform
26.7608435,-0.6716439292230492,True,True,False,0.0,old_waveform
26.766399,-0.690780486184213,True,True,False,0.0,old_waveform
26.7719545,-0.7087202708290459,True,True,False,0.0,old_waveform
26.77751,-0.7255452779556201,True,True,False,0.0,old_waveform
26.7830655,-0.7413114213691682,True,True,False,0.0,old_waveform
26.788621,-0.7560482925463151,True,True,False,0.0,old_waveform
26.7941765,-0.7697603160838354,True,True,False,0.0,old_waveform
26.799732,-0.7824292267557059,True,True,False,0.0,old_waveform
26.8052875,-0.7940173994022606,True,True,False,0.0,old_waveform
26.810843,-0.8044711990874359,True,True,False,0.0,old_waveform
26.8163985,-0.8137236584059434,True,True,False,0.0,old_waveform
26.821954,-0.8216963358827655,True,True,False,0.0,old_waveform
26.8275095,-0.8283007378457448,True,True,False,0.0,old_waveform
26.833065,-0.8334398084824356,True,True,False,0.0,old_waveform
26.8386205,-0.8370096459354746,True,True,False,0.0,old_waveform
26.844176,-0.8389012610043518,True,True,False,0.0,old_waveform
26.8497315,-0.8390023055106007,True,True,False,0.0,old_waveform
26.855287,-0.8371990578255682,True,True,False,0.0,old_waveform
26.8608425,-0.8333790279009644,True,True,False,0.0,old_waveform
26.866398,-0.8274341767607859,True,True,False,0.0,old_waveform
26.8719535,-0.819264406639328,True,True,False,0.0,old_waveform
26.877509,-0.8087810338067368,True,True,False,0.0,old_waveform
26.8830645,-0.7959100559125531,True,True,False,0.0,old_waveform
26.88862,-0.7805948904849576,True,True,False,0.0,old_waveform
26.8941755,-0.7627982600805177,True,True,False,0.0,old_waveform
26.899731,-0.7425032427128444,True,True,False,0.0,old_waveform
26.9052865,-0.7197138556105545,True,True,False,0.0,old_waveform
26.910842,-0.6944555597299331,True,True,False,0.0,old_waveform
26.9163975,-0.6667757132205749,True,True,False,0.0,old_waveform
26.921953,-0.6367436016850636,True,True,False,0.0,old_waveform
26.9275085,-0.6044497514732999,True,True,False,0.0,old_waveform
26.933064,-0.5700046751501491,True,True,False,0.0,old_waveform
26.9386195,-0.5335373341517397,True,True,False,0.0,old_waveform
26.944175,-0.4951933991201703,True,True,False,0.0,old_waveform
26.9497305,-0.4551333855856802,True,True,False,0.0,old_waveform
26.955286,-0.4135308763784628,True,True,False,0.0,old_waveform
26.9608415,-0.3705708817459514,True,True,False,0.0,old_waveform
26.966397,-0.3264481497181415,True,True,False,0.0,old_waveform
26.9719525,-0.2813653278375999,True,True,False,0.0,old_waveform
26.977508,-0.2355310542392927,True,True,False,0.0,old_waveform
26.9830635,-0.189158008085571,True,True,False,0.0,old_waveform
26.988619,-0.1424608988019138,True,True,False,0.0,old_waveform
26.9941745,-0.0956544977471011,True,True,False,0.0,old_waveform
26.99973,-0.0489520018189691,True,True,False,0.0,old_waveform
27.0052855,-0.0025636056697206,True,True,False,0.0,old_waveform
27.010841,0.0433046302969542,True,True,False,0.0,old_waveform
27.0163965,0.0884517336579563,True,True,False,0.0,old_waveform
27.021952,0.1326828493849583,True,True,False,0.0,old_waveform
27.0275075,0.1758101003131316,True,True,False,0.0,old_waveform
27.033063,0.2176533603829663,True,True,False,0.0,old_waveform
27.0386185,0.2580411943047769,True,True,False,0.0,old_waveform
27.044174,0.2968121655997873,True,True,False,0.0,old_waveform
27.0497295,0.3338165186737108,True,True,False,0.0,old_waveform
27.055285,0.3689180782049509,True,True,False,0.0,old_waveform
27.0608405,0.4019961309919947,True,True,False,0.0,old_waveform
27.066396,0.4329470037802782,True,True,False,0.0,old_waveform
27.0719515,0.4616850892852114,True,True,False,0.0,old_waveform
27.077507,0.4881433381934594,True,True,False,0.0,old_waveform
27.0830625,0.5122735834362454,True,True,False,0.0,old_waveform
27.088618,0.5340471871526666,True,True,False,0.0,old_waveform
27.0941735,0.5534562671422153,True,True,False,0.0,old_waveform
27.099729,0.5705153665976737,True,True,False,0.0,old_waveform
27.1052845,0.5852631982847323,True,True,False,0.0,old_waveform
27.11084,0.5977640712245246,True,True,False,0.0,old_waveform
27.1163955,0.6081087067367974,True,True,False,0.0,old_waveform
27.121951,0.6164143709660265,True,True,False,0.0,old_waveform
27.1275065,0.6228244756393929,True,True,False,0.0,old_waveform
27.133062,0.6275078121573567,True,True,False,0.0,old_waveform
27.1386175,0.6306574011279628,True,True,False,0.0,old_waveform
27.144173,0.6324887899097141,True,True,False,0.0,old_waveform
27.1497285,0.6332376338658752,True,True,False,0.0,old_waveform
27.155284,0.6331564691728878,True,True,False,0.0,old_waveform
27.1608395,0.6325106305225469,True,True,False,0.0,old_waveform
27.166395,0.6315733081616656,True,True,False,0.0,old_waveform
27.1719505,0.6306198410533198,True,True,False,0.0,old_waveform
27.177506,0.6299214509018777,True,True,False,0.0,old_waveform
27.1830615,0.6297386680993724,True,True,False,0.0,old_waveform
27.188617,0.6303148349627392,True,True,False,0.0,old_waveform
27.1941725,0.6318702769554866,True,True,False,0.0,old_waveform
27.199728,0.6345975976814661,True,True,False,0.0,old_waveform
27.2052835,0.6386580419308293,True,True,False,0.0,old_waveform
27.210839,0.6441785645624842,True,True,False,0.0,old_waveform
27.2163945,0.6512493889118847,True,True,False,0.0,old_waveform
27.22195,0.6599220382574401,True,True,False,0.0,old_waveform
27.2275055,0.670207845764616,True,True,False,0.0,old_waveform
27.233061,0.6820769736804632,True,True,False,0.0,old_waveform
27.2386165,0.695458075104167,True,True,False,0.0,old_waveform
27.244172,0.710238766568909,True,True,False,0.0,old_waveform
27.2497275,0.7262669268598595,True,True,False,0.0,old_waveform
27.255283,0.743352611302428,True,True,False,0.0,old_waveform
27.2608385,0.7612704280136713,True,True,False,0.0,old_waveform
27.266394,0.7797625875496083,True,True,False,0.0,old_waveform
27.2719495,0.7985429565016636,True,True,False,0.0,old_waveform
27.277505,0.81730204384835,True,True,False,0.0,old_waveform
27.2830605,0.8357123760218558,True,True,False,0.0,old_waveform
27.288616,0.8534336476718731,True,True,False,0.0,old_waveform
27.2941715,0.8701173648637246,True,True,False,0.0,old_waveform
27.299727,0.8854111030721432,True,True,False,0.0,old_waveform
27.3052825,0.8989626502197701,True,True,False,0.0,old_waveform
27.310838,0.9104241832966452,True,True,False,0.0,old_waveform
27.3163935,0.9194564787146864,True,True,False,0.0,old_waveform
27.321949,0.925733084545927,True,True,False,0.0,old_waveform
27.3275045,0.9289444449993772,True,True,False,0.0,old_waveform
27.33306,0.9288021851353578,True,True,False,0.0,old_waveform
27.3386155,0.9250438141037844,True,True,False,0.0,old_waveform
27.344171,0.9174377913481429,True,True,False,0.0,old_waveform
27.3497265,0.9057886149534627,True,True,False,0.0,old_waveform
27.355282,0.8899416262319861,True,True,False,0.0,old_waveform
27.3608375,0.8697873400286235,True,True,False,0.0,old_waveform
27.366393,0.8452651022668843,True,True,False,0.0,old_waveform
27.3719485,0.8163658487149841,True,True,False,0.0,old_waveform
27.377504,0.7831338490403542,True,True,False,0.0,old_waveform
27.3830595,0.7456675012565523,True,True,False,0.0,old_waveform
27.388615,0.7041192380600015,True,True,False,0.0,old_waveform
27.3941705,0.6586944495809149,True,True,False,0.0,old_waveform
27.399726,0.6096492865181443,True,True,False,0.0,old_waveform
27.4052815,0.5572873213351157,True,True,False,0.0,old_waveform
27.410837,0.5019552238201596,True,True,False,0.0,old_waveform
27.4163925,0.4440377526495213,True,True,False,0.0,old_waveform
27.421948,0.3839523572362126,True,True,False,0.0,old_waveform
27.4275035,0.3221435458327369,True,True,False,0.0,old_waveform
27.433059,0.259077014073813,True,True,False,0.0,old_waveform
27.4386145,0.1952334785939645,True,True,False,0.0,old_waveform
27.44417,0.1311022693965286,True,True,False,0.0,old_waveform
27.4497255,0.0671747939664197,True,True,False,0.0,old_waveform
27.455281,0.0039378891606677,True,True,False,0.0,old_waveform
27.4608365,-0.0581329989298945,True,True,False,0.0,old_waveform
27.466392,-0.1185808299949587,True,True,False,0.0,old_waveform
27.4719475,-0.1769740786488745,True,True,False,0.0,old_waveform
27.477503,-0.2329136437005837,True,True,False,0.0,old_waveform
27.4830585,-0.286039147876182,True,True,False,0.0,old_waveform
27.488614,-0.3360342912120508,True,True,False,0.0,old_waveform
27.4941695,-0.3826310113538513,True,True,False,0.0,old_waveform
27.499725,-0.4256122112904527,True,True,False,0.0,old_waveform
27.5052805,-0.4648129897113395,True,True,False,0.0,old_waveform
27.510836,-0.5001207156639557,True,True,False,0.0,old_waveform
27.5163915,-0.531474490909776,True,True,False,0.0,old_waveform
27.521947,-0.558864317367989,True,True,False,0.0,old_waveform
27.5275025,-0.5823299789269569,True,True,False,0.0,old_waveform
27.533058,-0.6019594991417819,True,True,False,0.0,old_waveform
27.5386135,-0.6178869334563718,True,True,False,0.0,old_waveform
27.544169,-0.6302892034876287,True,True,False,0.0,old_waveform
27.5497245,-0.639381851229336,True,True,False,0.0,old_waveform
27.55528,-0.6454139214477496,True,True,False,0.0,old_waveform
27.5608355,-0.6486623656841173,True,True,False,0.0,old_waveform
27.566391,-0.6494262140680808,True,True,False,0.0,old_waveform
27.5719465,-0.6480204827332429,True,True,False,0.0,old_waveform
27.577502,-0.6447697981428266,True,True,False,0.0,old_waveform
27.5830575,-0.6400020843268769,True,True,False,0.0,old_waveform
27.588613,-0.634042837221439,True,True,False,0.0,old_waveform
27.5941685,-0.62721015505268,True,True,False,0.0,old_waveform
27.599724,-0.6198102570859448,True,True,False,0.0,old_waveform
27.6052795,-0.6121332385124729,True,True,False,0.0,old_waveform
27.610835,-0.6044491260986833,True,True,False,0.0,old_waveform
27.6163905,-0.5970044403263254,True,True,False,0.0,old_waveform
27.621946,-0.5900193846926104,True,True,False,0.0,old_waveform
27.6275015,-0.5836857285075303,True,True,False,0.0,old_waveform
27.633057,-0.5781653216769459,True,True,False,0.0,old_waveform
27.6386125,-0.5735888428030973,True,True,False,0.0,old_waveform
27.644168,-0.5700542800310879,True,True,False,0.0,old_waveform
27.6497235,-0.5676250961258765,True,True,False,0.0,old_waveform
27.655279,-0.5663285882395718,True,True,False,0.0,old_waveform
27.6608345,-0.5661551483031406,True,True,False,0.0,old_waveform
27.66639,-0.5670589682665514,True,True,False,0.0,old_waveform
27.6719455,-0.5689602624363331,True,True,False,0.0,old_waveform
27.677501,-0.5717484665192422,True,True,False,0.0,old_waveform
27.6830565,-0.5752856608183469,True,True,False,0.0,old_waveform
27.688612,-0.5794097961832472,True,True,False,0.0,old_waveform
27.6941675,-0.5839376180883524,True,True,False,0.0,old_waveform
27.699723,-0.5886671956500287,True,True,False,0.0,old_waveform
27.7052785,-0.5933799663873662,True,True,False,0.0,old_waveform
27.710834,-0.5978424265326288,True,True,False,0.0,old_waveform
27.7163895,-0.6018079211543952,True,True,False,0.0,old_waveform
27.721945,-0.605019112725784,True,True,False,0.0,old_waveform
27.7275005,-0.6072113828958449,True,True,False,0.0,old_waveform
27.733056,-0.6081169368581448,True,True,False,0.0,old_waveform
27.7386115,-0.6074692428704288,True,True,False,0.0,old_waveform
27.744167,-0.605007602258862,True,True,False,0.0,old_waveform
27.7497225,-0.600481827377046,True,True,False,0.0,old_waveform
27.755278,-0.5936572100401929,True,True,False,0.0,old_waveform
27.7608335,-0.5843200665457642,True,True,False,0.0,old_waveform
27.766389,-0.5722837640038282,True,True,False,0.0,old_waveform
27.7719445,-0.5573944423461327,True,True,False,0.0,old_waveform
27.7775,-0.5395355120190761,True,True,False,0.0,old_waveform
27.7830555,-0.5186306459994509,True,True,False,0.0,old_waveform
27.788611,-0.4946455610500739,True,True,False,0.0,old_waveform
27.7941665,-0.4675888752066072,True,True,False,0.0,old_waveform
27.799722,-0.4375120776676579,True,True,False,0.0,old_waveform
27.8052775,-0.4045085217040848,True,True,False,0.0,old_waveform
27.810833,-0.3687113368963891,True,True,False,0.0,old_waveform
27.8163885,-0.3302901780481651,True,True,False,0.0,old_waveform
27.821944,-0.2894467702633715,True,True,False,0.0,old_waveform
27.8274995,-0.2464092192860679,True,True,False,0.0,old_waveform
27.833055,-0.201425125652173,True,True,False,0.0,old_waveform
27.8386105,-0.1547538470872257,True,True,False,0.0,old_waveform
27.844166,-0.1066586071192056,True,True,False,0.0,old_waveform
27.8497215,-0.0573991682700694,True,True,False,0.0,old_waveform
27.855277,-0.0072254809016702,True,True,False,0.0,old_waveform
27.8608325,0.0436275837756732,True,True,False,0.0,old_waveform
27.866388,0.0949444115705527,True,True,False,0.0,old_waveform
27.8719435,0.146531677374458,True,True,False,0.0,old_waveform
27.877499,0.1982201927001383,True,True,False,0.0,old_waveform
27.8830545,0.2498658008449201,True,True,False,0.0,old_waveform
27.88861,0.301349773294362,True,True,False,0.0,old_waveform
27.8941655,0.3525789656712318,True,True,False,0.0,old_waveform
27.899721,0.4034856057574137,True,True,False,0.0,old_waveform
27.9052765,0.4540263164366204,True,True,False,0.0,old_waveform
27.910832,0.5041798575456321,True,True,False,0.0,old_waveform
27.9163875,0.5539433121396683,True,True,False,0.0,old_waveform
27.921943,0.6033270745586568,True,True,False,0.0,old_waveform
27.9274985,0.6523493943114644,True,True,False,0.0,old_waveform
27.933054,0.7010310482739618,True,True,False,0.0,old_waveform
27.9386095,0.7493903958218902,True,True,False,0.0,old_waveform
27.944165,0.7974389527271994,True,True,False,0.0,old_waveform
27.9497205,0.8451776759726238,True,True,False,0.0,old_waveform
27.955276,0.8925942353767491,True,True,False,0.0,old_waveform
27.9608315,0.93966136801039,True,True,False,0.0,old_waveform
27.966387,0.9863360398540184,True,True,False,0.0,old_waveform
27.9719425,1.0325590478562667,True,True,False,0.0,old_waveform
27.977498,1.0782549482356336,True,True,False,0.0,old_waveform
27.9830535,1.1233324010689851,True,True,False,0.0,old_waveform
27.988609,1.1676849235024498,True,True,False,0.0,old_waveform
27.9941645,1.2111917790909494,True,True,False,0.0,old_waveform
27.99972,1.2537186454501017,True,True,False,0.0,old_waveform
28.0052755,1.2951177577127964,True,True,False,0.0,old_waveform
28.010831,1.335228513383134,True,True,False,0.0,old_waveform
28.0163865,1.3738782431804717,True,True,False,0.0,old_waveform
28.021942,1.4108825025525686,True,True,False,0.0,old_waveform
28.0274975,1.446045675072838,True,True,False,0.0,old_waveform
28.033053,1.4791617913916533,True,True,False,0.0,old_waveform
28.0386085,1.5100158428152382,True,True,False,0.0,old_waveform
28.044164,1.538385666851818,True,True,False,0.0,old_waveform
28.0497195,1.5640442747151455,True,True,False,0.0,old_waveform
28.055275,1.586762565996403,True,True,False,0.0,old_waveform
28.0608305,1.606312530100761,True,True,False,0.0,old_waveform
28.066386,1.6224709109393818,True,True,False,0.0,old_waveform
28.0719415,1.63502296203221,True,True,False,0.0,old_waveform
28.077497,1.6437657662828828,True,True,False,0.0,old_waveform
28.0830525,1.6485109144448982,True,True,False,0.0,old_waveform
28.088608,1.6490868639179992,True,True,False,0.0,old_waveform
28.0941635,1.64534141894833,True,True,False,0.0,old_waveform
28.099719,1.6371443219354054,True,True,False,0.0,old_waveform
28.1052745,1.6243895177850871,True,True,False,0.0,old_waveform
28.11083,1.6069967549018491,True,True,False,0.0,old_waveform
28.1163855,1.584912600666783,True,True,False,0.0,old_waveform
28.121941,1.558111149190078,True,True,False,0.0,old_waveform
28.1274965,1.5265945262330134,True,True,False,0.0,old_waveform
28.133052,1.4903930959857092,True,True,False,0.0,old_waveform
28.1386075,1.4495653321338513,True,True,False,0.0,old_waveform
28.144163,1.404197406508544,True,True,False,0.0,old_waveform
28.1497185,1.3544024296909771,True,True,False,0.0,old_waveform
28.155274,1.300319240579476,True,True,False,0.0,old_waveform
28.1608295,1.2421108855312126,True,True,False,0.0,old_waveform
28.166385,1.1799630582696972,True,True,False,0.0,old_waveform
28.1719405,1.1140826456380497,True,True,False,0.0,old_waveform
28.177496,1.0446964966742356,True,True,False,0.0,old_waveform
28.1830515,0.9720506001706554,True,True,False,0.0,old_waveform
28.188607,0.8964097036605014,True,True,False,0.0,old_waveform
28.1941625,0.8180570975281781,True,True,False,0.0,old_waveform
28.199718,0.737294191669315,True,True,False,0.0,old_waveform
28.2052735,0.6544397185697249,True,True,False,0.0,old_waveform
28.210829,0.5698286140369045,True,True,False,0.0,old_waveform
28.2163845,0.4838106820451105,True,True,False,0.0,old_waveform
28.22194,0.3967491097368082,True,True,False,0.0,old_waveform
28.2274955,0.3090188148425892,True,True,False,0.0,old_waveform
28.233051,0.2210044848747857,True,True,False,0.0,old_waveform
28.2386065,0.1330981213335338,True,True,False,0.0,old_waveform
28.244162,0.0456961436833717,True,True,False,0.0,old_waveform
28.2497175,-0.0408035816524564,True,True,False,0.0,old_waveform
28.255273,-0.1260045015425092,True,True,False,0.0,old_waveform
28.2608285,-0.2095139857094504,True,True,False,0.0,old_waveform
28.266384,-0.2909461216543071,True,True,False,0.0,old_waveform
28.2719395,-0.3699251163126101,True,True,False,0.0,old_waveform
28.277495,-0.4460894639136131,True,True,False,0.0,old_waveform
28.2830505,-0.5190965841947422,True,True,False,0.0,old_waveform
28.288606,-0.588627426032348,True,True,False,0.0,old_waveform
28.2941615,-0.6543905901642785,True,True,False,0.0,old_waveform
28.299717,-0.7161256322642207,True,True,False,0.0,old_waveform
28.3052725,-0.7736053887367232,True,True,False,0.0,old_waveform
28.310828,-0.8266374256336174,True,True,False,0.0,old_waveform
28.3163835,-0.8750648445858281,True,True,False,0.0,old_waveform
28.321939,-0.918766628361178,True,True,False,0.0,old_waveform
28.3274945,-0.957657700140058,True,True,False,0.0,old_waveform
28.33305,-0.9916890428949596,True,True,False,0.0,old_waveform
28.3386055,-1.0208482779903911,True,True,False,0.0,old_waveform
28.344161,-1.045160760850753,True,True,False,0.0,old_waveform
28.3497165,-1.064690832939859,True,True,False,0.0,old_waveform
28.355272,-1.079542699503782,True,True,False,0.0,old_waveform
28.3608275,-1.0898603304577592,True,True,False,0.0,old_waveform
28.366383,-1.0958257940745444,True,True,False,0.0,old_waveform
28.3719385,-1.0976558430122132,True,True,False,0.0,old_waveform
28.377494,-1.0955972535231382,True,True,False,0.0,old_waveform
28.3830495,-1.0899217599592397,True,True,False,0.0,old_waveform
28.388605,-1.0809212278199123,True,True,False,0.0,old_waveform
28.3941605,-1.0689032757814625,True,True,False,0.0,old_waveform
28.399716,-1.0541871961487563,True,True,False,0.0,old_waveform
28.4052715,-1.0370998959976512,True,True,False,0.0,old_waveform
28.410827,-1.01797161462623,True,True,False,0.0,old_waveform
28.4163825,-0.997131242637902,True,True,False,0.0,old_waveform
28.421938,-0.9749012369908912,True,True,False,0.0,old_waveform
28.4274935,-0.95159238763609,True,True,False,0.0,old_waveform
28.433049,-0.9274989036288344,True,True,False,0.0,old_waveform
28.4386045,-0.90289438096297,True,True,False,0.0,old_waveform
28.44416,-0.8780290812575752,True,True,False,0.0,old_waveform
28.4497155,-0.853128503375745,True,True,False,0.0,old_waveform
28.455271,-0.8283927855120862,True,True,False,0.0,old_waveform
28.4608265,-0.8039964477791994,True,True,False,0.0,old_waveform
28.466382,-0.7800882828395036,True,True,False,0.0,old_waveform
28.4719375,-0.7567914488490964,True,True,False,0.0,old_waveform
28.477493,-0.7342038401306582,True,True,False,0.0,old_waveform
28.4830485,-0.7123987291156487,True,True,False,0.0,old_waveform
28.488604,-0.6914256797905636,True,True,False,0.0,old_waveform
28.4941595,-0.671311761559442,True,True,False,0.0,old_waveform
28.499715,-0.6520629786418091,True,True,False,0.0,old_waveform
28.5052705,-0.6336656730456365,True,True,False,0.0,old_waveform
28.510826,-0.6160876977697085,True,True,False,0.0,old_waveform
28.5163815,-0.5992794221436896,True,True,False,0.0,old_waveform
28.521937,-0.5831748342005221,True,True,False,0.0,old_waveform
28.5274925,-0.5676929422022389,True,True,False,0.0,old_waveform
28.533048,-0.5527396144183729,True,True,False,0.0,old_waveform
28.5386035,-0.5382100270665917,True,True,False,0.0,old_waveform
28.544159,-0.5239916665573765,True,True,False,0.0,old_waveform
28.5497145,-0.5099675590527091,True,True,False,0.0,old_waveform
28.55527,-0.4960195140526979,True,True,False,0.0,old_waveform
28.5608255,-0.4820312982356025,True,True,False,0.0,old_waveform
28.566381,-0.4678914985977898,True,True,False,0.0,old_waveform
28.5719365,-0.4534958064965866,True,True,False,0.0,old_waveform
28.577492,-0.438748719055857,True,True,False,0.0,old_waveform
28.5830475,-0.423564776882836,True,True,False,0.0,old_waveform
28.588603,-0.4078692598034211,True,True,False,0.0,old_waveform
28.5941585,-0.3915982133333221,True,True,False,0.0,old_waveform
28.599714,-0.3746980153210782,True,True,False,0.0,old_waveform
28.6052695,-0.3571248574968167,True,True,False,0.0,old_waveform
28.610825,-0.3388441604441484,True,True,False,0.0,old_waveform
28.6163805,-0.3198295933045354,True,True,False,0.0,old_waveform
28.621936,-0.3000614551945834,True,True,False,0.0,old_waveform
28.6274915,-0.2795243532596101,True,True,False,0.0,old_waveform
28.633047,-0.2582041042702019,True,True,False,0.0,old_waveform
28.6386025,-0.2360839209410075,True,True,False,0.0,old_waveform
28.644158,-0.2131403733953086,True,True,False,0.0,old_waveform
28.6497135,-0.1893398742849861,True,True,False,0.0,old_waveform
28.655269,-0.1646362870801885,True,True,False,0.0,old_waveform
28.6608245,-0.1389699952204523,True,True,False,0.0,old_waveform
28.66638,-0.1122684650750523,True,True,False,0.0,old_waveform
28.6719355,-0.0844479577284849,True,True,False,0.0,old_waveform
28.677491,-0.0554159645065346,True,True,False,0.0,old_waveform
28.6830465,-0.0250742125036535,True,True,False,0.0,old_waveform
28.688602,0.0066777973113874,True,True,False,0.0,old_waveform
28.6941575,0.0399388809656704,True,True,False,0.0,old_waveform
28.699713,0.0748021259383091,True,True,False,0.0,old_waveform
28.7052685,0.1113509789531103,True,True,False,0.0,old_waveform
28.710824,0.1496557769582943,True,True,False,0.0,old_waveform
28.7163795,0.1897709702091324,True,True,False,0.0,old_waveform
28.721935,0.2317330466123301,True,True,False,0.0,old_waveform
28.7274905,0.2755588002161546,True,True,False,0.0,old_waveform
28.733046,0.3212435196632524,True,True,False,0.0,old_waveform
28.7386015,0.3687590971963916,True,True,False,0.0,old_waveform
28.744157,0.4180523722831817,True,True,False,0.0,old_waveform
28.7497125,0.4690438989072242,True,True,False,0.0,old_waveform
28.755268,0.5216271327226935,True,True,False,0.0,old_waveform
28.7608235,0.5756678786146954,True,True,False,0.0,old_waveform
28.766379,0.6310036772861992,True,True,False,0.0,old_waveform
28.7719345,0.6874429960633581,True,True,False,0.0,old_waveform
28.77749,0.7447646430682348,True,True,False,0.0,old_waveform
28.7830455,0.8027180325086662,True,True,False,0.0,old_waveform
28.788601,0.8610244619504671,True,True,False,0.0,old_waveform
28.7941565,0.9193790561690568,True,True,False,0.0,old_waveform
28.799712,0.9774530290605706,True,True,False,0.0,old_waveform
28.8052675,1.034896183338269,True,True,False,0.0,old_waveform
28.810823,1.091339743719975,True,True,False,0.0,old_waveform
28.8163785,1.1463996194164676,True,True,False,0.0,old_waveform
28.821934,1.1996800031883048,True,True,False,0.0,old_waveform
28.8274895,1.2507769813721454,True,True,False,0.0,old_waveform
28.833045,1.299281880313993,True,True,False,0.0,old_waveform
28.8386005,1.3447844609837154,True,True,False,0.0,old_waveform
28.844156,1.386876450254848,True,True,False,0.0,old_waveform
28.8497115,1.4251559393491426,True,True,False,0.0,old_waveform
28.855267,1.4592328761086069,True,True,False,0.0,old_waveform
28.8608225,1.4887354366748466,True,True,False,0.0,old_waveform
28.866378,1.5133167230574038,True,True,False,0.0,old_waveform
28.8719335,1.532661160280189,True,True,False,0.0,old_waveform
28.877489,1.5464900908499082,True,True,False,0.0,old_waveform
28.8830445,1.5545662504920723,True,True,False,0.0,old_waveform
28.8886,1.5566971219217964,True,True,False,0.0,old_waveform
28.8941555,1.5527375312654956,True,True,False,0.0,old_waveform
28.899711,1.542591967963406,True,True,False,0.0,old_waveform
28.9052665,1.5262169054909631,True,True,False,0.0,old_waveform
28.910822,1.5036230655233542,True,True,False,0.0,old_waveform
28.9163775,1.474877275110732,True,True,False,0.0,old_waveform
28.921933,1.440103473143139,True,True,False,0.0,old_waveform
28.9274885,1.3994826011664774,True,True,False,0.0,old_waveform
28.933044,1.3532514289790425,True,True,False,0.0,old_waveform
28.9385995,1.3017005545849578,True,True,False,0.0,old_waveform
28.944155,1.245171729678258,True,True,False,0.0,old_waveform
28.9497105,1.1840544670078088,True,True,False,0.0,old_waveform
28.955266,1.118781825213766,True,True,False,0.0,old_waveform
28.9608215,1.0498252957112977,True,True,False,0.0,old_waveform
28.966377,0.9776887766619958,True,True,False,0.0,old_waveform
28.9719325,0.9029017690507478,True,True,False,0.0,old_waveform
28.977488,0.8260120132562817,True,True,False,0.0,old_waveform
28.9830435,0.7475777076951903,True,True,False,0.0,old_waveform
28.988599,0.6681594965209554,True,True,False,0.0,old_waveform
28.9941545,0.5883126433564019,True,True,False,0.0,old_waveform
28.99971,0.5085801510153866,True,True,False,0.0,old_waveform
29.0052655,0.4294864537360572,True,True,False,0.0,old_waveform
29.010821,0.3515320833483044,True,True,False,0.0,old_waveform
29.0163765,0.2751899338445459,True,True,False,0.0,old_waveform
29.021932,0.2009024465012498,True,True,False,0.0,old_waveform
29.0274875,0.1290794758058076,True,True,False,0.0,old_waveform
29.033043,0.0600971603494734,True,True,False,0.0,old_waveform
29.0385985,-0.0057024469554933,True,True,False,0.0,old_waveform
29.044154,-0.0680116900706473,True,True,False,0.0,old_waveform
29.0497095,-0.126558023729689,True,True,False,0.0,old_waveform
29.055265,-0.1811049941489661,True,True,False,0.0,old_waveform
29.0608205,-0.2314531127823569,True,True,False,0.0,old_waveform
29.066376,-0.2774403263192758,True,True,False,0.0,old_waveform
29.0719315,-0.3189419770335417,True,True,False,0.0,old_waveform
29.077487,-0.3558704396496485,True,True,False,0.0,old_waveform
29.0830425,-0.3881746982838557,True,True,False,0.0,old_waveform
29.088598,-0.4158398921386728,True,True,False,0.0,old_waveform
29.0941535,-0.4388868049299992,True,True,False,0.0,old_waveform
29.099709,-0.4573715071930007,True,True,False,0.0,old_waveform
29.1052645,-0.4713854156123016,True,True,False,0.0,old_waveform
29.11082,-0.4810557196780772,True,True,False,0.0,old_waveform
29.1163755,-0.48654568632965,True,True,False,0.0,old_waveform
29.121931,-0.4880541795013414,True,True,False,0.0,old_waveform
29.1274865,-0.4858140462576846,True,True,False,0.0,old_waveform
29.133042,-0.4800895758394717,True,True,False,0.0,old_waveform
29.1385975,-0.4711735432561796,True,True,False,0.0,old_waveform
29.144153,-0.459384158396463,True,True,False,0.0,old_waveform
29.1497085,-0.4450617762330007,True,True,False,0.0,old_waveform
29.155264,-0.4285648910977919,True,True,False,0.0,old_waveform
29.1608195,-0.4102649297252547,True,True,False,0.0,old_waveform
29.166375,-0.3905397222457698,True,True,False,0.0,old_waveform
29.1719305,-0.369766136313692,True,True,False,0.0,old_waveform
29.177486,-0.348312807255539,True,True,False,0.0,old_waveform
29.1830415,-0.3265339069384773,True,True,False,0.0,old_waveform
29.188597,-0.3047645069656337,True,True,False,0.0,old_waveform
29.1941525,-0.2833175736553416,True,True,False,0.0,old_waveform
29.199708,-0.2624823244798426,True,True,False,0.0,old_waveform
29.2052635,-0.2425236598288847,True,True,False,0.0,old_waveform
29.210819,-0.223682461476823,True,True,False,0.0,old_waveform
29.2163745,-0.2061765592054452,True,True,False,0.0,old_waveform
29.22193,-0.190202077505606,True,True,False,0.0,old_waveform
29.2274855,-0.1759347790958371,True,True,False,0.0,old_waveform
29.233041,-0.1635310537273594,True,True,False,0.0,old_waveform
29.2385965,-0.1531282857116337,True,True,False,0.0,old_waveform
29.244152,-0.1448444254026024,True,True,False,0.0,old_waveform
29.2497075,-0.1387769391174394,True,True,False,0.0,old_waveform
29.255263,-0.1350017878631453,True,True,False,0.0,old_waveform
29.2608185,-0.1335730317220946,True,True,False,0.0,old_waveform
29.266374,-0.1345230605711063,True,True,False,0.0,old_waveform
29.2719295,-0.1378630512556888,True,True,False,0.0,old_waveform
29.277485,-0.1435833249057221,True,True,False,0.0,old_waveform
29.2830405,-0.1516534327285746,True,True,False,0.0,old_waveform
29.288596,-0.1620218072546393,True,True,False,0.0,old_waveform
29.2941515,-0.1746148938931009,True,True,False,0.0,old_waveform
29.299707,-0.1893359566412129,True,True,False,0.0,old_waveform
29.3052625,-0.2060639233670584,True,True,False,0.0,old_waveform
29.310818,-0.2246524397075045,True,True,False,0.0,old_waveform
29.3163735,-0.2449290917122898,True,True,False,0.0,old_waveform
29.321929,-0.2666948946782531,True,True,False,0.0,old_waveform
29.3274845,-0.2897242978106119,True,True,False,0.0,old_waveform
29.33304,-0.313765849509624,True,True,False,0.0,old_waveform
29.3385955,-0.3385435786681896,True,True,False,0.0,old_waveform
29.344151,-0.3637591559088922,True,True,False,0.0,old_waveform
29.3497065,-0.3890948612953257,True,True,False,0.0,old_waveform
29.355262,-0.4142173239157771,True,True,False,0.0,old_waveform
29.3608175,-0.4387818081141028,True,True,False,0.0,old_waveform
29.366373,-0.4624364860170672,True,True,False,0.0,old_waveform
29.3719285,-0.4848260950658861,True,True,False,0.0,old_waveform
29.377484,-0.5055948374816727,True,True,False,0.0,old_waveform
29.3830395,-0.5243888945192463,True,True,False,0.0,old_waveform
29.388595,-0.5408590678836186,True,True,False,0.0,old_waveform
29.3941505,-0.5546638676473383,True,True,False,0.0,old_waveform
29.399706,-0.565473072249717,True,True,False,0.0,old_waveform
29.4052615,-0.5729715499231911,True,True,False,0.0,old_waveform
29.410817,-0.5768630631519512,True,True,False,0.0,old_waveform
29.4163725,-0.5768737983589857,True,True,False,0.0,old_waveform
29.421928,-0.5727553456839419,True,True,False,0.0,old_waveform
29.4274835,-0.5642870123567121,True,True,False,0.0,old_waveform
29.433039,-0.5512777819805953,True,True,False,0.0,old_waveform
29.4385945,-0.533568453786563,True,True,False,0.0,old_waveform
29.44415,-0.5110341639507812,True,True,False,0.0,old_waveform
29.4497055,-0.4835870129307621,True,True,False,0.0,old_waveform
29.455261,-0.4511784720872272,True,True,False,0.0,old_waveform
29.4608165,-0.4138015402052933,True,True,False,0.0,old_waveform
29.466372,-0.3714928272195001,True,True,False,0.0,old_waveform
29.4719275,-0.3243347164287339,True,True,False,0.0,old_waveform
29.477483,-0.2724575479574265,True,True,False,0.0,old_waveform
29.4830385,-0.2160414719147635,True,True,False,0.0,old_waveform
29.488594,-0.1553175166873155,True,True,False,0.0,old_waveform
29.4941495,-0.0905676409542563,True,True,False,0.0,old_waveform
29.499705,-0.0221237506547836,True,True,False,0.0,old_waveform
29.5052605,0.0496344386423888,True,True,False,0.0,old_waveform
29.510816,0.1242829007999892,True,True,False,0.0,old_waveform
29.5163715,0.2013579995808401,True,True,False,0.0,old_waveform
29.521927,0.2803617948024178,True,True,False,0.0,old_waveform
29.5274825,0.360767522592109,True,True,False,0.0,old_waveform
29.533038,0.4420253354429335,True,True,False,0.0,old_waveform
29.5385935,0.5235685683170916,True,True,False,0.0,old_waveform
29.544149,0.6048205388418354,True,True,False,0.0,old_waveform
29.5497045,0.6852015681126076,True,True,False,0.0,old_waveform
29.55526,0.764135877702887,True,True,False,0.0,old_waveform
29.5608155,0.8410581835691473,True,True,False,0.0,old_waveform
29.566371,0.9154198069414438,True,True,False,0.0,old_waveform
29.5719265,0.9866941364876054,True,True,False,0.0,old_waveform
29.577482,1.0543815777671108,True,True,False,0.0,old_waveform
29.5830375,1.1180142440165874,True,True,False,0.0,old_waveform
29.588593,1.1771603046386057,True,True,False,0.0,old_waveform
29.5941485,1.231427685611315,True,True,False,0.0,old_waveform
29.599704,1.2804670265696911,True,True,False,0.0,old_waveform
29.6052595,1.3239740607277,True,True,False,0.0,old_waveform
29.610815,1.3616916181120124,True,True,False,0.0,old_waveform
29.6163705,1.393411315666483,True,True,False,0.0,old_waveform
29.621926,1.418974813153418,True,True,False,0.0,old_waveform
29.6274815,1.4382744889029582,True,True,False,0.0,old_waveform
29.633037,1.4512535764851011,True,True,False,0.0,old_waveform
29.6385925,1.4579059178156646,True,True,False,0.0,old_waveform
29.644148,1.4582753529581405,True,True,False,0.0,old_waveform
29.6497035,1.4524545553667818,True,True,False,0.0,old_waveform
29.655259,1.440583089121916,True,True,False,0.0,old_waveform
29.6608145,1.422844678805949,True,True,False,0.0,old_waveform
29.66637,1.39946397835748,True,True,False,0.0,old_waveform
29.6719255,1.3707032771300385,True,True,False,0.0,old_waveform
29.677481,1.3368594373104374,True,True,False,0.0,old_waveform
29.6830365,1.2982609961052738,True,True,False,0.0,old_waveform
29.688592,1.2552651294639232,True,True,False,0.0,old_waveform
29.6941475,1.208254235589818,True,True,False,0.0,old_waveform
29.699703,1.157632094373715,True,True,False,0.0,old_waveform
29.7052585,1.1038197046033749,True,True,False,0.0,old_waveform
29.710814,1.047250917614014,True,True,False,0.0,old_waveform
29.7163695,0.9883679184435736,True,True,False,0.0,old_waveform
29.721925,0.9276165768729644,True,True,False,0.0,old_waveform
29.7274805,0.865441735144605,True,True,False,0.0,old_waveform
29.733036,0.8022825091294257,True,True,False,0.0,old_waveform
29.7385915,0.7385675746496156,True,True,False,0.0,old_waveform
29.744147,0.674710348106576,True,True,False,0.0,old_waveform
29.7497025,0.6111041500825558,True,True,False,0.0,old_waveform
29.755258,0.54811769590253,True,True,False,0.0,old_waveform
29.7608135,0.4860912426958056,True,True,False,0.0,old_waveform
29.766369,0.425333413157194,True,True,False,0.0,old_waveform
29.7719245,0.366118462237966,True,True,False,0.0,old_waveform
29.77748,0.3086838364541309,True,True,False,0.0,old_waveform
29.7830355,0.2532281551840991,True,True,False,0.0,old_waveform
29.788591,0.1999099202597702,True,True,False,0.0,old_waveform
29.7941465,0.1488472219705821,True,True,False,0.0,old_waveform
29.799702,0.1001185223887573,True,True,False,0.0,old_waveform
29.8052575,0.0537644078224746,True,True,False,0.0,old_waveform
29.810813,0.0097900796394577,True,True,False,0.0,old_waveform
29.8163685,-0.0318316631977798,True,True,False,0.0,old_waveform
29.821924,-0.0711570474093308,True,True,False,0.0,old_waveform
29.8274795,-0.1082675476514353,True,True,False,0.0,old_waveform
29.833035,-0.1432658377926878,True,True,False,0.0,old_waveform
29.8385905,-0.1762717529631429,True,True,False,0.0,old_waveform
29.844146,-0.2074184899767957,True,True,False,0.0,old_waveform
29.8497015,-0.2368490917611253,True,True,False,0.0,old_waveform
29.855257,-0.2647131982330283,True,True,False,0.0,old_waveform
29.8608125,-0.2911642769259505,True,True,False,0.0,old_waveform
29.866368,-0.316357782965548,True,True,False,0.0,old_waveform
29.8719235,-0.3404504547565257,True,True,False,0.0,old_waveform
29.877479,-0.36360033515862,True,True,False,0.0,old_waveform
29.8830345,-0.3859667478091239,True,True,False,0.0,old_waveform
29.88859,-0.4077097058561447,True,True,False,0.0,old_waveform
29.8941455,-0.4289887674255259,True,True,False,0.0,old_waveform
29.899701,-0.4499615564058044,True,True,False,0.0,old_waveform
29.9052565,-0.4707818786251229,True,True,False,0.0,old_waveform
29.910812,-0.4915970675797841,True,True,False,0.0,old_waveform
29.9163675,-0.5125443086623909,True,True,False,0.0,old_waveform
29.921923,-0.533746136390755,True,True,False,0.0,old_waveform
29.9274785,-0.5553056964442238,True,True,False,0.0,old_waveform
29.933034,-0.5773023874150244,True,True,False,0.0,old_waveform
29.9385895,-0.5997882365104079,True,True,False,0.0,old_waveform
29.944145,-0.6227851508518667,True,True,False,0.0,old_waveform
29.9497005,-0.6462831384165671,True,True,False,0.0,old_waveform
29.955256,-0.6702396073784491,True,True,False,0.0,old_waveform
29.9608115,-0.6945797170697787,True,True,False,0.0,old_waveform
29.966367,-0.7191974690035552,True,True,False,0.0,old_waveform
29.9719225,-0.7439572299064511,True,True,False,0.0,old_waveform
29.977478,-0.7686957796093798,True,True,False,0.0,old_waveform
29.9830335,-0.79322519258605,True,True,False,0.0,old_waveform
29.988589,-0.8173365956147308,True,True,False,0.0,old_waveform
29.9941445,-0.8408044620083127,True,True,False,0.0,old_waveform
29.9997,-0.8633914206831796,True,True,False,0.0,old_waveform
30.0052555,-0.8848518079295058,True,True,False,0.0,old_waveform
30.010811,-0.9049349579216522,True,True,False,0.0,old_waveform
30.0163665,-0.9233890787701196,True,True,False,0.0,old_waveform
30.021922,-0.939964175969427,True,True,False,0.0,old_waveform
30.0274775,-0.9544147935751776,True,True,False,0.0,old_waveform
30.033033,-0.9665028132403708,True,True,False,0.0,old_waveform
30.0385885,-0.9760005391717308,True,True,False,0.0,old_waveform
30.044144,-0.9826940513442738,True,True,False,0.0,old_waveform
30.0496995,-0.9863866113716812,True,True,False,0.0,old_waveform
30.055255,-0.9869017461650238,True,True,False,0.0,old_waveform
30.0608105,-0.9840855793194774,True,True,False,0.0,old_waveform
30.066366,-0.9778082139144664,True,True,False,0.0,old_waveform
30.0719215,-0.9679643449900864,True,True,False,0.0,old_waveform
30.077477,-0.954473477801314,True,True,False,0.0,old_waveform
30.0830325,-0.9372801452366296,True,True,False,0.0,old_waveform
30.088588,-0.9163544378063174,True,True,False,0.0,old_waveform
30.0941435,-0.891692977981688,True,True,False,0.0,old_waveform
30.099699,-0.8633203067684346,True,True,False,0.0,old_waveform
30.1052545,-0.8312905223159013,True,True,False,0.0,old_waveform
30.11081,-0.7956887739780558,True,True,False,0.0,old_waveform
30.1163655,-0.7566320180281977,True,True,False,0.0,old_waveform
30.121921,-0.7142686146074901,True,True,False,0.0,old_waveform
30.1274765,-0.6687767782043245,True,True,False,0.0,old_waveform
30.133032,-0.6203621113964167,True,True,False,0.0,old_waveform
30.1385875,-0.5692543476176174,True,True,False,0.0,old_waveform
30.144143,-0.5157033389628166,True,True,False,0.0,old_waveform
30.1496985,-0.4599744091718437,True,True,False,0.0,old_waveform
30.155254,-0.4023433062413249,True,True,False,0.0,old_waveform
30.1608095,-0.3430910909073936,True,True,False,0.0,old_waveform
30.166365,-0.2824994167336885,True,True,False,0.0,old_waveform
30.1719205,-0.2208466235374259,True,True,False,0.0,old_waveform
30.177476,-0.1584047724801058,True,True,False,0.0,old_waveform
30.1830315,-0.0954373861922599,True,True,False,0.0,old_waveform
30.188587,-0.032197471664281,True,True,False,0.0,old_waveform
30.1941425,0.0310744985738206,True,True,False,0.0,old_waveform
30.199698,0.094152697114691,True,True,False,0.0,old_waveform
30.2052535,0.1568279508579226,True,True,False,0.0,old_waveform
30.210809,0.2189094224900782,True,True,False,0.0,old_waveform
30.2163645,0.2802259402013761,True,True,False,0.0,old_waveform
30.22192,0.3406271430047402,True,True,False,0.0,old_waveform
30.2274755,0.3999845573726755,True,True,False,0.0,old_waveform
30.233031,0.4581925096536546,True,True,False,0.0,old_waveform
30.2385865,0.5151686367864845,True,True,False,0.0,old_waveform
30.244142,0.5708537261547336,True,True,False,0.0,old_waveform
30.2496975,0.625210566652275,True,True,False,0.0,old_waveform
30.255253,0.6782215643849847,True,True,False,0.0,old_waveform
30.2608085,0.7298853325284502,True,True,False,0.0,old_waveform
30.266364,0.7802129276167372,True,True,False,0.0,old_waveform
30.2719195,0.8292242505196361,True,True,False,0.0,old_waveform
30.277475,0.8769446269633289,True,True,False,0.0,old_waveform
30.2830305,0.9234014439564288,True,True,False,0.0,old_waveform
30.288586,0.9686209283149424,True,True,False,0.0,old_waveform
30.2941415,1.0126252006550231,True,True,False,0.0,old_waveform
30.299697,1.055429514493458,True,True,False,0.0,old_waveform
30.3052525,1.0970394127273295,True,True,False,0.0,old_waveform
30.310808,1.1374476295271965,True,True,False,0.0,old_waveform
30.3163635,1.176630835131787,True,True,False,0.0,old_waveform
30.321919,1.2145465169934988,True,True,False,0.0,old_waveform
30.3274745,1.2511303527407494,True,True,False,0.0,old_waveform
30.33303,1.2862944386571478,True,True,False,0.0,old_waveform
30.3385855,1.3199265897022645,True,True,False,0.0,old_waveform
30.344141,1.351890607337556,True,True,False,0.0,old_waveform
30.3496965,1.3820272954330075,True,True,False,0.0,old_waveform
30.355252,1.4101562361627984,True,True,False,0.0,old_waveform
30.3608075,1.4360785523293456,True,True,False,0.0,old_waveform
30.366363,1.4595807982494229,True,True,False,0.0,old_waveform
30.3719185,1.4804397377632998,True,True,False,0.0,old_waveform
30.377474,1.4984273212415522,True,True,False,0.0,old_waveform
30.3830295,1.513315184879382,True,True,False,0.0,old_waveform
30.388585,1.5248786962655203,True,True,False,0.0,old_waveform
30.3941405,1.5329012312023589,True,True,False,0.0,old_waveform
30.399696,1.5371791576790106,True,True,False,0.0,old_waveform
30.4052515,1.5375273455236902,True,True,False,0.0,old_waveform
30.410807,1.5337847812858674,True,True,False,0.0,old_waveform
30.4163625,1.525819939330303,True,True,False,0.0,old_waveform
30.421918,1.5135354850200748,True,True,False,0.0,old_waveform
30.4274735,1.4968717840095462,True,True,False,0.0,old_waveform
30.433029,1.4758089393652394,True,True,False,0.0,old_waveform
30.4385845,1.4503676190058257,True,True,False,0.0,old_waveform
30.44414,1.4206091319597167,True,True,False,0.0,old_waveform
30.4496955,1.3866348288738892,True,True,False,0.0,old_waveform
30.455251,1.3485845656154158,True,True,False,0.0,old_waveform
30.4608065,1.3066340252684892,True,True,False,0.0,old_waveform
30.466362,1.2609909115807474,True,True,False,0.0,old_waveform
30.4719175,1.2118903088223891,True,True,False,0.0,old_waveform
30.477473,1.1595897335851597,True,True,False,0.0,old_waveform
30.4830285,1.104364336680569,True,True,False,0.0,old_waveform
30.488584,1.0465024378926526,True,True,False,0.0,old_waveform
30.4941395,0.9863013424182192,True,True,False,0.0,old_waveform
30.499695,0.9240632783056596,True,True,False,0.0,old_waveform
30.5052505,0.860091409159259,True,True,False,0.0,old_waveform
30.510806,0.7946861844388351,True,True,False,0.0,old_waveform
30.5163615,0.7281424503075743,True,True,False,0.0,old_waveform
30.521917,0.6607476126539006,True,True,False,0.0,old_waveform
30.5274725,0.5927809501254323,True,True,False,0.0,old_waveform
30.533028,0.5245139820194183,True,True,False,0.0,old_waveform
30.5385835,0.4562114541428404,True,True,False,0.0,old_waveform
30.544139,0.388132200685793,True,True,False,0.0,old_waveform
30.5496945,0.3205292896848288,True,True,False,0.0,old_waveform
30.55525,0.2536493646933148,True,True,False,0.0,old_waveform
30.5608055,0.1877314357347926,True,True,False,0.0,old_waveform
30.566361,0.123005403258874,True,True,False,0.0,old_waveform
30.5719165,0.059690486579393,True,True,False,0.0,old_waveform
30.577472,-0.0020064232880526,True,True,False,0.0,old_waveform
30.5830275,-0.061892444888536,True,True,False,0.0,old_waveform
30.588583,-0.1197901289272698,True,True,False,0.0,old_waveform
30.5941385,-0.1755382675978893,True,True,False,0.0,old_waveform
30.599694,-0.2289920513232403,True,True,False,0.0,old_waveform
30.6052495,-0.2800228663923603,True,True,False,0.0,old_waveform
30.610805,-0.3285181875707975,True,True,False,0.0,old_waveform
30.6163605,-0.3743820959599854,True,True,False,0.0,old_waveform
30.621916,-0.4175368541456047,True,True,False,0.0,old_waveform
30.6274715,-0.4579255685531596,True,True,False,0.0,old_waveform
30.633027,-0.4955153876700904,True,True,False,0.0,old_waveform
30.6385825,-0.5303003067324195,True,True,False,0.0,old_waveform
30.644138,-0.5623028289416616,True,True,False,0.0,old_waveform
30.6496935,-0.5915742205794614,True,True,False,0.0,old_waveform
30.655249,-0.6181933414500139,True,True,False,0.0,old_waveform
30.6608045,-0.6422641051302916,True,True,False,0.0,old_waveform
30.66636,-0.6639118560884543,True,True,False,0.0,old_waveform
30.6719155,-0.68327916262581,True,True,False,0.0,old_waveform
30.677471,-0.700521457774242,True,True,False,0.0,old_waveform
30.6830265,-0.7158027363520386,True,True,False,0.0,old_waveform
30.688582,-0.7292913642867154,True,True,False,0.0,old_waveform
30.6941375,-0.7411561472522844,True,True,False,0.0,old_waveform
30.699693,-0.7515629961392273,True,True,False,0.0,old_waveform
30.7052485,-0.7606723845572462,True,True,False,0.0,old_waveform
30.710804,-0.768637443127756,True,True,False,0.0,old_waveform
30.7163595,-0.7756024660134637,True,True,False,0.0,old_waveform
30.721915,-0.781701749886576,True,True,False,0.0,old_waveform
30.7274705,-0.7870588043637465,True,True,False,0.0,old_waveform
30.733026,-0.7917860334566932,True,True,False,0.0,old_waveform
30.7385815,-0.7959848750169,True,True,False,0.0,old_waveform
30.744137,-0.7997461048390425,True,True,False,0.0,old_waveform
30.7496925,-0.8031498498774604,True,True,False,0.0,old_waveform
30.755248,-0.806265088094703,True,True,False,0.0,old_waveform
30.7608035,-0.8091489608506216,True,True,False,0.0,old_waveform
30.766359,-0.8118464992212985,True,True,False,0.0,old_waveform
30.7719145,-0.8143909396690235,True,True,False,0.0,old_waveform
30.77747,-0.8168041925336225,True,True,False,0.0,old_waveform
30.7830255,-0.8190969485697015,True,True,False,0.0,old_waveform
30.788581,-0.8212682292772856,True,True,False,0.0,old_waveform
30.7941365,-0.8233044244448885,True,True,False,0.0,old_waveform
30.799692,-0.8251779175252785,True,True,False,0.0,old_waveform
30.8052475,-0.8268454240097282,True,True,False,0.0,old_waveform
30.810803,-0.8282462652870617,True,True,False,0.0,old_waveform
30.8163585,-0.8293009347258022,True,True,False,0.0,old_waveform
30.821914,-0.8299103796679862,True,True,False,0.0,old_waveform
30.8274695,-0.8299562847830377,True,True,False,0.0,old_waveform
30.833025,-0.8293022941450702,True,True,False,0.0,old_waveform
30.8385805,-0.8277958858617178,True,True,False,0.0,old_waveform
30.844136,-0.8252707699453734,True,True,False,0.0,old_waveform
30.8496915,-0.8215499656465455,True,True,False,0.0,old_waveform
30.855247,-0.8164497475031015,True,True,False,0.0,old_waveform
30.8608025,-0.8097844123695833,True,True,False,0.0,old_waveform
30.866358,-0.8013715272584735,True,True,False,0.0,old_waveform
30.8719135,-0.7910371198310181,True,True,False,0.0,old_waveform
30.877469,-0.7786202761950887,True,True,False,0.0,old_waveform
30.8830245,-0.7639768492121779,True,True,False,0.0,old_waveform
30.88858,-0.7469823216671123,True,True,False,0.0,old_waveform
30.8941355,-0.7275341291463882,True,True,False,0.0,old_waveform
30.899691,-0.7055537422052901,True,True,False,0.0,old_waveform
30.9052465,-0.6809885087734283,True,True,False,0.0,old_waveform
30.910802,-0.6538130047538844,True,True,False,0.0,old_waveform
30.9163575,-0.6240296980400679,True,True,False,0.0,old_waveform
30.921913,-0.5916688992648849,True,True,False,0.0,old_waveform
30.9274685,-0.5567880264597064,True,True,False,0.0,old_waveform
30.933024,-0.5194702241787913,True,True,False,0.0,old_waveform
30.9385795,-0.4798224191954477,True,True,False,0.0,old_waveform
30.944135,-0.4379729213539306,True,True,False,0.0,old_waveform
30.9496905,-0.3940687132360805,True,True,False,0.0,old_waveform
30.955246,-0.3482726295557166,True,True,False,0.0,old_waveform
30.9608015,-0.3007605962004717,True,True,False,0.0,old_waveform
30.966357,-0.2517189174680797,True,True,False,0.0,old_waveform
30.9719125,-0.2013414452945396,True,True,False,0.0,old_waveform
30.977468,-0.1498264855460351,True,True,False,0.0,old_waveform
30.9830235,-0.097373359248831,True,True,False,0.0,old_waveform
30.988579,-0.0441785716921641,True,True,False,0.0,old_waveform
30.9941345,0.0095683348378502,True,True,False,0.0,old_waveform
30.99969,0.0636887465319076,True,True,False,0.0,old_waveform
31.0052455,0.1180191811709988,True,True,False,0.0,old_waveform
31.010801,0.172415155497105,True,True,False,0.0,old_waveform
31.0163565,0.2267539756960721,True,True,False,0.0,old_waveform
31.021912,0.2809369813766718,True,True,False,0.0,old_waveform
31.0274675,0.3348910882140385,True,True,False,0.0,old_waveform
31.033023,0.3885692094518442,True,True,False,0.0,old_waveform
31.0385785,0.4419493983097883,True,True,False,0.0,old_waveform
31.044134,0.4950327079098802,True,True,False,0.0,old_waveform
31.0496895,0.5478398802083455,True,True,False,0.0,old_waveform
31.055245,0.6004071552832194,True,True,False,0.0,old_waveform
31.0608005,0.6527816101177664,True,True,False,0.0,old_waveform
31.066356,0.7050163213571272,True,True,False,0.0,old_waveform
31.0719115,0.7571654264753724,True,True,False,0.0,old_waveform
31.077467,0.809279167564489,True,True,False,0.0,old_waveform
31.0830225,0.8613991880968945,True,True,False,0.0,old_waveform
31.088578,0.9135542727522936,True,True,False,0.0,old_waveform
31.0941335,0.9657564182981137,True,True,False,0.0,old_waveform
31.099689,1.017997133612122,True,True,False,0.0,old_waveform
31.1052445,1.0702442625668758,True,True,False,0.0,old_waveform
31.1108,1.1224397829922468,True,True,False,0.0,old_waveform
31.1163555,1.1744985652553894,True,True,False,0.0,old_waveform
31.121911,1.2263075732958622,True,True,False,0.0,old_waveform
31.1274665,1.277725179348053,True,True,False,0.0,old_waveform
31.133022,1.328580735182058,True,True,False,0.0,old_waveform
31.1385775,1.3786744938717714,True,True,False,0.0,old_waveform
31.144133,1.427777636382194,True,True,False,0.0,old_waveform
31.1496885,1.475632259061348,True,True,False,0.0,old_waveform
31.155244,1.5219516086360505,True,True,False,0.0,old_waveform
31.1607995,1.566420973957474,True,True,False,0.0,old_waveform
31.166355,1.608699424624903,True,True,False,0.0,old_waveform
31.1719105,1.6484224934806595,True,True,False,0.0,old_waveform
31.177466,1.6852060150159236,True,True,False,0.0,old_waveform
31.1830215,1.718651309872715,True,True,False,0.0,old_waveform
31.188577,1.7483516882704246,True,True,False,0.0,old_waveform
31.1941325,1.7739000192907193,True,True,False,0.0,old_waveform
31.199688,1.7948968629190616,True,True,False,0.0,old_waveform
31.2052435,1.8109585324679076,True,True,False,0.0,old_waveform
31.210799,1.821724794325149,True,True,False,0.0,old_waveform
31.2163545,1.826866445534774,True,True,False,0.0,old_waveform
31.22191,1.8260929953859728,True,True,False,0.0,old_waveform
31.2274655,1.8191601974871687,True,True,False,0.0,old_waveform
31.233021,1.8058770358298983,True,True,False,0.0,old_waveform
31.2385765,1.7861119714922136,True,True,False,0.0,old_waveform
31.244132,1.7597982284255096,True,True,False,0.0,old_waveform
31.2496875,1.7269377089572306,True,True,False,0.0,old_waveform
31.255243,1.6876031031734966,True,True,False,0.0,old_waveform
31.2607985,1.641937952320664,True,True,False,0.0,old_waveform
31.266354,1.590154811758274,True,True,False,0.0,old_waveform
31.2719095,1.5325318306471392,True,True,False,0.0,old_waveform
31.277465,1.46940777730343,True,True,False,0.0,old_waveform
31.2830205,1.4011753790992183,True,True,False,0.0,old_waveform
31.288576,1.3282731750115877,True,True,False,0.0,old_waveform
31.2941315,1.2511764415249087,True,True,False,0.0,old_waveform
31.299687,1.1703878575774302,True,True,False,0.0,old_waveform
31.3052425,1.0864285068057418,True,True,False,0.0,old_waveform
31.310798,0.9998295815521824,True,True,False,0.0,old_waveform
31.3163535,0.9111248516248502,True,True,False,0.0,old_waveform
31.321909,0.8208438393408338,True,True,False,0.0,old_waveform
31.3274645,0.7295057437400988,True,True,False,0.0,old_waveform
31.33302,0.6376141834389775,True,True,False,0.0,old_waveform
31.3385755,0.545652605053915,True,True,False,0.0,old_waveform
31.344131,0.4540800842379642,True,True,False,0.0,old_waveform
31.3496865,0.363327452616356,True,True,False,0.0,old_waveform
31.355242,0.2737939207293564,True,True,False,0.0,old_waveform
31.3607975,0.1858444689992044,True,True,False,0.0,old_waveform
31.366353,0.0998082184611325,True,True,False,0.0,old_waveform
31.3719085,0.0159776955270162,True,True,False,0.0,old_waveform
31.377464,-0.0653912909362605,True,True,False,0.0,old_waveform
31.3830195,-0.1440792774280719,True,True,False,0.0,old_waveform
31.388575,-0.2199023321706934,True,True,False,0.0,old_waveform
31.3941305,-0.2927110320609988,True,True,False,0.0,old_waveform
31.399686,-0.3623893213680195,True,True,False,0.0,old_waveform
31.4052415,-0.4288530278503265,True,True,False,0.0,old_waveform
31.410797,-0.4920480211098894,True,True,False,0.0,old_waveform
31.4163525,-0.5519483819968308,True,True,False,0.0,old_waveform
31.421908,-0.608554682080207,True,True,False,0.0,old_waveform
31.4274635,-0.6618918592556338,True,True,False,0.0,old_waveform
31.433019,-0.7120061559064893,True,True,False,0.0,old_waveform
31.4385745,-0.7589611693529351,True,True,False,0.0,old_waveform
31.44413,-0.8028334715519095,True,True,False,0.0,old_waveform
31.4496855,-0.8437082444684275,True,True,False,0.0,old_waveform
31.455241,-0.8816753113545371,True,True,False,0.0,old_waveform
31.4607965,-0.9168259127384788,True,True,False,0.0,old_waveform
31.466352,-0.9492503430646732,True,True,False,0.0,old_waveform
31.4719075,-0.9790361177359346,True,True,False,0.0,old_waveform
31.477463,-1.0062661189054944,True,True,False,0.0,old_waveform
31.4830185,-1.031016528129422,True,True,False,0.0,old_waveform
31.488574,-1.0533549305064271,True,True,False,0.0,old_waveform
31.4941295,-1.0733391195043884,True,True,False,0.0,old_waveform
31.499685,-1.091016769147262,True,True,False,0.0,old_waveform
31.5052405,-1.106425823473219,True,True,False,0.0,old_waveform
31.510796,-1.1195956186822469,True,True,False,0.0,old_waveform
31.5163515,-1.1305489973567409,True,True,False,0.0,old_waveform
31.521907,-1.139305355592079,True,True,False,0.0,old_waveform
31.5274625,-1.1458839957479363,True,True,False,0.0,old_waveform
31.533018,-1.1503071887101906,True,True,False,0.0,old_waveform
31.5385735,-1.1526029485652811,True,True,False,0.0,old_waveform
31.544129,-1.152807803781415,True,True,False,0.0,old_waveform
31.5496845,-1.150969542310761,True,True,False,0.0,old_waveform
31.55524,-1.1471496290534968,True,True,False,0.0,old_waveform
31.5607955,-1.1414249844520794,True,True,False,0.0,old_waveform
31.566351,-1.1338887872812131,True,True,False,0.0,old_waveform
31.5719065,-1.12464997310561,True,True,False,0.0,old_waveform
31.577462,-1.113831357418905,True,True,False,0.0,old_waveform
31.5830175,-1.101566655684942,True,True,False,0.0,old_waveform
31.588573,-1.0879968312998378,True,True,False,0.0,old_waveform
31.5941285,-1.073266154376338,True,True,False,0.0,old_waveform
31.599684,-1.0575182079939422,True,True,False,0.0,old_waveform
31.6052395,-1.0408918958821811,True,True,False,0.0,old_waveform
31.610795,-1.0235173782016278,True,True,False,0.0,old_waveform
31.6163505,-1.0055120024276594,True,True,False,0.0,old_waveform
31.621906,-0.986976701098282,True,True,False,0.0,old_waveform
31.6274615,-0.9679935150157052,True,True,False,0.0,old_waveform
31.633017,-0.9486245440416464,True,True,False,0.0,old_waveform
31.6385725,-0.9289121156561436,True,True,False,0.0,old_waveform
31.644128,-0.9088797536767595,True,True,False,0.0,old_waveform
31.6496835,-0.8885335529067746,True,True,False,0.0,old_waveform
31.655239,-0.8678636413614135,True,True,False,0.0,old_waveform
31.6607945,-0.8468455760771162,True,True,False,0.0,old_waveform
31.66635,-0.8254417553759678,True,True,False,0.0,old_waveform
31.6719055,-0.8036031254132565,True,True,False,0.0,old_waveform
31.677461,-0.7812714134877754,True,True,False,0.0,old_waveform
31.6830165,-0.7583817235467608,True,True,False,0.0,old_waveform
31.688572,-0.7348650056721759,True,True,False,0.0,old_waveform
31.6941275,-0.7106500830721948,True,True,False,0.0,old_waveform
31.699683,-0.6856652942020417,True,True,False,0.0,old_waveform
31.7052385,-0.6598399771453677,True,True,False,0.0,old_waveform
31.710794,-0.6331059134823942,True,True,False,0.0,old_waveform
31.7163495,-0.6053985273377822,True,True,False,0.0,old_waveform
31.721905,-0.576657469433302,True,True,False,0.0,old_waveform
31.7274605,-0.5468265613515918,True,True,False,0.0,old_waveform
31.733016,-0.515853570446037,True,True,False,0.0,old_waveform
31.7385715,-0.483690305413841,True,True,False,0.0,old_waveform
31.744127,-0.4502930993290282,True,True,False,0.0,old_waveform
31.7496825,-0.4156234584875785,True,True,False,0.0,old_waveform
31.755238,-0.3796488241365444,True,True,False,0.0,old_waveform
31.7607935,-0.3423436656153495,True,True,False,0.0,old_waveform
31.766349,-0.3036910755443189,True,True,False,0.0,old_waveform
31.7719045,-0.2636848409636733,True,True,False,0.0,old_waveform
31.77746,-0.2223318234317644,True,True,False,0.0,old_waveform
31.7830155,-0.1796542533576513,True,True,False,0.0,old_waveform
31.788571,-0.1356913832949567,True,True,False,0.0,old_waveform
31.7941265,-0.0905002691143948,True,True,False,0.0,old_waveform
31.799682,-0.0441559816717047,True,True,False,0.0,old_waveform
31.8052375,0.0032484736193765,True,True,False,0.0,old_waveform
31.810793,0.0516027386826227,True,True,False,0.0,old_waveform
31.8163485,0.1007806328699457,True,True,False,0.0,old_waveform
31.821904,0.1506429451309885,True,True,False,0.0,old_waveform
31.8274595,0.2010414612253209,True,True,False,0.0,old_waveform
31.833015,0.2518237951593356,True,True,False,0.0,old_waveform
31.8385705,0.3028385313908345,True,True,False,0.0,old_waveform
31.844126,0.3539405047109589,True,True,False,0.0,old_waveform
31.8496815,0.4049962135731891,True,True,False,0.0,old_waveform
31.855237,0.4558891082996033,True,True,False,0.0,old_waveform
31.8607925,0.5065240870809317,True,True,False,0.0,old_waveform
31.866348,0.5568303955747232,True,True,False,0.0,old_waveform
31.8719035,0.6067624514768513,True,True,False,0.0,old_waveform
31.877459,0.6562986613399356,True,True,False,0.0,old_waveform
31.8830145,0.7054386102247574,True,True,False,0.0,old_waveform
31.88857,0.7541989841189013,True,True,False,0.0,old_waveform
31.8941255,0.8026085839850997,True,True,False,0.0,old_waveform
31.899681,0.8507028371971859,True,True,False,0.0,old_waveform
31.9052365,0.8985179901619628,True,True,False,0.0,old_waveform
31.910792,0.9460849798201746,True,True,False,0.0,old_waveform
31.9163475,0.9934232871075172,True,True,False,0.0,old_waveform
31.921903,1.0405353500520595,True,True,False,0.0,old_waveform
31.9274585,1.0874017819379185,True,True,False,0.0,old_waveform
31.933014,1.1339772039712894,True,True,False,0.0,old_waveform
31.9385695,1.1801865048311522,True,True,False,0.0,old_waveform
31.944125,1.225921632090115,True,True,False,0.0,old_waveform
31.9496805,1.2710393587298368,True,True,False,0.0,old_waveform
31.955236,1.3153605844687497,True,True,False,0.0,old_waveform
31.9607915,1.358671510622356,True,True,False,0.0,old_waveform
31.966347,1.4007267493476565,True,True,False,0.0,old_waveform
31.9719025,1.441254179260452,True,True,False,0.0,old_waveform
31.977458,1.479961066679201,True,True,False,0.0,old_waveform
31.9830135,1.516540852356136,True,True,False,0.0,old_waveform
31.988569,1.5506801336123472,True,True,False,0.0,old_waveform
31.9941245,1.5820655040673488,True,True,False,0.0,old_waveform
31.99968,1.6103902879748062,True,True,False,0.0,old_waveform
32.0052355,1.6353603240544965,True,True,False,0.0,old_waveform
32.010791,1.6566980452203766,True,True,False,0.0,old_waveform
32.0163465,1.6741467845279938,True,True,False,0.0,old_waveform
32.021902,1.6874755521929798,True,True,False,0.0,old_waveform
32.0274575,1.6964832568446966,True,True,False,0.0,old_waveform
32.033013,1.7010025685303194,True,True,False,0.0,old_waveform
32.0385685,1.7009031418920952,True,True,False,0.0,old_waveform
32.044124,1.696094044781092,True,True,False,0.0,old_waveform
32.0496795,1.6865252519505942,True,True,False,0.0,old_waveform
32.055235,1.6721880325302272,True,True,False,0.0,old_waveform
32.0607905,1.65311423014678,True,True,False,0.0,old_waveform
32.066346,1.6293746438807413,True,True,False,0.0,old_waveform
32.0719015,1.6010768038655403,True,True,False,0.0,old_waveform
32.077457,1.568362476850375,True,True,False,0.0,old_waveform
32.0830125,1.531405076170405,True,True,False,0.0,old_waveform
32.088568,1.4904068175644656,True,True,False,0.0,old_waveform
32.0941235,1.4455954003100329,True,True,False,0.0,old_waveform
32.099679,1.3972202517898995,True,True,False,0.0,old_waveform
32.1052345,1.3455486396641168,True,True,False,0.0,old_waveform
32.11079,1.2908620214854758,True,True,False,0.0,old_waveform
32.1163455,1.2334527951723262,True,True,False,0.0,old_waveform
32.121901,1.173621334881392,True,True,False,0.0,old_waveform
32.1274565,1.1116730699292292,True,True,False,0.0,old_waveform
32.133012,1.047915372239291,True,True,False,0.0,old_waveform
32.1385675,0.982654175998232,True,True,False,0.0,old_waveform
32.144123,0.9161905800536514,True,True,False,0.0,old_waveform
32.1496785,0.848817958784195,True,True,False,0.0,old_waveform
32.155234,0.7808200051823773,True,True,False,0.0,old_waveform
32.1607895,0.7124696636609212,True,True,False,0.0,old_waveform
32.166345,0.6440285221009707,True,True,False,0.0,old_waveform
32.1719005,0.5757461497586955,True,True,False,0.0,old_waveform
32.177456,0.507858990812809,True,True,False,0.0,old_waveform
32.1830115,0.44058874268514,True,True,False,0.0,old_waveform
32.188567,0.3741405054639383,True,True,False,0.0,old_waveform
32.1941225,0.3087010894860935,True,True,False,0.0,old_waveform
32.199678,0.2444377220520967,True,True,False,0.0,old_waveform
32.2052335,0.1814972053862832,True,True,False,0.0,old_waveform
32.210789,0.1200054871095276,True,True,False,0.0,old_waveform
32.2163445,0.0600676319492769,True,True,False,0.0,old_waveform
32.2219,0.001768209282082,True,True,False,0.0,old_waveform
32.2274555,-0.0548279413705987,True,True,False,0.0,old_waveform
32.233011,-0.1096746498258167,True,True,False,0.0,old_waveform
32.2385665,-0.1627431493952751,True,True,False,0.0,old_waveform
32.244122,-0.2140206884849498,True,True,False,0.0,old_waveform
32.2496775,-0.2635089992350312,True,True,False,0.0,old_waveform
32.255233,-0.3112224549795094,True,True,False,0.0,old_waveform
32.2607885,-0.3571858175673467,True,True,False,0.0,old_waveform
32.266344,-0.401431752012557,True,True,False,0.0,old_waveform
32.2718995,-0.4439984434423689,True,True,False,0.0,old_waveform
32.277455,-0.484927548014291,True,True,False,0.0,old_waveform
32.2830105,-0.5242624461810725,True,True,False,0.0,old_waveform
32.288566,-0.562046597407,True,True,False,0.0,old_waveform
32.2941215,-0.5983219669410099,True,True,False,0.0,old_waveform
32.299677,-0.6331276736809442,True,True,False,0.0,old_waveform
32.3052325,-0.6664987361890545,True,True,False,0.0,old_waveform
32.310788,-0.6984645281876066,True,True,False,0.0,old_waveform
32.3163435,-0.7290468710011485,True,True,False,0.0,old_waveform
32.321899,-0.7582582310556142,True,True,False,0.0,old_waveform
32.3274545,-0.7861006971157489,True,True,False,0.0,old_waveform
32.33301,-0.8125661892053538,True,True,False,0.0,old_waveform
32.3385655,-0.837637848416816,True,True,False,0.0,old_waveform
32.344121,-0.86129212415318,True,True,False,0.0,old_waveform
32.3496765,-0.8835010392544302,True,True,False,0.0,old_waveform
32.355232,-0.9042343114526056,True,True,False,0.0,old_waveform
32.3607875,-0.9234611067943856,True,True,False,0.0,old_waveform
32.366343,-0.941151194969484,True,True,False,0.0,old_waveform
32.3718985,-0.957275350400998,True,True,False,0.0,old_waveform
32.377454,-0.97180511034718,True,True,False,0.0,old_waveform
32.3830095,-0.9847123512465408,True,True,False,0.0,old_waveform
32.388565,-0.9959692608005466,True,True,False,0.0,old_waveform
32.3941205,-1.0055489149022645,True,True,False,0.0,old_waveform
32.399676,-1.013426031687526,True,True,False,0.0,old_waveform
32.4052315,-1.019577290375384,True,True,False,0.0,old_waveform
32.410787,-1.0239810371051008,True,True,False,0.0,old_waveform
32.4163425,-1.0266164954682375,True,True,False,0.0,old_waveform
32.421898,-1.027462561101106,True,True,False,0.0,old_waveform
32.4274535,-1.0264964263598362,True,True,False,0.0,old_waveform
32.433009,-1.0236925277471305,True,True,False,0.0,old_waveform
32.4385645,-1.0190221697980095,True,True,False,0.0,old_waveform
32.44412,-1.0124537566101464,True,True,False,0.0,old_waveform
32.4496755,-1.0039532753799765,True,True,False,0.0,old_waveform
32.455231,-0.9934848538347038,True,True,False,0.0,old_waveform
32.4607865,-0.9810116136808462,True,True,False,0.0,old_waveform
32.466342,-0.966497077988507,True,True,False,0.0,old_waveform
32.4718975,-0.9499070868145284,True,True,False,0.0,old_waveform
32.477453,-0.9312119336644352,True,True,False,0.0,old_waveform
32.4830085,-0.9103883996002972,True,True,False,0.0,old_waveform
32.488564,-0.8874215619296667,True,True,False,0.0,old_waveform
32.4941195,-0.8623065279953485,True,True,False,0.0,old_waveform
32.499675,-0.8350502066471639,True,True,False,0.0,old_waveform
32.5052305,-0.8056729098557224,True,True,False,0.0,old_waveform
32.510786,-0.7742094871569029,True,True,False,0.0,old_waveform
32.5163415,-0.7407098405746505,True,True,False,0.0,old_waveform
32.521897,-0.705238578504295,True,True,False,0.0,old_waveform
32.5274525,-0.6678735028909499,True,True,False,0.0,old_waveform
32.533008,-0.6287031348473727,True,True,False,0.0,old_waveform
32.5385635,-0.5878241447607646,True,True,False,0.0,old_waveform
32.544119,-0.5453395115666703,True,True,False,0.0,old_waveform
32.5496745,-0.5013575120711173,True,True,False,0.0,old_waveform
32.55523,-0.4559910783931389,True,True,False,0.0,old_waveform
32.5607855,-0.4093571124765276,True,True,False,0.0,old_waveform
32.566341,-0.3615756221860011,True,True,False,0.0,old_waveform
32.5718965,-0.3127686461275873,True,True,False,0.0,old_waveform
32.577452,-0.2630589014662878,True,True,False,0.0,old_waveform
32.5830075,-0.212568063412187,True,True,False,0.0,old_waveform
32.588563,-0.1614146708687103,True,True,False,0.0,old_waveform
32.5941185,-0.1097118573629784,True,True,False,0.0,old_waveform
32.599674,-0.0575652123776104,True,True,False,0.0,old_waveform
32.6052295,-0.0050708726323294,True,True,False,0.0,old_waveform
32.610785,0.047686362851316,True,True,False,0.0,old_waveform
32.6163405,0.10063501323639,True,True,False,0.0,old_waveform
32.621896,0.1537186116107878,True,True,False,0.0,old_waveform
32.6274515,0.206896402988527,True,True,False,0.0,old_waveform
32.633007,0.2601425380249809,True,True,False,0.0,old_waveform
32.6385625,0.3134437161214138,True,True,False,0.0,old_waveform
32.644118,0.3667954543143374,True,True,False,0.0,old_waveform
32.6496735,0.4201971508920813,True,True,False,0.0,old_waveform
32.655229,0.4736462543029736,True,True,False,0.0,old_waveform
32.6607845,0.5271320588246428,True,True,False,0.0,old_waveform
32.66634,0.5806296123639542,True,True,False,0.0,old_waveform
32.6718955,0.6340941290673132,True,True,False,0.0,old_waveform
32.677451,0.6874563354004103,True,True,False,0.0,old_waveform
32.6830065,0.7406190813499552,True,True,False,0.0,old_waveform
32.688562,0.7934552179418735,True,True,False,0.0,old_waveform
32.6941175,0.8458065319052158,True,True,False,0.0,old_waveform
32.699673,0.8974836668852187,True,True,False,0.0,old_waveform
32.7052285,0.9482670597047896,True,True,False,0.0,old_waveform
32.710784,0.9979087037309428,True,True,False,0.0,old_waveform
32.7163395,1.046134500885135,True,True,False,0.0,old_waveform
32.721895,1.0926472664739244,True,True,False,0.0,old_waveform
32.7274505,1.137130494156346,True,True,False,0.0,old_waveform
32.733006,1.1792525794573154,True,True,False,0.0,old_waveform
32.7385615,1.2186710226409765,True,True,False,0.0,old_waveform
32.744117,1.2550366318464017,True,True,False,0.0,old_waveform
32.7496725,1.2879983149439864,True,True,False,0.0,old_waveform
32.755228,1.3172088759282594,True,True,False,0.0,old_waveform
32.7607835,1.3423314989233075,True,True,False,0.0,old_waveform
32.766339,1.3630461089472867,True,True,False,0.0,old_waveform
32.7718945,1.37905501206261,True,True,False,0.0,old_waveform
32.77745,1.3900878574814317,True,True,False,0.0,old_waveform
32.7830055,1.395906223588884,True,True,False,0.0,old_waveform
32.788561,1.3963077558202166,True,True,False,0.0,old_waveform
32.7941165,1.3911294721718472,True,True,False,0.0,old_waveform
32.799672,1.3802500613440578,True,True,False,0.0,old_waveform
32.8052275,1.363591378119263,True,True,False,0.0,old_waveform
32.810783,1.3411195462217569,True,True,False,0.0,old_waveform
32.8163385,1.3128461507859135,True,True,False,0.0,old_waveform
32.821894,1.2788298933112507,True,True,False,0.0,old_waveform
32.8274495,1.2391786289719016,True,True,False,0.0,old_waveform
32.833005,1.1940511429996652,True,True,False,0.0,old_waveform
32.8385605,1.1436578402795263,True,True,False,0.0,old_waveform
32.844116,1.0882598135196286,True,True,False,0.0,old_waveform
32.8496715,1.0281662069113842,True,True,False,0.0,old_waveform
32.855227,0.9637302120390552,True,True,False,0.0,old_waveform
32.8607825,0.8953443460285347,True,True,False,0.0,old_waveform
32.866338,0.8234355501720146,True,True,False,0.0,old_waveform
32.8718935,0.7484600815471927,True,True,False,0.0,old_waveform
32.877449,0.6708978098225747,True,True,False,0.0,old_waveform
32.8830045,0.5912457274232531,True,True,False,0.0,old_waveform
32.88856,0.5100108562012041,True,True,False,0.0,old_waveform
32.8941155,0.4277029546507528,True,True,False,0.0,old_waveform
32.899671,0.3448274218328029,True,True,False,0.0,old_waveform
32.9052265,0.2618786279287336,True,True,False,0.0,old_waveform
32.910782,0.1793338599119643,True,True,False,0.0,old_waveform
32.9163375,0.0976482402515003,True,True,False,0.0,old_waveform
32.921893,0.0172509822117561,True,True,False,0.0,old_waveform
32.9274485,-0.061457040048507,True,True,False,0.0,old_waveform
32.933004,-0.1381048153774925,True,True,False,0.0,old_waveform
32.9385595,-0.2123521573127567,True,True,False,0.0,old_waveform
32.944115,-0.2838900936565457,True,True,False,0.0,old_waveform
32.9496705,-0.3524405076180646,True,True,False,0.0,old_waveform
32.955226,-0.4177549603158467,True,True,False,0.0,old_waveform
32.9607815,-0.4796127333034789,True,True,False,0.0,old_waveform
32.966337,-0.537818193550764,True,True,False,0.0,old_waveform
32.9718925,-0.5921978041341451,True,True,False,0.0,old_waveform
32.977448,-0.6425973246305061,True,True,False,0.0,old_waveform
32.9830035,-0.6888795924246082,True,True,False,0.0,old_waveform
32.988559,-0.7309229790599011,True,True,False,0.0,old_waveform
32.9941145,-0.7686205642702862,True,True,False,0.0,old_waveform
32.99967,-0.8018803670644019,True,True,False,0.0,old_waveform
33.0052255,-0.8306258098342203,True,True,False,0.0,old_waveform
33.010781,-0.8547958698540626,True,True,False,0.0,old_waveform
33.0163365,-0.8743462711584825,True,True,False,0.0,old_waveform
33.021892,-0.8892516920584213,True,True,False,0.0,old_waveform
33.0274475,-0.89950829253526,True,True,False,0.0,old_waveform
33.033003,-0.9051365482116556,True,True,False,0.0,old_waveform
33.0385585,-0.9061841779144884,True,True,False,0.0,old_waveform
33.044114,-0.9027291884106552,True,True,False,0.0,old_waveform
33.0496695,-0.894882836165751,True,True,False,0.0,old_waveform
33.055225,-0.8827917884354914,True,True,False,0.0,old_waveform
33.0607805,-0.8666387400171451,True,True,False,0.0,old_waveform
33.066336,-0.8466414256101414,True,True,False,0.0,old_waveform
33.0718915,-0.8230504947895582,True,True,False,0.0,old_waveform
33.077447,-0.7961465102826651,True,True,False,0.0,old_waveform
33.0830025,-0.7662361786916875,True,True,False,0.0,old_waveform
33.088558,-0.7336483261399981,True,True,False,0.0,old_waveform
33.0941135,-0.69873020348059,True,True,False,0.0,old_waveform
33.099669,-0.6618440376256772,True,True,False,0.0,old_waveform
33.1052245,-0.6233632318484288,True,True,False,0.0,old_waveform
33.11078,-0.5836678758438382,True,True,False,0.0,old_waveform
33.1163355,-0.5431398798744785,True,True,False,0.0,old_waveform
33.121891,-0.5021583980523411,True,True,False,0.0,old_waveform
33.1274465,-0.4610959552789577,True,True,False,0.0,old_waveform
33.133002,-0.4203152026205398,True,True,False,0.0,old_waveform
33.1385575,-0.3801659849203692,True,True,False,0.0,old_waveform
33.144113,-0.3409824349344172,True,True,False,0.0,old_waveform
33.1496685,-0.3030799075776162,True,True,False,0.0,old_waveform
33.155224,-0.2667516734549766,True,True,False,0.0,old_waveform
33.1607795,-0.2322653787728946,True,True,False,0.0,old_waveform
33.166335,-0.1998593227286943,True,True,False,0.0,old_waveform
33.1718905,-0.1697386359597758,True,True,False,0.0,old_waveform
33.177446,-0.1420715297901633,True,True,False,0.0,old_waveform
33.1830015,-0.1169859594652806,True,True,False,0.0,old_waveform
33.188557,-0.0945671667731144,True,True,False,0.0,old_waveform
33.1941125,-0.0748564604227064,True,True,False,0.0,old_waveform
33.199668,-0.0578513442508564,True,True,False,0.0,old_waveform
33.2052235,-0.0435069455111022,True,True,False,0.0,old_waveform
33.210779,-0.031738677478311,True,True,False,0.0,old_waveform
33.2163345,-0.0224259922350709,True,True,False,0.0,old_waveform
33.22189,-0.015416819161757,True,True,False,0.0,old_waveform
33.2274455,-0.010532176993891,True,True,False,0.0,old_waveform
33.233001,-0.0075707443457557,True,True,False,0.0,old_waveform
33.2385565,-0.0063134514064735,True,True,False,0.0,old_waveform
33.244112,-0.0065280840837527,True,True,False,0.0,old_waveform
33.2496675,-0.0079737455631735,True,True,False,0.0,old_waveform
33.255223,-0.0104049974393739,True,True,False,0.0,old_waveform
33.2607785,-0.0135754749042983,True,True,False,0.0,old_waveform
33.266334,-0.0172407676967628,True,True,False,0.0,old_waveform
33.2718895,-0.0211605385580644,True,True,False,0.0,old_waveform
33.277445,-0.0251000223102848,True,True,False,0.0,old_waveform
33.2830005,-0.0288310297786159,True,True,False,0.0,old_waveform
33.288556,-0.032132583317726,True,True,False,0.0,old_waveform
33.2941115,-0.0347913208338409,True,True,False,0.0,old_waveform
33.299667,-0.0366016442659005,True,True,False,0.0,old_waveform
33.3052225,-0.0373655330845687,True,True,False,0.0,old_waveform
33.310778,-0.0368921902557107,True,True,False,0.0,old_waveform
33.3163335,-0.0349978917978762,True,True,False,0.0,old_waveform
33.321889,-0.0315063544548318,True,True,False,0.0,old_waveform
33.3274445,-0.0262498072646881,True,True,False,0.0,old_waveform
33.333,-0.0190707851994025,True,True,False,0.0,old_waveform
33.3385555,-0.0098243957732659,True,True,False,0.0,old_waveform
33.344111,0.0016192807641047,True,True,False,0.0,old_waveform
33.3496665,0.0153728066334564,True,True,False,0.0,old_waveform
33.355222,0.0315290904270519,True,True,False,0.0,old_waveform
33.3607775,0.0501593708546348,True,True,False,0.0,old_waveform
33.366333,0.0713115846771547,True,True,False,0.0,old_waveform
33.3718885,0.0950089526055657,True,True,False,0.0,old_waveform
33.377444,0.1212485480939568,True,True,False,0.0,old_waveform
33.3829995,0.1499998567866578,True,True,False,0.0,old_waveform
33.388555,0.181203749503042,True,True,False,0.0,old_waveform
33.3941105,0.2147724774697973,True,True,False,0.0,old_waveform
33.399666,0.2505909392815232,True,True,False,0.0,old_waveform
33.4052215,0.2885189439936567,True,True,False,0.0,old_waveform
33.410777,0.3283940017290502,True,True,False,0.0,old_waveform
33.4163325,0.3700342622156951,True,True,False,0.0,old_waveform
33.421888,0.4132413755026866,True,True,False,0.0,old_waveform
33.4274435,0.457803240264899,True,True,False,0.0,old_waveform
33.432999,0.5034967513397293,True,True,False,0.0,old_waveform
33.4385545,0.5500905348117807,True,True,False,0.0,old_waveform
33.44411,0.597347447998164,True,True,False,0.0,old_waveform
33.4496655,0.6450267257505898,True,True,False,0.0,old_waveform
33.455221,0.6928858139517943,True,True,False,0.0,old_waveform
33.4607765,0.740681791720171,True,True,False,0.0,old_waveform
33.466332,0.7881721845445511,True,True,False,0.0,old_waveform
33.4718875,0.8351152142847905,True,True,False,0.0,old_waveform
33.477443,0.8812698345012168,True,True,False,0.0,old_waveform
33.4829985,0.9263958825056914,True,True,False,0.0,old_waveform
33.488554,0.9702543962192092,True,True,False,0.0,old_waveform
33.4941095,1.0126079048556678,True,True,False,0.0,old_waveform
33.499665,1.0532203919419485,True,True,False,0.0,old_waveform
33.5052205,1.0918566639998637,True,True,False,0.0,old_waveform
33.510776,1.1282811937017416,True,True,False,0.0,old_waveform
33.5163315,1.162256929185573,True,True,False,0.0,old_waveform
33.521887,1.1935446271793255,True,True,False,0.0,old_waveform
33.5274425,1.221903015906915,True,True,False,0.0,old_waveform
33.532998,1.247089775110516,True,True,False,0.0,old_waveform
33.5385535,1.2688631029697237,True,True,False,0.0,old_waveform
33.544109,1.286983720748769,True,True,False,0.0,old_waveform
33.5496645,1.301217406518629,True,True,False,0.0,old_waveform
33.55522,1.311338174663322,True,True,False,0.0,old_waveform
33.5607755,1.317132027185013,True,True,False,0.0,old_waveform
33.566331,1.3184010901033734,True,True,False,0.0,old_waveform
33.5718865,1.3149680318656702,True,True,False,0.0,old_waveform
33.577442,1.306680762795253,True,True,False,0.0,old_waveform
33.5829975,1.293417340024676,True,True,False,0.0,old_waveform
33.588553,1.2750907572769965,True,True,False,0.0,old_waveform
33.5941085,1.2516531099771426,True,True,False,0.0,old_waveform
33.599664,1.2230987572719696,True,True,False,0.0,old_waveform
33.6052195,1.1894664171767684,True,True,False,0.0,old_waveform
33.610775,1.150840221265484,True,True,False,0.0,old_waveform
33.6163305,1.1073495765082717,True,True,False,0.0,old_waveform
33.621886,1.0591676207326794,True,True,False,0.0,old_waveform
33.6274415,1.0065083616590764,True,True,False,0.0,old_waveform
33.632997,0.9496229519803098,True,True,False,0.0,old_waveform
33.6385525,0.8887955608923299,True,True,False,0.0,old_waveform
33.644108,0.8243390208199395,True,True,False,0.0,old_waveform
33.6496635,0.7565902754987636,True,True,False,0.0,old_waveform
33.655219,0.685905897223175,True,True,False,0.0,old_waveform
33.6607745,0.6126582318018292,True,True,False,0.0,old_waveform
33.66633,0.5372324725177184,True,True,False,0.0,old_waveform
33.6718855,0.4600242737514854,True,True,False,0.0,old_waveform
33.677441,0.3814371326888635,True,True,False,0.0,old_waveform
33.6829965,0.3018790765524825,True,True,False,0.0,old_waveform
33.688552,0.2217588215958929,True,True,False,0.0,old_waveform
33.6941075,0.1414819074677094,True,True,False,0.0,old_waveform
33.699663,0.0614471910678484,True,True,False,0.0,old_waveform
33.7052185,-0.0179562197235105,True,True,False,0.0,old_waveform
33.710774,-0.0963517175368782,True,True,False,0.0,old_waveform
33.7163295,-0.1733777796906394,True,True,False,0.0,old_waveform
33.721885,-0.2486904463518539,True,True,False,0.0,old_waveform
33.7274405,-0.3219656114527494,True,True,False,0.0,old_waveform
33.732996,-0.3929009051276557,True,True,False,0.0,old_waveform
33.7385515,-0.4612169222050867,True,True,False,0.0,old_waveform
33.744107,-0.5266576626359061,True,True,False,0.0,old_waveform
33.7496625,-0.5889902109929585,True,True,False,0.0,old_waveform
33.755218,-0.648003754795839,True,True,False,0.0,old_waveform
33.7607735,-0.7035080551588009,True,True,False,0.0,old_waveform
33.766329,-0.7553316131631443,True,True,False,0.0,old_waveform
33.7718845,-0.8033198997845546,True,True,False,0.0,old_waveform
33.77744,-0.8473339970378858,True,True,False,0.0,old_waveform
33.7829955,-0.8872500035165644,True,True,False,0.0,old_waveform
33.788551,-0.9229595479797128,True,True,False,0.0,old_waveform
33.7941065,-0.954371486026052,True,True,False,0.0,old_waveform
33.799662,-0.98141444134448,True,True,False,0.0,old_waveform
33.8052175,-1.004039588087292,True,True,False,0.0,old_waveform
33.810773,-1.0222229989831098,True,True,False,0.0,old_waveform
33.8163285,-1.035967069861201,True,True,False,0.0,old_waveform
33.821884,-1.0453011106930823,True,True,False,0.0,old_waveform
33.8274395,-1.050281745011089,True,True,False,0.0,old_waveform
33.832995,-1.0509936413963723,True,True,False,0.0,old_waveform
33.8385505,-1.0475505475950126,True,True,False,0.0,old_waveform
33.844106,-1.0400963243608623,True,True,False,0.0,old_waveform
33.8496615,-1.0288056486204558,True,True,False,0.0,old_waveform
33.855217,-1.0138839198237044,True,True,False,0.0,old_waveform
33.8607725,-0.9955659629960958,True,True,False,0.0,old_waveform
33.866328,-0.9741135926331226,True,True,False,0.0,old_waveform
33.8718835,-0.9498124089787708,True,True,False,0.0,old_waveform
33.877439,-0.9229679891586844,True,True,False,0.0,old_waveform
33.8829945,-0.8939014280263647,True,True,False,0.0,old_waveform
33.88855,-0.8629445231345957,True,True,False,0.0,old_waveform
33.8941055,-0.8304354087687186,True,True,False,0.0,old_waveform
33.899661,-0.7967152287149719,True,True,False,0.0,old_waveform
33.9052165,-0.7621255112984133,True,True,False,0.0,old_waveform
33.910772,-0.727005279405832,True,True,False,0.0,old_waveform
33.9163275,-0.6916872066400641,True,True,False,0.0,old_waveform
33.921883,-0.6564929692005991,True,True,False,0.0,old_waveform
33.9274385,-0.6217285092367351,True,True,False,0.0,old_waveform
33.932994,-0.5876797316378994,True,True,False,0.0,old_waveform
33.9385495,-0.5546086266119507,True,True,False,0.0,old_waveform
33.944105,-0.5227496509799827,True,True,False,0.0,old_waveform
33.9496605,-0.4923064104081681,True,True,False,0.0,old_waveform
33.955216,-0.4634488272300442,True,True,False,0.0,old_waveform
33.9607715,-0.4363109409554989,True,True,False,0.0,old_waveform
33.966327,-0.4109894732507727,True,True,False,0.0,old_waveform
33.9718825,-0.3875434224900965,True,True,False,0.0,old_waveform
33.977438,-0.3659949900998563,True,True,False,0.0,old_waveform
33.9829935,-0.346331813720477,True,True,False,0.0,old_waveform
33.988549,-0.3285101213201434,True,True,False,0.0,old_waveform
33.9941045,-0.3124584464283351,True,True,False,0.0,old_waveform
33.99966,-0.2980818282332455,True,True,False,0.0,old_waveform
34.0052155,-0.2852664556180264,True,True,False,0.0,old_waveform
34.010771,-0.2738835985532062,True,True,False,0.0,old_waveform
34.0163265,-0.2637933378091387,True,True,False,0.0,old_waveform
34.021882,-0.2548479083895278,True,True,False,0.0,old_waveform
34.0274375,-0.2468931932912331,True,True,False,0.0,old_waveform
34.032993,-0.2397688160293422,True,True,False,0.0,old_waveform
34.0385485,-0.2333074073896957,True,True,False,0.0,old_waveform
34.044104,-0.2273337275774494,True,True,False,0.0,old_waveform
34.0496595,-0.2216642060032067,True,True,False,0.0,old_waveform
34.055215,-0.2161073184214282,True,True,False,0.0,old_waveform
34.0607705,-0.2104649689648393,True,True,False,0.0,old_waveform
34.066326,-0.2045347711640822,True,True,False,0.0,old_waveform
34.0718815,-0.1981129953370438,True,True,False,0.0,old_waveform
34.077437,-0.1909978148041441,True,True,False,0.0,old_waveform
34.0829925,-0.1829922511872801,True,True,False,0.0,old_waveform
34.088548,-0.173906153071988,True,True,False,0.0,old_waveform
34.0941035,-0.1635568456330486,True,True,False,0.0,old_waveform
34.099659,-0.1517686927148867,True,True,False,0.0,old_waveform
34.1052145,-0.1383723233819611,True,True,False,0.0,old_waveform
34.11077,-0.1232041749309211,True,True,False,0.0,old_waveform
34.1163255,-0.1061065365231345,True,True,False,0.0,old_waveform
34.121881,-0.086928141971493,True,True,False,0.0,old_waveform
34.1274365,-0.0655255266132264,True,True,False,0.0,old_waveform
34.132992,-0.0417654757270083,True,True,False,0.0,old_waveform
34.1385475,-0.0155287470735109,True,True,False,0.0,old_waveform
34.144103,0.0132852794887093,True,True,False,0.0,old_waveform
34.1496585,0.0447538146578839,True,True,False,0.0,old_waveform
34.155214,0.0789263524714812,True,True,False,0.0,old_waveform
34.1607695,0.1158210417842774,True,True,False,0.0,old_waveform
34.166325,0.1554218026564899,True,True,False,0.0,old_waveform
34.1718805,0.1976763292105241,True,True,False,0.0,old_waveform
34.177436,0.2424950848649603,True,True,False,0.0,old_waveform
34.1829915,0.289751233445736,True,True,False,0.0,old_waveform
34.188547,0.3392813634297235,True,True,False,0.0,old_waveform
34.1941025,0.3908868485842546,True,True,False,0.0,old_waveform
34.199658,0.4443356428560589,True,True,False,0.0,old_waveform
34.2052135,0.4993642978021394,True,True,False,0.0,old_waveform
34.210769,0.5556801056651022,True,True,False,0.0,old_waveform
34.2163245,0.6129634586385395,True,True,False,0.0,old_waveform
34.22188,0.6708706029430319,True,True,False,0.0,old_waveform
34.2274355,0.729036871858365,True,True,False,0.0,old_waveform
34.232991,0.787080289259044,True,True,False,0.0,old_waveform
34.2385465,0.8446052402264931,True,True,False,0.0,old_waveform
34.244102,0.9012058166229928,True,True,False,0.0,old_waveform
34.2496575,0.9564686297942,True,True,False,0.0,old_waveform
34.255213,1.0099754116637585,True,True,False,0.0,old_waveform
34.2607685,1.0613061958173498,True,True,False,0.0,old_waveform
34.266324,1.1100436446794366,True,True,False,0.0,old_waveform
34.2718795,1.1557783399264197,True,True,False,0.0,old_waveform
34.277435,1.1981143333950248,True,True,False,0.0,old_waveform
34.2829905,1.2366742536584816,True,True,False,0.0,old_waveform
34.288546,1.271103699950093,True,True,False,0.0,old_waveform
34.2941015,1.3010751210183331,True,True,False,0.0,old_waveform
34.299657,1.3262913440446582,True,True,False,0.0,old_waveform
34.3052125,1.346488674344505,True,True,False,0.0,old_waveform
34.310768,1.3614395220199946,True,True,False,0.0,old_waveform
34.3163235,1.370954551731176,True,True,False,0.0,old_waveform
34.321879,1.374884201193521,True,True,False,0.0,old_waveform
34.3274345,1.373119410484476,True,True,False,0.0,old_waveform
34.33299,1.3655916766635745,True,True,False,0.0,old_waveform
34.3385455,1.3522728526914305,True,True,False,0.0,old_waveform
34.344101,1.3331751161513206,True,True,False,0.0,old_waveform
34.3496565,1.3083511850277063,True,True,False,0.0,old_waveform
34.355212,1.2778945996237974,True,True,False,0.0,old_waveform
34.3607675,1.2419399825235151,True,True,False,0.0,old_waveform
34.366323,1.2006632764818668,True,True,False,0.0,old_waveform
34.3718785,1.1542818047811283,True,True,False,0.0,old_waveform
34.377434,1.1030538380770272,True,True,False,0.0,old_waveform
34.3829895,1.047277356239375,True,True,False,0.0,old_waveform
34.388545,0.9872877564309872,True,True,False,0.0,old_waveform
34.3941005,0.9234544030681188,True,True,False,0.0,old_waveform
34.399656,0.8561762232316863,True,True,False,0.0,old_waveform
34.4052115,0.7858767513727541,True,True,False,0.0,old_waveform
34.410767,0.7129989365798827,True,True,False,0.0,old_waveform
34.4163225,0.637999912839762,True,True,False,0.0,old_waveform
34.421878,0.5613459278227458,True,True,False,0.0,old_waveform
34.4274335,0.4835075980773973,True,True,False,0.0,old_waveform
34.432989,0.404955602986758,True,True,False,0.0,old_waveform
34.4385445,0.3261568043921097,True,True,False,0.0,old_waveform
34.4441,0.2475705623574181,True,True,False,0.0,old_waveform
34.4496555,0.1696450149578174,True,True,False,0.0,old_waveform
34.455211,0.0928133670272406,True,True,False,0.0,old_waveform
34.4607665,0.0174903924301097,True,True,False,0.0,old_waveform
34.466322,-0.0559307136130059,True,True,False,0.0,old_waveform
34.4718775,-0.1270811452581239,True,True,False,0.0,old_waveform
34.477433,-0.1956191751308661,True,True,False,0.0,old_waveform
34.4829885,-0.2612330505214108,True,True,False,0.0,old_waveform
34.488544,-0.3236442311718596,True,True,False,0.0,old_waveform
34.4940995,-0.3826106048259685,True,True,False,0.0,old_waveform
34.499655,-0.43792893558358,True,True,False,0.0,old_waveform
34.5052105,-0.4894360333850973,True,True,False,0.0,old_waveform
34.510766,-0.5370087647389253,True,True,False,0.0,old_waveform
34.5163215,-0.5805634357497718,True,True,False,0.0,old_waveform
34.521877,-0.620055100464676,True,True,False,0.0,old_waveform
34.5274325,-0.655477059161795,True,True,False,0.0,old_waveform
34.532988,-0.6868603474398995,True,True,False,0.0,old_waveform
34.5385435,-0.7142727544420696,True,True,False,0.0,old_waveform
34.544099,-0.7378170633513683,True,True,False,0.0,old_waveform
34.5496545,-0.7576285409539838,True,True,False,0.0,old_waveform
34.55521,-0.7738718781028957,True,True,False,0.0,old_waveform
34.5607655,-0.7867377389103073,True,True,False,0.0,old_waveform
34.566321,-0.7964390213927487,True,True,False,0.0,old_waveform
34.5718765,-0.8032069844101342,True,True,False,0.0,old_waveform
34.577432,-0.8072873839393865,True,True,False,0.0,old_waveform
34.5829875,-0.8089366113162396,True,True,False,0.0,old_waveform
34.588543,-0.8084177967185278,True,True,False,0.0,old_waveform
34.5940985,-0.8059969629169725,True,True,False,0.0,old_waveform
34.599654,-0.8019392677903581,True,True,False,0.0,old_waveform
34.6052095,-0.796505257244049,True,True,False,0.0,old_waveform
34.610765,-0.7899471197731942,True,True,False,0.0,old_waveform
34.6163205,-0.782504920146391,True,True,False,0.0,old_waveform
34.621876,-0.7744026596011075,True,True,False,0.0,old_waveform
34.6274315,-0.7658441965068145,True,True,False,0.0,old_waveform
34.632987,-0.757009495780085,True,True,False,0.0,old_waveform
34.6385425,-0.7480518625203604,True,True,False,0.0,old_waveform
34.644098,-0.7390965361360751,True,True,False,0.0,old_waveform
34.6496535,-0.7302405504578007,True,True,False,0.0,old_waveform
34.655209,-0.7215535777023417,True,True,False,0.0,old_waveform
34.6607645,-0.713079509717917,True,True,False,0.0,old_waveform
34.66632,-0.7048384042207712,True,True,False,0.0,old_waveform
34.6718755,-0.6968283905879925,True,True,False,0.0,old_waveform
34.677431,-0.6890275516864076,True,True,False,0.0,old_waveform
34.6829865,-0.6813961294808936,True,True,False,0.0,old_waveform
34.688542,-0.6738790699185845,True,True,False,0.0,old_waveform
34.6940975,-0.6664084971730615,True,True,False,0.0,old_waveform
34.699653,-0.6589059091940641,True,True,False,0.0,old_waveform
34.7052085,-0.651284277264191,True,True,False,0.0,old_waveform
34.710764,-0.6434501335502002,True,True,False,0.0,old_waveform
34.7163195,-0.6353054761408957,True,True,False,0.0,old_waveform
34.721875,-0.6267494643636197,True,True,False,0.0,old_waveform
34.7274305,-0.6176801131875126,True,True,False,0.0,old_waveform
34.732986,-0.6079960217940511,True,True,False,0.0,old_waveform
34.7385415,-0.5975978379900715,True,True,False,0.0,old_waveform
34.744097,-0.5863892262249718,True,True,False,0.0,old_waveform
34.7496525,-0.5742775400155844,True,True,False,0.0,old_waveform
34.755208,-0.56117469341075,True,True,False,0.0,old_waveform
34.7607635,-0.5469986129770698,True,True,False,0.0,old_waveform
34.766319,-0.5316752786318303,True,True,False,0.0,old_waveform
34.7718745,-0.5151410225227129,True,True,False,0.0,old_waveform
34.77743,-0.4973445928698448,True,True,False,0.0,old_waveform
34.7829855,-0.4782484999495502,True,True,False,0.0,old_waveform
34.788541,-0.4578294577671178,True,True,False,0.0,old_waveform
34.7940965,-0.4360782856083003,True,True,False,0.0,old_waveform
34.799652,-0.4129999337959343,True,True,False,0.0,old_waveform
34.8052075,-0.3886140062252504,True,True,False,0.0,old_waveform
34.810763,-0.3629556452965876,True,True,False,0.0,old_waveform
34.8163185,-0.3360763895800264,True,True,False,0.0,old_waveform
34.821874,-0.3080445459312518,True,True,False,0.0,old_waveform
34.8274295,-0.2789445997084044,True,True,False,0.0,old_waveform
34.832985,-0.2488754478079219,True,True,False,0.0,old_waveform
34.8385405,-0.217947713681987,True,True,False,0.0,old_waveform
34.844096,-0.1862804952751615,True,True,False,0.0,old_waveform
34.8496515,-0.153997575908963,True,True,False,0.0,old_waveform
34.855207,-0.1212230393085075,True,True,False,0.0,old_waveform
34.8607625,-0.0880765008515307,True,True,False,0.0,old_waveform
34.866318,-0.054668378475667,True,True,False,0.0,old_waveform
34.8718735,-0.021095632743934,True,True,False,0.0,old_waveform
34.877429,0.012561661016729,True,True,False,0.0,old_waveform
34.8829845,0.0462427012151674,True,True,False,0.0,old_waveform
34.88854,0.0799074368095764,True,True,False,0.0,old_waveform
34.8940955,0.1135374377219139,True,True,False,0.0,old_waveform
34.899651,0.1471360816959061,True,True,False,0.0,old_waveform
34.9052065,0.1807275411364076,True,True,False,0.0,old_waveform
34.910762,0.2143543090802439,True,True,False,0.0,old_waveform
34.9163175,0.2480736878757863,True,True,False,0.0,old_waveform
34.921873,0.2819539520190154,True,True,False,0.0,old_waveform
34.9274285,0.3160705442587252,True,True,False,0.0,old_waveform
34.932984,0.3505022689225744,True,True,False,0.0,old_waveform
34.9385395,0.3853274784395508,True,True,False,0.0,old_waveform
34.944095,0.4206202927869567,True,True,False,0.0,old_waveform
34.9496505,0.4564466826493247,True,True,False,0.0,old_waveform
34.955206,0.4928602158315774,True,True,False,0.0,old_waveform
34.9607615,0.5298975483150207,True,True,False,0.0,old_waveform
34.966317,0.5675740357829279,True,True,False,0.0,old_waveform
34.9718725,0.6058799033780768,True,True,False,0.0,old_waveform
34.977428,0.644777234780983,True,True,False,0.0,old_waveform
34.9829835,0.6841978648070096,True,True,False,0.0,old_waveform
34.988539,0.7240421706520832,True,True,False,0.0,old_waveform
34.9940945,0.7641786229212462,True,True,False,0.0,old_waveform
34.99965,0.8044435093515929,True,True,False,0.0,old_waveform
35.0052055,0.8446411231211521,True,True,False,0.0,old_waveform
35.010761,0.8845451543456249,True,True,False,0.0,old_waveform
35.0163165,0.9238999871888884,True,True,False,0.0,old_waveform
35.021872,0.9624220434727182,True,True,False,0.0,old_waveform
35.0274275,0.9998018031378216,True,True,False,0.0,old_waveform
35.032983,1.0357061828716014,True,True,False,0.0,old_waveform
35.0385385,1.0697815827647823,True,True,False,0.0,old_waveform
35.044094,1.101657908833666,True,True,False,0.0,old_waveform
35.0496495,1.1309536887559757,True,True,False,0.0,old_waveform
35.055205,1.157282206460406,True,True,False,0.0,old_waveform
35.0607605,1.180258430356253,True,True,False,0.0,old_waveform
35.066316,1.1995064082819844,True,True,False,0.0,old_waveform
35.0718715,1.2146668447424531,True,True,False,0.0,old_waveform
35.077427,1.2254046316728842,True,True,False,0.0,old_waveform
35.0829825,1.2314159534594475,True,True,False,0.0,old_waveform
35.088538,1.2324345294907666,True,True,False,0.0,old_waveform
35.0940935,1.2282370018227515,True,True,False,0.0,old_waveform
35.099649,1.2186479577445992,True,True,False,0.0,old_waveform
35.1052045,1.203544915867366,True,True,False,0.0,old_waveform
35.11076,1.18286319915896,True,True,False,0.0,old_waveform
35.1163155,1.1566005878267471,True,True,False,0.0,old_waveform
35.121871,1.1248216927319628,True,True,False,0.0,old_waveform
35.1274265,1.08766178533785,True,True,False,0.0,old_waveform
35.132982,1.0453295192229282,True,True,False,0.0,old_waveform
35.1385375,0.9981077834638588,True,True,False,0.0,old_waveform
35.144093,0.9463520680689378,True,True,False,0.0,old_waveform
35.1496485,0.8904862069089426,True,True,False,0.0,old_waveform
35.155204,0.8309958498781204,True,True,False,0.0,old_waveform
35.1607595,0.7684202408109951,True,True,False,0.0,old_waveform
35.166315,0.7033428124329911,True,True,False,0.0,old_waveform
35.1718705,0.6363809120056773,True,True,False,0.0,old_waveform
35.177426,0.5681748639567654,True,True,False,0.0,old_waveform
35.1829815,0.4993765232090791,True,True,False,0.0,old_waveform
35.188537,0.4306373616377554,True,True,False,0.0,old_waveform
35.1940925,0.3625962324242667,True,True,False,0.0,old_waveform
35.199648,0.2958674209525492,True,True,False,0.0,old_waveform
35.2052035,0.2310298829087221,True,True,False,0.0,old_waveform
35.210759,0.1686183118316655,True,True,False,0.0,old_waveform
35.2163145,0.10911619451527,True,True,False,0.0,old_waveform
35.22187,0.0529506369460006,True,True,False,0.0,old_waveform
35.2274255,0.0004885556669317,True,True,False,0.0,old_waveform
35.232981,-0.0479661040181438,True,True,False,0.0,old_waveform
35.2385365,-0.0921742245645609,True,True,False,0.0,old_waveform
35.244092,-0.1319623964806456,True,True,False,0.0,old_waveform
35.2496475,-0.1672227975429149,True,True,False,0.0,old_waveform
35.255203,-0.1979121650664824,True,True,False,0.0,old_waveform
35.2607585,-0.2240501265584054,True,True,False,0.0,old_waveform
35.266314,-0.2457171892142392,True,True,False,0.0,old_waveform
35.2718695,-0.2630523787155436,True,True,False,0.0,old_waveform
35.277425,-0.2762501773758308,True,True,False,0.0,old_waveform
35.2829805,-0.2855564475368146,True,True,False,0.0,old_waveform
35.288536,-0.2912632702722162,True,True,False,0.0,old_waveform
35.2940915,-0.2937028121377984,True,True,False,0.0,old_waveform
35.299647,-0.293240568416931,True,True,False,0.0,old_waveform
35.3052025,-0.2902685606571116,True,True,False,0.0,old_waveform
35.310758,-0.2851988593143092,True,True,False,0.0,old_waveform
35.3163135,-0.2784572939738539,True,True,False,0.0,old_waveform
35.321869,-0.2704771183220867,True,True,False,0.0,old_waveform
35.3274245,-0.2616927021512162,True,True,False,0.0,old_waveform
35.33298,-0.2525333814402964,True,True,False,0.0,old_waveform
35.3385355,-0.2434174024662965,True,True,False,0.0,old_waveform
35.344091,-0.2347458775689582,True,True,False,0.0,old_waveform
35.3496465,-0.2268968688421676,True,True,False,0.0,old_waveform
35.355202,-0.2202199199168668,True,True,False,0.0,old_waveform
35.3607575,-0.2150314379114006,True,True,False,0.0,old_waveform
35.366313,-0.2116112884915338,True,True,False,0.0,old_waveform
35.3718685,-0.2102008184477784,True,True,False,0.0,old_waveform
35.377424,-0.2110022365170859,True,True,False,0.0,old_waveform
35.3829795,-0.2141790073190408,True,True,False,0.0,old_waveform
35.388535,-0.2198569009482324,True,True,False,0.0,old_waveform
35.3940905,-0.2281255649927752,True,True,False,0.0,old_waveform
35.399646,-0.2390405968199199,True,True,False,0.0,old_waveform
35.4052015,-0.2526258491418239,True,True,False,0.0,old_waveform
35.410757,-0.2688753543898776,True,True,False,0.0,old_waveform
35.4163125,-0.2877543598654506,True,True,False,0.0,old_waveform
35.421868,-0.3091995557733279,True,True,False,0.0,old_waveform
35.4274235,-0.333118846992303,True,True,False,0.0,old_waveform
35.432979,-0.3593906236951415,True,True,False,0.0,old_waveform
35.4385345,-0.3878623102522208,True,True,False,0.0,old_waveform
35.44409,-0.4183484665030575,True,True,False,0.0,old_waveform
35.4496455,-0.4506291749395973,True,True,False,0.0,old_waveform
35.455201,-0.4844494839510336,True,True,False,0.0,old_waveform
35.4607565,-0.5195204305986305,True,True,False,0.0,old_waveform
35.466312,-0.5555216796650416,True,True,False,0.0,old_waveform
35.4718675,-0.5921053978704784,True,True,False,0.0,old_waveform
35.477423,-0.6289010052311677,True,True,False,0.0,old_waveform
35.4829785,-0.6655206565098857,True,True,False,0.0,old_waveform
35.488534,-0.7015653213973893,True,True,False,0.0,old_waveform
35.4940895,-0.7366313325253699,True,True,False,0.0,old_waveform
35.499645,-0.7703174901697816,True,True,False,0.0,old_waveform
35.5052005,-0.802232948220628,True,True,False,0.0,old_waveform
35.510756,-0.8320058048828394,True,True,False,0.0,old_waveform
35.5163115,-0.8592918124491129,True,True,False,0.0,old_waveform
35.521867,-0.8837824489297877,True,True,False,0.0,old_waveform
35.5274225,-0.9052118151280244,True,True,False,0.0,old_waveform
35.532978,-0.9233619231843596,True,True,False,0.0,old_waveform
35.5385335,-0.938065841448072,True,True,False,0.0,old_waveform
35.544089,-0.9492083790976216,True,True,False,0.0,old_waveform
35.5496445,-0.9567245823436556,True,True,False,0.0,old_waveform
35.5552,-0.9605966317049608,True,True,False,0.0,old_waveform
35.5607555,-0.960849505253196,True,True,False,0.0,old_waveform
35.566311,-0.957545534539052,True,True,False,0.0,old_waveform
35.5718665,-0.9507780993315744,True,True,False,0.0,old_waveform
35.577422,-0.9406648512821594,True,True,False,0.0,old_waveform
35.5829775,-0.927340794462901,True,True,False,0.0,old_waveform
35.588533,-0.9109514656330036,True,True,False,0.0,old_waveform
35.5940885,-0.8916463782411727,True,True,False,0.0,old_waveform
35.599644,-0.8695728372988173,True,True,False,0.0,old_waveform
35.6051995,-0.8448704095631593,True,True,False,0.0,old_waveform
35.610755,-0.8176665444223473,True,True,False,0.0,old_waveform
35.6163105,-0.7880735765231335,True,True,False,0.0,old_waveform
35.621866,-0.7561867624540942,True,True,False,0.0,old_waveform
35.6274215,-0.7220827720873816,True,True,False,0.0,old_waveform
35.632977,-0.6858183527269526,True,True,False,0.0,old_waveform
35.6385325,-0.6474294180502328,True,True,False,0.0,old_waveform
35.644088,-0.6069311749248291,True,True,False,0.0,old_waveform
35.6496435,-0.5643197290485596,True,True,False,0.0,old_waveform
35.655199,-0.5195750736266145,True,True,False,0.0,old_waveform
35.6607545,-0.4726649849176314,True,True,False,0.0,old_waveform
35.66631,-0.4235492656555098,True,True,False,0.0,old_waveform
35.6718655,-0.3721839396693994,True,True,False,0.0,old_waveform
35.677421,-0.3185253212461053,True,True,False,0.0,old_waveform
35.6829765,-0.2625339661229276,True,True,False,0.0,old_waveform
35.688532,-0.2041783261188073,True,True,False,0.0,old_waveform
35.6940875,-0.1434380461810543,True,True,False,0.0,old_waveform
35.699643,-0.0803072582830673,True,True,False,0.0,old_waveform
35.7051985,-0.0147982415560297,True,True,False,0.0,old_waveform
35.710754,0.0530545851355766,True,True,False,0.0,old_waveform
35.7163095,0.12319051271457,True,True,False,0.0,old_waveform
35.721865,0.1955183325931841,True,True,False,0.0,old_waveform
35.7274205,0.2699123131899594,True,True,False,0.0,old_waveform
35.732976,0.3462086796471004,True,True,False,0.0,old_waveform
35.7385315,0.4242027703073253,True,True,False,0.0,old_waveform
35.744087,0.5036471085334207,True,True,False,0.0,old_waveform
35.7496425,0.5842507059573983,True,True,False,0.0,old_waveform
35.755198,0.6656795016022984,True,True,False,0.0,old_waveform
35.7607535,0.7475573657886079,True,True,False,0.0,old_waveform
35.766309,0.8294673110842433,True,True,False,0.0,old_waveform
35.7718645,0.910953211378324,True,True,False,0.0,old_waveform
35.77742,0.9915225290525864,True,True,False,0.0,old_waveform
35.7829755,1.0706501815371303,True,True,False,0.0,old_waveform
35.788531,1.1477834244671192,True,True,False,0.0,old_waveform
35.7940865,1.222347661757882,True,True,False,0.0,old_waveform
35.799642,1.293753127739713,True,True,False,0.0,old_waveform
35.8051975,1.3614023310128025,True,True,False,0.0,old_waveform
35.810753,1.4246979172334224,True,True,False,0.0,old_waveform
35.8163085,1.483050446916056,True,True,False,0.0,old_waveform
35.821864,1.5358860028124597,True,True,False,0.0,old_waveform
35.8274195,1.5826541076863476,True,True,False,0.0,old_waveform
35.832975,1.6228363240149708,True,True,False,0.0,old_waveform
35.8385305,1.6559554036717847,True,True,False,0.0,old_waveform
35.844086,1.6815846186088428,True,True,False,0.0,old_waveform
35.8496415,1.6993568605746152,True,True,False,0.0,old_waveform
35.855197,1.70897306955842,True,True,False,0.0,old_waveform
35.8607525,1.7102096158065023,True,True,False,0.0,old_waveform
35.866308,1.7029243389604427,True,True,False,0.0,old_waveform
35.8718635,1.6870609998267567,True,True,False,0.0,old_waveform
35.877419,1.6626519812648357,True,True,False,0.0,old_waveform
35.8829745,1.629819155195365,True,True,False,0.0,old_waveform
35.88853,1.5887730198388317,True,True,False,0.0,old_waveform
35.8940855,1.539810387502202,True,True,False,0.0,old_waveform
35.899641,1.483310625517415,True,True,False,0.0,old_waveform
35.9051965,1.4197300124438927,True,True,False,0.0,old_waveform
35.910752,1.3495939913874817,True,True,False,0.0,old_waveform
35.9163075,1.2734878809725485,True,True,False,0.0,old_waveform
35.921863,1.19204705164495,True,True,False,0.0,old_waveform
35.9274185,1.1059472647970163,True,True,False,0.0,old_waveform
35.932974,1.0158952291994143,True,True,False,0.0,old_waveform
35.9385295,0.922619123018408,True,True,False,0.0,old_waveform
35.944085,0.8268589855803653,True,True,False,0.0,old_waveform
35.9496405,0.7293570834345499,True,True,False,0.0,old_waveform
35.955196,0.6308483911822446,True,True,False,0.0,old_waveform
35.9607515,0.5320513670110725,True,True,False,0.0,old_waveform
35.966307,0.4336592787126076,True,True,False,0.0,old_waveform
35.9718625,0.3363323318944552,True,True,False,0.0,old_waveform
35.977418,0.2406907277289151,True,True,False,0.0,old_waveform
35.9829735,0.1473085715789458,True,True,False,0.0,old_waveform
35.988529,0.0567085428370351,True,True,False,0.0,old_waveform
35.9940845,-0.0306424169422745,True,True,False,0.0,old_waveform
35.99964,-0.1143358771642181,True,True,False,0.0,old_waveform
36.0051955,-0.1940234189518025,True,True,False,0.0,old_waveform
36.010751,-0.269416843310282,True,True,False,0.0,old_waveform
36.0163065,-0.3402875353086396,True,True,False,0.0,old_waveform
36.021862,-0.4064660166349766,True,True,False,0.0,old_waveform
36.0274175,-0.4678410224821083,True,True,False,0.0,old_waveform
36.032973,-0.5243578688487068,True,True,False,0.0,old_waveform
36.0385285,-0.5760158064154944,True,True,False,0.0,old_waveform
36.044084,-0.6228643531299818,True,True,False,0.0,old_waveform
36.0496395,-0.6649986547208458,True,True,False,0.0,old_waveform
36.055195,-0.7025539670273,True,True,False,0.0,old_waveform
36.0607505,-0.7356996769823665,True,True,False,0.0,old_waveform
36.066306,-0.7646333903148644,True,True,False,0.0,old_waveform
36.0718615,-0.7895753362320101,True,True,False,0.0,old_waveform
36.077417,-0.8107631904671954,True,True,False,0.0,old_waveform
36.0829725,-0.8284474058488369,True,True,False,0.0,old_waveform
36.088528,-0.8428869886909256,True,True,False,0.0,old_waveform
36.0940835,-0.8543455241257295,True,True,False,0.0,old_waveform
36.099639,-0.8630871972295312,True,True,False,0.0,old_waveform
36.1051945,-0.86937262788922,True,True,False,0.0,old_waveform
36.11075,-0.8734547485155426,True,True,False,0.0,old_waveform
36.1163055,-0.875575290485724,True,True,False,0.0,old_waveform
36.121861,-0.8759621731670701,True,True,False,0.0,old_waveform
36.1274165,-0.8748276817631617,True,True,False,0.0,old_waveform
36.132972,-0.8723672456034706,True,True,False,0.0,old_waveform
36.1385275,-0.8687585208692088,True,True,False,0.0,old_waveform
36.144083,-0.8641602904485837,True,True,False,0.0,old_waveform
36.1496385,-0.858710874910946,True,True,False,0.0,old_waveform
36.155194,-0.8525262026489123,True,True,False,0.0,old_waveform
36.1607495,-0.8456979340946987,True,True,False,0.0,old_waveform
36.166305,-0.8382919828717448,True,True,False,0.0,old_waveform
36.1718605,-0.8303475618258007,True,True,False,0.0,old_waveform
36.177416,-0.821876690460741,True,True,False,0.0,old_waveform
36.1829715,-0.8128642356092146,True,True,False,0.0,old_waveform
36.188527,-0.8032689182046778,True,True,False,0.0,old_waveform
36.1940825,-0.7930257127290932,True,True,False,0.0,old_waveform
36.199638,-0.7820495899115688,True,True,False,0.0,old_waveform
36.2051935,-0.7702401805363784,True,True,False,0.0,old_waveform
36.210749,-0.7574869369675963,True,True,False,0.0,old_waveform
36.2163045,-0.7436744448588902,True,True,False,0.0,old_waveform
36.22186,-0.7286875577420868,True,True,False,0.0,old_waveform
36.2274155,-0.7124162272390379,True,True,False,0.0,old_waveform
36.232971,-0.6947601202178302,True,True,False,0.0,old_waveform
36.2385265,-0.6756328712218831,True,True,False,0.0,old_waveform
36.244082,-0.6549654102826247,True,True,False,0.0,old_waveform
36.2496375,-0.6327079177325418,True,True,False,0.0,old_waveform
36.255193,-0.6088304687241259,True,True,False,0.0,old_waveform
36.2607485,-0.5833227784626952,True,True,False,0.0,old_waveform
36.266304,-0.5561935624666181,True,True,False,0.0,old_waveform
36.2718595,-0.5274700368976002,True,True,False,0.0,old_waveform
36.277415,-0.4971978460821231,True,True,False,0.0,old_waveform
36.2829705,-0.4654412689525247,True,True,False,0.0,old_waveform
36.288526,-0.4322834185297333,True,True,False,0.0,old_waveform
36.2940815,-0.3978263428630617,True,True,False,0.0,old_waveform
36.299637,-0.3621910678464189,True,True,False,0.0,old_waveform
36.3051925,-0.3255176241928854,True,True,False,0.0,old_waveform
36.310748,-0.2879649824139828,True,True,False,0.0,old_waveform
36.3163035,-0.2497106152111544,True,True,False,0.0,old_waveform
36.321859,-0.2109494068996449,True,True,False,0.0,old_waveform
36.3274145,-0.1718918192177224,True,True,False,0.0,old_waveform
36.33297,-0.1327613248735245,True,True,False,0.0,old_waveform
36.3385255,-0.0937912395186201,True,True,False,0.0,old_waveform
36.344081,-0.0552213055043174,True,True,False,0.0,old_waveform
36.3496365,-0.0172943373627724,True,True,False,0.0,old_waveform
36.355192,0.0197472428791039,True,True,False,0.0,old_waveform
36.3607475,0.0556655259626735,True,True,False,0.0,old_waveform
36.366303,0.0902321654912545,True,True,False,0.0,old_waveform
36.3718585,0.1232340793628295,True,True,False,0.0,old_waveform
36.377414,0.1544792784150928,True,True,False,0.0,old_waveform
36.3829695,0.1838023360922801,True,True,False,0.0,old_waveform
36.388525,0.211069126012507,True,True,False,0.0,old_waveform
36.3940805,0.2361805183040285,True,True,False,0.0,old_waveform
36.399636,0.2590747421183895,True,True,False,0.0,old_waveform
36.4051915,0.2797282872617959,True,True,False,0.0,old_waveform
36.410747,0.2981554711982406,True,True,False,0.0,old_waveform
36.4163025,0.3144069270405372,True,True,False,0.0,old_waveform
36.421858,0.3285673445011141,True,True,False,0.0,old_waveform
36.4274135,0.3407527973292517,True,True,False,0.0,old_waveform
36.432969,0.351107759437124,True,True,False,0.0,old_waveform
36.4385245,0.3598016486412162,True,True,False,0.0,old_waveform
36.44408,0.3670247873427626,True,True,False,0.0,old_waveform
36.4496355,0.3729839772104281,True,True,False,0.0,old_waveform
36.455191,0.3778981138417913,True,True,False,0.0,old_waveform
36.4607465,0.3819942531478661,True,True,False,0.0,old_waveform
36.466302,0.3855042690036961,True,True,False,0.0,old_waveform
36.4718575,0.3886617274838034,True,True,False,0.0,old_waveform
36.477413,0.3916981959703867,True,True,False,0.0,old_waveform
36.4829685,0.3948384770327606,True,True,False,0.0,old_waveform
36.488524,0.3982950827562744,True,True,False,0.0,old_waveform
36.4940795,0.4022627509500442,True,True,False,0.0,old_waveform
36.499635,0.4069135622814214,True,True,False,0.0,old_waveform
36.5051905,0.4123927743207159,True,True,False,0.0,old_waveform
36.510746,0.4188153663879967,True,True,False,0.0,old_waveform
36.5163015,0.4262634681759031,True,True,False,0.0,old_waveform
36.521857,0.4347849731453031,True,True,False,0.0,old_waveform
36.5274125,0.4443935042790294,True,True,False,0.0,old_waveform
36.532968,0.4550696938275091,True,True,False,0.0,old_waveform
36.5385235,0.4667636392582945,True,True,False,0.0,old_waveform
36.544079,0.4793982687958752,True,True,False,0.0,old_waveform
36.5496345,0.4928731395553992,True,True,False,0.0,old_waveform
36.55519,0.5070680943327733,True,True,False,0.0,old_waveform
36.5607455,0.521846301812249,True,True,False,0.0,old_waveform
36.566301,0.5370564724270437,True,True,False,0.0,old_waveform
36.5718565,0.5525344983620741,True,True,False,0.0,old_waveform
36.577412,0.5681051182881708,True,True,False,0.0,old_waveform
36.5829675,0.5835840498512385,True,True,False,0.0,old_waveform
36.588523,0.5987806705153598,True,True,False,0.0,old_waveform
36.5940785,0.6135013045066087,True,True,False,0.0,old_waveform
36.599634,0.6275532834671245,True,True,False,0.0,old_waveform
36.6051895,0.6407497059479128,True,True,False,0.0,old_waveform
36.610745,0.6529143457739796,True,True,False,0.0,old_waveform
36.6163005,0.6638860091134526,True,True,False,0.0,old_waveform
36.621856,0.673521995793187,True,True,False,0.0,old_waveform
36.6274115,0.6817006746928036,True,True,False,0.0,old_waveform
36.632967,0.6883231451425678,True,True,False,0.0,old_waveform
36.6385225,0.6933137644133663,True,True,False,0.0,old_waveform
36.644078,0.6966192431751943,True,True,False,0.0,old_waveform
36.6496335,0.6982061626493826,True,True,False,0.0,old_waveform
36.655189,0.6980572774002161,True,True,False,0.0,old_waveform
36.6607445,0.6961675154894114,True,True,False,0.0,old_waveform
36.6663,0.6925404456117801,True,True,False,0.0,old_waveform
36.6718555,0.6871851558178379,True,True,False,0.0,old_waveform
36.677411,0.6801130168299006,True,True,False,0.0,old_waveform
36.6829665,0.6713342366150725,True,True,False,0.0,old_waveform
36.688522,0.6608547061158944,True,True,False,0.0,old_waveform
36.6940775,0.6486736309281615,True,True,False,0.0,old_waveform
36.699633,0.634782117191439,True,True,False,0.0,old_waveform
36.7051885,0.6191627403011886,True,True,False,0.0,old_waveform
36.710744,0.60179001606912,True,True,False,0.0,old_waveform
36.7162995,0.5826314753259826,True,True,False,0.0,old_waveform
36.721855,0.5616490306090681,True,True,False,0.0,old_waveform
36.7274105,0.538800537110686,True,True,False,0.0,old_waveform
36.732966,0.5140416923848091,True,True,False,0.0,old_waveform
36.7385215,0.4873286178332735,True,True,False,0.0,old_waveform
36.744077,0.4586213736922965,True,True,False,0.0,old_waveform
36.7496325,0.4278882513828276,True,True,False,0.0,old_waveform
36.755188,0.3951103608305212,True,True,False,0.0,old_waveform
36.7607435,0.3602860014542583,True,True,False,0.0,old_waveform
36.766299,0.3234345019893804,True,True,False,0.0,old_waveform
36.7718545,0.2845994656860423,True,True,False,0.0,old_waveform
36.77741,0.2438514538485067,True,True,False,0.0,old_waveform
36.7829655,0.2012900672759083,True,True,False,0.0,old_waveform
36.788521,0.1570452548653291,True,True,False,0.0,old_waveform
36.7940765,0.1112775505090049,True,True,False,0.0,old_waveform
36.799632,0.0641770807241536,True,True,False,0.0,old_waveform
36.8051875,0.0159617038731421,True,True,False,0.0,old_waveform
36.810743,-0.0331250936411706,True,True,False,0.0,old_waveform
36.8162985,-0.0828163052006118,True,True,False,0.0,old_waveform
36.821854,-0.1328237381144449,True,True,False,0.0,old_waveform
36.8274095,-0.1828408841891098,True,True,False,0.0,old_waveform
36.832965,-0.232546612968223,True,True,False,0.0,old_waveform
36.8385205,-0.2816100217822688,True,True,False,0.0,old_waveform
36.844076,-0.3296966151359768,True,True,False,0.0,old_waveform
36.8496315,-0.3764754601272728,True,True,False,0.0,old_waveform
36.855187,-0.421626520676494,True,True,False,0.0,old_waveform
36.8607425,-0.4648473666104292,True,True,False,0.0,old_waveform
36.866298,-0.5058585807547751,True,True,False,0.0,old_waveform
36.8718535,-0.5444072987848187,True,True,False,0.0,old_waveform
36.877409,-0.5802687867333761,True,True,False,0.0,old_waveform
36.8829645,-0.6132467121528917,True,True,False,0.0,old_waveform
36.88852,-0.6431730757396258,True,True,False,0.0,old_waveform
36.8940755,-0.669908437533978,True,True,False,0.0,old_waveform
36.899631,-0.693342666351926,True,True,False,0.0,old_waveform
36.9051865,-0.7133962330675149,True,True,False,0.0,old_waveform
36.910742,-0.7300217650378571,True,True,False,0.0,old_waveform
36.9162975,-0.7432052664756258,True,True,False,0.0,old_waveform
36.921853,-0.7529665683287042,True,True,False,0.0,old_waveform
36.9274085,-0.7593590104112048,True,True,False,0.0,old_waveform
36.932964,-0.7624685142972882,True,True,False,0.0,old_waveform
36.9385195,-0.7624122260087305,True,True,False,0.0,old_waveform
36.944075,-0.7593370760312452,True,True,False,0.0,old_waveform
36.9496305,-0.7534185542457172,True,True,False,0.0,old_waveform
36.955186,-0.7448595177064676,True,True,False,0.0,old_waveform
36.9607415,-0.7338884565740365,True,True,False,0.0,old_waveform
36.966297,-0.720756814842983,True,True,False,0.0,old_waveform
36.9718525,-0.7057353839876145,True,True,False,0.0,old_waveform
36.977408,-0.6891099061040633,True,True,False,0.0,old_waveform
36.9829635,-0.6711760126593629,True,True,False,0.0,old_waveform
36.988519,-0.6522337635017801,True,True,False,0.0,old_waveform
36.9940745,-0.6325819170618386,True,True,False,0.0,old_waveform
36.99963,-0.6125113683286231,True,True,False,0.0,old_waveform
37.0051855,-0.5922984821291291,True,True,False,0.0,old_waveform
37.010741,-0.572197780772771,True,True,False,0.0,old_waveform
37.0162965,-0.5524347189278394,True,True,False,0.0,old_waveform
37.021852,-0.5332000509535058,True,True,False,0.0,old_waveform
37.0274075,-0.5146455004722559,True,True,False,0.0,old_waveform
37.032963,-0.4968812400506056,True,True,False,0.0,old_waveform
37.0385185,-0.4799752493851126,True,True,False,0.0,old_waveform
37.044074,-0.4639542657110901,True,True,False,0.0,old_waveform
37.0496295,-0.448806117517769,True,True,False,0.0,old_waveform
37.055185,-0.434483366029484,True,True,False,0.0,old_waveform
37.0607405,-0.4209080232245969,True,True,False,0.0,old_waveform
37.066296,-0.4079769334838796,True,True,False,0.0,old_waveform
37.0718515,-0.3955674472817617,True,True,False,0.0,old_waveform
37.077407,-0.3835431322965017,True,True,False,0.0,old_waveform
37.0829625,-0.3717592654198746,True,True,False,0.0,old_waveform
37.088518,-0.3600677951663698,True,True,False,0.0,old_waveform
37.0940735,-0.3483214899789594,True,True,False,0.0,old_waveform
37.099629,-0.3363770464589233,True,True,False,0.0,old_waveform
37.1051845,-0.3240970339706713,True,True,False,0.0,old_waveform
37.11074,-0.3113508036824065,True,True,False,0.0,old_waveform
37.1162955,-0.2980146906125001,True,True,False,0.0,old_waveform
37.121851,-0.2839717731421121,True,True,False,0.0,old_waveform
37.1274065,-0.2691113029859525,True,True,False,0.0,old_waveform
37.132962,-0.2533278277225634,True,True,False,0.0,old_waveform
37.1385175,-0.2365199983064971,True,True,False,0.0,old_waveform
37.144073,-0.2185891389757585,True,True,False,0.0,old_waveform
37.1496285,-0.1994377813029722,True,True,False,0.0,old_waveform
37.155184,-0.178968426850814,True,True,False,0.0,old_waveform
37.1607395,-0.1570828331787186,True,True,False,0.0,old_waveform
37.166295,-0.1336820723264528,True,True,False,0.0,old_waveform
37.1718505,-0.1086674954002718,True,True,False,0.0,old_waveform
37.177406,-0.0819426979233261,True,True,False,0.0,old_waveform
37.1829615,-0.0534165509586574,True,True,False,0.0,old_waveform
37.188517,-0.0230071973515252,True,True,False,0.0,old_waveform
37.1940725,0.0093532659775202,True,True,False,0.0,old_waveform
37.199628,0.0437138261800279,True,True,False,0.0,old_waveform
37.2051835,0.0800998814314672,True,True,False,0.0,old_waveform
37.210739,0.1185094783041764,True,True,False,0.0,old_waveform
37.2162945,0.1589108350044831,True,True,False,0.0,old_waveform
37.22185,0.2012411389514135,True,True,False,0.0,old_waveform
37.2274055,0.2454063859457858,True,True,False,0.0,old_waveform
37.232961,0.2912820544484005,True,True,False,0.0,old_waveform
37.2385165,0.3387145588500093,True,True,False,0.0,old_waveform
37.244072,0.3875235533134424,True,True,False,0.0,old_waveform
37.2496275,0.4375051405040646,True,True,False,0.0,old_waveform
37.255183,0.4884358139288441,True,True,False,0.0,old_waveform
37.2607385,0.5400766743699219,True,True,False,0.0,old_waveform
37.266294,0.5921772995625159,True,True,False,0.0,old_waveform
37.2718495,0.6444786209950312,True,True,False,0.0,old_waveform
37.277405,0.696714403472879,True,True,False,0.0,old_waveform
37.2829605,0.7486115012984954,True,True,False,0.0,old_waveform
37.288516,0.7998894949245449,True,True,False,0.0,old_waveform
37.2940715,0.8502602353300394,True,True,False,0.0,old_waveform
37.299627,0.8994275970616423,True,True,False,0.0,old_waveform
37.3051825,0.9470877082959256,True,True,False,0.0,old_waveform
37.310738,0.9929300039812468,True,True,False,0.0,old_waveform
37.3162935,1.036639462830374,True,True,False,0.0,old_waveform
37.321849,1.077900118447243,True,True,False,0.0,old_waveform
37.3274045,1.1163993603600697,True,True,False,0.0,old_waveform
37.33296,1.151832242197608,True,True,False,0.0,old_waveform
37.3385155,1.1839053683495002,True,True,False,0.0,old_waveform
37.344071,1.2123403705829117,True,True,False,0.0,old_waveform
37.3496265,1.2368770467627934,True,True,False,0.0,old_waveform
37.355182,1.2572762400394977,True,True,False,0.0,old_waveform
37.3607375,1.273322643421436,True,True,False,0.0,old_waveform
37.366293,1.2848275881893545,True,True,False,0.0,old_waveform
37.3718485,1.2916315391951736,True,True,False,0.0,old_waveform
37.377404,1.2936059131952924,True,True,False,0.0,old_waveform
37.3829595,1.290654072182711,True,True,False,0.0,old_waveform
37.388515,1.2827116877708815,True,True,False,0.0,old_waveform
37.3940705,1.269746825946801,True,True,False,0.0,old_waveform
37.399626,1.2517598096402414,True,True,False,0.0,old_waveform
37.4051815,1.2287825617255737,True,True,False,0.0,old_waveform
37.410737,1.200877415607222,True,True,False,0.0,old_waveform
37.4162925,1.1681358852686037,True,True,False,0.0,old_waveform
37.421848,1.1306777278826032,True,True,False,0.0,old_waveform
37.4274035,1.088650150698423,True,True,False,0.0,old_waveform
37.432959,1.0422268907247547,True,True,False,0.0,old_waveform
37.4385145,0.9916070133368976,True,True,False,0.0,old_waveform
37.44407,0.9370134813656884,True,True,False,0.0,old_waveform
37.4496255,0.87869181312961,True,True,False,0.0,old_waveform
37.455181,0.8169091029028518,True,True,False,0.0,old_waveform
37.4607365,0.7519532419087556,True,True,False,0.0,old_waveform
37.466292,0.6841318486139002,True,True,False,0.0,old_waveform
37.4718475,0.613770461089179,True,True,False,0.0,old_waveform
37.477403,0.5412098271173678,True,True,False,0.0,old_waveform
37.4829585,0.4668024000898986,True,True,False,0.0,old_waveform
37.488514,0.3909081852872076,True,True,False,0.0,old_waveform
37.4940695,0.3138899974909589,True,True,False,0.0,old_waveform
37.499625,0.2361082476289146,True,True,False,0.0,old_waveform
37.5051805,0.1579155830876531,True,True,False,0.0,old_waveform
37.510736,0.0796519546754494,True,True,False,0.0,old_waveform
37.5162915,0.0016407366879317,True,True,False,0.0,old_waveform
37.521847,-0.0758138087690639,True,True,False,0.0,old_waveform
37.5274025,-0.1524278743606716,True,True,False,0.0,old_waveform
37.532958,-0.2279385804722914,True,True,False,0.0,old_waveform
37.5385135,-0.3021038390214923,True,True,False,0.0,old_waveform
37.544069,-0.374701758342042,True,True,False,0.0,old_waveform
37.5496245,-0.4455296515554414,True,True,False,0.0,old_waveform
37.55518,-0.5144026548208241,True,True,False,0.0,old_waveform
37.5607355,-0.5811519588502,True,True,False,0.0,old_waveform
37.566291,-0.645622754024016,True,True,False,0.0,old_waveform
37.5718465,-0.7076721868262729,True,True,False,0.0,old_waveform
37.577402,-0.7671678167599073,True,True,False,0.0,old_waveform
37.5829575,-0.8239870428553119,True,True,False,0.0,old_waveform
37.588513,-0.8780175990199924,True,True,False,0.0,old_waveform
37.5940685,-0.9291587468502968,True,True,False,0.0,old_waveform
37.599624,-0.977322613319725,True,True,False,0.0,old_waveform
37.6051795,-1.022435165946677,True,True,False,0.0,old_waveform
37.610735,-1.064436392060145,True,True,False,0.0,old_waveform
37.6162905,-1.1032795532803643,True,True,False,0.0,old_waveform
37.621846,-1.1389298577310387,True,True,False,0.0,old_waveform
37.6274015,-1.1713629347977823,True,True,False,0.0,old_waveform
37.632957,-1.2005631782880046,True,True,False,0.0,old_waveform
37.6385125,-1.2265219743738849,True,True,False,0.0,old_waveform
37.644068,-1.249235959667167,True,True,False,0.0,old_waveform
37.6496235,-1.2687053833933783,True,True,False,0.0,old_waveform
37.655179,-1.2849325474189732,True,True,False,0.0,old_waveform
37.6607345,-1.2979203714054075,True,True,False,0.0,old_waveform
37.66629,-1.3076711769213345,True,True,False,0.0,old_waveform
37.6718455,-1.3141857153242615,True,True,False,0.0,old_waveform
37.677401,-1.3174625377733635,True,True,False,0.0,old_waveform
37.6829565,-1.317497959708663,True,True,False,0.0,old_waveform
37.688512,-1.314286787136674,True,True,False,0.0,old_waveform
37.6940675,-1.307823817548115,True,True,False,0.0,old_waveform
37.699623,-1.298106109125173,True,True,False,0.0,old_waveform
37.7051785,-1.285135886760019,True,True,False,0.0,old_waveform
37.710734,-1.2689236816302587,True,True,False,0.0,old_waveform
37.7162895,-1.2494912176966542,True,True,False,0.0,old_waveform
37.721845,-1.2268737661938809,True,True,False,0.0,old_waveform
37.7274005,-1.201121866183252,True,True,False,0.0,old_waveform
37.732956,-1.1723022370991552,True,True,False,0.0,old_waveform
37.7385115,-1.140497666098166,True,True,False,0.0,old_waveform
37.744067,-1.1058059607869148,True,True,False,0.0,old_waveform
37.7496225,-1.0683384941587213,True,True,False,0.0,old_waveform
37.755178,-1.0282189684695855,True,True,False,0.0,old_waveform
37.7607335,-0.9855827398745304,True,True,False,0.0,old_waveform
37.766289,-0.940576668230234,True,True,False,0.0,old_waveform
37.7718445,-0.8933592290946603,True,True,False,0.0,old_waveform
37.7774,-0.8441006328855938,True,True,False,0.0,old_waveform
37.7829555,-0.7929827836327962,True,True,False,0.0,old_waveform
37.788511,-0.7401988621275476,True,True,False,0.0,old_waveform
37.7940665,-0.6859522379343583,True,True,False,0.0,old_waveform
37.799622,-0.630454561706593,True,True,False,0.0,old_waveform
37.8051775,-0.5739232629903118,True,True,False,0.0,old_waveform
37.810733,-0.5165789459130681,True,True,False,0.0,old_waveform
37.8162885,-0.4586430748266893,True,True,False,0.0,old_waveform
37.821844,-0.4003360859795222,True,True,False,0.0,old_waveform
37.8273995,-0.341875873223214,True,True,False,0.0,old_waveform
37.832955,-0.2834763741052865,True,True,False,0.0,old_waveform
37.8385105,-0.2253458613169797,True,True,False,0.0,old_waveform
37.844066,-0.1676848083121535,True,True,False,0.0,old_waveform
37.8496215,-0.1106836195865791,True,True,False,0.0,old_waveform
37.855177,-0.0545205961982696,True,True,False,0.0,old_waveform
37.8607325,0.0006398004418899,True,True,False,0.0,old_waveform
37.866288,0.0546486120050776,True,True,False,0.0,old_waveform
37.8718435,0.1073742410191928,True,True,False,0.0,old_waveform
37.877399,0.1587046348698469,True,True,False,0.0,old_waveform
37.8829545,0.2085496320143955,True,True,False,0.0,old_waveform
37.88851,0.2568430123917303,True,True,False,0.0,old_waveform
37.8940655,0.303543780798619,True,True,False,0.0,old_waveform
37.899621,0.3486363576979326,True,True,False,0.0,old_waveform
37.9051765,0.3921295585467941,True,True,False,0.0,old_waveform
37.910732,0.4340546862441696,True,True,False,0.0,old_waveform
37.9162875,0.4744634546312061,True,True,False,0.0,old_waveform
37.921843,0.5134263034148746,True,True,False,0.0,old_waveform
37.9273985,0.5510310649113491,True,True,False,0.0,old_waveform
37.932954,0.5873814237748264,True,True,False,0.0,old_waveform
37.9385095,0.6225945688327809,True,True,False,0.0,old_waveform
37.944065,0.6567978272580329,True,True,False,0.0,old_waveform
37.9496205,0.6901244567288134,True,True,False,0.0,old_waveform
37.955176,0.7227089269962991,True,True,False,0.0,old_waveform
37.9607315,0.754682159660791,True,True,False,0.0,old_waveform
37.966287,0.7861673147195499,True,True,False,0.0,old_waveform
37.9718425,0.8172765031383771,True,True,False,0.0,old_waveform
37.977398,0.8481083261216796,True,True,False,0.0,old_waveform
37.9829535,0.8787457463492448,True,True,False,0.0,old_waveform
37.988509,0.9092536738703404,True,True,False,0.0,old_waveform
37.9940645,0.9396759518031964,True,True,False,0.0,old_waveform
37.99962,0.9700319180351644,True,True,False,0.0,old_waveform
38.0051755,1.000312939892723,True,True,False,0.0,old_waveform
38.010731,1.0304803826907538,True,True,False,0.0,old_waveform
38.0162865,1.0604638608778632,True,True,False,0.0,old_waveform
38.021842,1.0901591009594676,True,True,False,0.0,old_waveform
38.0273975,1.119426856378917,True,True,False,0.0,old_waveform
38.032953,1.1480924102516463,True,True,False,0.0,old_waveform
38.0385085,1.17594559279953,True,True,False,0.0,old_waveform
38.044064,1.2027413022107836,True,True,False,0.0,old_waveform
38.0496195,1.2282008150816248,True,True,False,0.0,old_waveform
38.055175,1.2520145107765168,True,True,False,0.0,old_waveform
38.0607305,1.2738465429023411,True,True,False,0.0,old_waveform
38.066286,1.2933413887714025,True,True,False,0.0,old_waveform
38.0718415,1.3101315619359484,True,True,False,0.0,old_waveform
38.077397,1.3238456553039872,True,True,False,0.0,old_waveform
38.0829525,1.3341162803996596,True,True,False,0.0,old_waveform
38.088508,1.340587722344715,True,True,False,0.0,old_waveform
38.0940635,1.3429229372867886,True,True,False,0.0,old_waveform
38.099619,1.3408093788088589,True,True,False,0.0,old_waveform
38.1051745,1.333963493384342,True,True,False,0.0,old_waveform
38.11073,1.3221341751853624,True,True,False,0.0,old_waveform
38.1162855,1.3051054457909872,True,True,False,0.0,old_waveform
38.121841,1.2826985064225398,True,True,False,0.0,old_waveform
38.1273965,1.2547736093549569,True,True,False,0.0,old_waveform
38.132952,1.2212323581324658,True,True,False,0.0,old_waveform
38.1385075,1.182020686949099,True,True,False,0.0,old_waveform
38.144063,1.137132417062452,True,True,False,0.0,old_waveform
38.1496185,1.0866130474446465,True,True,False,0.0,old_waveform
38.155174,1.030563046521496,True,True,False,0.0,old_waveform
38.1607295,0.9691397578000808,True,True,False,0.0,old_waveform
38.166285,0.9025574945154338,True,True,False,0.0,old_waveform
38.1718405,0.8310861718754049,True,True,False,0.0,old_waveform
38.177396,0.7550493429814602,True,True,False,0.0,old_waveform
38.1829515,0.6748223462906744,True,True,False,0.0,old_waveform
38.188507,0.5908306159975246,True,True,False,0.0,old_waveform
38.1940625,0.5035477766133237,True,True,False,0.0,old_waveform
38.199618,0.4134931088958009,True,True,False,0.0,old_waveform
38.2051735,0.3212278634929819,True,True,False,0.0,old_waveform
38.210729,0.2273497959867252,True,True,False,0.0,old_waveform
38.2162845,0.1324857015226802,True,True,False,0.0,old_waveform
38.22184,0.0372824464874402,True,True,False,0.0,old_waveform
38.2273955,-0.0576026051617183,True,True,False,0.0,old_waveform
38.232951,-0.1515110393513798,True,True,False,0.0,old_waveform
38.2385065,-0.2437925223517854,True,True,False,0.0,old_waveform
38.244062,-0.3338138657545847,True,True,False,0.0,old_waveform
38.2496175,-0.4209682047646248,True,True,False,0.0,old_waveform
38.255173,-0.504684013006175,True,True,False,0.0,old_waveform
38.2607285,-0.5844333439179848,True,True,False,0.0,old_waveform
38.266284,-0.6597388235374158,True,True,False,0.0,old_waveform
38.2718395,-0.7301793895389933,True,True,False,0.0,old_waveform
38.277395,-0.7953949655638389,True,True,False,0.0,old_waveform
38.2829505,-0.8550899245975911,True,True,False,0.0,old_waveform
38.288506,-0.9090349957764244,True,True,False,0.0,old_waveform
38.2940615,-0.9570676469629464,True,True,False,0.0,old_waveform
38.299617,-0.999091417525344,True,True,False,0.0,old_waveform
38.3051725,-1.03507462337421,True,True,False,0.0,old_waveform
38.310728,-1.0650483483575108,True,True,False,0.0,old_waveform
38.3162835,-1.0891032227836617,True,True,False,0.0,old_waveform
38.321839,-1.107384678083909,True,True,False,0.0,old_waveform
38.3273945,-1.1200869563536588,True,True,False,0.0,old_waveform
38.33295,-1.127446579457889,True,True,False,0.0,old_waveform
38.3385055,-1.129735980541448,True,True,False,0.0,old_waveform
38.344061,-1.1272576984991072,True,True,False,0.0,old_waveform
38.3496165,-1.1203391812153576,True,True,False,0.0,old_waveform
38.355172,-1.1093279071043507,True,True,False,0.0,old_waveform
38.3607275,-1.094586380721096,True,True,False,0.0,old_waveform
38.366283,-1.0764867869719958,True,True,False,0.0,old_waveform
38.3718385,-1.0554053660174083,True,True,False,0.0,old_waveform
38.377394,-1.031716565564876,True,True,False,0.0,old_waveform
38.3829495,-1.0057870110130047,True,True,False,0.0,old_waveform
38.388505,-0.9779695461004208,True,True,False,0.0,old_waveform
38.3940605,-0.9485978184075284,True,True,False,0.0,old_waveform
38.399616,-0.9179818069847944,True,True,False,0.0,old_waveform
38.4051715,-0.8864043292270622,True,True,False,0.0,old_waveform
38.410727,-0.8541183815578147,True,True,False,0.0,old_waveform
38.4162825,-0.8213454386015755,True,True,False,0.0,old_waveform
38.421838,-0.7882749924774345,True,True,False,0.0,old_waveform
38.4273935,-0.7550651962051955,True,True,False,0.0,old_waveform
38.432949,-0.721844125944679,True,True,False,0.0,old_waveform
38.4385045,-0.6887114877277468,True,True,False,0.0,old_waveform
38.44406,-0.6557410432573854,True,True,False,0.0,old_waveform
38.4496155,-0.6229839686674593,True,True,False,0.0,old_waveform
38.455171,-0.5904729558491651,True,True,False,0.0,old_waveform
38.4607265,-0.5582266634634715,True,True,False,0.0,old_waveform
38.466282,-0.5262542578654892,True,True,False,0.0,old_waveform
38.4718375,-0.49455987759212,True,True,False,0.0,old_waveform
38.477393,-0.4631467276956458,True,True,False,0.0,old_waveform
38.4829485,-0.4320204458069345,True,True,False,0.0,old_waveform
38.488504,-0.4011915211869276,True,True,False,0.0,old_waveform
38.4940595,-0.3706767424409795,True,True,False,0.0,old_waveform
38.499615,-0.3404998239087873,True,True,False,0.0,old_waveform
38.5051705,-0.3106914377666361,True,True,False,0.0,old_waveform
38.510726,-0.2812887832233053,True,True,False,0.0,old_waveform
38.5162815,-0.2523347431554653,True,True,False,0.0,old_waveform
38.521837,-0.2238767115371612,True,True,False,0.0,old_waveform
38.5273925,-0.1959650757226458,True,True,False,0.0,old_waveform
38.532948,-0.1686512049487452,True,True,False,0.0,old_waveform
38.5385035,-0.141985033660331,True,True,False,0.0,old_waveform
38.544059,-0.1160127037479131,True,True,False,0.0,old_waveform
38.5496145,-0.0907747456670723,True,True,False,0.0,old_waveform
38.55517,-0.0663050170354747,True,True,False,0.0,old_waveform
38.5607255,-0.0426303774227244,True,True,False,0.0,old_waveform
38.566281,-0.0197709200117571,True,True,False,0.0,old_waveform
38.5718365,0.0022594789567507,True,True,False,0.0,old_waveform
38.577392,0.0234525000331972,True,True,False,0.0,old_waveform
38.5829475,0.0438048702287525,True,True,False,0.0,old_waveform
38.588503,0.063318405766425,True,True,False,0.0,old_waveform
38.5940585,0.082000865229252,True,True,False,0.0,old_waveform
38.599614,0.0998673548927485,True,True,False,0.0,old_waveform
38.6051695,0.1169417365365104,True,True,False,0.0,old_waveform
38.610725,0.1332577445848358,True,True,False,0.0,old_waveform
38.6162805,0.148859862968164,True,True,False,0.0,old_waveform
38.621836,0.1638041306860153,True,True,False,0.0,old_waveform
38.6273915,0.1781590327686029,True,True,False,0.0,old_waveform
38.632947,0.1920064418519916,True,True,False,0.0,old_waveform
38.6385025,0.2054423767484803,True,True,False,0.0,old_waveform
38.644058,0.2185774278950262,True,True,False,0.0,old_waveform
38.6496135,0.2315367289669354,True,True,False,0.0,old_waveform
38.655169,0.2444591952255811,True,True,False,0.0,old_waveform
38.6607245,0.257495979577137,True,True,False,0.0,old_waveform
38.66628,0.2708086156939688,True,True,False,0.0,old_waveform
38.6718355,0.2845672996271383,True,True,False,0.0,old_waveform
38.677391,0.2989492580048373,True,True,False,0.0,old_waveform
38.6829465,0.3141368891608532,True,True,False,0.0,old_waveform
38.688502,0.3303153924736059,True,True,False,0.0,old_waveform
38.6940575,0.3476696304986586,True,True,False,0.0,old_waveform
38.699613,0.3663801025449399,True,True,False,0.0,old_waveform
38.7051685,0.3866181430180931,True,True,False,0.0,old_waveform
38.710724,0.4085405896123316,True,True,False,0.0,old_waveform
38.7162795,0.4322843129273788,True,True,False,0.0,old_waveform
38.721835,0.4579612380517036,True,True,False,0.0,old_waveform
38.7273905,0.4856544556243989,True,True,False,0.0,old_waveform
38.732946,0.5154155172560113,True,True,False,0.0,old_waveform
38.7385015,0.5472623823479701,True,True,False,0.0,old_waveform
38.744057,0.5811771675087072,True,True,False,0.0,old_waveform
38.7496125,0.617103098197034,True,True,False,0.0,old_waveform
38.755168,0.6549408369967206,True,True,False,0.0,old_waveform
38.7607235,0.6945451348990467,True,True,False,0.0,old_waveform
38.766279,0.735722905541416,True,True,False,0.0,old_waveform
38.7718345,0.7782332543866523,True,True,False,0.0,old_waveform
38.77739,0.8217890957613304,True,True,False,0.0,old_waveform
38.7829455,0.8660594341650689,True,True,False,0.0,old_waveform
38.788501,0.910671656053173,True,True,False,0.0,old_waveform
38.7940565,0.9552138926964852,True,True,False,0.0,old_waveform
38.799612,0.999237795079988,True,True,False,0.0,old_waveform
38.8051675,1.0422617524661577,True,True,False,0.0,old_waveform
38.810723,1.0837743757379446,True,True,False,0.0,old_waveform
38.8162785,1.123238293332502,True,True,False,0.0,old_waveform
38.821834,1.160094554893706,True,True,False,0.0,old_waveform
38.8273895,1.193767957963128,True,True,False,0.0,old_waveform
38.832945,1.223673574456336,True,True,False,0.0,old_waveform
38.8385005,1.2492246458233969,True,True,False,0.0,old_waveform
38.844056,1.2698418108973863,True,True,False,0.0,old_waveform
38.8496115,1.2849634894933064,True,True,False,0.0,old_waveform
38.855167,1.2940571257816915,True,True,False,0.0,old_waveform
38.8607225,1.296630790238472,True,True,False,0.0,old_waveform
38.866278,1.292244514303443,True,True,False,0.0,old_waveform
38.8718335,1.280520824919185,True,True,False,0.0,old_waveform
38.877389,1.2611540781305155,True,True,False,0.0,old_waveform
38.8829445,1.2339181855824688,True,True,False,0.0,old_waveform
38.8885,1.1986723787121685,True,True,False,0.0,old_waveform
38.8940555,1.155364992176144,True,True,False,0.0,old_waveform
38.899611,1.1040355816021534,True,True,False,0.0,old_waveform
38.9051665,1.044815648798553,True,True,False,0.0,old_waveform
38.910722,0.9779280364155636,True,True,False,0.0,old_waveform
38.9162775,0.9036849749185538,True,True,False,0.0,old_waveform
38.921833,0.8224847679106617,True,True,False,0.0,old_waveform
38.9273885,0.7348071636586501,True,True,False,0.0,old_waveform
38.932944,0.6412076103868395,True,True,False,0.0,old_waveform
38.9384995,0.5423107003698117,True,True,False,0.0,old_waveform
38.944055,0.4388030864988727,True,True,False,0.0,old_waveform
38.9496105,0.3314260384898723,True,True,False,0.0,old_waveform
38.955166,0.2209675921557033,True,True,False,0.0,old_waveform
38.9607215,0.1082539855255337,True,True,False,0.0,old_waveform
38.966277,-0.0058599601418418,True,True,False,0.0,old_waveform
38.9718325,-0.1205015189046332,True,True,False,0.0,old_waveform
38.977388,-0.2347914205436965,True,True,False,0.0,old_waveform
38.9829435,-0.3478554170091035,True,True,False,0.0,old_waveform
38.988499,-0.4588356746952881,True,True,False,0.0,old_waveform
38.9940545,-0.566901679258285,True,True,False,0.0,old_waveform
38.99961,-0.6712601312861363,True,True,False,0.0,old_waveform
39.0051655,-0.7711632548832175,True,True,False,0.0,old_waveform
39.010721,-0.8659168613542885,True,True,False,0.0,old_waveform
39.0162765,-0.95488715655264,True,True,False,0.0,old_waveform
39.021832,-1.037505788276632,True,True,False,0.0,old_waveform
39.0273875,-1.113274753275117,True,True,False,0.0,old_waveform
39.032943,-1.1817705948897252,True,True,False,0.0,old_waveform
39.0384985,-1.2426476912573543,True,True,False,0.0,old_waveform
39.044054,-1.2956405085796243,True,True,False,0.0,old_waveform
39.0496095,-1.3405646809521747,True,True,False,0.0,old_waveform
39.055165,-1.3773167694094226,True,True,False,0.0,old_waveform
39.0607205,-1.4058727827535555,True,True,False,0.0,old_waveform
39.066276,-1.426285780844366,True,True,False,0.0,old_waveform
39.0718315,-1.438682800930176,True,True,False,0.0,old_waveform
39.077387,-1.4432611049898332,True,True,False,0.0,old_waveform
39.0829425,-1.4402836797635803,True,True,False,0.0,old_waveform
39.088498,-1.4300740734530273,True,True,False,0.0,old_waveform
39.0940535,-1.4130107933086902,True,True,False,0.0,old_waveform
39.099609,-1.3895214292046258,True,True,False,0.0,old_waveform
39.1051645,-1.3600764885509218,True,True,False,0.0,old_waveform
39.11072,-1.3251828802718917,True,True,False,0.0,old_waveform
39.1162755,-1.2853771010627133,True,True,False,0.0,old_waveform
39.121831,-1.2412181828430433,True,True,False,0.0,old_waveform
39.1273865,-1.193280329308475,True,True,False,0.0,old_waveform
39.132942,-1.1421452462183632,True,True,False,0.0,old_waveform
39.1384975,-1.0883945369878278,True,True,False,0.0,old_waveform
39.144053,-1.032602819371554,True,True,False,0.0,old_waveform
39.1496085,-0.975332083751607,True,True,False,0.0,old_waveform
39.155164,-0.9171273182736212,True,True,False,0.0,old_waveform
39.1607195,-0.8585129662348795,True,True,False,0.0,old_waveform
39.166275,-0.7999896735527837,True,True,False,0.0,old_waveform
39.1718305,-0.7420309856281977,True,True,False,0.0,old_waveform
39.177386,-0.6850799140532112,True,True,False,0.0,old_waveform
39.1829415,-0.6295453468490785,True,True,False,0.0,old_waveform
39.188497,-0.5757981538517134,True,True,False,0.0,old_waveform
39.1940525,-0.5241669363965596,True,True,False,0.0,old_waveform
39.199608,-0.4749337249787851,True,True,False,0.0,old_waveform
39.2051635,-0.4283300741622382,True,True,False,0.0,old_waveform
39.210719,-0.3845339239655183,True,True,False,0.0,old_waveform
39.2162745,-0.3436677343317981,True,True,False,0.0,old_waveform
39.22183,-0.3057985648971179,True,True,False,0.0,old_waveform
39.2273855,-0.2709404263014301,True,True,False,0.0,old_waveform
39.232941,-0.2390586436973337,True,True,False,0.0,old_waveform
39.2384965,-0.2100757539808034,True,True,False,0.0,old_waveform
39.244052,-0.1838784129528255,True,True,False,0.0,old_waveform
39.2496075,-0.1603245232160356,True,True,False,0.0,old_waveform
39.255163,-0.1392497237250889,True,True,False,0.0,old_waveform
39.2607185,-0.1204728761140214,True,True,False,0.0,old_waveform
39.266274,-0.1038007546571311,True,True,False,0.0,old_waveform
39.2718295,-0.089032306595956,True,True,False,0.0,old_waveform
39.277385,-0.0759626437512967,True,True,False,0.0,old_waveform
39.2829405,-0.0643867419113521,True,True,False,0.0,old_waveform
39.288496,-0.0541029214624854,True,True,False,0.0,old_waveform
39.2940515,-0.0449161565298026,True,True,False,0.0,old_waveform
39.299607,-0.0366408981083158,True,True,False,0.0,old_waveform
39.3051625,-0.0291030001566747,True,True,False,0.0,old_waveform
39.310718,-0.0221406624929916,True,True,False,0.0,old_waveform
39.3162735,-0.0156045274909384,True,True,False,0.0,old_waveform
39.321829,-0.0093570558857141,True,True,False,0.0,old_waveform
39.3273845,-0.0032712893636211,True,True,False,0.0,old_waveform
39.33294,0.0027708522115817,True,True,False,0.0,old_waveform
39.3384955,0.008880562012038,True,True,False,0.0,old_waveform
39.344051,0.0151642499618057,True,True,False,0.0,old_waveform
39.3496065,0.0217255952957927,True,True,False,0.0,old_waveform
39.355162,0.0286674380355155,True,True,False,0.0,old_waveform
39.3607175,0.03609346770932,True,True,False,0.0,old_waveform
39.366273,0.0441096189230452,True,True,False,0.0,old_waveform
39.3718285,0.0528249522153966,True,True,False,0.0,old_waveform
39.377384,0.0623518502290107,True,True,False,0.0,old_waveform
39.3829395,0.0728056657597796,True,True,False,0.0,old_waveform
39.388495,0.084304185322432,True,True,False,0.0,old_waveform
39.3940505,0.0969671647203379,True,True,False,0.0,old_waveform
39.399606,0.1109159144914175,True,True,False,0.0,old_waveform
39.4051615,0.1262726812816017,True,True,False,0.0,old_waveform
39.410717,0.143159460508781,True,True,False,0.0,old_waveform
39.4162725,0.1616959925946259,True,True,False,0.0,old_waveform
39.421828,0.1819970544929819,True,True,False,0.0,old_waveform
39.4273835,0.2041694527528164,True,True,False,0.0,old_waveform
39.432939,0.2283089960498503,True,True,False,0.0,old_waveform
39.4384945,0.2544973275531977,True,True,False,0.0,old_waveform
39.44405,0.2827984305133815,True,True,False,0.0,old_waveform
39.4496055,0.313255031712256,True,True,False,0.0,old_waveform
39.455161,0.3458854820270536,True,True,False,0.0,old_waveform
39.4607165,0.3806816186198068,True,True,False,0.0,old_waveform
39.466272,0.4176076984369986,True,True,False,0.0,old_waveform
39.4718275,0.4566000499008273,True,True,False,0.0,old_waveform
39.477383,0.4975669831610151,True,True,False,0.0,old_waveform
39.4829385,0.5403887424016661,True,True,False,0.0,old_waveform
39.488494,0.5849175465413644,True,True,False,0.0,old_waveform
39.4940495,0.630977857099973,True,True,False,0.0,old_waveform
39.499605,0.6783669796453877,True,True,False,0.0,old_waveform
39.5051605,0.7268560490824767,True,True,False,0.0,old_waveform
39.510716,0.7761913725976133,True,True,False,0.0,old_waveform
39.5162715,0.8260959624559032,True,True,False,0.0,old_waveform
39.521827,0.876270986840907,True,True,False,0.0,old_waveform
39.5273825,0.926396894025246,True,True,False,0.0,old_waveform
39.532938,0.9761340889570558,True,True,False,0.0,old_waveform
39.5384935,1.0251232712122047,True,True,False,0.0,old_waveform
39.544049,1.0729858357146644,True,True,False,0.0,old_waveform
39.5496045,1.1193248848599937,True,True,False,0.0,old_waveform
39.55516,1.163727232389458,True,True,False,0.0,old_waveform
39.5607155,1.2057664210962922,True,True,False,0.0,old_waveform
39.566271,1.2450065677996969,True,True,False,0.0,old_waveform
39.5718265,1.2810068891461188,True,True,False,0.0,old_waveform
39.577382,1.3133268420292614,True,True,False,0.0,old_waveform
39.5829375,1.3415318173895132,True,True,False,0.0,old_waveform
39.588493,1.3651993586244304,True,True,False,0.0,old_waveform
39.5940485,1.3839260208256563,True,True,False,0.0,old_waveform
39.599604,1.3973350832398153,True,True,False,0.0,old_waveform
39.6051595,1.4050850823250705,True,True,False,0.0,old_waveform
39.610715,1.4068785870822325,True,True,False,0.0,old_waveform
39.6162705,1.4024702582642743,True,True,False,0.0,old_waveform
39.621826,1.3916732956987368,True,True,False,0.0,old_waveform
39.6273815,1.3743637225287235,True,True,False,0.0,old_waveform
39.632937,1.3504824826559263,True,True,False,0.0,old_waveform
39.6384925,1.3200359322172242,True,True,False,0.0,old_waveform
39.644048,1.2830955021009505,True,True,False,0.0,old_waveform
39.6496035,1.2397968761056075,True,True,False,0.0,old_waveform
39.655159,1.1903384480550767,True,True,False,0.0,old_waveform
39.6607145,1.13497857584443,True,True,False,0.0,old_waveform
39.66627,1.074031396934366,True,True,False,0.0,old_waveform
39.6718255,1.007861576237505,True,True,False,0.0,old_waveform
39.677381,0.9368787260687844,True,True,False,0.0,old_waveform
39.6829365,0.861531929140366,True,True,False,0.0,old_waveform
39.688492,0.7823042802314647,True,True,False,0.0,old_waveform
39.6940475,0.6997072767670923,True,True,False,0.0,old_waveform
39.699603,0.6142751003017081,True,True,False,0.0,old_waveform
39.7051585,0.5265589711904012,True,True,False,0.0,old_waveform
39.710714,0.437121832421136,True,True,False,0.0,old_waveform
39.7162695,0.3465336544280816,True,True,False,0.0,old_waveform
39.721825,0.2553675782570125,True,True,False,0.0,old_waveform
39.7273805,0.1641968975625604,True,True,False,0.0,old_waveform
39.732936,0.0735925060921222,True,True,False,0.0,old_waveform
39.7384915,-0.0158798714407536,True,True,False,0.0,old_waveform
39.744047,-0.1036632472058766,True,True,False,0.0,old_waveform
39.7496025,-0.189213876958581,True,True,False,0.0,old_waveform
39.755158,-0.2720064265865472,True,True,False,0.0,old_waveform
39.7607135,-0.3515393348553371,True,True,False,0.0,old_waveform
39.766269,-0.4273399346399181,True,True,False,0.0,old_waveform
39.7718245,-0.4989690454039254,True,True,False,0.0,old_waveform
39.77738,-0.5660250658772922,True,True,False,0.0,old_waveform
39.7829355,-0.6281479750230342,True,True,False,0.0,old_waveform
39.788491,-0.685023731600892,True,True,False,0.0,old_waveform
39.7940465,-0.7363892798496297,True,True,False,0.0,old_waveform
39.799602,-0.7820379604290046,True,True,False,0.0,old_waveform
39.8051575,-0.8218247325501498,True,True,False,0.0,old_waveform
39.810713,-0.8556703720425639,True,True,False,0.0,old_waveform
39.8162685,-0.8835639480157528,True,True,False,0.0,old_waveform
39.821824,-0.9055633827937992,True,True,False,0.0,old_waveform
39.8273795,-0.9217943262966912,True,True,False,0.0,old_waveform
39.832935,-0.9324475852449567,True,True,False,0.0,old_waveform
39.8384905,-0.9377752271908596,True,True,False,0.0,old_waveform
39.844046,-0.9380856416861044,True,True,False,0.0,old_waveform
39.8496015,-0.933738089774228,True,True,False,0.0,old_waveform
39.855157,-0.9251371959340184,True,True,False,0.0,old_waveform
39.8607125,-0.912727486001618,True,True,False,0.0,old_waveform
39.866268,-0.8969877046452674,True,True,False,0.0,old_waveform
39.8718235,-0.8784243830274086,True,True,False,0.0,old_waveform
39.877379,-0.8575641806403916,True,True,False,0.0,old_waveform
39.8829345,-0.8349449840710399,True,True,False,0.0,old_waveform
39.88849,-0.8111062160090137,True,True,False,0.0,old_waveform
39.8940455,-0.7865789057868603,True,True,False,0.0,old_waveform
39.899601,-0.7618759904687435,True,True,False,0.0,old_waveform
39.9051565,-0.7374833151421946,True,True,False,0.0,old_waveform
39.910712,-0.7138516886092935,True,True,False,0.0,old_waveform
39.9162675,-0.6913900506099725,True,True,False,0.0,old_waveform
39.921823,-0.6704596407237297,True,True,False,0.0,old_waveform
39.9273785,-0.6513691595936877,True,True,False,0.0,old_waveform
39.932934,-0.6343710784710141,True,True,False,0.0,old_waveform
39.9384895,-0.6196592621743651,True,True,False,0.0,old_waveform
39.944045,-0.6073678810259263,True,True,False,0.0,old_waveform
39.9496005,-0.5975714001314815,True,True,False,0.0,old_waveform
39.955156,-0.5902854567677577,True,True,False,0.0,old_waveform
39.9607115,-0.5854685531684743,True,True,False,0.0,old_waveform
39.966267,-0.5830244334557347,True,True,False,0.0,old_waveform
39.9718225,-0.5828048928978056,True,True,False,0.0,old_waveform
39.977378,-0.584612963849529,True,True,False,0.0,old_waveform
39.9829335,-0.5882067962460148,True,True,False,0.0,old_waveform
39.988489,-0.5933046179365674,True,True,False,0.0,old_waveform
39.9940445,-0.5995909633052586,True,True,False,0.0,old_waveform
39.9996,-0.6067240050848306,True,True,False,0.0,old_waveform
40.0051555,-0.6143438762645798,True,True,False,0.0,old_waveform
40.010711,-0.6220815027337738,True,True,False,0.0,old_waveform
40.0162665,-0.6295663635983124,True,True,False,0.0,old_waveform
40.021822,-0.6364329240609954,True,True,False,0.0,old_waveform
40.0273775,-0.6423264748172882,True,True,False,0.0,old_waveform
40.032933,-0.6469084161032455,True,True,False,0.0,old_waveform
40.0384885,-0.6498612476207032,True,True,False,0.0,old_waveform
40.044044,-0.6508935440221477,True,True,False,0.0,old_waveform
40.0495995,-0.6497449840195998,True,True,False,0.0,old_waveform
40.055155,-0.6461909951073261,True,True,False,0.0,old_waveform
40.0607105,-0.6400461585057068,True,True,False,0.0,old_waveform
40.066266,-0.6311656849449606,True,True,False,0.0,old_waveform
40.0718215,-0.6194449757075042,True,True,False,0.0,old_waveform
40.077377,-0.6048178896924942,True,True,False,0.0,old_waveform
40.0829325,-0.5872544587297102,True,True,False,0.0,old_waveform
40.088488,-0.566758626246053,True,True,False,0.0,old_waveform
40.0940435,-0.5433661814113002,True,True,False,0.0,old_waveform
40.099599,-0.5171425077139711,True,True,False,0.0,old_waveform
40.1051545,-0.4881796911236704,True,True,False,0.0,old_waveform
40.11071,-0.4565929845552162,True,True,False,0.0,old_waveform
40.1162655,-0.4225168492729272,True,True,False,0.0,old_waveform
40.121821,-0.3861007353903825,True,True,False,0.0,old_waveform
40.1273765,-0.3475048184915845,True,True,False,0.0,old_waveform
40.132932,-0.3068958724065371,True,True,False,0.0,old_waveform
40.1384875,-0.2644432852914973,True,True,False,0.0,old_waveform
40.144043,-0.2203153300898008,True,True,False,0.0,old_waveform
40.1495985,-0.1746760353144129,True,True,False,0.0,old_waveform
40.155154,-0.127682928753084,True,True,False,0.0,old_waveform
40.1607095,-0.0794856975353925,True,True,False,0.0,old_waveform
40.166265,-0.0302257147818565,True,True,False,0.0,old_waveform
40.1718205,0.0199637310529118,True,True,False,0.0,old_waveform
40.177376,0.0709568869790651,True,True,False,0.0,old_waveform
40.1829315,0.122635031622442,True,True,False,0.0,old_waveform
40.188487,0.1748860484086218,True,True,False,0.0,old_waveform
40.1940425,0.2276038838006776,True,True,False,0.0,old_waveform
40.199598,0.2806877678246032,True,True,False,0.0,old_waveform
40.2051535,0.3340411670877003,True,True,False,0.0,old_waveform
40.210709,0.3875703772629744,True,True,False,0.0,old_waveform
40.2162645,0.4411825656326571,True,True,False,0.0,old_waveform
40.22182,0.4947831752225333,True,True,False,0.0,old_waveform
40.2273755,0.5482729098153264,True,True,False,0.0,old_waveform
40.232931,0.6015446978573227,True,True,False,0.0,old_waveform
40.2384865,0.6544808593131753,True,True,False,0.0,old_waveform
40.244042,0.706950390710494,True,True,False,0.0,old_waveform
40.2495975,0.7588061569282053,True,True,False,0.0,old_waveform
40.255153,0.8098819162989153,True,True,False,0.0,old_waveform
40.2607085,0.8599893828044656,True,True,False,0.0,old_waveform
40.266264,0.908915686187978,True,True,False,0.0,old_waveform
40.2718195,0.9564214571553612,True,True,False,0.0,old_waveform
40.277375,1.0022395769749004,True,True,False,0.0,old_waveform
40.2829305,1.0460747293192156,True,True,False,0.0,old_waveform
40.288486,1.087604158480942,True,True,False,0.0,old_waveform
40.2940415,1.1264800867286722,True,True,False,0.0,old_waveform
40.299597,1.1623339451251138,True,True,False,0.0,old_waveform
40.3051525,1.1947821673482657,True,True,False,0.0,old_waveform
40.310708,1.223433080082913,True,True,False,0.0,old_waveform
40.3162635,1.2478944377048484,True,True,False,0.0,old_waveform
40.321819,1.267781293563592,True,True,False,0.0,old_waveform
40.3273745,1.2827240008883856,True,True,False,0.0,old_waveform
40.33293,1.292376096925932,True,True,False,0.0,old_waveform
40.3384855,1.296421923875296,True,True,False,0.0,old_waveform
40.344041,1.2945841090114407,True,True,False,0.0,old_waveform
40.3495965,1.286630961069499,True,True,False,0.0,old_waveform
40.355152,1.2723834787562822,True,True,False,0.0,old_waveform
40.3607075,1.2517215404198114,True,True,False,0.0,old_waveform
40.366263,1.2245889862276074,True,True,False,0.0,old_waveform
40.3718185,1.190997496565524,True,True,False,0.0,old_waveform
40.377374,1.1510292912146562,True,True,False,0.0,old_waveform
40.3829295,1.1048386773682966,True,True,False,0.0,old_waveform
40.388485,1.0526524876778307,True,True,False,0.0,old_waveform
40.3940405,0.994769464009262,True,True,False,0.0,old_waveform
40.399596,0.9315585718567746,True,True,False,0.0,old_waveform
40.4051515,0.8634561681040188,True,True,False,0.0,old_waveform
40.410707,0.7909618855937728,True,True,False,0.0,old_waveform
40.4162625,0.7146330249649391,True,True,False,0.0,old_waveform
40.421818,0.6350773218820712,True,True,False,0.0,old_waveform
40.4273735,0.5529442444266526,True,True,False,0.0,old_waveform
40.432929,0.4689152621040414,True,True,False,0.0,old_waveform
40.4384845,0.3836935102008078,True,True,False,0.0,old_waveform
40.44404,0.2979929665230684,True,True,False,0.0,old_waveform
40.4495955,0.2125271113846873,True,True,False,0.0,old_waveform
40.455151,0.1279972971810151,True,True,False,0.0,old_waveform
40.4607065,0.0450813470498334,True,True,False,0.0,old_waveform
40.466262,-0.035577158134802,True,True,False,0.0,old_waveform
40.4718175,-0.1133786475788706,True,True,False,0.0,old_waveform
40.477373,-0.1877760951989479,True,True,False,0.0,old_waveform
40.4829285,-0.2582819949850216,True,True,False,0.0,old_waveform
40.488484,-0.3244737060945003,True,True,False,0.0,old_waveform
40.4940395,-0.3859972908268583,True,True,False,0.0,old_waveform
40.499595,-0.4425698418615073,True,True,False,0.0,old_waveform
40.5051505,-0.4939802785406191,True,True,False,0.0,old_waveform
40.510706,-0.5400889082492389,True,True,False,0.0,old_waveform
40.5162615,-0.5808261496281631,True,True,False,0.0,old_waveform
40.521817,-0.6161904090727464,True,True,False,0.0,old_waveform
40.5273725,-0.6462448043961109,True,True,False,0.0,old_waveform
40.532928,-0.6711126759972122,True,True,False,0.0,old_waveform
40.5384835,-0.6909722290707622,True,True,False,0.0,old_waveform
40.544039,-0.7060507651099677,True,True,False,0.0,old_waveform
40.5495945,-0.7166187484049573,True,True,False,0.0,old_waveform
40.55515,-0.7229836587873739,True,True,False,0.0,old_waveform
40.5607055,-0.7254834738951703,True,True,False,0.0,old_waveform
40.566261,-0.7244797122385945,True,True,False,0.0,old_waveform
40.5718165,-0.7203501483426956,True,True,False,0.0,old_waveform
40.577372,-0.7134815360089669,True,True,False,0.0,old_waveform
40.5829275,-0.7042628361801714,True,True,False,0.0,old_waveform
40.588483,-0.6930793670315154,True,True,False,0.0,old_waveform
40.5940385,-0.6803079559448743,True,True,False,0.0,old_waveform
40.599594,-0.666312843420896,True,True,False,0.0,old_waveform
40.6051495,-0.6514419885812366,True,True,False,0.0,old_waveform
40.610705,-0.6360235319524934,True,True,False,0.0,old_waveform
40.6162605,-0.6203624094843679,True,True,False,0.0,old_waveform
40.621816,-0.6047372803100427,True,True,False,0.0,old_waveform
40.6273715,-0.5893979131427356,True,True,False,0.0,old_waveform
40.632927,-0.5745631506450151,True,True,False,0.0,old_waveform
40.6384825,-0.5604194977288612,True,True,False,0.0,old_waveform
40.644038,-0.5471201781652665,True,True,False,0.0,old_waveform
40.6495935,-0.5347844907592342,True,True,False,0.0,old_waveform
40.655149,-0.5234975391191502,True,True,False,0.0,old_waveform
40.6607045,-0.5133105316300064,True,True,False,0.0,old_waveform
40.66626,-0.504241752721973,True,True,False,0.0,old_waveform
40.6718155,-0.4962781772375145,True,True,False,0.0,old_waveform
40.677371,-0.4893775315425272,True,True,False,0.0,old_waveform
40.6829265,-0.4834704329008552,True,True,False,0.0,old_waveform
40.688482,-0.4784623150913419,True,True,False,0.0,old_waveform
40.6940375,-0.4742351734986662,True,True,False,0.0,old_waveform
40.699593,-0.4706494048410444,True,True,False,0.0,old_waveform
40.7051485,-0.4675459557562078,True,True,False,0.0,old_waveform
40.710704,-0.4647487458894098,True,True,False,0.0,old_waveform
40.7162595,-0.4620671835142501,True,True,False,0.0,old_waveform
40.721815,-0.4592986260164572,True,True,False,0.0,old_waveform
40.7273705,-0.4562307099781644,True,True,False,0.0,old_waveform
40.732926,-0.4526435568586037,True,True,False,0.0,old_waveform
40.7384815,-0.4483119626574348,True,True,False,0.0,old_waveform
40.744037,-0.4430076740747947,True,True,False,0.0,old_waveform
40.7495925,-0.4365017403670599,True,True,False,0.0,old_waveform
40.755148,-0.4285669539766711,True,True,False,0.0,old_waveform
40.7607035,-0.4189805777654034,True,True,False,0.0,old_waveform
40.766259,-0.4075276093089969,True,True,False,0.0,old_waveform
40.7718145,-0.394004680026347,True,True,False,0.0,old_waveform
40.77737,-0.3782244635625904,True,True,False,0.0,old_waveform
40.7829255,-0.3600202093359,True,True,False,0.0,old_waveform
40.788481,-0.3392499462606027,True,True,False,0.0,old_waveform
40.7940365,-0.3158002354623803,True,True,False,0.0,old_waveform
40.799592,-0.2895896319496031,True,True,False,0.0,old_waveform
40.8051475,-0.2605718123052538,True,True,False,0.0,old_waveform
40.810703,-0.2287380477874306,True,True,False,0.0,old_waveform
40.8162585,-0.1941187097366281,True,True,False,0.0,old_waveform
40.821814,-0.1567836470075155,True,True,False,0.0,old_waveform
40.8273695,-0.1168415179937642,True,True,False,0.0,old_waveform
40.832925,-0.0744383345108457,True,True,False,0.0,old_waveform
40.8384805,-0.0297553443597602,True,True,False,0.0,old_waveform
40.844036,0.0169938019589703,True,True,False,0.0,old_waveform
40.8495915,0.0655666816653454,True,True,False,0.0,old_waveform
40.855147,0.1156966732825521,True,True,False,0.0,old_waveform
40.8607025,0.1670985549018517,True,True,False,0.0,old_waveform
40.866258,0.2194747700379248,True,True,False,0.0,old_waveform
40.8718135,0.2725216512349436,True,True,False,0.0,old_waveform
40.877369,0.3259350699768559,True,True,False,0.0,old_waveform
40.8829245,0.3794153705232643,True,True,False,0.0,old_waveform
40.88848,0.4326716203753918,True,True,False,0.0,old_waveform
40.8940355,0.4854252439545589,True,True,False,0.0,old_waveform
40.899591,0.5374131351712993,True,True,False,0.0,old_waveform
40.9051465,0.5883902904068257,True,True,False,0.0,old_waveform
40.910702,0.6381319348335628,True,True,False,0.0,old_waveform
40.9162575,0.6864351833334894,True,True,False,0.0,old_waveform
40.921813,0.7331203741108849,True,True,False,0.0,old_waveform
40.9273685,0.778032136489954,True,True,False,0.0,old_waveform
40.932924,0.8210400014688715,True,True,False,0.0,old_waveform
40.9384795,0.8620382073433376,True,True,False,0.0,old_waveform
40.944035,0.9009445232654076,True,True,False,0.0,old_waveform
40.9495905,0.937698218525659,True,True,False,0.0,old_waveform
40.955146,0.9722574344029934,True,True,False,0.0,old_waveform
40.9607015,1.0045961333049185,True,True,False,0.0,old_waveform
40.966257,1.034700657705624,True,True,False,0.0,old_waveform
40.9718125,1.0625658690064552,True,True,False,0.0,old_waveform
40.977368,1.0881908585599374,True,True,False,0.0,old_waveform
40.9829235,1.1115743600894583,True,True,False,0.0,old_waveform
40.988479,1.1327103040975852,True,True,False,0.0,old_waveform
40.9940345,1.1515840760988676,True,True,False,0.0,old_waveform
40.99959,1.1681695141737118,True,True,False,0.0,old_waveform
41.0051455,1.182426400093896,True,True,False,0.0,old_waveform
41.010701,1.1942983663402096,True,True,False,0.0,old_waveform
41.0162565,1.2037110210130222,True,True,False,0.0,old_waveform
41.021812,1.210570989914893,True,True,False,0.0,old_waveform
41.0273675,1.2147664470963009,True,True,False,0.0,old_waveform
41.032923,1.21616897964672,True,True,False,0.0,old_waveform
41.0384785,1.2146365571459758,True,True,False,0.0,old_waveform
41.044034,1.2100172433024432,True,True,False,0.0,old_waveform
41.0495895,1.2021533177833823,True,True,False,0.0,old_waveform
41.055145,1.1908856871987663,True,True,False,0.0,old_waveform
41.0607005,1.1760585797637524,True,True,False,0.0,old_waveform
41.066256,1.1575245401538543,True,True,False,0.0,old_waveform
41.0718115,1.135149771644226,True,True,False,0.0,old_waveform
41.077367,1.1088197609878383,True,True,False,0.0,old_waveform
41.0829225,1.0784449000375156,True,True,False,0.0,old_waveform
41.088478,1.04396575836636,True,True,False,0.0,old_waveform
41.0940335,1.0053577341906688,True,True,False,0.0,old_waveform
41.099589,0.962634812708686,True,True,False,0.0,old_waveform
41.1051445,0.9158521911691913,True,True,False,0.0,old_waveform
41.1107,0.8651077464966125,True,True,False,0.0,old_waveform
41.1162555,0.8105425671508255,True,True,False,0.0,old_waveform
41.121811,0.7523407498618672,True,True,False,0.0,old_waveform
41.1273665,0.6907283337246767,True,True,False,0.0,old_waveform
41.132922,0.6259710503750001,True,True,False,0.0,old_waveform
41.1384775,0.5583709808190634,True,True,False,0.0,old_waveform
41.144033,0.488262844894864,True,True,False,0.0,old_waveform
41.1495885,0.4160105769222441,True,True,False,0.0,old_waveform
41.155144,0.342004080560955,True,True,False,0.0,old_waveform
41.1606995,0.2666556190182165,True,True,False,0.0,old_waveform
41.166255,0.1903955476467728,True,True,False,0.0,old_waveform
41.1718105,0.1136675417493954,True,True,False,0.0,old_waveform
41.177366,0.0369238083759018,True,True,False,0.0,old_waveform
41.1829215,-0.0393792391940745,True,True,False,0.0,old_waveform
41.188477,-0.1147848807440064,True,True,False,0.0,old_waveform
41.1940325,-0.188840076007814,True,True,False,0.0,old_waveform
41.199588,-0.2611000084327164,True,True,False,0.0,old_waveform
41.2051435,-0.3311333397703871,True,True,False,0.0,old_waveform
41.210699,-0.3985280470239006,True,True,False,0.0,old_waveform
41.2162545,-0.4628975591328102,True,True,False,0.0,old_waveform
41.22181,-0.523886867615,True,True,False,0.0,old_waveform
41.2273655,-0.5811781645750868,True,True,False,0.0,old_waveform
41.232921,-0.6344954070780356,True,True,False,0.0,old_waveform
41.2384765,-0.6836073701521742,True,True,False,0.0,old_waveform
41.244032,-0.7283292449577803,True,True,False,0.0,old_waveform
41.2495875,-0.7685232237540803,True,True,False,0.0,old_waveform
41.255143,-0.8040985259758091,True,True,False,0.0,old_waveform
41.2606985,-0.8350111175198675,True,True,False,0.0,old_waveform
41.266254,-0.8612631732976215,True,True,False,0.0,old_waveform
41.2718095,-0.8829021555487742,True,True,False,0.0,old_waveform
41.277365,-0.9000192008893245,True,True,False,0.0,old_waveform
41.2829205,-0.9127465134981352,True,True,False,0.0,old_waveform
41.288476,-0.921253822608748,True,True,False,0.0,old_waveform
41.2940315,-0.9257443697123006,True,True,False,0.0,old_waveform
41.299587,-0.926450897047105,True,True,False,0.0,old_waveform
41.3051425,-0.9236317854687568,True,True,False,0.0,old_waveform
41.310698,-0.9175672393829188,True,True,False,0.0,old_waveform
41.3162535,-0.9085554027543888,True,True,False,0.0,old_waveform
41.321809,-0.8969083552837587,True,True,False,0.0,old_waveform
41.3273645,-0.882947906431044,True,True,False,0.0,old_waveform
41.33292,-0.8670010182915093,True,True,False,0.0,old_waveform
41.3384755,-0.8493947323876234,True,True,False,0.0,old_waveform
41.344031,-0.8304507538123787,True,True,False,0.0,old_waveform
41.3495865,-0.8104801698513916,True,True,False,0.0,old_waveform
41.355142,-0.7897787608178637,True,True,False,0.0,old_waveform
41.3606975,-0.7686230107755122,True,True,False,0.0,old_waveform
41.366253,-0.747266758067757,True,True,False,0.0,old_waveform
41.3718085,-0.7259385906895706,True,True,False,0.0,old_waveform
41.377364,-0.7048401314715822,True,True,False,0.0,old_waveform
41.3829195,-0.6841451211002046,True,True,False,0.0,old_waveform
41.388475,-0.663999094812881,True,True,False,0.0,old_waveform
41.3940305,-0.6445195657713401,True,True,False,0.0,old_waveform
41.399586,-0.6257967296350837,True,True,False,0.0,old_waveform
41.4051415,-0.6078948419908027,True,True,False,0.0,old_waveform
41.410697,-0.5908546081064499,True,True,False,0.0,old_waveform
41.4162525,-0.5746967488626463,True,True,False,0.0,old_waveform
41.421808,-0.5594262878098973,True,True,False,0.0,old_waveform
41.4273635,-0.5450366584762968,True,True,False,0.0,old_waveform
41.432919,-0.5315128578594203,True,True,False,0.0,old_waveform
41.4384745,-0.5188332515908876,True,True,False,0.0,old_waveform
41.44403,-0.5069699485546747,True,True,False,0.0,old_waveform
41.4495855,-0.4958879929250527,True,True,False,0.0,old_waveform
41.455141,-0.485543911755598,True,True,False,0.0,old_waveform
41.4606965,-0.4758841890118623,True,True,False,0.0,old_waveform
41.466252,-0.4668441107786883,True,True,False,0.0,old_waveform
41.4718075,-0.4583472689152628,True,True,False,0.0,old_waveform
41.477363,-0.450305749439346,True,True,False,0.0,old_waveform
41.4829185,-0.442620751655744,True,True,False,0.0,old_waveform
41.488474,-0.4351832953769245,True,True,False,0.0,old_waveform
41.4940295,-0.427874829608708,True,True,False,0.0,old_waveform
41.499585,-0.4205678460446008,True,True,False,0.0,old_waveform
41.5051405,-0.4131268730111671,True,True,False,0.0,old_waveform
41.510696,-0.4054102838537328,True,True,False,0.0,old_waveform
41.5162515,-0.3972729958225795,True,True,False,0.0,old_waveform
41.521807,-0.3885696092404568,True,True,False,0.0,old_waveform
41.5273625,-0.3791574451277266,True,True,False,0.0,old_waveform
41.532918,-0.3688993000842133,True,True,False,0.0,old_waveform
41.5384735,-0.3576659776278277,True,True,False,0.0,old_waveform
41.544029,-0.3453385293800047,True,True,False,0.0,old_waveform
41.5495845,-0.3318099918874784,True,True,False,0.0,old_waveform
41.55514,-0.3169865716294706,True,True,False,0.0,old_waveform
41.5606955,-0.3007884723151134,True,True,False,0.0,old_waveform
41.566251,-0.283150526028163,True,True,False,0.0,old_waveform
41.5718065,-0.2640226645195297,True,True,False,0.0,old_waveform
41.577362,-0.2433702187530498,True,True,False,0.0,old_waveform
41.5829175,-0.2211739315678223,True,True,False,0.0,old_waveform
41.588473,-0.1974295887551987,True,True,False,0.0,old_waveform
41.5940285,-0.1721475022890482,True,True,False,0.0,old_waveform
41.599584,-0.1453522491214386,True,True,False,0.0,old_waveform
41.6051395,-0.1170827500706816,True,True,False,0.0,old_waveform
41.610695,-0.0873923743673698,True,True,False,0.0,old_waveform
41.6162505,-0.0563485838129528,True,True,False,0.0,old_waveform
41.621806,-0.0240316675080746,True,True,False,0.0,old_waveform
41.6273615,0.0094675696402588,True,True,False,0.0,old_waveform
41.632917,0.0440508606274225,True,True,False,0.0,old_waveform
41.6384725,0.0796158253840085,True,True,False,0.0,old_waveform
41.644028,0.1160594655125172,True,True,False,0.0,old_waveform
41.6495835,0.1532819332647292,True,True,False,0.0,old_waveform
41.655139,0.1911904748631359,True,True,False,0.0,old_waveform
41.6606945,0.2297029908826759,True,True,False,0.0,old_waveform
41.66625,0.2687505083229133,True,True,False,0.0,old_waveform
41.6718055,0.3082780083004,True,True,False,0.0,old_waveform
41.677361,0.3482433808936652,True,True,False,0.0,old_waveform
41.6829165,0.3886148314595489,True,True,False,0.0,old_waveform
41.688472,0.429367539702276,True,True,False,0.0,old_waveform
41.6940275,0.4704803679963039,True,True,False,0.0,old_waveform
41.699583,0.5119329862126043,True,True,False,0.0,old_waveform
41.7051385,0.5537032223375055,True,True,False,0.0,old_waveform
41.710694,0.5957641021522966,True,True,False,0.0,old_waveform
41.7162495,0.6380802190002975,True,True,False,0.0,old_waveform
41.721805,0.6806035868930975,True,True,False,0.0,old_waveform
41.7273605,0.7232694551528779,True,True,False,0.0,old_waveform
41.732916,0.7659925796382041,True,True,False,0.0,old_waveform
41.7384715,0.8086643290571939,True,True,False,0.0,old_waveform
41.744027,0.8511508396414015,True,True,False,0.0,old_waveform
41.7495825,0.8932922856572402,True,True,False,0.0,old_waveform
41.755138,0.9349032036739288,True,True,False,0.0,old_waveform
41.7606935,0.9757736753024382,True,True,False,0.0,old_waveform
41.766249,1.0156711905127631,True,True,False,0.0,old_waveform
41.7718045,1.054343185322714,True,True,False,0.0,old_waveform
41.77736,1.091520286060072,True,True,False,0.0,old_waveform
41.7829155,1.1269201239070028,True,True,False,0.0,old_waveform
41.788471,1.1602515203223416,True,True,False,0.0,old_waveform
41.7940265,1.1912190006455117,True,True,False,0.0,old_waveform
41.799582,1.2195276136364226,True,True,False,0.0,old_waveform
41.8051375,1.244887838649524,True,True,False,0.0,old_waveform
41.810693,1.2670203853186337,True,True,False,0.0,old_waveform
41.8162485,1.2856609566753856,True,True,False,0.0,old_waveform
41.821804,1.3005650308716024,True,True,False,0.0,old_waveform
41.8273595,1.311512329432076,True,True,False,0.0,old_waveform
41.832915,1.31831044100571,True,True,False,0.0,old_waveform
41.8384705,1.3207973297910036,True,True,False,0.0,old_waveform
41.844026,1.318842763415892,True,True,False,0.0,old_waveform
41.8495815,1.3123488206338558,True,True,False,0.0,old_waveform
41.855137,1.301249800714959,True,True,False,0.0,old_waveform
41.8606925,1.2855119025864032,True,True,False,0.0,old_waveform
41.866248,1.2651327661956144,True,True,False,0.0,old_waveform
41.8718035,1.2401407976120675,True,True,False,0.0,old_waveform
41.877359,1.2105943500030183,True,True,False,0.0,old_waveform
41.8829145,1.176580825233192,True,True,False,0.0,old_waveform
41.88847,1.1382154748293962,True,True,False,0.0,old_waveform
41.8940255,1.095639628568217,True,True,False,0.0,old_waveform
41.899581,1.0490183449820878,True,True,False,0.0,old_waveform
41.9051365,0.9985375869934858,True,True,False,0.0,old_waveform
41.910692,0.9444009208111352,True,True,False,0.0,old_waveform
41.9162475,0.8868258038688034,True,True,False,0.0,old_waveform
41.921803,0.8260397819117625,True,True,False,0.0,old_waveform
41.9273585,0.7622770384639863,True,True,False,0.0,old_waveform
41.932914,0.6957756367783602,True,True,False,0.0,old_waveform
41.9384695,0.6267755770165893,True,True,False,0.0,old_waveform
41.944025,0.5555176231770447,True,True,False,0.0,old_waveform
41.9495805,0.4822427866214879,True,True,False,0.0,old_waveform
41.955136,0.407192274456929,True,True,False,0.0,old_waveform
41.9606915,0.3306076824114198,True,True,False,0.0,old_waveform
41.966247,0.2527313775906706,True,True,False,0.0,old_waveform
41.9718025,0.1738072340951427,True,True,False,0.0,old_waveform
41.977358,0.09408189538022,True,True,False,0.0,old_waveform
41.9829135,0.0138065175649612,True,True,False,0.0,old_waveform
41.988469,-0.0667613092127263,True,True,False,0.0,old_waveform
41.9940245,-0.1473558787342944,True,True,False,0.0,old_waveform
41.99958,-0.2277017172260768,True,True,False,0.0,old_waveform
42.0051355,-0.3075126765557221,True,True,False,0.0,old_waveform
42.010691,-0.3864914013596474,True,True,False,0.0,old_waveform
42.0162465,-0.4643283144219831,True,True,False,0.0,old_waveform
42.021802,-0.5407017674747084,True,True,False,0.0,old_waveform
42.0273575,-0.6152803654943227,True,True,False,0.0,old_waveform
42.032913,-0.6877270858552104,True,True,False,0.0,old_waveform
42.0384685,-0.7577043341373909,True,True,False,0.0,old_waveform
42.044024,-0.8248789792929624,True,True,False,0.0,old_waveform
42.0495795,-0.8889266460413875,True,True,False,0.0,old_waveform
42.055135,-0.949534942774113,True,True,False,0.0,old_waveform
42.0606905,-1.0064057342928971,True,True,False,0.0,old_waveform
42.066246,-1.059256824795506,True,True,False,0.0,old_waveform
42.0718015,-1.1078235765902678,True,True,False,0.0,old_waveform
42.077357,-1.1518610288805584,True,True,False,0.0,old_waveform
42.0829125,-1.1911466653249556,True,True,False,0.0,old_waveform
42.088468,-1.2254834992310604,True,True,False,0.0,old_waveform
42.0940235,-1.2547033257146816,True,True,False,0.0,old_waveform
42.099579,-1.278670293709932,True,True,False,0.0,old_waveform
42.1051345,-1.2972845394836576,True,True,False,0.0,old_waveform
42.11069,-1.310485147259479,True,True,False,0.0,old_waveform
42.1162455,-1.3182520625499037,True,True,False,0.0,old_waveform
42.121801,-1.320607205700572,True,True,False,0.0,old_waveform
42.1273565,-1.3176150220017475,True,True,False,0.0,old_waveform
42.132912,-1.3093823246277378,True,True,False,0.0,old_waveform
42.1384675,-1.2960572068303355,True,True,False,0.0,old_waveform
42.144023,-1.2778270520256252,True,True,False,0.0,old_waveform
42.1495785,-1.2549158834127858,True,True,False,0.0,old_waveform
42.155134,-1.227581254824938,True,True,False,0.0,old_waveform
42.1606895,-1.1961107127946873,True,True,False,0.0,old_waveform
42.166245,-1.1608178706443375,True,True,False,0.0,old_waveform
42.1718005,-1.1220383655767805,True,True,False,0.0,old_waveform
42.177356,-1.080125981757178,True,True,False,0.0,old_waveform
42.1829115,-1.035448867829328,True,True,False,0.0,old_waveform
42.188467,-0.9883855072363265,True,True,False,0.0,old_waveform
42.1940225,-0.9393201360082596,True,True,False,0.0,old_waveform
42.199578,-0.8886375051311095,True,True,False,0.0,old_waveform
42.2051335,-0.8367171046491246,True,True,False,0.0,old_waveform
42.210689,-0.7839270851113297,True,True,False,0.0,old_waveform
42.2162445,-0.7306182577218142,True,True,False,0.0,old_waveform
42.2218,-0.6771187247904988,True,True,False,0.0,old_waveform
42.2273555,-0.6237295334733863,True,True,False,0.0,old_waveform
42.232911,-0.5707214129705285,True,True,False,0.0,old_waveform
42.2384665,-0.5183325703125344,True,True,False,0.0,old_waveform
42.244022,-0.4667674631292247,True,True,False,0.0,old_waveform
42.2495775,-0.4161962378931673,True,True,False,0.0,old_waveform
42.255133,-0.3667544982240333,True,True,False,0.0,old_waveform
42.2606885,-0.31854341883389,True,True,False,0.0,old_waveform
42.266244,-0.2716305041400775,True,True,False,0.0,old_waveform
42.2717995,-0.2260510868845945,True,True,False,0.0,old_waveform
42.277355,-0.1818101841889504,True,True,False,0.0,old_waveform
42.2829105,-0.1388841475075752,True,True,False,0.0,old_waveform
42.288466,-0.0972218691530285,True,True,False,0.0,old_waveform
42.2940215,-0.0567458282329848,True,True,False,0.0,old_waveform
42.299577,-0.0173535312261916,True,True,False,0.0,old_waveform
42.3051325,0.021080265180141,True,True,False,0.0,old_waveform
42.310688,0.0587005956429636,True,True,False,0.0,old_waveform
42.3162435,0.0956689055613244,True,True,False,0.0,old_waveform
42.321799,0.1321593478892116,True,True,False,0.0,old_waveform
42.3273545,0.1683544816134541,True,True,False,0.0,old_waveform
42.33291,0.2044401866186211,True,True,False,0.0,old_waveform
42.3384655,0.2406000650555111,True,True,False,0.0,old_waveform
42.344021,0.2770097511905183,True,True,False,0.0,old_waveform
42.3495765,0.3138312811431928,True,True,False,0.0,old_waveform
42.355132,0.3512074332999074,True,True,False,0.0,old_waveform
42.3606875,0.3892560401326068,True,True,False,0.0,old_waveform
42.366243,0.4280646124373801,True,True,False,0.0,old_waveform
42.3717985,0.4676858633990343,True,True,False,0.0,old_waveform
42.377354,0.5081345898693661,True,True,False,0.0,old_waveform
42.3829095,0.5493860078637116,True,True,False,0.0,old_waveform
42.388465,0.5913754370382848,True,True,False,0.0,old_waveform
42.3940205,0.6339992482872514,True,True,False,0.0,old_waveform
42.399576,0.6771169655935544,True,True,False,0.0,old_waveform
42.4051315,0.7205543309961638,True,True,False,0.0,old_waveform
42.410687,0.764107151413478,True,True,False,0.0,old_waveform
42.4162425,0.8075457248848613,True,True,False,0.0,old_waveform
42.421798,0.8506195652314461,True,True,False,0.0,old_waveform
42.4273535,0.8930622673048101,True,True,False,0.0,old_waveform
42.432909,0.9345966358399852,True,True,False,0.0,old_waveform
42.4384645,0.9749402569770802,True,True,False,0.0,old_waveform
42.44402,1.0138114540764946,True,True,False,0.0,old_waveform
42.4495755,1.0509353714632712,True,True,False,0.0,old_waveform
42.455131,1.086049930520433,True,True,False,0.0,old_waveform
42.4606865,1.1189114089546308,True,True,False,0.0,old_waveform
42.466242,1.1492992723418385,True,True,False,0.0,old_waveform
42.4717975,1.1770198247760004,True,True,False,0.0,old_waveform
42.477353,1.2019084613234472,True,True,False,0.0,old_waveform
42.4829085,1.223830641278752,True,True,False,0.0,old_waveform
42.488464,1.242681809680034,True,True,False,0.0,old_waveform
42.4940195,1.25838636872247,True,True,False,0.0,old_waveform
42.499575,1.270895743829856,True,True,False,0.0,old_waveform
42.5051305,1.280185709047562,True,True,False,0.0,old_waveform
42.510686,1.286253259936649,True,True,False,0.0,old_waveform
42.5162415,1.289113327717056,True,True,False,0.0,old_waveform
42.521797,1.28879554043625,True,True,False,0.0,old_waveform
42.5273525,1.2853411637757837,True,True,False,0.0,old_waveform
42.532908,1.278800385570371,True,True,False,0.0,old_waveform
42.5384635,1.2692301026585158,True,True,False,0.0,old_waveform
42.544019,1.256692198736857,True,True,False,0.0,old_waveform
42.5495745,1.2412522075819508,True,True,False,0.0,old_waveform
42.55513,1.2229783706702086,True,True,False,0.0,old_waveform
42.5606855,1.20194106464927,True,True,False,0.0,old_waveform
42.566241,1.1782123338222596,True,True,False,0.0,old_waveform
42.5717965,1.1518654048397838,True,True,False,0.0,old_waveform
42.577352,1.1229745661839703,True,True,False,0.0,old_waveform
42.5829075,1.0916157905367072,True,True,False,0.0,old_waveform
42.588463,1.0578678929573346,True,True,False,0.0,old_waveform
42.5940185,1.02181378235452,True,True,False,0.0,old_waveform
42.599574,0.983541694861311,True,True,False,0.0,old_waveform
42.6051295,0.9431465160148468,True,True,False,0.0,old_waveform
42.610685,0.9007312186664962,True,True,False,0.0,old_waveform
42.6162405,0.8564083994000525,True,True,False,0.0,old_waveform
42.621796,0.8103018833755133,True,True,False,0.0,old_waveform
42.6273515,0.7625482182292164,True,True,False,0.0,old_waveform
42.632907,0.7132977202675272,True,True,False,0.0,old_waveform
42.6384625,0.6627147560814378,True,True,False,0.0,old_waveform
42.644018,0.6109770713177419,True,True,False,0.0,old_waveform
42.6495735,0.5582741594245658,True,True,False,0.0,old_waveform
42.655129,0.5048049260780859,True,True,False,0.0,old_waveform
42.6606845,0.4507749954452828,True,True,False,0.0,old_waveform
42.66624,0.3963938127540016,True,True,False,0.0,old_waveform
42.6717955,0.3418715877843402,True,True,False,0.0,old_waveform
42.677351,0.2874162039676364,True,True,False,0.0,old_waveform
42.6829065,0.2332302962091819,True,True,False,0.0,old_waveform
42.688462,0.1795087199617816,True,True,False,0.0,old_waveform
42.6940175,0.1264364857458819,True,True,False,0.0,old_waveform
42.699573,0.074186938503123,True,True,False,0.0,old_waveform
42.7051285,0.0229199356965776,True,True,False,0.0,old_waveform
42.710684,-0.0272198677700328,True,True,False,0.0,old_waveform
42.7162395,-0.0761043341105364,True,True,False,0.0,old_waveform
42.721795,-0.1236227143119299,True,True,False,0.0,old_waveform
42.7273505,-0.1696823102854555,True,True,False,0.0,old_waveform
42.732906,-0.2142091141581937,True,True,False,0.0,old_waveform
42.7384615,-0.2571482706727069,True,True,False,0.0,old_waveform
42.744017,-0.2984638572720631,True,True,False,0.0,old_waveform
42.7495725,-0.3381375624087882,True,True,False,0.0,old_waveform
42.755128,-0.3761663696540506,True,True,False,0.0,old_waveform
42.7606835,-0.4125597205728244,True,True,False,0.0,old_waveform
42.766239,-0.4473365610567857,True,True,False,0.0,old_waveform
42.7717945,-0.4805224814358723,True,True,False,0.0,old_waveform
42.77735,-0.5121470779779188,True,True,False,0.0,old_waveform
42.7829055,-0.5422417209410659,True,True,False,0.0,old_waveform
42.788461,-0.5708379468341469,True,True,False,0.0,old_waveform
42.7940165,-0.5979663944243404,True,True,False,0.0,old_waveform
42.799572,-0.6236557895861029,True,True,False,0.0,old_waveform
42.8051275,-0.6479315789084671,True,True,False,0.0,old_waveform
42.810683,-0.6708143258728692,True,True,False,0.0,old_waveform
42.8162385,-0.6923182680020779,True,True,False,0.0,old_waveform
42.821794,-0.712450361032049,True,True,False,0.0,old_waveform
42.8273495,-0.7312100008197187,True,True,False,0.0,old_waveform
42.832905,-0.7485895162634446,True,True,False,0.0,old_waveform
42.8384605,-0.7645753916536232,True,True,False,0.0,old_waveform
42.844016,-0.77915000014132,True,True,False,0.0,old_waveform
42.8495715,-0.792293548201749,True,True,False,0.0,old_waveform
42.855127,-0.8039860047633306,True,True,False,0.0,old_waveform
42.8606825,-0.8142088398473347,True,True,False,0.0,old_waveform
42.866238,-0.8229463797471351,True,True,False,0.0,old_waveform
42.8717935,-0.8301867152155121,True,True,False,0.0,old_waveform
42.877349,-0.8359222851231475,True,True,False,0.0,old_waveform
42.8829045,-0.8401501429859004,True,True,False,0.0,old_waveform
42.88846,-0.8428716484433846,True,True,False,0.0,old_waveform
42.8940155,-0.8440914661982512,True,True,False,0.0,old_waveform
42.899571,-0.843816323583722,True,True,False,0.0,old_waveform
42.9051265,-0.8420542818418769,True,True,False,0.0,old_waveform
42.910682,-0.8388149191276132,True,True,False,0.0,old_waveform
42.9162375,-0.8341103253053977,True,True,False,0.0,old_waveform
42.921793,-0.8279567225973447,True,True,False,0.0,old_waveform
42.9273485,-0.8203766466469993,True,True,False,0.0,old_waveform
42.932904,-0.8114014961255452,True,True,False,0.0,old_waveform
42.9384595,-0.8010739441056788,True,True,False,0.0,old_waveform
42.944015,-0.7894496658180555,True,True,False,0.0,old_waveform
42.9495705,-0.7765981621564229,True,True,False,0.0,old_waveform
42.955126,-0.7626027124102341,True,True,False,0.0,old_waveform
42.9606815,-0.7475594993524101,True,True,False,0.0,old_waveform
42.966237,-0.7315760169916399,True,True,False,0.0,old_waveform
42.9717925,-0.7147690869978404,True,True,False,0.0,old_waveform
42.977348,-0.6972628367897904,True,True,False,0.0,old_waveform
42.9829035,-0.6791866441438067,True,True,False,0.0,old_waveform
42.988459,-0.6606727062183582,True,True,False,0.0,old_waveform
42.9940145,-0.6418529997976822,True,True,False,0.0,old_waveform
42.99957,-0.6228557590401755,True,True,False,0.0,old_waveform
43.0051255,-0.6038016146566623,True,True,False,0.0,old_waveform
43.010681,-0.5848008838170717,True,True,False,0.0,old_waveform
43.0162365,-0.5659515737037282,True,True,False,0.0,old_waveform
43.021792,-0.5473376806547156,True,True,False,0.0,old_waveform
43.0273475,-0.5290285286406529,True,True,False,0.0,old_waveform
43.032903,-0.5110784975007354,True,True,False,0.0,old_waveform
43.0384585,-0.4935266669996723,True,True,False,0.0,old_waveform
43.044014,-0.4763959781392401,True,True,False,0.0,old_waveform
43.0495695,-0.4596919736476473,True,True,False,0.0,old_waveform
43.055125,-0.4434015573675897,True,True,False,0.0,old_waveform
43.0606805,-0.4274920429228466,True,True,False,0.0,old_waveform
43.066236,-0.4119104540758852,True,True,False,0.0,old_waveform
43.0717915,-0.3965830842649123,True,True,False,0.0,old_waveform
43.077347,-0.3814154810107009,True,True,False,0.0,old_waveform
43.0829025,-0.3662930688798046,True,True,False,0.0,old_waveform
43.088458,-0.3510826263007315,True,True,False,0.0,old_waveform
43.0940135,-0.335634639499163,True,True,False,0.0,old_waveform
43.099569,-0.3197862054597104,True,True,False,0.0,old_waveform
43.1051245,-0.30336412228429,True,True,False,0.0,old_waveform
43.11068,-0.2861881245509121,True,True,False,0.0,old_waveform
43.1162355,-0.2680743142001426,True,True,False,0.0,old_waveform
43.121791,-0.248838615530984,True,True,False,0.0,old_waveform
43.1273465,-0.2283000482712919,True,True,False,0.0,old_waveform
43.132902,-0.2062838268595549,True,True,False,0.0,old_waveform
43.1384575,-0.1826244305439842,True,True,False,0.0,old_waveform
43.144013,-0.157168800239049,True,True,False,0.0,old_waveform
43.1495685,-0.1297797704990314,True,True,False,0.0,old_waveform
43.155124,-0.1003397019352233,True,True,False,0.0,old_waveform
43.1606795,-0.0687540935000596,True,True,False,0.0,old_waveform
43.166235,-0.0349549216502927,True,True,False,0.0,old_waveform
43.1717905,0.0010964375996829,True,True,False,0.0,old_waveform
43.177346,0.0394069118653872,True,True,False,0.0,old_waveform
43.1829015,0.0799504447096004,True,True,False,0.0,old_waveform
43.188457,0.1226679843892095,True,True,False,0.0,old_waveform
43.1940125,0.167468656984101,True,True,False,0.0,old_waveform
43.199568,0.2142317322501385,True,True,False,0.0,old_waveform
43.2051235,0.2628088886934112,True,True,False,0.0,old_waveform
43.210679,0.3130264994436638,True,True,False,0.0,old_waveform
43.2162345,0.3646880628303485,True,True,False,0.0,old_waveform
43.22179,0.4175770393599003,True,True,False,0.0,old_waveform
43.2273455,0.4714601026036092,True,True,False,0.0,old_waveform
43.232901,0.5260905402650168,True,True,False,0.0,old_waveform
43.2384565,0.5812114882581021,True,True,False,0.0,old_waveform
43.244012,0.6365587453495182,True,True,False,0.0,old_waveform
43.2495675,0.6918630901592934,True,True,False,0.0,old_waveform
43.255123,0.7468522987132674,True,True,False,0.0,old_waveform
43.2606785,0.8012530807785341,True,True,False,0.0,old_waveform
43.266234,0.8547927164350984,True,True,False,0.0,old_waveform
43.2717895,0.9071998943914872,True,True,False,0.0,old_waveform
43.277345,0.9582047266357988,True,True,False,0.0,old_waveform
43.2829005,1.0075386336883532,True,True,False,0.0,old_waveform
43.288456,1.0549348837548147,True,True,False,0.0,old_waveform
43.2940115,1.1001299825197868,True,True,False,0.0,old_waveform
43.299567,1.1428655693194274,True,True,False,0.0,old_waveform
43.3051225,1.1828905050567513,True,True,False,0.0,old_waveform
43.310678,1.2199631479314157,True,True,False,0.0,old_waveform
43.3162335,1.253853854915881,True,True,False,0.0,old_waveform
43.321789,1.2843475167311162,True,True,False,0.0,old_waveform
43.3273445,1.3112458523199282,True,True,False,0.0,old_waveform
43.3329,1.334369395602544,True,True,False,0.0,old_waveform
43.3384555,1.3535592286122209,True,True,False,0.0,old_waveform
43.344011,1.368678369925663,True,True,False,0.0,old_waveform
43.3495665,1.3796127466278878,True,True,False,0.0,old_waveform
43.355122,1.386272024193735,True,True,False,0.0,old_waveform
43.3606775,1.3885907321288582,True,True,False,0.0,old_waveform
43.366233,1.3865298739996743,True,True,False,0.0,old_waveform
43.3717885,1.3800788778612163,True,True,False,0.0,old_waveform
43.377344,1.369257506013338,True,True,False,0.0,old_waveform
43.3828995,1.3541171955008295,True,True,False,0.0,old_waveform
43.388455,1.334741412309553,True,True,False,0.0,old_waveform
43.3940105,1.3112449600004068,True,True,False,0.0,old_waveform
43.399566,1.2837724678424145,True,True,False,0.0,old_waveform
43.4051215,1.2524964594668624,True,True,False,0.0,old_waveform
43.410677,1.2176155285392951,True,True,False,0.0,old_waveform
43.4162325,1.1793528861616824,True,True,False,0.0,old_waveform
43.421788,1.1379548892922626,True,True,False,0.0,old_waveform
43.4273435,1.0936888828238065,True,True,False,0.0,old_waveform
43.432899,1.046840237127744,True,True,False,0.0,old_waveform
43.4384545,0.9977091436073672,True,True,False,0.0,old_waveform
43.44401,0.9466076826990286,True,True,False,0.0,old_waveform
43.4495655,0.8938571172206018,True,True,False,0.0,old_waveform
43.455121,0.8397851138108225,True,True,False,0.0,old_waveform
43.4606765,0.7847228150377383,True,True,False,0.0,old_waveform
43.466232,0.7290018280634355,True,True,False,0.0,old_waveform
43.4717875,0.6729510347783814,True,True,False,0.0,old_waveform
43.477343,0.6168930203943127,True,True,False,0.0,old_waveform
43.4828985,0.5611400768761002,True,True,False,0.0,old_waveform
43.488454,0.5059899744109111,True,True,False,0.0,old_waveform
43.4940095,0.4517218021974761,True,True,False,0.0,old_waveform
43.499565,0.3985921095851123,True,True,False,0.0,old_waveform
43.5051205,0.3468314249729768,True,True,False,0.0,old_waveform
43.510676,0.2966411890952119,True,True,False,0.0,old_waveform
43.5162315,0.2481912495180651,True,True,False,0.0,old_waveform
43.521787,0.201618196076108,True,True,False,0.0,old_waveform
43.5273425,0.1570248420031014,True,True,False,0.0,old_waveform
43.532898,0.1144808922092628,True,True,False,0.0,old_waveform
43.5384535,0.074024463263144,True,True,False,0.0,old_waveform
43.544009,0.0356641704895157,True,True,False,0.0,old_waveform
43.5495645,-0.0006181538528353,True,True,False,0.0,old_waveform
43.55512,-0.0348640590423178,True,True,False,0.0,old_waveform
43.5606755,-0.0671346905781864,True,True,False,0.0,old_waveform
43.566231,-0.0975070994723422,True,True,False,0.0,old_waveform
43.5717865,-0.1260709761635365,True,True,False,0.0,old_waveform
43.577342,-0.1529258871733401,True,True,False,0.0,old_waveform
43.5828975,-0.1781789823981497,True,True,False,0.0,old_waveform
43.588453,-0.2019431166666138,True,True,False,0.0,old_waveform
43.5940085,-0.2243351904705753,True,True,False,0.0,old_waveform
43.599564,-0.2454744448562054,True,True,False,0.0,old_waveform
43.6051195,-0.2654806551136479,True,True,False,0.0,old_waveform
43.610675,-0.2844723430550955,True,True,False,0.0,old_waveform
43.6162305,-0.3025651081094822,True,True,False,0.0,old_waveform
43.621786,-0.3198702450375298,True,True,False,0.0,old_waveform
43.6273415,-0.3364938944587245,True,True,False,0.0,old_waveform
43.632897,-0.3525368009397123,True,True,False,0.0,old_waveform
43.6384525,-0.3680945288698072,True,True,False,0.0,old_waveform
43.644008,-0.3832579451534522,True,True,False,0.0,old_waveform
43.6495635,-0.3981138285522764,True,True,False,0.0,old_waveform
43.655119,-0.4127454494957278,True,True,False,0.0,old_waveform
43.6606745,-0.4272329060833975,True,True,False,0.0,old_waveform
43.66623,-0.4416530957712848,True,True,False,0.0,old_waveform
43.6717855,-0.456079384560585,True,True,False,0.0,old_waveform
43.677341,-0.4705810339973102,True,True,False,0.0,old_waveform
43.6828965,-0.4852223863922656,True,True,False,0.0,old_waveform
43.688452,-0.5000618661845698,True,True,False,0.0,old_waveform
43.6940075,-0.5151508033067508,True,True,False,0.0,old_waveform
43.699563,-0.5305319409151767,True,True,False,0.0,old_waveform
43.7051185,-0.5462376496681417,True,True,False,0.0,old_waveform
43.710674,-0.5622882798542939,True,True,False,0.0,old_waveform
43.7162295,-0.5786912266139034,True,True,False,0.0,old_waveform
43.721785,-0.5954409937967728,True,True,False,0.0,old_waveform
43.7273405,-0.6125201482975564,True,True,False,0.0,old_waveform
43.732896,-0.6299008559446173,True,True,False,0.0,old_waveform
43.7384515,-0.6475466614672233,True,True,False,0.0,old_waveform
43.744007,-0.6654142191750035,True,True,False,0.0,old_waveform
43.7495625,-0.6834547990339055,True,True,False,0.0,old_waveform
43.755118,-0.7016155136304961,True,True,False,0.0,old_waveform
43.7606735,-0.7198402293853727,True,True,False,0.0,old_waveform
43.766229,-0.738070088103001,True,True,False,0.0,old_waveform
43.7717845,-0.7562435610282022,True,True,False,0.0,old_waveform
43.77734,-0.7742960020141367,True,True,False,0.0,old_waveform
43.7828955,-0.7921587024977116,True,True,False,0.0,old_waveform
43.788451,-0.809757464586844,True,True,False,0.0,old_waveform
43.7940065,-0.8270108597874593,True,True,False,0.0,old_waveform
43.799562,-0.8438285790001903,True,True,False,0.0,old_waveform
43.8051175,-0.8601102084873427,True,True,False,0.0,old_waveform
43.810673,-0.8757443650773816,True,True,False,0.0,old_waveform
43.8162285,-0.8906078565680551,True,True,False,0.0,old_waveform
43.821784,-0.904564652337684,True,True,False,0.0,old_waveform
43.8273395,-0.917464758826798,True,True,False,0.0,old_waveform
43.832895,-0.9291432537172816,True,True,False,0.0,old_waveform
43.8384505,-0.939419666762522,True,True,False,0.0,old_waveform
43.844006,-0.9480978919005548,True,True,False,0.0,old_waveform
43.8495615,-0.9549670039711108,True,True,False,0.0,old_waveform
43.855117,-0.9598033250484812,True,True,False,0.0,old_waveform
43.8606725,-0.9623735680564632,True,True,False,0.0,old_waveform
43.866228,-0.9624384488263196,True,True,False,0.0,old_waveform
43.8717835,-0.959756306888892,True,True,False,0.0,old_waveform
43.877339,-0.9540866080884824,True,True,False,0.0,old_waveform
43.8828945,-0.9451933396027384,True,True,False,0.0,old_waveform
43.88845,-0.9328484224639602,True,True,False,0.0,old_waveform
43.8940055,-0.9168354104618804,True,True,False,0.0,old_waveform
43.899561,-0.8969536850673431,True,True,False,0.0,old_waveform
43.9051165,-0.8730230770591895,True,True,False,0.0,old_waveform
43.910672,-0.8448886362938192,True,True,False,0.0,old_waveform
43.9162275,-0.8124252477610723,True,True,False,0.0,old_waveform
43.921783,-0.7755418427266869,True,True,False,0.0,old_waveform
43.9273385,-0.7341850366674376,True,True,False,0.0,old_waveform
43.932894,-0.68834209536657,True,True,False,0.0,old_waveform
43.9384495,-0.6380430971713961,True,True,False,0.0,old_waveform
43.944005,-0.5833620445183523,True,True,False,0.0,old_waveform
43.9495605,-0.5244166911505558,True,True,False,0.0,old_waveform
43.955116,-0.4613671672790774,True,True,False,0.0,old_waveform
43.9606715,-0.3944138446156198,True,True,False,0.0,old_waveform
43.966227,-0.3237949292223123,True,True,False,0.0,old_waveform
43.9717825,-0.2497840457056923,True,True,False,0.0,old_waveform
43.977338,-0.1726877118452397,True,True,False,0.0,old_waveform
43.9828935,-0.0928423173576752,True,True,False,0.0,old_waveform
43.988449,-0.0106103949589603,True,True,False,0.0,old_waveform
43.9940045,0.073623561856506,True,True,False,0.0,old_waveform
43.99956,0.1594572102691865,True,True,False,0.0,old_waveform
44.0051155,0.2464744647241909,True,True,False,0.0,old_waveform
44.010671,0.3342489265255824,True,True,False,0.0,old_waveform
44.0162265,0.4223472359980496,True,True,False,0.0,old_waveform
44.021782,0.5103330253244963,True,True,False,0.0,old_waveform
44.0273375,0.5977711449681362,True,True,False,0.0,old_waveform
44.032893,0.6842324253454756,True,True,False,0.0,old_waveform
44.0384485,0.7692987811242132,True,True,False,0.0,old_waveform
44.044004,0.8525681610756077,True,True,False,0.0,old_waveform
44.0495595,0.9336588599521518,True,True,False,0.0,old_waveform
44.055115,1.0122130454290874,True,True,False,0.0,old_waveform
44.0606705,1.0878996363568123,True,True,False,0.0,old_waveform
44.066226,1.1604166693933278,True,True,False,0.0,old_waveform
44.0717815,1.229493225239007,True,True,False,0.0,old_waveform
44.077337,1.2948910097323074,True,True,False,0.0,old_waveform
44.0828925,1.3564056222725207,True,True,False,0.0,old_waveform
44.088448,1.4138673386274712,True,True,False,0.0,old_waveform
44.0940035,1.4671410229847026,True,True,False,0.0,old_waveform
44.099559,1.5161247153482396,True,True,False,0.0,old_waveform
44.1051145,1.5607467083815734,True,True,False,0.0,old_waveform
44.11067,1.600961448570738,True,True,False,0.0,old_waveform
44.1162255,1.6367448834409526,True,True,False,0.0,old_waveform
44.121781,1.668089699816238,True,True,False,0.0,old_waveform
44.1273365,1.6950006328517122,True,True,False,0.0,old_waveform
44.132892,1.7174900132940951,True,True,False,0.0,old_waveform
44.1384475,1.735573789468289,True,True,False,0.0,old_waveform
44.144003,1.7492681747161207,True,True,False,0.0,old_waveform
44.1495585,1.7585869275770205,True,True,False,0.0,old_waveform
44.155114,1.7635392107464989,True,True,False,0.0,old_waveform
44.1606695,1.7641280239906911,True,True,False,0.0,old_waveform
44.166225,1.760349374346737,True,True,False,0.0,old_waveform
44.1717805,1.7521924285467958,True,True,False,0.0,old_waveform
44.177336,1.7396407132595229,True,True,False,0.0,old_waveform
44.1828915,1.7226742888668565,True,True,False,0.0,old_waveform
44.188447,1.701272934964969,True,True,False,0.0,old_waveform
44.1940025,1.6754204301179954,True,True,False,0.0,old_waveform
44.199558,1.6451097479219878,True,True,False,0.0,old_waveform
44.2051135,1.6103486373564844,True,True,False,0.0,old_waveform
44.210669,1.5711649340531175,True,True,False,0.0,old_waveform
44.2162245,1.5276111883256682,True,True,False,0.0,old_waveform
44.22178,1.4797685856292475,True,True,False,0.0,old_waveform
44.2273355,1.427750251963165,True,True,False,0.0,old_waveform
44.232891,1.3717037962434433,True,True,False,0.0,old_waveform
44.2384465,1.3118128050776836,True,True,False,0.0,old_waveform
44.244002,1.2482971766496092,True,True,False,0.0,old_waveform
44.2495575,1.181412304295231,True,True,False,0.0,old_waveform
44.255113,1.111447142237543,True,True,False,0.0,old_waveform
44.2606685,1.0387213525211736,True,True,False,0.0,old_waveform
44.266224,0.9635818863044624,True,True,False,0.0,old_waveform
44.2717795,0.8863992840442746,True,True,False,0.0,old_waveform
44.277335,0.8075638543745489,True,True,False,0.0,old_waveform
44.2828905,0.727481795296375,True,True,False,0.0,old_waveform
44.288446,0.6465711257108878,True,True,False,0.0,old_waveform
44.2940015,0.565257153699866,True,True,False,0.0,old_waveform
44.299557,0.4839674098049682,True,True,False,0.0,old_waveform
44.3051125,0.4031262824263182,True,True,False,0.0,old_waveform
44.310668,0.3231495857644266,True,True,False,0.0,old_waveform
44.3162235,0.2444391145719932,True,True,False,0.0,old_waveform
44.321779,0.167377224760495,True,True,False,0.0,old_waveform
44.3273345,0.0923215948218171,True,True,False,0.0,old_waveform
44.33289,0.0196004040638318,True,True,False,0.0,old_waveform
44.3384455,-0.0504918475717446,True,True,False,0.0,old_waveform
44.344001,-0.1176976559795781,True,True,False,0.0,old_waveform
44.3495565,-0.1817986671834791,True,True,False,0.0,old_waveform
44.355112,-0.2426164550499771,True,True,False,0.0,old_waveform
44.3606675,-0.3000121069686049,True,True,False,0.0,old_waveform
44.366223,-0.3538851397096579,True,True,False,0.0,old_waveform
44.3717785,-0.4041721922321526,True,True,False,0.0,old_waveform
44.377334,-0.4508456648462661,True,True,False,0.0,old_waveform
44.3828895,-0.4939123201460472,True,True,False,0.0,old_waveform
44.388445,-0.5334117933077392,True,True,False,0.0,old_waveform
44.3940005,-0.5694148968807968,True,True,False,0.0,old_waveform
44.399556,-0.6020216347946048,True,True,False,0.0,old_waveform
44.4051115,-0.6313588303793782,True,True,False,0.0,old_waveform
44.410667,-0.6575771168213363,True,True,False,0.0,old_waveform
44.4162225,-0.6808470483750835,True,True,False,0.0,old_waveform
44.421778,-0.7013543233758942,True,True,False,0.0,old_waveform
44.4273335,-0.7192942688211051,True,True,False,0.0,old_waveform
44.432889,-0.7348659194248958,True,True,False,0.0,old_waveform
44.4384445,-0.7482663552713733,True,True,False,0.0,old_waveform
44.444,-0.7596860490589336,True,True,False,0.0,old_waveform
44.4495555,-0.7693055273424767,True,True,False,0.0,old_waveform
44.455111,-0.7772929991760008,True,True,False,0.0,old_waveform
44.4606665,-0.7838023444700256,True,True,False,0.0,old_waveform
44.466222,-0.7889711845492118,True,True,False,0.0,old_waveform
44.4717775,-0.7929192095317241,True,True,False,0.0,old_waveform
44.477333,-0.7957469850486301,True,True,False,0.0,old_waveform
44.4828885,-0.7975352798678842,True,True,False,0.0,old_waveform
44.488444,-0.7983449434759867,True,True,False,0.0,old_waveform
44.4939995,-0.7982174176885787,True,True,False,0.0,old_waveform
44.499555,-0.7971759654434531,True,True,False,0.0,old_waveform
44.5051105,-0.7952277159290946,True,True,False,0.0,old_waveform
44.510666,-0.7923664784298973,True,True,False,0.0,old_waveform
44.5162215,-0.7885759182589175,True,True,False,0.0,old_waveform
44.521777,-0.7838324879695939,True,True,False,0.0,old_waveform
44.5273325,-0.7781077001918855,True,True,False,0.0,old_waveform
44.532888,-0.7713697930599424,True,True,False,0.0,old_waveform
44.5384435,-0.7635851153952617,True,True,False,0.0,old_waveform
44.543999,-0.7547193146996846,True,True,False,0.0,old_waveform
44.5495545,-0.7447382125734319,True,True,False,0.0,old_waveform
44.55511,-0.7336087000981933,True,True,False,0.0,old_waveform
44.5606655,-0.7213004492470803,True,True,False,0.0,old_waveform
44.566221,-0.7077888094562088,True,True,False,0.0,old_waveform
44.5717765,-0.6930583361506563,True,True,False,0.0,old_waveform
44.577332,-0.6771061310298382,True,True,False,0.0,old_waveform
44.5828875,-0.6599446902508441,True,True,False,0.0,old_waveform
44.588443,-0.6416043236347733,True,True,False,0.0,old_waveform
44.5939985,-0.6221350685385639,True,True,False,0.0,old_waveform
44.599554,-0.6016078438213182,True,True,False,0.0,old_waveform
44.6051095,-0.5801145974150431,True,True,False,0.0,old_waveform
44.610665,-0.5577673952145262,True,True,False,0.0,old_waveform
44.6162205,-0.5346967216937953,True,True,False,0.0,old_waveform
44.621776,-0.5110492673837098,True,True,False,0.0,old_waveform
44.6273315,-0.486985088076298,True,True,False,0.0,old_waveform
44.632887,-0.4626739353376995,True,True,False,0.0,old_waveform
44.6384425,-0.438290978110596,True,True,False,0.0,old_waveform
44.643998,-0.4140123838595246,True,True,False,0.0,old_waveform
44.6495535,-0.3900110483411868,True,True,False,0.0,old_waveform
44.655109,-0.3664526374930434,True,True,False,0.0,old_waveform
44.6606645,-0.3434921564735635,True,True,False,0.0,old_waveform
44.66622,-0.321271129343314,True,True,False,0.0,old_waveform
44.6717755,-0.2999151923699377,True,True,False,0.0,old_waveform
44.677331,-0.2795318235600222,True,True,False,0.0,old_waveform
44.6828865,-0.2602080900398993,True,True,False,0.0,old_waveform
44.688442,-0.2420084770171215,True,True,False,0.0,old_waveform
44.6939975,-0.2249729366480998,True,True,False,0.0,old_waveform
44.699553,-0.2091153023822626,True,True,False,0.0,old_waveform
44.7051085,-0.1944221890140181,True,True,False,0.0,old_waveform
44.710664,-0.1808523885841407,True,True,False,0.0,old_waveform
44.7162195,-0.16833667481219,True,True,False,0.0,old_waveform
44.721775,-0.1567780477824985,True,True,False,0.0,old_waveform
44.7273305,-0.1460526842268342,True,True,False,0.0,old_waveform
44.732886,-0.1360118635908229,True,True,False,0.0,old_waveform
44.7384415,-0.1264847629023051,True,True,False,0.0,old_waveform
44.743997,-0.1172815790449718,True,True,False,0.0,old_waveform
44.7495525,-0.1081965541860778,True,True,False,0.0,old_waveform
44.755108,-0.0990110565099905,True,True,False,0.0,old_waveform
44.7606635,-0.0894970362184865,True,True,False,0.0,old_waveform
44.766219,-0.0794207911542791,True,True,False,0.0,old_waveform
44.7717745,-0.0685467524606745,True,True,False,0.0,old_waveform
44.77733,-0.0566411003215671,True,True,False,0.0,old_waveform
44.7828855,-0.0434750444885013,True,True,False,0.0,old_waveform
44.788441,-0.0288275207388347,True,True,False,0.0,old_waveform
44.7939965,-0.0124871627991287,True,True,False,0.0,old_waveform
44.799552,0.0057461971663001,True,True,False,0.0,old_waveform
44.8051075,0.0260599701977103,True,True,False,0.0,old_waveform
44.810663,0.0486269048741985,True,True,False,0.0,old_waveform
44.8162185,0.0736029131135419,True,True,False,0.0,old_waveform
44.821774,0.101124633853286,True,True,False,0.0,old_waveform
44.8273295,0.131306515323532,True,True,False,0.0,old_waveform
44.832885,0.1642373695421011,True,True,False,0.0,old_waveform
44.8384405,0.1999767789311075,True,True,False,0.0,old_waveform
44.843996,0.2385519224023329,True,True,False,0.0,old_waveform
44.8495515,0.279955159249339,True,True,False,0.0,old_waveform
44.855107,0.3241422837225183,True,True,False,0.0,old_waveform
44.8606625,0.3710311463727577,True,True,False,0.0,old_waveform
44.866218,0.4205004999069229,True,True,False,0.0,old_waveform
44.8717735,0.472389224210745,True,True,False,0.0,old_waveform
44.877329,0.5264962138721486,True,True,False,0.0,old_waveform
44.8828845,0.5825811405074653,True,True,False,0.0,old_waveform
44.88844,0.6403662518661806,True,True,False,0.0,old_waveform
44.8939955,0.6995393399074422,True,True,False,0.0,old_waveform
44.899551,0.7597576629120052,True,True,False,0.0,old_waveform
44.9051065,0.8206520861816361,True,True,False,0.0,old_waveform
44.910662,0.8818306518163422,True,True,False,0.0,old_waveform
44.9162175,0.9428813674134022,True,True,False,0.0,old_waveform
44.921773,1.0033747632943038,True,True,False,0.0,old_waveform
44.9273285,1.0628670553385315,True,True,False,0.0,old_waveform
44.932884,1.1209042671824163,True,True,False,0.0,old_waveform
44.9384395,1.1770269497609265,True,True,False,0.0,old_waveform
44.943995,1.2307749608935643,True,True,False,0.0,old_waveform
44.9495505,1.2816921692546648,True,True,False,0.0,old_waveform
44.955106,1.329331275363102,True,True,False,0.0,old_waveform
44.9606615,1.3732588159383274,True,True,False,0.0,old_waveform
44.966217,1.413060214319111,True,True,False,0.0,old_waveform
44.9717725,1.4483447389786992,True,True,False,0.0,old_waveform
44.977328,1.4787501923131374,True,True,False,0.0,old_waveform
44.9828835,1.5039470232855767,True,True,False,0.0,old_waveform
44.988439,1.523641585322367,True,True,False,0.0,old_waveform
44.9939945,1.537578583478505,True,True,False,0.0,old_waveform
44.99955,1.545543653361568,True,True,False,0.0,old_waveform
45.0051055,1.5473650853402454,True,True,False,0.0,old_waveform
45.010661,1.5429163302059676,True,True,False,0.0,old_waveform
45.0162165,1.5321196415400256,True,True,False,0.0,old_waveform
45.021772,1.5149484946516585,True,True,False,0.0,old_waveform
45.0273275,1.4914292354146628,True,True,False,0.0,old_waveform
45.032883,1.4616417455644284,True,True,False,0.0,old_waveform
45.0384385,1.4257193268321315,True,True,False,0.0,old_waveform
45.043994,1.383847934660594,True,True,False,0.0,old_waveform
45.0495495,1.3362648102021129,True,True,False,0.0,old_waveform
45.055105,1.2832565982186936,True,True,False,0.0,old_waveform
45.0606605,1.2251569894649343,True,True,False,0.0,old_waveform
45.066216,1.162343794932987,True,True,False,0.0,old_waveform
45.0717715,1.0952353239053734,True,True,False,0.0,old_waveform
45.077327,1.024285991408084,True,True,False,0.0,old_waveform
45.0828825,0.9499811897540136,True,True,False,0.0,old_waveform
45.088438,0.8728315484988463,True,True,False,0.0,old_waveform
45.0939935,0.7933666420434097,True,True,False,0.0,old_waveform
45.099549,0.7121281016653829,True,True,False,0.0,old_waveform
45.1051045,0.629662182031196,True,True,False,0.0,old_waveform
45.11066,0.5465120896297284,True,True,False,0.0,old_waveform
45.1162155,0.4632105712666416,True,True,False,0.0,old_waveform
45.121771,0.3802732698944667,True,True,False,0.0,old_waveform
45.1273265,0.2981931725562224,True,True,False,0.0,old_waveform
45.132882,0.2174361094778533,True,True,False,0.0,old_waveform
45.1384375,0.1384370506197128,True,True,False,0.0,old_waveform
45.143993,0.0615971898166822,True,True,False,0.0,old_waveform
45.1495485,-0.0127179569392217,True,True,False,0.0,old_waveform
45.155104,-0.084179483335995,True,True,False,0.0,old_waveform
45.1606595,-0.1524955369529332,True,True,False,0.0,old_waveform
45.166215,-0.2174118195444449,True,True,False,0.0,old_waveform
45.1717705,-0.2787124113176127,True,True,False,0.0,old_waveform
45.177326,-0.3362209609783183,True,True,False,0.0,old_waveform
45.1828815,-0.3898021982772612,True,True,False,0.0,old_waveform
45.188437,-0.4393635988734269,True,True,False,0.0,old_waveform
45.1939925,-0.4848568035733616,True,True,False,0.0,old_waveform
45.199548,-0.526278200100881,True,True,False,0.0,old_waveform
45.2051035,-0.5636681844447082,True,True,False,0.0,old_waveform
45.210659,-0.5971090139882717,True,True,False,0.0,old_waveform
45.2162145,-0.6267213937486181,True,True,False,0.0,old_waveform
45.22177,-0.6526599715036095,True,True,False,0.0,old_waveform
45.2273255,-0.6751081354025869,True,True,False,0.0,old_waveform
45.232881,-0.6942727290810863,True,True,False,0.0,old_waveform
45.2384365,-0.7103791324767396,True,True,False,0.0,old_waveform
45.243992,-0.7236667680968506,True,True,False,0.0,old_waveform
45.2495475,-0.7343848789546187,True,True,False,0.0,old_waveform
45.255103,-0.7427884689025013,True,True,False,0.0,old_waveform
45.2606585,-0.7491343995171789,True,True,False,0.0,old_waveform
45.266214,-0.7536776774347679,True,True,False,0.0,old_waveform
45.2717695,-0.75666796956384,True,True,False,0.0,old_waveform
45.277325,-0.7583463826708621,True,True,False,0.0,old_waveform
45.2828805,-0.7589425980882238,True,True,False,0.0,old_waveform
45.288436,-0.7586724630411039,True,True,False,0.0,old_waveform
45.2939915,-0.7577359604691933,True,True,False,0.0,old_waveform
45.299547,-0.7563153542221493,True,True,False,0.0,old_waveform
45.3051025,-0.7545733610180222,True,True,False,0.0,old_waveform
45.310658,-0.7526512309843832,True,True,False,0.0,old_waveform
45.3162135,-0.7506666856350391,True,True,False,0.0,old_waveform
45.321769,-0.7487117875371428,True,True,False,0.0,old_waveform
45.3273245,-0.7468508435185828,True,True,False,0.0,old_waveform
45.33288,-0.745118495319968,True,True,False,0.0,old_waveform
45.3384355,-0.7435183073681647,True,True,False,0.0,old_waveform
45.343991,-0.7420222288315778,True,True,False,0.0,old_waveform
45.3495465,-0.74057123488677,True,True,False,0.0,old_waveform
45.355102,-0.7390773278749851,True,True,False,0.0,old_waveform
45.3606575,-0.7374268965913907,True,True,False,0.0,old_waveform
45.366213,-0.7354852017719467,True,True,False,0.0,old_waveform
45.3717685,-0.7331015756009512,True,True,False,0.0,old_waveform
45.377324,-0.7301148903669842,True,True,False,0.0,old_waveform
45.3828795,-0.7263589289330843,True,True,False,0.0,old_waveform
45.388435,-0.7216673269225456,True,True,False,0.0,old_waveform
45.3939905,-0.7158778296897051,True,True,False,0.0,old_waveform
45.399546,-0.7088358813761243,True,True,False,0.0,old_waveform
45.4051015,-0.7003978144362122,True,True,False,0.0,old_waveform
45.410657,-0.6904338566659926,True,True,False,0.0,old_waveform
45.4162125,-0.6788309641154446,True,True,False,0.0,old_waveform
45.421768,-0.6654954201370205,True,True,False,0.0,old_waveform
45.4273235,-0.6503552545312402,True,True,False,0.0,old_waveform
45.432879,-0.6333625988432654,True,True,False,0.0,old_waveform
45.4384345,-0.6144959216896162,True,True,False,0.0,old_waveform
45.44399,-0.5937618319025881,True,True,False,0.0,old_waveform
45.4495455,-0.5711960868160296,True,True,False,0.0,old_waveform
45.455101,-0.546863593561056,True,True,False,0.0,old_waveform
45.4606565,-0.5208573010202163,True,True,False,0.0,old_waveform
45.466212,-0.4932959159434183,True,True,False,0.0,old_waveform
45.4717675,-0.4643204997126555,True,True,False,0.0,old_waveform
45.477323,-0.4340902181427731,True,True,False,0.0,old_waveform
45.4828785,-0.4027776902484308,True,True,False,0.0,old_waveform
45.488434,-0.3705644159066783,True,True,False,0.0,old_waveform
45.4939895,-0.3376365656107026,True,True,False,0.0,old_waveform
45.499545,-0.3041810223477444,True,True,False,0.0,old_waveform
45.5051005,-0.270381344420748,True,True,False,0.0,old_waveform
45.510656,-0.2364135570592981,True,True,False,0.0,old_waveform
45.5162115,-0.2024420710113974,True,True,False,0.0,old_waveform
45.521767,-0.168616155514667,True,True,False,0.0,old_waveform
45.5273225,-0.135067286000289,True,True,False,0.0,old_waveform
45.532878,-0.1019073709147549,True,True,False,0.0,old_waveform
45.5384335,-0.069227414847378,True,True,False,0.0,old_waveform
45.543989,-0.0370961454069671,True,True,False,0.0,old_waveform
45.5495445,-0.0055586442759115,True,True,False,0.0,old_waveform
45.5551,0.0253647065103669,True,True,False,0.0,old_waveform
45.5606555,0.0556789509848954,True,True,False,0.0,old_waveform
45.566211,0.0854150939922932,True,True,False,0.0,old_waveform
45.5717665,0.1146301811917988,True,True,False,0.0,old_waveform
45.577322,0.1434063932312665,True,True,False,0.0,old_waveform
45.5828775,0.1718490025619647,True,True,False,0.0,old_waveform
45.588433,0.200083506498712,True,True,False,0.0,old_waveform
45.5939885,0.2282522161900131,True,True,False,0.0,old_waveform
45.599544,0.2565103983502335,True,True,False,0.0,old_waveform
45.6050995,0.285022261192325,True,True,False,0.0,old_waveform
45.610655,0.3139573581724473,True,True,False,0.0,old_waveform
45.6162105,0.3434877190231553,True,True,False,0.0,old_waveform
45.621766,0.3737854670603164,True,True,False,0.0,old_waveform
45.6273215,0.4050206053345266,True,True,False,0.0,old_waveform
45.632877,0.4373589317958753,True,True,False,0.0,old_waveform
45.6384325,0.470960066535954,True,True,False,0.0,old_waveform
45.643988,0.5059753634979693,True,True,False,0.0,old_waveform
45.6495435,0.5425454796295713,True,True,False,0.0,old_waveform
45.655099,0.5807976499209604,True,True,False,0.0,old_waveform
45.6606545,0.6208428171994032,True,True,False,0.0,old_waveform
45.66621,0.6627725468640068,True,True,False,0.0,old_waveform
45.6717655,0.7066555551001052,True,True,False,0.0,old_waveform
45.677321,0.7525338228681878,True,True,False,0.0,old_waveform
45.6828765,0.8004184213006784,True,True,False,0.0,old_waveform
45.688432,0.8502853019074811,True,True,False,0.0,old_waveform
45.6939875,0.9020713904454336,True,True,False,0.0,old_waveform
45.699543,0.955671322860181,True,True,False,0.0,old_waveform
45.7050985,1.010935102168597,True,True,False,0.0,old_waveform
45.710654,1.0676667785656424,True,True,False,0.0,old_waveform
45.7162095,1.1256240495617196,True,True,False,0.0,old_waveform
45.721765,1.1845187302385207,True,True,False,0.0,old_waveform
45.7273205,1.2440182925948,True,True,False,0.0,old_waveform
45.732876,1.3037486598196004,True,True,False,0.0,old_waveform
45.7384315,1.3632980738501843,True,True,False,0.0,old_waveform
45.743987,1.4222216435852568,True,True,False,0.0,old_waveform
45.7495425,1.4800463556377756,True,True,False,0.0,old_waveform
45.755098,1.536276487023852,True,True,False,0.0,old_waveform
45.7606535,1.5903993745520577,True,True,False,0.0,old_waveform
45.766209,1.6418915850581548,True,True,False,0.0,old_waveform
45.7717645,1.6902254829771537,True,True,False,0.0,old_waveform
45.77732,1.734875904171046,True,True,False,0.0,old_waveform
45.7828755,1.775326582594211,True,True,False,0.0,old_waveform
45.788431,1.8110762114359715,True,True,False,0.0,old_waveform
45.7939865,1.841644126496754,True,True,False,0.0,old_waveform
45.799542,1.8665755602271576,True,True,False,0.0,old_waveform
45.8050975,1.8854465224363168,True,True,False,0.0,old_waveform
45.810653,1.8978685388234409,True,True,False,0.0,old_waveform
45.8162085,1.9034934261644183,True,True,False,0.0,old_waveform
45.821764,1.9020181059748669,True,True,False,0.0,old_waveform
45.8273195,1.8931894096715056,True,True,False,0.0,old_waveform
45.832875,1.876808765297845,True,True,False,0.0,old_waveform
45.8384305,1.8527364640293504,True,True,False,0.0,old_waveform
45.843986,1.8208951400640176,True,True,False,0.0,old_waveform
45.8495415,1.7812722340967342,True,True,False,0.0,old_waveform
45.855097,1.7339212651147484,True,True,False,0.0,old_waveform
45.8606525,1.6789616688664195,True,True,False,0.0,old_waveform
45.866208,1.616577125876418,True,True,False,0.0,old_waveform
45.8717635,1.5470127380669312,True,True,False,0.0,old_waveform
45.877319,1.470571632651018,True,True,False,0.0,old_waveform
45.8828745,1.387611346604924,True,True,False,0.0,old_waveform
45.88843,1.298539977538994,True,True,False,0.0,old_waveform
45.8939855,1.20381189724357,True,True,False,0.0,old_waveform
45.899541,1.103922947340352,True,True,False,0.0,old_waveform
45.9050965,0.9994053211102626,True,True,False,0.0,old_waveform
45.910652,0.8908224171931959,True,True,False,0.0,old_waveform
45.9162075,0.7787638264608086,True,True,False,0.0,old_waveform
45.921763,0.6638405583135311,True,True,False,0.0,old_waveform
45.9273185,0.5466805661708535,True,True,False,0.0,old_waveform
45.932874,0.427924493980661,True,True,False,0.0,old_waveform
45.9384295,0.3082215175576927,True,True,False,0.0,old_waveform
45.943985,0.1882251982357056,True,True,False,0.0,old_waveform
45.9495405,0.0685892107366045,True,True,False,0.0,old_waveform
45.955096,-0.0500372950577555,True,True,False,0.0,old_waveform
45.9606515,-0.1670148390483284,True,True,False,0.0,old_waveform
45.966207,-0.2817190807152467,True,True,False,0.0,old_waveform
45.9717625,-0.3935461906794475,True,True,False,0.0,old_waveform
45.977318,-0.5019176982325614,True,True,False,0.0,old_waveform
45.9828735,-0.6062845212346857,True,True,False,0.0,old_waveform
45.988429,-0.7061301381376074,True,True,False,0.0,old_waveform
45.9939845,-0.8009730772448656,True,True,False,0.0,old_waveform
45.99954,-0.8903689032859706,True,True,False,0.0,old_waveform
46.0050955,-0.9739113559949444,True,True,False,0.0,old_waveform
46.010651,-1.0512342844710325,True,True,False,0.0,old_waveform
46.0162065,-1.1220143726791436,True,True,False,0.0,old_waveform
46.021762,-1.1859736225324444,True,True,False,0.0,old_waveform
46.0273175,-1.2428824680710746,True,True,False,0.0,old_waveform
46.032873,-1.2925627663562858,True,True,False,0.0,old_waveform
46.0384285,-1.3348905362828298,True,True,False,0.0,old_waveform
46.043984,-1.3697983764909176,True,True,False,0.0,old_waveform
46.0495395,-1.3972773492503248,True,True,False,0.0,old_waveform
46.055095,-1.417378001672489,True,True,False,0.0,old_waveform
46.0606505,-1.4302103611188426,True,True,False,0.0,old_waveform
46.066206,-1.4359431131782188,True,True,False,0.0,old_waveform
46.0717615,-1.4348022880663442,True,True,False,0.0,old_waveform
46.077317,-1.427069487114479,True,True,False,0.0,old_waveform
46.0828725,-1.413079489980873,True,True,False,0.0,old_waveform
46.088428,-1.3932172802113476,True,True,False,0.0,old_waveform
46.0939835,-1.3679146656047914,True,True,False,0.0,old_waveform
46.099539,-1.3376464551963143,True,True,False,0.0,old_waveform
46.1050945,-1.3029259247611462,True,True,False,0.0,old_waveform
46.11065,-1.2642993965350915,True,True,False,0.0,old_waveform
46.1162055,-1.222340092712429,True,True,False,0.0,old_waveform
46.121761,-1.1776417027763566,True,True,False,0.0,old_waveform
46.1273165,-1.1308120756198476,True,True,False,0.0,old_waveform
46.132872,-1.0824670549005713,True,True,False,0.0,old_waveform
46.1384275,-1.0332240121649772,True,True,False,0.0,old_waveform
46.143983,-0.983694586182832,True,True,False,0.0,old_waveform
46.1495385,-0.9344766508025004,True,True,False,0.0,old_waveform
46.155094,-0.886146125500877,True,True,False,0.0,old_waveform
46.1606495,-0.83924940215077,True,True,False,0.0,old_waveform
46.166205,-0.7942968765901465,True,True,False,0.0,old_waveform
46.1717605,-0.7517575350376723,True,True,False,0.0,old_waveform
46.177316,-0.712054003276143,True,True,False,0.0,old_waveform
46.1828715,-0.6755573881758148,True,True,False,0.0,old_waveform
46.188427,-0.6425818336938447,True,True,False,0.0,old_waveform
46.1939825,-0.6133793891232924,True,True,False,0.0,old_waveform
46.199538,-0.5881358588967931,True,True,False,0.0,old_waveform
46.2050935,-0.5669679410889912,True,True,False,0.0,old_waveform
46.210649,-0.5499216837399258,True,True,False,0.0,old_waveform
46.2162045,-0.5369721522608758,True,True,False,0.0,old_waveform
46.22176,-0.5280241695182618,True,True,False,0.0,old_waveform
46.2273155,-0.5229141457335619,True,True,False,0.0,old_waveform
46.232871,-0.5214130819151915,True,True,False,0.0,old_waveform
46.2384265,-0.5232305806060428,True,True,False,0.0,old_waveform
46.243982,-0.5280195550966365,True,True,False,0.0,old_waveform
46.2495375,-0.5353815196727596,True,True,False,0.0,old_waveform
46.255093,-0.5448724997441933,True,True,False,0.0,old_waveform
46.2606485,-0.5560096100004873,True,True,False,0.0,old_waveform
46.266204,-0.5682783340313163,True,True,False,0.0,old_waveform
46.2717595,-0.5811404625628025,True,True,False,0.0,old_waveform
46.277315,-0.5940425595878207,True,True,False,0.0,old_waveform
46.2828705,-0.6064248041091369,True,True,False,0.0,old_waveform
46.288426,-0.6177300882387466,True,True,False,0.0,old_waveform
46.2939815,-0.6274132987501976,True,True,False,0.0,old_waveform
46.299537,-0.6349505918523763,True,True,False,0.0,old_waveform
46.3050925,-0.6398481690520015,True,True,False,0.0,old_waveform
46.310648,-0.6416499580929744,True,True,False,0.0,old_waveform
46.3162035,-0.6399439190568141,True,True,False,0.0,old_waveform
46.321759,-0.6343670694231531,True,True,False,0.0,old_waveform
46.3273145,-0.624609369268019,True,True,False,0.0,old_waveform
46.33287,-0.6104165216729205,True,True,False,0.0,old_waveform
46.3384255,-0.591591871167889,True,True,False,0.0,old_waveform
46.343981,-0.5679977633073167,True,True,False,0.0,old_waveform
46.3495365,-0.5395565772159644,True,True,False,0.0,old_waveform
46.355092,-0.5062511949215658,True,True,False,0.0,old_waveform
46.3606475,-0.4681243198898906,True,True,False,0.0,old_waveform
46.366203,-0.4252761578688027,True,True,False,0.0,old_waveform
46.3717585,-0.377860481666367,True,True,False,0.0,old_waveform
46.377314,-0.3260794939869215,True,True,False,0.0,old_waveform
46.3828695,-0.2701778516476681,True,True,False,0.0,old_waveform
46.388425,-0.2104360196730614,True,True,False,0.0,old_waveform
46.3939805,-0.1471631877467297,True,True,False,0.0,old_waveform
46.399536,-0.0806902059124953,True,True,False,0.0,old_waveform
46.4050915,-0.0113629287217694,True,True,False,0.0,old_waveform
46.410647,0.0604639613246208,True,True,False,0.0,old_waveform
46.4162025,0.1344326571389261,True,True,False,0.0,old_waveform
46.421758,0.2101873095793599,True,True,False,0.0,old_waveform
46.4273135,0.2873783055758205,True,True,False,0.0,old_waveform
46.432869,0.3656656901003084,True,True,False,0.0,old_waveform
46.4384245,0.4447218034577225,True,True,False,0.0,old_waveform
46.44398,0.5242331582756141,True,True,False,0.0,old_waveform
46.4495355,0.6039014872637064,True,True,False,0.0,old_waveform
46.455091,0.6834439788332645,True,True,False,0.0,old_waveform
46.4606465,0.762592803704533,True,True,False,0.0,old_waveform
46.466202,0.8410939377861091,True,True,False,0.0,old_waveform
46.4717575,0.9187053279089746,True,True,False,0.0,old_waveform
46.477313,0.9951947679452448,True,True,False,0.0,old_waveform
46.4828685,1.0703379788931764,True,True,False,0.0,old_waveform
46.488424,1.1439170532018996,True,True,False,0.0,old_waveform
46.4939795,1.2157190073676596,True,True,False,0.0,old_waveform
46.499535,1.2855341265833071,True,True,False,0.0,old_waveform
46.5050905,1.3531540426600244,True,True,False,0.0,old_waveform
46.510646,1.4183697154813228,True,True,False,0.0,old_waveform
46.5162015,1.480969578229932,True,True,False,0.0,old_waveform
46.521757,1.5407381194164282,True,True,False,0.0,old_waveform
46.5273125,1.5974550603579545,True,True,False,0.0,old_waveform
46.532868,1.6508951013717603,True,True,False,0.0,old_waveform
46.5384235,1.7008280742765605,True,True,False,0.0,old_waveform
46.543979,1.7470192394678623,True,True,False,0.0,old_waveform
46.5495345,1.7892295299984244,True,True,False,0.0,old_waveform
46.55509,1.82721593743839,True,True,False,0.0,old_waveform
46.5606455,1.860732583033604,True,True,False,0.0,old_waveform
46.566201,1.8895328026430385,True,True,False,0.0,old_waveform
46.5717565,1.9133720258653208,True,True,False,0.0,old_waveform
46.577312,1.932010971238533,True,True,False,0.0,old_waveform
46.5828675,1.945218891748665,True,True,False,0.0,old_waveform
46.588423,1.9527769931313532,True,True,False,0.0,old_waveform
46.5939785,1.954482343178148,True,True,False,0.0,old_waveform
46.599534,1.950152540639349,True,True,False,0.0,old_waveform
46.6050895,1.939631230225237,True,True,False,0.0,old_waveform
46.610645,1.9227942294544216,True,True,False,0.0,old_waveform
46.6162005,1.899555645141081,True,True,False,0.0,old_waveform
46.621756,1.86987319141402,True,True,False,0.0,old_waveform
46.6273115,1.833752265687279,True,True,False,0.0,old_waveform
46.632867,1.7912489769365263,True,True,False,0.0,old_waveform
46.6384225,1.7424725760049102,True,True,False,0.0,old_waveform
46.643978,1.6875873859870585,True,True,False,0.0,old_waveform
46.6495335,1.626813859805655,True,True,False,0.0,old_waveform
46.655089,1.560428309664989,True,True,False,0.0,old_waveform
46.6606445,1.4887611771228615,True,True,False,0.0,old_waveform
46.6662,1.412194091317556,True,True,False,0.0,old_waveform
46.6717555,1.3311561364820472,True,True,False,0.0,old_waveform
46.677311,1.2461196995925397,True,True,False,0.0,old_waveform
46.6828665,1.1575960451688287,True,True,False,0.0,old_waveform
46.688422,1.066130492933207,True,True,False,0.0,old_waveform
46.6939775,0.9722970101005076,True,True,False,0.0,old_waveform
46.699533,0.8766922501927298,True,True,False,0.0,old_waveform
46.7050885,0.7799292336499943,True,True,False,0.0,old_waveform
46.710644,0.6826307588155205,True,True,False,0.0,old_waveform
46.7161995,0.5854225310535272,True,True,False,0.0,old_waveform
46.721755,0.4889260398413705,True,True,False,0.0,old_waveform
46.7273105,0.393751188155691,True,True,False,0.0,old_waveform
46.732866,0.3004886291281256,True,True,False,0.0,old_waveform
46.7384215,0.2097019334723514,True,True,False,0.0,old_waveform
46.743977,0.1219199243168979,True,True,False,0.0,old_waveform
46.7495325,0.037629474574886,True,True,False,0.0,old_waveform
46.755088,-0.0427310467634083,True,True,False,0.0,old_waveform
46.7606435,-0.1187774565936733,True,True,False,0.0,old_waveform
46.766199,-0.1901843456006388,True,True,False,0.0,old_waveform
46.7717545,-0.2566884412157926,True,True,False,0.0,old_waveform
46.77731,-0.3180906617677124,True,True,False,0.0,old_waveform
46.7828655,-0.374256814712203,True,True,False,0.0,old_waveform
46.788421,-0.4251169262837952,True,True,False,0.0,old_waveform
46.7939765,-0.4706632004479862,True,True,False,0.0,old_waveform
46.799532,-0.5109467245490111,True,True,False,0.0,old_waveform
46.8050875,-0.5460732634851687,True,True,False,0.0,old_waveform
46.810643,-0.576198589982315,True,True,False,0.0,old_waveform
46.8161985,-0.601523708643363,True,True,False,0.0,old_waveform
46.821754,-0.6222901759124929,True,True,False,0.0,old_waveform
46.8273095,-0.6387755724027462,True,True,False,0.0,old_waveform
46.832865,-0.6512890373088853,True,True,False,0.0,old_waveform
46.8384205,-0.6601666774334674,True,True,False,0.0,old_waveform
46.843976,-0.6657666915036733,True,True,False,0.0,old_waveform
46.8495315,-0.6684641415805789,True,True,False,0.0,old_waveform
46.855087,-0.668645353769615,True,True,False,0.0,old_waveform
46.8606425,-0.6667019996965732,True,True,False,0.0,old_waveform
46.866198,-0.663025054403157,True,True,False,0.0,old_waveform
46.8717535,-0.6579989079576023,True,True,False,0.0,old_waveform
46.877309,-0.6519958149553613,True,True,False,0.0,old_waveform
46.8828645,-0.6453707083572667,True,True,False,0.0,old_waveform
46.88842,-0.6384563358913954,True,True,False,0.0,old_waveform
46.8939755,-0.6315587037963306,True,True,False,0.0,old_waveform
46.899531,-0.6249529030857498,True,True,False,0.0,old_waveform
46.9050865,-0.6188795863678097,True,True,False,0.0,old_waveform
46.910642,-0.6135425150106875,True,True,False,0.0,old_waveform
46.9161975,-0.609107410200236,True,True,False,0.0,old_waveform
46.921753,-0.6057019812632908,True,True,False,0.0,old_waveform
46.9273085,-0.603416905094008,True,True,False,0.0,old_waveform
46.932864,-0.6023075612374611,True,True,False,0.0,old_waveform
46.9384195,-0.6023962387587125,True,True,False,0.0,old_waveform
46.943975,-0.6036746211796816,True,True,False,0.0,old_waveform
46.9495305,-0.6061067099333924,True,True,False,0.0,old_waveform
46.955086,-0.609632461243964,True,True,False,0.0,old_waveform
46.9606415,-0.6141720790705484,True,True,False,0.0,old_waveform
46.966197,-0.6196305650099312,True,True,False,0.0,old_waveform
46.9717525,-0.6259021636954193,True,True,False,0.0,old_waveform
46.977308,-0.6328746300339562,True,True,False,0.0,old_waveform
46.9828635,-0.6404333665641124,True,True,False,0.0,old_waveform
46.988419,-0.6484651862613167,True,True,False,0.0,old_waveform
46.9939745,-0.6568610985283413,True,True,False,0.0,old_waveform
46.99953,-0.6655178174064692,True,True,False,0.0,old_waveform
47.0050855,-0.6743376642771532,True,True,False,0.0,old_waveform
47.010641,-0.6832273514449735,True,True,False,0.0,old_waveform
47.0161965,-0.6920962142253774,True,True,False,0.0,old_waveform
47.021752,-0.7008540245330808,True,True,False,0.0,old_waveform
47.0273075,-0.7094090903597773,True,True,False,0.0,old_waveform
47.032863,-0.7176669321651026,True,True,False,0.0,old_waveform
47.0384185,-0.7255293591703393,True,True,False,0.0,old_waveform
47.043974,-0.7328936022926333,True,True,False,0.0,old_waveform
47.0495295,-0.73965124137742,True,True,False,0.0,old_waveform
47.055085,-0.7456869278339726,True,True,False,0.0,old_waveform
47.0606405,-0.750877255334575,True,True,False,0.0,old_waveform
47.066196,-0.7550902102790538,True,True,False,0.0,old_waveform
47.0717515,-0.7581853223706889,True,True,False,0.0,old_waveform
47.077307,-0.7600143608332791,True,True,False,0.0,old_waveform
47.0828625,-0.7604224097943005,True,True,False,0.0,old_waveform
47.088418,-0.7592491790641523,True,True,False,0.0,old_waveform
47.0939735,-0.7563304210730286,True,True,False,0.0,old_waveform
47.099529,-0.7514994597033454,True,True,False,0.0,old_waveform
47.1050845,-0.7445890355102263,True,True,False,0.0,old_waveform
47.11064,-0.7354337749741923,True,True,False,0.0,old_waveform
47.1161955,-0.7238734194338929,True,True,False,0.0,old_waveform
47.121751,-0.7097564761495053,True,True,False,0.0,old_waveform
47.1273065,-0.6929435908008736,True,True,False,0.0,old_waveform
47.132862,-0.6733101902854334,True,True,False,0.0,old_waveform
47.1384175,-0.6507486010182446,True,True,False,0.0,old_waveform
47.143973,-0.6251701660603437,True,True,False,0.0,old_waveform
47.1495285,-0.5965076381279879,True,True,False,0.0,old_waveform
47.155084,-0.5647177702735227,True,True,False,0.0,old_waveform
47.1606395,-0.5297839089288419,True,True,False,0.0,old_waveform
47.166195,-0.4917184370066053,True,True,False,0.0,old_waveform
47.1717505,-0.4505649287315607,True,True,False,0.0,old_waveform
47.177306,-0.406399833063124,True,True,False,0.0,old_waveform
47.1828615,-0.3593335160071279,True,True,False,0.0,old_waveform
47.188417,-0.3095105614666972,True,True,False,0.0,old_waveform
47.1939725,-0.2571092334189461,True,True,False,0.0,old_waveform
47.199528,-0.2023400387918047,True,True,False,0.0,old_waveform
47.2050835,-0.1454434978455464,True,True,False,0.0,old_waveform
47.210639,-0.0866872572509446,True,True,False,0.0,old_waveform
47.2161945,-0.0263624391423375,True,True,False,0.0,old_waveform
47.22175,0.0352210334249929,True,True,False,0.0,old_waveform
47.2273055,0.0977401674340843,True,True,False,0.0,old_waveform
47.232861,0.1608653389924112,True,True,False,0.0,old_waveform
47.2384165,0.2242669654093152,True,True,False,0.0,old_waveform
47.243972,0.2876220280991515,True,True,False,0.0,old_waveform
47.2495275,0.3506200869971311,True,True,False,0.0,old_waveform
47.255083,0.4129684190273759,True,True,False,0.0,old_waveform
47.2606385,0.4743959926455947,True,True,False,0.0,old_waveform
47.266194,0.5346560637018876,True,True,False,0.0,old_waveform
47.2717495,0.5935272403923147,True,True,False,0.0,old_waveform
47.277305,0.6508131724078271,True,True,False,0.0,old_waveform
47.2828605,0.7063415741798428,True,True,False,0.0,old_waveform
47.288416,0.7599634218691518,True,True,False,0.0,old_waveform
47.2939715,0.8115525229107574,True,True,False,0.0,old_waveform
47.299527,0.8610050500199591,True,True,False,0.0,old_waveform
47.3050825,0.9082387428536725,True,True,False,0.0,old_waveform
47.310638,0.9531918803093948,True,True,False,0.0,old_waveform
47.3161935,0.9958222339846124,True,True,False,0.0,old_waveform
47.321749,1.0361060381002878,True,True,False,0.0,old_waveform
47.3273045,1.074036812791385,True,True,False,0.0,old_waveform
47.33286,1.109623856722333,True,True,False,0.0,old_waveform
47.3384155,1.1428903753931363,True,True,False,0.0,old_waveform
47.343971,1.173871306285135,True,True,False,0.0,old_waveform
47.3495265,1.20261078539868,True,True,False,0.0,old_waveform
47.355082,1.2291590711562987,True,True,False,0.0,old_waveform
47.3606375,1.2535689421629477,True,True,False,0.0,old_waveform
47.366193,1.2758919917658411,True,True,False,0.0,old_waveform
47.3717485,1.2961753411701984,True,True,False,0.0,old_waveform
47.377304,1.314458969907491,True,True,False,0.0,old_waveform
47.3828595,1.3307734978148025,True,True,False,0.0,old_waveform
47.388415,1.3451381496996844,True,True,False,0.0,old_waveform
47.3939705,1.3575588248173929,True,True,False,0.0,old_waveform
47.399526,1.3680265026477636,True,True,False,0.0,old_waveform
47.4050815,1.3765163430729683,True,True,False,0.0,old_waveform
47.410637,1.3829876768563436,True,True,False,0.0,old_waveform
47.4161925,1.3873848501348378,True,True,False,0.0,old_waveform
47.421748,1.3896387923764628,True,True,False,0.0,old_waveform
47.4273035,1.3896692158063584,True,True,False,0.0,old_waveform
47.432859,1.3873874150308636,True,True,False,0.0,old_waveform
47.4384145,1.3826995983429342,True,True,False,0.0,old_waveform
47.44397,1.375510530407283,True,True,False,0.0,old_waveform
47.4495255,1.3657271625507283,True,True,False,0.0,old_waveform
47.455081,1.3532619362147826,True,True,False,0.0,old_waveform
47.4606365,1.3380354649962012,True,True,False,0.0,old_waveform
47.466192,1.3199784708333364,True,True,False,0.0,old_waveform
47.4717475,1.2990332657014831,True,True,False,0.0,old_waveform
47.477303,1.2751553329665446,True,True,False,0.0,old_waveform
47.4828585,1.2483153930149158,True,True,False,0.0,old_waveform
47.488414,1.2185019476966177,True,True,False,0.0,old_waveform
47.4939695,1.1857239411547853,True,True,False,0.0,old_waveform
47.499525,1.1500130406192497,True,True,False,0.0,old_waveform
47.5050805,1.1114252232223527,True,True,False,0.0,old_waveform
47.510636,1.0700415766693891,True,True,False,0.0,old_waveform
47.5161915,1.025968222796772,True,True,False,0.0,old_waveform
47.521747,0.9793352806243046,True,True,False,0.0,old_waveform
47.5273025,0.9302950154663092,True,True,False,0.0,old_waveform
47.532858,0.8790195258945348,True,True,False,0.0,old_waveform
47.5384135,0.8256982671338173,True,True,False,0.0,old_waveform
47.543969,0.7705356037989722,True,True,False,0.0,old_waveform
47.5495245,0.7137486558095449,True,True,False,0.0,old_waveform
47.55508,0.6555657758175721,True,True,False,0.0,old_waveform
47.5606355,0.5962257772010005,True,True,False,0.0,old_waveform
47.566191,0.5359775268710713,True,True,False,0.0,old_waveform
47.5717465,0.4750791368707865,True,True,False,0.0,old_waveform
47.577302,0.4137961047946366,True,True,False,0.0,old_waveform
47.5828575,0.3523981686528606,True,True,False,0.0,old_waveform
47.588413,0.291154981807869,True,True,False,0.0,old_waveform
47.5939685,0.2303309388003705,True,True,False,0.0,old_waveform
47.599524,0.1701796603207547,True,True,False,0.0,old_waveform
47.6050795,0.1109387872474228,True,True,False,0.0,old_waveform
47.610635,0.052825727008766,True,True,False,0.0,old_waveform
47.6161905,-0.0039653028209802,True,True,False,0.0,old_waveform
47.621746,-0.0592649068995845,True,True,False,0.0,old_waveform
47.6273015,-0.1129288507389693,True,True,False,0.0,old_waveform
47.632857,-0.1648372690288451,True,True,False,0.0,old_waveform
47.6384125,-0.2148932672268253,True,True,False,0.0,old_waveform
47.643968,-0.2630215033240771,True,True,False,0.0,old_waveform
47.6495235,-0.309166907133733,True,True,False,0.0,old_waveform
47.655079,-0.3532932662398424,True,True,False,0.0,old_waveform
47.6606345,-0.395381420294725,True,True,False,0.0,old_waveform
47.66619,-0.4354271879294289,True,True,False,0.0,old_waveform
47.6717455,-0.4734394489621105,True,True,False,0.0,old_waveform
47.677301,-0.5094386862800935,True,True,False,0.0,old_waveform
47.6828565,-0.5434559732277371,True,True,False,0.0,old_waveform
47.688412,-0.5755322618203974,True,True,False,0.0,old_waveform
47.6939675,-0.6057178224806239,True,True,False,0.0,old_waveform
47.699523,-0.634071549375961,True,True,False,0.0,old_waveform
47.7050785,-0.6606597448435166,True,True,False,0.0,old_waveform
47.710634,-0.6855542758500431,True,True,False,0.0,old_waveform
47.7161895,-0.7088304095552826,True,True,False,0.0,old_waveform
47.721745,-0.7305646366652346,True,True,False,0.0,old_waveform
47.7273005,-0.7508325067202382,True,True,False,0.0,old_waveform
47.732856,-0.7697064587773028,True,True,False,0.0,old_waveform
47.7384115,-0.7872537957563918,True,True,False,0.0,old_waveform
47.743967,-0.8035349114127481,True,True,False,0.0,old_waveform
47.7495225,-0.8186016686043062,True,True,False,0.0,old_waveform
47.755078,-0.8324958060562737,True,True,False,0.0,old_waveform
47.7606335,-0.845247397185935,True,True,False,0.0,old_waveform
47.766189,-0.8568733947602438,True,True,False,0.0,old_waveform
47.7717445,-0.8673762241096635,True,True,False,0.0,old_waveform
47.7773,-0.8767424883570142,True,True,False,0.0,old_waveform
47.7828555,-0.8849420572093228,True,True,False,0.0,old_waveform
47.788411,-0.8919278247768726,True,True,False,0.0,old_waveform
47.7939665,-0.8976361248975716,True,True,False,0.0,old_waveform
47.799522,-0.9019875781385936,True,True,False,0.0,old_waveform
47.8050775,-0.9048884227206754,True,True,False,0.0,old_waveform
47.810633,-0.9062327348089748,True,True,False,0.0,old_waveform
47.8161885,-0.9059057203851428,True,True,False,0.0,old_waveform
47.821744,-0.9037877194534392,True,True,False,0.0,old_waveform
47.8272995,-0.8997584227274845,True,True,False,0.0,old_waveform
47.832855,-0.8937011429111785,True,True,False,0.0,old_waveform
47.8384105,-0.8855073119285924,True,True,False,0.0,old_waveform
47.843966,-0.8750813523824763,True,True,False,0.0,old_waveform
47.8495215,-0.862345757700934,True,True,False,0.0,old_waveform
47.855077,-0.8472458924327352,True,True,False,0.0,old_waveform
47.8606325,-0.829753956896532,True,True,False,0.0,old_waveform
47.866188,-0.8098717614811742,True,True,False,0.0,old_waveform
47.8717435,-0.7876322595572987,True,True,False,0.0,old_waveform
47.877299,-0.7631000610950525,True,True,False,0.0,old_waveform
47.8828545,-0.7363712845779645,True,True,False,0.0,old_waveform
47.88841,-0.7075730141719545,True,True,False,0.0,old_waveform
47.8939655,-0.6768622975951446,True,True,False,0.0,old_waveform
47.899521,-0.644424312957022,True,True,False,0.0,old_waveform
47.9050765,-0.6104694684975787,True,True,False,0.0,old_waveform
47.910632,-0.5752295888601651,True,True,False,0.0,old_waveform
47.9161875,-0.5389534011353282,True,True,False,0.0,old_waveform
47.921743,-0.5019013496235762,True,True,False,0.0,old_waveform
47.9272985,-0.4643397515553853,True,True,False,0.0,old_waveform
47.932854,-0.4265343689189214,True,True,False,0.0,old_waveform
47.9384095,-0.3887435198413135,True,True,False,0.0,old_waveform
47.943965,-0.3512110767493784,True,True,False,0.0,old_waveform
47.9495205,-0.3141599546053583,True,True,False,0.0,old_waveform
47.955076,-0.2777866044740353,True,True,False,0.0,old_waveform
47.9606315,-0.2422566780268938,True,True,False,0.0,old_waveform
47.966187,-0.2077018431097105,True,True,False,0.0,old_waveform
47.9717425,-0.1742177917973155,True,True,False,0.0,old_waveform
47.977298,-0.1418634590742428,True,True,False,0.0,old_waveform
47.9828535,-0.1106612652085369,True,True,False,0.0,old_waveform
47.988409,-0.0805980457415557,True,True,False,0.0,old_waveform
47.9939645,-0.0516262869959145,True,True,False,0.0,old_waveform
47.99952,-0.0236654300138706,True,True,False,0.0,old_waveform
48.0050755,0.0033971309452436,True,True,False,0.0,old_waveform
48.010631,0.0297051991731101,True,True,False,0.0,old_waveform
48.0161865,0.05543221798652,True,True,False,0.0,old_waveform
48.021742,0.080778808993676,True,True,False,0.0,old_waveform
48.0272975,0.1059695583499976,True,True,False,0.0,old_waveform
48.032853,0.1312491279142124,True,True,False,0.0,old_waveform
48.0384085,0.1568779765032291,True,True,False,0.0,old_waveform
48.043964,0.1831279478347728,True,True,False,0.0,old_waveform
48.0495195,0.2102778878460897,True,True,False,0.0,old_waveform
48.055075,0.2386091300331303,True,True,False,0.0,old_waveform
48.0606305,0.2684003049615804,True,True,False,0.0,old_waveform
48.066186,0.2999209133987322,True,True,False,0.0,old_waveform
48.0717415,0.3334234534108282,True,True,False,0.0,old_waveform
48.077297,0.3691342988778693,True,True,False,0.0,old_waveform
48.0828525,0.4072438905501028,True,True,False,0.0,old_waveform
48.088408,0.4478970965928045,True,True,False,0.0,old_waveform
48.0939635,0.4911846181696159,True,True,False,0.0,old_waveform
48.099519,0.5371360164120879,True,True,False,0.0,old_waveform
48.1050745,0.5857146060872325,True,True,False,0.0,old_waveform
48.11063,0.6368142489534393,True,True,False,0.0,old_waveform
48.1161855,0.6902579997478436,True,True,False,0.0,old_waveform
48.121741,0.7457986496582893,True,True,False,0.0,old_waveform
48.1272965,0.8031212257681365,True,True,False,0.0,old_waveform
48.132852,0.8618472440708471,True,True,False,0.0,old_waveform
48.1384075,0.9215403247562014,True,True,False,0.0,old_waveform
48.143963,0.981712855007032,True,True,False,0.0,old_waveform
48.1495185,1.041833417612018,True,True,False,0.0,old_waveform
48.155074,1.101334692700101,True,True,False,0.0,old_waveform
48.1606295,1.159621795348762,True,True,False,0.0,old_waveform
48.166185,1.2160813158307175,True,True,False,0.0,old_waveform
48.1717405,1.2700912022851154,True,True,False,0.0,old_waveform
48.177296,1.3210312230490004,True,True,False,0.0,old_waveform
48.1828515,1.3682936414069042,True,True,False,0.0,old_waveform
48.188407,1.4112939790449104,True,True,False,0.0,old_waveform
48.1939625,1.4494818208855471,True,True,False,0.0,old_waveform
48.199518,1.4823513694722852,True,True,False,0.0,old_waveform
48.2050735,1.5094512824066229,True,True,False,0.0,old_waveform
48.210629,1.5303933444093518,True,True,False,0.0,old_waveform
48.2161845,1.5448595805854757,True,True,False,0.0,old_waveform
48.22174,1.5526075931136702,True,True,False,0.0,old_waveform
48.2272955,1.5534742196492448,True,True,False,0.0,old_waveform
48.232851,1.547377819991817,True,True,False,0.0,old_waveform
48.2384065,1.534319447268791,True,True,False,0.0,old_waveform
48.243962,1.5143829557260038,True,True,False,0.0,old_waveform
48.2495175,1.4877339562879637,True,True,False,0.0,old_waveform
48.255073,1.454617481924907,True,True,False,0.0,old_waveform
48.2606285,1.41535413494858,True,True,False,0.0,old_waveform
48.266184,1.3703344968148623,True,True,False,0.0,old_waveform
48.2717395,1.3200119142042157,True,True,False,0.0,old_waveform
48.277295,1.264894169352372,True,True,False,0.0,old_waveform
48.2828505,1.2055345545121712,True,True,False,0.0,old_waveform
48.288406,1.142522597193512,True,True,False,0.0,old_waveform
48.2939615,1.0764745278015009,True,True,False,0.0,old_waveform
48.299517,1.008023561425371,True,True,False,0.0,old_waveform
48.3050725,0.9378100498905226,True,True,False,0.0,old_waveform
48.310628,0.8664716723797363,True,True,False,0.0,old_waveform
48.3161835,0.7946340035111752,True,True,False,0.0,old_waveform
48.321739,0.7229017700418612,True,True,False,0.0,old_waveform
48.3272945,0.651850960285423,True,True,False,0.0,old_waveform
48.33285,0.5820218283867741,True,True,False,0.0,old_waveform
48.3384055,0.5139127262187493,True,True,False,0.0,old_waveform
48.343961,0.447974680361366,True,True,False,0.0,old_waveform
48.3495165,0.3846067050283491,True,True,False,0.0,old_waveform
48.355072,0.3241518849750274,True,True,False,0.0,old_waveform
48.3606275,0.2668943378813165,True,True,False,0.0,old_waveform
48.366183,0.2130573145802616,True,True,False,0.0,old_waveform
48.3717385,0.1628026809603753,True,True,False,0.0,old_waveform
48.377294,0.1162316474212926,True,True,False,0.0,old_waveform
48.3828495,0.0733861620578705,True,True,False,0.0,old_waveform
48.388405,0.0342504095199738,True,True,False,0.0,old_waveform
48.3939605,-0.0012475941470168,True,True,False,0.0,old_waveform
48.399516,-0.0332337831791381,True,True,False,0.0,old_waveform
48.4050715,-0.0618846295742686,True,True,False,0.0,old_waveform
48.410627,-0.0874224507548323,True,True,False,0.0,old_waveform
48.4161825,-0.110109897377221,True,True,False,0.0,old_waveform
48.421738,-0.1302441212081901,True,True,False,0.0,old_waveform
48.4272935,-0.1481507132226222,True,True,False,0.0,old_waveform
48.432849,-0.1641771832896346,True,True,False,0.0,old_waveform
48.4384045,-0.1786857641489906,True,True,False,0.0,old_waveform
48.44396,-0.1920454879316008,True,True,False,0.0,old_waveform
48.4495155,-0.2046236717880229,True,True,False,0.0,old_waveform
48.455071,-0.216777135578908,True,True,False,0.0,old_waveform
48.4606265,-0.228843565948439,True,True,False,0.0,old_waveform
48.466182,-0.2411335121145336,True,True,False,0.0,old_waveform
48.4717375,-0.2539236713305132,True,True,False,0.0,old_waveform
48.477293,-0.2674520798405455,True,True,False,0.0,old_waveform
48.4828485,-0.2819152518789642,True,True,False,0.0,old_waveform
48.488404,-0.2974666045739668,True,True,False,0.0,old_waveform
48.4939595,-0.3142154057966849,True,True,False,0.0,old_waveform
48.499515,-0.3322260751349462,True,True,False,0.0,old_waveform
48.5050705,-0.3515182089033474,True,True,False,0.0,old_waveform
48.510626,-0.372067557919005,True,True,False,0.0,old_waveform
48.5161815,-0.3938077288220789,True,True,False,0.0,old_waveform
48.521737,-0.4166323940383725,True,True,False,0.0,old_waveform
48.5272925,-0.4403981492851295,True,True,False,0.0,old_waveform
48.532848,-0.4649281233752376,True,True,False,0.0,old_waveform
48.5384035,-0.4900161334882377,True,True,False,0.0,old_waveform
48.543959,-0.5154310785998225,True,True,False,0.0,old_waveform
48.5495145,-0.5409212471637997,True,True,False,0.0,old_waveform
48.55507,-0.5662182448037582,True,True,False,0.0,old_waveform
48.5606255,-0.5910405752785248,True,True,False,0.0,old_waveform
48.566181,-0.6150972906208297,True,True,False,0.0,old_waveform
48.5717365,-0.6380921179978699,True,True,False,0.0,old_waveform
48.577292,-0.659728139299113,True,True,False,0.0,old_waveform
48.5828475,-0.6797128231170347,True,True,False,0.0,old_waveform
48.588403,-0.6977631020973197,True,True,False,0.0,old_waveform
48.5939585,-0.7136101378227435,True,True,False,0.0,old_waveform
48.599514,-0.7270034597000712,True,True,False,0.0,old_waveform
48.6050695,-0.7377143856005783,True,True,False,0.0,old_waveform
48.610625,-0.7455389211568209,True,True,False,0.0,old_waveform
48.6161805,-0.7503004865644952,True,True,False,0.0,old_waveform
48.621736,-0.7518526768291676,True,True,False,0.0,old_waveform
48.6272915,-0.7500819028306414,True,True,False,0.0,old_waveform
48.632847,-0.7449095442720947,True,True,False,0.0,old_waveform
48.6384025,-0.7362933799849476,True,True,False,0.0,old_waveform
48.643958,-0.7242283047981144,True,True,False,0.0,old_waveform
48.6495135,-0.7087464074464309,True,True,False,0.0,old_waveform
48.655069,-0.6899164363588229,True,True,False,0.0,old_waveform
48.6606245,-0.6678426995253562,True,True,False,0.0,old_waveform
48.66618,-0.6426634598598756,True,True,False,0.0,old_waveform
48.6717355,-0.6145487709745523,True,True,False,0.0,old_waveform
48.677291,-0.58369765953252,True,True,False,0.0,old_waveform
48.6828465,-0.5503347768688449,True,True,False,0.0,old_waveform
48.688402,-0.5147067845478777,True,True,False,0.0,old_waveform
48.6939575,-0.4770785157888597,True,True,False,0.0,old_waveform
48.699513,-0.4377286713686298,True,True,False,0.0,old_waveform
48.7050685,-0.3969448705206114,True,True,False,0.0,old_waveform
48.710624,-0.3550182410839655,True,True,False,0.0,old_waveform
48.7161795,-0.3122380633402767,True,True,False,0.0,old_waveform
48.721735,-0.2688869492256094,True,True,False,0.0,old_waveform
48.7272905,-0.2252366732085576,True,True,False,0.0,old_waveform
48.732846,-0.1815445718382719,True,True,False,0.0,old_waveform
48.7384015,-0.138050571130111,True,True,False,0.0,old_waveform
48.743957,-0.0949749212583496,True,True,False,0.0,old_waveform
48.7495125,-0.052516483962644,True,True,False,0.0,old_waveform
48.755068,-0.0108513153889489,True,True,False,0.0,old_waveform
48.7606235,0.0298686324019833,True,True,False,0.0,old_waveform
48.766179,0.0695168085739491,True,True,False,0.0,old_waveform
48.7717345,0.1079933887798921,True,True,False,0.0,old_waveform
48.77729,0.1452264982854692,True,True,False,0.0,old_waveform
48.7828455,0.1811731067470764,True,True,False,0.0,old_waveform
48.788401,0.2158193777200331,True,True,False,0.0,old_waveform
48.7939565,0.2491803008311064,True,True,False,0.0,old_waveform
48.799512,0.2812985221334221,True,True,False,0.0,old_waveform
48.8050675,0.3122424232323659,True,True,False,0.0,old_waveform
48.810623,0.3421035259984154,True,True,False,0.0,old_waveform
48.8161785,0.3709932114991334,True,True,False,0.0,old_waveform
48.821734,0.3990388155623986,True,True,False,0.0,old_waveform
48.8272895,0.4263792883984804,True,True,False,0.0,old_waveform
48.832845,0.4531604011315539,True,True,False,0.0,old_waveform
48.8384005,0.4795292915092997,True,True,False,0.0,old_waveform
48.843956,0.505628540684351,True,True,False,0.0,old_waveform
48.8495115,0.5315905799183508,True,True,False,0.0,old_waveform
48.855067,0.5575332944274478,True,True,False,0.0,old_waveform
48.8606225,0.583557243539654,True,True,False,0.0,old_waveform
48.866178,0.609744422409575,True,True,False,0.0,old_waveform
48.8717335,0.6361581531395547,True,True,False,0.0,old_waveform
48.877289,0.6628435223539312,True,True,False,0.0,old_waveform
48.8828445,0.6898278452511065,True,True,False,0.0,old_waveform
48.8884,0.7171209158529405,True,True,False,0.0,old_waveform
48.8939555,0.7447150977520053,True,True,False,0.0,old_waveform
48.899511,0.772585465271735,True,True,False,0.0,old_waveform
48.9050665,0.8006902523037517,True,True,False,0.0,old_waveform
48.910622,0.8289717979258588,True,True,False,0.0,old_waveform
48.9161775,0.8573578733783646,True,True,False,0.0,old_waveform
48.921733,0.8857628740492739,True,True,False,0.0,old_waveform
48.9272885,0.9140883132648054,True,True,False,0.0,old_waveform
48.932844,0.942222518838112,True,True,False,0.0,old_waveform
48.9383995,0.9700399824240492,True,True,False,0.0,old_waveform
48.943955,0.9974009522263038,True,True,False,0.0,old_waveform
48.9495105,1.0241515555847134,True,True,False,0.0,old_waveform
48.955066,1.0501243057925118,True,True,False,0.0,old_waveform
48.9606215,1.0751386398636464,True,True,False,0.0,old_waveform
48.966177,1.099001293202054,True,True,False,0.0,old_waveform
48.9717325,1.1215065755278226,True,True,False,0.0,old_waveform
48.977288,1.142436684697926,True,True,False,0.0,old_waveform
48.9828435,1.1615622206672838,True,True,False,0.0,old_waveform
48.988399,1.1786431110824842,True,True,False,0.0,old_waveform
48.9939545,1.1934300342104718,True,True,False,0.0,old_waveform
48.99951,1.2056661903885446,True,True,False,0.0,old_waveform
49.0050655,1.21508961616175,True,True,False,0.0,old_waveform
49.010621,1.2214354924827977,True,True,False,0.0,old_waveform
49.0161765,1.2244392427560675,True,True,False,0.0,old_waveform
49.021732,1.2238410821851708,True,True,False,0.0,old_waveform
49.0272875,1.219391116151204,True,True,False,0.0,old_waveform
49.032843,1.2108549805178737,True,True,False,0.0,old_waveform
49.0383985,1.1980198017706254,True,True,False,0.0,old_waveform
49.043954,1.1807002324078273,True,True,False,0.0,old_waveform
49.0495095,1.1587442434649118,True,True,False,0.0,old_waveform
49.055065,1.132038337438663,True,True,False,0.0,old_waveform
49.0606205,1.1005120820533063,True,True,False,0.0,old_waveform
49.066176,1.0641421841424257,True,True,False,0.0,old_waveform
49.0717315,1.022956233048559,True,True,False,0.0,old_waveform
49.077287,0.977035788633518,True,True,False,0.0,old_waveform
49.0828425,0.92651822569482,True,True,False,0.0,old_waveform
49.088398,0.8715969110334455,True,True,False,0.0,old_waveform
49.0939535,0.8125196804288025,True,True,False,0.0,old_waveform
49.099509,0.7495859082791199,True,True,False,0.0,old_waveform
49.1050645,0.6831424979656928,True,True,False,0.0,old_waveform
49.11062,0.613578994787959,True,True,False,0.0,old_waveform
49.1161755,0.5413220891765324,True,True,False,0.0,old_waveform
49.121731,0.4668299067611812,True,True,False,0.0,old_waveform
49.1272865,0.3905863032897622,True,True,False,0.0,old_waveform
49.132842,0.3130950730124722,True,True,False,0.0,old_waveform
49.1383975,0.2348739113344729,True,True,False,0.0,old_waveform
49.143953,0.156448115836849,True,True,False,0.0,old_waveform
49.1495085,0.0783441669290805,True,True,False,0.0,old_waveform
49.155064,0.0010834540561246,True,True,False,0.0,old_waveform
49.1606195,-0.0748235530109902,True,True,False,0.0,old_waveform
49.166175,-0.1488825909871484,True,True,False,0.0,old_waveform
49.1717305,-0.2206205462145478,True,True,False,0.0,old_waveform
49.177286,-0.2895903170869665,True,True,False,0.0,old_waveform
49.1828415,-0.3553757198132407,True,True,False,0.0,old_waveform
49.188397,-0.4175963912886227,True,True,False,0.0,old_waveform
49.1939525,-0.475912454084895,True,True,False,0.0,old_waveform
49.199508,-0.5300286331579332,True,True,False,0.0,old_waveform
49.2050635,-0.5796977210214388,True,True,False,0.0,old_waveform
49.210619,-0.6247235244551526,True,True,False,0.0,old_waveform
49.2161745,-0.6649633407355732,True,True,False,0.0,old_waveform
49.22173,-0.700329816459563,True,True,False,0.0,old_waveform
49.2272855,-0.7307920910698853,True,True,False,0.0,old_waveform
49.232841,-0.7563761995001682,True,True,False,0.0,old_waveform
49.2383965,-0.7771645660968273,True,True,False,0.0,old_waveform
49.243952,-0.7932943755010082,True,True,False,0.0,old_waveform
49.2495075,-0.8049547707010262,True,True,False,0.0,old_waveform
49.255063,-0.8123828865748359,True,True,False,0.0,old_waveform
49.2606185,-0.8158587278061139,True,True,False,0.0,old_waveform
49.266174,-0.8156991482547158,True,True,False,0.0,old_waveform
49.2717295,-0.8122514302883929,True,True,False,0.0,old_waveform
49.277285,-0.8058867423402726,True,True,False,0.0,old_waveform
49.2828405,-0.796993411926938,True,True,False,0.0,old_waveform
49.288396,-0.7859700887424335,True,True,False,0.0,old_waveform
49.2939515,-0.7732191614227627,True,True,False,0.0,old_waveform
49.299507,-0.7591406658007794,True,True,False,0.0,old_waveform
49.3050625,-0.7441266205281756,True,True,False,0.0,old_waveform
49.310618,-0.7285555803257237,True,True,False,0.0,old_waveform
49.3161735,-0.7127871534119606,True,True,False,0.0,old_waveform
49.321729,-0.6971563925072735,True,True,False,0.0,old_waveform
49.3272845,-0.6819683871847788,True,True,False,0.0,old_waveform
49.33284,-0.66749365764003,True,True,False,0.0,old_waveform
49.3383955,-0.6539647853196505,True,True,False,0.0,old_waveform
49.343951,-0.6415743143894131,True,True,False,0.0,old_waveform
49.3495065,-0.630473693123096,True,True,False,0.0,old_waveform
49.355062,-0.6207730487790689,True,True,False,0.0,old_waveform
49.3606175,-0.6125416620793732,True,True,False,0.0,old_waveform
49.366173,-0.6058089802271146,True,True,False,0.0,old_waveform
49.3717285,-0.6005660976387717,True,True,False,0.0,old_waveform
49.377284,-0.5967677560550528,True,True,False,0.0,old_waveform
49.3828395,-0.594334790101248,True,True,False,0.0,old_waveform
49.388395,-0.5931567718439614,True,True,False,0.0,old_waveform
49.3939505,-0.5930946600823815,True,True,False,0.0,old_waveform
49.399506,-0.5939834624642313,True,True,False,0.0,old_waveform
49.4050615,-0.5956351274725135,True,True,False,0.0,old_waveform
49.410617,-0.59784190720926,True,True,False,0.0,old_waveform
49.4161725,-0.6003801670877968,True,True,False,0.0,old_waveform
49.421728,-0.6030144270447615,True,True,False,0.0,old_waveform
49.4272835,-0.6055016188996198,True,True,False,0.0,old_waveform
49.432839,-0.6075957505974391,True,True,False,0.0,old_waveform
49.4383945,-0.6090529726745255,True,True,False,0.0,old_waveform
49.44395,-0.6096367598164447,True,True,False,0.0,old_waveform
49.4495055,-0.6091229910970176,True,True,False,0.0,old_waveform
49.455061,-0.607304890458348,True,True,False,0.0,old_waveform
49.4606165,-0.6039974996421565,True,True,False,0.0,old_waveform
49.466172,-0.599040899854411,True,True,False,0.0,old_waveform
49.4717275,-0.592301696694935,True,True,False,0.0,old_waveform
49.477283,-0.5836731559691419,True,True,False,0.0,old_waveform
49.4828385,-0.5730747458520862,True,True,False,0.0,old_waveform
49.488394,-0.5604514098421095,True,True,False,0.0,old_waveform
49.4939495,-0.5457723189850314,True,True,False,0.0,old_waveform
49.499505,-0.529028753973043,True,True,False,0.0,old_waveform
49.5050605,-0.5102311477034627,True,True,False,0.0,old_waveform
49.510616,-0.4894057027583571,True,True,False,0.0,old_waveform
49.5161715,-0.4665910347587805,True,True,False,0.0,old_waveform
49.521727,-0.4418350811947111,True,True,False,0.0,old_waveform
49.5272825,-0.4151923337975485,True,True,False,0.0,old_waveform
49.532838,-0.3867213749209765,True,True,False,0.0,old_waveform
49.5383935,-0.3564826823121151,True,True,False,0.0,old_waveform
49.543949,-0.324536722033891,True,True,False,0.0,old_waveform
49.5495045,-0.290942394885367,True,True,False,0.0,old_waveform
49.55506,-0.2557558343955518,True,True,False,0.0,old_waveform
49.5606155,-0.2190294573279716,True,True,False,0.0,old_waveform
49.566171,-0.1808111048690122,True,True,False,0.0,old_waveform
49.5717265,-0.1411430278469095,True,True,False,0.0,old_waveform
49.577282,-0.1000605392398646,True,True,False,0.0,old_waveform
49.5828375,-0.0575905710483323,True,True,False,0.0,old_waveform
49.588393,-0.0137507795434125,True,True,False,0.0,old_waveform
49.5939485,0.0314501901333278,True,True,False,0.0,old_waveform
49.599504,0.0780111156932448,True,True,False,0.0,old_waveform
49.6050595,0.12593571415944,True,True,False,0.0,old_waveform
49.610615,0.1752300883050307,True,True,False,0.0,old_waveform
49.6161705,0.2259007833953362,True,True,False,0.0,old_waveform
49.621726,0.2779534058240415,True,True,False,0.0,old_waveform
49.6272815,0.3313910318610847,True,True,False,0.0,old_waveform
49.632837,0.3862117026136205,True,True,False,0.0,old_waveform
49.6383925,0.4424050298698422,True,True,False,0.0,old_waveform
49.643948,0.4999483936588423,True,True,False,0.0,old_waveform
49.6495035,0.5588030645077414,True,True,False,0.0,old_waveform
49.655059,0.6189103851584098,True,True,False,0.0,old_waveform
49.6606145,0.6801882273440732,True,True,False,0.0,old_waveform
49.66617,0.7425280593059498,True,True,False,0.0,old_waveform
49.6717255,0.8057930107451796,True,True,False,0.0,old_waveform
49.677281,0.8698172451665857,True,True,False,0.0,old_waveform
49.6828365,0.9344064879293488,True,True,False,0.0,old_waveform
49.688392,0.9993390562833544,True,True,False,0.0,old_waveform
49.6939475,1.064366944623426,True,True,False,0.0,old_waveform
49.699503,1.129217197946348,True,True,False,0.0,old_waveform
49.7050585,1.1935939653112562,True,True,False,0.0,old_waveform
49.710614,1.2571811197902614,True,True,False,0.0,old_waveform
49.7161695,1.3196450096013472,True,True,False,0.0,old_waveform
49.721725,1.380637112735861,True,True,False,0.0,old_waveform
49.7272805,1.439796598448997,True,True,False,0.0,old_waveform
49.732836,1.496752901006753,True,True,False,0.0,old_waveform
49.7383915,1.5511286196171028,True,True,False,0.0,old_waveform
49.743947,1.6025430728105357,True,True,False,0.0,old_waveform
49.7495025,1.6506164246770063,True,True,False,0.0,old_waveform
49.755058,1.694974046535913,True,True,False,0.0,old_waveform
49.7606135,1.7352510111030517,True,True,False,0.0,old_waveform
49.766169,1.7710967623122489,True,True,False,0.0,old_waveform
49.7717245,1.802179746284208,True,True,False,0.0,old_waveform
49.77728,1.8281916329965904,True,True,False,0.0,old_waveform
49.7828355,1.8488509849933976,True,True,False,0.0,old_waveform
49.788391,1.8639064998905976,True,True,False,0.0,old_waveform
49.7939465,1.8731400108330325,True,True,False,0.0,old_waveform
49.799502,1.876369306759877,True,True,False,0.0,old_waveform
49.8050575,1.8734507106983624,True,True,False,0.0,old_waveform
49.810613,1.8642814012250768,True,True,False,0.0,old_waveform
49.8161685,1.8488015500768784,True,True,False,0.0,old_waveform
49.821724,1.826996308669591,True,True,False,0.0,old_waveform
49.8272795,1.7988976182578396,True,True,False,0.0,old_waveform
49.832835,1.764585815201015,True,True,False,0.0,old_waveform
49.8383905,1.7241909929291992,True,True,False,0.0,old_waveform
49.843946,1.6778940397420374,True,True,False,0.0,old_waveform
49.8495015,1.6259271933134587,True,True,False,0.0,old_waveform
49.855057,1.5685738343444904,True,True,False,0.0,old_waveform
49.8606125,1.5061671412409314,True,True,False,0.0,old_waveform
49.866168,1.4390873127296937,True,True,False,0.0,old_waveform
49.8717235,1.3677573992769023,True,True,False,0.0,old_waveform
49.877279,1.292638156922085,True,True,False,0.0,old_waveform
49.8828345,1.214222470887828,True,True,False,0.0,old_waveform
49.88839,1.1330296658146428,True,True,False,0.0,old_waveform
49.8939455,1.0495995865804466,True,True,False,0.0,old_waveform
49.899501,0.9644861525401416,True,True,False,0.0,old_waveform
49.9050565,0.878250385085278,True,True,False,0.0,old_waveform
49.910612,0.7914532501126308,True,True,False,0.0,old_waveform
49.9161675,0.7046486434895687,True,True,False,0.0,old_waveform
49.921723,0.6183767224033231,True,True,False,0.0,old_waveform
49.9272785,0.5331577197492382,True,True,False,0.0,old_waveform
49.932834,0.4494861878535724,True,True,False,0.0,old_waveform
49.9383895,0.3678254043576255,True,True,False,0.0,old_waveform
49.943945,0.2886017356863465,True,True,False,0.0,old_waveform
49.9495005,0.2121991955030276,True,True,False,0.0,old_waveform
49.955056,0.1389549492474957,True,True,False,0.0,old_waveform
49.9606115,0.0691563966774268,True,True,False,0.0,old_waveform
49.966167,0.0030396963392064,True,True,False,0.0,old_waveform
49.9717225,-0.0592108550018833,True,True,False,0.0,old_waveform
49.977278,-0.1174629283677056,True,True,False,0.0,old_waveform
49.9828335,-0.1716357449419266,True,True,False,0.0,old_waveform
49.988389,-0.2216990350626176,True,True,False,0.0,old_waveform
49.9939445,-0.2676713321491031,True,True,False,0.0,old_waveform
49.9995,-0.3096177588607307,True,True,False,0.0,old_waveform
50.0050555,-0.3476471817813957,True,True,False,0.0,old_waveform
50.010611,-0.3819091860225496,True,True,False,0.0,old_waveform
50.0161665,-0.4125912662091821,True,True,False,0.0,old_waveform
50.021722,-0.4399160471707592,True,True,False,0.0,old_waveform
50.0272775,-0.4641383347909758,True,True,False,0.0,old_waveform
50.032833,-0.4855415525126531,True,True,False,0.0,old_waveform
50.0383885,-0.5044333669822861,True,True,False,0.0,old_waveform
50.043944,-0.5211404118549661,True,True,False,0.0,old_waveform
50.0494995,-0.5360020940714594,True,True,False,0.0,old_waveform
50.055055,-0.54936363252249,True,True,False,0.0,old_waveform
50.0606105,-0.5615685905513695,True,True,False,0.0,old_waveform
50.066166,-0.5729511390859947,True,True,False,0.0,old_waveform
50.0717215,-0.5838283100927066,True,True,False,0.0,old_waveform
50.077277,-0.5944927000650053,True,True,False,0.0,old_waveform
50.0828325,-0.6052062553374328,True,True,False,0.0,old_waveform
50.088388,-0.6161955747412559,True,True,False,0.0,old_waveform
50.0939435,-0.6276486900345747,True,True,False,0.0,old_waveform
50.099499,-0.6397130838651724,True,True,False,0.0,old_waveform
50.1050545,-0.6524948348575751,True,True,False,0.0,old_waveform
50.11061,-0.6660587551244632,True,True,False,0.0,old_waveform
50.1161655,-0.6804293260628466,True,True,False,0.0,old_waveform
50.121721,-0.6955924896977654,True,True,False,0.0,old_waveform
50.1272765,-0.7114984891522466,True,True,False,0.0,old_waveform
50.132832,-0.7280656460883331,True,True,False,0.0,old_waveform
50.1383875,-0.7451846675799011,True,True,False,0.0,old_waveform
50.143943,-0.7627230709632191,True,True,False,0.0,old_waveform
50.1494985,-0.7805293697228962,True,True,False,0.0,old_waveform
50.155054,-0.7984367196511115,True,True,False,0.0,old_waveform
50.1606095,-0.8162659507943946,True,True,False,0.0,old_waveform
50.166165,-0.8338281926979,True,True,False,0.0,old_waveform
50.1717205,-0.8509273300244152,True,True,False,0.0,old_waveform
50.177276,-0.8673623272005637,True,True,False,0.0,old_waveform
50.1828315,-0.8829293344684399,True,True,False,0.0,old_waveform
50.188387,-0.8974234706537226,True,True,False,0.0,old_waveform
50.1939425,-0.9106402083912754,True,True,False,0.0,old_waveform
50.199498,-0.9223765258070362,True,True,False,0.0,old_waveform
50.2050535,-0.9324322711256215,True,True,False,0.0,old_waveform
50.210609,-0.9406121155174524,True,True,False,0.0,old_waveform
50.2161645,-0.9467281900644244,True,True,False,0.0,old_waveform
50.22172,-0.950603286132657,True,True,False,0.0,old_waveform
50.2272755,-0.9520742361666964,True,True,False,0.0,old_waveform
50.232831,-0.950994854955612,True,True,False,0.0,old_waveform
50.2383865,-0.9472379945191944,True,True,False,0.0,old_waveform
50.243942,-0.9406968493477924,True,True,False,0.0,old_waveform
50.2494975,-0.9312859955826828,True,True,False,0.0,old_waveform
50.255053,-0.9189423725250084,True,True,False,0.0,old_waveform
50.2606085,-0.9036260470282932,True,True,False,0.0,old_waveform
50.266164,-0.8853206135795826,True,True,False,0.0,old_waveform
50.2717195,-0.8640332239449745,True,True,False,0.0,old_waveform
50.277275,-0.8397942345457733,True,True,False,0.0,old_waveform
50.2828305,-0.8126562826806477,True,True,False,0.0,old_waveform
50.288386,-0.7826923533215555,True,True,False,0.0,old_waveform
50.2939415,-0.7499924553825544,True,True,False,0.0,old_waveform
50.299497,-0.7146590184191969,True,True,False,0.0,old_waveform
50.3050525,-0.6768015811820748,True,True,False,0.0,old_waveform
50.310608,-0.6365315240056421,True,True,False,0.0,old_waveform
50.3161635,-0.5939576084071625,True,True,False,0.0,old_waveform
50.321719,-0.5491828273227607,True,True,False,0.0,old_waveform
50.3272745,-0.5023025737256577,True,True,False,0.0,old_waveform
50.33283,-0.4534038431762354,True,True,False,0.0,old_waveform
50.3383855,-0.4025652435562415,True,True,False,0.0,old_waveform
50.343941,-0.3498577652838838,True,True,False,0.0,old_waveform
50.3494965,-0.2953464499357845,True,True,False,0.0,old_waveform
50.355052,-0.2390930838662968,True,True,False,0.0,old_waveform
50.3606075,-0.1811597179824255,True,True,False,0.0,old_waveform
50.366163,-0.121612626098651,True,True,False,0.0,old_waveform
50.3717185,-0.0605265065185667,True,True,False,0.0,old_waveform
50.377274,0.0020111863384702,True,True,False,0.0,old_waveform
50.3828295,0.0658961201146824,True,True,False,0.0,old_waveform
50.388385,0.1310036500880882,True,True,False,0.0,old_waveform
50.3939405,0.1971863964423604,True,True,False,0.0,old_waveform
50.399496,0.2642728313546321,True,True,False,0.0,old_waveform
50.4050515,0.3320665992827109,True,True,False,0.0,old_waveform
50.410607,0.4003462777111006,True,True,False,0.0,old_waveform
50.4161625,0.4688654622761509,True,True,False,0.0,old_waveform
50.421718,0.5373531928070805,True,True,False,0.0,old_waveform
50.4272735,0.6055148060237753,True,True,False,0.0,old_waveform
50.432829,0.6730334434173909,True,True,False,0.0,old_waveform
50.4383845,0.7395725336847289,True,True,False,0.0,old_waveform
50.44394,0.8047793719450924,True,True,False,0.0,old_waveform
50.4494955,0.8682896433491968,True,True,False,0.0,old_waveform
50.455051,0.92973271880138,True,True,False,0.0,old_waveform
50.4606065,0.9887375657992016,True,True,False,0.0,old_waveform
50.466162,1.0449388952927918,True,True,False,0.0,old_waveform
50.4717175,1.0979830564721689,True,True,False,0.0,old_waveform
50.477273,1.1475334884236543,True,True,False,0.0,old_waveform
50.4828285,1.193275770676614,True,True,False,0.0,old_waveform
50.488384,1.2349220725739785,True,True,False,0.0,old_waveform
50.4939395,1.2722145458319376,True,True,False,0.0,old_waveform
50.499495,1.3049275136178424,True,True,False,0.0,old_waveform
50.5050505,1.3328689302443697,True,True,False,0.0,old_waveform
50.510606,1.355881814789633,True,True,False,0.0,old_waveform
50.5161615,1.3738460004967283,True,True,False,0.0,old_waveform
50.521717,1.386679993190847,True,True,False,0.0,old_waveform
50.5272725,1.3943424312202155,True,True,False,0.0,old_waveform
50.532828,1.3968327644540857,True,True,False,0.0,old_waveform
50.5383835,1.3941911271579754,True,True,False,0.0,old_waveform
50.543939,1.3864975239872892,True,True,False,0.0,old_waveform
50.5494945,1.3738702724436398,True,True,False,0.0,old_waveform
50.55505,1.3564634619830929,True,True,False,0.0,old_waveform
50.5606055,1.3344632262819536,True,True,False,0.0,old_waveform
50.566161,1.3080829382380776,True,True,False,0.0,old_waveform
50.5717165,1.277557898622167,True,True,False,0.0,old_waveform
50.577272,1.2431402629238617,True,True,False,0.0,old_waveform
50.5828275,1.2050946215667444,True,True,False,0.0,old_waveform
50.588383,1.1636942061917477,True,True,False,0.0,old_waveform
50.5939385,1.119217508150276,True,True,False,0.0,old_waveform
50.599494,1.0719451172010788,True,True,False,0.0,old_waveform
50.6050495,1.0221566564551106,True,True,False,0.0,old_waveform
50.610605,0.9701277321826118,True,True,False,0.0,old_waveform
50.6161605,0.9161269691483052,True,True,False,0.0,old_waveform
50.621716,0.8604135293996592,True,True,False,0.0,old_waveform
50.6272715,0.8032356421571645,True,True,False,0.0,old_waveform
50.632827,0.7448303391109211,True,True,False,0.0,old_waveform
50.6383825,0.6854240932050598,True,True,False,0.0,old_waveform
50.643938,0.6252337824973329,True,True,False,0.0,old_waveform
50.6494935,0.5644674400261719,True,True,False,0.0,old_waveform
50.655049,0.5033245340413885,True,True,False,0.0,old_waveform
50.6606045,0.4419959095047324,True,True,False,0.0,old_waveform
50.66616,0.3806637443521439,True,True,False,0.0,old_waveform
50.6717155,0.3195017092336141,True,True,False,0.0,old_waveform
50.677271,0.2586752147754111,True,True,False,0.0,old_waveform
50.6828265,0.1983415969166125,True,True,False,0.0,old_waveform
50.688382,0.1386502399855124,True,True,False,0.0,old_waveform
50.6939375,0.0797426124375448,True,True,False,0.0,old_waveform
50.699493,0.0217519556289721,True,True,False,0.0,old_waveform
50.7050485,-0.0351976814489315,True,True,False,0.0,old_waveform
50.710604,-0.0909929466640342,True,True,False,0.0,old_waveform
50.7161595,-0.1455326069134993,True,True,False,0.0,old_waveform
50.721715,-0.1987282303699118,True,True,False,0.0,old_waveform
50.7272705,-0.2505038670809116,True,True,False,0.0,old_waveform
50.732826,-0.300794916136392,True,True,False,0.0,old_waveform
50.7383815,-0.3495465951832257,True,True,False,0.0,old_waveform
50.743937,-0.396712261548346,True,True,False,0.0,old_waveform
50.7494925,-0.4422515829372686,True,True,False,0.0,old_waveform
50.755048,-0.4861287823091587,True,True,False,0.0,old_waveform
50.7606035,-0.5283115280470273,True,True,False,0.0,old_waveform
50.766159,-0.5687707170639551,True,True,False,0.0,old_waveform
50.7717145,-0.6074807409917496,True,True,False,0.0,old_waveform
50.77727,-0.6444196926153879,True,True,False,0.0,old_waveform
50.7828255,-0.6795692812358689,True,True,False,0.0,old_waveform
50.788381,-0.7129143859270903,True,True,False,0.0,old_waveform
50.7939365,-0.7444420795564222,True,True,False,0.0,old_waveform
50.799492,-0.7741398855792457,True,True,False,0.0,old_waveform
50.8050475,-0.8019932080830797,True,True,False,0.0,old_waveform
50.810603,-0.8279822502659361,True,True,False,0.0,old_waveform
50.8161585,-0.8520789302776937,True,True,False,0.0,old_waveform
50.821714,-0.8742441381200233,True,True,False,0.0,old_waveform
50.8272695,-0.8944255069972413,True,True,False,0.0,old_waveform
50.832825,-0.9125559218822176,True,True,False,0.0,old_waveform
50.8383805,-0.9285530065483084,True,True,False,0.0,old_waveform
50.843936,-0.9423196655851904,True,True,False,0.0,old_waveform
50.8494915,-0.9537455790394588,True,True,False,0.0,old_waveform
50.855047,-0.9627094195480888,True,True,False,0.0,old_waveform
50.8606025,-0.9690814567260232,True,True,False,0.0,old_waveform
50.866158,-0.9727263570984732,True,True,False,0.0,old_waveform
50.8717135,-0.9735064153075368,True,True,False,0.0,old_waveform
50.877269,-0.9712855792066676,True,True,False,0.0,old_waveform
50.8828245,-0.9659341207502892,True,True,False,0.0,old_waveform
50.88838,-0.957333259154647,True,True,False,0.0,old_waveform
50.8939355,-0.945379079949046,True,True,False,0.0,old_waveform
50.899491,-0.929985498661454,True,True,False,0.0,old_waveform
50.9050465,-0.911086362841808,True,True,False,0.0,old_waveform
50.910602,-0.8886369664829212,True,True,False,0.0,old_waveform
50.9161575,-0.8626152902384165,True,True,False,0.0,old_waveform
50.921713,-0.8330232499128791,True,True,False,0.0,old_waveform
50.9272685,-0.7998880830170386,True,True,False,0.0,old_waveform
50.932824,-0.7632636900122693,True,True,False,0.0,old_waveform
50.9383795,-0.7232315811575741,True,True,False,0.0,old_waveform
50.943935,-0.6799011966225738,True,True,False,0.0,old_waveform
50.9494905,-0.6334095092584817,True,True,False,0.0,old_waveform
50.955046,-0.5839199155171872,True,True,False,0.0,old_waveform
50.9606015,-0.5316205142118183,True,True,False,0.0,old_waveform
50.966157,-0.476721811440144,True,True,False,0.0,old_waveform
50.9717125,-0.4194537195675407,True,True,False,0.0,old_waveform
50.977268,-0.3600617370466276,True,True,False,0.0,old_waveform
50.9828235,-0.2988024417294913,True,True,False,0.0,old_waveform
50.988379,-0.2359387303681493,True,True,False,0.0,old_waveform
50.9939345,-0.1717353801789315,True,True,False,0.0,old_waveform
50.99949,-0.1064554195399613,True,True,False,0.0,old_waveform
51.0050455,-0.0403571833198348,True,True,False,0.0,old_waveform
51.010601,0.0263087512804994,True,True,False,0.0,old_waveform
51.0161565,0.0933020275135384,True,True,False,0.0,old_waveform
51.021712,0.1603942742203898,True,True,False,0.0,old_waveform
51.0272675,0.2273703112485058,True,True,False,0.0,old_waveform
51.032823,0.2940279302227774,True,True,False,0.0,old_waveform
51.0383785,0.3601761530338616,True,True,False,0.0,old_waveform
51.043934,0.4256324460733526,True,True,False,0.0,old_waveform
51.0494895,0.4902196468306353,True,True,False,0.0,old_waveform
51.055045,0.5537632558281884,True,True,False,0.0,old_waveform
51.0606005,0.6160894646988978,True,True,False,0.0,old_waveform
51.066156,0.6770241779046314,True,True,False,0.0,old_waveform
51.0717115,0.7363932513140035,True,True,False,0.0,old_waveform
51.077267,0.7940237760622781,True,True,False,0.0,old_waveform
51.0828225,0.849745686875794,True,True,False,0.0,old_waveform
51.088378,0.9033929688634104,True,True,False,0.0,old_waveform
51.0939335,0.9548042438858946,True,True,False,0.0,old_waveform
51.099489,1.0038229091292958,True,True,False,0.0,old_waveform
51.1050445,1.0502971540436767,True,True,False,0.0,old_waveform
51.1106,1.09408027006135,True,True,False,0.0,old_waveform
51.1161555,1.1350314475197198,True,True,False,0.0,old_waveform
51.121711,1.1730167366420714,True,True,False,0.0,old_waveform
51.1272665,1.2079096609954882,True,True,False,0.0,old_waveform
51.132822,1.2395912911036804,True,True,False,0.0,old_waveform
51.1383775,1.2679500306782197,True,True,False,0.0,old_waveform
51.143933,1.2928817368518932,True,True,False,0.0,old_waveform
51.1494885,1.314290838951326,True,True,False,0.0,old_waveform
51.155044,1.3320925732038695,True,True,False,0.0,old_waveform
51.1605995,1.3462156618811767,True,True,False,0.0,old_waveform
51.166155,1.3566044575593486,True,True,False,0.0,old_waveform
51.1717105,1.3632200684701137,True,True,False,0.0,old_waveform
51.177266,1.3660407730416442,True,True,False,0.0,old_waveform
51.1828215,1.3650622766504144,True,True,False,0.0,old_waveform
51.188377,1.3602979982834391,True,True,False,0.0,old_waveform
51.1939325,1.3517792714717831,True,True,False,0.0,old_waveform
51.199488,1.3395553462911225,True,True,False,0.0,old_waveform
51.2050435,1.323693148205819,True,True,False,0.0,old_waveform
51.210599,1.3042768752084135,True,True,False,0.0,old_waveform
51.2161545,1.2814076719705714,True,True,False,0.0,old_waveform
51.22171,1.2552035587072452,True,True,False,0.0,old_waveform
51.2272655,1.2257995129932688,True,True,False,0.0,old_waveform
51.232821,1.193347375353084,True,True,False,0.0,old_waveform
51.2383765,1.158015291387314,True,True,False,0.0,old_waveform
51.243932,1.1199866412989514,True,True,False,0.0,old_waveform
51.2494875,1.0794585451267344,True,True,False,0.0,old_waveform
51.255043,1.0366400955379234,True,True,False,0.0,old_waveform
51.2605985,0.9917506040990636,True,True,False,0.0,old_waveform
51.266154,0.9450179852990248,True,True,False,0.0,old_waveform
51.2717095,0.8966768199551325,True,True,False,0.0,old_waveform
51.277265,0.8469654527520744,True,True,False,0.0,old_waveform
51.2828205,0.7961221960713706,True,True,False,0.0,old_waveform
51.288376,0.7443814447380742,True,True,False,0.0,old_waveform
51.2939315,0.691970344893451,True,True,False,0.0,old_waveform
51.299487,0.6391060594426629,True,True,False,0.0,old_waveform
51.3050425,0.5859933650730895,True,True,False,0.0,old_waveform
51.310598,0.5328223577624489,True,True,False,0.0,old_waveform
51.3161535,0.4797663630336052,True,True,False,0.0,old_waveform
51.321709,0.4269804979035029,True,True,False,0.0,old_waveform
51.3272645,0.3746011624831248,True,True,False,0.0,old_waveform
51.33282,0.3227461504088167,True,True,False,0.0,old_waveform
51.3383755,0.2715149192267945,True,True,False,0.0,old_waveform
51.343931,0.2209890672456279,True,True,False,0.0,old_waveform
51.3494865,0.1712334138552287,True,True,False,0.0,old_waveform
51.355042,0.1222978127371325,True,True,False,0.0,old_waveform
51.3605975,0.0742193567012749,True,True,False,0.0,old_waveform
51.366153,0.0270244694810914,True,True,False,0.0,old_waveform
51.3717085,-0.0192693349903295,True,True,False,0.0,old_waveform
51.377264,-0.0646518551636554,True,True,False,0.0,old_waveform
51.3828195,-0.1091185758168701,True,True,False,0.0,old_waveform
51.388375,-0.1526690523855548,True,True,False,0.0,old_waveform
51.3939305,-0.1953053912841926,True,True,False,0.0,old_waveform
51.399486,-0.2370308197124667,True,True,False,0.0,old_waveform
51.4050415,-0.2778483704013163,True,True,False,0.0,old_waveform
51.410597,-0.3177597889154395,True,True,False,0.0,old_waveform
51.4161525,-0.3567647111483261,True,True,False,0.0,old_waveform
51.421708,-0.3948599874913567,True,True,False,0.0,old_waveform
51.4272635,-0.4320389209427147,True,True,False,0.0,old_waveform
51.432819,-0.4682902237805156,True,True,False,0.0,old_waveform
51.4383745,-0.5035966321045284,True,True,False,0.0,old_waveform
51.44393,-0.5379332693583677,True,True,False,0.0,old_waveform
51.4494855,-0.5712658986393173,True,True,False,0.0,old_waveform
51.455041,-0.6035490633868368,True,True,False,0.0,old_waveform
51.4605965,-0.6347240340595589,True,True,False,0.0,old_waveform
51.466152,-0.6647167775380131,True,True,False,0.0,old_waveform
51.4717075,-0.6934365180432093,True,True,False,0.0,old_waveform
51.477263,-0.7207753221921409,True,True,False,0.0,old_waveform
51.4828185,-0.7466087365487388,True,True,False,0.0,old_waveform
51.488374,-0.7707973199137983,True,True,False,0.0,old_waveform
51.4939295,-0.7931889652783979,True,True,False,0.0,old_waveform
51.499485,-0.8136220239317649,True,True,False,0.0,old_waveform
51.5050405,-0.8319291876046664,True,True,False,0.0,old_waveform
51.510596,-0.8479417970755975,True,True,False,0.0,old_waveform
51.5161515,-0.8614941299086777,True,True,False,0.0,old_waveform
51.521707,-0.8724274141479161,True,True,False,0.0,old_waveform
51.5272625,-0.8805935290186351,True,True,False,0.0,old_waveform
51.532818,-0.8858584911236759,True,True,False,0.0,old_waveform
51.5383735,-0.8881057987760309,True,True,False,0.0,old_waveform
51.543929,-0.8872394181695922,True,True,False,0.0,old_waveform
51.5494845,-0.8831859471219231,True,True,False,0.0,old_waveform
51.55504,-0.8758956853979031,True,True,False,0.0,old_waveform
51.5605955,-0.8653428878303371,True,True,False,0.0,old_waveform
51.566151,-0.8515257706765034,True,True,False,0.0,old_waveform
51.5717065,-0.8344665981406123,True,True,False,0.0,old_waveform
51.577262,-0.8142119749271571,True,True,False,0.0,old_waveform
51.5828175,-0.7908336399567548,True,True,False,0.0,old_waveform
51.588373,-0.7644299963773675,True,True,False,0.0,old_waveform
51.5939285,-0.735128055980889,True,True,False,0.0,old_waveform
51.599484,-0.7030851940736431,True,True,False,0.0,old_waveform
51.6050395,-0.6684905324759598,True,True,False,0.0,old_waveform
51.610595,-0.6315660255282257,True,True,False,0.0,old_waveform
51.6161505,-0.5925668410553253,True,True,False,0.0,old_waveform
51.621706,-0.5517802634369782,True,True,False,0.0,old_waveform
51.6272615,-0.509522793396118,True,True,False,0.0,old_waveform
51.632817,-0.4661357517559628,True,True,False,0.0,old_waveform
51.6383725,-0.4219797523842217,True,True,False,0.0,old_waveform
51.643928,-0.3774281365459003,True,True,False,0.0,old_waveform
51.6494835,-0.332859457168643,True,True,False,0.0,old_waveform
51.655039,-0.2886493433956127,True,True,False,0.0,old_waveform
51.6605945,-0.2451623023112433,True,True,False,0.0,old_waveform
51.66615,-0.2027441398750158,True,True,False,0.0,old_waveform
51.6717055,-0.1617153843516246,True,True,False,0.0,old_waveform
51.677261,-0.1223654156144313,True,True,False,0.0,old_waveform
51.6828165,-0.0849468475988017,True,True,False,0.0,old_waveform
51.688372,-0.0496703001437195,True,True,False,0.0,old_waveform
51.6939275,-0.0167000205903882,True,True,False,0.0,old_waveform
51.699483,0.0138495110482203,True,True,False,0.0,old_waveform
51.7050385,0.0419161233931632,True,True,False,0.0,old_waveform
51.710594,0.0674916798117307,True,True,False,0.0,old_waveform
51.7161495,0.0906229596886793,True,True,False,0.0,old_waveform
51.721705,0.1114117530088985,True,True,False,0.0,old_waveform
51.7272605,0.1300142370413333,True,True,False,0.0,old_waveform
51.732816,0.146639498290978,True,True,False,0.0,old_waveform
51.7383715,0.1615468386393775,True,True,False,0.0,old_waveform
51.743927,0.1750414908976784,True,True,False,0.0,old_waveform
51.7494825,0.1874684866715783,True,True,False,0.0,old_waveform
51.755038,0.1992046491341905,True,True,False,0.0,old_waveform
51.7605935,0.2106491557488937,True,True,False,0.0,old_waveform
51.766149,0.2222135244411148,True,True,False,0.0,old_waveform
51.7717045,0.2343116422050327,True,True,False,0.0,old_waveform
51.77726,0.2473497535962354,True,True,False,0.0,old_waveform
51.7828155,0.2617161562463874,True,True,False,0.0,old_waveform
51.788371,0.2777710058906867,True,True,False,0.0,old_waveform
51.7939265,0.2958371489102732,True,True,False,0.0,old_waveform
51.799482,0.3161926136215818,True,True,False,0.0,old_waveform
51.8050375,0.3390647508927402,True,True,False,0.0,old_waveform
51.810593,0.3646256640106287,True,True,False,0.0,old_waveform
51.8161485,0.3929886759503003,True,True,False,0.0,old_waveform
51.821704,0.4242058597836641,True,True,False,0.0,old_waveform
51.8272595,0.458266694927279,True,True,False,0.0,old_waveform
51.832815,0.495097787435597,True,True,False,0.0,old_waveform
51.8383705,0.5345636626824072,True,True,False,0.0,old_waveform
51.843926,0.5764687573679549,True,True,False,0.0,old_waveform
51.8494815,0.6205605438294627,True,True,False,0.0,old_waveform
51.855037,0.6665333573995221,True,True,False,0.0,old_waveform
51.8605925,0.7140324629300604,True,True,False,0.0,old_waveform
51.866148,0.762658290668676,True,True,False,0.0,old_waveform
51.8717035,0.8119711015019975,True,True,False,0.0,old_waveform
51.877259,0.8614962519616194,True,True,False,0.0,old_waveform
51.8828145,0.9107299520334858,True,True,False,0.0,old_waveform
51.88837,0.9591453083893936,True,True,False,0.0,old_waveform
51.8939255,1.0061985685996515,True,True,False,0.0,old_waveform
51.899481,1.0513356440286428,True,True,False,0.0,old_waveform
51.9050365,1.0939990477907258,True,True,False,0.0,old_waveform
51.910592,1.1336353433207116,True,True,False,0.0,old_waveform
51.9161475,1.1697031207591293,True,True,False,0.0,old_waveform
51.921703,1.201681424647341,True,True,False,0.0,old_waveform
51.9272585,1.2290784627774427,True,True,False,0.0,old_waveform
51.932814,1.2514403546363222,True,True,False,0.0,old_waveform
51.9383695,1.268359554916351,True,True,False,0.0,old_waveform
51.943925,1.2794823541424791,True,True,False,0.0,old_waveform
51.9494805,1.284514777728067,True,True,False,0.0,old_waveform
51.955036,1.2832265792249122,True,True,False,0.0,old_waveform
51.9605915,1.2754535624587564,True,True,False,0.0,old_waveform
51.966147,1.2610986528704264,True,True,False,0.0,old_waveform
51.9717025,1.240131984096859,True,True,False,0.0,old_waveform
51.977258,1.2125900486343295,True,True,False,0.0,old_waveform
51.9828135,1.178573882679313,True,True,False,0.0,old_waveform
51.988369,1.1382464406556203,True,True,False,0.0,old_waveform
51.9939245,1.0918294434799496,True,True,False,0.0,old_waveform
51.99948,1.039599714061492,True,True,False,0.0,old_waveform
52.0050355,0.9818848256980626,True,True,False,0.0,old_waveform
52.010591,0.9190578800521254,True,True,False,0.0,old_waveform
52.0161465,0.8515318353859664,True,True,False,0.0,old_waveform
52.021702,0.7797536618455883,True,True,False,0.0,old_waveform
52.0272575,0.7041984494561665,True,True,False,0.0,old_waveform
52.032813,0.6253639792096259,True,True,False,0.0,old_waveform
52.0383685,0.5437662293994143,True,True,False,0.0,old_waveform
52.043924,0.4599359352486689,True,True,False,0.0,old_waveform
52.0494795,0.3744157489097495,True,True,False,0.0,old_waveform
52.055035,0.2877572168623487,True,True,False,0.0,old_waveform
52.0605905,0.2005169739610481,True,True,False,0.0,old_waveform
52.066146,0.1132521092813,True,True,False,0.0,old_waveform
52.0717015,0.0265151412816596,True,True,False,0.0,old_waveform
52.077257,-0.0591510167182886,True,True,False,0.0,old_waveform
52.0828125,-0.1432181814442472,True,True,False,0.0,old_waveform
52.088368,-0.2251783917871771,True,True,False,0.0,old_waveform
52.0939235,-0.3045496995985773,True,True,False,0.0,old_waveform
52.099479,-0.3808817454273244,True,True,False,0.0,old_waveform
52.1050345,-0.4537605450348521,True,True,False,0.0,old_waveform
52.11059,-0.5228121651147553,True,True,False,0.0,old_waveform
52.1161455,-0.5877052512447853,True,True,False,0.0,old_waveform
52.121701,-0.6481526257782688,True,True,False,0.0,old_waveform
52.1272565,-0.7039122876014465,True,True,False,0.0,old_waveform
52.132812,-0.7547880321880338,True,True,False,0.0,old_waveform
52.1383675,-0.8006298131569599,True,True,False,0.0,old_waveform
52.143923,-0.8413339832868281,True,True,False,0.0,old_waveform
52.1494785,-0.876843447736923,True,True,False,0.0,old_waveform
52.155034,-0.9071475846552998,True,True,False,0.0,old_waveform
52.1605895,-0.9322817731344158,True,True,False,0.0,old_waveform
52.166145,-0.9523264846840764,True,True,False,0.0,old_waveform
52.1717005,-0.9674060111703464,True,True,False,0.0,old_waveform
52.177256,-0.9776868400851082,True,True,False,0.0,old_waveform
52.1828115,-0.9833754138446066,True,True,False,0.0,old_waveform
52.188367,-0.9847149195327696,True,True,False,0.0,old_waveform
52.1939225,-0.9819809847072084,True,True,False,0.0,old_waveform
52.199478,-0.9754762862039827,True,True,False,0.0,old_waveform
52.2050335,-0.9655240774499452,True,True,False,0.0,old_waveform
52.210589,-0.952460825384716,True,True,False,0.0,old_waveform
52.2161445,-0.9366284190643616,True,True,False,0.0,old_waveform
52.2217,-0.918366570339004,True,True,False,0.0,old_waveform
52.2272555,-0.8980060456017238,True,True,False,0.0,old_waveform
52.232811,-0.8758630947309444,True,True,False,0.0,old_waveform
52.2383665,-0.8522349899232342,True,True,False,0.0,old_waveform
52.243922,-0.8273964063315856,True,True,False,0.0,old_waveform
52.2494775,-0.8015964571437203,True,True,False,0.0,old_waveform
52.255033,-0.7750562248509938,True,True,False,0.0,old_waveform
52.2605885,-0.7479667364483565,True,True,False,0.0,old_waveform
52.266144,-0.7204875985682577,True,True,False,0.0,old_waveform
52.2716995,-0.6927465592024865,True,True,False,0.0,old_waveform
52.277255,-0.6648400403421711,True,True,False,0.0,old_waveform
52.2828105,-0.6368345809293845,True,True,False,0.0,old_waveform
52.288366,-0.6087691883416113,True,True,False,0.0,old_waveform
52.2939215,-0.5806585564322978,True,True,False,0.0,old_waveform
52.299477,-0.5524968745776575,True,True,False,0.0,old_waveform
52.3050325,-0.5242617140072878,True,True,False,0.0,old_waveform
52.310588,-0.4959175609718168,True,True,False,0.0,old_waveform
52.3161435,-0.4674189329845947,True,True,False,0.0,old_waveform
52.321699,-0.4387131887646537,True,True,False,0.0,old_waveform
52.3272545,-0.4097430168251859,True,True,False,0.0,old_waveform
52.33281,-0.3804485273431862,True,True,False,0.0,old_waveform
52.3383655,-0.3507689242255897,True,True,False,0.0,old_waveform
52.343921,-0.3206437914976586,True,True,False,0.0,old_waveform
52.3494765,-0.2900142070842573,True,True,False,0.0,old_waveform
52.355032,-0.258824002605765,True,True,False,0.0,old_waveform
52.3605875,-0.2270212384432679,True,True,False,0.0,old_waveform
52.366143,-0.1945596238522416,True,True,False,0.0,old_waveform
52.3716985,-0.1613994391382614,True,True,False,0.0,old_waveform
52.377254,-0.1275075025332679,True,True,False,0.0,old_waveform
52.3828095,-0.0928560276076798,True,True,False,0.0,old_waveform
52.388365,-0.0574207828888472,True,True,False,0.0,old_waveform
52.3939205,-0.0211792579305417,True,True,False,0.0,old_waveform
52.399476,0.0158907104358712,True,True,False,0.0,old_waveform
52.4050315,0.0538118391038595,True,True,False,0.0,old_waveform
52.410587,0.0926080269516756,True,True,False,0.0,old_waveform
52.4161425,0.1323048554114703,True,True,False,0.0,old_waveform
52.421698,0.1729300204736794,True,True,False,0.0,old_waveform
52.4272535,0.2145136718407867,True,True,False,0.0,old_waveform
52.432809,0.2570883348345448,True,True,False,0.0,old_waveform
52.4383645,0.3006878513428502,True,True,False,0.0,old_waveform
52.44392,0.3453450836787091,True,True,False,0.0,old_waveform
52.4494755,0.3910886016949247,True,True,False,0.0,old_waveform
52.455031,0.4379387132460591,True,True,False,0.0,old_waveform
52.4605865,0.4859032842026415,True,True,False,0.0,old_waveform
52.466142,0.5349739210662456,True,True,False,0.0,old_waveform
52.4716975,0.5851228252538013,True,True,False,0.0,old_waveform
52.477253,0.6363001241770531,True,True,False,0.0,old_waveform
52.4828085,0.6884314010467446,True,True,False,0.0,old_waveform
52.488364,0.741415476555929,True,True,False,0.0,old_waveform
52.4939195,0.7951226909591967,True,True,False,0.0,old_waveform
52.499475,0.8493939241924707,True,True,False,0.0,old_waveform
52.5050305,0.9040405878700568,True,True,False,0.0,old_waveform
52.510586,0.9588456873662926,True,True,False,0.0,old_waveform
52.5161415,1.0135657674472118,True,True,False,0.0,old_waveform
52.521697,1.067933453386014,True,True,False,0.0,old_waveform
52.5272525,1.121660375241796,True,True,False,0.0,old_waveform
52.532808,1.1744402457622254,True,True,False,0.0,old_waveform
52.5383635,1.2259518063555503,True,True,False,0.0,old_waveform
52.543919,1.275861436356262,True,True,False,0.0,old_waveform
52.5494745,1.323825433777471,True,True,False,0.0,old_waveform
52.55503,1.369492184154469,True,True,False,0.0,old_waveform
52.5605855,1.4125044949314227,True,True,False,0.0,old_waveform
52.566141,1.452502247237325,True,True,False,0.0,old_waveform
52.5716965,1.489125240658618,True,True,False,0.0,old_waveform
52.577252,1.5220159293899738,True,True,False,0.0,old_waveform
52.5828075,1.5508219492262396,True,True,False,0.0,old_waveform
52.588363,1.5751986783049985,True,True,False,0.0,old_waveform
52.5939185,1.5948121653477765,True,True,False,0.0,old_waveform
52.599474,1.6093426173266878,True,True,False,0.0,old_waveform
52.6050295,1.6184884600208709,True,True,False,0.0,old_waveform
52.610585,1.6219708840087106,True,True,False,0.0,old_waveform
52.6161405,1.6195387541417812,True,True,False,0.0,old_waveform
52.621696,1.6109736903183118,True,True,False,0.0,old_waveform
52.6272515,1.5960950325225418,True,True,False,0.0,old_waveform
52.632807,1.5747643747880675,True,True,False,0.0,old_waveform
52.6383625,1.5468894402036637,True,True,False,0.0,old_waveform
52.643918,1.5124273381812312,True,True,False,0.0,old_waveform
52.6494735,1.4713875197694033,True,True,False,0.0,old_waveform
52.655029,1.4238345816760123,True,True,False,0.0,old_waveform
52.6605845,1.369890575793823,True,True,False,0.0,old_waveform
52.66614,1.3097362893930284,True,True,False,0.0,old_waveform
52.6716955,1.2436112066789764,True,True,False,0.0,old_waveform
52.677251,1.171812218497186,True,True,False,0.0,old_waveform
52.6828065,1.0946913439592083,True,True,False,0.0,old_waveform
52.688362,1.0126526785381738,True,True,False,0.0,old_waveform
52.6939175,0.926148682888018,True,True,False,0.0,old_waveform
52.699473,0.8356759656434158,True,True,False,0.0,old_waveform
52.7050285,0.7417707943778011,True,True,False,0.0,old_waveform
52.710584,0.6450045053633909,True,True,False,0.0,old_waveform
52.7161395,0.5459787009802948,True,True,False,0.0,old_waveform
52.721695,0.4453199005545561,True,True,False,0.0,old_waveform
52.7272505,0.3436735588349533,True,True,False,0.0,old_waveform
52.732806,0.2416977912774345,True,True,False,0.0,old_waveform
52.7383615,0.1400570969602589,True,True,False,0.0,old_waveform
52.743917,0.0394160539328267,True,True,False,0.0,old_waveform
52.7494725,-0.0595670278196488,True,True,False,0.0,old_waveform
52.755028,-0.1562463681666755,True,True,False,0.0,old_waveform
52.7605835,-0.2499949385945435,True,True,False,0.0,old_waveform
52.766139,-0.3402109286623299,True,True,False,0.0,old_waveform
52.7716945,-0.4263245943546179,True,True,False,0.0,old_waveform
52.77725,-0.5078051786928252,True,True,False,0.0,old_waveform
52.7828055,-0.5841673370563821,True,True,False,0.0,old_waveform
52.788361,-0.6549767178415871,True,True,False,0.0,old_waveform
52.7939165,-0.7198547253234132,True,True,False,0.0,old_waveform
52.799472,-0.7784825400743651,True,True,False,0.0,old_waveform
52.8050275,-0.8306043174793419,True,True,False,0.0,old_waveform
52.810583,-0.8760295853141111,True,True,False,0.0,old_waveform
52.8161385,-0.914635136633213,True,True,False,0.0,old_waveform
52.821694,-0.9463666873092894,True,True,False,0.0,old_waveform
52.8272495,-0.9712401936765708,True,True,False,0.0,old_waveform
52.832805,-0.9893424029063904,True,True,False,0.0,old_waveform
52.8383605,-1.0008301295307274,True,True,False,0.0,old_waveform
52.843916,-1.00592788398803,True,True,False,0.0,old_waveform
52.8494715,-1.0049238284458095,True,True,False,0.0,old_waveform
52.855027,-0.9981643719067104,True,True,False,0.0,old_waveform
52.8605825,-0.9860477313586092,True,True,False,0.0,old_waveform
52.866138,-0.9690167079308644,True,True,False,0.0,old_waveform
52.8716935,-0.947551105236833,True,True,False,0.0,old_waveform
52.877249,-0.9221603639626756,True,True,False,0.0,old_waveform
52.8828045,-0.8933767475617073,True,True,False,0.0,old_waveform
52.88836,-0.8617490488705707,True,True,False,0.0,old_waveform
52.8939155,-0.8278366139369865,True,True,False,0.0,old_waveform
52.899471,-0.792203463862962,True,True,False,0.0,old_waveform
52.9050265,-0.7554123660313307,True,True,False,0.0,old_waveform
52.910582,-0.7180188149490264,True,True,False,0.0,old_waveform
52.9161375,-0.680564976436761,True,True,False,0.0,old_waveform
52.921693,-0.6435736649469981,True,True,False,0.0,old_waveform
52.9272485,-0.6075423340331976,True,True,False,0.0,old_waveform
52.932804,-0.5729370610488331,True,True,False,0.0,old_waveform
52.9383595,-0.5401866542546749,True,True,False,0.0,old_waveform
52.943915,-0.5096770981168441,True,True,False,0.0,old_waveform
52.9494705,-0.481746685220432,True,True,False,0.0,old_waveform
52.955026,-0.4566823587741702,True,True,False,0.0,old_waveform
52.9605815,-0.434717512410627,True,True,False,0.0,old_waveform
52.966137,-0.4160308571473272,True,True,False,0.0,old_waveform
52.9716925,-0.4007458142194592,True,True,False,0.0,old_waveform
52.977248,-0.3889304070328421,True,True,False,0.0,old_waveform
52.9828035,-0.3805980196235073,True,True,False,0.0,old_waveform
52.988359,-0.3757091112138274,True,True,False,0.0,old_waveform
52.9939145,-0.3741734256105365,True,True,False,0.0,old_waveform
52.99947,-0.3758522120293369,True,True,False,0.0,old_waveform
53.0050255,-0.3805607618506161,True,True,False,0.0,old_waveform
53.010581,-0.3880713794687837,True,True,False,0.0,old_waveform
53.0161365,-0.3981176156791257,True,True,False,0.0,old_waveform
53.021692,-0.4103999636143504,True,True,False,0.0,old_waveform
53.0272475,-0.4245920598000647,True,True,False,0.0,old_waveform
53.032803,-0.4403470583033341,True,True,False,0.0,old_waveform
53.0383585,-0.4573038711062007,True,True,False,0.0,old_waveform
53.043914,-0.4750931356382314,True,True,False,0.0,old_waveform
53.0494695,-0.4933428175718023,True,True,False,0.0,old_waveform
53.055025,-0.5116833115873024,True,True,False,0.0,old_waveform
53.0605805,-0.529751764913834,True,True,False,0.0,old_waveform
53.066136,-0.5471953646805151,True,True,False,0.0,old_waveform
53.0716915,-0.563673635495136,True,True,False,0.0,old_waveform
53.077247,-0.5788600791152728,True,True,False,0.0,old_waveform
53.0828025,-0.5924435321431577,True,True,False,0.0,old_waveform
53.088358,-0.6041294369744421,True,True,False,0.0,old_waveform
53.0939135,-0.613640848071066,True,True,False,0.0,old_waveform
53.099469,-0.620718773930242,True,True,False,0.0,old_waveform
53.1050245,-0.6251217869276756,True,True,False,0.0,old_waveform
53.11058,-0.626625353764122,True,True,False,0.0,old_waveform
53.1161355,-0.625021427371942,True,True,False,0.0,old_waveform
53.121691,-0.6201185675488368,True,True,False,0.0,old_waveform
53.1272465,-0.6117425851377939,True,True,False,0.0,old_waveform
53.132802,-0.5997375937839639,True,True,False,0.0,old_waveform
53.1383575,-0.5839674210588335,True,True,False,0.0,old_waveform
53.143913,-0.5643173712791026,True,True,False,0.0,old_waveform
53.1494685,-0.5406961572753363,True,True,False,0.0,old_waveform
53.155024,-0.5130377170256101,True,True,False,0.0,old_waveform
53.1605795,-0.4813028288986682,True,True,False,0.0,old_waveform
53.166135,-0.4454805243948544,True,True,False,0.0,old_waveform
53.1716905,-0.4055891794980908,True,True,False,0.0,old_waveform
53.177246,-0.3616772317746137,True,True,False,0.0,old_waveform
53.1828015,-0.3138235030484956,True,True,False,0.0,old_waveform
53.188357,-0.2621368986105674,True,True,False,0.0,old_waveform
53.1939125,-0.2067552624304833,True,True,False,0.0,old_waveform
53.199468,-0.1478435041639717,True,True,False,0.0,old_waveform
53.2050235,-0.0855914251019919,True,True,False,0.0,old_waveform
53.210579,-0.0202118634383303,True,True,False,0.0,old_waveform
53.2161345,0.0480602602991615,True,True,False,0.0,old_waveform
53.22169,0.1189678824953427,True,True,False,0.0,old_waveform
53.2272455,0.1922311447595311,True,True,False,0.0,old_waveform
53.232801,0.2675467206911738,True,True,False,0.0,old_waveform
53.2383565,0.3445875930239659,True,True,False,0.0,old_waveform
53.243912,0.4230036248188674,True,True,False,0.0,old_waveform
53.2494675,0.5024229449592827,True,True,False,0.0,old_waveform
53.255023,0.5824537077889916,True,True,False,0.0,old_waveform
53.2605785,0.6626856709754297,True,True,False,0.0,old_waveform
53.266134,0.7426915140487081,True,True,False,0.0,old_waveform
53.2716895,0.8220283985063956,True,True,False,0.0,old_waveform
53.277245,0.9002402767311747,True,True,False,0.0,old_waveform
53.2828005,0.9768610247670984,True,True,False,0.0,old_waveform
53.288356,1.0514182529190756,True,True,False,0.0,old_waveform
53.2939115,1.12343774296663,True,True,False,0.0,old_waveform
53.299467,1.192448492561008,True,True,False,0.0,old_waveform
53.3050225,1.2579881996891156,True,True,False,0.0,old_waveform
53.310578,1.319608812816605,True,True,False,0.0,old_waveform
53.3161335,1.3768816316045425,True,True,False,0.0,old_waveform
53.321689,1.4294015953743813,True,True,False,0.0,old_waveform
53.3272445,1.4767908315458675,True,True,False,0.0,old_waveform
53.3328,1.5187017682535662,True,True,False,0.0,old_waveform
53.3383555,1.5548198887524711,True,True,False,0.0,old_waveform
53.343911,1.5848659649954209,True,True,False,0.0,old_waveform
53.3494665,1.6085978346889465,True,True,False,0.0,old_waveform
53.355022,1.6258122634906522,True,True,False,0.0,old_waveform
53.3605775,1.636347459946767,True,True,False,0.0,old_waveform
53.366133,1.640086161191323,True,True,False,0.0,old_waveform
53.3716885,1.636958607006081,True,True,False,0.0,old_waveform
53.377244,1.6269448697517157,True,True,False,0.0,old_waveform
53.3827995,1.610076546848856,True,True,False,0.0,old_waveform
53.388355,1.5864380286580342,True,True,False,0.0,old_waveform
53.3939105,1.556167422700223,True,True,False,0.0,old_waveform
53.399466,1.5194570784112709,True,True,False,0.0,old_waveform
53.4050215,1.4765536050208163,True,True,False,0.0,old_waveform
53.410577,1.427757293203708,True,True,False,0.0,old_waveform
53.4161325,1.373420886315926,True,True,False,0.0,old_waveform
53.421688,1.3139476406017985,True,True,False,0.0,old_waveform
53.4272435,1.249788499351418,True,True,False,0.0,old_waveform
53.432799,1.1814379405052875,True,True,False,0.0,old_waveform
53.4383545,1.1094280623976596,True,True,False,0.0,old_waveform
53.44391,1.0343211327465898,True,True,False,0.0,old_waveform
53.4494655,0.9567014346182212,True,True,False,0.0,old_waveform
53.455021,0.8771670261153635,True,True,False,0.0,old_waveform
53.4605765,0.7963214303340755,True,True,False,0.0,old_waveform
53.466132,0.7147650225803637,True,True,False,0.0,old_waveform
53.4716875,0.6330860602933757,True,True,False,0.0,old_waveform
53.477243,0.5518515846209749,True,True,False,0.0,old_waveform
53.4827985,0.4715985462210452,True,True,False,0.0,old_waveform
53.488354,0.3928255048556906,True,True,False,0.0,old_waveform
53.4939095,0.315985222368178,True,True,False,0.0,old_waveform
53.499465,0.2414783616762423,True,True,False,0.0,old_waveform
53.5050205,0.1696483830259202,True,True,False,0.0,old_waveform
53.510576,0.1007778010146484,True,True,False,0.0,old_waveform
53.5161315,0.0350862415927361,True,True,False,0.0,old_waveform
53.521687,-0.0272691559116896,True,True,False,0.0,old_waveform
53.5272425,-0.0861908650365308,True,True,False,0.0,old_waveform
53.532798,-0.1416361863102118,True,True,False,0.0,old_waveform
53.5383535,-0.1936115370259927,True,True,False,0.0,old_waveform
53.543909,-0.2421667362332612,True,True,False,0.0,old_waveform
53.5494645,-0.2873896107978358,True,True,False,0.0,old_waveform
53.55502,-0.3294005435591139,True,True,False,0.0,old_waveform
53.5605755,-0.3683464518165654,True,True,False,0.0,old_waveform
53.566131,-0.4043940800368463,True,True,False,0.0,old_waveform
53.5716865,-0.4377229110954187,True,True,False,0.0,old_waveform
53.577242,-0.4685182794300265,True,True,False,0.0,old_waveform
53.5827975,-0.4969652724698515,True,True,False,0.0,old_waveform
53.588353,-0.5232436549864022,True,True,False,0.0,old_waveform
53.5939085,-0.5475236594930507,True,True,False,0.0,old_waveform
53.599464,-0.5699623655058892,True,True,False,0.0,old_waveform
53.6050195,-0.5907006024172953,True,True,False,0.0,old_waveform
53.610575,-0.6098606509004622,True,True,False,0.0,old_waveform
53.6161305,-0.6275449801321306,True,True,False,0.0,old_waveform
53.621686,-0.6438357411493166,True,True,False,0.0,old_waveform
53.6272415,-0.6587944360539407,True,True,False,0.0,old_waveform
53.632797,-0.6724614768053356,True,True,False,0.0,old_waveform
53.6383525,-0.6848557192588581,True,True,False,0.0,old_waveform
53.643908,-0.6959741437092379,True,True,False,0.0,old_waveform
53.6494635,-0.705791821990799,True,True,False,0.0,old_waveform
53.655019,-0.7142622208262929,True,True,False,0.0,old_waveform
53.6605745,-0.7213178125974744,True,True,False,0.0,old_waveform
53.66613,-0.7268711159969887,True,True,False,0.0,old_waveform
53.6716855,-0.7308165032788019,True,True,False,0.0,old_waveform
53.677241,-0.7330330913180068,True,True,False,0.0,old_waveform
53.6827965,-0.7333888424877401,True,True,False,0.0,old_waveform
53.688352,-0.7317457146933383,True,True,False,0.0,old_waveform
53.6939075,-0.7279653988863515,True,True,False,0.0,old_waveform
53.699463,-0.7219151572539417,True,True,False,0.0,old_waveform
53.7050185,-0.7134735320882847,True,True,False,0.0,old_waveform
53.710574,-0.702535891602576,True,True,False,0.0,old_waveform
53.7161295,-0.6890197656604152,True,True,False,0.0,old_waveform
53.721685,-0.6728697982850534,True,True,False,0.0,old_waveform
53.7272405,-0.6540620021480352,True,True,False,0.0,old_waveform
53.732796,-0.6326069206432723,True,True,False,0.0,old_waveform
53.7383515,-0.608551456655192,True,True,False,0.0,old_waveform
53.743907,-0.5819795139441847,True,True,False,0.0,old_waveform
53.7494625,-0.5530117894718725,True,True,False,0.0,old_waveform
53.755018,-0.5218048522133195,True,True,False,0.0,old_waveform
53.7605735,-0.4885493930559219,True,True,False,0.0,old_waveform
53.766129,-0.4534674441874283,True,True,False,0.0,old_waveform
53.7716845,-0.4168084744707854,True,True,False,0.0,old_waveform
53.77724,-0.3788446206514986,True,True,False,0.0,old_waveform
53.7827955,-0.339865631681534,True,True,False,0.0,old_waveform
53.788351,-0.3001741014404167,True,True,False,0.0,old_waveform
53.7939065,-0.260081406808215,True,True,False,0.0,old_waveform
53.799462,-0.2199044757486205,True,True,False,0.0,old_waveform
53.8050175,-0.1799629859178437,True,True,False,0.0,old_waveform
53.810573,-0.1405763613748447,True,True,False,0.0,old_waveform
53.8161285,-0.1020602852203781,True,True,False,0.0,old_waveform
53.821684,-0.0647226616895748,True,True,False,0.0,old_waveform
53.8272395,-0.0288587796648455,True,True,False,0.0,old_waveform
53.832795,0.0052544778617048,True,True,False,0.0,old_waveform
53.8383505,0.0373650557069145,True,True,False,0.0,old_waveform
53.843906,0.0672521434546769,True,True,False,0.0,old_waveform
53.8494615,0.0947319519762928,True,True,False,0.0,old_waveform
53.855017,0.1196623702677026,True,True,False,0.0,old_waveform
53.8605725,0.1419463656451484,True,True,False,0.0,old_waveform
53.866128,0.1615343812329774,True,True,False,0.0,old_waveform
53.8716835,0.1784259663463714,True,True,False,0.0,old_waveform
53.877239,0.192670468063693,True,True,False,0.0,old_waveform
53.8827945,0.204366444073104,True,True,False,0.0,old_waveform
53.88835,0.2136596972277948,True,True,False,0.0,old_waveform
53.8939055,0.2207400169983215,True,True,False,0.0,old_waveform
53.899461,0.2258367576617949,True,True,False,0.0,old_waveform
53.9050165,0.2292136084843542,True,True,False,0.0,old_waveform
53.910572,0.2311631631079751,True,True,False,0.0,old_waveform
53.9161275,0.2320017495780439,True,True,False,0.0,old_waveform
53.921683,0.2320644862274862,True,True,False,0.0,old_waveform
53.9272385,0.2317000810868691,True,True,False,0.0,old_waveform
53.932794,0.2312649405149035,True,True,False,0.0,old_waveform
53.9383495,0.23111677078253,True,True,False,0.0,old_waveform
53.943905,0.2316083088481119,True,True,False,0.0,old_waveform
53.9494605,0.2330815702804572,True,True,False,0.0,old_waveform
53.955016,0.2358625919164836,True,True,False,0.0,old_waveform
53.9605715,0.2402565580501163,True,True,False,0.0,old_waveform
53.966127,0.246543257154807,True,True,False,0.0,old_waveform
53.9716825,0.2549728932550301,True,True,False,0.0,old_waveform
53.977238,0.2657623535150544,True,True,False,0.0,old_waveform
53.9827935,0.279091974426072,True,True,False,0.0,old_waveform
53.988349,0.2951026467620676,True,True,False,0.0,old_waveform
53.9939045,0.3138930959565926,True,True,False,0.0,old_waveform
53.99946,0.3355175862879991,True,True,False,0.0,old_waveform
54.0050155,0.3599845177804306,True,True,False,0.0,old_waveform
54.010571,0.3872559460301187,True,True,False,0.0,old_waveform
54.0161265,0.4172474476559989,True,True,False,0.0,old_waveform
54.021682,0.4498279270274956,True,True,False,0.0,old_waveform
54.0272375,0.4848195646088251,True,True,False,0.0,old_waveform
54.032793,0.5219981674875527,True,True,False,0.0,old_waveform
54.0383485,0.5610940952923434,True,True,False,0.0,old_waveform
54.043904,0.6017938689591353,True,True,False,0.0,old_waveform
54.0494595,0.643742486813484,True,True,False,0.0,old_waveform
54.055015,0.6865464042505837,True,True,False,0.0,old_waveform
54.0605705,0.7297771477206044,True,True,False,0.0,old_waveform
54.066126,0.7729755567240235,True,True,False,0.0,old_waveform
54.0716815,0.8156565657707756,True,True,False,0.0,old_waveform
54.077237,0.8573143481907937,True,True,False,0.0,old_waveform
54.0827925,0.8974278899569595,True,True,False,0.0,old_waveform
54.088348,0.9354674856248676,True,True,False,0.0,old_waveform
54.0939035,0.9709025127758636,True,True,False,0.0,old_waveform
54.099459,1.003210202499467,True,True,False,0.0,old_waveform
54.1050145,1.031884886511129,True,True,False,0.0,old_waveform
54.11057,1.056447471818392,True,True,False,0.0,old_waveform
54.1161255,1.0764549605120193,True,True,False,0.0,old_waveform
54.121681,1.0915096435194287,True,True,False,0.0,old_waveform
54.1272365,1.1012675957485247,True,True,False,0.0,old_waveform
54.132792,1.1054462563199277,True,True,False,0.0,old_waveform
54.1383475,1.103830982902123,True,True,False,0.0,old_waveform
54.143903,1.0962804312519512,True,True,False,0.0,old_waveform
54.1494585,1.0827303760312557,True,True,False,0.0,old_waveform
54.155014,1.0631954205329597,True,True,False,0.0,old_waveform
54.1605695,1.0377682753871924,True,True,False,0.0,old_waveform
54.166125,1.006616834158326,True,True,False,0.0,old_waveform
54.1716805,0.969979747253656,True,True,False,0.0,old_waveform
54.177236,0.928161124527706,True,True,False,0.0,old_waveform
54.1827915,0.8815243610654985,True,True,False,0.0,old_waveform
54.188347,0.8304847091418543,True,True,False,0.0,old_waveform
54.1939025,0.7755006716109573,True,True,False,0.0,old_waveform
54.199458,0.7170648972968724,True,True,False,0.0,old_waveform
54.2050135,0.6556953481331681,True,True,False,0.0,old_waveform
54.210569,0.5919272551120024,True,True,False,0.0,old_waveform
54.2161245,0.5263059223025023,True,True,False,0.0,old_waveform
54.22168,0.4593799205786343,True,True,False,0.0,old_waveform
54.2272355,0.3916941849829937,True,True,False,0.0,old_waveform
54.232791,0.3237830114059751,True,True,False,0.0,old_waveform
54.2383465,0.2561633068965782,True,True,False,0.0,old_waveform
54.243902,0.1893284870581903,True,True,False,0.0,old_waveform
54.2494575,0.123743297814837,True,True,False,0.0,old_waveform
54.255013,0.0598395854953412,True,True,False,0.0,old_waveform
54.2605685,-0.0019871120972274,True,True,False,0.0,old_waveform
54.266124,-0.061380137146207,True,True,False,0.0,old_waveform
54.2716795,-0.1180233620145183,True,True,False,0.0,old_waveform
54.277235,-0.1716421279807674,True,True,False,0.0,old_waveform
54.2827905,-0.2220039889169433,True,True,False,0.0,old_waveform
54.288346,-0.2689196704644152,True,True,False,0.0,old_waveform
54.2939015,-0.3122442821667404,True,True,False,0.0,old_waveform
54.299457,-0.351878567985978,True,True,False,0.0,old_waveform
54.3050125,-0.387769920693812,True,True,False,0.0,old_waveform
54.310568,-0.4199130001560659,True,True,False,0.0,old_waveform
54.3161235,-0.4483500323708662,True,True,False,0.0,old_waveform
54.321679,-0.4731708538722945,True,True,False,0.0,old_waveform
54.3272345,-0.4945123241062455,True,True,False,0.0,old_waveform
54.33279,-0.512556420571653,True,True,False,0.0,old_waveform
54.3383455,-0.5275267079252197,True,True,False,0.0,old_waveform
54.343901,-0.5396834439685119,True,True,False,0.0,old_waveform
54.3494565,-0.5493175805791125,True,True,False,0.0,old_waveform
54.355012,-0.5567436537181163,True,True,False,0.0,old_waveform
54.3605675,-0.5622917624420275,True,True,False,0.0,old_waveform
54.366123,-0.5662992398037155,True,True,False,0.0,old_waveform
54.3716785,-0.5691025289058977,True,True,False,0.0,old_waveform
54.377234,-0.5710293935944671,True,True,False,0.0,old_waveform
54.3827895,-0.5723915041674281,True,True,False,0.0,old_waveform
54.388345,-0.5734775899548314,True,True,False,0.0,old_waveform
54.3939005,-0.5745474590447209,True,True,False,0.0,old_waveform
54.399456,-0.5758272173053167,True,True,False,0.0,old_waveform
54.4050115,-0.5775058640311944,True,True,False,0.0,old_waveform
54.410567,-0.5797330913263297,True,True,False,0.0,old_waveform
54.4161225,-0.5826179426325039,True,True,False,0.0,old_waveform
54.421678,-0.5862281715428063,True,True,False,0.0,old_waveform
54.4272335,-0.5905903189347497,True,True,False,0.0,old_waveform
54.432789,-0.595690383941117,True,True,False,0.0,old_waveform
54.4383445,-0.6014748265390049,True,True,False,0.0,old_waveform
54.4439,-0.6078519284053556,True,True,False,0.0,old_waveform
54.4494555,-0.6146939464095792,True,True,False,0.0,old_waveform
54.455011,-0.6218404740848977,True,True,False,0.0,old_waveform
54.4605665,-0.629103078561501,True,True,False,0.0,old_waveform
54.466122,-0.6362710477056421,True,True,False,0.0,old_waveform
54.4716775,-0.6431179954916649,True,True,False,0.0,old_waveform
54.477233,-0.6494089369172551,True,True,False,0.0,old_waveform
54.4827885,-0.6549074191213204,True,True,False,0.0,old_waveform
54.488344,-0.6593824408817446,True,True,False,0.0,old_waveform
54.4938995,-0.6626148936029802,True,True,False,0.0,old_waveform
54.499455,-0.6644032448661614,True,True,False,0.0,old_waveform
54.5050105,-0.6645684165096931,True,True,False,0.0,old_waveform
54.510566,-0.6629578846901966,True,True,False,0.0,old_waveform
54.5161215,-0.6594487969700384,True,True,False,0.0,old_waveform
54.521677,-0.6539498499157896,True,True,False,0.0,old_waveform
54.5272325,-0.6464019392627725,True,True,False,0.0,old_waveform
54.532788,-0.636777850000915,True,True,False,0.0,old_waveform
54.5383435,-0.6250812565223559,True,True,False,0.0,old_waveform
54.543899,-0.6113451211447848,True,True,False,0.0,old_waveform
54.5494545,-0.5956295700848914,True,True,False,0.0,old_waveform
54.55501,-0.5780195891697257,True,True,False,0.0,old_waveform
54.5605655,-0.5586229923989049,True,True,False,0.0,old_waveform
54.566121,-0.5375688370539385,True,True,False,0.0,old_waveform
54.5716765,-0.515005967357935,True,True,False,0.0,old_waveform
54.577232,-0.4911010069167125,True,True,False,0.0,old_waveform
54.5827875,-0.4660353054692787,True,True,False,0.0,old_waveform
54.588343,-0.440000939271974,True,True,False,0.0,old_waveform
54.5938985,-0.4131961272901198,True,True,False,0.0,old_waveform
54.599454,-0.385820195068946,True,True,False,0.0,old_waveform
54.6050095,-0.3580680704762063,True,True,False,0.0,old_waveform
54.610565,-0.3301244680509599,True,True,False,0.0,old_waveform
54.6161205,-0.3021580939591865,True,True,False,0.0,old_waveform
54.621676,-0.2743161559901828,True,True,False,0.0,old_waveform
54.6272315,-0.2467193387794501,True,True,False,0.0,old_waveform
54.632787,-0.2194574304270747,True,True,False,0.0,old_waveform
54.6383425,-0.1925859209026464,True,True,False,0.0,old_waveform
54.643898,-0.166123939477732,True,True,False,0.0,old_waveform
54.6494535,-0.1400537846943112,True,True,False,0.0,old_waveform
54.655009,-0.1143220402537776,True,True,False,0.0,old_waveform
54.6605645,-0.0888419863313279,True,True,False,0.0,old_waveform
54.66612,-0.063496985832175,True,True,False,0.0,old_waveform
54.6716755,-0.0381447262528931,True,True,False,0.0,old_waveform
54.677231,-0.0126221920415917,True,True,False,0.0,old_waveform
54.6827865,0.0132489780525298,True,True,False,0.0,old_waveform
54.688342,0.0396570708706731,True,True,False,0.0,old_waveform
54.6938975,0.0667949022012844,True,True,False,0.0,old_waveform
54.699453,0.0948543698510371,True,True,False,0.0,old_waveform
54.7050085,0.1240208168311401,True,True,False,0.0,old_waveform
54.710564,0.1544672192388813,True,True,False,0.0,old_waveform
54.7161195,0.1863485962670251,True,True,False,0.0,old_waveform
54.721675,0.2197972377235026,True,True,False,0.0,old_waveform
54.7272305,0.2549190924021666,True,True,False,0.0,old_waveform
54.732786,0.2917912330198839,True,True,False,0.0,old_waveform
54.7383415,0.3304602241543148,True,True,False,0.0,old_waveform
54.743897,0.3709414592133419,True,True,False,0.0,old_waveform
54.7494525,0.4132194913050777,True,True,False,0.0,old_waveform
54.755008,0.4572489624857299,True,True,False,0.0,old_waveform
54.7605635,0.5029556275045882,True,True,False,0.0,old_waveform
54.766119,0.5502374119820835,True,True,False,0.0,old_waveform
54.7716745,0.5989658119288161,True,True,False,0.0,old_waveform
54.77723,0.6489878137216534,True,True,False,0.0,old_waveform
54.7827855,0.7001282301199504,True,True,False,0.0,old_waveform
54.788341,0.7521922949100098,True,True,False,0.0,old_waveform
54.7938965,0.8049683620704066,True,True,False,0.0,old_waveform
54.799452,0.8582303462909027,True,True,False,0.0,old_waveform
54.8050075,0.9117394000651964,True,True,False,0.0,old_waveform
54.810563,0.965244628138768,True,True,False,0.0,old_waveform
54.8161185,1.0184831478998515,True,True,False,0.0,old_waveform
54.821674,1.0711799727908915,True,True,False,0.0,old_waveform
54.8272295,1.123047998085188,True,True,False,0.0,old_waveform
54.832785,1.1737882440013745,True,True,False,0.0,old_waveform
54.8383405,1.2230905723641354,True,True,False,0.0,old_waveform
54.843896,1.2706350903535362,True,True,False,0.0,old_waveform
54.8494515,1.3160942647627654,True,True,False,0.0,old_waveform
54.855007,1.35913548365562,True,True,False,0.0,old_waveform
54.8605625,1.3994238545667097,True,True,False,0.0,old_waveform
54.866118,1.4366255157034231,True,True,False,0.0,old_waveform
54.8716735,1.47041178804308,True,True,False,0.0,old_waveform
54.877229,1.500463856228454,True,True,False,0.0,old_waveform
54.8827845,1.5264773331644048,True,True,False,0.0,old_waveform
54.88834,1.54816635376597,True,True,False,0.0,old_waveform
54.8938955,1.565267099414852,True,True,False,0.0,old_waveform
54.899451,1.5775406948069546,True,True,False,0.0,old_waveform
54.9050065,1.5847755053438872,True,True,False,0.0,old_waveform
54.910562,1.5867890486403644,True,True,False,0.0,old_waveform
54.9161175,1.583429890386959,True,True,False,0.0,old_waveform
54.921673,1.574579786903178,True,True,False,0.0,old_waveform
54.9272285,1.5601558955140624,True,True,False,0.0,old_waveform
54.932784,1.5401125183023907,True,True,False,0.0,old_waveform
54.9383395,1.514441956300848,True,True,False,0.0,old_waveform
54.943895,1.483174437352343,True,True,False,0.0,old_waveform
54.9494505,1.4463773956486428,True,True,False,0.0,old_waveform
54.955006,1.4041544812408766,True,True,False,0.0,old_waveform
54.9605615,1.356644564876351,True,True,False,0.0,old_waveform
54.966117,1.3040208373136486,True,True,False,0.0,old_waveform
54.9716725,1.2464900108918138,True,True,False,0.0,old_waveform
54.977228,1.1842915717843223,True,True,False,0.0,old_waveform
54.9827835,1.117696997282314,True,True,False,0.0,old_waveform
54.988339,1.0470088360945,True,True,False,0.0,old_waveform
54.9938945,0.9725594093074568,True,True,False,0.0,old_waveform
54.99945,0.8947087027928918,True,True,False,0.0,old_waveform
55.0050055,0.8138408658806933,True,True,False,0.0,old_waveform
55.010561,0.7303604357537135,True,True,False,0.0,old_waveform
55.0161165,0.6446879781969839,True,True,False,0.0,old_waveform
55.021672,0.5572550514776418,True,True,False,0.0,old_waveform
55.0272275,0.4684997618799017,True,True,False,0.0,old_waveform
55.032783,0.378862922969228,True,True,False,0.0,old_waveform
55.0383385,0.2887850276399431,True,True,False,0.0,old_waveform
55.043894,0.1987039894640658,True,True,False,0.0,old_waveform
55.0494495,0.1090533119662528,True,True,False,0.0,old_waveform
55.055005,0.0202600528534931,True,True,False,0.0,old_waveform
55.0605605,-0.0672580790902779,True,True,False,0.0,old_waveform
55.066116,-0.1530965982702525,True,True,False,0.0,old_waveform
55.0716715,-0.23686840530506,True,True,False,0.0,old_waveform
55.077227,-0.3182074938481601,True,True,False,0.0,old_waveform
55.0827825,-0.3967721135117253,True,True,False,0.0,old_waveform
55.088338,-0.4722475934426675,True,True,False,0.0,old_waveform
55.0938935,-0.544348726728684,True,True,False,0.0,old_waveform
55.099449,-0.6128214765277459,True,True,False,0.0,old_waveform
55.1050045,-0.6774439672064265,True,True,False,0.0,old_waveform
55.11056,-0.7380269197254772,True,True,False,0.0,old_waveform
55.1161155,-0.7944137686054646,True,True,False,0.0,old_waveform
55.121671,-0.8464805478153186,True,True,False,0.0,old_waveform
55.1272265,-0.8941353218154471,True,True,False,0.0,old_waveform
55.132782,-0.9373170826937022,True,True,False,0.0,old_waveform
55.1383375,-0.9759947319619242,True,True,False,0.0,old_waveform
55.143893,-1.0101669575251588,True,True,False,0.0,old_waveform
55.1494485,-1.0398629835065092,True,True,False,0.0,old_waveform
55.155004,-1.0651434154539992,True,True,False,0.0,old_waveform
55.1605595,-1.086100658377949,True,True,False,0.0,old_waveform
55.166115,-1.1028589484457492,True,True,False,0.0,old_waveform
55.1716705,-1.115573949562069,True,True,False,0.0,old_waveform
55.177226,-1.1244314334858496,True,True,False,0.0,old_waveform
55.1827815,-1.129644563961473,True,True,False,0.0,old_waveform
55.188337,-1.1314497249644238,True,True,False,0.0,old_waveform
55.1938925,-1.1301012207113583,True,True,False,0.0,old_waveform
55.199448,-1.1258653318031966,True,True,False,0.0,old_waveform
55.2050035,-1.119014177860533,True,True,False,0.0,old_waveform
55.210559,-1.1098198055566233,True,True,False,0.0,old_waveform
55.2161145,-1.0985488784034811,True,True,False,0.0,old_waveform
55.22167,-1.085457995179529,True,True,False,0.0,old_waveform
55.2272255,-1.0707893005946822,True,True,False,0.0,old_waveform
55.232781,-1.0547663378346943,True,True,False,0.0,old_waveform
55.2383365,-1.037590628905016,True,True,False,0.0,old_waveform
55.243892,-1.0194393233315446,True,True,False,0.0,old_waveform
55.2494475,-1.0004636603878303,True,True,False,0.0,old_waveform
55.255003,-0.9807878871490228,True,True,False,0.0,old_waveform
55.2605585,-0.9605087376423966,True,True,False,0.0,old_waveform
55.266114,-0.939695814369788,True,True,False,0.0,old_waveform
55.2716695,-0.9183928954803098,True,True,False,0.0,old_waveform
55.277225,-0.8966199040299371,True,True,False,0.0,old_waveform
55.2827805,-0.8743754369155357,True,True,False,0.0,old_waveform
55.288336,-0.8516399781164099,True,True,False,0.0,old_waveform
55.2938915,-0.8283797801407676,True,True,False,0.0,old_waveform
55.299447,-0.8045510403055469,True,True,False,0.0,old_waveform
55.3050025,-0.7801039316785073,True,True,False,0.0,old_waveform
55.310558,-0.7549864228124845,True,True,False,0.0,old_waveform
55.3161135,-0.7291480990243298,True,True,False,0.0,old_waveform
55.321669,-0.7025440036421212,True,True,False,0.0,old_waveform
55.3272245,-0.6751382059285391,True,True,False,0.0,old_waveform
55.33278,-0.6469067424638539,True,True,False,0.0,old_waveform
55.3383355,-0.6178397767422049,True,True,False,0.0,old_waveform
55.343891,-0.5879431299022603,True,True,False,0.0,old_waveform
55.3494465,-0.557239402848121,True,True,False,0.0,old_waveform
55.355002,-0.5257685829830283,True,True,False,0.0,old_waveform
55.3605575,-0.4935877968283393,True,True,False,0.0,old_waveform
55.366113,-0.4607700749396668,True,True,False,0.0,old_waveform
55.3716685,-0.4274022653727257,True,True,False,0.0,old_waveform
55.377224,-0.3935823690189016,True,True,False,0.0,old_waveform
55.3827795,-0.3594167658893478,True,True,False,0.0,old_waveform
55.388335,-0.3250178120899477,True,True,False,0.0,old_waveform
55.3938905,-0.2905018858348867,True,True,False,0.0,old_waveform
55.399446,-0.2559876092739622,True,True,False,0.0,old_waveform
55.4050015,-0.2215939392700466,True,True,False,0.0,old_waveform
55.410557,-0.18743780529604,True,True,False,0.0,old_waveform
55.4161125,-0.1536309842849005,True,True,False,0.0,old_waveform
55.421668,-0.1202762358673117,True,True,False,0.0,old_waveform
55.4272235,-0.0874631452227797,True,True,False,0.0,old_waveform
55.432779,-0.0552641087994873,True,True,False,0.0,old_waveform
55.4383345,-0.0237305574836775,True,True,False,0.0,old_waveform
55.44389,0.0071105822525775,True,True,False,0.0,old_waveform
55.4494455,0.0372599843614014,True,True,False,0.0,old_waveform
55.455001,0.06674823942115,True,True,False,0.0,old_waveform
55.4605565,0.095637002368328,True,True,False,0.0,old_waveform
55.466112,0.1240185507906974,True,True,False,0.0,old_waveform
55.4716675,0.1520136077798147,True,True,False,0.0,old_waveform
55.477223,0.179767829193513,True,True,False,0.0,old_waveform
55.4827785,0.2074475598280674,True,True,False,0.0,old_waveform
55.488334,0.2352350704525478,True,True,False,0.0,old_waveform
55.4938895,0.2633230686427287,True,True,False,0.0,old_waveform
55.499445,0.2919084042444574,True,True,False,0.0,old_waveform
55.5050005,0.3211853096264492,True,True,False,0.0,old_waveform
55.510556,0.3513386649566088,True,True,False,0.0,old_waveform
55.5161115,0.3825376528256011,True,True,False,0.0,old_waveform
55.521667,0.4149299797564177,True,True,False,0.0,old_waveform
55.5272225,0.4486366455380529,True,True,False,0.0,old_waveform
55.532778,0.4837471895632771,True,True,False,0.0,old_waveform
55.5383335,0.5203155035950032,True,True,False,0.0,old_waveform
55.543889,0.5583564689387606,True,True,False,0.0,old_waveform
55.5494445,0.5978437845366366,True,True,False,0.0,old_waveform
55.555,0.6387093854355983,True,True,False,0.0,old_waveform
55.5605555,0.6808446212639404,True,True,False,0.0,old_waveform
55.566111,0.7241029744953087,True,True,False,0.0,old_waveform
55.5716665,0.7683039021998171,True,True,False,0.0,old_waveform
55.577222,0.8132373756546354,True,True,False,0.0,old_waveform
55.5827775,0.8586686256180204,True,True,False,0.0,old_waveform
55.588333,0.904342527470156,True,True,False,0.0,old_waveform
55.5938885,0.94998730629915,True,True,False,0.0,old_waveform
55.599444,0.9953177629075634,True,True,False,0.0,old_waveform
55.6049995,1.0400383664066346,True,True,False,0.0,old_waveform
55.610555,1.083846111938005,True,True,False,0.0,old_waveform
55.6161105,1.1264327479066647,True,True,False,0.0,old_waveform
55.621666,1.1674862838555602,True,True,False,0.0,old_waveform
55.6272215,1.2066920876099458,True,True,False,0.0,old_waveform
55.632777,1.2437339198933706,True,True,False,0.0,old_waveform
55.6383325,1.2782951339834885,True,True,False,0.0,old_waveform
55.643888,1.3100602513794202,True,True,False,0.0,old_waveform
55.6494435,1.3387171420151118,True,True,False,0.0,old_waveform
55.654999,1.3639598613610586,True,True,False,0.0,old_waveform
55.6605545,1.385491845970107,True,True,False,0.0,old_waveform
55.66611,1.4030291414149398,True,True,False,0.0,old_waveform
55.6716655,1.4163038290856285,True,True,False,0.0,old_waveform
55.677221,1.4250680590940068,True,True,False,0.0,old_waveform
55.6827765,1.4290985595049603,True,True,False,0.0,old_waveform
55.688332,1.4282009422902795,True,True,False,0.0,old_waveform
55.6938875,1.422213312869926,True,True,False,0.0,old_waveform
55.699443,1.4110091666155038,True,True,False,0.0,old_waveform
55.7049985,1.39449971935789,True,True,False,0.0,old_waveform
55.710554,1.3726358151887026,True,True,False,0.0,old_waveform
55.7161095,1.3454095693984705,True,True,False,0.0,old_waveform
55.721665,1.312855806180785,True,True,False,0.0,old_waveform
55.7272205,1.2750532336170235,True,True,False,0.0,old_waveform
55.732776,1.232125377336013,True,True,False,0.0,old_waveform
55.7383315,1.1842413794659483,True,True,False,0.0,old_waveform
55.743887,1.1316165374394265,True,True,False,0.0,old_waveform
55.7494425,1.0745120634363403,True,True,False,0.0,old_waveform
55.754998,1.0132334406280252,True,True,False,0.0,old_waveform
55.7605535,0.9481270158914722,True,True,False,0.0,old_waveform
55.766109,0.8795748404437582,True,True,False,0.0,old_waveform
55.7716645,0.8079881913703597,True,True,False,0.0,old_waveform
55.77722,0.7338006614041684,True,True,False,0.0,old_waveform
55.7827755,0.6574617813872097,True,True,False,0.0,old_waveform
55.788331,0.5794316216059713,True,True,False,0.0,old_waveform
55.7938865,0.5001761991812332,True,True,False,0.0,old_waveform
55.799442,0.4201633139021692,True,True,False,0.0,old_waveform
55.8049975,0.3398585821737607,True,True,False,0.0,old_waveform
55.810553,0.2597215766540638,True,True,False,0.0,old_waveform
55.8161085,0.1802020104627422,True,True,False,0.0,old_waveform
55.821664,0.1017360581793219,True,True,False,0.0,old_waveform
55.8272195,0.0247431574778131,True,True,False,0.0,old_waveform
55.832775,-0.0503764127570997,True,True,False,0.0,old_waveform
55.8383305,-0.1232432821693241,True,True,False,0.0,old_waveform
55.843886,-0.1935003853144395,True,True,False,0.0,old_waveform
55.8494415,-0.260814125224988,True,True,False,0.0,old_waveform
55.854997,-0.3248754092211289,True,True,False,0.0,old_waveform
55.8605525,-0.3854011239523242,True,True,False,0.0,old_waveform
55.866108,-0.4421367632927366,True,True,False,0.0,old_waveform
55.8716635,-0.4948602057921775,True,True,False,0.0,old_waveform
55.877219,-0.5433858377457368,True,True,False,0.0,old_waveform
55.8827745,-0.5875681830962929,True,True,False,0.0,old_waveform
55.88833,-0.627304593078338,True,True,False,0.0,old_waveform
55.8938855,-0.6625367971234111,True,True,False,0.0,old_waveform
55.899441,-0.6932513332729443,True,True,False,0.0,old_waveform
55.9049965,-0.7194790950295734,True,True,False,0.0,old_waveform
55.910552,-0.7412942354665459,True,True,False,0.0,old_waveform
55.9161075,-0.7588125504626139,True,True,False,0.0,old_waveform
55.921663,-0.772189326125291,True,True,False,0.0,old_waveform
55.9272185,-0.781616491152266,True,True,False,0.0,old_waveform
55.932774,-0.7873189860392942,True,True,False,0.0,old_waveform
55.9383295,-0.7895505431728238,True,True,False,0.0,old_waveform
55.943885,-0.7885891710534778,True,True,False,0.0,old_waveform
55.9494405,-0.784732509574308,True,True,False,0.0,old_waveform
55.954996,-0.7782932005168782,True,True,False,0.0,old_waveform
55.9605515,-0.7695944616045507,True,True,False,0.0,old_waveform
55.966107,-0.7589659523510054,True,True,False,0.0,old_waveform
55.9716625,-0.7467399768176923,True,True,False,0.0,old_waveform
55.977218,-0.7332481476503626,True,True,False,0.0,old_waveform
55.9827735,-0.7188184591954069,True,True,False,0.0,old_waveform
55.988329,-0.7037723650784383,True,True,False,0.0,old_waveform
55.9938845,-0.6884214785613094,True,True,False,0.0,old_waveform
55.99944,-0.6730639156766474,True,True,False,0.0,old_waveform
56.0049955,-0.6579818682481267,True,True,False,0.0,old_waveform
56.010551,-0.6434367827065997,True,True,False,0.0,old_waveform
56.0161065,-0.6296649836906352,True,True,False,0.0,old_waveform
56.021662,-0.6168765826712537,True,True,False,0.0,old_waveform
56.0272175,-0.6052537145137512,True,True,False,0.0,old_waveform
56.032773,-0.5949491789860678,True,True,False,0.0,old_waveform
56.0383285,-0.5860852874389939,True,True,False,0.0,old_waveform
56.043884,-0.5787526545353296,True,True,False,0.0,old_waveform
56.0494395,-0.5730086929623659,True,True,False,0.0,old_waveform
56.054995,-0.5688758951350246,True,True,False,0.0,old_waveform
56.0605505,-0.5663402903055602,True,True,False,0.0,old_waveform
56.066106,-0.5653504169864122,True,True,False,0.0,old_waveform
56.0716615,-0.5658169467117792,True,True,False,0.0,old_waveform
56.077217,-0.5676130394541821,True,True,False,0.0,old_waveform
56.0827725,-0.5705754496783444,True,True,False,0.0,old_waveform
56.088328,-0.5745061105785836,True,True,False,0.0,old_waveform
56.0938835,-0.5791737318535416,True,True,False,0.0,old_waveform
56.099439,-0.5843152222803755,True,True,False,0.0,old_waveform
56.1049945,-0.5896372554678827,True,True,False,0.0,old_waveform
56.11055,-0.5948186253271219,True,True,False,0.0,old_waveform
56.1161055,-0.5995140267900468,True,True,False,0.0,old_waveform
56.121661,-0.603359533135246,True,True,False,0.0,old_waveform
56.1272165,-0.6059795302395607,True,True,False,0.0,old_waveform
56.132772,-0.6069945636956395,True,True,False,0.0,old_waveform
56.1383275,-0.6060295349977471,True,True,False,0.0,old_waveform
56.143883,-0.6027218071190393,True,True,False,0.0,old_waveform
56.1494385,-0.5967289989637036,True,True,False,0.0,old_waveform
56.154994,-0.5877364774349757,True,True,False,0.0,old_waveform
56.1605495,-0.575464621901497,True,True,False,0.0,old_waveform
56.166105,-0.5596757347671549,True,True,False,0.0,old_waveform
56.1716605,-0.5401801269951045,True,True,False,0.0,old_waveform
56.177216,-0.5168408015984263,True,True,False,0.0,old_waveform
56.1827715,-0.4895764052128778,True,True,False,0.0,old_waveform
56.188327,-0.4583623982337418,True,True,False,0.0,old_waveform
56.1938825,-0.4232305328339981,True,True,False,0.0,old_waveform
56.199438,-0.3842667487673631,True,True,False,0.0,old_waveform
56.2049935,-0.341607603107336,True,True,False,0.0,old_waveform
56.210549,-0.295435516129908,True,True,False,0.0,old_waveform
56.2161045,-0.2459732504742862,True,True,False,0.0,old_waveform
56.22166,-0.1934778763052116,True,True,False,0.0,old_waveform
56.2272155,-0.1382342886248582,True,True,False,0.0,old_waveform
56.232771,-0.0805484514834946,True,True,False,0.0,old_waveform
56.2383265,-0.0207408221381873,True,True,False,0.0,old_waveform
56.243882,0.0408594946621924,True,True,False,0.0,old_waveform
56.2494375,0.1039195810435928,True,True,False,0.0,old_waveform
56.254993,0.1681066223091818,True,True,False,0.0,old_waveform
56.2605485,0.2330912096769546,True,True,False,0.0,old_waveform
56.266104,0.2985503944147241,True,True,False,0.0,old_waveform
56.2716595,0.3641706552368347,True,True,False,0.0,old_waveform
56.277215,0.4296505567297065,True,True,False,0.0,old_waveform
56.2827705,0.4947027980089836,True,True,False,0.0,old_waveform
56.288326,0.5590556191712308,True,True,False,0.0,old_waveform
56.2938815,0.6224537602492899,True,True,False,0.0,old_waveform
56.299437,0.6846592241391599,True,True,False,0.0,old_waveform
56.3049925,0.7454520298005262,True,True,False,0.0,old_waveform
56.310548,0.8046309832845095,True,True,False,0.0,old_waveform
56.3161035,0.8620142788079798,True,True,False,0.0,old_waveform
56.321659,0.9174395935163432,True,True,False,0.0,old_waveform
56.3272145,0.9707633978008088,True,True,False,0.0,old_waveform
56.33277,1.02185930175302,True,True,False,0.0,old_waveform
56.3383255,1.0706152758283125,True,True,False,0.0,old_waveform
56.343881,1.1169297938340743,True,True,False,0.0,old_waveform
56.3494365,1.1607072639246212,True,True,False,0.0,old_waveform
56.354992,1.2018531874991272,True,True,False,0.0,old_waveform
56.3605475,1.2402694951177249,True,True,False,0.0,old_waveform
56.366103,1.2758505417615669,True,True,False,0.0,old_waveform
56.3716585,1.3084800864679549,True,True,False,0.0,old_waveform
56.377214,1.3380294173107414,True,True,False,0.0,old_waveform
56.3827695,1.3643566843745345,True,True,False,0.0,old_waveform
56.388325,1.3873072449054156,True,True,False,0.0,old_waveform
56.3938805,1.4067146625999347,True,True,False,0.0,old_waveform
56.399436,1.422402167772788,True,True,False,0.0,old_waveform
56.4049915,1.4341845542309233,True,True,False,0.0,old_waveform
56.410547,1.4418705754213532,True,True,False,0.0,old_waveform
56.4161025,1.4452660793026495,True,True,False,0.0,old_waveform
56.421658,1.444178188918524,True,True,False,0.0,old_waveform
56.4272135,1.4384205897711877,True,True,False,0.0,old_waveform
56.432769,1.4278195965106286,True,True,False,0.0,old_waveform
56.4383245,1.4122204481970368,True,True,False,0.0,old_waveform
56.44388,1.3914934705937714,True,True,False,0.0,old_waveform
56.4494355,1.365540069991323,True,True,False,0.0,old_waveform
56.454991,1.3342983616859858,True,True,False,0.0,old_waveform
56.4605465,1.2977477894116056,True,True,False,0.0,old_waveform
56.466102,1.2559121588791815,True,True,False,0.0,old_waveform
56.4716575,1.2088611250164252,True,True,False,0.0,old_waveform
56.477213,1.1567106735929131,True,True,False,0.0,old_waveform
56.4827685,1.0996232355266595,True,True,False,0.0,old_waveform
56.488324,1.037808017855684,True,True,False,0.0,old_waveform
56.4938795,0.971521867294544,True,True,False,0.0,old_waveform
56.499435,0.90107024827723,True,True,False,0.0,old_waveform
56.5049905,0.8268073237628892,True,True,False,0.0,old_waveform
56.510546,0.7491344157825741,True,True,False,0.0,old_waveform
56.5161015,0.6684968325736855,True,True,False,0.0,old_waveform
56.521657,0.5853793611272555,True,True,False,0.0,old_waveform
56.5272125,0.5003006762260117,True,True,False,0.0,old_waveform
56.532768,0.4138068690156874,True,True,False,0.0,old_waveform
56.5383235,0.3264641839123275,True,True,False,0.0,old_waveform
56.543879,0.2388508725267131,True,True,False,0.0,old_waveform
56.5494345,0.1515482375800831,True,True,False,0.0,old_waveform
56.55499,0.0651314110810943,True,True,False,0.0,old_waveform
56.5605455,-0.0198394935440109,True,True,False,0.0,old_waveform
56.566101,-0.1028276241899326,True,True,False,0.0,old_waveform
56.5716565,-0.183327120876519,True,True,False,0.0,old_waveform
56.577212,-0.2608704062388475,True,True,False,0.0,old_waveform
56.5827675,-0.3350348684923478,True,True,False,0.0,old_waveform
56.588323,-0.4054484973991369,True,True,False,0.0,old_waveform
56.5938785,-0.4717940103090329,True,True,False,0.0,old_waveform
56.599434,-0.5338113021948442,True,True,False,0.0,old_waveform
56.6049895,-0.5912984397757565,True,True,False,0.0,old_waveform
56.610545,-0.6441116336320737,True,True,False,0.0,old_waveform
56.6161005,-0.6921644639979312,True,True,False,0.0,old_waveform
56.621656,-0.7354262747167495,True,True,False,0.0,old_waveform
56.6272115,-0.7739195886617233,True,True,False,0.0,old_waveform
56.632767,-0.8077167066886771,True,True,False,0.0,old_waveform
56.6383225,-0.8369358649106776,True,True,False,0.0,old_waveform
56.643878,-0.8617371925354828,True,True,False,0.0,old_waveform
56.6494335,-0.8823184445395641,True,True,False,0.0,old_waveform
56.654989,-0.8989102925777135,True,True,False,0.0,old_waveform
56.6605445,-0.9117709045009552,True,True,False,0.0,old_waveform
56.6661,-0.9211797600101096,True,True,False,0.0,old_waveform
56.6716555,-0.9274311071906746,True,True,False,0.0,old_waveform
56.677211,-0.9308276814692208,True,True,False,0.0,old_waveform
56.6827665,-0.9316750109036986,True,True,False,0.0,old_waveform
56.688322,-0.9302763268064764,True,True,False,0.0,old_waveform
56.6938775,-0.9269281875410232,True,True,False,0.0,old_waveform
56.699433,-0.9219169890843144,True,True,False,0.0,old_waveform
56.7049885,-0.9155162484001106,True,True,False,0.0,old_waveform
56.710544,-0.907984239450988,True,True,False,0.0,old_waveform
56.7160995,-0.8995615144280952,True,True,False,0.0,old_waveform
56.721655,-0.8904679736576278,True,True,False,0.0,old_waveform
56.7272105,-0.8808994508874497,True,True,False,0.0,old_waveform
56.732766,-0.871024228351353,True,True,False,0.0,old_waveform
56.7383215,-0.860980118596399,True,True,False,0.0,old_waveform
56.743877,-0.8508724621794896,True,True,False,0.0,old_waveform
56.7494325,-0.8407729498456662,True,True,False,0.0,old_waveform
56.754988,-0.8307191513619331,True,True,False,0.0,old_waveform
56.7605435,-0.8207149071123359,True,True,False,0.0,old_waveform
56.766099,-0.8107317527237908,True,True,False,0.0,old_waveform
56.7716545,-0.8007112348262815,True,True,False,0.0,old_waveform
56.77721,-0.7905677716435571,True,True,False,0.0,old_waveform
56.7827655,-0.7801918106513587,True,True,False,0.0,old_waveform
56.788321,-0.7694531729653785,True,True,False,0.0,old_waveform
56.7938765,-0.7582044971709528,True,True,False,0.0,old_waveform
56.799432,-0.7462848227686428,True,True,False,0.0,old_waveform
56.8049875,-0.7335236224848087,True,True,False,0.0,old_waveform
56.810543,-0.7197456770307898,True,True,False,0.0,old_waveform
56.8160985,-0.7047768606599802,True,True,False,0.0,old_waveform
56.821654,-0.6884503327877987,True,True,False,0.0,old_waveform
56.8272095,-0.6706123098496692,True,True,False,0.0,old_waveform
56.832765,-0.6511268284595629,True,True,False,0.0,old_waveform
56.8383205,-0.6298793743536113,True,True,False,0.0,old_waveform
56.843876,-0.6067795200533338,True,True,False,0.0,old_waveform
56.8494315,-0.5817628075974786,True,True,False,0.0,old_waveform
56.854987,-0.5547921518108547,True,True,False,0.0,old_waveform
56.8605425,-0.5258589250761315,True,True,False,0.0,old_waveform
56.866098,-0.4949836041178875,True,True,False,0.0,old_waveform
56.8716535,-0.4622157666357492,True,True,False,0.0,old_waveform
56.877209,-0.4276334466179466,True,True,False,0.0,old_waveform
56.8827645,-0.3913419605298301,True,True,False,0.0,old_waveform
56.88832,-0.3534721851797165,True,True,False,0.0,old_waveform
56.8938755,-0.3141781899089473,True,True,False,0.0,old_waveform
56.899431,-0.2736340658521892,True,True,False,0.0,old_waveform
56.9049865,-0.2320297263617375,True,True,False,0.0,old_waveform
56.910542,-0.1895656982604932,True,True,False,0.0,old_waveform
56.9160975,-0.1464475112649535,True,True,False,0.0,old_waveform
56.921653,-0.1028806067822167,True,True,False,0.0,old_waveform
56.9272085,-0.0590662284309656,True,True,False,0.0,old_waveform
56.932764,-0.0151980124589416,True,True,False,0.0,old_waveform
56.9383195,0.0285411379333544,True,True,False,0.0,old_waveform
56.943875,0.0719818716513239,True,True,False,0.0,old_waveform
56.9494305,0.1149706586932734,True,True,False,0.0,old_waveform
56.954986,0.1573714555594501,True,True,False,0.0,old_waveform
56.9605415,0.1990668195941577,True,True,False,0.0,old_waveform
56.966097,0.2399584529870014,True,True,False,0.0,old_waveform
56.9716525,0.2799672683819866,True,True,False,0.0,old_waveform
56.977208,0.3190332712583201,True,True,False,0.0,old_waveform
56.9827635,0.3571154362708998,True,True,False,0.0,old_waveform
56.988319,0.3941914228422143,True,True,False,0.0,old_waveform
56.9938745,0.430256865824719,True,True,False,0.0,old_waveform
56.99943,,False,False,False,0.0,missing
57.0049855,,False,False,False,0.0,missing
57.010541,,False,False,False,0.0,missing
57.0160965,,False,False,False,0.0,missing
57.021652,,False,False,False,0.0,missing
57.0272075,,False,False,False,0.0,missing
57.032763,,False,False,False,0.0,missing
57.0383185,,False,False,False,0.0,missing
57.043874,,False,False,False,0.0,missing
57.0494295,,False,False,False,0.0,missing
57.054985,,False,False,False,0.0,missing
57.0605405,,False,False,False,0.0,missing
57.066096,,False,False,False,0.0,missing
57.0716515,,False,False,False,0.0,missing
57.077207,,False,False,False,0.0,missing
57.0827625,,False,False,False,0.0,missing
57.088318,,False,False,False,0.0,missing
57.0938735,,False,False,False,0.0,missing
57.099429,,False,False,False,0.0,missing
57.1049845,,False,False,False,0.0,missing
57.11054,,False,False,False,0.0,missing
57.1160955,,False,False,False,0.0,missing
57.121651,,False,False,False,0.0,missing
57.1272065,,False,False,False,0.0,missing
57.132762,,False,False,False,0.0,missing
57.1383175,,False,False,False,0.0,missing
57.143873,,False,False,False,0.0,missing
57.1494285,,False,False,False,0.0,missing
57.154984,,False,False,False,0.0,missing
57.1605395,,False,False,False,0.0,missing
57.166095,,False,False,False,0.0,missing
57.1716505,,False,False,False,0.0,missing
57.177206,,False,False,False,0.0,missing
57.1827615,,False,False,False,0.0,missing
57.188317,,False,False,False,0.0,missing
57.1938725,,False,False,False,0.0,missing
57.199428,,False,False,False,0.0,missing
57.2049835,,False,False,False,0.0,missing
57.210539,,False,False,False,0.0,missing
57.2160945,,False,False,False,0.0,missing
57.22165,,False,False,False,0.0,missing
57.2272055,,False,False,False,0.0,missing
57.232761,,False,False,False,0.0,missing
57.2383165,,False,False,False,0.0,missing
57.243872,,False,False,False,0.0,missing
57.2494275,,False,False,False,0.0,missing
57.254983,,False,False,False,0.0,missing
57.2605385,,False,False,False,0.0,missing
57.266094,,False,False,False,0.0,missing
57.2716495,,False,False,False,0.0,missing
57.277205,,False,False,False,0.0,missing
57.2827605,,False,False,False,0.0,missing
57.288316,,False,False,False,0.0,missing
57.2938715,,False,False,False,0.0,missing
57.299427,,False,False,False,0.0,missing
57.3049825,,False,False,False,0.0,missing
57.310538,,False,False,False,0.0,missing
57.3160935,,False,False,False,0.0,missing
57.321649,,False,False,False,0.0,missing
57.3272045,,False,False,False,0.0,missing
57.33276,,False,False,False,0.0,missing
57.3383155,,False,False,False,0.0,missing
57.343871,,False,False,False,0.0,missing
57.3494265,,False,False,False,0.0,missing
57.354982,,False,False,False,0.0,missing
57.3605375,,False,False,False,0.0,missing
57.366093,,False,False,False,0.0,missing
57.3716485,,False,False,False,0.0,missing
57.377204,,False,False,False,0.0,missing
57.3827595,,False,False,False,0.0,missing
57.388315,,False,False,False,0.0,missing
57.3938705,,False,False,False,0.0,missing
57.399426,,False,False,False,0.0,missing
57.4049815,,False,False,False,0.0,missing
57.410537,,False,False,False,0.0,missing
57.4160925,,False,False,False,0.0,missing
57.421648,,False,False,False,0.0,missing
57.4272035,,False,False,False,0.0,missing
57.432759,,False,False,False,0.0,missing
57.4383145,,False,False,False,0.0,missing
57.44387,,False,False,False,0.0,missing
57.4494255,,False,False,False,0.0,missing
57.454981,,False,False,False,0.0,missing
57.4605365,,False,False,False,0.0,missing
57.466092,,False,False,False,0.0,missing
57.4716475,,False,False,False,0.0,missing
57.477203,,False,False,False,0.0,missing
57.4827585,,False,False,False,0.0,missing
57.488314,,False,False,False,0.0,missing
57.4938695,,False,False,False,0.0,missing
57.499425,,False,False,False,0.0,missing
57.5049805,,False,False,False,0.0,missing
57.510536,,False,False,False,0.0,missing
57.5160915,,False,False,False,0.0,missing
57.521647,,False,False,False,0.0,missing
57.5272025,,False,False,False,0.0,missing
57.532758,,False,False,False,0.0,missing
57.5383135,,False,False,False,0.0,missing
57.543869,,False,False,False,0.0,missing
57.5494245,,False,False,False,0.0,missing
57.55498,,False,False,False,0.0,missing
57.5605355,,False,False,False,0.0,missing
57.566091,,False,False,False,0.0,missing
57.5716465,,False,False,False,0.0,missing
57.577202,,False,False,False,0.0,missing
57.5827575,,False,False,False,0.0,missing
57.588313,,False,False,False,0.0,missing
57.5938685,,False,False,False,0.0,missing
57.599424,,False,False,False,0.0,missing
57.6049795,,False,False,False,0.0,missing
57.610535,,False,False,False,0.0,missing
57.6160905,,False,False,False,0.0,missing
57.621646,,False,False,False,0.0,missing
57.6272015,,False,False,False,0.0,missing
57.632757,,False,False,False,0.0,missing
57.6383125,,False,False,False,0.0,missing
57.643868,,False,False,False,0.0,missing
57.6494235,,False,False,False,0.0,missing
57.654979,,False,False,False,0.0,missing
57.6605345,,False,False,False,0.0,missing
57.66609,,False,False,False,0.0,missing
57.6716455,,False,False,False,0.0,missing
57.677201,,False,False,False,0.0,missing
57.6827565,,False,False,False,0.0,missing
57.688312,,False,False,False,0.0,missing
57.6938675,,False,False,False,0.0,missing
57.699423,,False,False,False,0.0,missing
57.7049785,,False,False,False,0.0,missing
57.710534,,False,False,False,0.0,missing
57.7160895,,False,False,False,0.0,missing
57.721645,,False,False,False,0.0,missing
57.7272005,,False,False,False,0.0,missing
57.732756,,False,False,False,0.0,missing
57.7383115,,False,False,False,0.0,missing
57.743867,,False,False,False,0.0,missing
57.7494225,,False,False,False,0.0,missing
57.754978,,False,False,False,0.0,missing
57.7605335,,False,False,False,0.0,missing
57.766089,,False,False,False,0.0,missing
57.7716445,,False,False,False,0.0,missing
57.7772,,False,False,False,0.0,missing
57.7827555,,False,False,False,0.0,missing
57.788311,,False,False,False,0.0,missing
57.7938665,,False,False,False,0.0,missing
57.799422,,False,False,False,0.0,missing
57.8049775,,False,False,False,0.0,missing
57.810533,,False,False,False,0.0,missing
57.8160885,,False,False,False,0.0,missing
57.821644,,False,False,False,0.0,missing
57.8271995,,False,False,False,0.0,missing
57.832755,,False,False,False,0.0,missing
57.8383105,,False,False,False,0.0,missing
57.843866,,False,False,False,0.0,missing
57.8494215,,False,False,False,0.0,missing
57.854977,,False,False,False,0.0,missing
57.8605325,,False,False,False,0.0,missing
57.866088,,False,False,False,0.0,missing
57.8716435,,False,False,False,0.0,missing
57.877199,,False,False,False,0.0,missing
57.8827545,,False,False,False,0.0,missing
57.88831,,False,False,False,0.0,missing
57.8938655,,False,False,False,0.0,missing
57.899421,,False,False,False,0.0,missing
57.9049765,,False,False,False,0.0,missing
57.910532,,False,False,False,0.0,missing
57.9160875,,False,False,False,0.0,missing
57.921643,,False,False,False,0.0,missing
57.9271985,,False,False,False,0.0,missing
57.932754,,False,False,False,0.0,missing
57.9383095,,False,False,False,0.0,missing
57.943865,,False,False,False,0.0,missing
57.9494205,,False,False,False,0.0,missing
57.954976,,False,False,False,0.0,missing
57.9605315,,False,False,False,0.0,missing
57.966087,,False,False,False,0.0,missing
57.9716425,,False,False,False,0.0,missing
57.977198,,False,False,False,0.0,missing
57.9827535,,False,False,False,0.0,missing
57.988309,,False,False,False,0.0,missing
57.9938645,,False,False,False,0.0,missing
57.99942,,False,False,False,0.0,missing
58.0049755,,False,False,False,0.0,missing
58.010531,,False,False,False,0.0,missing
58.0160865,,False,False,False,0.0,missing
58.021642,,False,False,False,0.0,missing
58.0271975,,False,False,False,0.0,missing
58.032753,,False,False,False,0.0,missing
58.0383085,,False,False,False,0.0,missing
58.043864,,False,False,False,0.0,missing
58.0494195,,False,False,False,0.0,missing
58.054975,,False,False,False,0.0,missing
58.0605305,,False,False,False,0.0,missing
58.066086,,False,False,False,0.0,missing
58.0716415,,False,False,False,0.0,missing
58.077197,,False,False,False,0.0,missing
58.0827525,,False,False,False,0.0,missing
58.088308,,False,False,False,0.0,missing
58.0938635,,False,False,False,0.0,missing
58.099419,,False,False,False,0.0,missing
58.1049745,,False,False,False,0.0,missing
58.11053,,False,False,False,0.0,missing
58.1160855,,False,False,False,0.0,missing
58.121641,,False,False,False,0.0,missing
58.1271965,,False,False,False,0.0,missing
58.132752,,False,False,False,0.0,missing
58.1383075,,False,False,False,0.0,missing
58.143863,,False,False,False,0.0,missing
58.1494185,,False,False,False,0.0,missing
58.154974,,False,False,False,0.0,missing
58.1605295,,False,False,False,0.0,missing
58.166085,,False,False,False,0.0,missing
58.1716405,,False,False,False,0.0,missing
58.177196,,False,False,False,0.0,missing
58.1827515,,False,False,False,0.0,missing
58.188307,,False,False,False,0.0,missing
58.1938625,,False,False,False,0.0,missing
58.199418,,False,False,False,0.0,missing
58.2049735,,False,False,False,0.0,missing
58.210529,,False,False,False,0.0,missing
58.2160845,,False,False,False,0.0,missing
58.22164,,False,False,False,0.0,missing
58.2271955,,False,False,False,0.0,missing
58.232751,,False,False,False,0.0,missing
58.2383065,,False,False,False,0.0,missing
58.243862,,False,False,False,0.0,missing
58.2494175,,False,False,False,0.0,missing
58.254973,,False,False,False,0.0,missing
58.2605285,,False,False,False,0.0,missing
58.266084,,False,False,False,0.0,missing
58.2716395,,False,False,False,0.0,missing
58.277195,,False,False,False,0.0,missing
58.2827505,,False,False,False,0.0,missing
58.288306,,False,False,False,0.0,missing
58.2938615,,False,False,False,0.0,missing
58.299417,,False,False,False,0.0,missing
58.3049725,,False,False,False,0.0,missing
58.310528,,False,False,False,0.0,missing
58.3160835,,False,False,False,0.0,missing
58.321639,,False,False,False,0.0,missing
58.3271945,,False,False,False,0.0,missing
58.33275,,False,False,False,0.0,missing
58.3383055,,False,False,False,0.0,missing
58.343861,,False,False,False,0.0,missing
58.3494165,,False,False,False,0.0,missing
58.354972,,False,False,False,0.0,missing
58.3605275,,False,False,False,0.0,missing
58.366083,,False,False,False,0.0,missing
58.3716385,,False,False,False,0.0,missing
58.377194,,False,False,False,0.0,missing
58.3827495,,False,False,False,0.0,missing
58.388305,,False,False,False,0.0,missing
58.3938605,,False,False,False,0.0,missing
58.399416,,False,False,False,0.0,missing
58.4049715,,False,False,False,0.0,missing
58.410527,,False,False,False,0.0,missing
58.4160825,,False,False,False,0.0,missing
58.421638,,False,False,False,0.0,missing
58.4271935,,False,False,False,0.0,missing
58.432749,,False,False,False,0.0,missing
58.4383045,,False,False,False,0.0,missing
58.44386,,False,False,False,0.0,missing
58.4494155,,False,False,False,0.0,missing
58.454971,,False,False,False,0.0,missing
58.4605265,,False,False,False,0.0,missing
58.466082,,False,False,False,0.0,missing
58.4716375,,False,False,False,0.0,missing
58.477193,,False,False,False,0.0,missing
58.4827485,,False,False,False,0.0,missing
58.488304,,False,False,False,0.0,missing
58.4938595,,False,False,False,0.0,missing
58.499415,,False,False,False,0.0,missing
58.5049705,,False,False,False,0.0,missing
58.510526,,False,False,False,0.0,missing
58.5160815,,False,False,False,0.0,missing
58.521637,,False,False,False,0.0,missing
58.5271925,,False,False,False,0.0,missing
58.532748,,False,False,False,0.0,missing
58.5383035,,False,False,False,0.0,missing
58.543859,,False,False,False,0.0,missing
58.5494145,,False,False,False,0.0,missing
58.55497,,False,False,False,0.0,missing
58.5605255,,False,False,False,0.0,missing
58.566081,,False,False,False,0.0,missing
58.5716365,,False,False,False,0.0,missing
58.577192,,False,False,False,0.0,missing
58.5827475,,False,False,False,0.0,missing
58.588303,,False,False,False,0.0,missing
58.5938585,,False,False,False,0.0,missing
58.599414,,False,False,False,0.0,missing
58.6049695,,False,False,False,0.0,missing
58.610525,,False,False,False,0.0,missing
58.6160805,,False,False,False,0.0,missing
58.621636,,False,False,False,0.0,missing
58.6271915,,False,False,False,0.0,missing
58.632747,,False,False,False,0.0,missing
58.6383025,,False,False,False,0.0,missing
58.643858,,False,False,False,0.0,missing
58.6494135,,False,False,False,0.0,missing
58.654969,,False,False,False,0.0,missing
58.6605245,,False,False,False,0.0,missing
58.66608,,False,False,False,0.0,missing
58.6716355,,False,False,False,0.0,missing
58.677191,,False,False,False,0.0,missing
58.6827465,,False,False,False,0.0,missing
58.688302,,False,False,False,0.0,missing
58.6938575,,False,False,False,0.0,missing
58.699413,,False,False,False,0.0,missing
58.7049685,,False,False,False,0.0,missing
58.710524,,False,False,False,0.0,missing
58.7160795,,False,False,False,0.0,missing
58.721635,,False,False,False,0.0,missing
58.7271905,,False,False,False,0.0,missing
58.732746,,False,False,False,0.0,missing
58.7383015,,False,False,False,0.0,missing
58.743857,,False,False,False,0.0,missing
58.7494125,,False,False,False,0.0,missing
58.754968,,False,False,False,0.0,missing
58.7605235,,False,False,False,0.0,missing
58.766079,,False,False,False,0.0,missing
58.7716345,,False,False,False,0.0,missing
58.77719,,False,False,False,0.0,missing
58.7827455,,False,False,False,0.0,missing
58.788301,,False,False,False,0.0,missing
58.7938565,,False,False,False,0.0,missing
58.799412,,False,False,False,0.0,missing
58.8049675,,False,False,False,0.0,missing
58.810523,,False,False,False,0.0,missing
58.8160785,,False,False,False,0.0,missing
58.821634,,False,False,False,0.0,missing
58.8271895,,False,False,False,0.0,missing
58.832745,,False,False,False,0.0,missing
58.8383005,,False,False,False,0.0,missing
58.843856,,False,False,False,0.0,missing
58.8494115,,False,False,False,0.0,missing
58.854967,,False,False,False,0.0,missing
58.8605225,,False,False,False,0.0,missing
58.866078,,False,False,False,0.0,missing
58.8716335,,False,False,False,0.0,missing
58.877189,,False,False,False,0.0,missing
58.8827445,,False,False,False,0.0,missing
58.8883,,False,False,False,0.0,missing
58.8938555,,False,False,False,0.0,missing
58.899411,,False,False,False,0.0,missing
58.9049665,,False,False,False,0.0,missing
58.910522,,False,False,False,0.0,missing
58.9160775,,False,False,False,0.0,missing
58.921633,,False,False,False,0.0,missing
58.9271885,,False,False,False,0.0,missing
58.932744,,False,False,False,0.0,missing
58.9382995,,False,False,False,0.0,missing
58.943855,,False,False,False,0.0,missing
58.9494105,,False,False,False,0.0,missing
58.954966,,False,False,False,0.0,missing
58.9605215,,False,False,False,0.0,missing
58.966077,,False,False,False,0.0,missing
58.9716325,,False,False,False,0.0,missing
58.977188,,False,False,False,0.0,missing
58.9827435,,False,False,False,0.0,missing
58.988299,,False,False,False,0.0,missing
58.9938545,,False,False,False,0.0,missing
58.99941,,False,False,False,0.0,missing
59.0049655,,False,False,False,0.0,missing
59.010521,,False,False,False,0.0,missing
59.0160765,,False,False,False,0.0,missing
59.021632,,False,False,False,0.0,missing
59.0271875,,False,False,False,0.0,missing
59.032743,,False,False,False,0.0,missing
59.0382985,,False,False,False,0.0,missing
59.043854,,False,False,False,0.0,missing
59.0494095,,False,False,False,0.0,missing
59.054965,,False,False,False,0.0,missing
59.0605205,,False,False,False,0.0,missing
59.066076,,False,False,False,0.0,missing
59.0716315,,False,False,False,0.0,missing
59.077187,,False,False,False,0.0,missing
59.0827425,,False,False,False,0.0,missing
59.088298,,False,False,False,0.0,missing
59.0938535,,False,False,False,0.0,missing
59.099409,,False,False,False,0.0,missing
59.1049645,,False,False,False,0.0,missing
59.11052,,False,False,False,0.0,missing
59.1160755,,False,False,False,0.0,missing
59.121631,,False,False,False,0.0,missing
59.1271865,,False,False,False,0.0,missing
59.132742,,False,False,False,0.0,missing
59.1382975,,False,False,False,0.0,missing
59.143853,,False,False,False,0.0,missing
59.1494085,,False,False,False,0.0,missing
59.154964,,False,False,False,0.0,missing
59.1605195,,False,False,False,0.0,missing
59.166075,,False,False,False,0.0,missing
59.1716305,,False,False,False,0.0,missing
59.177186,,False,False,False,0.0,missing
59.1827415,,False,False,False,0.0,missing
59.188297,,False,False,False,0.0,missing
59.1938525,,False,False,False,0.0,missing
59.199408,,False,False,False,0.0,missing
59.2049635,,False,False,False,0.0,missing
59.210519,,False,False,False,0.0,missing
59.2160745,,False,False,False,0.0,missing
59.22163,,False,False,False,0.0,missing
59.2271855,,False,False,False,0.0,missing
59.232741,,False,False,False,0.0,missing
59.2382965,,False,False,False,0.0,missing
59.243852,,False,False,False,0.0,missing
59.2494075,,False,False,False,0.0,missing
59.254963,,False,False,False,0.0,missing
59.2605185,,False,False,False,0.0,missing
59.266074,,False,False,False,0.0,missing
59.2716295,,False,False,False,0.0,missing
59.277185,,False,False,False,0.0,missing
59.2827405,,False,False,False,0.0,missing
59.288296,,False,False,False,0.0,missing
59.2938515,,False,False,False,0.0,missing
59.299407,,False,False,False,0.0,missing
59.3049625,,False,False,False,0.0,missing
59.310518,,False,False,False,0.0,missing
59.3160735,,False,False,False,0.0,missing
59.321629,,False,False,False,0.0,missing
59.3271845,,False,False,False,0.0,missing
59.33274,,False,False,False,0.0,missing
59.3382955,,False,False,False,0.0,missing
59.343851,,False,False,False,0.0,missing
59.3494065,,False,False,False,0.0,missing
59.354962,,False,False,False,0.0,missing
59.3605175,,False,False,False,0.0,missing
59.366073,,False,False,False,0.0,missing
59.3716285,,False,False,False,0.0,missing
59.377184,,False,False,False,0.0,missing
59.3827395,,False,False,False,0.0,missing
59.388295,,False,False,False,0.0,missing
59.3938505,,False,False,False,0.0,missing
59.399406,,False,False,False,0.0,missing
