roi,rgb_source,method,run_start_frame,run_end_frame,window_start_frame,window_end_frame,window_start_s,window_end_s,observed_fraction,interpolated_fraction,status,alpha_raw,alpha,first_std,second_std,output_std,cancellation_fraction,colour_covariance_rank_ratio,common_log_std,chromatic_log_std,max_signed_coefficient_l1,branch
forehead,baseline,logpos,0,1393,0,48,0.0,1.5999983999999998,1.0,0.0,bounded_log_projection,0.4363963213444245,0.4363963213444245,0.0026219199750856276,0.0060081165831283095,0.0019221548579741005,0.319926358182163,0.13996555478385597,0.002457813723289429,0.00177515035268879,1.0,baseline
forehead,baseline,logchrom,0,1393,0,48,0.0,1.5999983999999998,1.0,0.0,bounded_log_projection,1.25434443760176,1.25434443760176,0.007234016123679883,0.005767168814899788,0.002687667764894645,0.3715319013593034,0.19688917673441209,0.002457813723289429,0.00177515035268879,1.0,baseline
forehead,baseline,logpos,0,1393,24,72,0.7999991999999999,2.3999976,1.0,0.0,bounded_log_projection,0.17233205682544625,0.25,0.003218835175194668,0.018678098750106606,0.0027413252711902046,0.14676682610292754,0.01555371919214013,0.015588508833766447,0.004594405248499681,1.0,baseline
forehead,baseline,logchrom,0,1393,24,72,0.7999991999999999,2.3999976,1.0,0.0,bounded_log_projection,1.6378110203403848,1.6378110203403848,0.022839701230315722,0.013945260440101916,0.0027326073041013367,0.11964286557629208,0.019987551648773794,0.015588508833766447,0.004594405248499681,1.0,baseline
forehead,baseline,logpos,0,1393,48,96,1.5999983999999998,3.1999967999999996,1.0,0.0,bounded_log_projection,0.26598589611000795,0.26598589611000795,0.003161669394338961,0.011886605419978132,0.0023073941090177106,0.19411716192241163,0.045270831031503436,0.009842632333391672,0.0030847280493095926,1.0,baseline
forehead,baseline,logchrom,0,1393,48,96,1.5999983999999998,3.1999967999999996,1.0,0.0,bounded_log_projection,1.4635883128935168,1.4635883128935168,0.014273668753240123,0.009752516214768792,0.0029846061024467584,0.20909873656478492,0.06045189909765706,0.009842632333391672,0.0030847280493095926,1.0,baseline
forehead,baseline,logpos,0,1393,72,120,2.3999976,3.999996,1.0,0.0,bounded_log_projection,0.608850422957601,0.608850422957601,0.0036075114327444014,0.0059251193671185495,0.0015906120075646973,0.26845231446167966,0.10621047306932031,0.0026120364093567792,0.002029634008150621,1.0,baseline
forehead,baseline,logchrom,0,1393,72,120,2.3999976,3.999996,1.0,0.0,bounded_log_projection,0.767627757113856,0.767627757113856,0.00572434332334492,0.007457186468696018,0.002652563932461352,0.3557057267638885,0.18200434132580626,0.0026120364093567792,0.002029634008150621,1.0,baseline
forehead,baseline,logpos,0,1393,96,144,3.1999967999999996,4.7999952,1.0,0.0,bounded_log_projection,0.44242651128214416,0.44242651128214416,0.0030717501557584875,0.006942961322224136,0.002042777266138692,0.29422276336177267,0.12212978072488538,0.00421973458943798,0.0020617099022697317,1.0,baseline
forehead,baseline,logchrom,0,1393,96,144,3.1999967999999996,4.7999952,1.0,0.0,bounded_log_projection,1.1592763537098507,1.1592763537098507,0.008026592024060948,0.006923795174787015,0.0029416993651540393,0.36649419284496354,0.17987022013439932,0.00421973458943798,0.0020617099022697317,1.0,baseline
forehead,baseline,logpos,0,1393,120,168,3.999996,5.5999944,1.0,0.0,bounded_log_projection,0.5519772135945156,0.5519772135945156,0.002890394912940468,0.0052364388270994145,0.0019557527632786805,0.3734890882630663,0.20896238206904771,0.003214474148981239,0.0017075557555271594,1.0,baseline
forehead,baseline,logchrom,0,1393,120,168,3.999996,5.5999944,1.0,0.0,bounded_log_projection,1.0989940608460291,1.0989940608460291,0.006244596004165718,0.005682101684297087,0.002932947295070466,0.46967766899794977,0.31548683410601275,0.003214474148981239,0.0017075557555271594,1.0,baseline
forehead,baseline,logpos,0,1393,144,192,4.7999952,6.399993599999999,1.0,0.0,bounded_log_projection,0.9443260022381905,0.9443260022381905,0.002677445955108583,0.0028352983490475166,0.00175115573825665,0.6176266207910462,0.6673599097729355,0.0012922926754127516,0.001281168460943488,1.0,baseline
forehead,baseline,logchrom,0,1393,144,192,4.7999952,6.399993599999999,1.0,0.0,bounded_log_projection,1.0465309908309406,1.0465309908309406,0.004193427903648018,0.004006979191622846,0.0029939752686668226,0.71396846147331,0.8496069494715746,0.0012922926754127516,0.001281168460943488,1.0,baseline
forehead,baseline,logpos,0,1393,168,216,5.5999944,7.1999927999999995,1.0,0.0,bounded_log_projection,0.7314602229386078,0.7314602229386078,0.0027902074803701576,0.0038145717195128223,0.0019593964471714695,0.5136609274243017,0.4369681728623787,0.0012091760400377298,0.00145118209964321,1.0,baseline
forehead,baseline,logchrom,0,1393,168,216,5.5999944,7.1999927999999995,1.0,0.0,bounded_log_projection,1.1137358016513168,1.1137358016513168,0.005123640520279875,0.004600409282599286,0.00307595689755123,0.6003459620900976,0.6373823142223387,0.0012091760400377298,0.00145118209964321,1.0,baseline
forehead,baseline,logpos,0,1393,192,240,6.399993599999999,7.999992,1.0,0.0,bounded_log_projection,0.5921970465298011,0.5921970465298011,0.0032125845959697324,0.005424857511186635,0.0016829037559053064,0.31022082191743827,0.1447703578681669,0.001434817281458487,0.0018316837787411778,1.0,baseline
forehead,baseline,logchrom,0,1393,192,240,6.399993599999999,7.999992,1.0,0.0,bounded_log_projection,0.8699867694702477,0.8699867694702477,0.0056859675388683415,0.00653569426386868,0.002719240555156116,0.41605993875645475,0.242050749810703,0.001434817281458487,0.0018316837787411778,1.0,baseline
forehead,baseline,logpos,0,1393,216,264,7.1999927999999995,8.7999912,1.0,0.0,bounded_log_projection,0.6522659016767114,0.6522659016767114,0.003207742972738409,0.004917845566497652,0.0016615236351499184,0.33785600069853505,0.17211702010316857,0.001435002931865569,0.0017488734461770675,1.0,baseline
forehead,baseline,logchrom,0,1393,216,264,7.1999927999999995,8.7999912,1.0,0.0,bounded_log_projection,0.8274340182960356,0.8274340182960356,0.005159871426568889,0.006235991405326549,0.002762225696169843,0.4429489261018631,0.2941641812904609,0.001435002931865569,0.0017488734461770675,1.0,baseline
forehead,baseline,logpos,0,1393,240,288,7.999992,9.5999904,1.0,0.0,bounded_log_projection,0.8475880163505688,0.8475880163505688,0.002656521577300001,0.0031342132333796987,0.001438435424002917,0.45894625441671594,0.3163462489871236,0.0016997437849684627,0.0013122206213614868,1.0,baseline
forehead,baseline,logchrom,0,1393,240,288,7.999992,9.5999904,1.0,0.0,bounded_log_projection,0.8106315181620258,0.8106315181620258,0.0036645028781837805,0.004520553168833653,0.0025588675864766735,0.5660518726156,0.5560952373036371,0.0016997437849684627,0.0013122206213614868,1.0,baseline
forehead,baseline,logpos,0,1393,264,312,8.7999912,10.3999896,1.0,0.0,bounded_log_projection,0.814972710411611,0.814972710411611,0.0036150010649703005,0.004435732655568926,0.001660261382658972,0.37429248144036925,0.19741843871034342,0.001394264573120338,0.0018086278145920732,1.0,baseline
forehead,baseline,logchrom,0,1393,264,312,8.7999912,10.3999896,1.0,0.0,bounded_log_projection,0.6894477384624723,0.6894477384624723,0.004488025713481361,0.0065095952355867385,0.0030225669341517134,0.4643248657962489,0.34688432806507763,0.001394264573120338,0.0018086278145920732,1.0,baseline
forehead,baseline,logpos,0,1393,288,336,9.5999904,11.1999888,1.0,0.0,bounded_log_projection,0.8024159487147513,0.8024159487147513,0.0038437343993690362,0.004790201896567032,0.0018742313550406918,0.39126354076722464,0.22161551776216698,0.001398326245185221,0.001933174082644524,1.0,baseline
forehead,baseline,logchrom,0,1393,288,336,9.5999904,11.1999888,1.0,0.0,bounded_log_projection,0.7326668422830765,0.7326668422830765,0.005042853863384757,0.00688287441488498,0.003356901807067284,0.4877180091805265,0.38979049060545595,0.001398326245185221,0.001933174082644524,1.0,baseline
forehead,baseline,logpos,0,1393,312,360,10.3999896,11.999988,1.0,0.0,bounded_log_projection,0.8771794568385074,0.8771794568385074,0.0031566551630575444,0.0035986423740868552,0.0017958129551350801,0.49902512349279005,0.38352422748354653,0.0016205337043347413,0.0015427904443274753,1.0,baseline
forehead,baseline,logchrom,0,1393,312,360,10.3999896,11.999988,1.0,0.0,bounded_log_projection,0.8584582625886652,0.8584582625886652,0.004468588622728297,0.005205365033418573,0.0031809483572389757,0.6110903532830471,0.6730771963535868,0.0016205337043347413,0.0015427904443274753,1.0,baseline
forehead,baseline,logpos,0,1393,336,384,11.1999888,12.799987199999999,1.0,0.0,bounded_log_projection,0.9587812043165036,0.9587812043165036,0.0034587617771416495,0.003607456802000341,0.0019039585932321076,0.5277841697720009,0.408035298684762,0.0017742042835506783,0.0016482792992718652,1.0,baseline
forehead,baseline,logchrom,0,1393,336,384,11.1999888,12.799987199999999,1.0,0.0,bounded_log_projection,0.8298410908311679,0.8298410908311679,0.004600858445028984,0.005544264433110646,0.0034976850594094495,0.6308654829883449,0.6847452609063374,0.0017742042835506783,0.0016482792992718652,1.0,baseline
forehead,baseline,logpos,0,1393,360,408,11.999988,13.599986399999999,1.0,0.0,bounded_log_projection,0.7680218121958416,0.7680218121958416,0.0034890601638308144,0.004542918063557708,0.002143332893019059,0.47179651119231164,0.35788553715980426,0.001563286046814381,0.0017819890106390828,1.0,baseline
forehead,baseline,logchrom,0,1393,360,408,11.999988,13.599986399999999,1.0,0.0,bounded_log_projection,0.942016708687537,0.942016708687537,0.00561474101057774,0.005960341211357565,0.003575219610626823,0.599834721511272,0.6097130788902372,0.001563286046814381,0.0017819890106390828,1.0,baseline
forehead,baseline,logpos,0,1393,384,432,12.799987199999999,14.399985599999999,1.0,0.0,bounded_log_projection,0.8499606360351512,0.8499606360351512,0.0034989670444700097,0.004116622460060969,0.0021157819328686666,0.5139606445322,0.4254770228730973,0.0016885380775411823,0.0017268290080301653,1.0,baseline
forehead,baseline,logchrom,0,1393,384,432,12.799987199999999,14.399985599999999,1.0,0.0,bounded_log_projection,0.9243961072676344,0.9243961072676344,0.00529079233966325,0.005723512137347676,0.003641622360537876,0.636256597898198,0.746133466918206,0.0016885380775411823,0.0017268290080301653,1.0,baseline
forehead,baseline,logpos,0,1393,408,456,13.599986399999999,15.1999848,1.0,0.0,bounded_log_projection,0.7934211521351506,0.7934211521351506,0.003051988483496484,0.003846618501767156,0.0018492597832683482,0.48074946408612884,0.37070893391546994,0.0029941710379598257,0.0015409300043286072,1.0,baseline
forehead,baseline,logchrom,0,1393,408,456,13.599986399999999,15.1999848,1.0,0.0,bounded_log_projection,0.9257429378027762,0.9257429378027762,0.00477464388011196,0.005157634679281959,0.003124314421756853,0.6057649709676252,0.6401580637896137,0.0029941710379598257,0.0015409300043286072,1.0,baseline
forehead,baseline,logpos,0,1393,432,480,14.399985599999999,15.999984,1.0,0.0,bounded_log_projection,0.5167116075235424,0.5167116075235424,0.0031370709944330854,0.006071222222911171,0.0017663581616824391,0.290939467676982,0.12568254776593524,0.0020044399961774957,0.0019204076904008143,1.0,baseline
forehead,baseline,logchrom,0,1393,432,480,14.399985599999999,15.999984,1.0,0.0,bounded_log_projection,0.9725757235470203,0.9725757235470203,0.0065651543213542515,0.0067502757496464,0.00272374123452629,0.4035007361986609,0.20087548022741147,0.0020044399961774957,0.0019204076904008143,1.0,baseline
forehead,baseline,logpos,0,1393,456,504,15.1999848,16.7999832,1.0,0.0,bounded_log_projection,0.571163144090877,0.571163144090877,0.0034245981103859756,0.005995831744075372,0.001920140721581201,0.3202459314303706,0.15467578984596905,0.0019273846423666747,0.001987930455918632,1.0,baseline
forehead,baseline,logchrom,0,1393,456,504,15.1999848,16.7999832,1.0,0.0,bounded_log_projection,0.9283602219303869,0.9283602219303869,0.006490760247560883,0.00699163976895123,0.0030365494163459225,0.434311480095236,0.2530740509600505,0.0019273846423666747,0.001987930455918632,1.0,baseline
forehead,baseline,logpos,0,1393,480,528,15.999984,17.5999824,1.0,0.0,bounded_log_projection,0.26039389676723984,0.26039389676723984,0.0028983825623321905,0.011130762273291638,0.0027395293800553497,0.24612235108361577,0.061337643115736966,0.011359668916219043,0.002878036881253786,1.0,baseline
forehead,baseline,logchrom,0,1393,480,528,15.999984,17.5999824,1.0,0.0,bounded_log_projection,1.7187524721912968,1.7187524721912968,0.014271462543300587,0.008303384445524845,0.0032341567308447707,0.22661704930606233,0.07502129209329204,0.011359668916219043,0.002878036881253786,1.0,baseline
forehead,baseline,logpos,0,1393,504,552,16.7999832,18.3999816,1.0,0.0,bounded_log_projection,0.3140838993287116,0.3140838993287116,0.0031896186142333573,0.010155307613827061,0.00191784685025938,0.18885167472899753,0.047222786522008335,0.008193935993733855,0.0027248983002861843,1.0,baseline
forehead,baseline,logchrom,0,1393,504,552,16.7999832,18.3999816,1.0,0.0,bounded_log_projection,1.2674238285074333,1.2674238285074333,0.011580233862943951,0.009136828267290254,0.00264357033364728,0.228282983308873,0.06734164218657761,0.008193935993733855,0.0027248983002861843,1.0,baseline
forehead,baseline,logpos,0,1393,528,576,17.5999824,19.1999808,1.0,0.0,bounded_log_projection,0.36647411366004595,0.36647411366004595,0.0030978474334641282,0.008453113925361175,0.002475741754138895,0.29287926035293727,0.10708495573857149,0.008901356211595223,0.0023599094991851306,1.0,baseline
forehead,baseline,logchrom,0,1393,528,576,17.5999824,19.1999808,1.0,0.0,bounded_log_projection,1.4076405454588632,1.4076405454588632,0.010413322514988206,0.007397714245005402,0.0032688833592790854,0.3139135808551098,0.1424600459604747,0.008901356211595223,0.0023599094991851306,1.0,baseline
forehead,baseline,logpos,0,1393,552,600,18.3999816,19.99998,1.0,0.0,bounded_log_projection,0.7233769351882424,0.7233769351882424,0.002701926112317918,0.003735156570363697,0.0020169002684646336,0.5399774361448643,0.47790777883944713,0.0015057759529431816,0.0014113155555959393,1.0,baseline
forehead,baseline,logchrom,0,1393,552,600,18.3999816,19.99998,1.0,0.0,bounded_log_projection,1.2120013063504587,1.2120013063504587,0.005240201672171829,0.004323594079243169,0.0030716202721256304,0.5861645150867983,0.6049848889963696,0.0015057759529431816,0.0014113155555959393,1.0,baseline
forehead,baseline,logpos,0,1393,576,624,19.1999808,20.7999792,1.0,0.0,bounded_log_projection,0.5449824272149516,0.5449824272149516,0.002583144047146772,0.004739866678541416,0.0022222747437508727,0.4688475213473148,0.2896470404734995,0.0041559153859155795,0.001536305735545801,1.0,baseline
forehead,baseline,logchrom,0,1393,576,624,19.1999808,20.7999792,1.0,0.0,bounded_log_projection,1.4573158060171603,1.4573158060171603,0.006542400250467401,0.004489349682103402,0.0030035843339627968,0.4590951667544668,0.3382276530963987,0.0041559153859155795,0.001536305735545801,1.0,baseline
forehead,baseline,logpos,0,1393,600,648,19.99998,21.599978399999998,1.0,0.0,bounded_log_projection,0.36048310447397164,0.36048310447397164,0.002612638547162567,0.00724760332658312,0.002707165665838987,0.3735256392840251,0.12994123361377982,0.008643356184318789,0.002013915403081739,1.0,baseline
forehead,baseline,logchrom,0,1393,600,648,19.99998,21.599978399999998,1.0,0.0,bounded_log_projection,1.865086611417296,1.865086611417296,0.00999435880439841,0.00535865666678268,0.0030967141549080924,0.30984620579613986,0.1435075729132516,0.008643356184318789,0.002013915403081739,1.0,baseline
forehead,baseline,logpos,0,1393,624,672,20.7999792,22.3999776,1.0,0.0,bounded_log_projection,0.6643397311664377,0.6643397311664377,0.002668279217268594,0.004016437813501941,0.0021345720969399517,0.531459018178801,0.4270461040147781,0.002973723897141563,0.001443200814810429,1.0,baseline
forehead,baseline,logchrom,0,1393,624,672,20.7999792,22.3999776,1.0,0.0,bounded_log_projection,1.3304328208452922,1.3304328208452922,0.005705341252843888,0.004288334715930258,0.0030909374972999102,0.5417620717707639,0.4930252538628107,0.002973723897141563,0.001443200814810429,1.0,baseline
forehead,baseline,logpos,0,1393,648,696,21.599978399999998,23.199976799999998,1.0,0.0,bounded_log_projection,0.8441770249782601,0.8441770249782601,0.0037206773099671994,0.004407460994408154,0.0026552783557443806,0.6024507894938135,0.6481100945132562,0.004096557739468089,0.0018402299275414168,1.0,baseline
forehead,baseline,logchrom,0,1393,648,696,21.599978399999998,23.199976799999998,1.0,0.0,bounded_log_projection,1.1628855071529343,1.1628855071529343,0.006520823403175652,0.005607450916763451,0.0042529346826932326,0.6522082288905487,0.7393544853567239,0.004096557739468089,0.0018402299275414168,1.0,baseline
forehead,baseline,logpos,0,1393,672,720,22.3999776,23.999976,1.0,0.0,bounded_log_projection,0.5574014389845757,0.5574014389845757,0.003285446840711605,0.0058942202350548995,0.0027055253456712922,0.45901327703716055,0.2926832122268135,0.006919927913473828,0.0019310951844996062,1.0,baseline
forehead,baseline,logchrom,0,1393,672,720,22.3999776,23.999976,1.0,0.0,bounded_log_projection,1.3713938940308696,1.3713938940308696,0.007961552374336024,0.005805445400471363,0.0037586831918394077,0.47210431020406035,0.36162536019942376,0.006919927913473828,0.0019310951844996062,1.0,baseline
forehead,baseline,logpos,0,1393,696,744,23.199976799999998,24.7999752,1.0,0.0,bounded_log_projection,0.8466407555853829,0.8466407555853829,0.0033553693010787856,0.003963155894566902,0.0017095310631862505,0.43135599725709756,0.27066276855649185,0.005015996653572723,0.0016580127677518416,1.0,baseline
forehead,baseline,logchrom,0,1393,696,744,23.199976799999998,24.7999752,1.0,0.0,bounded_log_projection,0.7585143062723708,0.7585143062723708,0.0044062810116786205,0.005809094140007417,0.0030868384983934872,0.5313803536310991,0.4751329731136425,0.005015996653572723,0.0016580127677518416,1.0,baseline
forehead,baseline,logpos,0,1393,720,768,23.999976,25.599974399999997,1.0,0.0,bounded_log_projection,0.7368306670940453,0.7368306670940453,0.004297392510391323,0.005832266085421802,0.002212847881865761,0.3794147676830014,0.21567696986685453,0.006557874186064329,0.0022288272309328914,1.0,baseline
forehead,baseline,logchrom,0,1393,720,768,23.999976,25.599974399999997,1.0,0.0,bounded_log_projection,0.7891007523870781,0.7891007523870781,0.006231578694479085,0.007897063430275764,0.003816763983979894,0.48331433800407164,0.37655249891464654,0.006557874186064329,0.0022288272309328914,1.0,baseline
forehead,baseline,logpos,0,1393,744,792,24.7999752,26.3999736,1.0,0.0,bounded_log_projection,0.7539233306514768,0.7539233306514768,0.006292595605730151,0.008346466212012064,0.002435850869964032,0.2918421770471442,0.11773536749918652,0.00485619789651168,0.0032356845111284863,1.0,baseline
forehead,baseline,logchrom,0,1393,744,792,24.7999752,26.3999736,1.0,0.0,bounded_log_projection,0.6206454347954256,0.6206454347954256,0.007461045126127913,0.012021429157192126,0.004413792765408819,0.3671604022861255,0.2070818445910607,0.00485619789651168,0.0032356845111284863,1.0,baseline
forehead,baseline,logpos,0,1393,768,816,25.599974399999997,27.199972799999998,1.0,0.0,bounded_log_projection,0.5525291765642164,0.5525291765642164,0.0034372784261970423,0.006220989898797775,0.002427718558353337,0.3902463430815891,0.2267794976606771,0.005752690662387695,0.0020295780111275292,1.0,baseline
forehead,baseline,logchrom,0,1393,768,816,25.599974399999997,27.199972799999998,1.0,0.0,bounded_log_projection,1.1460297363287397,1.1460297363287397,0.007607600377483289,0.0066382224966115904,0.0035923924571505898,0.47221098360834357,0.33269398781247495,0.005752690662387695,0.0020295780111275292,1.0,baseline
forehead,baseline,logpos,0,1393,792,840,26.3999736,27.999972,1.0,0.0,bounded_log_projection,0.4723474897298491,0.4723474897298491,0.002862437845194223,0.006060025526612504,0.0023317932343863055,0.38478274128487966,0.19677378444088547,0.0088499622474595,0.0018454833849758652,1.0,baseline
forehead,baseline,logchrom,0,1393,792,840,26.3999736,27.999972,1.0,0.0,bounded_log_projection,1.3664305476912197,1.3664305476912197,0.007777867851973871,0.005692106243610912,0.0031765019485118853,0.4084026636818921,0.25688835765885215,0.0088499622474595,0.0018454833849758652,1.0,baseline
forehead,baseline,logpos,0,1393,816,864,27.199972799999998,28.799971199999998,1.0,0.0,bounded_log_projection,0.5644444240796568,0.5644444240796568,0.005331250126198055,0.009445128517109217,0.0034321448304915694,0.3633772504285642,0.19966934386438823,0.012622674639884719,0.00311338629888003,1.0,baseline
forehead,baseline,logchrom,0,1393,816,864,27.199972799999998,28.799971199999998,1.0,0.0,bounded_log_projection,1.0436092067388985,1.0436092067388985,0.010992896798803137,0.010533537580752159,0.005245349555049764,0.4771580822646181,0.3107691122089146,0.012622674639884719,0.00311338629888003,1.0,baseline
forehead,baseline,logpos,0,1393,840,888,27.999972,29.5999704,1.0,0.0,bounded_log_projection,0.5756304074339453,0.5756304074339453,0.0055573469838292,0.009654366607564796,0.0023104879378286736,0.23932050974926336,0.08417831737267381,0.010286002416082443,0.003213332564741339,1.0,baseline
forehead,baseline,logchrom,0,1393,840,888,27.999972,29.5999704,1.0,0.0,bounded_log_projection,0.7716358586212465,0.7716358586212465,0.009176566561201971,0.011892353703725739,0.003814293634178345,0.3207349637593919,0.14334208734153447,0.010286002416082443,0.003213332564741339,1.0,baseline
forehead,baseline,logpos,0,1393,864,912,28.799971199999998,30.3999696,1.0,0.0,bounded_log_projection,0.758731116400759,0.758731116400759,0.002715527053304767,0.003579037414712323,0.001960082212795563,0.5476562510182954,0.5061475953043951,0.0014795537388449262,0.0013930735473046815,1.0,baseline
forehead,baseline,logchrom,0,1393,864,912,28.799971199999998,30.3999696,1.0,0.0,bounded_log_projection,1.160900503085866,1.160900503085866,0.005011242053629616,0.004316685228672831,0.0030608076316605117,0.6107882235390296,0.6729844491263824,0.0014795537388449262,0.0013930735473046815,1.0,baseline
forehead,baseline,logpos,0,1393,888,936,29.5999704,31.199968799999997,1.0,0.0,bounded_log_projection,0.7937206942598666,0.7937206942598666,0.0027304820988878534,0.0034401044581985982,0.001791462663794689,0.5207582169562327,0.4537136418321642,0.00202624061374016,0.0013784233376570923,1.0,baseline
forehead,baseline,logchrom,0,1393,888,936,29.5999704,31.199968799999997,1.0,0.0,bounded_log_projection,1.0224563603963097,1.0224563603963097,0.004559803992260292,0.004459656342196245,0.0029426879422562247,0.6453540431235809,0.7393668273596128,0.00202624061374016,0.0013784233376570923,1.0,baseline
forehead,baseline,logpos,0,1393,912,960,30.3999696,31.999968,1.0,0.0,bounded_log_projection,0.8516990004101783,0.8516990004101783,0.003264948794764259,0.00383345382957108,0.0018912142496782533,0.4933447313463167,0.38069605082716973,0.00162107733741234,0.0016102974218163504,1.0,baseline
forehead,baseline,logchrom,0,1393,912,960,30.3999696,31.999968,1.0,0.0,bounded_log_projection,0.8767641676336163,0.8767641676336163,0.004754759953703789,0.005423077412637506,0.0033035237677697697,0.6091603560870258,0.6695504212443755,0.00162107733741234,0.0016102974218163504,1.0,baseline
forehead,baseline,logpos,0,1393,936,984,31.199968799999997,32.7999672,1.0,0.0,bounded_log_projection,0.8694862281296312,0.8694862281296312,0.003475507858953574,0.003997197133794525,0.0017598430842260798,0.4402692750245888,0.27878809922302067,0.0016499206894097303,0.0017031841023891323,1.0,baseline
forehead,baseline,logchrom,0,1393,936,984,31.199968799999997,32.7999672,1.0,0.0,bounded_log_projection,0.7513405728965941,0.7513405728965941,0.004476173467215528,0.005957582524738189,0.0032100055098637534,0.5388100788423102,0.48755670914836574,0.0016499206894097303,0.0017031841023891323,1.0,baseline
forehead,baseline,logpos,0,1393,960,1008,31.999968,33.5999664,1.0,0.0,bounded_log_projection,1.0015882910780416,1.0015882910780416,0.003947847999194837,0.003941587610759348,0.0019112507121203648,0.4841246959128528,0.3067595495414111,0.0027840310683580906,0.0018602960392775545,1.0,baseline
forehead,baseline,logchrom,0,1393,960,1008,31.999968,33.5999664,1.0,0.0,bounded_log_projection,0.7130723135251561,0.7130723135251561,0.004603461577661381,0.006455813092649232,0.0037002687619789696,0.5731685085790662,0.5042916615569726,0.0027840310683580906,0.0018602960392775545,1.0,baseline
forehead,baseline,logpos,0,1393,984,1032,32.7999672,34.3999656,1.0,0.0,bounded_log_projection,0.8857243648931746,0.8857243648931746,0.0038144926820271644,0.004306636277852899,0.0022324486325822923,0.5183740832869438,0.42197773057487115,0.002611307094048881,0.0018588852587480584,1.0,baseline
forehead,baseline,logchrom,0,1393,984,1032,32.7999672,34.3999656,1.0,0.0,bounded_log_projection,0.8895198132289839,0.8895198132289839,0.005513108830725555,0.006197848264574123,0.0039285762202950466,0.6338613100211148,0.740586872981044,0.002611307094048881,0.0018588852587480584,1.0,baseline
forehead,baseline,logpos,0,1393,1008,1056,33.5999664,35.1999648,1.0,0.0,bounded_log_projection,0.811225154795572,0.811225154795572,0.003158083878863243,0.0038929807097254983,0.002348552500974377,0.6032787409162318,0.632191150835194,0.0013458194470044055,0.001582469591845862,1.0,baseline
forehead,baseline,logchrom,0,1393,1008,1056,33.5999664,35.1999648,1.0,0.0,bounded_log_projection,1.229523956952586,1.229523956952586,0.005819915029014609,0.004733470215122487,0.0036540927875796173,0.6278601610783835,0.6601683861205039,0.0013458194470044055,0.001582469591845862,1.0,baseline
forehead,baseline,logpos,0,1393,1032,1080,34.3999656,35.999964,1.0,0.0,bounded_log_projection,0.6135319396266593,0.6135319396266593,0.003353132088168899,0.005465293445373545,0.0021404327927216356,0.3916409638595975,0.2369825000298833,0.0023135280731413376,0.0018797150618314292,1.0,baseline
forehead,baseline,logchrom,0,1393,1032,1080,34.3999656,35.999964,1.0,0.0,bounded_log_projection,1.0137580369229895,1.0137580369229895,0.006434070092426321,0.006346751254328243,0.003341749990373525,0.5193835227731152,0.3762759012999718,0.0023135280731413376,0.0018797150618314292,1.0,baseline
forehead,baseline,logpos,0,1393,1056,1104,35.1999648,36.7999632,1.0,0.0,bounded_log_projection,0.701697436279235,0.701697436279235,0.0030388653373812956,0.004330734559178299,0.0019065755961686585,0.44024300499507096,0.30851538180628024,0.0020171538681956285,0.0016065727745434078,1.0,baseline
forehead,baseline,logchrom,0,1393,1056,1104,35.1999648,36.7999632,1.0,0.0,bounded_log_projection,0.9724184843053203,0.9724184843053203,0.005242530668179138,0.005391228933625543,0.0030890342334228727,0.5729740419955661,0.5086127515772879,0.0020171538681956285,0.0016065727745434078,1.0,baseline
forehead,baseline,logpos,0,1393,1080,1128,35.999964,37.599962399999995,1.0,0.0,bounded_log_projection,0.916501103590136,0.916501103590136,0.003111537058188039,0.003395017252024537,0.0019558626059899636,0.5760979873735934,0.5542017381991017,0.0021370842971670497,0.0015013166579701646,1.0,baseline
forehead,baseline,logchrom,0,1393,1080,1128,35.999964,37.599962399999995,1.0,0.0,bounded_log_projection,0.9819455511620441,0.9819455511620441,0.004737465937911902,0.004824570906508552,0.003380217413196119,0.7006255019769865,0.9642163782532509,0.0021370842971670497,0.0015013166579701646,1.0,baseline
forehead,baseline,logpos,0,1393,1104,1152,36.7999632,38.3999616,1.0,0.0,bounded_log_projection,0.672531948309247,0.672531948309247,0.003634452189519942,0.005404133139930373,0.002642877326851655,0.4890474121231044,0.38154975123956963,0.003735687861918199,0.0019555104924263616,1.0,baseline
forehead,baseline,logchrom,0,1393,1104,1152,36.7999632,38.3999616,1.0,0.0,bounded_log_projection,1.1634914060787358,1.1634914060787358,0.007175632356988284,0.006167327338645331,0.004020250413706471,0.5602642685269662,0.5356833115720386,0.003735687861918199,0.0019555104924263616,1.0,baseline
forehead,baseline,logpos,0,1393,1128,1176,37.599962399999995,39.1999608,1.0,0.0,bounded_log_projection,0.26048728487262923,0.26048728487262923,0.004958989667587763,0.01903735788874519,0.0030751229554841037,0.16153097364955796,0.03285973151637563,0.013788243437195268,0.004922712277200984,1.0,baseline
forehead,baseline,logchrom,0,1393,1128,1176,37.599962399999995,39.1999608,1.0,0.0,bounded_log_projection,1.3855112765624356,1.3855112765624356,0.02222725787512998,0.01604263945817719,0.0040933541741740844,0.1841592065548548,0.045187984857603856,0.013788243437195268,0.004922712277200984,1.0,baseline
forehead,baseline,logpos,0,1393,1152,1200,38.3999616,39.99996,1.0,0.0,bounded_log_projection,0.25220134638526365,0.25220134638526365,0.009075491304546882,0.035985102516792794,0.0026602153731398242,0.07392546323574899,0.007428903654727346,0.02853698817824942,0.00925569263390796,1.0,baseline
forehead,baseline,logchrom,0,1393,1152,1200,38.3999616,39.99996,1.0,0.0,bounded_log_projection,1.2455007198436177,1.2455007198436177,0.03965142680752481,0.031835731746910075,0.0037296138939894633,0.09406001736315021,0.010740374679298942,0.02853698817824942,0.00925569263390796,1.0,baseline
forehead,baseline,logpos,0,1393,1176,1224,39.1999608,40.799959199999996,1.0,0.0,bounded_log_projection,0.8535400046358133,0.8535400046358133,0.006975038415687664,0.008171893968418926,0.0028133046489144833,0.34426592657550026,0.15692094670446174,0.0037219132590991457,0.0034378072285497275,1.0,baseline
forehead,baseline,logchrom,0,1393,1176,1224,39.1999608,40.799959199999996,1.0,0.0,bounded_log_projection,0.6038794144684073,0.6038794144684073,0.007605897836924218,0.012595060627492428,0.0053154081239662095,0.42202322649910606,0.27379566418917417,0.0037219132590991457,0.0034378072285497275,1.0,baseline
forehead,baseline,logpos,0,1393,1200,1248,39.99996,41.5999584,1.0,0.0,bounded_log_projection,0.46619371649062896,0.46619371649062896,0.0034200710144590384,0.007336158539854078,0.0021377431756032564,0.2913981703080503,0.12264932302012002,0.0032081260034431316,0.0022224845875443914,1.0,baseline
forehead,baseline,logchrom,0,1393,1200,1248,39.99996,41.5999584,1.0,0.0,bounded_log_projection,1.089023509333659,1.089023509333659,0.008280443502705168,0.007603548896544688,0.0031559280951328466,0.3811303215947099,0.18633733871781277,0.0032081260034431316,0.0022224845875443914,1.0,baseline
forehead,baseline,logpos,0,1393,1224,1272,40.799959199999996,42.3999576,1.0,0.0,bounded_log_projection,0.4840782389092937,0.4840782389092937,0.003067783289547295,0.00633737078629997,0.0022887928862942684,0.3611581148513743,0.18300931804484272,0.003948919451266625,0.00194930402705292,1.0,baseline
forehead,baseline,logchrom,0,1393,1224,1272,40.799959199999996,42.3999576,1.0,0.0,bounded_log_projection,1.24256100445153,1.24256100445153,0.007793978433778985,0.006272511696292343,0.0032414918439206976,0.4158969480685398,0.2563144999838054,0.003948919451266625,0.00194930402705292,1.0,baseline
forehead,baseline,logpos,0,1393,1248,1296,41.5999584,43.199956799999995,1.0,0.0,bounded_log_projection,0.41682660357619233,0.41682660357619233,0.0028926289148674044,0.006939645622543995,0.002328041727420187,0.33546982858279634,0.1451335576184789,0.0044938722160370054,0.002017432189193246,1.0,baseline
forehead,baseline,logchrom,0,1393,1248,1296,41.5999584,43.199956799999995,1.0,0.0,bounded_log_projection,1.3767362031015296,1.3767362031015296,0.008674910470679012,0.0063010694794950976,0.0031265938257503067,0.3604179935133761,0.19271480631246335,0.0044938722160370054,0.002017432189193246,1.0,baseline
forehead,baseline,logpos,0,1393,1272,1320,42.3999576,43.999956,1.0,0.0,bounded_log_projection,0.6474792216252557,0.6474792216252557,0.002982377120326897,0.004606135642223002,0.0020534657288529446,0.4458109548554037,0.31334918015584134,0.001901573874512783,0.0016312947383069882,1.0,baseline
forehead,baseline,logchrom,0,1393,1272,1320,42.3999576,43.999956,1.0,0.0,bounded_log_projection,1.0895215486422662,1.0895215486422662,0.0057920995622792815,0.005316186329216936,0.003167340916345264,0.5468381339596424,0.47455369857738494,0.001901573874512783,0.0016312947383069882,1.0,baseline
forehead,baseline,logpos,0,1393,1296,1344,43.199956799999995,44.7999552,1.0,0.0,bounded_log_projection,0.5311009913476288,0.5311009913476288,0.0030733154183642877,0.005786687406788643,0.002613974480286567,0.4517220814830929,0.270667647057234,0.0017167154426983695,0.0018532487109900525,1.0,baseline
forehead,baseline,logchrom,0,1393,1296,1344,43.199956799999995,44.7999552,1.0,0.0,bounded_log_projection,1.4325543540299892,1.4325543540299892,0.007859017794022823,0.005486017177578102,0.0035444868746725058,0.4510088878241586,0.3258394536056376,0.0017167154426983695,0.0018532487109900525,1.0,baseline
forehead,baseline,logpos,0,1393,1320,1368,43.999956,45.599954399999994,1.0,0.0,bounded_log_projection,0.6039009558787198,0.6039009558787198,0.0031911001462120365,0.005284144883607202,0.0026555859764752433,0.5025573739875234,0.355510106959948,0.00249512712946719,0.0018023371798925665,1.0,baseline
forehead,baseline,logchrom,0,1393,1320,1368,43.999956,45.599954399999994,1.0,0.0,bounded_log_projection,1.3979369188393986,1.3979369188393986,0.007410187233300076,0.005300802299042359,0.0037092418003544696,0.5005597947222967,0.41086463444699783,0.00249512712946719,0.0018023371798925665,1.0,baseline
forehead,baseline,logpos,0,1393,1344,1392,44.7999552,46.399953599999996,1.0,0.0,bounded_log_projection,0.5990384285744269,0.5990384285744269,0.003110074014609714,0.0051917771319128425,0.0026808957982794933,0.5163734363327249,0.3569496100732437,0.004111313681895146,0.0017633968311898125,1.0,baseline
forehead,baseline,logchrom,0,1393,1344,1392,44.7999552,46.399953599999996,1.0,0.0,bounded_log_projection,1.4755031652076318,1.4755031652076318,0.007445617158739744,0.005046154650364306,0.003660325254932085,0.49160803958816984,0.3869700756578043,0.004111313681895146,0.0017633968311898125,1.0,baseline
forehead,baseline,logpos,0,1393,1345,1393,44.833288499999995,46.4332869,1.0,0.0,bounded_log_projection,0.6034516306285516,0.6034516306285516,0.0031363323511755413,0.005197321859763237,0.0026881245664912763,0.5172134108726785,0.3617459682816703,0.004153893973414403,0.001772034241659751,1.0,baseline
forehead,baseline,logchrom,0,1393,1345,1393,44.833288499999995,46.4332869,1.0,0.0,bounded_log_projection,1.4635040166644893,1.4635040166644893,0.0074457712033671455,0.005087632912916085,0.003686956092403059,0.49517450801278107,0.39403908156835504,0.004153893973414403,0.001772034241659751,1.0,baseline
left_cheek,baseline,logpos,0,1393,0,48,0.0,1.5999983999999998,1.0,0.0,bounded_log_projection,0.348245844841683,0.348245844841683,0.002696259784699006,0.007742403318336102,0.0016722531922274298,0.2159863189078619,0.06287634410013059,0.005418915558806822,0.0021311741628545376,1.0,baseline
left_cheek,baseline,logchrom,0,1393,0,48,0.0,1.5999983999999998,1.0,0.0,bounded_log_projection,1.2270954694168266,1.2270954694168266,0.008810937744096282,0.007180319676580384,0.0023351350160150755,0.26502684320743486,0.09074072888395536,0.005418915558806822,0.0021311741628545376,1.0,baseline
left_cheek,baseline,logpos,0,1393,24,72,0.7999991999999999,2.3999976,1.0,0.0,bounded_log_projection,0.2003265215897597,0.25,0.002748003820649696,0.013717623601917363,0.00239162038960558,0.1743465529460434,0.02728421043727131,0.009931372110978066,0.0034223754930586855,1.0,baseline
left_cheek,baseline,logchrom,0,1393,24,72,0.7999991999999999,2.3999976,1.0,0.0,bounded_log_projection,1.6440334179489071,1.6440334179489071,0.01693363089093822,0.010300052727677875,0.0026579345306440056,0.15696187945530096,0.03479064629223506,0.009931372110978066,0.0034223754930586855,1.0,baseline
left_cheek,baseline,logpos,0,1393,48,96,1.5999983999999998,3.1999967999999996,1.0,0.0,bounded_log_projection,0.23228350826762373,0.25,0.002618812798764524,0.01127420891089383,0.002229136545646495,0.19771999643297075,0.04064474630598383,0.008618126404641688,0.002864362717481814,1.0,baseline
left_cheek,baseline,logchrom,0,1393,48,96,1.5999983999999998,3.1999967999999996,1.0,0.0,bounded_log_projection,1.6190980281807477,1.6190980281807477,0.013974623498309462,0.00863111637163294,0.0026679233555735064,0.19091200245189077,0.05183312891116245,0.008618126404641688,0.002864362717481814,1.0,baseline
left_cheek,baseline,logpos,0,1393,72,120,2.3999976,3.999996,1.0,0.0,bounded_log_projection,0.41295201675701837,0.41295201675701837,0.0023434515640536266,0.005674876181637629,0.00208472761336081,0.3673608985701621,0.1601209431409453,0.004261827453866104,0.001644511331944914,1.0,baseline
left_cheek,baseline,logchrom,0,1393,72,120,2.3999976,3.999996,1.0,0.0,bounded_log_projection,1.530286657245648,1.530286657245648,0.0074360862938574876,0.004859276697374887,0.0026711005488716908,0.3592078471545078,0.19691711953170274,0.004261827453866104,0.001644511331944914,1.0,baseline
left_cheek,baseline,logpos,0,1393,96,144,3.1999967999999996,4.7999952,1.0,0.0,bounded_log_projection,0.42223031496864405,0.42223031496864405,0.002543425663167973,0.006023787428330092,0.0018811591725569077,0.3122884389495133,0.13161925115910741,0.005188062069016399,0.0017589936721175419,1.0,baseline
left_cheek,baseline,logchrom,0,1393,96,144,3.1999967999999996,4.7999952,1.0,0.0,bounded_log_projection,1.274936723067057,1.274936723067057,0.007261203463864423,0.005695344194334977,0.0026078925023593873,0.35915430759344996,0.18378616111108353,0.005188062069016399,0.0017589936721175419,1.0,baseline
left_cheek,baseline,logpos,0,1393,120,168,3.999996,5.5999944,1.0,0.0,bounded_log_projection,0.6170415800068911,0.6170415800068911,0.0021877659151612037,0.0035455729176901997,0.0013693849339597498,0.3862238813725624,0.23041162222287517,0.0016771206888825314,0.0012231572628353055,1.0,baseline
left_cheek,baseline,logchrom,0,1393,120,168,3.999996,5.5999944,1.0,0.0,bounded_log_projection,0.993357119236555,0.993357119236555,0.004128596203541382,0.004156205380311177,0.002152402487653896,0.517876834925021,0.369814026016718,0.0016771206888825314,0.0012231572628353055,1.0,baseline
left_cheek,baseline,logpos,0,1393,144,192,4.7999952,6.399993599999999,1.0,0.0,bounded_log_projection,0.6667673264337273,0.6667673264337273,0.0021098955049319223,0.003164365470961081,0.0012924558533940597,0.4084407649036554,0.26119083839857676,0.0010345427868327455,0.0011394000848157513,1.0,baseline
left_cheek,baseline,logchrom,0,1393,144,192,4.7999952,6.399993599999999,1.0,0.0,bounded_log_projection,0.9559111932063074,0.9559111932063074,0.003705256420282556,0.0038761513063304796,0.0020822315142521165,0.537190462831377,0.43053043289527365,0.0010345427868327455,0.0011394000848157513,1.0,baseline
left_cheek,baseline,logpos,0,1393,168,216,5.5999944,7.1999927999999995,1.0,0.0,bounded_log_projection,0.6489618308500328,0.6489618308500328,0.002035617326909475,0.00313672889550862,0.0013033430738216415,0.4155102711260307,0.2707404747921381,0.0007805603241130411,0.0011123119533646266,1.0,baseline
left_cheek,baseline,logchrom,0,1393,168,216,5.5999944,7.1999927999999995,1.0,0.0,bounded_log_projection,1.0054894912895382,1.0054894912895382,0.003754743077244223,0.003734243977456962,0.002059865417627633,0.548603559618109,0.4339060945472348,0.0007805603241130411,0.0011123119533646266,1.0,baseline
left_cheek,baseline,logpos,0,1393,192,240,6.399993599999999,7.999992,1.0,0.0,bounded_log_projection,0.4852425153341931,0.4852425153341931,0.002222260096984165,0.004579689591819184,0.0018913460252885416,0.41298563742553673,0.2205054687852259,0.0011870380741103002,0.001410060608889663,1.0,baseline
left_cheek,baseline,logchrom,0,1393,192,240,6.399993599999999,7.999992,1.0,0.0,bounded_log_projection,1.435732570224249,1.435732570224249,0.006063683852895962,0.004223407602955519,0.002532672764448606,0.4176788938689513,0.2738044515917389,0.0011870380741103002,0.001410060608889663,1.0,baseline
left_cheek,baseline,logpos,0,1393,216,264,7.1999927999999995,8.7999912,1.0,0.0,bounded_log_projection,0.6182400995106463,0.6182400995106463,0.002433330169798648,0.003935898321258511,0.0018351738870572953,0.46626557326066664,0.3316492389210271,0.0012649107746744248,0.0013592191945918093,1.0,baseline
left_cheek,baseline,logchrom,0,1393,216,264,7.1999927999999995,8.7999912,1.0,0.0,bounded_log_projection,1.2204454694439901,1.2204454694439901,0.005190578284857197,0.004253019421852512,0.002705010479517105,0.5211385574144222,0.4502978148460582,0.0012649107746744248,0.0013592191945918093,1.0,baseline
left_cheek,baseline,logpos,0,1393,240,288,7.999992,9.5999904,1.0,0.0,bounded_log_projection,0.8397469709336788,0.8397469709336788,0.002393987317010826,0.0028508436468059587,0.0014974681292135002,0.5252719246428125,0.4545474911190961,0.0008764991555550379,0.001186049355366143,1.0,baseline
left_cheek,baseline,logchrom,0,1393,240,288,7.999992,9.5999904,1.0,0.0,bounded_log_projection,0.9644930255281465,0.9644930255281465,0.0037457971760317616,0.0038836954512766965,0.0025385163932700365,0.6536342576592982,0.786817890046427,0.0008764991555550379,0.001186049355366143,1.0,baseline
left_cheek,baseline,logpos,0,1393,264,312,8.7999912,10.3999896,1.0,0.0,bounded_log_projection,0.7960021431792186,0.7960021431792186,0.0021138712313530784,0.002655609974754985,0.0012777879156880636,0.4811655054149872,0.37100619981050126,0.0012447603878143493,0.0010660836710503832,1.0,baseline
left_cheek,baseline,logchrom,0,1393,264,312,8.7999912,10.3999896,1.0,0.0,bounded_log_projection,0.92304751023185,0.92304751023185,0.003295137954244254,0.0035698465330528707,0.0021622944398107607,0.6057107552916579,0.6416585287356629,0.0012447603878143493,0.0010660836710503832,1.0,baseline
left_cheek,baseline,logpos,0,1393,288,336,9.5999904,11.1999888,1.0,0.0,bounded_log_projection,0.8643020845538443,0.8643020845538443,0.0024543508523728838,0.0028396910018328005,0.001566953250214147,0.5518041396767466,0.5118529601775885,0.0013917899611626252,0.0012049748569419444,1.0,baseline
left_cheek,baseline,logchrom,0,1393,288,336,9.5999904,11.1999888,1.0,0.0,bounded_log_projection,0.9939716072106132,0.9939716072106132,0.003865084176400228,0.0038885257369139854,0.0026537817095062498,0.6824647408949248,0.8812644767803239,0.0013917899611626252,0.0012049748569419444,1.0,baseline
left_cheek,baseline,logpos,0,1393,312,360,10.3999896,11.999988,1.0,0.0,bounded_log_projection,0.8347444403530343,0.8347444403530343,0.0028405382144374666,0.003402883657705024,0.001822981601071129,0.5357166992598819,0.48065744514440367,0.001027619707564724,0.001409995847726642,1.0,baseline
left_cheek,baseline,logchrom,0,1393,312,360,10.3999896,11.999988,1.0,0.0,bounded_log_projection,0.9970225483651204,0.9970225483651204,0.004554955041166006,0.004568557700761179,0.003055875982060858,0.6688929378196778,0.8140044831165333,0.001027619707564724,0.001409995847726642,1.0,baseline
left_cheek,baseline,logpos,0,1393,336,384,11.1999888,12.799987199999999,1.0,0.0,bounded_log_projection,0.7919001471862072,0.7919001471862072,0.0026860139142292545,0.0033918593446070748,0.0016978850267737563,0.5005764845388792,0.4109507465220911,0.0012795389508044764,0.001357054040844395,1.0,baseline
left_cheek,baseline,logchrom,0,1393,336,384,11.1999888,12.799987199999999,1.0,0.0,bounded_log_projection,0.9747957245402196,0.9747957245402196,0.004354056507533294,0.004466634801447211,0.0028264200458498426,0.632785121571629,0.6947926357050797,0.0012795389508044764,0.001357054040844395,1.0,baseline
left_cheek,baseline,logpos,0,1393,360,408,11.999988,13.599986399999999,1.0,0.0,bounded_log_projection,0.41371841084550876,0.41371841084550876,0.003238707991738413,0.007828290708937813,0.0016566607866517625,0.21162484228649037,0.06424852575602018,0.006350614416701114,0.002269970922365073,1.0,baseline
left_cheek,baseline,logchrom,0,1393,360,408,11.999988,13.599986399999999,1.0,0.0,bounded_log_projection,1.037670422999842,1.037670422999842,0.008336877952657142,0.008034225287597323,0.002463645711169474,0.29551178812498474,0.09951770412563704,0.006350614416701114,0.002269970922365073,1.0,baseline
left_cheek,baseline,logpos,0,1393,384,432,12.799987199999999,14.399985599999999,1.0,0.0,bounded_log_projection,0.41614682313385987,0.41614682313385987,0.003728337095353134,0.008959186729520842,0.0020535011187330704,0.2292061970275394,0.0750088258575628,0.007909988010293183,0.002603080646552178,1.0,baseline
left_cheek,baseline,logchrom,0,1393,384,432,12.799987199999999,14.399985599999999,1.0,0.0,bounded_log_projection,1.0681689075058831,1.0681689075058831,0.009727214834586335,0.009106438847109731,0.003027144611079047,0.31120363460213235,0.11489532654895665,0.007909988010293183,0.002603080646552178,1.0,baseline
left_cheek,baseline,logpos,0,1393,408,456,13.599986399999999,15.1999848,1.0,0.0,bounded_log_projection,0.2897292010311292,0.2897292010311292,0.00289921649357055,0.010006642351728472,0.002688477457146265,0.2686692861249186,0.0760084910453531,0.0077602064655678,0.002638910338938114,1.0,baseline
left_cheek,baseline,logchrom,0,1393,408,456,13.599986399999999,15.1999848,1.0,0.0,bounded_log_projection,1.6655707007387923,1.6655707007387923,0.012821276802798967,0.007697828016013893,0.003238481286504883,0.2525864885623483,0.0936254260288627,0.0077602064655678,0.002638910338938114,1.0,baseline
left_cheek,baseline,logpos,0,1393,432,480,14.399985599999999,15.999984,1.0,0.0,bounded_log_projection,0.8476107467973469,0.8476107467973469,0.0031233438441002,0.0036848799474305774,0.0021016874930839566,0.5703544004328928,0.5654331539248271,0.0019561699733590056,0.001542799953411038,1.0,baseline
left_cheek,baseline,logchrom,0,1393,432,480,14.399985599999999,15.999984,1.0,0.0,bounded_log_projection,1.0663674050475886,1.0663674050475886,0.0051887051536234595,0.004865776212835298,0.0034657688017535847,0.66794483385384,0.8522336383603987,0.0019561699733590056,0.001542799953411038,1.0,baseline
left_cheek,baseline,logpos,0,1393,456,504,15.1999848,16.7999832,1.0,0.0,bounded_log_projection,0.8755685479608147,0.8755685479608147,0.002727231176035857,0.0031148117213524117,0.001768428702628505,0.5677481853897338,0.5503823139896908,0.0021288633195315717,0.0013336545805105139,1.0,baseline
left_cheek,baseline,logchrom,0,1393,456,504,15.1999848,16.7999832,1.0,0.0,bounded_log_projection,1.0173828220098629,1.0173828220098629,0.00433427447726283,0.004260219834162692,0.002984793328841009,0.6886488948724719,0.924969805031704,0.0021288633195315717,0.0013336545805105139,1.0,baseline
left_cheek,baseline,logpos,0,1393,480,528,15.999984,17.5999824,1.0,0.0,bounded_log_projection,0.15717115545220603,0.25,0.00321316430818487,0.020443727724340343,0.003406660468476382,0.16663597336117938,0.016760545936395553,0.015727591970564052,0.004993992379077648,1.0,baseline
left_cheek,baseline,logchrom,0,1393,480,528,15.999984,17.5999824,1.0,0.0,bounded_log_projection,1.7596224422442681,1.7596224422442681,0.025606087901441588,0.014552035304109283,0.0030987984071463377,0.12101803364393979,0.020849872754081424,0.015727591970564052,0.004993992379077648,1.0,baseline
left_cheek,baseline,logpos,0,1393,504,552,16.7999832,18.3999816,1.0,0.0,bounded_log_projection,0.1636710536602114,0.25,0.0034384222343139493,0.021008126711594778,0.0036937348542183126,0.1758240944053175,0.019796788946003147,0.016121082430535096,0.0051467877269586295,1.0,baseline
left_cheek,baseline,logchrom,0,1393,504,552,16.7999832,18.3999816,1.0,0.0,bounded_log_projection,1.7780262153033715,1.7780262153033715,0.026456729200915147,0.014879830777073796,0.0034608064139906454,0.13081006301681974,0.02446656554986261,0.016121082430535096,0.0051467877269586295,1.0,baseline
left_cheek,baseline,logpos,0,1393,528,576,17.5999824,19.1999808,1.0,0.0,bounded_log_projection,0.4766057170694618,0.4766057170694618,0.0026546135069685866,0.0055698314390586635,0.002226526897008437,0.39974762636348904,0.20824403993395157,0.003182882109241777,0.0017023503503109144,1.0,baseline
left_cheek,baseline,logchrom,0,1393,528,576,17.5999824,19.1999808,1.0,0.0,bounded_log_projection,1.411858904107835,1.411858904107835,0.007280737653435603,0.005156845087177007,0.0029960571925559394,0.41150462153270595,0.2638268969927786,0.003182882109241777,0.0017023503503109144,1.0,baseline
left_cheek,baseline,logpos,0,1393,552,600,18.3999816,19.99998,1.0,0.0,bounded_log_projection,0.6368683083393423,0.6368683083393423,0.0026099115615901467,0.004098039622030476,0.0020480899262363753,0.49977309033961903,0.37775041124718883,0.001676258929911583,0.0014381478022809106,1.0,baseline
left_cheek,baseline,logchrom,0,1393,552,600,18.3999816,19.99998,1.0,0.0,bounded_log_projection,1.2882105593290438,1.2882105593290438,0.005628119276163386,0.004368943598082876,0.0029772343079794397,0.5289927526214371,0.4720911196706654,0.001676258929911583,0.0014381478022809106,1.0,baseline
left_cheek,baseline,logpos,0,1393,576,624,19.1999808,20.7999792,1.0,0.0,bounded_log_projection,0.3969857644431997,0.3969857644431997,0.0025878422579863653,0.006518728100026445,0.001996117069177033,0.3062126596703635,0.12200952253775295,0.005269028355717517,0.0018646506777221525,1.0,baseline
left_cheek,baseline,logchrom,0,1393,576,624,19.1999808,20.7999792,1.0,0.0,bounded_log_projection,1.3409740741630463,1.3409740741630463,0.007960722642180318,0.005936522409763151,0.0027016414092971477,0.33937137754082214,0.16596364342703668,0.005269028355717517,0.0018646506777221525,1.0,baseline
left_cheek,baseline,logpos,0,1393,600,648,19.99998,21.599978399999998,1.0,0.0,bounded_log_projection,0.33228336417026655,0.33228336417026655,0.004515595867417167,0.013589593564796441,0.003785017268763013,0.2785232134217775,0.09157736314041824,0.011187048871962786,0.0036957097602029016,1.0,baseline
left_cheek,baseline,logchrom,0,1393,600,648,19.99998,21.599978399999998,1.0,0.0,bounded_log_projection,1.4953787720858431,1.4953787720858431,0.01694409618414691,0.011330972794613285,0.004842187537587062,0.28577431837984185,0.11859143467179288,0.011187048871962786,0.0036957097602029016,1.0,baseline
left_cheek,baseline,logpos,0,1393,624,672,20.7999792,22.3999776,1.0,0.0,bounded_log_projection,0.15215231342788998,0.25,0.003860555373989987,0.025372965333317996,0.003863477467309746,0.15226747904930524,0.01311864849210629,0.01588626821099178,0.006184654096106147,1.0,baseline
left_cheek,baseline,logchrom,0,1393,624,672,20.7999792,22.3999776,1.0,0.0,bounded_log_projection,1.7184311912376558,1.7184311912376558,0.03145979540792332,0.018307276758207126,0.003403721970871255,0.10819275607920863,0.016526655407234643,0.01588626821099178,0.006184654096106147,1.0,baseline
left_cheek,baseline,logpos,0,1393,648,696,21.599978399999998,23.199976799999998,1.0,0.0,bounded_log_projection,0.19663033872059094,0.25,0.0040708595994628435,0.020703110343757686,0.0027988892170822113,0.13519172581361044,0.01684631837484206,0.013382329559162224,0.005155010893088085,1.0,baseline
left_cheek,baseline,logchrom,0,1393,648,696,21.599978399999998,23.199976799999998,1.0,0.0,bounded_log_projection,1.5276017363855958,1.5276017363855958,0.02475047397800898,0.01620217716992794,0.0031636285964625637,0.12782092978394985,0.022310282841303142,0.013382329559162224,0.005155010893088085,1.0,baseline
left_cheek,baseline,logpos,0,1393,672,720,22.3999776,23.999976,1.0,0.0,bounded_log_projection,0.2164194203344186,0.25,0.0036922577045710296,0.017060657952348398,0.002958087754316486,0.1733864990775051,0.03029972648750844,0.011344834499267417,0.004294468992125679,1.0,baseline
left_cheek,baseline,logchrom,0,1393,672,720,22.3999776,23.999976,1.0,0.0,bounded_log_projection,1.583057927252659,1.583057927252659,0.020839204433571165,0.013163892536602793,0.003488897206473438,0.1674198848422907,0.0392538561509825,0.011344834499267417,0.004294468992125679,1.0,baseline
left_cheek,baseline,logpos,0,1393,696,744,23.199976799999998,24.7999752,1.0,0.0,bounded_log_projection,0.16906847687353257,0.25,0.003177177350063091,0.018792251570585207,0.002664225623390579,0.14177256053557677,0.01393237195341578,0.013087917236251785,0.0046153854228934,1.0,baseline
left_cheek,baseline,logchrom,0,1393,696,744,23.199976799999998,24.7999752,1.0,0.0,bounded_log_projection,1.631568008009913,1.631568008009913,0.022924045916137246,0.014050315894645787,0.0026024527395051393,0.11352501862130533,0.017948761509885,0.013087917236251785,0.0046153854228934,1.0,baseline
left_cheek,baseline,logpos,0,1393,720,768,23.999976,25.599974399999997,1.0,0.0,bounded_log_projection,0.2397682235556153,0.25,0.002517841809937322,0.01050114887035186,0.0019158242311175485,0.1824394887426594,0.037545180061572724,0.006690674916777118,0.00268009856511221,1.0,baseline
left_cheek,baseline,logchrom,0,1393,720,768,23.999976,25.599974399999997,1.0,0.0,bounded_log_projection,1.5308870981243967,1.5308870981243967,0.012743629246238246,0.008324342965494589,0.002394511003403925,0.18789867133891655,0.0492403969022002,0.006690674916777118,0.00268009856511221,1.0,baseline
left_cheek,baseline,logpos,0,1393,744,792,24.7999752,26.3999736,1.0,0.0,bounded_log_projection,0.37080579296817506,0.37080579296817506,0.002788253578978909,0.007519444495890643,0.0018848038777604002,0.2506573296458855,0.08424001928136003,0.0070961680864237405,0.002106407151589937,1.0,baseline
left_cheek,baseline,logchrom,0,1393,744,792,24.7999752,26.3999736,1.0,0.0,bounded_log_projection,1.2506646483411505,1.2506646483411505,0.008739994521767349,0.006988279818542767,0.0026157809638877516,0.29928862739822454,0.12005587644632756,0.0070961680864237405,0.002106407151589937,1.0,baseline
left_cheek,baseline,logpos,0,1393,768,816,25.599974399999997,27.199972799999998,1.0,0.0,bounded_log_projection,0.5978102707614682,0.5978102707614682,0.0023270196972785258,0.003892572294407816,0.0018593293852727387,0.4776608485714976,0.33270911107642326,0.002831125130549895,0.0013207148965145533,1.0,baseline
left_cheek,baseline,logchrom,0,1393,768,816,25.599974399999997,27.199972799999998,1.0,0.0,bounded_log_projection,1.3175715189994366,1.3175715189994366,0.0052803736066544295,0.004007656154152712,0.002651490483085818,0.5021406969659038,0.41727584733490786,0.002831125130549895,0.0013207148965145533,1.0,baseline
left_cheek,baseline,logpos,0,1393,792,840,26.3999736,27.999972,1.0,0.0,bounded_log_projection,0.34026184114591723,0.34026184114591723,0.002579033189051911,0.007579554558237765,0.0022499077225713944,0.2968390431501155,0.10154179045998707,0.011202332926541235,0.0020736961616076937,1.0,baseline
left_cheek,baseline,logchrom,0,1393,792,840,26.3999736,27.999972,1.0,0.0,bounded_log_projection,1.5390247553734466,1.5390247553734466,0.00960665565307192,0.006242041019503192,0.0028401840095638497,0.29564752939339967,0.12874307232929602,0.011202332926541235,0.0020736961616076937,1.0,baseline
left_cheek,baseline,logpos,0,1393,816,864,27.199972799999998,28.799971199999998,1.0,0.0,bounded_log_projection,0.180450071187457,0.25,0.0029884069004854318,0.016560851878972018,0.003112616187307272,0.18795024616212444,0.025866118818993544,0.02324645634788102,0.004089645069942282,1.0,baseline
left_cheek,baseline,logchrom,0,1393,816,864,27.199972799999998,28.799971199999998,1.0,0.0,bounded_log_projection,1.774437288660475,1.774437288660475,0.020933066884832735,0.011797017014129102,0.0031194329243340135,0.14901939316852947,0.031873774341585774,0.02324645634788102,0.004089645069942282,1.0,baseline
left_cheek,baseline,logpos,0,1393,840,888,27.999972,29.5999704,1.0,0.0,bounded_log_projection,0.12885908885029349,0.25,0.0028434845309136094,0.022066619873566902,0.003967403157909028,0.1797920651482056,0.013245644580579525,0.02813089739015978,0.005329122949923023,1.0,baseline
left_cheek,baseline,logchrom,0,1393,840,888,27.999972,29.5999704,1.0,0.0,bounded_log_projection,1.9109168606814797,1.9109168606814797,0.028275146298586483,0.014796638660932048,0.0029722024260846807,0.1051171369618436,0.015926603060243665,0.02813089739015978,0.005329122949923023,1.0,baseline
left_cheek,baseline,logpos,0,1393,864,912,28.799971199999998,30.3999696,1.0,0.0,bounded_log_projection,0.77774500539081,0.77774500539081,0.00267452500606175,0.003438819905655099,0.0017053490974918177,0.495911139367139,0.4034199167648179,0.0034168187316754067,0.0013598352507989619,1.0,baseline
left_cheek,baseline,logchrom,0,1393,864,912,28.799971199999998,30.3999696,1.0,0.0,bounded_log_projection,0.985156453110255,0.985156453110255,0.004405341632153285,0.004471717784769213,0.002817787756596519,0.6301354182488835,0.6744774593098398,0.0034168187316754067,0.0013598352507989619,1.0,baseline
left_cheek,baseline,logpos,0,1393,888,936,29.5999704,31.199968799999997,1.0,0.0,bounded_log_projection,0.5721717752273473,0.5721717752273473,0.0023861794210655106,0.004170389949971551,0.001834466114530819,0.43987879707587846,0.28413007442202537,0.0026040662988764825,0.0013839096996748283,1.0,baseline
left_cheek,baseline,logchrom,0,1393,888,936,29.5999704,31.199968799999997,1.0,0.0,bounded_log_projection,1.2542502745464355,1.2542502745464355,0.005427698844616259,0.004327444812861639,0.002644979630956586,0.48731141993630406,0.3829073049943611,0.0026040662988764825,0.0013839096996748283,1.0,baseline
left_cheek,baseline,logpos,0,1393,912,960,30.3999696,31.999968,1.0,0.0,bounded_log_projection,0.4603998935619588,0.4603998935619588,0.002217228756276598,0.00481587590979365,0.0018283604053297986,0.3796527235287796,0.18840913571325804,0.0024381038103044365,0.0014518373579615596,1.0,baseline
left_cheek,baseline,logchrom,0,1393,912,960,30.3999696,31.999968,1.0,0.0,bounded_log_projection,1.3893041338320826,1.3893041338320826,0.006190376286603033,0.004455738765800886,0.002467526554794519,0.3986068763113225,0.24400567790618305,0.0024381038103044365,0.0014518373579615596,1.0,baseline
left_cheek,baseline,logpos,0,1393,936,984,31.199968799999997,32.7999672,1.0,0.0,bounded_log_projection,0.6677768702877643,0.6677768702877643,0.0024904528331580592,0.0037294685455110943,0.0018746172980548485,0.5026499822102527,0.39826970960705654,0.0013109215545909563,0.0013440403758508573,1.0,baseline
left_cheek,baseline,logchrom,0,1393,936,984,31.199968799999997,32.7999672,1.0,0.0,bounded_log_projection,1.2184519288716213,1.2184519288716213,0.005067343700959195,0.00415883760441164,0.0028037324541252155,0.5532943134673297,0.5258209006397636,0.0013109215545909563,0.0013440403758508573,1.0,baseline
left_cheek,baseline,logpos,0,1393,960,1008,31.999968,33.5999664,1.0,0.0,bounded_log_projection,0.679697144176507,0.679697144176507,0.002422068767163032,0.0035634529112190264,0.00184575275647164,0.5179674889657021,0.42392399362208,0.0015220748426452227,0.0012973787245629657,1.0,baseline
left_cheek,baseline,logchrom,0,1393,960,1008,31.999968,33.5999664,1.0,0.0,bounded_log_projection,1.24112553555403,1.24112553555403,0.0049275177934500185,0.003970200960574394,0.002752471745007726,0.5585919443388906,0.5385368376919794,0.0015220748426452227,0.0012973787245629657,1.0,baseline
left_cheek,baseline,logpos,0,1393,984,1032,32.7999672,34.3999656,1.0,0.0,bounded_log_projection,0.6052027386358644,0.6052027386358644,0.002696915906609512,0.0044562189402652065,0.0017916876902731274,0.40206455613836994,0.24921903927353636,0.0043500873421776,0.0015216576024839304,1.0,baseline
left_cheek,baseline,logchrom,0,1393,984,1032,32.7999672,34.3999656,1.0,0.0,bounded_log_projection,1.0580609047934084,1.0580609047934084,0.005362018149839732,0.005067778353351684,0.0027560544704983933,0.5139957369560135,0.38562560732194967,0.0043500873421776,0.0015216576024839304,1.0,baseline
left_cheek,baseline,logpos,0,1393,1008,1056,33.5999664,35.1999648,1.0,0.0,bounded_log_projection,0.6156757892486602,0.6156757892486602,0.002702854242700189,0.004390060953994336,0.0018103588957605959,0.41237671064986575,0.2635630224434604,0.0046405206651613864,0.0015127035832066611,1.0,baseline
left_cheek,baseline,logchrom,0,1393,1008,1056,33.5999664,35.1999648,1.0,0.0,bounded_log_projection,1.0637731733963383,1.0637731733963383,0.005334215619597137,0.00501442953535521,0.0027881502245491255,0.5226916989080578,0.4065400516277033,0.0046405206651613864,0.0015127035832066611,1.0,baseline
left_cheek,baseline,logpos,0,1393,1032,1080,34.3999656,35.999964,1.0,0.0,bounded_log_projection,0.6749218331873937,0.6749218331873937,0.002674667286231874,0.0039629289714935715,0.0015950312935576934,0.4024879842740529,0.25264721857276057,0.005556400746536205,0.0014369400611720423,1.0,baseline
left_cheek,baseline,logchrom,0,1393,1032,1080,34.3999656,35.999964,1.0,0.0,bounded_log_projection,0.9281801545054021,0.9281801545054021,0.004572517559819905,0.0049263254957831485,0.0025961193598479015,0.5269890026694615,0.4219590326212778,0.005556400746536205,0.0014369400611720423,1.0,baseline
left_cheek,baseline,logpos,0,1393,1056,1104,35.1999648,36.7999632,1.0,0.0,bounded_log_projection,0.5020043068552521,0.5020043068552521,0.0020952549758931,0.004173778884525079,0.0014655374256216235,0.351129627651174,0.17841927292943946,0.003271084725917216,0.0013036425553664326,1.0,baseline
left_cheek,baseline,logchrom,0,1393,1056,1104,35.1999648,36.7999632,1.0,0.0,bounded_log_projection,1.1602813417000912,1.1602813417000912,0.004990898690032909,0.0043014556131015964,0.0021343037817749063,0.4276391716860983,0.2611206285612472,0.003271084725917216,0.0013036425553664326,1.0,baseline
left_cheek,baseline,logpos,0,1393,1080,1128,35.999964,37.599962399999995,1.0,0.0,bounded_log_projection,0.44467614138307837,0.44467614138307837,0.002481823158188674,0.005581192529172911,0.0020170445271909753,0.36140027720740275,0.17066135175039587,0.0040577157992614035,0.001660455904818853,1.0,baseline
left_cheek,baseline,logchrom,0,1393,1080,1128,35.999964,37.599962399999995,1.0,0.0,bounded_log_projection,1.3744231906393085,1.3744231906393085,0.007075293966058357,0.005147827840977645,0.002725151128907661,0.38516436800799686,0.2244729409753525,0.0040577157992614035,0.001660455904818853,1.0,baseline
left_cheek,baseline,logpos,0,1393,1104,1152,36.7999632,38.3999616,1.0,0.0,bounded_log_projection,0.5538702791742159,0.5538702791742159,0.002725292481430384,0.004920452647312319,0.001888934560579632,0.38389446987390846,0.2203309682747019,0.003392038614295257,0.0016071457028337492,1.0,baseline
left_cheek,baseline,logchrom,0,1393,1104,1152,36.7999632,38.3999616,1.0,0.0,bounded_log_projection,1.1240292071322067,1.1240292071322067,0.005953898499297203,0.005296925081233156,0.0028137812535363018,0.47259476356011776,0.3276924150390418,0.003392038614295257,0.0016071457028337492,1.0,baseline
left_cheek,baseline,logpos,0,1393,1128,1176,37.599962399999995,39.1999608,1.0,0.0,bounded_log_projection,0.22069440623825004,0.25,0.0033925609801902555,0.015372211004423129,0.0030363615907987233,0.1975227629860828,0.03780978148791601,0.013201081766383405,0.0038789551942174376,1.0,baseline
left_cheek,baseline,logchrom,0,1393,1128,1176,37.599962399999995,39.1999608,1.0,0.0,bounded_log_projection,1.6639055006450454,1.6639055006450454,0.019190726560347825,0.011533543553349734,0.0035056053406755465,0.18267184046688895,0.04766801401317199,0.013201081766383405,0.0038789551942174376,1.0,baseline
left_cheek,baseline,logpos,0,1393,1152,1200,38.3999616,39.99996,1.0,0.0,bounded_log_projection,0.13234289290079962,0.25,0.004797073439653829,0.03624730678397347,0.0044114464678475,0.12170411705727043,0.004460676258535822,0.03175395358264451,0.008765155097340408,1.0,baseline
left_cheek,baseline,logchrom,0,1393,1152,1200,38.3999616,39.99996,1.0,0.0,bounded_log_projection,1.6722717105309521,1.6722717105309521,0.044274866338663635,0.026475880719531043,0.002837324308564937,0.06408431110467756,0.005713017020543514,0.03175395358264451,0.008765155097340408,1.0,baseline
left_cheek,baseline,logpos,0,1393,1176,1224,39.1999608,40.799959199999996,1.0,0.0,bounded_log_projection,0.24753474005248802,0.25,0.004161312538822528,0.016811024335170694,0.0025055212436883964,0.14904036742404467,0.027703304488653588,0.011039962551222221,0.0043112263358133195,1.0,baseline
left_cheek,baseline,logchrom,0,1393,1176,1224,39.1999608,40.799959199999996,1.0,0.0,bounded_log_projection,1.4001448007483215,1.4001448007483215,0.019633914542835876,0.014022774310444415,0.0033161523732182347,0.16889919562312905,0.037977853386589655,0.011039962551222221,0.0043112263358133195,1.0,baseline
left_cheek,baseline,logpos,0,1393,1200,1248,39.99996,41.5999584,1.0,0.0,bounded_log_projection,0.5598337070448667,0.5598337070448667,0.0037834090382966768,0.006758094396044401,0.002495556203414445,0.3692692136521688,0.20554232951217155,0.0043602909250281974,0.0022187883545234733,1.0,baseline
left_cheek,baseline,logchrom,0,1393,1200,1248,39.99996,41.5999584,1.0,0.0,bounded_log_projection,1.0693227129131897,1.0693227129131897,0.007963304517205613,0.007447054496309098,0.0037817248706960497,0.47489391652990404,0.31552597192359205,0.0043602909250281974,0.0022187883545234733,1.0,baseline
left_cheek,baseline,logpos,0,1393,1224,1272,40.799959199999996,42.3999576,1.0,0.0,bounded_log_projection,0.25106661432779587,0.25106661432779587,0.0029321280657396086,0.011678685649185455,0.0028914962721662964,0.2475874733701705,0.05898303422059827,0.008970714376527569,0.0030017015866392258,1.0,baseline
left_cheek,baseline,logchrom,0,1393,1224,1272,40.799959199999996,42.3999576,1.0,0.0,bounded_log_projection,1.7871527498497655,1.7871527498497655,0.01514104170139031,0.008472158690779576,0.0033284106667596414,0.21982705895684929,0.070828673490545,0.008970714376527569,0.0030017015866392258,1.0,baseline
left_cheek,baseline,logpos,0,1393,1248,1296,41.5999584,43.199956799999995,1.0,0.0,bounded_log_projection,0.22768430171757448,0.25,0.0033568289370307734,0.014743348187415534,0.0023355454940558783,0.1584135071875619,0.027948138638577497,0.010341607747215407,0.0037354995003853852,1.0,baseline
left_cheek,baseline,logchrom,0,1393,1248,1296,41.5999584,43.199956799999995,1.0,0.0,bounded_log_projection,1.4937487127192846,1.4937487127192846,0.01762386747095212,0.01179841516908749,0.0029055538875856434,0.16486471498804756,0.037218116352433134,0.010341607747215407,0.0037354995003853852,1.0,baseline
left_cheek,baseline,logpos,0,1393,1272,1320,42.3999576,43.999956,1.0,0.0,bounded_log_projection,0.2996184338131599,0.2996184338131599,0.003262244184516524,0.010887995584913972,0.0022160363616568995,0.2035302406558065,0.05255139887551812,0.007101673375261213,0.0028913199524644427,1.0,baseline
left_cheek,baseline,logchrom,0,1393,1272,1320,42.3999576,43.999956,1.0,0.0,bounded_log_projection,1.3589542774376306,1.3589542774376306,0.01279014814293989,0.009411757522156146,0.002964411229776715,0.23177301753248716,0.0724996251263954,0.007101673375261213,0.0028913199524644427,1.0,baseline
left_cheek,baseline,logpos,0,1393,1296,1344,43.199956799999995,44.7999552,1.0,0.0,bounded_log_projection,0.2875760599261722,0.2875760599261722,0.0031396608991403,0.01091767131083974,0.00199095915487863,0.18236115543265005,0.04260422339033155,0.006803307720087539,0.002874871577192667,1.0,baseline
left_cheek,baseline,logchrom,0,1393,1296,1344,43.199956799999995,44.7999552,1.0,0.0,bounded_log_projection,1.342076157379675,1.342076157379675,0.012681566018096273,0.009449214896162293,0.0026809885206865976,0.21140831635942242,0.059274937695109456,0.006803307720087539,0.002874871577192667,1.0,baseline
left_cheek,baseline,logpos,0,1393,1320,1368,43.999956,45.599954399999994,1.0,0.0,bounded_log_projection,0.602219224484031,0.602219224484031,0.002782466862629523,0.004620355427898342,0.0021286180894522022,0.46070440308538024,0.31853682121807586,0.002407002104202812,0.0015736378555048776,1.0,baseline
left_cheek,baseline,logchrom,0,1393,1320,1368,43.999956,45.599954399999994,1.0,0.0,bounded_log_projection,1.2437087364502635,1.2437087364502635,0.006096201657937782,0.0049016312897642595,0.0031032258585182893,0.509042520678039,0.42672041786900655,0.002407002104202812,0.0015736378555048776,1.0,baseline
left_cheek,baseline,logpos,0,1393,1344,1392,44.7999552,46.399953599999996,1.0,0.0,bounded_log_projection,0.46113679591749085,0.46113679591749085,0.0027576350251095638,0.0059800802051003,0.002421898230905092,0.4049942722907796,0.20261903243410737,0.004071885031612781,0.0018039310786071487,1.0,baseline
left_cheek,baseline,logchrom,0,1393,1344,1392,44.7999552,46.399953599999996,1.0,0.0,bounded_log_projection,1.4969322210329263,1.4969322210329263,0.007963193713988811,0.0053196755351381094,0.0031677692674809193,0.3978013572514444,0.24631891998449937,0.004071885031612781,0.0018039310786071487,1.0,baseline
left_cheek,baseline,logpos,0,1393,1345,1393,44.833288499999995,46.4332869,1.0,0.0,bounded_log_projection,0.4591345728509755,0.4591345728509755,0.0027589628958814764,0.006009050633564404,0.002432618510938738,0.40482576354923727,0.20136020850176006,0.004186409316894783,0.001809608894198057,1.0,baseline
left_cheek,baseline,logchrom,0,1393,1345,1393,44.833288499999995,46.4332869,1.0,0.0,bounded_log_projection,1.5046729247807864,1.5046729247807864,0.008011429666255865,0.005324366202324694,0.003173125818442528,0.3960748518841439,0.24402949814499827,0.004186409316894783,0.001809608894198057,1.0,baseline
right_cheek,baseline,logpos,0,1393,0,48,0.0,1.5999983999999998,1.0,0.0,bounded_log_projection,0.36244489098491944,0.36244489098491944,0.002424625815821175,0.0066896399318318945,0.0018236238138341306,0.2726041808553287,0.09535878268402105,0.004715174267649594,0.001861715359819769,1.0,baseline
right_cheek,baseline,logchrom,0,1393,0,48,0.0,1.5999983999999998,1.0,0.0,bounded_log_projection,1.3492100845756418,1.3492100845756418,0.00805562057127369,0.005970619893348463,0.002451685311205025,0.30434468574000684,0.1303718593700968,0.004715174267649594,0.001861715359819769,1.0,baseline
right_cheek,baseline,logpos,0,1393,24,72,0.7999991999999999,2.3999976,1.0,0.0,bounded_log_projection,0.3293062638353183,0.3293062638353183,0.002342272670034366,0.00711274860901433,0.0020699381430321177,0.2910180377257795,0.09579897303479676,0.004652061435297655,0.0019300247056191484,1.0,baseline
right_cheek,baseline,logchrom,0,1393,24,72,0.7999991999999999,2.3999976,1.0,0.0,bounded_log_projection,1.565478379883763,1.565478379883763,0.00903629577717357,0.005772226492099186,0.0025874889225666435,0.286343982796895,0.1206710682806036,0.004652061435297655,0.0019300247056191484,1.0,baseline
right_cheek,baseline,logpos,0,1393,48,96,1.5999983999999998,3.1999967999999996,1.0,0.0,bounded_log_projection,0.3935833966250338,0.3935833966250338,0.0024274264231505123,0.006167502094767268,0.002195069255334357,0.3559089598359007,0.14607661437468694,0.00415549972770383,0.0017593445624307952,1.0,baseline
right_cheek,baseline,logchrom,0,1393,48,96,1.5999983999999998,3.1999967999999996,1.0,0.0,bounded_log_projection,1.5653355350598968,1.5653355350598968,0.008080404724676391,0.005162091157898104,0.0027719330761458816,0.343043841316611,0.17853604053330902,0.00415549972770383,0.0017593445624307952,1.0,baseline
right_cheek,baseline,logpos,0,1393,72,120,2.3999976,3.999996,1.0,0.0,bounded_log_projection,0.5234589658076051,0.5234589658076051,0.002440868774437283,0.004662961060704065,0.0015068646337705277,0.3231561692567522,0.15521223084050645,0.0030970887622459716,0.001483552923366202,1.0,baseline
right_cheek,baseline,logchrom,0,1393,72,120,2.3999976,3.999996,1.0,0.0,bounded_log_projection,1.0325837612393665,1.0325837612393665,0.005261634973307885,0.00509560112294674,0.002287746979030728,0.43479773694610113,0.24222740686970035,0.0030970887622459716,0.001483552923366202,1.0,baseline
right_cheek,baseline,logpos,0,1393,96,144,3.1999967999999996,4.7999952,1.0,0.0,bounded_log_projection,0.7086207537373095,0.7086207537373095,0.0024303553483913166,0.003429698235019893,0.0014376095909404538,0.41916503797953386,0.27529598505360653,0.0024793955450740767,0.0012798157710663196,1.0,baseline
right_cheek,baseline,logchrom,0,1393,96,144,3.1999967999999996,4.7999952,1.0,0.0,bounded_log_projection,0.911750581887037,0.911750581887037,0.003992906685618651,0.0043793848503552255,0.002374745101699467,0.5422554040910207,0.46630978143594454,0.0024793955450740767,0.0012798157710663196,1.0,baseline
right_cheek,baseline,logpos,0,1393,120,168,3.999996,5.5999944,1.0,0.0,bounded_log_projection,0.8195764078276999,0.8195764078276999,0.0022238228824177607,0.0027133807918068775,0.0012610490868046292,0.46475197680045466,0.3343540293087475,0.0011259029174471229,0.0011105203974924205,1.0,baseline
right_cheek,baseline,logchrom,0,1393,120,168,3.999996,5.5999944,1.0,0.0,bounded_log_projection,0.8558212108188844,0.8558212108188844,0.0032417293678229184,0.0037878581727614586,0.0021930598159972396,0.578970942409503,0.5871118343904728,0.0011259029174471229,0.0011105203974924205,1.0,baseline
right_cheek,baseline,logpos,0,1393,144,192,4.7999952,6.399993599999999,1.0,0.0,bounded_log_projection,0.7230232862296985,0.7230232862296985,0.001998807030349882,0.0027645126628948954,0.0012288664372245635,0.4445146711455972,0.31449878856052066,0.0008132981077840823,0.0010442493023176073,1.0,baseline
right_cheek,baseline,logchrom,0,1393,144,192,4.7999952,6.399993599999999,1.0,0.0,bounded_log_projection,0.9474954237552257,0.9474954237552257,0.0033338043559357176,0.0035185440186326082,0.002018236357459586,0.5735998602751378,0.5275531707895303,0.0008132981077840823,0.0010442493023176073,1.0,baseline
right_cheek,baseline,logpos,0,1393,168,216,5.5999944,7.1999927999999995,1.0,0.0,bounded_log_projection,0.8056790875659207,0.8056790875659207,0.0023148123997389657,0.0028731196272356613,0.0014702536869295765,0.5117272782491705,0.4322205783512665,0.0009341840522465193,0.0011626092715755698,1.0,baseline
right_cheek,baseline,logchrom,0,1393,168,216,5.5999944,7.1999927999999995,1.0,0.0,bounded_log_projection,0.9812218629956083,0.9812218629956083,0.0037365972188177616,0.0038081063618070703,0.002453496859137254,0.6442826502285481,0.7316442555636608,0.0009341840522465193,0.0011626092715755698,1.0,baseline
right_cheek,baseline,logpos,0,1393,192,240,6.399993599999999,7.999992,1.0,0.0,bounded_log_projection,0.7252547398601975,0.7252547398601975,0.0025499259091640424,0.003515903818368115,0.0017109564341406395,0.48663345828805105,0.3875163685695393,0.001845504388160416,0.001330579366013452,1.0,baseline
right_cheek,baseline,logchrom,0,1393,192,240,6.399993599999999,7.999992,1.0,0.0,bounded_log_projection,1.0498729275557808,1.0498729275557808,0.004537588152470479,0.004322035584853571,0.0027304898824182604,0.6017491651223683,0.6079201499359483,0.001845504388160416,0.001330579366013452,1.0,baseline
right_cheek,baseline,logpos,0,1393,216,264,7.1999927999999995,8.7999912,1.0,0.0,bounded_log_projection,0.7514604046541336,0.7514604046541336,0.002142403506234277,0.0028509865496111368,0.001225853490546111,0.42997519252180005,0.2876439858100068,0.0012575830578065484,0.00110297080289347,1.0,baseline
right_cheek,baseline,logchrom,0,1393,216,264,7.1999927999999995,8.7999912,1.0,0.0,bounded_log_projection,0.8721180195600313,0.8721180195600313,0.0033062336502462765,0.0037910392585561014,0.0020754520781309294,0.5474625654289346,0.49770015068385326,0.0012575830578065484,0.00110297080289347,1.0,baseline
right_cheek,baseline,logpos,0,1393,240,288,7.999992,9.5999904,1.0,0.0,bounded_log_projection,0.9983254033519444,0.9983254033519444,0.002336521008943115,0.0023404403024285363,0.0012326863198312374,0.5266899217861494,0.3847855313972362,0.0009419876538829143,0.0011019087501273374,1.0,baseline
right_cheek,baseline,logchrom,0,1393,240,288,7.999992,9.5999904,1.0,0.0,bounded_log_projection,0.7909400908036041,0.7909400908036041,0.0029527695951757286,0.003733240519108952,0.0023244321909541153,0.622631244640222,0.6254824428163205,0.0009419876538829143,0.0011019087501273374,1.0,baseline
right_cheek,baseline,logpos,0,1393,264,312,8.7999912,10.3999896,1.0,0.0,bounded_log_projection,1.0637013254495749,1.0637013254495749,0.002387018391594191,0.0022440682684919232,0.001210777758088686,0.5072343649937516,0.3741359214932895,0.0012976765706684463,0.0011087884478885326,1.0,baseline
right_cheek,baseline,logchrom,0,1393,264,312,8.7999912,10.3999896,1.0,0.0,bounded_log_projection,0.7609312633997978,0.7609312633997978,0.0028621922339003405,0.003761433353536071,0.002359941728945898,0.6274049031673923,0.572756939180896,0.0012976765706684463,0.0011087884478885326,1.0,baseline
right_cheek,baseline,logpos,0,1393,288,336,9.5999904,11.1999888,1.0,0.0,bounded_log_projection,0.9435586383359232,0.9435586383359232,0.002316318786054802,0.002454875290146146,0.0011184243134121365,0.45559312845808697,0.28063205480304554,0.001160219439431582,0.0011086130184970692,1.0,baseline
right_cheek,baseline,logchrom,0,1393,288,336,9.5999904,11.1999888,1.0,0.0,bounded_log_projection,0.7096822278133428,0.7096822278133428,0.0027554513027603896,0.0038826550740187274,0.002121673665024175,0.5464491757770656,0.47783484982951924,0.001160219439431582,0.0011086130184970692,1.0,baseline
right_cheek,baseline,logpos,0,1393,312,360,10.3999896,11.999988,1.0,0.0,bounded_log_projection,0.901715755037857,0.901715755037857,0.0023424204055122765,0.002597737027910679,0.001046575284348852,0.40287961140954937,0.2165970697188002,0.0010269682942329232,0.0011355135337189246,1.0,baseline
right_cheek,baseline,logchrom,0,1393,312,360,10.3999896,11.999988,1.0,0.0,bounded_log_projection,0.6558438301430167,0.6558438301430167,0.002667302984572257,0.0040669788476787394,0.0019860998419054315,0.4883477186115718,0.3743909997285567,0.0010269682942329232,0.0011355135337189246,1.0,baseline
right_cheek,baseline,logpos,0,1393,336,384,11.1999888,12.799987199999999,1.0,0.0,bounded_log_projection,0.7834446575280368,0.7834446575280368,0.0020493893272508674,0.002615869937408472,0.0012982789225662982,0.4963086673385972,0.40347120045342055,0.0007469861456790694,0.0010393043980734499,1.0,baseline
right_cheek,baseline,logchrom,0,1393,336,384,11.1999888,12.799987199999999,1.0,0.0,bounded_log_projection,0.9772933947488404,0.9772933947488404,0.003345610653455584,0.0034233431551181103,0.0021539190543374124,0.6291858445792002,0.6791444574391049,0.0007469861456790694,0.0010393043980734499,1.0,baseline
right_cheek,baseline,logpos,0,1393,360,408,11.999988,13.599986399999999,1.0,0.0,bounded_log_projection,0.6133349880451879,0.6133349880451879,0.0031021916052576142,0.005057907449801409,0.0016068958123866823,0.31769972628695975,0.1519343279970163,0.00407371681765559,0.0017393039162893272,1.0,baseline
right_cheek,baseline,logchrom,0,1393,360,408,11.999988,13.599986399999999,1.0,0.0,bounded_log_projection,0.8493804782227963,0.8493804782227963,0.0052794303762527285,0.006215624813156949,0.0026260506977934823,0.4224918293386658,0.25641061004214755,0.00407371681765559,0.0017393039162893272,1.0,baseline
right_cheek,baseline,logpos,0,1393,384,432,12.799987199999999,14.399985599999999,1.0,0.0,bounded_log_projection,0.5069020206490743,0.5069020206490743,0.0029371801287870897,0.005794374473051242,0.0015046448613712528,0.25967338983165966,0.09975165543044384,0.0047113533422934156,0.0018174441281458525,1.0,baseline
right_cheek,baseline,logchrom,0,1393,384,432,12.799987199999999,14.399985599999999,1.0,0.0,bounded_log_projection,0.9280065503927568,0.9280065503927568,0.006037678443401572,0.006506073088434847,0.002344395304347756,0.36033952777369466,0.16168752290850757,0.0047113533422934156,0.0018174441281458525,1.0,baseline
right_cheek,baseline,logpos,0,1393,408,456,13.599986399999999,15.1999848,1.0,0.0,bounded_log_projection,0.3268606081078617,0.3268606081078617,0.002159538355308571,0.006606909189240505,0.001410820486042303,0.2135371390210501,0.059770840276523386,0.005127863710362783,0.0017895074859210903,1.0,baseline
right_cheek,baseline,logchrom,0,1393,408,456,13.599986399999999,15.1999848,1.0,0.0,bounded_log_projection,1.2905754703220642,1.2905754703220642,0.007649359823852252,0.005927092215648069,0.0019294446875471097,0.25223609974925104,0.08432559669629248,0.005127863710362783,0.0017895074859210903,1.0,baseline
right_cheek,baseline,logpos,0,1393,432,480,14.399985599999999,15.999984,1.0,0.0,bounded_log_projection,0.8242311348198618,0.8242311348198618,0.0027167348778939743,0.003296083784177511,0.001523979796376817,0.46236075784617947,0.32879883448572794,0.0020184246326258024,0.001354131814989768,1.0,baseline
right_cheek,baseline,logchrom,0,1393,432,480,14.399985599999999,15.999984,1.0,0.0,bounded_log_projection,0.8450698220701208,0.8450698220701208,0.003913904289163525,0.004631456699726716,0.002662775865331447,0.5749326913686934,0.5778878745098718,0.0020184246326258024,0.001354131814989768,1.0,baseline
right_cheek,baseline,logpos,0,1393,456,504,15.1999848,16.7999832,1.0,0.0,bounded_log_projection,0.7776096855679379,0.7776096855679379,0.0025667492524275694,0.0033008195500457394,0.0014529128840382367,0.4401673166344715,0.30019251514773604,0.0014867279938006021,0.0013051184466569524,1.0,baseline
right_cheek,baseline,logchrom,0,1393,456,504,15.1999848,16.7999832,1.0,0.0,bounded_log_projection,0.8581080126038803,0.8581080126038803,0.0038473707381771827,0.004483550650579003,0.0024906034314193643,0.5554980027041133,0.52356765045756,0.0014867279938006021,0.0013051184466569524,1.0,baseline
right_cheek,baseline,logpos,0,1393,480,528,15.999984,17.5999824,1.0,0.0,bounded_log_projection,0.26200295016819614,0.26200295016819614,0.002660064470580907,0.010152803504209568,0.0025106666911325474,0.2472880214899827,0.06207799445573191,0.008065044081760899,0.002627918990359215,1.0,baseline
right_cheek,baseline,logchrom,0,1393,480,528,15.999984,17.5999824,1.0,0.0,bounded_log_projection,1.7152533411734885,1.7152533411734885,0.013015327530943402,0.007587991358780261,0.002967835896809716,0.22802621676279827,0.07596961454620159,0.008065044081760899,0.002627918990359215,1.0,baseline
right_cheek,baseline,logpos,0,1393,504,552,16.7999832,18.3999816,1.0,0.0,bounded_log_projection,0.23797112691177566,0.25,0.0025753328155981047,0.010822038996995093,0.0024677753605473005,0.22803238476894389,0.05028018508103365,0.008541413232464214,0.0027589606072836357,1.0,baseline
right_cheek,baseline,logchrom,0,1393,504,552,16.7999832,18.3999816,1.0,0.0,bounded_log_projection,1.739855914088965,1.739855914088965,0.013826694316947672,0.007947034122183444,0.002845570170800553,0.20580263840162266,0.061563153512261576,0.008541413232464214,0.0027589606072836357,1.0,baseline
right_cheek,baseline,logpos,0,1393,528,576,17.5999824,19.1999808,1.0,0.0,bounded_log_projection,0.4809705133752119,0.4809705133752119,0.0021806861676481925,0.00453392901852802,0.0017813634940831225,0.39289620256592767,0.20592012120288297,0.0034796342807658837,0.001390896769681084,1.0,baseline
right_cheek,baseline,logchrom,0,1393,528,576,17.5999824,19.1999808,1.0,0.0,bounded_log_projection,1.367908696345186,1.367908696345186,0.005850520094469263,0.0042769814316561,0.0024303586387616426,0.41540898920408126,0.2674786738185821,0.0034796342807658837,0.001390896769681084,1.0,baseline
right_cheek,baseline,logpos,0,1393,552,600,18.3999816,19.99998,1.0,0.0,bounded_log_projection,0.6837934183289849,0.6837934183289849,0.00211293986578277,0.0030900266208268735,0.0015747960742257927,0.5096383518548414,0.41508605507685764,0.0018510281715927895,0.0011289574627027725,1.0,baseline
right_cheek,baseline,logchrom,0,1393,552,600,18.3999816,19.99998,1.0,0.0,bounded_log_projection,1.2034109327459042,1.2034109327459042,0.004211711743998997,0.0034998117678629106,0.002376334390021674,0.5642205674231062,0.5518178821054893,0.0018510281715927895,0.0011289574627027725,1.0,baseline
right_cheek,baseline,logpos,0,1393,576,624,19.1999808,20.7999792,1.0,0.0,bounded_log_projection,0.3848008136663623,0.3848008136663623,0.002745569502599005,0.0071350407927659,0.0015359885043276084,0.21527396253780662,0.06500011795500597,0.00642692359330826,0.0020210456973672303,1.0,baseline
right_cheek,baseline,logchrom,0,1393,576,624,19.1999808,20.7999792,1.0,0.0,bounded_log_projection,1.1190275115217123,1.1190275115217123,0.007840919272683518,0.007006904827586433,0.0022229098203749333,0.283501174169614,0.0976586808511714,0.00642692359330826,0.0020210456973672303,1.0,baseline
right_cheek,baseline,logpos,0,1393,600,648,19.99998,21.599978399999998,1.0,0.0,bounded_log_projection,0.12849922397801614,0.25,0.0027857884045991454,0.021679418119098858,0.004032238959785627,0.18599387389615207,0.013949575266024998,0.018804379417409447,0.005234920253495904,1.0,baseline
right_cheek,baseline,logchrom,0,1393,600,648,19.99998,21.599978399999998,1.0,0.0,bounded_log_projection,1.945523806801803,1.945523806801803,0.02794184530723984,0.014362119450582684,0.00299752348127133,0.1072772198225097,0.01663368245332044,0.018804379417409447,0.005234920253495904,1.0,baseline
right_cheek,baseline,logpos,0,1393,624,672,20.7999792,22.3999776,1.0,0.0,bounded_log_projection,0.11034332027577781,0.25,0.0036034240156926473,0.03265647622970485,0.005363196411971383,0.16423071412380172,0.007874889721122732,0.024357748828992238,0.00783652216530568,1.0,baseline
right_cheek,baseline,logchrom,0,1393,624,672,20.7999792,22.3999776,1.0,0.0,bounded_log_projection,1.8865265322333065,1.8865265322333065,0.041519312075898165,0.022008337209414596,0.0033897364068268504,0.0816424029528799,0.009557912327909576,0.024357748828992238,0.00783652216530568,1.0,baseline
right_cheek,baseline,logpos,0,1393,648,696,21.599978399999998,23.199976799999998,1.0,0.0,bounded_log_projection,0.2401743564927935,0.25,0.004861713028692413,0.020242431788667206,0.003479589258454204,0.17189581245877109,0.03420021794434116,0.013815160698549545,0.0051675526414505036,1.0,baseline
right_cheek,baseline,logchrom,0,1393,648,696,21.599978399999998,23.199976799999998,1.0,0.0,bounded_log_projection,1.4930600461933001,1.4930600461933001,0.02429695979507243,0.0162732636621145,0.004412552525015509,0.1816092450344508,0.04544123729156527,0.013815160698549545,0.0051675526414505036,1.0,baseline
right_cheek,baseline,logpos,0,1393,672,720,22.3999776,23.999976,1.0,0.0,bounded_log_projection,0.2612848497964458,0.2612848497964458,0.004694226955105747,0.017965936252189094,0.0030183443957597263,0.16800373514583467,0.03523411607140404,0.011861659449172111,0.0046480710786294425,1.0,baseline
right_cheek,baseline,logchrom,0,1393,672,720,22.3999776,23.999976,1.0,0.0,bounded_log_projection,1.4005916219849313,1.4005916219849313,0.021093122676054406,0.015060151970751503,0.003995628189228571,0.18942800696667533,0.04818373849580868,0.011861659449172111,0.0046480710786294425,1.0,baseline
right_cheek,baseline,logpos,0,1393,696,744,23.199976799999998,24.7999752,1.0,0.0,bounded_log_projection,0.15514336061761763,0.25,0.0027594031660917676,0.017786150532686205,0.0026601368801207515,0.1495622605482917,0.013126653912544119,0.012101126511410588,0.004340955272943231,1.0,baseline
right_cheek,baseline,logchrom,0,1393,696,744,23.199976799999998,24.7999752,1.0,0.0,bounded_log_projection,1.6996446710106992,1.6996446710106992,0.02197543995037475,0.012929431854310457,0.002387391424573857,0.10863907298170586,0.016616730772683195,0.012101126511410588,0.004340955272943231,1.0,baseline
right_cheek,baseline,logpos,0,1393,720,768,23.999976,25.599974399999997,1.0,0.0,bounded_log_projection,0.22853889014306775,0.25,0.0024610384897095707,0.010768576359887521,0.0022182370426512468,0.2059916713702364,0.04202108404153387,0.007576627748838345,0.0027297982033906245,1.0,baseline
right_cheek,baseline,logchrom,0,1393,720,768,23.999976,25.599974399999997,1.0,0.0,bounded_log_projection,1.6706278720722805,1.6706278720722805,0.013500372585320577,0.008081017209759851,0.0025888927058137206,0.1917645375675567,0.052748749909639014,0.007576627748838345,0.0027297982033906245,1.0,baseline
right_cheek,baseline,logpos,0,1393,744,792,24.7999752,26.3999736,1.0,0.0,bounded_log_projection,0.601169702493738,0.601169702493738,0.0025790982012133916,0.004290133369188306,0.001841134554985391,0.42915555218129137,0.28189932633406123,0.0032792452179529925,0.0014598418278081715,1.0,baseline
right_cheek,baseline,logchrom,0,1393,744,792,24.7999752,26.3999736,1.0,0.0,bounded_log_projection,1.1443903976288123,1.1443903976288123,0.00539824719424344,0.004717137792687407,0.002760251845512925,0.5113237216065968,0.4110509313754218,0.0032792452179529925,0.0014598418278081715,1.0,baseline
right_cheek,baseline,logpos,0,1393,768,816,25.599974399999997,27.199972799999998,1.0,0.0,bounded_log_projection,0.4847435391219376,0.4847435391219376,0.0023382315737123967,0.004823646701816509,0.0019870555227143563,0.4119405183563843,0.21963990026993438,0.004588802574023254,0.0014845416086542215,1.0,baseline
right_cheek,baseline,logchrom,0,1393,768,816,25.599974399999997,27.199972799999998,1.0,0.0,bounded_log_projection,1.4331005543370448,1.4331005543370448,0.006379379787663863,0.004451453017974009,0.0026625384520310587,0.4173663491833089,0.27326936204021707,0.004588802574023254,0.0014845416086542215,1.0,baseline
right_cheek,baseline,logpos,0,1393,792,840,26.3999736,27.999972,1.0,0.0,bounded_log_projection,0.40939097543628694,0.40939097543628694,0.003360009103399603,0.00820733554231099,0.0016698681347739788,0.20346044415576361,0.059390417230993246,0.00849121721279886,0.0023714662626605067,1.0,baseline
right_cheek,baseline,logchrom,0,1393,792,840,26.3999736,27.999972,1.0,0.0,bounded_log_projection,1.032137897873189,1.032137897873189,0.008691554402316375,0.008420923619049439,0.0024861950117390833,0.2860472243119701,0.09215699124821039,0.00849121721279886,0.0023714662626605067,1.0,baseline
right_cheek,baseline,logpos,0,1393,816,864,27.199972799999998,28.799971199999998,1.0,0.0,bounded_log_projection,0.31886978344246397,0.31886978344246397,0.003590473500386238,0.011259999180932406,0.0018760498925993211,0.16661190311418578,0.03775827969710113,0.011413300218141895,0.003031886847653398,1.0,baseline
right_cheek,baseline,logchrom,0,1393,816,864,27.199972799999998,28.799971199999998,1.0,0.0,bounded_log_projection,1.2007975556427428,1.2007975556427428,0.012493214380876529,0.01040409711209761,0.002642618814894776,0.21152433107526397,0.05518572956904364,0.011413300218141895,0.003031886847653398,1.0,baseline
right_cheek,baseline,logpos,0,1393,840,888,27.999972,29.5999704,1.0,0.0,bounded_log_projection,0.6773383272095388,0.6773383272095388,0.003766359839082067,0.005560529631622219,0.0022963741462992877,0.4129775935802985,0.2675536261381749,0.007144008180459823,0.002020394476010668,1.0,baseline
right_cheek,baseline,logchrom,0,1393,840,888,27.999972,29.5999704,1.0,0.0,bounded_log_projection,0.9484615536164857,0.9484615536164857,0.006520025769668647,0.006874317408868896,0.003718944692105574,0.540991122596053,0.44349599432238274,0.007144008180459823,0.002020394476010668,1.0,baseline
right_cheek,baseline,logpos,0,1393,864,912,28.799971199999998,30.3999696,1.0,0.0,bounded_log_projection,0.7305958163776749,0.7305958163776749,0.002807892668108773,0.0038432914686405187,0.0013655048247231396,0.3552956719169045,0.18604200647657806,0.00333984752891961,0.0014610436342214425,1.0,baseline
right_cheek,baseline,logchrom,0,1393,864,912,28.799971199999998,30.3999696,1.0,0.0,bounded_log_projection,0.7520222993768796,0.7520222993768796,0.003944322785352002,0.005244954556028778,0.0023742000450228925,0.4526636064546801,0.32553593474710146,0.00333984752891961,0.0014610436342214425,1.0,baseline
right_cheek,baseline,logpos,0,1393,888,936,29.5999704,31.199968799999997,1.0,0.0,bounded_log_projection,0.6751711222309229,0.6751711222309229,0.0021583247931163557,0.003196707800512479,0.0014733397241937958,0.46089283604763565,0.3398158303087243,0.0017406122446591255,0.0011593589823595432,1.0,baseline
right_cheek,baseline,logchrom,0,1393,888,936,29.5999704,31.199968799999997,1.0,0.0,bounded_log_projection,1.0750342607796461,1.0750342607796461,0.004056618719874909,0.0037734785465655123,0.0023001204512619624,0.5670043477324607,0.5204070387742545,0.0017406122446591255,0.0011593589823595432,1.0,baseline
right_cheek,baseline,logpos,0,1393,912,960,30.3999696,31.999968,1.0,0.0,bounded_log_projection,0.6930269958076399,0.6930269958076399,0.0022724495951137523,0.003279020310695811,0.001502064216350137,0.45808323036321713,0.33709969668156486,0.0018601443050202152,0.0012074779888712403,1.0,baseline
right_cheek,baseline,logchrom,0,1393,912,960,30.3999696,31.999968,1.0,0.0,bounded_log_projection,1.0330359689794335,1.0330359689794335,0.004104913637262856,0.00397364057063591,0.0023856940680777486,0.5811800877907195,0.5342807332442707,0.0018601443050202152,0.0012074779888712403,1.0,baseline
right_cheek,baseline,logpos,0,1393,936,984,31.199968799999997,32.7999672,1.0,0.0,bounded_log_projection,0.8089682465763076,0.8089682465763076,0.0022259734339511346,0.0027516202809836307,0.0015831885058066404,0.5753659095871662,0.5768069879471266,0.0008949082867346534,0.0011164499132092526,1.0,baseline
right_cheek,baseline,logchrom,0,1393,936,984,31.199968799999997,32.7999672,1.0,0.0,bounded_log_projection,1.1470095820967359,1.1470095820967359,0.003949748115406991,0.00344351797670848,0.0025201711608023583,0.6380587032807975,0.7400882388198441,0.0008949082867346534,0.0011164499132092526,1.0,baseline
right_cheek,baseline,logpos,0,1393,960,1008,31.999968,33.5999664,1.0,0.0,bounded_log_projection,0.6840766330498713,0.6840766330498713,0.002238997499414858,0.0032730214587692666,0.0014970205370806733,0.45738182775116554,0.33533001231183085,0.0011960582386132362,0.0011961047630798635,1.0,baseline
right_cheek,baseline,logchrom,0,1393,960,1008,31.999968,33.5999664,1.0,0.0,bounded_log_projection,1.0480209645126963,1.0480209645126963,0.004111459539243079,0.00392306993701677,0.0023613033097923367,0.5743223999297956,0.5250223860706624,0.0011960582386132362,0.0011961047630798635,1.0,baseline
right_cheek,baseline,logpos,0,1393,984,1032,32.7999672,34.3999656,1.0,0.0,bounded_log_projection,0.5810858388454893,0.5810858388454893,0.0025803317863698745,0.004440534623071386,0.0017553578237552,0.3953032625024487,0.2377136735544706,0.0035706163812485436,0.0014849744502468717,1.0,baseline
right_cheek,baseline,logchrom,0,1393,984,1032,32.7999672,34.3999656,1.0,0.0,bounded_log_projection,1.0924914902045233,1.0924914902045233,0.0053695793121062325,0.004914985022996384,0.002656800866503225,0.4947875265597087,0.3600143855550513,0.0035706163812485436,0.0014849744502468717,1.0,baseline
right_cheek,baseline,logpos,0,1393,1008,1056,33.5999664,35.1999648,1.0,0.0,bounded_log_projection,0.49748612383138496,0.49748612383138496,0.002471256308312044,0.004967487915601918,0.0017811500264020134,0.3585615217719536,0.18410462249753778,0.004573004388865748,0.0015455538276647938,1.0,baseline
right_cheek,baseline,logchrom,0,1393,1008,1056,33.5999664,35.1999648,1.0,0.0,bounded_log_projection,1.1952419610160703,1.1952419610160703,0.006025503987014362,0.005041242010857873,0.002565118299308008,0.42571016546269425,0.26431301928459267,0.004573004388865748,0.0015455538276647938,1.0,baseline
right_cheek,baseline,logpos,0,1393,1032,1080,34.3999656,35.999964,1.0,0.0,bounded_log_projection,0.31139902848831114,0.31139902848831114,0.0024719106363370325,0.007938080758751692,0.0017160270433768084,0.21617656654411052,0.0594299529076655,0.007218609283754914,0.002125822098684181,1.0,baseline
right_cheek,baseline,logchrom,0,1393,1032,1080,34.3999656,35.999964,1.0,0.0,bounded_log_projection,1.3536672719420981,1.3536672719420981,0.009353702134052283,0.006909897526467183,0.002298741206572011,0.24575736682948365,0.08198162358700053,0.007218609283754914,0.002125822098684181,1.0,baseline
right_cheek,baseline,logpos,0,1393,1056,1104,35.1999648,36.7999632,1.0,0.0,bounded_log_projection,0.5742131788454935,0.5742131788454935,0.0024023102709701235,0.0041836557562126685,0.0013806154811188687,0.3300021707256087,0.16467217362849915,0.003381720765814207,0.0013907683607855257,1.0,baseline
right_cheek,baseline,logchrom,0,1393,1056,1104,35.1999648,36.7999632,1.0,0.0,bounded_log_projection,0.9438974148129253,0.9438974148129253,0.004588528594712023,0.00486125772006849,0.0021755982336605934,0.4475381390867591,0.26808029142575973,0.003381720765814207,0.0013907683607855257,1.0,baseline
right_cheek,baseline,logpos,0,1393,1080,1128,35.999964,37.599962399999995,1.0,0.0,bounded_log_projection,0.7030099845435342,0.7030099845435342,0.0023793568242563867,0.003384527782775813,0.0015281172996161007,0.45150088806859157,0.32669040004859023,0.001453041274120333,0.0012569594045373424,1.0,baseline
right_cheek,baseline,logchrom,0,1393,1080,1128,35.999964,37.599962399999995,1.0,0.0,bounded_log_projection,0.9980704150618109,0.9980704150618109,0.004170839247092652,0.004178902794984009,0.002458741255398329,0.588370052146125,0.531032864479902,0.001453041274120333,0.0012569594045373424,1.0,baseline
right_cheek,baseline,logpos,0,1393,1104,1152,36.7999632,38.3999616,1.0,0.0,bounded_log_projection,0.519095028391558,0.519095028391558,0.0023489464782480343,0.0045250798982343615,0.001574462462991006,0.34794136200895476,0.17830467464149186,0.0024194906440543154,0.001434282568596312,1.0,baseline
right_cheek,baseline,logchrom,0,1393,1104,1152,36.7999632,38.3999616,1.0,0.0,bounded_log_projection,1.1073394499097777,1.1073394499097777,0.005316862730267445,0.004801475040648687,0.0023372598586051474,0.4395937937798857,0.2682479325086267,0.0024194906440543154,0.001434282568596312,1.0,baseline
right_cheek,baseline,logpos,0,1393,1128,1176,37.599962399999995,39.1999608,1.0,0.0,bounded_log_projection,0.36351583461112186,0.36351583461112186,0.0037230730159194467,0.010241845502830095,0.0032896144939189094,0.3211935283548166,0.11948645678926614,0.005838045516141382,0.002852671431691935,1.0,baseline
right_cheek,baseline,logchrom,0,1393,1128,1176,37.599962399999995,39.1999608,1.0,0.0,bounded_log_projection,1.5411981363163445,1.5411981363163445,0.013132164747080366,0.008520750471751722,0.004162980624369054,0.3170064269331221,0.14987505833205947,0.005838045516141382,0.002852671431691935,1.0,baseline
right_cheek,baseline,logpos,0,1393,1152,1200,38.3999616,39.99996,1.0,0.0,bounded_log_projection,0.10020307823839092,0.25,0.002317268898949361,0.023125725673181396,0.004379221908715143,0.1893658158279405,0.0089306317538724,0.010262664633526836,0.005532270949023432,1.0,baseline
right_cheek,baseline,logchrom,0,1393,1152,1200,38.3999616,39.99996,1.0,0.0,bounded_log_projection,2.050870780105163,2.050870780105163,0.030150158671827694,0.014701149855127233,0.0025597036308825285,0.08489851276551706,0.01045176365695657,0.010262664633526836,0.005532270949023432,1.0,baseline
right_cheek,baseline,logpos,0,1393,1176,1224,39.1999608,40.799959199999996,1.0,0.0,bounded_log_projection,0.1397867678968176,0.25,0.001589024580465572,0.011367489243606354,0.0020817451537702646,0.18313148217326378,0.015912718422770804,0.007290077334555837,0.002756757445658431,1.0,baseline
right_cheek,baseline,logchrom,0,1393,1176,1224,39.1999608,40.799959199999996,1.0,0.0,bounded_log_projection,1.8934011562974367,1.8934011562974367,0.014554141460855808,0.007686771190800667,0.0016784538330193314,0.11532482610077884,0.019173962528139656,0.007290077334555837,0.002756757445658431,1.0,baseline
right_cheek,baseline,logpos,0,1393,1200,1248,39.99996,41.5999584,1.0,0.0,bounded_log_projection,0.34792580251739397,0.34792580251739397,0.002290744240434148,0.006584002174772956,0.0022248244562119244,0.3379136879292792,0.11791048982421203,0.004329587404075723,0.0018118684671824534,1.0,baseline
right_cheek,baseline,logchrom,0,1393,1200,1248,39.99996,41.5999584,1.0,0.0,bounded_log_projection,1.712773167708072,1.712773167708072,0.00874974056356806,0.005108522674532802,0.0026602878617278903,0.3040419132888039,0.13882562194571382,0.004329587404075723,0.0018118684671824534,1.0,baseline
right_cheek,baseline,logpos,0,1393,1224,1272,40.799959199999996,42.3999576,1.0,0.0,bounded_log_projection,0.1668143100112728,0.25,0.002074277514431491,0.012434649726940798,0.00239331580652788,0.1924715097798488,0.02341427372852907,0.006809406258427024,0.0030507594268780677,1.0,baseline
right_cheek,baseline,logchrom,0,1393,1224,1272,40.799959199999996,42.3999576,1.0,0.0,bounded_log_projection,1.8473418103289245,1.8473418103289245,0.015888015259508045,0.008600474027423836,0.0022280723197349423,0.14023603850717425,0.028374406422605053,0.006809406258427024,0.0030507594268780677,1.0,baseline
right_cheek,baseline,logpos,0,1393,1248,1296,41.5999584,43.199956799999995,1.0,0.0,bounded_log_projection,0.27272161749680435,0.27272161749680435,0.00320627752586639,0.011756594711103017,0.0024060929075125394,0.2046589991947419,0.05002711504881031,0.007253110226544565,0.003064656641269251,1.0,baseline
right_cheek,baseline,logchrom,0,1393,1248,1296,41.5999584,43.199956799999995,1.0,0.0,bounded_log_projection,1.4713745828019238,1.4713745828019238,0.014188991824579968,0.009643357979964568,0.0031016209736400976,0.2185934710503587,0.06651123432474348,0.007253110226544565,0.003064656641269251,1.0,baseline
right_cheek,baseline,logpos,0,1393,1272,1320,42.3999576,43.999956,1.0,0.0,bounded_log_projection,0.5231443019844852,0.5231443019844852,0.003209279850221091,0.006134597735361108,0.0017533684412160354,0.2858163675686919,0.12149969879726258,0.004242471513993931,0.0019512349486330012,1.0,baseline
right_cheek,baseline,logchrom,0,1393,1272,1320,42.3999576,43.999956,1.0,0.0,bounded_log_projection,0.9484491342568759,0.9484491342568759,0.006548336477431164,0.006904256897827086,0.002725942545239752,0.3948205557208717,0.19602775057967087,0.004242471513993931,0.0019512349486330012,1.0,baseline
right_cheek,baseline,logpos,0,1393,1296,1344,43.199956799999995,44.7999552,1.0,0.0,bounded_log_projection,0.43707965904364554,0.43707965904364554,0.0025362494491481813,0.005802716728336513,0.001625033011348452,0.280046931019896,0.11107291720295874,0.004093582553296699,0.001715439775720464,1.0,baseline
right_cheek,baseline,logchrom,0,1393,1296,1344,43.199956799999995,44.7999552,1.0,0.0,bounded_log_projection,1.1356241606454867,1.1356241606454867,0.006609382009134013,0.005820043495180001,0.0023546525474602716,0.35625910927923315,0.16542106735430687,0.004093582553296699,0.001715439775720464,1.0,baseline
right_cheek,baseline,logpos,0,1393,1320,1368,43.999956,45.599954399999994,1.0,0.0,bounded_log_projection,0.5128603326835511,0.5128603326835511,0.002394976896449858,0.004669842340736507,0.0016511013674686216,0.3535668330953154,0.1826334327048463,0.0026357008116032147,0.0014722464031940593,1.0,baseline
right_cheek,baseline,logchrom,0,1393,1320,1368,43.999956,45.599954399999994,1.0,0.0,bounded_log_projection,1.138935197910944,1.138935197910944,0.005558911997556034,0.004880797439355894,0.0024253194635444467,0.4362939122998771,0.2701853402146573,0.0026357008116032147,0.0014722464031940593,1.0,baseline
right_cheek,baseline,logpos,0,1393,1344,1392,44.7999552,46.399953599999996,1.0,0.0,bounded_log_projection,0.4198098348962948,0.4198098348962948,0.0023822992250219607,0.005674710373592028,0.0023139595888211776,0.4077669936406758,0.1756350828266691,0.003459923702359611,0.0016537564414382602,1.0,baseline
right_cheek,baseline,logchrom,0,1393,1344,1392,44.7999552,46.399953599999996,1.0,0.0,bounded_log_projection,1.714979667479826,1.714979667479826,0.007820167563405533,0.004559918529469986,0.002811622444783634,0.3595348081722211,0.19689509375866374,0.003459923702359611,0.0016537564414382602,1.0,baseline
right_cheek,baseline,logpos,0,1393,1345,1393,44.833288499999995,46.4332869,1.0,0.0,bounded_log_projection,0.41594524516178555,0.41594524516178555,0.0023514527651508133,0.005653274781963658,0.0022712617223699717,0.40176036190850994,0.17198338060770121,0.0034791256272130567,0.0016422800221472663,1.0,baseline
right_cheek,baseline,logchrom,0,1393,1345,1393,44.833288499999995,46.4332869,1.0,0.0,bounded_log_projection,1.700356594492353,1.700356594492353,0.007749238244132556,0.004557419466736103,0.0027687982103511643,0.3572994045508407,0.1946458774077106,0.0034791256272130567,0.0016422800221472663,1.0,baseline
forehead,active,logpos,0,1393,0,48,0.0,1.5999983999999998,1.0,0.0,bounded_log_projection,0.8880820717833778,0.8880820717833778,0.007979850201553363,0.008985487327234119,0.005673605394137615,0.6314187742429374,0.7335994654870445,0.0024266873341962053,0.003885678906972076,1.0,tracked
forehead,active,logchrom,0,1393,0,48,0.0,1.5999983999999998,1.0,0.0,bounded_log_projection,1.170977830937912,1.170977830937912,0.013721904609054652,0.011718329968778222,0.009188494417433574,0.6696223796345572,0.7149014024492665,0.0024266873341962053,0.003885678906972076,1.0,tracked
forehead,active,logpos,0,1393,24,72,0.7999991999999999,2.3999976,1.0,0.0,bounded_log_projection,0.75734002967057,0.75734002967057,0.013553826674532152,0.01789661993758317,0.005257971569685797,0.2937969062327785,0.11917765264035478,0.01452115181510336,0.006957839933645104,1.0,tracked
forehead,active,logchrom,0,1393,24,72,0.7999991999999999,2.3999976,1.0,0.0,bounded_log_projection,0.619952200980117,0.619952200980117,0.01601794337574262,0.025837384479672723,0.009540956751467409,0.36926944981500165,0.2096197477920289,0.01452115181510336,0.006957839933645104,1.0,tracked
forehead,active,logpos,0,1393,48,96,1.5999983999999998,3.1999967999999996,1.0,0.0,bounded_log_projection,0.8902912875935436,0.8902912875935436,0.010044066459226515,0.011281775525823257,0.005767453304776222,0.5112185835974925,0.40426152608054033,0.008696118217810519,0.004887218432509789,1.0,tracked
forehead,active,logchrom,0,1393,48,96,1.5999983999999998,3.1999967999999996,1.0,0.0,bounded_log_projection,0.8689296199939187,0.8689296199939187,0.01424738688116586,0.016396479707143106,0.010228373336528823,0.6238152041912292,0.7078444401674924,0.008696118217810519,0.004887218432509789,1.0,tracked
forehead,active,logpos,0,1393,72,120,2.3999976,3.999996,1.0,0.0,bounded_log_projection,0.9728290731634892,0.9728290731634892,0.0063395460664548015,0.006516608355298821,0.003521084034134645,0.5403246354787551,0.4280890224171723,0.005075327829574325,0.0030095746971813705,1.0,tracked
forehead,active,logchrom,0,1393,72,120,2.3999976,3.999996,1.0,0.0,bounded_log_projection,0.8409311385870848,0.8409311385870848,0.008464894131688563,0.010066096667452586,0.006476799231112508,0.643427084507781,0.7069031984372556,0.005075327829574325,0.0030095746971813705,1.0,tracked
forehead,active,logpos,0,1393,96,144,3.1999967999999996,4.7999952,1.0,0.0,bounded_log_projection,1.1089369608200768,1.1089369608200768,0.011824602159226781,0.0106630066243642,0.002958732546151154,0.2502183588343769,0.07390317464805715,0.009657180574830927,0.005442443073469482,1.0,tracked
forehead,active,logchrom,0,1393,96,144,3.1999967999999996,4.7999952,1.0,0.0,bounded_log_projection,0.35562173129754165,0.35562173129754165,0.00724835415240312,0.020382202532888985,0.0067149757764725995,0.3294529021403466,0.11927794267607737,0.009657180574830927,0.005442443073469482,1.0,tracked
forehead,active,logpos,0,1393,120,168,3.999996,5.5999944,1.0,0.0,bounded_log_projection,0.9470445830760392,0.9470445830760392,0.007818876456169225,0.008256080649100168,0.0024966331847919602,0.3023993212886152,0.10657485209650468,0.005813708992452562,0.003738444082138379,1.0,tracked
forehead,active,logchrom,0,1393,120,168,3.999996,5.5999944,1.0,0.0,bounded_log_projection,0.47238820156393607,0.47238820156393607,0.006590858530350902,0.013952208180751637,0.005068231916326043,0.3632566150581195,0.18131849202678002,0.005813708992452562,0.003738444082138379,1.0,tracked
forehead,active,logpos,0,1393,144,192,4.7999952,6.399993599999999,1.0,0.0,bounded_log_projection,0.6756449275323099,0.6756449275323099,0.005581238185662841,0.008260608432372108,0.0034076839838308058,0.4125221539949278,0.2669253214348069,0.002750320808502585,0.0029971125987104503,1.0,tracked
forehead,active,logchrom,0,1393,144,192,4.7999952,6.399993599999999,1.0,0.0,bounded_log_projection,0.9502731328522653,0.9502731328522653,0.009688121505274781,0.010195091464067468,0.0055131099275839285,0.540761203272658,0.4419396256530352,0.002750320808502585,0.0029971125987104503,1.0,tracked
forehead,active,logpos,0,1393,168,216,5.5999944,7.1999927999999995,1.0,0.0,bounded_log_projection,1.2758378416942584,1.2758378416942584,0.006426921339544994,0.00503741238072255,0.0041380731401674045,0.6438655339852607,0.6008223916992387,0.0018490856957467338,0.0028799255122268675,1.0,tracked
forehead,active,logchrom,0,1393,168,216,5.5999944,7.1999927999999995,1.0,0.0,bounded_log_projection,1.1537011108475406,1.1537011108475406,0.009631801868205161,0.00834861107235077,0.007559879924318606,0.7848873998616993,0.38166287349061806,0.0018490856957467338,0.0028799255122268675,1.0,tracked
forehead,active,logpos,0,1393,192,240,6.399993599999999,7.999992,1.0,0.0,bounded_log_projection,1.51403584827033,1.51403584827033,0.007208602579973712,0.004761183553354426,0.003039114625945844,0.42159553009467293,0.2798721726537564,0.0020096144008065918,0.0031496095198606552,1.0,tracked
forehead,active,logchrom,0,1393,192,240,6.399993599999999,7.999992,1.0,0.0,bounded_log_projection,0.685907688724795,0.685907688724795,0.007221445607918405,0.010528305377862366,0.007188207088810212,0.6827506261287496,0.31229957175168,0.0020096144008065918,0.0031496095198606552,1.0,tracked
forehead,active,logpos,0,1393,216,264,7.1999927999999995,8.7999912,1.0,0.0,bounded_log_projection,1.0750290302374579,1.0750290302374579,0.007939481898823776,0.007385365116205338,0.00347468346377447,0.437646122008193,0.2574269558919599,0.0022538544815539877,0.0036791434417153997,1.0,tracked
forehead,active,logchrom,0,1393,216,264,7.1999927999999995,8.7999912,1.0,0.0,bounded_log_projection,0.6380717044262156,0.6380717044262156,0.008253187745441256,0.012934577239814943,0.0070932815639031446,0.5483968615587029,0.4070577596046575,0.0022538544815539877,0.0036791434417153997,1.0,tracked
forehead,active,logpos,0,1393,240,288,7.999992,9.5999904,1.0,0.0,bounded_log_projection,0.5984565670012739,0.5984565670012739,0.005874804414721036,0.009816592779921038,0.005918491113652703,0.6029068584528072,0.29864875439358485,0.002551901191866297,0.0033325455280750578,1.0,tracked
forehead,active,logchrom,0,1393,240,288,7.999992,9.5999904,1.0,0.0,bounded_log_projection,2.017535241786262,2.017535241786262,0.015856976927942593,0.00785957865791892,0.0070245642330215834,0.44299517272066846,0.2411069201232633,0.002551901191866297,0.0033325455280750578,1.0,tracked
forehead,active,logpos,0,1393,264,312,8.7999912,10.3999896,1.0,0.0,bounded_log_projection,1.647931890758723,1.647931890758723,0.009310381953143524,0.005649737107069964,0.003562570923819516,0.38264498081270043,0.2254011070111092,0.002636619582003199,0.004027469330314738,1.0,tracked
forehead,active,logchrom,0,1393,264,312,8.7999912,10.3999896,1.0,0.0,bounded_log_projection,0.6397536846102679,0.6397536846102679,0.008669510619253182,0.013551325811487226,0.009080571338642375,0.6700873010480591,0.24895696290943936,0.002636619582003199,0.004027469330314738,1.0,tracked
forehead,active,logpos,0,1393,288,336,9.5999904,11.1999888,1.0,0.0,bounded_log_projection,1.3298688234991645,1.3298688234991645,0.011590171218672916,0.008715274028438939,0.0034150976185246492,0.29465463055650015,0.1204273815540832,0.0036050474764572106,0.005158338492325069,1.0,tracked
forehead,active,logchrom,0,1393,288,336,9.5999904,11.1999888,1.0,0.0,bounded_log_projection,0.42687781559902205,0.42687781559902205,0.007967144187973554,0.018663757864281497,0.008539261514912624,0.45753173487398124,0.1747668671975464,0.0036050474764572106,0.005158338492325069,1.0,tracked
forehead,active,logpos,0,1393,312,360,10.3999896,11.999988,1.0,0.0,bounded_log_projection,1.059526683035433,1.059526683035433,0.007575140082769884,0.007149551025055735,0.002900060941204247,0.38283924911179024,0.1831315999132712,0.00267177276774472,0.003521870728278086,1.0,tracked
forehead,active,logchrom,0,1393,312,360,10.3999896,11.999988,1.0,0.0,bounded_log_projection,0.5492994472837655,0.5492994472837655,0.006980322200227919,0.012707681092243878,0.006060127489570096,0.4768869666763112,0.2966581878747218,0.00267177276774472,0.003521870728278086,1.0,tracked
forehead,active,logpos,0,1393,336,384,11.1999888,12.799987199999999,1.0,0.0,bounded_log_projection,1.2474741627221977,1.2474741627221977,0.006610106166149196,0.005298792042093149,0.0023405750979507375,0.3540903941811074,0.17538769251652594,0.0033379100927030205,0.0029735660193765906,1.0,tracked
forehead,active,logchrom,0,1393,336,384,11.1999888,12.799987199999999,1.0,0.0,bounded_log_projection,0.5140035716898365,0.5140035716898365,0.005457392883093028,0.01061742210302415,0.005390594819294109,0.5077122080093917,0.2579296533171051,0.0033379100927030205,0.0029735660193765906,1.0,tracked
forehead,active,logpos,0,1393,360,408,11.999988,13.599986399999999,1.0,0.0,bounded_log_projection,1.0815560049367936,1.0815560049367936,0.006809290837017264,0.006295828238145837,0.00352999501175494,0.5184086120341449,0.4047115653381813,0.0024496419690367604,0.0031511618519867337,1.0,tracked
forehead,active,logchrom,0,1393,360,408,11.999988,13.599986399999999,1.0,0.0,bounded_log_projection,0.7851263359011995,0.7851263359011995,0.008311005483209,0.010585564517676374,0.006867183220413561,0.6487309400406894,0.5972275219672232,0.0024496419690367604,0.0031511618519867337,1.0,tracked
forehead,active,logpos,0,1393,384,432,12.799987199999999,14.399985599999999,1.0,0.0,bounded_log_projection,1.1351192637577512,1.1351192637577512,0.008544154713356142,0.007527098681306119,0.006387893237771928,0.7476331424320342,0.5388373408668946,0.0026975024914357125,0.003913402567924024,1.0,tracked
forehead,active,logchrom,0,1393,384,432,12.799987199999999,14.399985599999999,1.0,0.0,bounded_log_projection,1.4319891540868885,1.4319891540868885,0.014856941150517219,0.0103750374841287,0.01033120909835761,0.6953792839112072,0.30664508010440505,0.0026975024914357125,0.003913402567924024,1.0,tracked
forehead,active,logpos,0,1393,408,456,13.599986399999999,15.1999848,1.0,0.0,bounded_log_projection,0.7497987260116368,0.7497987260116368,0.005327414766305135,0.007105126457926862,0.0039968186838192305,0.5625260447490226,0.5265853440024825,0.002628129807477614,0.0027449637344282214,1.0,tracked
forehead,active,logchrom,0,1393,408,456,13.599986399999999,15.1999848,1.0,0.0,bounded_log_projection,1.227258231284015,1.227258231284015,0.010206173499244865,0.008316239597404605,0.006108672770133975,0.5985272316393547,0.6265731458530807,0.002628129807477614,0.0027449637344282214,1.0,tracked
forehead,active,logpos,0,1393,432,480,14.399985599999999,15.999984,1.0,0.0,bounded_log_projection,1.0971220230702787,1.0971220230702787,0.012280532369140848,0.011193406121567016,0.0026588255247952533,0.2165073504041638,0.053822156206079795,0.004600061129910621,0.005665327128001634,1.0,tracked
forehead,active,logchrom,0,1393,432,480,14.399985599999999,15.999984,1.0,0.0,bounded_log_projection,0.3126427578690167,0.3126427578690167,0.006691415476445275,0.02140275220847648,0.0060455514226356085,0.28246607556579995,0.08747718148316903,0.004600061129910621,0.005665327128001634,1.0,tracked
forehead,active,logpos,0,1393,456,504,15.1999848,16.7999832,1.0,0.0,bounded_log_projection,0.9138259735645673,0.9138259735645673,0.0070169295948606355,0.007678627876475922,0.0038408699274264614,0.5002026389627849,0.37139919994367226,0.003260188863193966,0.0033884872803450726,1.0,tracked
forehead,active,logchrom,0,1393,456,504,15.1999848,16.7999832,1.0,0.0,bounded_log_projection,0.8206941851930992,0.8206941851930992,0.00944537293520538,0.01150900433513246,0.006967835384101872,0.6054246901994653,0.6427494625385762,0.003260188863193966,0.0033884872803450726,1.0,tracked
forehead,active,logpos,0,1393,480,528,15.999984,17.5999824,1.0,0.0,bounded_log_projection,0.5244956453977797,0.5244956453977797,0.0051390859282669475,0.009798147941475172,0.003418464667929191,0.34888886025684157,0.17998184907224501,0.009522716671650127,0.0031201345734632115,1.0,tracked
forehead,active,logchrom,0,1393,480,528,15.999984,17.5999824,1.0,0.0,bounded_log_projection,1.0967701062532496,1.0967701062532496,0.011482555470720178,0.01046942782744737,0.005096402990714862,0.443838743362519,0.27224829876661844,0.009522716671650127,0.0031201345734632115,1.0,tracked
forehead,active,logpos,0,1393,504,552,16.7999832,18.3999816,1.0,0.0,bounded_log_projection,0.5393386935445539,0.5393386935445539,0.007104550575999396,0.013172706985490001,0.004528881931108984,0.34380799148554947,0.1767114626147998,0.00965163863252056,0.004248817652440219,1.0,tracked
forehead,active,logchrom,0,1393,504,552,16.7999832,18.3999816,1.0,0.0,bounded_log_projection,1.0487874643461796,1.0487874643461796,0.01515067482944851,0.01444589618440332,0.006869170881948407,0.4533904238111384,0.2739514567835701,0.00965163863252056,0.004248817652440219,1.0,tracked
forehead,active,logpos,0,1393,528,576,17.5999824,19.1999808,1.0,0.0,bounded_log_projection,0.842569358143815,0.842569358143815,0.00827013398518377,0.009815374728797309,0.007116732507913136,0.7250596848873603,0.5327039630592413,0.008213962593205509,0.004092859157289732,1.0,tracked
forehead,active,logchrom,0,1393,528,576,17.5999824,19.1999808,1.0,0.0,bounded_log_projection,1.6443297028105177,1.6443297028105177,0.017184651983938152,0.010450855418208305,0.010003219152660734,0.5821019338657755,0.34375359269169836,0.008213962593205509,0.004092859157289732,1.0,tracked
forehead,active,logpos,0,1393,552,600,18.3999816,19.99998,1.0,0.0,bounded_log_projection,0.7447501885770881,0.7447501885770881,0.008724667735777084,0.011714891610093234,0.0027651818408613916,0.23603989971866113,0.07487735777615662,0.004349249005349523,0.004506773708882625,1.0,tracked
forehead,active,logchrom,0,1393,552,600,18.3999816,19.99998,1.0,0.0,bounded_log_projection,0.5528430128153811,0.5528430128153811,0.009445389907938041,0.017085121253205163,0.005066799762929464,0.29656211904138136,0.13169147576863074,0.004349249005349523,0.004506773708882625,1.0,tracked
forehead,active,logpos,0,1393,576,624,19.1999808,20.7999792,1.0,0.0,bounded_log_projection,0.7308010194413912,0.7308010194413912,0.013660326135259736,0.018692264750398677,0.0023586399938807143,0.12618267638384525,0.020641600242504488,0.010377266967976369,0.007107172792577531,1.0,tracked
forehead,active,logchrom,0,1393,576,624,19.1999808,20.7999792,1.0,0.0,bounded_log_projection,0.4530304338707446,0.4530304338707446,0.012540100427142127,0.027680481242723706,0.004362502369407116,0.1576021143257354,0.036293278602783176,0.010377266967976369,0.007107172792577531,1.0,tracked
forehead,active,logpos,0,1393,600,648,19.99998,21.599978399999998,1.0,0.0,bounded_log_projection,0.8782379949851818,0.8782379949851818,0.0137614688927526,0.015669407348955326,0.0032359655794174007,0.2065148673049936,0.05032109675431939,0.009801777405663759,0.006723360621850453,1.0,tracked
forehead,active,logchrom,0,1393,600,648,19.99998,21.599978399999998,1.0,0.0,bounded_log_projection,0.40153532601428077,0.40153532601428077,0.010340975588188575,0.025753588584185475,0.0064339083280572935,0.24982570126200462,0.08700436924335818,0.009801777405663759,0.006723360621850453,1.0,tracked
forehead,active,logpos,0,1393,624,672,20.7999792,22.3999776,1.0,0.0,bounded_log_projection,1.213712082045407,1.213712082045407,0.006421449731919417,0.005290752087676078,0.0033946874029021283,0.5286481315937098,0.4665248570506968,0.0032745816814156573,0.0029030358404029456,1.0,tracked
forehead,active,logchrom,0,1393,624,672,20.7999792,22.3999776,1.0,0.0,bounded_log_projection,0.834913025424443,0.834913025424443,0.007901870819351299,0.009464304159507202,0.00678981964737798,0.717413507950015,0.540422266736449,0.0032745816814156573,0.0029030358404029456,1.0,tracked
forehead,active,logpos,0,1393,648,696,21.599978399999998,23.199976799999998,1.0,0.0,bounded_log_projection,0.7098885168178496,0.7098885168178496,0.0053779322635163175,0.007575742015976633,0.003446313343313074,0.4549142956617418,0.3323069050179527,0.0034571197513157898,0.002829981678244018,1.0,tracked
forehead,active,logchrom,0,1393,648,696,21.599978399999998,23.199976799999998,1.0,0.0,bounded_log_projection,0.9946858447238043,0.9946858447238043,0.009355704484425647,0.009405687769713319,0.005561942296067611,0.5913381809225352,0.5420907384530845,0.0034571197513157898,0.002829981678244018,1.0,tracked
forehead,active,logpos,0,1393,672,720,22.3999776,23.999976,1.0,0.0,bounded_log_projection,0.8464732816386289,0.8464732816386289,0.010351427146669735,0.012228888225073242,0.004408265460618744,0.3604796592694625,0.175725234355434,0.005548283815307672,0.0051153464047998,1.0,tracked
forehead,active,logchrom,0,1393,672,720,22.3999776,23.999976,1.0,0.0,bounded_log_projection,0.6358133423691318,0.6358133423691318,0.011824142048974319,0.01859687625446152,0.008237232565098684,0.4429363540622858,0.3072537815813032,0.005548283815307672,0.0051153464047998,1.0,tracked
forehead,active,logpos,0,1393,696,744,23.199976799999998,24.7999752,1.0,0.0,bounded_log_projection,2.302303949306234,2.302303949306234,0.016615713798301714,0.0072169940043357965,0.0034955066130949717,0.21037354491819943,0.06417422219925047,0.004116420268929223,0.006993373202697921,1.0,tracked
forehead,active,logchrom,0,1393,696,744,23.199976799999998,24.7999752,1.0,0.0,bounded_log_projection,0.46550752121454064,0.46550752121454064,0.011228072308222075,0.024120066371703885,0.014377491944323905,0.5960801153180347,0.07068630908488008,0.004116420268929223,0.006993373202697921,1.0,tracked
forehead,active,logpos,0,1393,720,768,23.999976,25.599974399999997,1.0,0.0,bounded_log_projection,1.2253074286831485,1.2253074286831485,0.009060465663421391,0.007394442775197058,0.0030781694262457453,0.33973633813026055,0.15749653823718196,0.007874498622945163,0.0040889682077360975,1.0,tracked
forehead,active,logchrom,0,1393,720,768,23.999976,25.599974399999997,1.0,0.0,bounded_log_projection,0.48847278879601386,0.48847278879601386,0.0071899564397678185,0.014719256844356878,0.00709251318356857,0.48185266814524835,0.2362573470343006,0.007874498622945163,0.0040889682077360975,1.0,tracked
forehead,active,logpos,0,1393,744,792,24.7999752,26.3999736,1.0,0.0,bounded_log_projection,1.1633779690349155,1.1633779690349155,0.010070611960973811,0.008656354365493035,0.0036034957189450397,0.3578229141296978,0.1705930142929138,0.014357958747240667,0.004589747915533033,1.0,tracked
forehead,active,logchrom,0,1393,744,792,24.7999752,26.3999736,1.0,0.0,bounded_log_projection,0.5128944049386486,0.5128944049386486,0.008474429307889591,0.016522756392523496,0.00798779514492185,0.4834420453318737,0.2629339929750243,0.014357958747240667,0.004589747915533033,1.0,tracked
forehead,active,logpos,0,1393,768,816,25.599974399999997,27.199972799999998,1.0,0.0,bounded_log_projection,1.1322576612590467,1.1322576612590467,0.0072402442021008585,0.006394519948798455,0.00388258601031438,0.5362506984485127,0.4650072471509568,0.005263390915910925,0.003317908424944736,1.0,tracked
forehead,active,logchrom,0,1393,768,816,25.599974399999997,27.199972799999998,1.0,0.0,bounded_log_projection,0.8312232215294323,0.8312232215294323,0.009075292995324306,0.01091799742868825,0.007564987084727914,0.6928914513984104,0.6071709646480993,0.005263390915910925,0.003317908424944736,1.0,tracked
forehead,active,logpos,0,1393,792,840,26.3999736,27.999972,1.0,0.0,bounded_log_projection,0.680132904335023,0.680132904335023,0.006157665724990831,0.009053621263937054,0.003679382563768929,0.4063989929007605,0.2580148090911047,0.009240431737971743,0.0032974619830425283,1.0,tracked
forehead,active,logchrom,0,1393,792,840,26.3999736,27.999972,1.0,0.0,bounded_log_projection,0.9284975355148409,0.9284975355148409,0.010482875410278697,0.011290148879572488,0.005997396795064319,0.53120617443013,0.43140200259096373,0.009240431737971743,0.0032974619830425283,1.0,tracked
forehead,active,logpos,0,1393,816,864,27.199972799999998,28.799971199999998,1.0,0.0,bounded_log_projection,0.7659117295528074,0.7659117295528074,0.010660552775533034,0.013918774663181366,0.006463024966270835,0.4643386449359763,0.34443719827910235,0.014205913090287537,0.0054501500721651636,1.0,tracked
forehead,active,logchrom,0,1393,816,864,27.199972799999998,28.799971199999998,1.0,0.0,bounded_log_projection,0.9278162891864138,0.9278162891864138,0.017004032964657474,0.018326939462949093,0.010817966222183914,0.59027674773817,0.5895121451089546,0.014205913090287537,0.0054501500721651636,1.0,tracked
forehead,active,logpos,0,1393,840,888,27.999972,29.5999704,1.0,0.0,bounded_log_projection,0.3752870176787403,0.3752870176787403,0.006103250201117238,0.016262886573768582,0.005454568155687145,0.3353997539701935,0.12987917416909442,0.015765502741511717,0.004571836907533723,1.0,tracked
forehead,active,logchrom,0,1393,840,888,27.999972,29.5999704,1.0,0.0,bounded_log_projection,1.5527418728374478,1.5527418728374478,0.021040133023909557,0.013550309547240624,0.0068911956062592625,0.3275262375208491,0.16118338831374526,0.015765502741511717,0.004571836907533723,1.0,tracked
forehead,active,logpos,0,1393,864,912,28.799971199999998,30.3999696,1.0,0.0,bounded_log_projection,0.8750569099682145,0.8750569099682145,0.004723011717344257,0.0053973766317848,0.003129362726450596,0.5797932847639318,0.5844413655251539,0.004939246990209333,0.0023100287823104677,1.0,tracked
forehead,active,logchrom,0,1393,864,912,28.799971199999998,30.3999696,1.0,0.0,bounded_log_projection,1.048824596320002,1.048824596320002,0.007653754062200734,0.007297458592271164,0.005231817865967315,0.6835623177135347,0.9022481517263937,0.004939246990209333,0.0023100287823104677,1.0,tracked
forehead,active,logpos,0,1393,888,936,29.5999704,31.199968799999997,1.0,0.0,bounded_log_projection,1.006971472321222,1.006971472321222,0.0063840932855703855,0.0063398948838680426,0.00338259075014577,0.5298466984796814,0.3940693494943896,0.004602159233868281,0.003004295150974969,1.0,tracked
forehead,active,logchrom,0,1393,888,936,29.5999704,31.199968799999997,1.0,0.0,bounded_log_projection,0.7962156842668655,0.7962156842668655,0.008081180916238936,0.01014948722553723,0.0063868393472590644,0.6292770467446939,0.6337939060186981,0.004602159233868281,0.003004295150974969,1.0,tracked
forehead,active,logpos,0,1393,912,960,30.3999696,31.999968,1.0,0.0,bounded_log_projection,1.1386817236106257,1.1386817236106257,0.009193665732104214,0.008073955646668485,0.0044804459235127025,0.4873405292371048,0.35956042038310115,0.0033107344594818615,0.004208187974818799,1.0,tracked
forehead,active,logchrom,0,1393,912,960,30.3999696,31.999968,1.0,0.0,bounded_log_projection,0.7347984705621433,0.7347984705621433,0.010487396191208306,0.014272479613607697,0.0090546289230005,0.6344117608244902,0.5145322781463149,0.0033107344594818615,0.004208187974818799,1.0,tracked
forehead,active,logpos,0,1393,936,984,31.199968799999997,32.7999672,1.0,0.0,bounded_log_projection,1.2543795523484316,1.2543795523484316,0.009715499405887482,0.007745262897261249,0.0043656500556961235,0.44934901164736724,0.3120142985969395,0.0037244518695638378,0.00436629695295613,1.0,tracked
forehead,active,logchrom,0,1393,936,984,31.199968799999997,32.7999672,1.0,0.0,bounded_log_projection,0.6832762322953496,0.6832762322953496,0.01016525111524957,0.01487722041947976,0.009391323227851375,0.6312552320294101,0.4160220078884868,0.0037244518695638378,0.00436629695295613,1.0,tracked
forehead,active,logpos,0,1393,960,1008,31.999968,33.5999664,1.0,0.0,bounded_log_projection,1.165996788201706,1.165996788201706,0.006679473978177946,0.005728552639051063,0.003307905615799981,0.4952344490909036,0.3826207955759816,0.0049092832722191755,0.0030428644510454273,1.0,tracked
forehead,active,logchrom,0,1393,960,1008,31.999968,33.5999664,1.0,0.0,bounded_log_projection,0.7550719121053188,0.7550719121053188,0.007721547875028304,0.010226241701268964,0.006701481158520105,0.6553219994485877,0.5219474564254778,0.0049092832722191755,0.0030428644510454273,1.0,tracked
forehead,active,logpos,0,1393,984,1032,32.7999672,34.3999656,1.0,0.0,bounded_log_projection,0.7370769071447436,0.7370769071447436,0.006357130737548349,0.00862478620063451,0.003798882077377727,0.4404610142218076,0.30655503661577765,0.0059031525811739415,0.003296684113953675,1.0,tracked
forehead,active,logchrom,0,1393,984,1032,32.7999672,34.3999656,1.0,0.0,bounded_log_projection,0.9162330069062251,0.9162330069062251,0.01025762436182353,0.011195432040218323,0.006322530497796166,0.564741983612887,0.5224063104818724,0.0059031525811739415,0.003296684113953675,1.0,tracked
forehead,active,logpos,0,1393,1008,1056,33.5999664,35.1999648,1.0,0.0,bounded_log_projection,1.6514755095693365,1.6514755095693365,0.0108099160973217,0.006545610900485382,0.006353866421317935,0.5877812893378691,0.3325562187404634,0.003670212382272339,0.004675039394688191,1.0,tracked
forehead,active,logchrom,0,1393,1008,1056,33.5999664,35.1999648,1.0,0.0,bounded_log_projection,1.154957707732239,1.154957707732239,0.015280234052856705,0.013230124315858686,0.0128379887192632,0.8401696384266497,0.2132850689013543,0.003670212382272339,0.004675039394688191,1.0,tracked
forehead,active,logpos,0,1393,1032,1080,34.3999656,35.999964,1.0,0.0,bounded_log_projection,0.4843726658560731,0.4843726658560731,0.005488521719993746,0.011331196219120692,0.003983925234466727,0.3515891135786794,0.17514332920212564,0.0025788856109020325,0.0034862238387428786,1.0,tracked
forehead,active,logchrom,0,1393,1032,1080,34.3999656,35.999964,1.0,0.0,bounded_log_projection,1.210684421094249,1.210684421094249,0.013740602721634269,0.011349450345792957,0.005695538487665871,0.4145042690666236,0.24983185617282525,0.0025788856109020325,0.0034862238387428786,1.0,tracked
forehead,active,logpos,0,1393,1056,1104,35.1999648,36.7999632,1.0,0.0,bounded_log_projection,0.9701069959349246,0.9701069959349246,0.008065075116767033,0.008313593398009104,0.003440910126306039,0.4138896337088184,0.21420667729682236,0.0026476802238061432,0.0038315368624142403,1.0,tracked
forehead,active,logchrom,0,1393,1056,1104,35.1999648,36.7999632,1.0,0.0,bounded_log_projection,0.6194057326850044,0.6194057326850044,0.008501715114108448,0.013725599660266546,0.0067782955451161165,0.49384330833560713,0.3608052305406217,0.0026476802238061432,0.0038315368624142403,1.0,tracked
forehead,active,logpos,0,1393,1080,1128,35.999964,37.599962399999995,1.0,0.0,bounded_log_projection,1.0294742643592845,1.0294742643592845,0.007234485761155217,0.00702735950923237,0.004966990428113712,0.6865713185563825,0.9208472339745912,0.0033164736589824267,0.003386223185834292,1.0,tracked
forehead,active,logchrom,0,1393,1080,1128,35.999964,37.599962399999995,1.0,0.0,bounded_log_projection,1.1625479904583942,1.1625479904583942,0.011669019399181427,0.010037451782597222,0.008417949210205703,0.7213930256038665,0.5855422807256069,0.0033164736589824267,0.003386223185834292,1.0,tracked
forehead,active,logpos,0,1393,1104,1152,36.7999632,38.3999616,1.0,0.0,bounded_log_projection,0.8374473621394007,0.8374473621394007,0.0068242095540033835,0.008148822078285359,0.005255164289116859,0.6448986416233827,0.7013134463866572,0.005155988389110077,0.0033838900147480176,1.0,tracked
forehead,active,logchrom,0,1393,1104,1152,36.7999632,38.3999616,1.0,0.0,bounded_log_projection,1.3151218090972103,1.3151218090972103,0.012836663686065956,0.00976081728496155,0.008046188492784436,0.6268130637027187,0.572206167547665,0.005155988389110077,0.0033838900147480176,1.0,tracked
forehead,active,logpos,0,1393,1128,1176,37.599962399999995,39.1999608,1.0,0.0,bounded_log_projection,0.5060934774575975,0.5060934774575975,0.007271498675551219,0.014367896444902224,0.004403157206713486,0.30645802770075925,0.13864939056101164,0.01169813720977715,0.004503458715359559,1.0,tracked
forehead,active,logchrom,0,1393,1128,1176,37.599962399999995,39.1999608,1.0,0.0,bounded_log_projection,1.0310845391851557,1.0310845391851557,0.01603532268251952,0.015551899066580804,0.006662468491420954,0.41548702345004046,0.2162853647198757,0.01169813720977715,0.004503458715359559,1.0,tracked
forehead,active,logpos,0,1393,1152,1200,38.3999616,39.99996,1.0,0.0,bounded_log_projection,0.4638013393038634,0.4638013393038634,0.011783252070914053,0.025405817259173877,0.004502164130358526,0.1772099706311484,0.04595932663540019,0.028244411675144993,0.00768111189399989,1.0,tracked
forehead,active,logchrom,0,1393,1152,1200,38.3999616,39.99996,1.0,0.0,bounded_log_projection,0.8726175530826538,0.8726175530826538,0.024756353829059826,0.028370222145548477,0.007064971904484726,0.24902772591060865,0.07524785764249206,0.028244411675144993,0.00768111189399989,1.0,tracked
forehead,active,logpos,0,1393,1176,1224,39.1999608,40.799959199999996,1.0,0.0,bounded_log_projection,0.7182035518929116,0.7182035518929116,0.00813761624804433,0.011330515181380913,0.0035635360935503835,0.31450786098466493,0.14238653204325036,0.006856239266870565,0.004262517310989994,1.0,tracked
forehead,active,logchrom,0,1393,1176,1224,39.1999608,40.799959199999996,1.0,0.0,bounded_log_projection,0.6965707553334656,0.6965707553334656,0.010870887557296744,0.015606293365119215,0.006260048894106542,0.4011233639948125,0.24962084280244223,0.006856239266870565,0.004262517310989994,1.0,tracked
forehead,active,logpos,0,1393,1200,1248,39.99996,41.5999584,1.0,0.0,bounded_log_projection,0.6045727174481812,0.6045727174481812,0.0058509766962506725,0.009677870878703964,0.004355889160680287,0.45008754665919004,0.30769641700198974,0.003690346839699034,0.0033028856881779367,1.0,tracked
forehead,active,logchrom,0,1393,1200,1248,39.99996,41.5999584,1.0,0.0,bounded_log_projection,1.201866654443071,1.201866654443071,0.012549069840228116,0.010441316259034734,0.006430273682659786,0.5124103829629254,0.4275059319725111,0.003690346839699034,0.0033028856881779367,1.0,tracked
forehead,active,logpos,0,1393,1224,1272,40.799959199999996,42.3999576,1.0,0.0,bounded_log_projection,0.42431949149646914,0.42431949149646914,0.009112293956177846,0.021475077480039993,0.003315243598465649,0.15437632770112245,0.03467407579675902,0.006959319462185449,0.006281722411555549,1.0,tracked
forehead,active,logchrom,0,1393,1224,1272,40.799959199999996,42.3999576,1.0,0.0,bounded_log_projection,0.9193774454061703,0.9193774454061703,0.02124002013791265,0.0231026117119167,0.005107550425282403,0.22108108334123305,0.05581041110261752,0.006959319462185449,0.006281722411555549,1.0,tracked
forehead,active,logpos,0,1393,1248,1296,41.5999584,43.199956799999995,1.0,0.0,bounded_log_projection,0.5757477123451731,0.5757477123451731,0.010177857372158086,0.017677634064234445,0.0033612204772423674,0.19013972486526465,0.05227045221719776,0.007523047931298102,0.00588437237365474,1.0,tracked
forehead,active,logchrom,0,1393,1248,1296,41.5999584,43.199956799999995,1.0,0.0,bounded_log_projection,0.702511364859055,0.702511364859055,0.015630689075039894,0.02224973125975817,0.005642796466422801,0.2536118931300805,0.08990671723748692,0.007523047931298102,0.00588437237365474,1.0,tracked
forehead,active,logpos,0,1393,1272,1320,42.3999576,43.999956,1.0,0.0,bounded_log_projection,0.7346946062981068,0.7346946062981068,0.006187344668321982,0.008421655222838848,0.0031263515376157703,0.3712276808883553,0.20529154882879103,0.0027625911218813414,0.003212596551304863,1.0,tracked
forehead,active,logchrom,0,1393,1272,1320,42.3999576,43.999956,1.0,0.0,bounded_log_projection,0.7762887279226576,0.7762887279226576,0.008876595099745659,0.011434656694680285,0.005407556099503685,0.4729093530214534,0.3587293424187262,0.0027625911218813414,0.003212596551304863,1.0,tracked
forehead,active,logpos,0,1393,1296,1344,43.199956799999995,44.7999552,1.0,0.0,bounded_log_projection,0.46113378572277347,0.46113378572277347,0.005860947065392101,0.012709862618731674,0.0035263988126553623,0.2774537316759183,0.11136987236237844,0.002169474680563995,0.0038340050809754314,1.0,tracked
forehead,active,logchrom,0,1393,1296,1344,43.199956799999995,44.7999552,1.0,0.0,bounded_log_projection,1.067215277936825,1.067215277936825,0.014129847504532634,0.01323992243800043,0.005234569867088131,0.37046187974845185,0.17078945777404675,0.002169474680563995,0.0038340050809754314,1.0,tracked
forehead,active,logpos,0,1393,1320,1368,43.999956,45.599954399999994,1.0,0.0,bounded_log_projection,1.207251716882245,1.207251716882245,0.008079074308593878,0.006692120786092788,0.004486741152290407,0.5553533710561082,0.5300082340499567,0.0018795188209281756,0.0036560361479111964,1.0,tracked
forehead,active,logchrom,0,1393,1320,1368,43.999956,45.599954399999994,1.0,0.0,bounded_log_projection,0.8926417876707086,0.8926417876707086,0.010441811315628172,0.01169765012108094,0.00877035175792717,0.7497532980681022,0.5561473603838476,0.0018795188209281756,0.0036560361479111964,1.0,tracked
forehead,active,logpos,0,1393,1344,1392,44.7999552,46.399953599999996,1.0,0.0,bounded_log_projection,1.0606523814984423,1.0606523814984423,0.006534276436903387,0.0061606201531099695,0.004238336058215583,0.6486312752669741,0.782984255860722,0.002624332733342548,0.0030372094861760225,1.0,tracked
forehead,active,logchrom,0,1393,1344,1392,44.7999552,46.399953599999996,1.0,0.0,bounded_log_projection,1.0720072928396303,1.0720072928396303,0.00993530948441786,0.009267949528683065,0.0074546019929903635,0.7503140193752255,0.6403457438180032,0.002624332733342548,0.0030372094861760225,1.0,tracked
forehead,active,logpos,0,1393,1345,1393,44.833288499999995,46.4332869,1.0,0.0,bounded_log_projection,1.061938831872843,1.061938831872843,0.006502048343484001,0.006122808723377166,0.004245220651046479,0.6529051195537185,0.799818820446595,0.0026686809908062206,0.0030213930253561354,1.0,tracked
forehead,active,logchrom,0,1393,1345,1393,44.833288499999995,46.4332869,1.0,0.0,bounded_log_projection,1.0837521208761027,1.0837521208761027,0.009948107167044952,0.009179319675981741,0.0074424390527576545,0.7481261437765958,0.6274267277911552,0.0026686809908062206,0.0030213930253561354,1.0,tracked
left_cheek,active,logpos,0,1393,0,48,0.0,1.5999983999999998,1.0,0.0,bounded_log_projection,0.5274317418504135,0.5274317418504135,0.004112771196137363,0.007797731668003777,0.0022635703820514837,0.29028574955195385,0.12550190304596195,0.0032241425505622422,0.0024894140308014527,1.0,tracked
left_cheek,active,logchrom,0,1393,0,48,0.0,1.5999983999999998,1.0,0.0,bounded_log_projection,0.9492542318629453,0.9492542318629453,0.008349281629068965,0.008795622235660938,0.0035217327769340922,0.40039609280348487,0.20254175639457517,0.0032241425505622422,0.0024894140308014527,1.0,tracked
left_cheek,active,logpos,0,1393,24,72,0.7999991999999999,2.3999976,1.0,0.0,bounded_log_projection,0.3282554736635746,0.3282554736635746,0.004616302395598562,0.014063139127817741,0.005907274002577753,0.420053726901756,0.082576319857894,0.008800188343413931,0.0038130086221832274,1.0,tracked
left_cheek,active,logchrom,0,1393,24,72,0.7999991999999999,2.3999976,1.0,0.0,bounded_log_projection,2.772791386999754,2.772791386999754,0.02120983284203876,0.0076492710347706525,0.005083031592154998,0.23965448620039195,0.07681429057116532,0.008800188343413931,0.0038130086221832274,1.0,tracked
left_cheek,active,logpos,0,1393,48,96,1.5999983999999998,3.1999967999999996,1.0,0.0,bounded_log_projection,0.916159245864674,0.916159245864674,0.008094633441231064,0.008835400044007987,0.00601003528645211,0.680222203467517,0.8379648097045037,0.006412468402661651,0.0039060747957604097,1.0,tracked
left_cheek,active,logchrom,0,1393,48,96,1.5999983999999998,3.1999967999999996,1.0,0.0,bounded_log_projection,1.271999273156055,1.271999273156055,0.014373523192359437,0.011299946073629575,0.009536622015005986,0.6634853464511323,0.5740377029356012,0.006412468402661651,0.0039060747957604097,1.0,tracked
left_cheek,active,logpos,0,1393,72,120,2.3999976,3.999996,1.0,0.0,bounded_log_projection,0.9847251699039457,0.9847251699039457,0.0049793537111365825,0.0050565922993745455,0.0030538752444375615,0.6039393851893692,0.5878296595192778,0.005128896056038321,0.002356445249192131,1.0,tracked
left_cheek,active,logchrom,0,1393,72,120,2.3999976,3.999996,1.0,0.0,bounded_log_projection,0.9632699745008708,0.9632699745008708,0.007269786115000313,0.007546987145288355,0.005425901377104964,0.7189493333763525,0.8475971371636956,0.005128896056038321,0.002356445249192131,1.0,tracked
left_cheek,active,logpos,0,1393,96,144,3.1999967999999996,4.7999952,1.0,0.0,bounded_log_projection,0.5526877852441989,0.5526877852441989,0.003682684942177173,0.006663228391324082,0.002858689962983637,0.42902476023571706,0.2655892755643983,0.0015058076749724222,0.0021741552349892742,1.0,tracked
left_cheek,active,logchrom,0,1393,96,144,3.1999967999999996,4.7999952,1.0,0.0,bounded_log_projection,1.2720910379967165,1.2720910379967165,0.008636326104770423,0.006789078648310323,0.004080077094844385,0.47243203248088145,0.35612718209197614,0.0015058076749724222,0.0021741552349892742,1.0,tracked
left_cheek,active,logpos,0,1393,120,168,3.999996,5.5999944,1.0,0.0,bounded_log_projection,1.1602164183694406,1.1602164183694406,0.005723767621035038,0.0049333620266115335,0.0032540729800323203,0.5685194081034131,0.5571292891519987,0.003835057357309431,0.0026100511725979623,1.0,tracked
left_cheek,active,logchrom,0,1393,120,168,3.999996,5.5999944,1.0,0.0,bounded_log_projection,0.9090848623000961,0.9090848623000961,0.007583955857245502,0.008342406932238608,0.006228705400345707,0.7466316916614726,0.6036352019564659,0.003835057357309431,0.0026100511725979623,1.0,tracked
left_cheek,active,logpos,0,1393,144,192,4.7999952,6.399993599999999,1.0,0.0,bounded_log_projection,1.1372142359708575,1.1372142359708575,0.005518958976492031,0.004853051256239692,0.0025495844684506816,0.46196836746035247,0.31214466095318855,0.001663583980192339,0.002526842903355617,1.0,tracked
left_cheek,active,logchrom,0,1393,144,192,4.7999952,6.399993599999999,1.0,0.0,bounded_log_projection,0.687230547458585,0.687230547458585,0.00597645965696008,0.008696440632712478,0.005239377671671119,0.6024738042783513,0.4609173898641576,0.001663583980192339,0.002526842903355617,1.0,tracked
left_cheek,active,logpos,0,1393,168,216,5.5999944,7.1999927999999995,1.0,0.0,bounded_log_projection,0.7716258094175392,0.7716258094175392,0.003670532374260004,0.004756881288134595,0.002304212406960148,0.4843956086748891,0.38139649947093746,0.0020427155454621295,0.001871516665418086,1.0,tracked
left_cheek,active,logchrom,0,1393,168,216,5.5999944,7.1999927999999995,1.0,0.0,bounded_log_projection,0.9665303296300387,0.9665303296300387,0.005994557211027184,0.00620214081985584,0.003820661552822766,0.6160230255641909,0.643275720791998,0.0020427155454621295,0.001871516665418086,1.0,tracked
left_cheek,active,logpos,0,1393,192,240,6.399993599999999,7.999992,1.0,0.0,bounded_log_projection,0.7602247808828543,0.7602247808828543,0.0041288917453484895,0.005431145957322752,0.0026389632260885422,0.4858943668288749,0.38552107819796483,0.0021249003242858064,0.002116608759629999,1.0,tracked
left_cheek,active,logchrom,0,1393,192,240,6.399993599999999,7.999992,1.0,0.0,bounded_log_projection,0.9881368831125973,0.9881368831125973,0.006894398619333784,0.006977169597815907,0.004333026707553541,0.6210292937282085,0.6397936268475765,0.0021249003242858064,0.002116608759629999,1.0,tracked
left_cheek,active,logpos,0,1393,216,264,7.1999927999999995,8.7999912,1.0,0.0,bounded_log_projection,0.8304593094889382,0.8304593094889382,0.004458742293653686,0.005369007539210538,0.0028943428449103316,0.5390834011262942,0.48978340624821115,0.0019570868032338525,0.0022169472313640364,1.0,tracked
left_cheek,active,logchrom,0,1393,216,264,7.1999927999999995,8.7999912,1.0,0.0,bounded_log_projection,1.0118257593816466,1.0118257593816466,0.007235658983573044,0.007151091891547558,0.0048241623990705465,0.6667205309181562,0.8163625573560528,0.0019570868032338525,0.0022169472313640364,1.0,tracked
left_cheek,active,logpos,0,1393,240,288,7.999992,9.5999904,1.0,0.0,bounded_log_projection,1.0376622190510172,1.0376622190510172,0.004506039941663248,0.004342492054672857,0.0024308612818895498,0.5394673179466496,0.4313581052006077,0.0014373251462367596,0.0021051580187784595,1.0,tracked
left_cheek,active,logchrom,0,1393,240,288,7.999992,9.5999904,1.0,0.0,bounded_log_projection,0.8191693373101804,0.8191693373101804,0.0057597243502090344,0.007031176690672568,0.004604216498130871,0.6548287293418101,0.660113693280089,0.0014373251462367596,0.0021051580187784595,1.0,tracked
left_cheek,active,logpos,0,1393,264,312,8.7999912,10.3999896,1.0,0.0,bounded_log_projection,1.28358260170555,1.28358260170555,0.005576567433681864,0.004344533360199838,0.0022672611315766073,0.4065693024498539,0.24726473543977323,0.0015168558217125677,0.002496322663718382,1.0,tracked
left_cheek,active,logchrom,0,1393,264,312,8.7999912,10.3999896,1.0,0.0,bounded_log_projection,0.6093531965744329,0.6093531965744329,0.00528128670560625,0.008667037007922117,0.005088632464264204,0.5871248108913039,0.3400922509084202,0.0015168558217125677,0.002496322663718382,1.0,tracked
left_cheek,active,logpos,0,1393,288,336,9.5999904,11.1999888,1.0,0.0,bounded_log_projection,1.0647936407054608,1.0647936407054608,0.005137126047747219,0.004824527355689037,0.002269659402169401,0.441815011170441,0.2609480524830239,0.00229054542486026,0.0023856778246807288,1.0,tracked
left_cheek,active,logchrom,0,1393,288,336,9.5999904,11.1999888,1.0,0.0,bounded_log_projection,0.6444486719302359,0.6444486719302359,0.005401804107828285,0.008382054837119832,0.004604634649247904,0.54934437184261,0.4150056578113724,0.00229054542486026,0.0023856778246807288,1.0,tracked
left_cheek,active,logpos,0,1393,312,360,10.3999896,11.999988,1.0,0.0,bounded_log_projection,0.8776469484573901,0.8776469484573901,0.004987951610177738,0.00568332359492036,0.002387341865967454,0.4200608721455192,0.24593480089410943,0.0021024494442435804,0.002437429781108263,1.0,tracked
left_cheek,active,logchrom,0,1393,312,360,10.3999896,11.999988,1.0,0.0,bounded_log_projection,0.706891896116891,0.706891896116891,0.006101930870448588,0.0086320566185124,0.004424407293560148,0.5125554070244995,0.42856431122238314,0.0021024494442435804,0.002437429781108263,1.0,tracked
left_cheek,active,logpos,0,1393,336,384,11.1999888,12.799987199999999,1.0,0.0,bounded_log_projection,0.9062866087984317,0.9062866087984317,0.004327668437077616,0.004775165378218821,0.0024194663301070137,0.5066769710517326,0.3878736101141255,0.0013168231390209087,0.0020948129947453696,1.0,tracked
left_cheek,active,logchrom,0,1393,336,384,11.1999888,12.799987199999999,1.0,0.0,bounded_log_projection,0.8416979967178924,0.8416979967178924,0.005954360238546386,0.0070742240824675255,0.004349896804295906,0.6148938390397495,0.6742146057701341,0.0013168231390209087,0.0020948129947453696,1.0,tracked
left_cheek,active,logpos,0,1393,360,408,11.999988,13.599986399999999,1.0,0.0,bounded_log_projection,0.7295207288671969,0.7295207288671969,0.004020111966269191,0.005510620613223204,0.002722285845277827,0.49400712485005227,0.40109114545128166,0.005267171980766707,0.0020929888279006214,1.0,tracked
left_cheek,active,logchrom,0,1393,360,408,11.999988,13.599986399999999,1.0,0.0,bounded_log_projection,1.06204740681599,1.06204740681599,0.007182399924374854,0.00676278655574108,0.0043348490527880396,0.6035376891332515,0.6219784872393125,0.005267171980766707,0.0020929888279006214,1.0,tracked
left_cheek,active,logpos,0,1393,384,432,12.799987199999999,14.399985599999999,1.0,0.0,bounded_log_projection,0.5323613098718646,0.5323613098718646,0.003505873425013562,0.006585515062800863,0.0026556938101086184,0.40326288601322163,0.23417425430416783,0.006134080294472841,0.0021113773027079587,1.0,tracked
left_cheek,active,logchrom,0,1393,384,432,12.799987199999999,14.399985599999999,1.0,0.0,bounded_log_projection,1.2416729721256363,1.2416729721256363,0.008324720312401852,0.006704438688192313,0.0038041349166390765,0.4569684955027043,0.32364245450205953,0.006134080294472841,0.0021113773027079587,1.0,tracked
left_cheek,active,logpos,0,1393,408,456,13.599986399999999,15.1999848,1.0,0.0,bounded_log_projection,0.6928735025248213,0.6928735025248213,0.00396858194431219,0.005727714986719413,0.0034954284305298536,0.6102657759044473,0.46359865646043835,0.003241441096133645,0.002108918191807411,1.0,tracked
left_cheek,active,logchrom,0,1393,408,456,13.599986399999999,15.1999848,1.0,0.0,bounded_log_projection,1.5875910833619338,1.5875910833619338,0.008990968256459885,0.00566327711882856,0.004762904264360937,0.5297431965616002,0.39341298544355346,0.003241441096133645,0.002108918191807411,1.0,tracked
left_cheek,active,logpos,0,1393,432,480,14.399985599999999,15.999984,1.0,0.0,bounded_log_projection,0.7113317842043485,0.7113317842043485,0.004211292762550456,0.005920293252832708,0.004021422750569683,0.6792607357153356,0.37365419035568453,0.0012946181999222881,0.002214282331632858,1.0,tracked
left_cheek,active,logchrom,0,1393,432,480,14.399985599999999,15.999984,1.0,0.0,bounded_log_projection,1.9309085448987664,1.9309085448987664,0.010116128993362804,0.0052390513367856955,0.005060417186687137,0.5002325682093693,0.2656244386706224,0.0012946181999222881,0.002214282331632858,1.0,tracked
left_cheek,active,logpos,0,1393,456,504,15.1999848,16.7999832,1.0,0.0,bounded_log_projection,0.841051126435773,0.841051126435773,0.0032807131002186816,0.003900729690621506,0.0023085813651861978,0.5918332077038565,0.6215241048612845,0.0021927127539056192,0.0016245499796890004,1.0,tracked
left_cheek,active,logchrom,0,1393,456,504,15.1999848,16.7999832,1.0,0.0,bounded_log_projection,1.1371908021968813,1.1371908021968813,0.005685518082327663,0.004999616661816204,0.0037216046283997653,0.6545761660608653,0.7705109965651895,0.0021927127539056192,0.0016245499796890004,1.0,tracked
left_cheek,active,logpos,0,1393,480,528,15.999984,17.5999824,1.0,0.0,bounded_log_projection,0.23075419416119194,0.25,0.005561006193685209,0.02409926378109774,0.0028888496993390712,0.11987294406914374,0.01719122948347462,0.012668019651295735,0.00611713842163304,1.0,tracked
left_cheek,active,logchrom,0,1393,480,528,15.999984,17.5999824,1.0,0.0,bounded_log_projection,1.3845626639137338,1.3845626639137338,0.027828663940905933,0.020099244812974256,0.0037502697600945273,0.13476283906615896,0.023754073775750287,0.012668019651295735,0.00611713842163304,1.0,tracked
left_cheek,active,logpos,0,1393,504,552,16.7999832,18.3999816,1.0,0.0,bounded_log_projection,0.2064110972606755,0.25,0.005620829738581422,0.027231238112565746,0.004670353966924831,0.17150722077413422,0.027806484309713622,0.01343130167343798,0.006816326438101136,1.0,tracked
left_cheek,active,logchrom,0,1393,504,552,16.7999832,18.3999816,1.0,0.0,bounded_log_projection,1.6117124679192498,1.6117124679192498,0.03340622761474821,0.020727163361760337,0.005330561353798323,0.15956789300702073,0.03577144945537909,0.01343130167343798,0.006816326438101136,1.0,tracked
left_cheek,active,logpos,0,1393,528,576,17.5999824,19.1999808,1.0,0.0,bounded_log_projection,0.46062620103497337,0.46062620103497337,0.0034579112673425653,0.007506979107078672,0.0031667700704861123,0.4218434639707497,0.20857762021446005,0.0032414141154940026,0.002263554067691874,1.0,tracked
left_cheek,active,logchrom,0,1393,528,576,17.5999824,19.1999808,1.0,0.0,bounded_log_projection,1.5828928902152832,1.5828928902152832,0.010239668090557099,0.006468958293927545,0.0040398514738817165,0.3945295333944681,0.24168468609935795,0.0032414141154940026,0.002263554067691874,1.0,tracked
left_cheek,active,logpos,0,1393,552,600,18.3999816,19.99998,1.0,0.0,bounded_log_projection,0.5718670312190687,0.5718670312190687,0.003144303768569965,0.005498312714176133,0.002302721842648498,0.4188051793983016,0.26215436531562286,0.0013942182353977564,0.0018240885284010987,1.0,tracked
left_cheek,active,logchrom,0,1393,552,600,18.3999816,19.99998,1.0,0.0,bounded_log_projection,1.1848974335354188,1.1848974335354188,0.006933642611425445,0.005851681685846259,0.003386249694325456,0.488379612866908,0.37304650829346836,0.0013942182353977564,0.0018240885284010987,1.0,tracked
left_cheek,active,logpos,0,1393,576,624,19.1999808,20.7999792,1.0,0.0,bounded_log_projection,0.2902776195190853,0.2902776195190853,0.0035192894697768807,0.012123874639758414,0.002660817820713915,0.21946926207799652,0.05820909916947214,0.004415973040823732,0.0031984764723643083,1.0,tracked
left_cheek,active,logchrom,0,1393,576,624,19.1999808,20.7999792,1.0,0.0,bounded_log_projection,1.4487707614630863,1.4487707614630863,0.014630742957242244,0.010098728761247868,0.0034534026724209075,0.2360374098918515,0.07772695912919626,0.004415973040823732,0.0031984764723643083,1.0,tracked
left_cheek,active,logpos,0,1393,600,648,19.99998,21.599978399999998,1.0,0.0,bounded_log_projection,0.3679618639522562,0.3679618639522562,0.006929917203059543,0.018833248447612805,0.0037580946809534273,0.1995457497099913,0.0555398130754068,0.008721363149500004,0.005263936551950514,1.0,tracked
left_cheek,active,logchrom,0,1393,600,648,19.99998,21.599978399999998,1.0,0.0,bounded_log_projection,1.1303077132230206,1.1303077132230206,0.02064750491383133,0.0182671538664068,0.00541416754735713,0.26221897367029046,0.08312603459996433,0.008721363149500004,0.005263936551950514,1.0,tracked
left_cheek,active,logpos,0,1393,624,672,20.7999792,22.3999776,1.0,0.0,bounded_log_projection,0.38573172208211515,0.38573172208211515,0.006730478495947078,0.017448599922290767,0.004831617550456094,0.2769057444135476,0.1019630156713145,0.009612542209771379,0.0049461076818117155,1.0,tracked
left_cheek,active,logchrom,0,1393,624,672,20.7999792,22.3999776,1.0,0.0,bounded_log_projection,1.2813060307412578,1.2813060307412578,0.020696271304012238,0.01615248099007158,0.006651397838795455,0.3213814576109657,0.14300621445143685,0.009612542209771379,0.0049461076818117155,1.0,tracked
left_cheek,active,logpos,0,1393,648,696,21.599978399999998,23.199976799999998,1.0,0.0,bounded_log_projection,0.273581765295602,0.273581765295602,0.0067820653066778015,0.024789902570260324,0.004566023628922744,0.18418884930997917,0.042228897261797196,0.013303992403020036,0.006465844015178388,1.0,tracked
left_cheek,active,logchrom,0,1393,648,696,21.599978399999998,23.199976799999998,1.0,0.0,bounded_log_projection,1.4002842111066516,1.4002842111066516,0.0292400742226049,0.020881528185978993,0.006034525388647717,0.20637859338888234,0.05762910247595994,0.013303992403020036,0.006465844015178388,1.0,tracked
left_cheek,active,logpos,0,1393,672,720,22.3999776,23.999976,1.0,0.0,bounded_log_projection,0.2648740327319031,0.2648740327319031,0.004855860877498576,0.01833271773535279,0.003244138974653747,0.17695897692232251,0.03877778271285035,0.00934252587769903,0.004754101703610978,1.0,tracked
left_cheek,active,logchrom,0,1393,672,720,22.3999776,23.999976,1.0,0.0,bounded_log_projection,1.4128419341959186,1.4128419341959186,0.021643493554282987,0.015319118884024919,0.0042734122610073215,0.19744558568095236,0.052760790717307826,0.00934252587769903,0.004754101703610978,1.0,tracked
left_cheek,active,logpos,0,1393,696,744,23.199976799999998,24.7999752,1.0,0.0,bounded_log_projection,0.821766683532974,0.821766683532974,0.004275262286616664,0.005202525695293798,0.0025962931929026083,0.49904476113423407,0.40138176323629,0.0035877099835441733,0.002133071292087388,1.0,tracked
left_cheek,active,logchrom,0,1393,696,744,23.199976799999998,24.7999752,1.0,0.0,bounded_log_projection,0.9281732312958464,0.9281732312958464,0.006586447953531401,0.007096140818816647,0.004423244273160116,0.6233309606020102,0.6984930557771376,0.0035877099835441733,0.002133071292087388,1.0,tracked
left_cheek,active,logpos,0,1393,720,768,23.999976,25.599974399999997,1.0,0.0,bounded_log_projection,0.7506097124761033,0.7506097124761033,0.0054331433030682845,0.0072383066895650595,0.0033696663049522613,0.46553240273862173,0.34849800909110595,0.0026746818655884103,0.002798315189411395,1.0,tracked
left_cheek,active,logchrom,0,1393,720,768,23.999976,25.599974399999997,1.0,0.0,bounded_log_projection,0.953813625875227,0.953813625875227,0.008922082334507673,0.00935411498899557,0.005571332307111472,0.595602289865555,0.5875632786260445,0.0026746818655884103,0.002798315189411395,1.0,tracked
left_cheek,active,logpos,0,1393,744,792,24.7999752,26.3999736,1.0,0.0,bounded_log_projection,0.7466850904209927,0.7466850904209927,0.005889857370257672,0.007888007201184207,0.003064204905735676,0.38846375612786643,0.22658179296951186,0.0045113388610368435,0.003039480192509804,1.0,tracked
left_cheek,active,logchrom,0,1393,744,792,24.7999752,26.3999736,1.0,0.0,bounded_log_projection,0.7938253584055943,0.7938253584055943,0.008518569805658812,0.01073103764632619,0.005295343906194121,0.49346056557792445,0.39598496700039426,0.0045113388610368435,0.003039480192509804,1.0,tracked
left_cheek,active,logpos,0,1393,768,816,25.599974399999997,27.199972799999998,1.0,0.0,bounded_log_projection,1.04696069437006,1.04696069437006,0.004443048169966102,0.004243758331958598,0.0035963661932363763,0.8094366875306271,0.45448592817399636,0.0021171711547354134,0.0020713859544596036,1.0,tracked
left_cheek,active,logchrom,0,1393,768,816,25.599974399999997,27.199972799999998,1.0,0.0,bounded_log_projection,1.624064507593927,1.624064507593927,0.008396058732453379,0.005169781553130701,0.005394298322779497,0.6424798223396003,0.26056835330178835,0.0021171711547354134,0.0020713859544596036,1.0,tracked
left_cheek,active,logpos,0,1393,792,840,26.3999736,27.999972,1.0,0.0,bounded_log_projection,0.5181165924916834,0.5181165924916834,0.0036451702146820834,0.007035424588801592,0.0033622261640112554,0.47789953848172423,0.2682658545369528,0.004781052234405818,0.0022280908223400882,1.0,tracked
left_cheek,active,logchrom,0,1393,792,840,26.3999736,27.999972,1.0,0.0,bounded_log_projection,1.6145807975788162,1.6145807975788162,0.009997056895319179,0.0061917352852892266,0.004317694557780139,0.43189656745894583,0.2893761283408639,0.004781052234405818,0.0022280908223400882,1.0,tracked
left_cheek,active,logpos,0,1393,816,864,27.199972799999998,28.799971199999998,1.0,0.0,bounded_log_projection,0.5959527732618137,0.5959527732618137,0.0058148624340224695,0.009757253753843825,0.004996629791703614,0.512093865523915,0.35251640643905185,0.008903209992218391,0.003305230502944593,1.0,tracked
left_cheek,active,logchrom,0,1393,816,864,27.199972799999998,28.799971199999998,1.0,0.0,bounded_log_projection,1.4669861231994195,1.4669861231994195,0.013929748503531117,0.009495487573632305,0.006831973709169888,0.4904592288538461,0.38647203240426714,0.008903209992218391,0.003305230502944593,1.0,tracked
left_cheek,active,logpos,0,1393,840,888,27.999972,29.5999704,1.0,0.0,bounded_log_projection,0.2931100762095341,0.2931100762095341,0.004650121384627805,0.015864761269085804,0.005002875727622697,0.315345162953781,0.08580722008233906,0.011321384647356178,0.004193656166695937,1.0,tracked
left_cheek,active,logchrom,0,1393,840,888,27.999972,29.5999704,1.0,0.0,bounded_log_projection,1.940341120141603,1.940341120141603,0.02151102558699917,0.011086208174276763,0.005490758084586577,0.255253198522765,0.09648759844211784,0.011321384647356178,0.004193656166695937,1.0,tracked
left_cheek,active,logpos,0,1393,864,912,28.799971199999998,30.3999696,1.0,0.0,bounded_log_projection,1.0533896805719687,1.0533896805719687,0.007033061527930277,0.006676599987301442,0.005741081185205514,0.8162990132257563,0.42088926582180813,0.0029011112390496473,0.0032742161976179926,1.0,tracked
left_cheek,active,logchrom,0,1393,864,912,28.799971199999998,30.3999696,1.0,0.0,bounded_log_projection,1.6646988218168157,1.6646988218168157,0.013393994378366353,0.008045896472581414,0.008539335156611738,0.6375495550755389,0.2412823218285009,0.0029011112390496473,0.0032742161976179926,1.0,tracked
left_cheek,active,logpos,0,1393,888,936,29.5999704,31.199968799999997,1.0,0.0,bounded_log_projection,1.63389669411991,1.63389669411991,0.009078038800342138,0.005556066569577079,0.004173284174996393,0.4597120883465609,0.32158108085727727,0.003189874854686852,0.003930664639211967,1.0,tracked
left_cheek,active,logchrom,0,1393,888,936,29.5999704,31.199968799999997,1.0,0.0,bounded_log_projection,0.798766617890758,0.798766617890758,0.010069091485761442,0.012605799066002687,0.009719869623991208,0.7710633473609214,0.2969731978705983,0.003189874854686852,0.003930664639211967,1.0,tracked
left_cheek,active,logpos,0,1393,912,960,30.3999696,31.999968,1.0,0.0,bounded_log_projection,0.5744498599373774,0.5744498599373774,0.004009840907789135,0.0069803148846206715,0.0032094769462061913,0.4597897085241023,0.3035579192420581,0.0013897873896185815,0.0023209345364624437,1.0,tracked
left_cheek,active,logchrom,0,1393,912,960,30.3999696,31.999968,1.0,0.0,bounded_log_projection,1.3201195511244166,1.3201195511244166,0.009344933982128805,0.007078854316011928,0.004544559519002798,0.4863126403775336,0.3865427655848951,0.0013897873896185815,0.0023209345364624437,1.0,tracked
left_cheek,active,logpos,0,1393,936,984,31.199968799999997,32.7999672,1.0,0.0,bounded_log_projection,0.7166402307596108,0.7166402307596108,0.003370166092425304,0.004702730809367287,0.0025963814009732035,0.5521007912682386,0.4895981227336522,0.002059960223494669,0.0017668197345162928,1.0,tracked
left_cheek,active,logchrom,0,1393,936,984,31.199968799999997,32.7999672,1.0,0.0,bounded_log_projection,1.2690326585231622,1.2690326585231622,0.0067357938419365946,0.005307817570097353,0.003883556165687636,0.5765550812302003,0.571469874612942,0.002059960223494669,0.0017668197345162928,1.0,tracked
left_cheek,active,logpos,0,1393,960,1008,31.999968,33.5999664,1.0,0.0,bounded_log_projection,0.6691107180344207,0.6691107180344207,0.003635082944413045,0.005432707691623089,0.0029400250363754176,0.5411712176064176,0.43861718325559906,0.002178446550383357,0.0019600991599195024,1.0,tracked
left_cheek,active,logchrom,0,1393,960,1008,31.999968,33.5999664,1.0,0.0,bounded_log_projection,1.3546096590862553,1.3546096590862553,0.0078107175795129455,0.005766028262917912,0.004234759121646975,0.5421728642134622,0.4885592906917531,0.002178446550383357,0.0019600991599195024,1.0,tracked
left_cheek,active,logpos,0,1393,984,1032,32.7999672,34.3999656,1.0,0.0,bounded_log_projection,0.7021216482350082,0.7021216482350082,0.003869197549728018,0.005510722478724873,0.00312014749593373,0.5661957226079912,0.4881415659562799,0.003018615192750895,0.002045050003110322,1.0,tracked
left_cheek,active,logchrom,0,1393,984,1032,32.7999672,34.3999656,1.0,0.0,bounded_log_projection,1.3594689651389682,1.3594689651389682,0.008103185720408872,0.005960552192216131,0.00453198663105738,0.5592845563989745,0.5124445906840588,0.003018615192750895,0.002045050003110322,1.0,tracked
left_cheek,active,logpos,0,1393,1008,1056,33.5999664,35.1999648,1.0,0.0,bounded_log_projection,0.7726940899074497,0.7726940899074497,0.003859599857741722,0.004994990783744715,0.002646994759255194,0.5299298585033139,0.4738687276343135,0.002014712339855253,0.0019669415925821715,1.0,tracked
left_cheek,active,logchrom,0,1393,1008,1056,33.5999664,35.1999648,1.0,0.0,bounded_log_projection,1.0826678976814623,1.0826678976814623,0.0067701763025782265,0.006253234548725964,0.004245187854430413,0.6270424379958548,0.7140160788125242,0.002014712339855253,0.0019669415925821715,1.0,tracked
left_cheek,active,logpos,0,1393,1032,1080,34.3999656,35.999964,1.0,0.0,bounded_log_projection,1.664428577339151,1.664428577339151,0.0072613042035686234,0.004362640910177685,0.0032280973461193178,0.44456164562460343,0.3000193285578998,0.0037993636186310223,0.003137694234106791,1.0,tracked
left_cheek,active,logchrom,0,1393,1032,1080,34.3999656,35.999964,1.0,0.0,bounded_log_projection,0.773072928359622,0.773072928359622,0.007832512670320672,0.010131660782560871,0.00768924427479092,0.7589322658755056,0.28341446543596244,0.0037993636186310223,0.003137694234106791,1.0,tracked
left_cheek,active,logpos,0,1393,1056,1104,35.1999648,36.7999632,1.0,0.0,bounded_log_projection,0.7240620897928143,0.7240620897928143,0.0043234145113331705,0.005971054930621058,0.0027202949070919543,0.4555802850081992,0.33303012835722795,0.0030888215828373507,0.002257447379661284,1.0,tracked
left_cheek,active,logchrom,0,1393,1056,1104,35.1999648,36.7999632,1.0,0.0,bounded_log_projection,0.9723856701742742,0.9723856701742742,0.007330705754333121,0.007538887068357648,0.004437356613510216,0.5885957135682226,0.5521417159614112,0.0030888215828373507,0.002257447379661284,1.0,tracked
left_cheek,active,logpos,0,1393,1080,1128,35.999964,37.599962399999995,1.0,0.0,bounded_log_projection,0.961407501762877,0.961407501762877,0.004970580243977107,0.005170107612914236,0.003388631008270156,0.6554275581819244,0.7969746318179298,0.0031805279216872598,0.0023670189481305184,1.0,tracked
left_cheek,active,logchrom,0,1393,1080,1128,35.999964,37.599962399999995,1.0,0.0,bounded_log_projection,1.1212555765071317,1.1212555765071317,0.008059960105119716,0.007188334465392468,0.0056950624248356275,0.7065869248184123,0.7133737861095418,0.0031805279216872598,0.0023670189481305184,1.0,tracked
left_cheek,active,logpos,0,1393,1104,1152,36.7999632,38.3999616,1.0,0.0,bounded_log_projection,0.8906958551819264,0.8906958551819264,0.00523052080562549,0.005872398277363877,0.002977398338126889,0.5070157365864914,0.395059506206805,0.00267233589743587,0.0025447124397925554,1.0,tracked
left_cheek,active,logchrom,0,1393,1104,1152,36.7999632,38.3999616,1.0,0.0,bounded_log_projection,0.8596632232767262,0.8596632232767262,0.007361698490319059,0.00856346798489171,0.005295893523739309,0.618428600782149,0.691259721928923,0.00267233589743587,0.0025447124397925554,1.0,tracked
left_cheek,active,logpos,0,1393,1128,1176,37.599962399999995,39.1999608,1.0,0.0,bounded_log_projection,0.6401977035424329,0.6401977035424329,0.009084339744414709,0.014189897424105006,0.0074824237509867825,0.5273064016851918,0.40247149888159867,0.008069203984986095,0.004994045758492363,1.0,tracked
left_cheek,active,logchrom,0,1393,1128,1176,37.599962399999995,39.1999608,1.0,0.0,bounded_log_projection,1.38520299946515,1.38520299946515,0.020259027812437325,0.014625313271960625,0.010597565592884488,0.5231033636460325,0.450751735025564,0.008069203984986095,0.004994045758492363,1.0,tracked
left_cheek,active,logpos,0,1393,1152,1200,38.3999616,39.99996,1.0,0.0,bounded_log_projection,0.18647171080468714,0.25,0.00709241903371796,0.03803482578194743,0.006083456245998062,0.1599443699538508,0.02106948698878616,0.02421703335172587,0.009420884587838246,1.0,tracked
left_cheek,active,logchrom,0,1393,1152,1200,38.3999616,39.99996,1.0,0.0,bounded_log_projection,1.6378913610543613,1.6378913610543613,0.0466907827323662,0.028506642041453777,0.0064766681455564485,0.13871406231677502,0.02699909479742798,0.02421703335172587,0.009420884587838246,1.0,tracked
left_cheek,active,logpos,0,1393,1176,1224,39.1999608,40.799959199999996,1.0,0.0,bounded_log_projection,0.3485845308056503,0.3485845308056503,0.006730548417011161,0.01930822461184805,0.003289602595630178,0.17037312656967896,0.04050472322041829,0.010537256786500462,0.005316161855045679,1.0,tracked
left_cheek,active,logchrom,0,1393,1176,1224,39.1999608,40.799959199999996,1.0,0.0,bounded_log_projection,1.1235978132497362,1.1235978132497362,0.020899802156927348,0.018600785717515507,0.004746635035373432,0.22711387408038863,0.06080490414576131,0.010537256786500462,0.005316161855045679,1.0,tracked
left_cheek,active,logpos,0,1393,1200,1248,39.99996,41.5999584,1.0,0.0,bounded_log_projection,0.9476431317456632,0.9476431317456632,0.008004272021646674,0.008446504547447014,0.0034461615764033037,0.4079985462678663,0.2123306641010623,0.006503006358337603,0.003826432562958104,1.0,tracked
left_cheek,active,logchrom,0,1393,1200,1248,39.99996,41.5999584,1.0,0.0,bounded_log_projection,0.6268531470323255,0.6268531470323255,0.008602177668272374,0.01372279569624427,0.00671357391163205,0.4892278556234323,0.36103445737036977,0.006503006358337603,0.003826432562958104,1.0,tracked
left_cheek,active,logpos,0,1393,1224,1272,40.799959199999996,42.3999576,1.0,0.0,bounded_log_projection,0.518073524449484,0.518073524449484,0.005609982769146006,0.010828545571996357,0.005946442112348883,0.5491450419460713,0.2307753052958749,0.0028968082072304948,0.003429229903954362,1.0,tracked
left_cheek,active,logchrom,0,1393,1224,1272,40.799959199999996,42.3999576,1.0,0.0,bounded_log_projection,2.137278486899439,2.137278486899439,0.016960500551874844,0.007935559477080375,0.006659618250045454,0.39265458172514184,0.1997378237773096,0.0028968082072304948,0.003429229903954362,1.0,tracked
left_cheek,active,logpos,0,1393,1248,1296,41.5999584,43.199956799999995,1.0,0.0,bounded_log_projection,0.34362260954563667,0.34362260954563667,0.005319681416556004,0.015481174022833019,0.00577533011520346,0.37305504780745224,0.1174656891837893,0.007113611301029729,0.004246330312727514,1.0,tracked
left_cheek,active,logchrom,0,1393,1248,1296,41.5999584,43.199956799999995,1.0,0.0,bounded_log_projection,1.9915843603419854,1.9915843603419854,0.021642777855110495,0.010867115792872615,0.006324178502182718,0.29220733791754894,0.12604879036080988,0.007113611301029729,0.004246330312727514,1.0,tracked
left_cheek,active,logpos,0,1393,1272,1320,42.3999576,43.999956,1.0,0.0,bounded_log_projection,0.6217170270690795,0.6217170270690795,0.007501032036613289,0.012065025904107728,0.006028130824967089,0.4996367909093935,0.36739323061447743,0.006710808350579253,0.004179056877319513,1.0,tracked
left_cheek,active,logchrom,0,1393,1272,1320,42.3999576,43.999956,1.0,0.0,bounded_log_projection,1.3308344353236694,1.3308344353236694,0.016693415064675338,0.012543570125321687,0.008621908936192295,0.5164856263855186,0.445166748758183,0.006710808350579253,0.004179056877319513,1.0,tracked
left_cheek,active,logpos,0,1393,1296,1344,43.199956799999995,44.7999552,1.0,0.0,bounded_log_projection,0.3641700022484935,0.3641700022484935,0.003847808915390314,0.010565968892640255,0.0042625446757370835,0.40342203531435405,0.12915703931035144,0.005511643315814606,0.0029444542881332495,1.0,tracked
left_cheek,active,logchrom,0,1393,1296,1344,43.199956799999995,44.7999552,1.0,0.0,bounded_log_projection,2.0827799018745212,2.0827799018745212,0.015121424263607353,0.00726021230087631,0.004572954124233279,0.30241556909681994,0.13293531643078776,0.005511643315814606,0.0029444542881332495,1.0,tracked
left_cheek,active,logpos,0,1393,1320,1368,43.999956,45.599954399999994,1.0,0.0,bounded_log_projection,0.7210670197391326,0.7210670197391326,0.004839243304104372,0.006711225408499631,0.00319910643163487,0.47667992608075216,0.3696790648631964,0.003253918392905881,0.0025308691277531083,1.0,tracked
left_cheek,active,logchrom,0,1393,1320,1368,43.999956,45.599954399999994,1.0,0.0,bounded_log_projection,1.0309580710019732,1.0309580710019732,0.008540466589799471,0.008284009631448073,0.005126750489617747,0.6002892740943468,0.5891866946611106,0.003253918392905881,0.0025308691277531083,1.0,tracked
left_cheek,active,logpos,0,1393,1344,1392,44.7999552,46.399953599999996,1.0,0.0,bounded_log_projection,1.4394914300291621,1.4394914300291621,0.011633025110235342,0.008081343777086379,0.005087560189558795,0.43733767797702894,0.30403304242957463,0.005606414199076702,0.005116910617906248,1.0,tracked
left_cheek,active,logchrom,0,1393,1344,1392,44.7999552,46.399953599999996,1.0,0.0,bounded_log_projection,0.6999163924348147,0.6999163924348147,0.011975425822148581,0.017109794757755852,0.011633397581544018,0.679926191181844,0.3480675200026361,0.005606414199076702,0.005116910617906248,1.0,tracked
left_cheek,active,logpos,0,1393,1345,1393,44.833288499999995,46.4332869,1.0,0.0,bounded_log_projection,1.4502508027736623,1.4502508027736623,0.011573809764564739,0.007980557392162354,0.005079405064101506,0.43887061973776353,0.3064410788202664,0.0055909023235192895,0.005085647089214243,1.0,tracked
left_cheek,active,logchrom,0,1393,1345,1393,44.833288499999995,46.4332869,1.0,0.0,bounded_log_projection,0.7055940385489252,0.7055940385489252,0.011970014199238228,0.016964449166626906,0.011628757180367174,0.6854780291507311,0.3463335992829052,0.0055909023235192895,0.005085647089214243,1.0,tracked
right_cheek,active,logpos,0,1393,0,48,0.0,1.5999983999999998,1.0,0.0,bounded_log_projection,0.4488696384243668,0.4488696384243668,0.002943849107019447,0.006558360947185063,0.0028787730512047365,0.4389470287450929,0.20147975801562168,0.0021169203950619085,0.0019580438226888554,1.0,tracked
right_cheek,active,logchrom,0,1393,0,48,0.0,1.5999983999999998,1.0,0.0,bounded_log_projection,1.743393789443012,1.743393789443012,0.009237082975531384,0.005298334221141451,0.0034971102978178245,0.37859466100732364,0.21754956139318932,0.0021169203950619085,0.0019580438226888554,1.0,tracked
right_cheek,active,logpos,0,1393,24,72,0.7999991999999999,2.3999976,1.0,0.0,bounded_log_projection,0.456793122101177,0.456793122101177,0.003231619061130169,0.007074579070423009,0.002571276723860523,0.36345296282154343,0.1763636928668687,0.006705497520820102,0.0021262872479257096,1.0,tracked
right_cheek,active,logchrom,0,1393,24,72,0.7999991999999999,2.3999976,1.0,0.0,bounded_log_projection,1.338982677913163,1.338982677913163,0.008911219440719653,0.006655216372632993,0.003519371312592555,0.3949371167441857,0.2355391565981401,0.006705497520820102,0.0021262872479257096,1.0,tracked
right_cheek,active,logpos,0,1393,48,96,1.5999983999999998,3.1999967999999996,1.0,0.0,bounded_log_projection,0.9484554300918838,0.9484554300918838,0.00466056100339746,0.004913842923484509,0.0021819469576796987,0.4440408437257157,0.26142488295856375,0.005122949058108681,0.002227459176279434,1.0,tracked
right_cheek,active,logchrom,0,1393,48,96,1.5999983999999998,3.1999967999999996,1.0,0.0,bounded_log_projection,0.6856496368254761,0.6856496368254761,0.005383860870406018,0.007852204072232909,0.004177402864223194,0.5320038585083893,0.44417541834731766,0.005122949058108681,0.002227459176279434,1.0,tracked
right_cheek,active,logpos,0,1393,72,120,2.3999976,3.999996,1.0,0.0,bounded_log_projection,0.8270923607617926,0.8270923607617926,0.003504591493612159,0.004237243214753258,0.0014301481955925305,0.3375185523014191,0.1536593634967706,0.002572011119602565,0.001744845021329794,1.0,tracked
right_cheek,active,logchrom,0,1393,72,120,2.3999976,3.999996,1.0,0.0,bounded_log_projection,0.6174764422667829,0.6174764422667829,0.003950731516629591,0.006398189867983115,0.0026653684305363284,0.41658164035956086,0.26922553191095533,0.002572011119602565,0.001744845021329794,1.0,tracked
right_cheek,active,logpos,0,1393,96,144,3.1999967999999996,4.7999952,1.0,0.0,bounded_log_projection,1.040804689975592,1.040804689975592,0.003998756318048219,0.003841985299030497,0.0018718753414212104,0.4681143817072772,0.29474441057095724,0.0011370982362163033,0.0018668304587567978,1.0,tracked
right_cheek,active,logchrom,0,1393,96,144,3.1999967999999996,4.7999952,1.0,0.0,bounded_log_projection,0.6878056681025436,0.6878056681025436,0.004467456003962136,0.006495229991759957,0.003708181808520276,0.570908468710821,0.47261620026624623,0.0011370982362163033,0.0018668304587567978,1.0,tracked
right_cheek,active,logpos,0,1393,120,168,3.999996,5.5999944,1.0,0.0,bounded_log_projection,0.6060198759568832,0.6060198759568832,0.003555907451177517,0.005867641627368854,0.002031947426884683,0.34629712513574923,0.18271812400894516,0.0013700366464697673,0.002005030502279082,1.0,tracked
right_cheek,active,logchrom,0,1393,120,168,3.999996,5.5999944,1.0,0.0,bounded_log_projection,0.9210597511648009,0.9210597511648009,0.006453129297762155,0.007006200509360361,0.0032495051481827666,0.46380418942355306,0.30155513053892086,0.0013700366464697673,0.002005030502279082,1.0,tracked
right_cheek,active,logpos,0,1393,144,192,4.7999952,6.399993599999999,1.0,0.0,bounded_log_projection,0.9528132066711764,0.9528132066711764,0.0068426239339337966,0.007181495686693648,0.0012662873751576752,0.1763264131041583,0.03366757531958053,0.0033706178981076367,0.0032663127971743642,1.0,tracked
right_cheek,active,logchrom,0,1393,144,192,4.7999952,6.399993599999999,1.0,0.0,bounded_log_projection,0.31877872344981706,0.31877872344981706,0.00400307113919574,0.012557522960988688,0.0026338319344697382,0.20974135923557727,0.0572004960885868,0.0033706178981076367,0.0032663127971743642,1.0,tracked
right_cheek,active,logpos,0,1393,168,216,5.5999944,7.1999927999999995,1.0,0.0,bounded_log_projection,0.8370051134194071,0.8370051134194071,0.0046041986544900545,0.005500801107033357,0.0013188733929745257,0.23976023988364284,0.0717103872030296,0.0020708462497013246,0.0022834519259854933,1.0,tracked
right_cheek,active,logchrom,0,1393,168,216,5.5999944,7.1999927999999995,1.0,0.0,bounded_log_projection,0.47259330759529133,0.47259330759529133,0.004099337304009738,0.008674133209521102,0.0025469708886092955,0.2936282885088311,0.1250303726609753,0.0020708462497013246,0.0022834519259854933,1.0,tracked
right_cheek,active,logpos,0,1393,192,240,6.399993599999999,7.999992,1.0,0.0,bounded_log_projection,0.9270387541089751,0.9270387541089751,0.0032757272808626252,0.003533538664207298,0.0013252192131336634,0.3750402469222616,0.17769855331243284,0.0019785898494742863,0.0015754551925503738,1.0,tracked
right_cheek,active,logchrom,0,1393,192,240,6.399993599999999,7.999992,1.0,0.0,bounded_log_projection,0.5909140839837359,0.5909140839837359,0.003382453369590247,0.005724103488593351,0.0025871360461734386,0.45197226977620647,0.30436540086774555,0.0019785898494742863,0.0015754551925503738,1.0,tracked
right_cheek,active,logpos,0,1393,216,264,7.1999927999999995,8.7999912,1.0,0.0,bounded_log_projection,1.1110619773591401,1.1110619773591401,0.003822013627793159,0.0034399643815348833,0.00171235180205815,0.4480234684686005,0.28237977662726643,0.002423613016242885,0.0017584197365712354,1.0,tracked
right_cheek,active,logchrom,0,1393,216,264,7.1999927999999995,8.7999912,1.0,0.0,bounded_log_projection,0.659055681119839,0.659055681119839,0.004033131632015446,0.006119561286783117,0.0035193816697704455,0.5751035907380359,0.43183444936592735,0.002423613016242885,0.0017584197365712354,1.0,tracked
right_cheek,active,logpos,0,1393,240,288,7.999992,9.5999904,1.0,0.0,bounded_log_projection,1.8439669912391559,1.8439669912391559,0.0056803224133907355,0.003080490290975072,0.002485263591971263,0.4375215720348069,0.2679168487441141,0.0014798929369112955,0.0024299932395081903,1.0,tracked
right_cheek,active,logchrom,0,1393,240,288,7.999992,9.5999904,1.0,0.0,bounded_log_projection,0.8060331471116234,0.8060331471116234,0.006212647271852993,0.007707682114706673,0.006151116014901398,0.7980500393451276,0.2327252980074895,0.0014798929369112955,0.0024299932395081903,1.0,tracked
right_cheek,active,logpos,0,1393,264,312,8.7999912,10.3999896,1.0,0.0,bounded_log_projection,1.133227248424381,1.133227248424381,0.00840622636068838,0.00741795290607091,0.00222973085071514,0.26524753855576033,0.0854072485938966,0.0022670129250707363,0.003851550554993566,1.0,tracked
right_cheek,active,logchrom,0,1393,264,312,8.7999912,10.3999896,1.0,0.0,bounded_log_projection,0.3744940032270929,0.3744940032270929,0.005368699632067922,0.014335876104302652,0.005105882403295356,0.3561611697915636,0.1363316591967433,0.0022670129250707363,0.003851550554993566,1.0,tracked
right_cheek,active,logpos,0,1393,288,336,9.5999904,11.1999888,1.0,0.0,bounded_log_projection,0.9300444781133486,0.9300444781133486,0.00458690551091063,0.004931920589664104,0.0021321892476278237,0.4323243265709271,0.2497197770984494,0.0018383120392960204,0.0022040738443066393,1.0,tracked
right_cheek,active,logchrom,0,1393,288,336,9.5999904,11.1999888,1.0,0.0,bounded_log_projection,0.6810937160579166,0.6810937160579166,0.005313618026735225,0.007801596023363374,0.004059620082917194,0.520357638457552,0.4276787962284975,0.0018383120392960204,0.0022040738443066393,1.0,tracked
right_cheek,active,logpos,0,1393,312,360,10.3999896,11.999988,1.0,0.0,bounded_log_projection,1.375466576437859,1.375466576437859,0.004462644005149571,0.0032444583398796856,0.0018539681201341408,0.4154416345993081,0.2679730608293723,0.0013330790834761902,0.001975855433157821,1.0,tracked
right_cheek,active,logchrom,0,1393,312,360,10.3999896,11.999988,1.0,0.0,bounded_log_projection,0.6429112108397401,0.6429112108397401,0.004338216774475734,0.006747769678505623,0.004250920139024007,0.629974101304155,0.33806036353070673,0.0013330790834761902,0.001975855433157821,1.0,tracked
right_cheek,active,logpos,0,1393,336,384,11.1999888,12.799987199999999,1.0,0.0,bounded_log_projection,1.025993887001689,1.025993887001689,0.003634965089657263,0.0035428720733218944,0.0019304807501379557,0.5310864623241757,0.40668921112457124,0.0010588399610107168,0.0017027894783593787,1.0,tracked
right_cheek,active,logchrom,0,1393,336,384,11.1999888,12.799987199999999,1.0,0.0,bounded_log_projection,0.8010752665095467,0.8010752665095467,0.00458965462429195,0.005729367534077091,0.0036635016776244787,0.6394251469878185,0.6384667062909185,0.0010588399610107168,0.0017027894783593787,1.0,tracked
right_cheek,active,logpos,0,1393,360,408,11.999988,13.599986399999999,1.0,0.0,bounded_log_projection,1.3654295257776634,1.3654295257776634,0.007281137316693162,0.005332488553406871,0.0027379841032415036,0.3760379710137097,0.21178099332231207,0.004941777523778247,0.0032273167048893422,1.0,tracked
right_cheek,active,logchrom,0,1393,360,408,11.999988,13.599986399999999,1.0,0.0,bounded_log_projection,0.5687006256833008,0.5687006256833008,0.006402224560616884,0.01125763586583808,0.006478412002472356,0.5754682492557301,0.28378599629617357,0.004941777523778247,0.0032273167048893422,1.0,tracked
right_cheek,active,logpos,0,1393,384,432,12.799987199999999,14.399985599999999,1.0,0.0,bounded_log_projection,1.047157730485768,1.047157730485768,0.007171268593847444,0.0068483174836714905,0.004490520603708875,0.6261821803134658,0.6891339666079281,0.0042553758276302036,0.003343158287977176,1.0,tracked
right_cheek,active,logchrom,0,1393,384,432,12.799987199999999,14.399985599999999,1.0,0.0,bounded_log_projection,1.010734302714804,1.010734302714804,0.010556678773685914,0.010444563665575585,0.00801787312603475,0.7595071610988569,0.7145997639634516,0.0042553758276302036,0.003343158287977176,1.0,tracked
right_cheek,active,logpos,0,1393,408,456,13.599986399999999,15.1999848,1.0,0.0,bounded_log_projection,0.9878866544587427,0.9878866544587427,0.005033287547484296,0.0050950051048538605,0.003810689751524152,0.7479265816424444,0.7650722505732371,0.0022310303162801125,0.0023800213307338743,1.0,tracked
right_cheek,active,logchrom,0,1393,408,456,13.599986399999999,15.1999848,1.0,0.0,bounded_log_projection,1.3613806971117977,1.3613806971117977,0.008974847910813809,0.0065924600883898,0.0060243292903021635,0.6712458361599019,0.44269972700770416,0.0022310303162801125,0.0023800213307338743,1.0,tracked
right_cheek,active,logpos,0,1393,432,480,14.399985599999999,15.999984,1.0,0.0,bounded_log_projection,1.1919224810989262,1.1919224810989262,0.004428547819263717,0.003715466307155054,0.0016361911917178655,0.36946449682683924,0.18744371586519387,0.002028917963250658,0.002008880246999428,1.0,tracked
right_cheek,active,logchrom,0,1393,432,480,14.399985599999999,15.999984,1.0,0.0,bounded_log_projection,0.5337792604984646,0.5337792604984646,0.0038294051273702863,0.007174136222142152,0.003644596219183613,0.5080188201521715,0.2827362829610462,0.002028917963250658,0.002008880246999428,1.0,tracked
right_cheek,active,logpos,0,1393,456,504,15.1999848,16.7999832,1.0,0.0,bounded_log_projection,0.6999950396453553,0.6999950396453553,0.004018594976271933,0.005740890647322173,0.002060549255711777,0.3589250139563129,0.19350448288054464,0.00174953946478971,0.002126618888889451,1.0,tracked
right_cheek,active,logchrom,0,1393,456,504,15.1999848,16.7999832,1.0,0.0,bounded_log_projection,0.7990609695217419,0.7990609695217419,0.00604916956882648,0.007570347945347725,0.0035027904883243874,0.46269874431293334,0.3353965949845565,0.00174953946478971,0.002126618888889451,1.0,tracked
right_cheek,active,logpos,0,1393,480,528,15.999984,17.5999824,1.0,0.0,bounded_log_projection,0.4854764305704817,0.4854764305704817,0.004838035377538545,0.009965541214541324,0.003918231410843601,0.3931779846664296,0.2080690411062499,0.007397161143025808,0.003068946350510993,1.0,tracked
right_cheek,active,logchrom,0,1393,480,528,15.999984,17.5999824,1.0,0.0,bounded_log_projection,1.353222954858898,1.353222954858898,0.012823192250997848,0.009476038080018333,0.005374211843737165,0.41910093356971745,0.2721784640861076,0.007397161143025808,0.003068946350510993,1.0,tracked
right_cheek,active,logpos,0,1393,504,552,16.7999832,18.3999816,1.0,0.0,bounded_log_projection,0.7516769692823165,0.7516769692823165,0.0063121875644731595,0.008397473678753105,0.0034643295794603143,0.41254426176120074,0.26047973359299575,0.00804318012342675,0.0032493477955209205,1.0,tracked
right_cheek,active,logchrom,0,1393,504,552,16.7999832,18.3999816,1.0,0.0,bounded_log_projection,0.8352471404875501,0.8352471404875501,0.009443461254967244,0.011306188069623213,0.005927452703380518,0.5242662395919312,0.4534960019759727,0.00804318012342675,0.0032493477955209205,1.0,tracked
right_cheek,active,logpos,0,1393,528,576,17.5999824,19.1999808,1.0,0.0,bounded_log_projection,0.9316516990624596,0.9316516990624596,0.005372052242346904,0.005766159443226382,0.0019776531764590824,0.34297580494106344,0.14374970963798298,0.0037709708423614373,0.0025801101463161303,1.0,tracked
right_cheek,active,logchrom,0,1393,528,576,17.5999824,19.1999808,1.0,0.0,bounded_log_projection,0.5395894780423103,0.5395894780423103,0.00512347649208007,0.009495137879019814,0.003922199094709952,0.4130744750296182,0.24575360820977987,0.0037709708423614373,0.0025801101463161303,1.0,tracked
right_cheek,active,logpos,0,1393,552,600,18.3999816,19.99998,1.0,0.0,bounded_log_projection,0.7425479293913128,0.7425479293913128,0.004931725228746238,0.006641625454115683,0.001916272092062644,0.2885245645514636,0.11576582736712801,0.0031127167592446226,0.0025503477961981943,1.0,tracked
right_cheek,active,logchrom,0,1393,552,600,18.3999816,19.99998,1.0,0.0,bounded_log_projection,0.6279085052559605,0.6279085052559605,0.005951267088442332,0.009477920809523609,0.0034521714389044644,0.3642329903659516,0.20358076121913254,0.0031127167592446226,0.0025503477961981943,1.0,tracked
right_cheek,active,logpos,0,1393,576,624,19.1999808,20.7999792,1.0,0.0,bounded_log_projection,0.6437758615950065,0.6437758615950065,0.00436596526213358,0.006781809512578725,0.0019643787574851056,0.28965407445337804,0.12345941030069876,0.00376804268180446,0.002394181584538449,1.0,tracked
right_cheek,active,logchrom,0,1393,576,624,19.1999808,20.7999792,1.0,0.0,bounded_log_projection,0.7522601862133705,0.7522601862133705,0.006592684503705063,0.008763835471461623,0.003322482956491182,0.3791128858261259,0.2132799862032961,0.00376804268180446,0.002394181584538449,1.0,tracked
right_cheek,active,logpos,0,1393,600,648,19.99998,21.599978399999998,1.0,0.0,bounded_log_projection,0.15925844717345328,0.25,0.003157250286757962,0.019824695912797036,0.003911050317026402,0.19728173053599174,0.022302563525426426,0.014048364228283136,0.004847240086176022,1.0,tracked
right_cheek,active,logchrom,0,1393,600,648,19.99998,21.599978399999998,1.0,0.0,bounded_log_projection,1.9014810144817997,1.9014810144817997,0.025533646718204402,0.013428294326232307,0.0034675871315696014,0.13580461772024752,0.026698250976397234,0.014048364228283136,0.004847240086176022,1.0,tracked
right_cheek,active,logpos,0,1393,624,672,20.7999792,22.3999776,1.0,0.0,bounded_log_projection,0.20844321771575344,0.25,0.006507661655740421,0.031220308950587618,0.009673204611611705,0.3098369278446759,0.035119611372731396,0.021915225699343108,0.00782359917048315,1.0,tracked
right_cheek,active,logchrom,0,1393,624,672,20.7999792,22.3999776,1.0,0.0,bounded_log_projection,2.711387179067861,2.711387179067861,0.044767770888803515,0.01651102108707104,0.007071480600133939,0.15795918491672156,0.035505193907507504,0.021915225699343108,0.00782359917048315,1.0,tracked
right_cheek,active,logpos,0,1393,648,696,21.599978399999998,23.199976799999998,1.0,0.0,bounded_log_projection,0.34674771388588377,0.34674771388588377,0.007449292799899751,0.021483322028047595,0.006404662834783147,0.2981225541571982,0.10410485315572329,0.015073337094691552,0.005906724110973065,1.0,tracked
right_cheek,active,logchrom,0,1393,648,696,21.599978399999998,23.199976799999998,1.0,0.0,bounded_log_projection,1.5142383905677383,1.5142383905677383,0.027116702850721135,0.017907816245864815,0.008155865834156154,0.300769082401154,0.1330458187598817,0.015073337094691552,0.005906724110973065,1.0,tracked
right_cheek,active,logpos,0,1393,672,720,22.3999776,23.999976,1.0,0.0,bounded_log_projection,0.22868298456150035,0.25,0.004065510284525459,0.017777930843088634,0.003453907626770243,0.19428063126440764,0.038818927003805306,0.012138453327109779,0.004507031214806907,1.0,tracked
right_cheek,active,logchrom,0,1393,672,720,22.3999776,23.999976,1.0,0.0,bounded_log_projection,1.6187485248430917,1.6187485248430917,0.02200711245332911,0.013595139773463145,0.004111362653584278,0.18681972304650696,0.04955718466858668,0.012138453327109779,0.004507031214806907,1.0,tracked
right_cheek,active,logpos,0,1393,696,744,23.199976799999998,24.7999752,1.0,0.0,bounded_log_projection,0.1811672078902719,0.25,0.004103098168186106,0.022648128300742164,0.004430107636830833,0.19560590517697046,0.027483536634047238,0.00822434756368793,0.005594858548803707,1.0,tracked
right_cheek,active,logchrom,0,1393,696,744,23.199976799999998,24.7999752,1.0,0.0,bounded_log_projection,1.8092732176103767,1.8092732176103767,0.028835834494329683,0.015937799893160978,0.004397557623391818,0.15250322040295244,0.03353046847063589,0.00822434756368793,0.005594858548803707,1.0,tracked
right_cheek,active,logpos,0,1393,720,768,23.999976,25.599974399999997,1.0,0.0,bounded_log_projection,0.265808240390205,0.265808240390205,0.005193453669272689,0.01953834712441092,0.0037560385555008968,0.19223931950764445,0.04455271061440185,0.004843830983678701,0.005069861336031799,1.0,tracked
right_cheek,active,logchrom,0,1393,720,768,23.999976,25.599974399999997,1.0,0.0,bounded_log_projection,1.4579381119230783,1.4579381119230783,0.02341859115465318,0.016062815673131097,0.004868312349029114,0.20788237502757717,0.059618056229057276,0.004843830983678701,0.005069861336031799,1.0,tracked
right_cheek,active,logpos,0,1393,744,792,24.7999752,26.3999736,1.0,0.0,bounded_log_projection,0.7088179802491239,0.7088179802491239,0.004440340991754884,0.00626443052445462,0.0029123768134054332,0.4649068741422404,0.34905366393273196,0.00403392411594895,0.0023380069166908314,1.0,tracked
right_cheek,active,logchrom,0,1393,744,792,24.7999752,26.3999736,1.0,0.0,bounded_log_projection,1.022103264519204,1.022103264519204,0.007867360239118049,0.007697226407763059,0.0046619694236162456,0.5925709872081394,0.558981127475155,0.00403392411594895,0.0023380069166908314,1.0,tracked
right_cheek,active,logpos,0,1393,768,816,25.599974399999997,27.199972799999998,1.0,0.0,bounded_log_projection,0.8101081124892526,0.8101081124892526,0.004190743932347213,0.005173067480425718,0.003152393582704381,0.6093857454271898,0.6400529325253937,0.0017871420349205608,0.002100894403139252,1.0,tracked
right_cheek,active,logchrom,0,1393,768,816,25.599974399999997,27.199972799999998,1.0,0.0,bounded_log_projection,1.2521088895033674,1.2521088895033674,0.007804892527588083,0.006233397584681147,0.004872016650730598,0.6242259753749843,0.6374427390539257,0.0017871420349205608,0.002100894403139252,1.0,tracked
right_cheek,active,logpos,0,1393,792,840,26.3999736,27.999972,1.0,0.0,bounded_log_projection,0.7642137986269906,0.7642137986269906,0.004833530688419938,0.0063248408980628255,0.0017875439292560462,0.2826227502107659,0.10886372876830945,0.003099647449543622,0.002473107235100323,1.0,tracked
right_cheek,active,logchrom,0,1393,792,840,26.3999736,27.999972,1.0,0.0,bounded_log_projection,0.5963969088387295,0.5963969088387295,0.0055053301652239674,0.009230983735216932,0.0032695380184266506,0.35419172129543514,0.19144813954392817,0.003099647449543622,0.002473107235100323,1.0,tracked
right_cheek,active,logpos,0,1393,816,864,27.199972799999998,28.799971199999998,1.0,0.0,bounded_log_projection,0.5185734062356624,0.5185734062356624,0.0039122701991311385,0.007544293926544379,0.0026237458965646635,0.3477788540731545,0.17807358650541216,0.006235305315521331,0.002390187640043759,1.0,tracked
right_cheek,active,logchrom,0,1393,816,864,27.199972799999998,28.799971199999998,1.0,0.0,bounded_log_projection,1.1081749282183901,1.1081749282183901,0.008865677970282065,0.00800025135430143,0.003893502642071911,0.43916580944209926,0.2677865016401684,0.006235305315521331,0.002390187640043759,1.0,tracked
right_cheek,active,logpos,0,1393,840,888,27.999972,29.5999704,1.0,0.0,bounded_log_projection,0.5314603239602375,0.5314603239602375,0.004125846264810207,0.007763225360015571,0.0027561139194517675,0.35502175856533935,0.18697672004571533,0.0067426255719595565,0.002487027344183926,1.0,tracked
right_cheek,active,logchrom,0,1393,840,888,27.999972,29.5999704,1.0,0.0,bounded_log_projection,1.0967718932925432,1.0967718932925432,0.009135023297821987,0.00832900929873245,0.004115563100835642,0.4505257366794996,0.2827883983101079,0.0067426255719595565,0.002487027344183926,1.0,tracked
right_cheek,active,logpos,0,1393,864,912,28.799971199999998,30.3999696,1.0,0.0,bounded_log_projection,0.7436492558769142,0.7436492558769142,0.0036894613781962215,0.004961292368733152,0.0022084957953820506,0.445145262815056,0.3136613341889722,0.003746604995031825,0.0019068705857103864,1.0,tracked
right_cheek,active,logchrom,0,1393,864,912,28.799971199999998,30.3999696,1.0,0.0,bounded_log_projection,0.9169861391631329,0.9169861391631329,0.005928480587964635,0.006465180153513697,0.0036823743195264743,0.5695702566811193,0.5353523490547681,0.003746604995031825,0.0019068705857103864,1.0,tracked
right_cheek,active,logpos,0,1393,888,936,29.5999704,31.199968799999997,1.0,0.0,bounded_log_projection,1.1477147907969079,1.1477147907969079,0.004806257354970136,0.004187675713086301,0.002153145554136799,0.44798798630918873,0.2908163954104821,0.002477601792559389,0.0021964233194064803,1.0,tracked
right_cheek,active,logchrom,0,1393,888,936,29.5999704,31.199968799999997,1.0,0.0,bounded_log_projection,0.6633680390373429,0.6633680390373429,0.005044526941872119,0.007604416620964382,0.004481569129323464,0.5893376642421674,0.43067971790103227,0.002477601792559389,0.0021964233194064803,1.0,tracked
right_cheek,active,logpos,0,1393,912,960,30.3999696,31.999968,1.0,0.0,bounded_log_projection,1.1892475940811256,1.1892475940811256,0.004602433157029778,0.0038700378120889592,0.0026348966766754243,0.5725008026788767,0.5719962613031643,0.0017789814829139447,0.0020886514197999144,1.0,tracked
right_cheek,active,logchrom,0,1393,912,960,30.3999696,31.999968,1.0,0.0,bounded_log_projection,0.9270853763473267,0.9270853763473267,0.006133297781200078,0.006615677409738665,0.005059220608771704,0.7647320592331533,0.5706853562354517,0.0017789814829139447,0.0020886514197999144,1.0,tracked
right_cheek,active,logpos,0,1393,936,984,31.199968799999997,32.7999672,1.0,0.0,bounded_log_projection,0.9937397143524863,0.9937397143524863,0.00659667540695838,0.006638232639476149,0.0018493779475415321,0.27859492849703354,0.08471810316373615,0.003091160271288158,0.0031146117276307935,1.0,tracked
right_cheek,active,logchrom,0,1393,936,984,31.199968799999997,32.7999672,1.0,0.0,bounded_log_projection,0.4127937526301633,0.4127937526301633,0.004829401110342873,0.011699307655631375,0.0038904780641195575,0.3325391705762097,0.14211989012213067,0.003091160271288158,0.0031146117276307935,1.0,tracked
right_cheek,active,logpos,0,1393,960,1008,31.999968,33.5999664,1.0,0.0,bounded_log_projection,1.480332002303966,1.480332002303966,0.006402133905551848,0.004324795988729329,0.0023968900148265784,0.37438923493118853,0.21476275083297433,0.002802773186322673,0.002805409615348126,1.0,tracked
right_cheek,active,logchrom,0,1393,960,1008,31.999968,33.5999664,1.0,0.0,bounded_log_projection,0.5875834504871799,0.5875834504871799,0.005677893569377569,0.009663127109298073,0.00589336327298139,0.6098815845349552,0.267131597260989,0.002802773186322673,0.002805409615348126,1.0,tracked
right_cheek,active,logpos,0,1393,984,1032,32.7999672,34.3999656,1.0,0.0,bounded_log_projection,0.8603156519967247,0.8603156519967247,0.00417153428828556,0.00484884156019219,0.0021518417512077248,0.44378471115117935,0.2869881973361067,0.001681309464601096,0.00205096670202768,1.0,tracked
right_cheek,active,logchrom,0,1393,984,1032,32.7999672,34.3999656,1.0,0.0,bounded_log_projection,0.7673930162820618,0.7673930162820618,0.0054859963663166185,0.007148874500963916,0.0038940016215506584,0.5447013541817823,0.5030431232015928,0.001681309464601096,0.00205096670202768,1.0,tracked
right_cheek,active,logpos,0,1393,1008,1056,33.5999664,35.1999648,1.0,0.0,bounded_log_projection,1.346462473173404,1.346462473173404,0.005132839048237606,0.0038120921678123695,0.002239031278350268,0.4362169273784367,0.2989267263896994,0.0018613539734834842,0.002279987290184295,1.0,tracked
right_cheek,active,logchrom,0,1393,1008,1056,33.5999664,35.1999648,1.0,0.0,bounded_log_projection,0.6766857931198207,0.6766857931198207,0.0052283651883905016,0.007726429668761666,0.0050001062663309745,0.6471431800572326,0.37300130341784116,0.0018613539734834842,0.002279987290184295,1.0,tracked
right_cheek,active,logpos,0,1393,1032,1080,34.3999656,35.999964,1.0,0.0,bounded_log_projection,0.7745263636868531,0.7745263636868531,0.004520409949998871,0.005836353882753702,0.0043557818155056825,0.7463190037836676,0.32241948924537894,0.002338013659632659,0.002301754704964606,1.0,tracked
right_cheek,active,logchrom,0,1393,1032,1080,34.3999656,35.999964,1.0,0.0,bounded_log_projection,2.0993973069344465,2.0993973069344465,0.010652962276999316,0.005074295485571924,0.005383481884565347,0.505350694443813,0.20900762315090668,0.002338013659632659,0.002301754704964606,1.0,tracked
right_cheek,active,logpos,0,1393,1056,1104,35.1999648,36.7999632,1.0,0.0,bounded_log_projection,0.9257094724873209,0.9257094724873209,0.004401958109945896,0.004755226386652523,0.0026940173120840716,0.5665381819982171,0.5218355733762992,0.0016230584640188723,0.0021179639540720306,1.0,tracked
right_cheek,active,logchrom,0,1393,1056,1104,35.1999648,36.7999632,1.0,0.0,bounded_log_projection,0.9481797811404273,0.9481797811404273,0.006520947789114453,0.006877332673421231,0.004718122063689678,0.6860395283659556,0.8983218151840711,0.0016230584640188723,0.0021179639540720306,1.0,tracked
right_cheek,active,logpos,0,1393,1080,1128,35.999964,37.599962399999995,1.0,0.0,bounded_log_projection,0.8538263900335101,0.8538263900335101,0.004320366696562785,0.005060006046888787,0.0019809539883649525,0.3914924152280349,0.21210169672981882,0.0015150245797584372,0.002129167369508789,1.0,tracked
right_cheek,active,logchrom,0,1393,1080,1128,35.999964,37.599962399999995,1.0,0.0,bounded_log_projection,0.6802051886595811,0.6802051886595811,0.005191036389496909,0.007631574230897026,0.0036671232529847234,0.4805198956380569,0.37096526996043516,0.0015150245797584372,0.002129167369508789,1.0,tracked
right_cheek,active,logpos,0,1393,1104,1152,36.7999632,38.3999616,1.0,0.0,bounded_log_projection,0.6073682659019952,0.6073682659019952,0.003614202314483361,0.005950594585503992,0.0028434359897166455,0.47784065085587035,0.3385578252481941,0.0025268170179179855,0.0020357492618891517,1.0,tracked
right_cheek,active,logchrom,0,1393,1104,1152,36.7999632,38.3999616,1.0,0.0,bounded_log_projection,1.290429245709912,1.290429245709912,0.008032347323343188,0.0062245546201367295,0.004096768482922411,0.510033781907886,0.4325352805234008,0.0025268170179179855,0.0020357492618891517,1.0,tracked
right_cheek,active,logpos,0,1393,1128,1176,37.599962399999995,39.1999608,1.0,0.0,bounded_log_projection,0.3317900848713982,0.3317900848713982,0.003784609475374774,0.011406638256962042,0.004127084484913026,0.3618142691948752,0.10967566682965224,0.006523984035780667,0.0031009067040363787,1.0,tracked
right_cheek,active,logchrom,0,1393,1128,1176,37.599962399999995,39.1999608,1.0,0.0,bounded_log_projection,1.996237615845081,1.996237615845081,0.015871908052074658,0.007950911217227762,0.004496135094556548,0.28327628157906615,0.11849581862090937,0.006523984035780667,0.0031009067040363787,1.0,tracked
right_cheek,active,logpos,0,1393,1152,1200,38.3999616,39.99996,1.0,0.0,bounded_log_projection,0.23944594185087456,0.25,0.006012076312283223,0.025108282336342564,0.004501753286915051,0.1792935584605508,0.036471373106092886,0.01297648381387595,0.006406858419934944,1.0,tracked
right_cheek,active,logchrom,0,1393,1152,1200,38.3999616,39.99996,1.0,0.0,bounded_log_projection,1.5208699699431596,1.5208699699431596,0.03037874301011995,0.019974582712850405,0.005645091979359109,0.1858237510840584,0.04800132709535094,0.01297648381387595,0.006406858419934944,1.0,tracked
right_cheek,active,logpos,0,1393,1176,1224,39.1999608,40.799959199999996,1.0,0.0,bounded_log_projection,0.808457449256799,0.808457449256799,0.008574513704241296,0.01060601731374199,0.005236218221165666,0.49370259035700514,0.3934881251849566,0.00670922756110305,0.004301514326710099,1.0,tracked
right_cheek,active,logchrom,0,1393,1176,1224,39.1999608,40.799959199999996,1.0,0.0,bounded_log_projection,0.934340492880486,0.934340492880486,0.01337452712215469,0.01431440382180403,0.008866769492587245,0.6194298835611427,0.6808804337211557,0.00670922756110305,0.004301514326710099,1.0,tracked
right_cheek,active,logpos,0,1393,1200,1248,39.99996,41.5999584,1.0,0.0,bounded_log_projection,0.9171068209247447,0.9171068209247447,0.006448768217925271,0.007031643501923578,0.003149727373102258,0.4479361577760047,0.27702637598362667,0.0037182767979034785,0.003110947023761533,1.0,tracked
right_cheek,active,logchrom,0,1393,1200,1248,39.99996,41.5999584,1.0,0.0,bounded_log_projection,0.7195090451627466,0.7195090451627466,0.007847028100015172,0.010906086800118328,0.005899797307727691,0.5409637219890528,0.4771869310973607,0.0037182767979034785,0.003110947023761533,1.0,tracked
right_cheek,active,logpos,0,1393,1224,1272,40.799959199999996,42.3999576,1.0,0.0,bounded_log_projection,0.41886139625383134,0.41886139625383134,0.005762554007917498,0.013757663177977308,0.0022258916182414305,0.16179285605745491,0.038009763133903904,0.008757704023599629,0.004006206172935317,1.0,tracked
right_cheek,active,logchrom,0,1393,1224,1272,40.799959199999996,42.3999576,1.0,0.0,bounded_log_projection,0.941144594476746,0.941144594476746,0.013785224239256075,0.014647296834255667,0.00340617615535251,0.2325464004652707,0.060769075482698456,0.008757704023599629,0.004006206172935317,1.0,tracked
right_cheek,active,logpos,0,1393,1248,1296,41.5999584,43.199956799999995,1.0,0.0,bounded_log_projection,0.6122346130304803,0.6122346130304803,0.009470803667979666,0.015469239187736286,0.0021650472607280084,0.13995822512359987,0.02747198260129507,0.010888796863820339,0.005314475658256667,1.0,tracked
right_cheek,active,logchrom,0,1393,1248,1296,41.5999584,43.199956799999995,1.0,0.0,bounded_log_projection,0.5990197340047367,0.5990197340047367,0.0122867904581565,0.02051149529918382,0.003754548007501137,0.1830460409022708,0.047909433768627836,0.010888796863820339,0.005314475658256667,1.0,tracked
right_cheek,active,logpos,0,1393,1272,1320,42.3999576,43.999956,1.0,0.0,bounded_log_projection,0.6869994788426189,0.6869994788426189,0.006379110391685228,0.009285466129365995,0.002469247299473161,0.2659260466918272,0.10050343841728464,0.005165358261827841,0.0034017889852867,1.0,tracked
right_cheek,active,logchrom,0,1393,1272,1320,42.3999576,43.999956,1.0,0.0,bounded_log_projection,0.658179788823017,0.658179788823017,0.00834839842798938,0.012684069869295614,0.004332682738025612,0.3415845846539963,0.17601641754830588,0.005165358261827841,0.0034017889852867,1.0,tracked
right_cheek,active,logpos,0,1393,1296,1344,43.199956799999995,44.7999552,1.0,0.0,bounded_log_projection,0.6740137016895977,0.6740137016895977,0.004718737696072466,0.007000952182787491,0.003698219860878722,0.5282452678324455,0.43179344971763567,0.00243416087238313,0.002536541694235182,1.0,tracked
right_cheek,active,logchrom,0,1393,1296,1344,43.199956799999995,44.7999552,1.0,0.0,bounded_log_projection,1.2920058044512157,1.2920058044512157,0.009855171927271816,0.007627807780211822,0.005427950336993078,0.5507717548764961,0.5166533567471203,0.00243416087238313,0.002536541694235182,1.0,tracked
right_cheek,active,logpos,0,1393,1320,1368,43.999956,45.599954399999994,1.0,0.0,bounded_log_projection,1.1102863386071193,1.1102863386071193,0.0056671524574475616,0.005104226054476307,0.004380051802700801,0.7728840604852089,0.4876033375556953,0.002879506331710304,0.0026077126475883097,1.0,tracked
right_cheek,active,logchrom,0,1393,1320,1368,43.999956,45.599954399999994,1.0,0.0,bounded_log_projection,1.5174013184848114,1.5174013184848114,0.010192918441963768,0.006717351776220824,0.006874829167761872,0.6744711249192893,0.27730883312192434,0.002879506331710304,0.0026077126475883097,1.0,tracked
right_cheek,active,logpos,0,1393,1344,1392,44.7999552,46.399953599999996,1.0,0.0,bounded_log_projection,0.9795155190850939,0.9795155190850939,0.004384634254792648,0.004476329541861745,0.0033641207896916627,0.7515355512213909,0.7320280741894826,0.0028496285496577597,0.0020778271077183733,1.0,tracked
right_cheek,active,logchrom,0,1393,1344,1392,44.7999552,46.399953599999996,1.0,0.0,bounded_log_projection,1.3915802023196484,1.3915802023196484,0.00792930530728418,0.005698058433187457,0.00526136266992832,0.6635338741585621,0.4260072503459368,0.0028496285496577597,0.0020778271077183733,1.0,tracked
right_cheek,active,logpos,0,1393,1345,1393,44.833288499999995,46.4332869,1.0,0.0,bounded_log_projection,0.9625663569965329,0.9625663569965329,0.004183490882686296,0.004346184397863144,0.00314430655634913,0.723463679519688,0.825215559640303,0.0028057434475765967,0.001991567036793823,1.0,tracked
right_cheek,active,logchrom,0,1393,1345,1393,44.833288499999995,46.4332869,1.0,0.0,bounded_log_projection,1.326710530804103,1.326710530804103,0.007439404761992746,0.005607406129115305,0.004981678197821879,0.6696339770720405,0.4885207850694394,0.0028057434475765967,0.001991567036793823,1.0,tracked
