record_type,window_index,channel,patch_id,region,branch,method,status,observed_fraction,mean_quality,tracked_fraction,reset_fraction,representative,peak_bpm,peak_concentration,peak_fwhm_bpm,spectral_score,cluster_index,patch_ids_json,regions_json,patch_count,region_count,qualified,cluster_score,selected,coefficient,polarity,medoid_channel
channel,0,baseline/forehead/chrom,forehead,forehead,baseline,chrom,nonfinite_bvp,0.9066666666666666,0.9066666570455182,0.05,0.0033333333333333335,False,,,,,,,,,,,,,,,
channel,0,baseline/forehead/pos,forehead,forehead,baseline,pos,nonfinite_bvp,0.9066666666666666,0.9066666570455182,0.05,0.0033333333333333335,False,,,,,,,,,,,,,,,
channel,0,baseline/left_cheek/chrom,left_cheek,left_cheek,baseline,chrom,nonfinite_bvp,0.9066666666666666,0.9066666567808164,0.0,0.0033333333333333335,False,,,,,,,,,,,,,,,
channel,0,baseline/left_cheek/pos,left_cheek,left_cheek,baseline,pos,nonfinite_bvp,0.9066666666666666,0.9066666567808164,0.0,0.0033333333333333335,False,,,,,,,,,,,,,,,
channel,0,baseline/right_cheek/chrom,right_cheek,right_cheek,baseline,chrom,nonfinite_bvp,0.9066666666666666,0.7748698809433527,0.0,0.06333333333333334,False,,,,,,,,,,,,,,,
channel,0,baseline/right_cheek/pos,right_cheek,right_cheek,baseline,pos,nonfinite_bvp,0.9066666666666666,0.7748698809433527,0.0,0.06333333333333334,False,,,,,,,,,,,,,,,
channel,0,tracked/forehead/chrom,forehead,forehead,tracked,chrom,nonfinite_bvp,0.9066666666666666,0.9066666570455182,0.05,0.0033333333333333335,False,,,,,,,,,,,,,,,
channel,0,tracked/forehead/pos,forehead,forehead,tracked,pos,nonfinite_bvp,0.9066666666666666,0.9066666570455182,0.05,0.0033333333333333335,False,,,,,,,,,,,,,,,
channel,0,tracked/left_cheek/chrom,left_cheek,left_cheek,tracked,chrom,nonfinite_bvp,0.9066666666666666,0.9066666567808164,0.0,0.0033333333333333335,False,,,,,,,,,,,,,,,
channel,0,tracked/left_cheek/pos,left_cheek,left_cheek,tracked,pos,nonfinite_bvp,0.9066666666666666,0.9066666567808164,0.0,0.0033333333333333335,False,,,,,,,,,,,,,,,
channel,0,tracked/right_cheek/chrom,right_cheek,right_cheek,tracked,chrom,nonfinite_bvp,0.9066666666666666,0.7748698809433527,0.0,0.06333333333333334,False,,,,,,,,,,,,,,,
channel,0,tracked/right_cheek/pos,right_cheek,right_cheek,tracked,pos,nonfinite_bvp,0.9066666666666666,0.7748698809433527,0.0,0.06333333333333334,False,,,,,,,,,,,,,,,
channel,1,baseline/forehead/chrom,forehead,forehead,baseline,chrom,nonfinite_bvp,1.0,0.9999999894155004,0.06,0.0,False,,,,,,,,,,,,,,,
channel,1,baseline/forehead/pos,forehead,forehead,baseline,pos,nonfinite_bvp,1.0,0.9999999894155004,0.06,0.0,False,,,,,,,,,,,,,,,
channel,1,baseline/left_cheek/chrom,left_cheek,left_cheek,baseline,chrom,nonfinite_bvp,1.0,0.9999999890321682,0.0,0.0,False,,,,,,,,,,,,,,,
channel,1,baseline/left_cheek/pos,left_cheek,left_cheek,baseline,pos,nonfinite_bvp,1.0,0.9999999890321682,0.0,0.0,False,,,,,,,,,,,,,,,
channel,1,baseline/right_cheek/chrom,right_cheek,right_cheek,baseline,chrom,nonfinite_bvp,1.0,0.8457032135325296,0.0,0.07,False,,,,,,,,,,,,,,,
channel,1,baseline/right_cheek/pos,right_cheek,right_cheek,baseline,pos,nonfinite_bvp,1.0,0.8457032135325296,0.0,0.07,False,,,,,,,,,,,,,,,
channel,1,tracked/forehead/chrom,forehead,forehead,tracked,chrom,nonfinite_bvp,1.0,0.9999999894155004,0.06,0.0,False,,,,,,,,,,,,,,,
channel,1,tracked/forehead/pos,forehead,forehead,tracked,pos,nonfinite_bvp,1.0,0.9999999894155004,0.06,0.0,False,,,,,,,,,,,,,,,
channel,1,tracked/left_cheek/chrom,left_cheek,left_cheek,tracked,chrom,nonfinite_bvp,1.0,0.9999999890321682,0.0,0.0,False,,,,,,,,,,,,,,,
channel,1,tracked/left_cheek/pos,left_cheek,left_cheek,tracked,pos,nonfinite_bvp,1.0,0.9999999890321682,0.0,0.0,False,,,,,,,,,,,,,,,
channel,1,tracked/right_cheek/chrom,right_cheek,right_cheek,tracked,chrom,nonfinite_bvp,1.0,0.8457032135325296,0.0,0.07,False,,,,,,,,,,,,,,,
channel,1,tracked/right_cheek/pos,right_cheek,right_cheek,tracked,pos,nonfinite_bvp,1.0,0.8457032135325296,0.0,0.07,False,,,,,,,,,,,,,,,
channel,2,baseline/forehead/chrom,forehead,forehead,baseline,chrom,nonfinite_bvp,1.0,0.9999999891620799,0.03333333333333333,0.0,False,,,,,,,,,,,,,,,
channel,2,baseline/forehead/pos,forehead,forehead,baseline,pos,nonfinite_bvp,1.0,0.9999999891620799,0.03333333333333333,0.0,False,,,,,,,,,,,,,,,
channel,2,baseline/left_cheek/chrom,left_cheek,left_cheek,baseline,chrom,nonfinite_bvp,1.0,0.999999989056754,0.0,0.0,False,,,,,,,,,,,,,,,
channel,2,baseline/left_cheek/pos,left_cheek,left_cheek,baseline,pos,nonfinite_bvp,1.0,0.999999989056754,0.0,0.0,False,,,,,,,,,,,,,,,
channel,2,baseline/right_cheek/chrom,right_cheek,right_cheek,baseline,chrom,nonfinite_bvp,1.0,0.8311420239793641,0.0,0.08333333333333333,False,,,,,,,,,,,,,,,
channel,2,baseline/right_cheek/pos,right_cheek,right_cheek,baseline,pos,nonfinite_bvp,1.0,0.8311420239793641,0.0,0.08333333333333333,False,,,,,,,,,,,,,,,
channel,2,tracked/forehead/chrom,forehead,forehead,tracked,chrom,nonfinite_bvp,1.0,0.9999999891620799,0.03333333333333333,0.0,False,,,,,,,,,,,,,,,
channel,2,tracked/forehead/pos,forehead,forehead,tracked,pos,nonfinite_bvp,1.0,0.9999999891620799,0.03333333333333333,0.0,False,,,,,,,,,,,,,,,
channel,2,tracked/left_cheek/chrom,left_cheek,left_cheek,tracked,chrom,nonfinite_bvp,1.0,0.999999989056754,0.0,0.0,False,,,,,,,,,,,,,,,
channel,2,tracked/left_cheek/pos,left_cheek,left_cheek,tracked,pos,nonfinite_bvp,1.0,0.999999989056754,0.0,0.0,False,,,,,,,,,,,,,,,
channel,2,tracked/right_cheek/chrom,right_cheek,right_cheek,tracked,chrom,nonfinite_bvp,1.0,0.8311420239793641,0.0,0.08333333333333333,False,,,,,,,,,,,,,,,
channel,2,tracked/right_cheek/pos,right_cheek,right_cheek,tracked,pos,nonfinite_bvp,1.0,0.8311420239793641,0.0,0.08333333333333333,False,,,,,,,,,,,,,,,
channel,3,baseline/forehead/chrom,forehead,forehead,baseline,chrom,eligible,1.0,0.9999999890797789,0.02666666666666667,0.0,False,185.0,0.5111895209152164,10.235772077473968,0.27587412884110946,,,,,,,,,,,
channel,3,baseline/forehead/pos,forehead,forehead,baseline,pos,eligible,1.0,0.9999999890797789,0.02666666666666667,0.0,True,185.0,0.6514701422784377,9.48801762187091,0.36381400299040656,,,,,,,,,,,
channel,3,baseline/left_cheek/chrom,left_cheek,left_cheek,baseline,chrom,eligible,1.0,0.9999999891712753,0.0,0.0,False,186.0,0.3212030316478834,10.072488358657381,0.17462627308455664,,,,,,,,,,,
channel,3,baseline/left_cheek/pos,left_cheek,left_cheek,baseline,pos,eligible,1.0,0.9999999891712753,0.0,0.0,True,186.0,0.41482056763362185,9.587876089242428,0.23058529662786048,,,,,,,,,,,
channel,3,baseline/right_cheek/chrom,right_cheek,right_cheek,baseline,chrom,eligible,1.0,0.8157269072343469,0.0,0.09333333333333334,False,49.0,0.22948326857449475,37.444292729854666,0.05569498663758177,,,,,,,,,,,
channel,3,baseline/right_cheek/pos,right_cheek,right_cheek,baseline,pos,eligible,1.0,0.8157269072343469,0.0,0.09333333333333334,True,91.0,0.230384921256455,12.614181822947813,0.11231813736339608,,,,,,,,,,,
channel,3,tracked/forehead/chrom,forehead,forehead,tracked,chrom,tracking_ineligible,1.0,0.9999999890797789,0.02666666666666667,0.0,False,,,,,,,,,,,,,,,
channel,3,tracked/forehead/pos,forehead,forehead,tracked,pos,tracking_ineligible,1.0,0.9999999890797789,0.02666666666666667,0.0,False,,,,,,,,,,,,,,,
channel,3,tracked/left_cheek/chrom,left_cheek,left_cheek,tracked,chrom,tracking_ineligible,1.0,0.9999999891712753,0.0,0.0,False,,,,,,,,,,,,,,,
channel,3,tracked/left_cheek/pos,left_cheek,left_cheek,tracked,pos,tracking_ineligible,1.0,0.9999999891712753,0.0,0.0,False,,,,,,,,,,,,,,,
channel,3,tracked/right_cheek/chrom,right_cheek,right_cheek,tracked,chrom,tracking_ineligible,1.0,0.8157269072343469,0.0,0.09333333333333334,False,,,,,,,,,,,,,,,
channel,3,tracked/right_cheek/pos,right_cheek,right_cheek,tracked,pos,tracking_ineligible,1.0,0.8157269072343469,0.0,0.09333333333333334,False,,,,,,,,,,,,,,,
cluster,3,,,,,,,,,,,,185.0,0.5302900997588322,9.658329705373717,0.29381218605824083,0.0,"[""forehead"", ""left_cheek""]","[""forehead"", ""left_cheek""]",2.0,2.0,True,0.19587479070549388,True,,,
cluster,3,,,,,,,,,,,,91.0,0.23038492125645493,12.614181822947813,0.11231813736339605,1.0,"[""right_cheek""]","[""right_cheek""]",1.0,1.0,False,0.037439379121132016,False,,,
contributor,3,baseline/forehead/pos,forehead,forehead,,,,,,,,,185.0,,,,,,,,,,,,0.5,1.0,baseline/forehead/pos
contributor,3,baseline/left_cheek/pos,left_cheek,left_cheek,,,,,,,,,186.0,,,,,,,,,,,,0.5,1.0,baseline/forehead/pos
channel,4,baseline/forehead/chrom,forehead,forehead,baseline,chrom,eligible,1.0,0.9999999889924834,0.03333333333333333,0.0,False,183.0,0.49855805533242054,10.172013650368797,0.2698310021962996,,,,,,,,,,,
channel,4,baseline/forehead/pos,forehead,forehead,baseline,pos,eligible,1.0,0.9999999889924834,0.03333333333333333,0.0,True,184.0,0.6155468207114934,9.791216103469736,0.33896969372727137,,,,,,,,,,,
channel,4,baseline/left_cheek/chrom,left_cheek,left_cheek,baseline,chrom,eligible,1.0,0.9991666559412015,0.0,0.0033333333333333335,False,184.0,0.3529990717790672,12.566556819110787,0.1724290828600592,,,,,,,,,,,
channel,4,baseline/left_cheek/pos,left_cheek,left_cheek,baseline,pos,eligible,1.0,0.9991666559412015,0.0,0.0033333333333333335,True,184.0,0.48739812544796135,10.965902921385918,0.2546722210485849,,,,,,,,,,,
channel,4,baseline/right_cheek/chrom,right_cheek,right_cheek,baseline,chrom,eligible,1.0,0.7965602410357966,0.0,0.1,False,54.0,0.24841556204086832,36.25854603354189,0.06177116779313031,,,,,,,,,,,
channel,4,baseline/right_cheek/pos,right_cheek,right_cheek,baseline,pos,eligible,1.0,0.7965602410357966,0.0,0.1,True,92.0,0.23546238978716308,11.343336503146318,0.12104305128211286,,,,,,,,,,,
channel,4,tracked/forehead/chrom,forehead,forehead,tracked,chrom,tracking_ineligible,1.0,0.9999999889924834,0.03333333333333333,0.0,False,,,,,,,,,,,,,,,
channel,4,tracked/forehead/pos,forehead,forehead,tracked,pos,tracking_ineligible,1.0,0.9999999889924834,0.03333333333333333,0.0,False,,,,,,,,,,,,,,,
channel,4,tracked/left_cheek/chrom,left_cheek,left_cheek,tracked,chrom,tracking_ineligible,1.0,0.9991666559412015,0.0,0.0033333333333333335,False,,,,,,,,,,,,,,,
channel,4,tracked/left_cheek/pos,left_cheek,left_cheek,tracked,pos,tracking_ineligible,1.0,0.9991666559412015,0.0,0.0033333333333333335,False,,,,,,,,,,,,,,,
channel,4,tracked/right_cheek/chrom,right_cheek,right_cheek,tracked,chrom,tracking_ineligible,1.0,0.7965602410357966,0.0,0.1,False,,,,,,,,,,,,,,,
channel,4,tracked/right_cheek/pos,right_cheek,right_cheek,tracked,pos,tracking_ineligible,1.0,0.7965602410357966,0.0,0.1,False,,,,,,,,,,,,,,,
cluster,4,,,,,,,,,,,,184.0,0.5514724730797274,10.242066310216813,0.2975294464398267,0.0,"[""forehead"", ""left_cheek""]","[""forehead"", ""left_cheek""]",2.0,2.0,True,0.1983529642932178,True,,,
cluster,4,,,,,,,,,,,,92.0,0.23546238978716305,11.343336503146318,0.12104305128211285,1.0,"[""right_cheek""]","[""right_cheek""]",1.0,1.0,False,0.04034768376070428,False,,,
contributor,4,baseline/forehead/pos,forehead,forehead,,,,,,,,,184.0,,,,,,,,,,,,0.5,1.0,baseline/forehead/pos
contributor,4,baseline/left_cheek/pos,left_cheek,left_cheek,,,,,,,,,184.0,,,,,,,,,,,,0.5,1.0,baseline/forehead/pos
channel,5,baseline/forehead/chrom,forehead,forehead,baseline,chrom,eligible,1.0,0.9999999889131963,0.03666666666666667,0.0,False,182.0,0.4699313122223614,9.679512948454061,0.26011542602807686,,,,,,,,,,,
channel,5,baseline/forehead/pos,forehead,forehead,baseline,pos,eligible,1.0,0.9999999889131963,0.03666666666666667,0.0,True,183.0,0.5854147535013249,9.910349662431315,0.320623684708296,,,,,,,,,,,
channel,5,baseline/left_cheek/chrom,left_cheek,left_cheek,baseline,chrom,eligible,1.0,0.999166655649846,0.0,0.0033333333333333335,False,182.0,0.3841825807690259,9.907644996483555,0.21043754223552108,,,,,,,,,,,
channel,5,baseline/left_cheek/pos,left_cheek,left_cheek,baseline,pos,eligible,1.0,0.999166655649846,0.0,0.0033333333333333335,True,183.0,0.5637181740411324,9.604521786547792,0.31311121603745135,,,,,,,,,,,
channel,5,baseline/right_cheek/chrom,right_cheek,right_cheek,baseline,chrom,eligible,1.0,0.7965602406899132,0.0,0.1,False,55.0,0.2518469894670297,24.733574934609138,0.08227252258959897,,,,,,,,,,,
channel,5,baseline/right_cheek/pos,right_cheek,right_cheek,baseline,pos,eligible,1.0,0.7965602406899132,0.0,0.1,True,92.0,0.260175334157914,8.190523724664274,0.15463214587549695,,,,,,,,,,,
channel,5,tracked/forehead/chrom,forehead,forehead,tracked,chrom,tracking_ineligible,1.0,0.9999999889131963,0.03666666666666667,0.0,False,,,,,,,,,,,,,,,
channel,5,tracked/forehead/pos,forehead,forehead,tracked,pos,tracking_ineligible,1.0,0.9999999889131963,0.03666666666666667,0.0,False,,,,,,,,,,,,,,,
channel,5,tracked/left_cheek/chrom,left_cheek,left_cheek,tracked,chrom,tracking_ineligible,1.0,0.999166655649846,0.0,0.0033333333333333335,False,,,,,,,,,,,,,,,
channel,5,tracked/left_cheek/pos,left_cheek,left_cheek,tracked,pos,tracking_ineligible,1.0,0.999166655649846,0.0,0.0033333333333333335,False,,,,,,,,,,,,,,,
channel,5,tracked/right_cheek/chrom,right_cheek,right_cheek,tracked,chrom,tracking_ineligible,1.0,0.7965602406899132,0.0,0.1,False,,,,,,,,,,,,,,,
channel,5,tracked/right_cheek/pos,right_cheek,right_cheek,tracked,pos,tracking_ineligible,1.0,0.7965602406899132,0.0,0.1,False,,,,,,,,,,,,,,,
cluster,5,,,,,,,,,,,,183.0,0.5745664637712288,9.759339182577236,0.3168661284886551,0.0,"[""forehead"", ""left_cheek""]","[""forehead"", ""left_cheek""]",2.0,2.0,True,0.21124408565910338,True,,,
cluster,5,,,,,,,,,,,,92.0,0.260175334157914,8.190523724664274,0.15463214587549695,1.0,"[""right_cheek""]","[""right_cheek""]",1.0,1.0,False,0.05154404862516565,False,,,
contributor,5,baseline/forehead/pos,forehead,forehead,,,,,,,,,183.0,,,,,,,,,,,,0.5,1.0,baseline/forehead/pos
contributor,5,baseline/left_cheek/pos,left_cheek,left_cheek,,,,,,,,,183.0,,,,,,,,,,,,0.5,1.0,baseline/forehead/pos
channel,6,baseline/forehead/chrom,forehead,forehead,baseline,chrom,eligible,1.0,0.9999999891601858,0.04,0.0,False,182.0,0.42239823013171823,10.04101410748595,0.22997030612393973,,,,,,,,,,,
channel,6,baseline/forehead/pos,forehead,forehead,baseline,pos,eligible,1.0,0.9999999891601858,0.04,0.0,True,183.0,0.5281369466881314,10.209388047683746,0.28535875669561905,,,,,,,,,,,
channel,6,baseline/left_cheek/chrom,left_cheek,left_cheek,baseline,chrom,eligible,1.0,0.9991666554475629,0.0,0.0033333333333333335,False,182.0,0.36546397235426,8.3853863571766,0.21513291881795496,,,,,,,,,,,
channel,6,baseline/left_cheek/pos,left_cheek,left_cheek,baseline,pos,eligible,1.0,0.9991666554475629,0.0,0.0033333333333333335,True,183.0,0.5889962131511629,8.468629505754507,0.34530668288401456,,,,,,,,,,,
channel,6,baseline/right_cheek/chrom,right_cheek,right_cheek,baseline,chrom,eligible,1.0,0.7915602406617107,0.0,0.09333333333333334,False,127.0,0.1610345163284584,5.442903240050342,0.1107851238608329,,,,,,,,,,,
channel,6,baseline/right_cheek/pos,right_cheek,right_cheek,baseline,pos,eligible,1.0,0.7915602406617107,0.0,0.09333333333333334,True,92.0,0.22978014493293544,6.2640129637280495,0.15097239279622107,,,,,,,,,,,
channel,6,tracked/forehead/chrom,forehead,forehead,tracked,chrom,tracking_ineligible,1.0,0.9999999891601858,0.04,0.0,False,,,,,,,,,,,,,,,
channel,6,tracked/forehead/pos,forehead,forehead,tracked,pos,tracking_ineligible,1.0,0.9999999891601858,0.04,0.0,False,,,,,,,,,,,,,,,
channel,6,tracked/left_cheek/chrom,left_cheek,left_cheek,tracked,chrom,tracking_ineligible,1.0,0.9991666554475629,0.0,0.0033333333333333335,False,,,,,,,,,,,,,,,
channel,6,tracked/left_cheek/pos,left_cheek,left_cheek,tracked,pos,tracking_ineligible,1.0,0.9991666554475629,0.0,0.0033333333333333335,False,,,,,,,,,,,,,,,
channel,6,tracked/right_cheek/chrom,right_cheek,right_cheek,tracked,chrom,tracking_ineligible,1.0,0.7915602406617107,0.0,0.09333333333333334,False,,,,,,,,,,,,,,,
channel,6,tracked/right_cheek/pos,right_cheek,right_cheek,tracked,pos,tracking_ineligible,1.0,0.7915602406617107,0.0,0.09333333333333334,False,,,,,,,,,,,,,,,
cluster,6,,,,,,,,,,,,183.0,0.4613002587254388,8.816774487241219,0.2659203090324144,0.0,"[""forehead"", ""left_cheek"", ""right_cheek""]","[""forehead"", ""left_cheek"", ""right_cheek""]",3.0,3.0,True,0.2659203090324144,True,,,
contributor,6,baseline/forehead/pos,forehead,forehead,,,,,,,,,183.0,,,,,,,,,,,,0.3333333333333333,1.0,baseline/left_cheek/pos
contributor,6,baseline/left_cheek/pos,left_cheek,left_cheek,,,,,,,,,183.0,,,,,,,,,,,,0.3333333333333333,1.0,baseline/left_cheek/pos
contributor,6,baseline/right_cheek/pos,right_cheek,right_cheek,,,,,,,,,92.0,,,,,,,,,,,,0.3333333333333333,1.0,baseline/left_cheek/pos
channel,7,baseline/forehead/chrom,forehead,forehead,baseline,chrom,eligible,1.0,0.999999989326933,0.04,0.0,False,182.0,0.36788266086307597,10.754509080238336,0.19400954398927742,,,,,,,,,,,
channel,7,baseline/forehead/pos,forehead,forehead,baseline,pos,eligible,1.0,0.999999989326933,0.04,0.0,True,184.0,0.4395172215171754,10.513082420468294,0.23427296892099223,,,,,,,,,,,
channel,7,baseline/left_cheek/chrom,left_cheek,left_cheek,baseline,chrom,eligible,1.0,0.9991666552802335,0.0,0.0033333333333333335,False,183.0,0.35620527382528006,8.181072326000248,0.21180555804244178,,,,,,,,,,,
channel,7,baseline/left_cheek/pos,left_cheek,left_cheek,baseline,pos,eligible,1.0,0.9991666552802335,0.0,0.0033333333333333335,True,183.0,0.5753862877962136,8.153188497383468,0.3426075955400808,,,,,,,,,,,
channel,7,baseline/right_cheek/chrom,right_cheek,right_cheek,baseline,chrom,eligible,1.0,0.7898935737705898,0.0,0.08666666666666667,True,127.0,0.24485979225634477,10.583512540713727,0.13010896784895248,,,,,,,,,,,
channel,7,baseline/right_cheek/pos,right_cheek,right_cheek,baseline,pos,eligible,1.0,0.7898935737705898,0.0,0.08666666666666667,False,183.0,0.2282533397029004,9.552117139920199,0.12708914203892205,,,,,,,,,,,
channel,7,tracked/forehead/chrom,forehead,forehead,tracked,chrom,tracking_ineligible,1.0,0.999999989326933,0.04,0.0,False,,,,,,,,,,,,,,,
channel,7,tracked/forehead/pos,forehead,forehead,tracked,pos,tracking_ineligible,1.0,0.999999989326933,0.04,0.0,False,,,,,,,,,,,,,,,
channel,7,tracked/left_cheek/chrom,left_cheek,left_cheek,tracked,chrom,tracking_ineligible,1.0,0.9991666552802335,0.0,0.0033333333333333335,False,,,,,,,,,,,,,,,
channel,7,tracked/left_cheek/pos,left_cheek,left_cheek,tracked,pos,tracking_ineligible,1.0,0.9991666552802335,0.0,0.0033333333333333335,False,,,,,,,,,,,,,,,
channel,7,tracked/right_cheek/chrom,right_cheek,right_cheek,tracked,chrom,tracking_ineligible,1.0,0.7898935737705898,0.0,0.08666666666666667,False,,,,,,,,,,,,,,,
channel,7,tracked/right_cheek/pos,right_cheek,right_cheek,tracked,pos,tracking_ineligible,1.0,0.7898935737705898,0.0,0.08666666666666667,False,,,,,,,,,,,,,,,
cluster,7,,,,,,,,,,,,183.0,0.5108933592813268,8.961921099475575,0.2924693916307748,0.0,"[""forehead"", ""left_cheek""]","[""forehead"", ""left_cheek""]",2.0,2.0,True,0.19497959442051652,True,,,
cluster,7,,,,,,,,,,,,127.0,0.24485979225634477,10.583512540713755,0.13010896784895232,1.0,"[""right_cheek""]","[""right_cheek""]",1.0,1.0,False,0.043369655949650775,False,,,
contributor,7,baseline/forehead/pos,forehead,forehead,,,,,,,,,184.0,,,,,,,,,,,,0.5,1.0,baseline/forehead/pos
contributor,7,baseline/left_cheek/pos,left_cheek,left_cheek,,,,,,,,,183.0,,,,,,,,,,,,0.5,1.0,baseline/forehead/pos
channel,8,baseline/forehead/chrom,forehead,forehead,baseline,chrom,eligible,1.0,0.9999999891890893,0.043333333333333335,0.0,False,94.0,0.32565467161099215,8.18965907797893,0.19355730793860929,,,,,,,,,,,
channel,8,baseline/forehead/pos,forehead,forehead,baseline,pos,eligible,1.0,0.9999999891890893,0.043333333333333335,0.0,True,186.0,0.36594311629646054,9.590020466116641,0.2033957032347077,,,,,,,,,,,
channel,8,baseline/left_cheek/chrom,left_cheek,left_cheek,baseline,chrom,eligible,1.0,0.9974999886442035,0.0,0.01,False,185.0,0.4248224685969195,9.087473854744871,0.2417487110252406,,,,,,,,,,,
channel,8,baseline/left_cheek/pos,left_cheek,left_cheek,baseline,pos,eligible,1.0,0.9974999886442035,0.0,0.01,True,184.0,0.5704878237862295,8.693685498811476,0.3308184946479417,,,,,,,,,,,
channel,8,baseline/right_cheek/chrom,right_cheek,right_cheek,baseline,chrom,eligible,1.0,0.7774999907791215,0.0,0.07,True,126.0,0.25538218246927646,16.73898435651401,0.10663515980990801,,,,,,,,,,,
channel,8,baseline/right_cheek/pos,right_cheek,right_cheek,baseline,pos,eligible,1.0,0.7774999907791215,0.0,0.07,False,185.0,0.19227098979753676,10.948144544362606,0.10054197946636326,,,,,,,,,,,
channel,8,tracked/forehead/chrom,forehead,forehead,tracked,chrom,tracking_ineligible,1.0,0.9999999891890893,0.043333333333333335,0.0,False,,,,,,,,,,,,,,,
channel,8,tracked/forehead/pos,forehead,forehead,tracked,pos,tracking_ineligible,1.0,0.9999999891890893,0.043333333333333335,0.0,False,,,,,,,,,,,,,,,
channel,8,tracked/left_cheek/chrom,left_cheek,left_cheek,tracked,chrom,tracking_ineligible,1.0,0.9974999886442035,0.0,0.01,False,,,,,,,,,,,,,,,
channel,8,tracked/left_cheek/pos,left_cheek,left_cheek,tracked,pos,tracking_ineligible,1.0,0.9974999886442035,0.0,0.01,False,,,,,,,,,,,,,,,
channel,8,tracked/right_cheek/chrom,right_cheek,right_cheek,tracked,chrom,tracking_ineligible,1.0,0.7774999907791215,0.0,0.07,False,,,,,,,,,,,,,,,
channel,8,tracked/right_cheek/pos,right_cheek,right_cheek,tracked,pos,tracking_ineligible,1.0,0.7774999907791215,0.0,0.07,False,,,,,,,,,,,,,,,
cluster,8,,,,,,,,,,,,185.0,0.4707829810651856,9.183523545157016,0.26668820041856517,0.0,"[""forehead"", ""left_cheek""]","[""forehead"", ""left_cheek""]",2.0,2.0,True,0.17779213361237678,True,,,
cluster,8,,,,,,,,,,,,126.0,0.2553821824692765,16.73898435651401,0.10663515980990802,1.0,"[""right_cheek""]","[""right_cheek""]",1.0,1.0,False,0.03554505326996934,False,,,
contributor,8,baseline/forehead/pos,forehead,forehead,,,,,,,,,186.0,,,,,,,,,,,,0.5,1.0,baseline/forehead/pos
contributor,8,baseline/left_cheek/pos,left_cheek,left_cheek,,,,,,,,,184.0,,,,,,,,,,,,0.5,1.0,baseline/forehead/pos
channel,9,baseline/forehead/chrom,forehead,forehead,baseline,chrom,eligible,1.0,0.9999999888812706,0.043333333333333335,0.0,True,94.0,0.43221147762073153,7.532008854137629,0.26554041472032563,,,,,,,,,,,
channel,9,baseline/forehead/pos,forehead,forehead,baseline,pos,eligible,1.0,0.9999999888812706,0.043333333333333335,0.0,False,94.0,0.4049641502027322,8.051442185754098,0.24235512625048752,,,,,,,,,,,
channel,9,baseline/left_cheek/chrom,left_cheek,left_cheek,baseline,chrom,eligible,1.0,0.9933333221605964,0.0,0.02,False,186.0,0.5289116430437713,9.209858493557988,0.2992447930971814,,,,,,,,,,,
channel,9,baseline/left_cheek/pos,left_cheek,left_cheek,baseline,pos,eligible,1.0,0.9933333221605964,0.0,0.02,True,185.0,0.5818506368937573,8.929250034329897,0.3336100257425512,,,,,,,,,,,
channel,9,baseline/right_cheek/chrom,right_cheek,right_cheek,baseline,chrom,eligible,1.0,0.7766666572039742,0.0,0.06666666666666667,False,126.0,0.23715477484119907,18.130986877977648,0.09444952167080824,,,,,,,,,,,
channel,9,baseline/right_cheek/pos,right_cheek,right_cheek,baseline,pos,eligible,1.0,0.7766666572039742,0.0,0.06666666666666667,True,92.0,0.21049606031467874,10.387615834560734,0.1128281252654301,,,,,,,,,,,
channel,9,tracked/forehead/chrom,forehead,forehead,tracked,chrom,tracking_ineligible,1.0,0.9999999888812706,0.043333333333333335,0.0,False,,,,,,,,,,,,,,,
channel,9,tracked/forehead/pos,forehead,forehead,tracked,pos,tracking_ineligible,1.0,0.9999999888812706,0.043333333333333335,0.0,False,,,,,,,,,,,,,,,
channel,9,tracked/left_cheek/chrom,left_cheek,left_cheek,tracked,chrom,tracking_ineligible,1.0,0.9933333221605964,0.0,0.02,False,,,,,,,,,,,,,,,
channel,9,tracked/left_cheek/pos,left_cheek,left_cheek,tracked,pos,tracking_ineligible,1.0,0.9933333221605964,0.0,0.02,False,,,,,,,,,,,,,,,
channel,9,tracked/right_cheek/chrom,right_cheek,right_cheek,tracked,chrom,tracking_ineligible,1.0,0.7766666572039742,0.0,0.06666666666666667,False,,,,,,,,,,,,,,,
channel,9,tracked/right_cheek/pos,right_cheek,right_cheek,tracked,pos,tracking_ineligible,1.0,0.7766666572039742,0.0,0.06666666666666667,False,,,,,,,,,,,,,,,
cluster,9,,,,,,,,,,,,93.0,0.318833653191791,8.415193268101675,0.18740963105549166,0.0,"[""forehead"", ""right_cheek""]","[""forehead"", ""right_cheek""]",2.0,2.0,True,0.12493975403699444,True,,,
cluster,9,,,,,,,,,,,,185.0,0.5818506368937574,8.929250034329897,0.3336100257425513,1.0,"[""left_cheek""]","[""left_cheek""]",1.0,1.0,False,0.11120334191418375,False,,,
contributor,9,baseline/forehead/chrom,forehead,forehead,,,,,,,,,94.0,,,,,,,,,,,,0.5,-1.0,baseline/forehead/chrom
contributor,9,baseline/right_cheek/pos,right_cheek,right_cheek,,,,,,,,,92.0,,,,,,,,,,,,0.5,1.0,baseline/forehead/chrom
channel,10,baseline/forehead/chrom,forehead,forehead,baseline,chrom,eligible,1.0,0.9999999889159227,0.05,0.0,True,94.0,0.5572226031354464,8.721173254498169,0.3226975208159996,,,,,,,,,,,
channel,10,baseline/forehead/pos,forehead,forehead,baseline,pos,eligible,1.0,0.9999999889159227,0.05,0.0,False,94.0,0.5144427498511734,8.59399204713283,0.29976281354704865,,,,,,,,,,,
channel,10,baseline/left_cheek/chrom,left_cheek,left_cheek,baseline,chrom,eligible,1.0,0.9874999891409317,0.0,0.03,True,186.0,0.59257482789544,9.039443214722127,0.33797937816954704,,,,,,,,,,,
channel,10,baseline/left_cheek/pos,left_cheek,left_cheek,baseline,pos,eligible,1.0,0.9874999891409317,0.0,0.03,False,186.0,0.5785851265762959,9.009052562038363,0.3304776118967412,,,,,,,,,,,
channel,10,baseline/right_cheek/chrom,right_cheek,right_cheek,baseline,chrom,eligible,1.0,0.7724999905001869,0.0,0.06,False,148.0,0.21368053609110915,12.082242742825628,0.10647540017248616,,,,,,,,,,,
channel,10,baseline/right_cheek/pos,right_cheek,right_cheek,baseline,pos,eligible,1.0,0.7724999905001869,0.0,0.06,True,93.0,0.24949369417545258,11.178674887039051,0.1291671911658574,,,,,,,,,,,
channel,10,tracked/forehead/chrom,forehead,forehead,tracked,chrom,tracking_ineligible,1.0,0.9999999889159227,0.05,0.0,False,,,,,,,,,,,,,,,
channel,10,tracked/forehead/pos,forehead,forehead,tracked,pos,tracking_ineligible,1.0,0.9999999889159227,0.05,0.0,False,,,,,,,,,,,,,,,
channel,10,tracked/left_cheek/chrom,left_cheek,left_cheek,tracked,chrom,tracking_ineligible,1.0,0.9874999891409317,0.0,0.03,False,,,,,,,,,,,,,,,
channel,10,tracked/left_cheek/pos,left_cheek,left_cheek,tracked,pos,tracking_ineligible,1.0,0.9874999891409317,0.0,0.03,False,,,,,,,,,,,,,,,
channel,10,tracked/right_cheek/chrom,right_cheek,right_cheek,tracked,chrom,tracking_ineligible,1.0,0.7724999905001869,0.0,0.06,False,,,,,,,,,,,,,,,
channel,10,tracked/right_cheek/pos,right_cheek,right_cheek,tracked,pos,tracking_ineligible,1.0,0.7724999905001869,0.0,0.06,False,,,,,,,,,,,,,,,
cluster,10,,,,,,,,,,,,93.0,0.40717896243810736,9.465292075874416,0.22763014507261228,0.0,"[""forehead"", ""right_cheek""]","[""forehead"", ""right_cheek""]",2.0,2.0,True,0.1517534300484082,True,,,
cluster,10,,,,,,,,,,,,186.0,0.5925748278954399,9.039443214722127,0.337979378169547,1.0,"[""left_cheek""]","[""left_cheek""]",1.0,1.0,False,0.11265979272318233,False,,,
contributor,10,baseline/forehead/chrom,forehead,forehead,,,,,,,,,94.0,,,,,,,,,,,,0.5,-1.0,baseline/forehead/chrom
contributor,10,baseline/right_cheek/pos,right_cheek,right_cheek,,,,,,,,,93.0,,,,,,,,,,,,0.5,1.0,baseline/forehead/chrom
channel,11,baseline/forehead/chrom,forehead,forehead,baseline,chrom,eligible,1.0,0.9999999885974584,0.043333333333333335,0.0,False,94.0,0.5952423318036614,10.367764942770165,0.31933937073818847,,,,,,,,,,,
channel,11,baseline/forehead/pos,forehead,forehead,baseline,pos,eligible,1.0,0.9999999885974584,0.043333333333333335,0.0,True,94.0,0.5784190155426411,9.608400151792054,0.32121897677538386,,,,,,,,,,,
channel,11,baseline/left_cheek/chrom,left_cheek,left_cheek,baseline,chrom,eligible,1.0,0.9808333226005944,0.0,0.043333333333333335,True,185.0,0.612779419003133,9.107787793245052,0.3483715631436672,,,,,,,,,,,
channel,11,baseline/left_cheek/pos,left_cheek,left_cheek,baseline,pos,eligible,1.0,0.9808333226005944,0.0,0.043333333333333335,False,185.0,0.5578223905840093,9.171134911324316,0.31617901992715564,,,,,,,,,,,
channel,11,baseline/right_cheek/chrom,right_cheek,right_cheek,baseline,chrom,eligible,1.0,0.7699999906824102,0.0,0.05,False,148.0,0.1953821614125625,10.725588918803055,0.1031694247980896,,,,,,,,,,,
channel,11,baseline/right_cheek/pos,right_cheek,right_cheek,baseline,pos,eligible,1.0,0.7699999906824102,0.0,0.05,True,94.0,0.2676027388076549,11.401181519866924,0.13722524492900565,,,,,,,,,,,
channel,11,tracked/forehead/chrom,forehead,forehead,tracked,chrom,tracking_ineligible,1.0,0.9999999885974584,0.043333333333333335,0.0,False,,,,,,,,,,,,,,,
channel,11,tracked/forehead/pos,forehead,forehead,tracked,pos,tracking_ineligible,1.0,0.9999999885974584,0.043333333333333335,0.0,False,,,,,,,,,,,,,,,
channel,11,tracked/left_cheek/chrom,left_cheek,left_cheek,tracked,chrom,tracking_ineligible,1.0,0.9808333226005944,0.0,0.043333333333333335,False,,,,,,,,,,,,,,,
channel,11,tracked/left_cheek/pos,left_cheek,left_cheek,tracked,pos,tracking_ineligible,1.0,0.9808333226005944,0.0,0.043333333333333335,False,,,,,,,,,,,,,,,
channel,11,tracked/right_cheek/chrom,right_cheek,right_cheek,tracked,chrom,tracking_ineligible,1.0,0.7699999906824102,0.0,0.05,False,,,,,,,,,,,,,,,
channel,11,tracked/right_cheek/pos,right_cheek,right_cheek,tracked,pos,tracking_ineligible,1.0,0.7699999906824102,0.0,0.05,False,,,,,,,,,,,,,,,
cluster,11,,,,,,,,,,,,94.0,0.42301087717514796,10.094488189782538,0.2297464635749834,0.0,"[""forehead"", ""right_cheek""]","[""forehead"", ""right_cheek""]",2.0,2.0,True,0.15316430904998893,True,,,
cluster,11,,,,,,,,,,,,185.0,0.612779419003133,9.107787793245052,0.3483715631436672,1.0,"[""left_cheek""]","[""left_cheek""]",1.0,1.0,False,0.1161238543812224,False,,,
contributor,11,baseline/forehead/pos,forehead,forehead,,,,,,,,,94.0,,,,,,,,,,,,0.5,1.0,baseline/right_cheek/pos
contributor,11,baseline/right_cheek/pos,right_cheek,right_cheek,,,,,,,,,94.0,,,,,,,,,,,,0.5,1.0,baseline/right_cheek/pos
channel,12,baseline/forehead/chrom,forehead,forehead,baseline,chrom,eligible,1.0,0.9999999886197561,0.043333333333333335,0.0,False,94.0,0.5442715012259455,10.827122722367832,0.2861183204798518,,,,,,,,,,,
channel,12,baseline/forehead/pos,forehead,forehead,baseline,pos,eligible,1.0,0.9999999886197561,0.043333333333333335,0.0,True,95.0,0.5897922454009376,10.741330075959112,0.31121781009164473,,,,,,,,,,,
channel,12,baseline/left_cheek/chrom,left_cheek,left_cheek,baseline,chrom,eligible,1.0,0.980833322525361,0.0,0.043333333333333335,True,185.0,0.5784550083984947,9.130393365006512,0.32850595731348314,,,,,,,,,,,
channel,12,baseline/left_cheek/pos,left_cheek,left_cheek,baseline,pos,eligible,1.0,0.980833322525361,0.0,0.043333333333333335,False,185.0,0.5244641024952366,9.22819606636807,0.29647216420399325,,,,,,,,,,,
channel,12,baseline/right_cheek/chrom,right_cheek,right_cheek,baseline,chrom,eligible,1.0,0.7649999909337816,0.0,0.04,False,58.0,0.19318350920220784,10.522618642718449,0.10292773443446672,,,,,,,,,,,
channel,12,baseline/right_cheek/pos,right_cheek,right_cheek,baseline,pos,eligible,1.0,0.7649999909337816,0.0,0.04,True,95.0,0.2633252545100366,9.680524210416038,0.1457484617739232,,,,,,,,,,,
channel,12,tracked/forehead/chrom,forehead,forehead,tracked,chrom,tracking_ineligible,1.0,0.9999999886197561,0.043333333333333335,0.0,False,,,,,,,,,,,,,,,
channel,12,tracked/forehead/pos,forehead,forehead,tracked,pos,tracking_ineligible,1.0,0.9999999886197561,0.043333333333333335,0.0,False,,,,,,,,,,,,,,,
channel,12,tracked/left_cheek/chrom,left_cheek,left_cheek,tracked,chrom,tracking_ineligible,1.0,0.980833322525361,0.0,0.043333333333333335,False,,,,,,,,,,,,,,,
channel,12,tracked/left_cheek/pos,left_cheek,left_cheek,tracked,pos,tracking_ineligible,1.0,0.980833322525361,0.0,0.043333333333333335,False,,,,,,,,,,,,,,,
channel,12,tracked/right_cheek/chrom,right_cheek,right_cheek,tracked,chrom,tracking_ineligible,1.0,0.7649999909337816,0.0,0.04,False,,,,,,,,,,,,,,,
channel,12,tracked/right_cheek/pos,right_cheek,right_cheek,tracked,pos,tracking_ineligible,1.0,0.7649999909337816,0.0,0.04,False,,,,,,,,,,,,,,,
cluster,12,,,,,,,,,,,,95.0,0.4265587499554872,10.374671294651847,0.228772299358398,0.0,"[""forehead"", ""right_cheek""]","[""forehead"", ""right_cheek""]",2.0,2.0,True,0.15251486623893198,True,,,
cluster,12,,,,,,,,,,,,185.0,0.5784550083984947,9.130393365006483,0.32850595731348364,1.0,"[""left_cheek""]","[""left_cheek""]",1.0,1.0,False,0.10950198577116121,False,,,
contributor,12,baseline/forehead/pos,forehead,forehead,,,,,,,,,95.0,,,,,,,,,,,,0.5,1.0,baseline/forehead/pos
contributor,12,baseline/right_cheek/pos,right_cheek,right_cheek,,,,,,,,,95.0,,,,,,,,,,,,0.5,1.0,baseline/forehead/pos
channel,13,baseline/forehead/chrom,forehead,forehead,baseline,chrom,eligible,1.0,0.9999999885997556,0.03666666666666667,0.0,False,95.0,0.45217868500476055,10.164182113514983,0.2448159012711073,,,,,,,,,,,
channel,13,baseline/forehead/pos,forehead,forehead,baseline,pos,eligible,1.0,0.9999999885997556,0.03666666666666667,0.0,True,96.0,0.5704250263281678,9.92971816575654,0.31213808878887933,,,,,,,,,,,
channel,13,baseline/left_cheek/chrom,left_cheek,left_cheek,baseline,chrom,eligible,1.0,0.9808333225778777,0.0,0.043333333333333335,True,185.0,0.46344208473736936,9.19075136752997,0.2624401995188275,,,,,,,,,,,
channel,13,baseline/left_cheek/pos,left_cheek,left_cheek,baseline,pos,eligible,1.0,0.9808333225778777,0.0,0.043333333333333335,False,185.0,0.4595596585123242,9.040823038961719,0.2620960164883369,,,,,,,,,,,
channel,13,baseline/right_cheek/chrom,right_cheek,right_cheek,baseline,chrom,eligible,1.0,0.7616666576068667,0.0,0.03333333333333333,False,58.0,0.20923416955707425,10.890984055542283,0.1096855438190296,,,,,,,,,,,
channel,13,baseline/right_cheek/pos,right_cheek,right_cheek,baseline,pos,eligible,1.0,0.7616666576068667,0.0,0.03333333333333333,True,96.0,0.26796451118518383,7.722179129583964,0.16304355178473817,,,,,,,,,,,
channel,13,tracked/forehead/chrom,forehead,forehead,tracked,chrom,tracking_ineligible,1.0,0.9999999885997556,0.03666666666666667,0.0,False,,,,,,,,,,,,,,,
channel,13,tracked/forehead/pos,forehead,forehead,tracked,pos,tracking_ineligible,1.0,0.9999999885997556,0.03666666666666667,0.0,False,,,,,,,,,,,,,,,
channel,13,tracked/left_cheek/chrom,left_cheek,left_cheek,tracked,chrom,tracking_ineligible,1.0,0.9808333225778777,0.0,0.043333333333333335,False,,,,,,,,,,,,,,,
channel,13,tracked/left_cheek/pos,left_cheek,left_cheek,tracked,pos,tracking_ineligible,1.0,0.9808333225778777,0.0,0.043333333333333335,False,,,,,,,,,,,,,,,
channel,13,tracked/right_cheek/chrom,right_cheek,right_cheek,tracked,chrom,tracking_ineligible,1.0,0.7616666576068667,0.0,0.03333333333333333,False,,,,,,,,,,,,,,,
channel,13,tracked/right_cheek/pos,right_cheek,right_cheek,tracked,pos,tracking_ineligible,1.0,0.7616666576068667,0.0,0.03333333333333333,False,,,,,,,,,,,,,,,
cluster,13,,,,,,,,,,,,96.0,0.4191947687566759,8.990176123089114,0.2396519779339421,0.0,"[""forehead"", ""right_cheek""]","[""forehead"", ""right_cheek""]",2.0,2.0,True,0.15976798528929473,True,,,
cluster,13,,,,,,,,,,,,185.0,0.46344208473736936,9.19075136752997,0.2624401995188275,1.0,"[""left_cheek""]","[""left_cheek""]",1.0,1.0,False,0.08748006650627584,False,,,
contributor,13,baseline/forehead/pos,forehead,forehead,,,,,,,,,96.0,,,,,,,,,,,,0.5,1.0,baseline/right_cheek/pos
contributor,13,baseline/right_cheek/pos,right_cheek,right_cheek,,,,,,,,,96.0,,,,,,,,,,,,0.5,1.0,baseline/right_cheek/pos
channel,14,baseline/forehead/chrom,forehead,forehead,baseline,chrom,eligible,1.0,0.9999999888347374,0.03,0.0,False,95.0,0.3415653146292805,8.827174910606843,0.1967997960906326,,,,,,,,,,,
channel,14,baseline/forehead/pos,forehead,forehead,baseline,pos,eligible,1.0,0.9999999888347374,0.03,0.0,True,95.0,0.5049405395166741,7.914319060798505,0.3042678213450864,,,,,,,,,,,
channel,14,baseline/left_cheek/chrom,left_cheek,left_cheek,baseline,chrom,eligible,1.0,0.9808333224567395,0.0,0.04,False,185.0,0.34720150287411916,9.012102636243867,0.19828658305250982,,,,,,,,,,,
channel,14,baseline/left_cheek/pos,left_cheek,left_cheek,baseline,pos,eligible,1.0,0.9808333224567395,0.0,0.04,True,186.0,0.38132779308149467,8.54608538267513,0.22271558945415726,,,,,,,,,,,
channel,14,baseline/right_cheek/chrom,right_cheek,right_cheek,baseline,chrom,eligible,1.0,0.7599999909511107,0.0,0.03,False,85.0,0.16918217137475733,9.11482163279581,0.09614980849962648,,,,,,,,,,,
channel,14,baseline/right_cheek/pos,right_cheek,right_cheek,baseline,pos,eligible,1.0,0.7599999909511107,0.0,0.03,True,95.0,0.2938873377764759,7.55014068138901,0.18038990669130814,,,,,,,,,,,
channel,14,tracked/forehead/chrom,forehead,forehead,tracked,chrom,tracking_ineligible,1.0,0.9999999888347374,0.03,0.0,False,,,,,,,,,,,,,,,
channel,14,tracked/forehead/pos,forehead,forehead,tracked,pos,tracking_ineligible,1.0,0.9999999888347374,0.03,0.0,False,,,,,,,,,,,,,,,
channel,14,tracked/left_cheek/chrom,left_cheek,left_cheek,tracked,chrom,tracking_ineligible,1.0,0.9808333224567395,0.0,0.04,False,,,,,,,,,,,,,,,
channel,14,tracked/left_cheek/pos,left_cheek,left_cheek,tracked,pos,tracking_ineligible,1.0,0.9808333224567395,0.0,0.04,False,,,,,,,,,,,,,,,
channel,14,tracked/right_cheek/chrom,right_cheek,right_cheek,tracked,chrom,tracking_ineligible,1.0,0.7599999909511107,0.0,0.03,False,,,,,,,,,,,,,,,
channel,14,tracked/right_cheek/pos,right_cheek,right_cheek,tracked,pos,tracking_ineligible,1.0,0.7599999909511107,0.0,0.03,False,,,,,,,,,,,,,,,
cluster,14,,,,,,,,,,,,95.0,0.39941393864657504,7.774207217488339,0.24238480011072164,0.0,"[""forehead"", ""right_cheek""]","[""forehead"", ""right_cheek""]",2.0,2.0,True,0.1615898667404811,True,,,
cluster,14,,,,,,,,,,,,186.0,0.38132779308149456,8.54608538267513,0.22271558945415718,1.0,"[""left_cheek""]","[""left_cheek""]",1.0,1.0,False,0.07423852981805239,False,,,
contributor,14,baseline/forehead/pos,forehead,forehead,,,,,,,,,95.0,,,,,,,,,,,,0.5,1.0,baseline/forehead/pos
contributor,14,baseline/right_cheek/pos,right_cheek,right_cheek,,,,,,,,,95.0,,,,,,,,,,,,0.5,1.0,baseline/forehead/pos
channel,15,baseline/forehead/chrom,forehead,forehead,baseline,chrom,eligible,1.0,0.9999999885798462,0.03333333333333333,0.0,False,96.0,0.2428351342264834,8.052425666182103,0.14532015523848682,,,,,,,,,,,
channel,15,baseline/forehead/pos,forehead,forehead,baseline,pos,eligible,1.0,0.9999999885798462,0.03333333333333333,0.0,True,95.0,0.4106922600254086,7.4778914170772595,0.25302056648616517,,,,,,,,,,,
channel,15,baseline/left_cheek/chrom,left_cheek,left_cheek,baseline,chrom,eligible,1.0,0.9799999891115374,0.0,0.043333333333333335,False,185.0,0.27321108575628356,8.808724238596511,0.15755569594191182,,,,,,,,,,,
channel,15,baseline/left_cheek/pos,left_cheek,left_cheek,baseline,pos,eligible,1.0,0.9799999891115374,0.0,0.043333333333333335,True,186.0,0.3309738694742257,8.378787972899431,0.19489316238887336,,,,,,,,,,,
channel,15,baseline/right_cheek/chrom,right_cheek,right_cheek,baseline,chrom,eligible,1.0,0.7624999912650476,0.0,0.03333333333333333,False,85.0,0.18773271353517126,25.397974505013792,0.06023835761800503,,,,,,,,,,,
channel,15,baseline/right_cheek/pos,right_cheek,right_cheek,baseline,pos,eligible,1.0,0.7624999912650476,0.0,0.03333333333333333,True,94.0,0.32529319920488337,10.040092073844647,0.17710989488519296,,,,,,,,,,,
channel,15,tracked/forehead/chrom,forehead,forehead,tracked,chrom,tracking_ineligible,1.0,0.9999999885798462,0.03333333333333333,0.0,False,,,,,,,,,,,,,,,
channel,15,tracked/forehead/pos,forehead,forehead,tracked,pos,tracking_ineligible,1.0,0.9999999885798462,0.03333333333333333,0.0,False,,,,,,,,,,,,,,,
channel,15,tracked/left_cheek/chrom,left_cheek,left_cheek,tracked,chrom,tracking_ineligible,1.0,0.9799999891115374,0.0,0.043333333333333335,False,,,,,,,,,,,,,,,
channel,15,tracked/left_cheek/pos,left_cheek,left_cheek,tracked,pos,tracking_ineligible,1.0,0.9799999891115374,0.0,0.043333333333333335,False,,,,,,,,,,,,,,,
channel,15,tracked/right_cheek/chrom,right_cheek,right_cheek,tracked,chrom,tracking_ineligible,1.0,0.7624999912650476,0.0,0.03333333333333333,False,,,,,,,,,,,,,,,
channel,15,tracked/right_cheek/pos,right_cheek,right_cheek,tracked,pos,tracking_ineligible,1.0,0.7624999912650476,0.0,0.03333333333333333,False,,,,,,,,,,,,,,,
cluster,15,,,,,,,,,,,,95.0,0.362268815058321,8.16986174436795,0.21553076742897018,0.0,"[""forehead"", ""right_cheek""]","[""forehead"", ""right_cheek""]",2.0,2.0,True,0.14368717828598013,True,,,
cluster,15,,,,,,,,,,,,186.0,0.33097386947422575,8.378787972899431,0.1948931623888734,1.0,"[""left_cheek""]","[""left_cheek""]",1.0,1.0,False,0.0649643874629578,False,,,
contributor,15,baseline/forehead/pos,forehead,forehead,,,,,,,,,95.0,,,,,,,,,,,,0.5,1.0,baseline/right_cheek/pos
contributor,15,baseline/right_cheek/pos,right_cheek,right_cheek,,,,,,,,,94.0,,,,,,,,,,,,0.5,1.0,baseline/right_cheek/pos
channel,16,baseline/forehead/chrom,forehead,forehead,baseline,chrom,eligible,1.0,0.9999999884815869,0.04,0.0,False,55.0,0.2476357658047412,10.435780338981075,0.1324504494498831,,,,,,,,,,,
channel,16,baseline/forehead/pos,forehead,forehead,baseline,pos,eligible,1.0,0.9999999884815869,0.04,0.0,True,96.0,0.3257718691688933,9.108826730610886,0.18519562834620823,,,,,,,,,,,
channel,16,baseline/left_cheek/chrom,left_cheek,left_cheek,baseline,chrom,eligible,1.0,0.9783333225891533,0.0,0.04666666666666667,False,186.0,0.23862672359148074,8.780717041408394,0.13779701043962128,,,,,,,,,,,
channel,16,baseline/left_cheek/pos,left_cheek,left_cheek,baseline,pos,eligible,1.0,0.9783333225891533,0.0,0.04666666666666667,True,186.0,0.3090447864526573,8.579515164042505,0.18020528704736535,,,,,,,,,,,
channel,16,baseline/right_cheek/chrom,right_cheek,right_cheek,baseline,chrom,eligible,1.0,0.7616666579204064,0.0,0.03,False,54.0,0.1663389549815182,16.31308705688715,0.07049981712582895,,,,,,,,,,,
channel,16,baseline/right_cheek/pos,right_cheek,right_cheek,baseline,pos,eligible,1.0,0.7616666579204064,0.0,0.03,True,92.0,0.3709146965566937,12.410595554386717,0.18233788474204024,,,,,,,,,,,
channel,16,tracked/forehead/chrom,forehead,forehead,tracked,chrom,tracking_ineligible,1.0,0.9999999884815869,0.04,0.0,False,,,,,,,,,,,,,,,
channel,16,tracked/forehead/pos,forehead,forehead,tracked,pos,tracking_ineligible,1.0,0.9999999884815869,0.04,0.0,False,,,,,,,,,,,,,,,
channel,16,tracked/left_cheek/chrom,left_cheek,left_cheek,tracked,chrom,tracking_ineligible,1.0,0.9783333225891533,0.0,0.04666666666666667,False,,,,,,,,,,,,,,,
channel,16,tracked/left_cheek/pos,left_cheek,left_cheek,tracked,pos,tracking_ineligible,1.0,0.9783333225891533,0.0,0.04666666666666667,False,,,,,,,,,,,,,,,
channel,16,tracked/right_cheek/chrom,right_cheek,right_cheek,tracked,chrom,tracking_ineligible,1.0,0.7616666579204064,0.0,0.03,False,,,,,,,,,,,,,,,
channel,16,tracked/right_cheek/pos,right_cheek,right_cheek,tracked,pos,tracking_ineligible,1.0,0.7616666579204064,0.0,0.03,False,,,,,,,,,,,,,,,
cluster,16,,,,,,,,,,,,94.0,0.32760075291885965,11.037229072374558,0.1706459150393432,0.0,"[""forehead"", ""right_cheek""]","[""forehead"", ""right_cheek""]",2.0,2.0,True,0.11376394335956214,True,,,
cluster,16,,,,,,,,,,,,186.0,0.30904478645265726,8.579515164042505,0.18020528704736533,1.0,"[""left_cheek""]","[""left_cheek""]",1.0,1.0,False,0.06006842901578844,False,,,
contributor,16,baseline/forehead/pos,forehead,forehead,,,,,,,,,96.0,,,,,,,,,,,,0.5,1.0,baseline/forehead/pos
contributor,16,baseline/right_cheek/pos,right_cheek,right_cheek,,,,,,,,,92.0,,,,,,,,,,,,0.5,1.0,baseline/forehead/pos
channel,17,baseline/forehead/chrom,forehead,forehead,baseline,chrom,eligible,1.0,0.9999999881996664,0.04,0.0,True,54.0,0.25220382815069214,10.583902238493096,0.13400899037943428,,,,,,,,,,,
channel,17,baseline/forehead/pos,forehead,forehead,baseline,pos,eligible,1.0,0.9999999881996664,0.04,0.0,False,96.0,0.26960587324520774,17.729256262492,0.10882446739928306,,,,,,,,,,,
channel,17,baseline/left_cheek/chrom,left_cheek,left_cheek,baseline,chrom,eligible,1.0,0.9783333228328753,0.0,0.05,False,187.0,0.2368117301545063,8.214341038926307,0.1405804303183467,,,,,,,,,,,
channel,17,baseline/left_cheek/pos,left_cheek,left_cheek,baseline,pos,eligible,1.0,0.9783333228328753,0.0,0.05,True,186.0,0.30834306302026837,8.726353862649034,0.17852231901295487,,,,,,,,,,,
channel,17,baseline/right_cheek/chrom,right_cheek,right_cheek,baseline,chrom,eligible,1.0,0.7616666579174685,0.0,0.03333333333333333,False,92.0,0.15993780885393002,9.195288234640287,0.09055096043046251,,,,,,,,,,,
channel,17,baseline/right_cheek/pos,right_cheek,right_cheek,baseline,pos,eligible,1.0,0.7616666579174685,0.0,0.03333333333333333,True,91.0,0.3903130810548117,10.1600208387689,0.21136067545855008,,,,,,,,,,,
channel,17,tracked/forehead/chrom,forehead,forehead,tracked,chrom,tracking_ineligible,1.0,0.9999999881996664,0.04,0.0,False,,,,,,,,,,,,,,,
channel,17,tracked/forehead/pos,forehead,forehead,tracked,pos,tracking_ineligible,1.0,0.9999999881996664,0.04,0.0,False,,,,,,,,,,,,,,,
channel,17,tracked/left_cheek/chrom,left_cheek,left_cheek,tracked,chrom,tracking_ineligible,1.0,0.9783333228328753,0.0,0.05,False,,,,,,,,,,,,,,,
channel,17,tracked/left_cheek/pos,left_cheek,left_cheek,tracked,pos,tracking_ineligible,1.0,0.9783333228328753,0.0,0.05,False,,,,,,,,,,,,,,,
channel,17,tracked/right_cheek/chrom,right_cheek,right_cheek,tracked,chrom,tracking_ineligible,1.0,0.7616666579174685,0.0,0.03333333333333333,False,,,,,,,,,,,,,,,
channel,17,tracked/right_cheek/pos,right_cheek,right_cheek,tracked,pos,tracking_ineligible,1.0,0.7616666579174685,0.0,0.03333333333333333,False,,,,,,,,,,,,,,,
cluster,17,,,,,,,,,,,,54.0,0.25220382815069214,10.583902238493096,0.13400899037943428,0.0,"[""forehead""]","[""forehead""]",1.0,1.0,False,0.04466966345981143,False,,,
cluster,17,,,,,,,,,,,,186.0,0.3083430630202684,8.726353862649034,0.1785223190129549,1.0,"[""left_cheek""]","[""left_cheek""]",1.0,1.0,False,0.059507439670984964,False,,,
cluster,17,,,,,,,,,,,,91.0,0.39031308105481183,10.1600208387689,0.21136067545855014,2.0,"[""right_cheek""]","[""right_cheek""]",1.0,1.0,False,0.07045355848618338,False,,,
channel,18,baseline/forehead/chrom,forehead,forehead,baseline,chrom,eligible,1.0,0.9999999883314808,0.03666666666666667,0.0,True,105.0,0.32686380207025373,14.772507238821433,0.14650722062950552,,,,,,,,,,,
channel,18,baseline/forehead/pos,forehead,forehead,baseline,pos,eligible,1.0,0.9999999883314808,0.03666666666666667,0.0,False,102.0,0.2412838921547001,22.330612569513292,0.08433891763491622,,,,,,,,,,,
channel,18,baseline/left_cheek/chrom,left_cheek,left_cheek,baseline,chrom,eligible,1.0,0.975833322993002,0.0,0.04666666666666667,False,187.0,0.280476038032218,8.131275793600679,0.16718823441167632,,,,,,,,,,,
channel,18,baseline/left_cheek/pos,left_cheek,left_cheek,baseline,pos,eligible,1.0,0.975833322993002,0.0,0.04666666666666667,True,186.0,0.32216173041470275,8.495295804389173,0.18862576085135216,,,,,,,,,,,
channel,18,baseline/right_cheek/chrom,right_cheek,right_cheek,baseline,chrom,eligible,1.0,0.7608333248533841,0.0,0.03,False,92.0,0.14330030271038297,8.585748745290758,0.08353369380931436,,,,,,,,,,,
channel,18,baseline/right_cheek/pos,right_cheek,right_cheek,baseline,pos,eligible,1.0,0.7608333248533841,0.0,0.03,True,91.0,0.38594491552687665,9.457578063313932,0.2158369864789508,,,,,,,,,,,
channel,18,tracked/forehead/chrom,forehead,forehead,tracked,chrom,tracking_ineligible,1.0,0.9999999883314808,0.03666666666666667,0.0,False,,,,,,,,,,,,,,,
channel,18,tracked/forehead/pos,forehead,forehead,tracked,pos,tracking_ineligible,1.0,0.9999999883314808,0.03666666666666667,0.0,False,,,,,,,,,,,,,,,
channel,18,tracked/left_cheek/chrom,left_cheek,left_cheek,tracked,chrom,tracking_ineligible,1.0,0.975833322993002,0.0,0.04666666666666667,False,,,,,,,,,,,,,,,
channel,18,tracked/left_cheek/pos,left_cheek,left_cheek,tracked,pos,tracking_ineligible,1.0,0.975833322993002,0.0,0.04666666666666667,False,,,,,,,,,,,,,,,
channel,18,tracked/right_cheek/chrom,right_cheek,right_cheek,tracked,chrom,tracking_ineligible,1.0,0.7608333248533841,0.0,0.03,False,,,,,,,,,,,,,,,
channel,18,tracked/right_cheek/pos,right_cheek,right_cheek,tracked,pos,tracking_ineligible,1.0,0.7608333248533841,0.0,0.03,False,,,,,,,,,,,,,,,
cluster,18,,,,,,,,,,,,105.0,0.32686380207025373,14.772507238821433,0.14650722062950552,0.0,"[""forehead""]","[""forehead""]",1.0,1.0,False,0.04883574020983517,False,,,
cluster,18,,,,,,,,,,,,186.0,0.32216173041470275,8.495295804389173,0.18862576085135216,1.0,"[""left_cheek""]","[""left_cheek""]",1.0,1.0,False,0.06287525361711739,False,,,
cluster,18,,,,,,,,,,,,91.0,0.3859449155268766,9.457578063313932,0.21583698647895075,2.0,"[""right_cheek""]","[""right_cheek""]",1.0,1.0,False,0.07194566215965024,False,,,
channel,19,baseline/forehead/chrom,forehead,forehead,baseline,chrom,eligible,1.0,0.9999999884333304,0.03666666666666667,0.0,True,106.0,0.3467710652058032,15.186279973446048,0.15306444230450447,,,,,,,,,,,
channel,19,baseline/forehead/pos,forehead,forehead,baseline,pos,eligible,1.0,0.9999999884333304,0.03666666666666667,0.0,False,106.0,0.24677611374592573,22.334322243447332,0.08624936132287488,,,,,,,,,,,
channel,19,baseline/left_cheek/chrom,left_cheek,left_cheek,baseline,chrom,eligible,1.0,0.9691666566171475,0.0,0.05,True,187.0,0.3666214872447315,8.59908043416209,0.2135754487195746,,,,,,,,,,,
channel,19,baseline/left_cheek/pos,left_cheek,left_cheek,baseline,pos,eligible,1.0,0.9691666566171475,0.0,0.05,False,186.0,0.3572920877423343,8.329866984587795,0.21089685712938488,,,,,,,,,,,
channel,19,baseline/right_cheek/chrom,right_cheek,right_cheek,baseline,chrom,eligible,1.0,0.7608333250120253,0.0,0.03,False,137.0,0.16217319741222258,11.201437840454304,0.08387748993527744,,,,,,,,,,,
channel,19,baseline/right_cheek/pos,right_cheek,right_cheek,baseline,pos,eligible,1.0,0.7608333250120253,0.0,0.03,True,92.0,0.37562783351435003,9.677542560599179,0.20793565458683658,,,,,,,,,,,
channel,19,tracked/forehead/chrom,forehead,forehead,tracked,chrom,tracking_ineligible,1.0,0.9999999884333304,0.03666666666666667,0.0,False,,,,,,,,,,,,,,,
channel,19,tracked/forehead/pos,forehead,forehead,tracked,pos,tracking_ineligible,1.0,0.9999999884333304,0.03666666666666667,0.0,False,,,,,,,,,,,,,,,
channel,19,tracked/left_cheek/chrom,left_cheek,left_cheek,tracked,chrom,tracking_ineligible,1.0,0.9691666566171475,0.0,0.05,False,,,,,,,,,,,,,,,
channel,19,tracked/left_cheek/pos,left_cheek,left_cheek,tracked,pos,tracking_ineligible,1.0,0.9691666566171475,0.0,0.05,False,,,,,,,,,,,,,,,
channel,19,tracked/right_cheek/chrom,right_cheek,right_cheek,tracked,chrom,tracking_ineligible,1.0,0.7608333250120253,0.0,0.03,False,,,,,,,,,,,,,,,
channel,19,tracked/right_cheek/pos,right_cheek,right_cheek,tracked,pos,tracking_ineligible,1.0,0.7608333250120253,0.0,0.03,False,,,,,,,,,,,,,,,
cluster,19,,,,,,,,,,,,106.0,0.34677106520580314,15.186279973446034,0.15306444230450456,0.0,"[""forehead""]","[""forehead""]",1.0,1.0,False,0.05102148076816818,False,,,
cluster,19,,,,,,,,,,,,187.0,0.36662148724473137,8.59908043416209,0.21357544871957454,1.0,"[""left_cheek""]","[""left_cheek""]",1.0,1.0,False,0.07119181623985818,False,,,
cluster,19,,,,,,,,,,,,92.0,0.37562783351435003,9.677542560599179,0.20793565458683658,2.0,"[""right_cheek""]","[""right_cheek""]",1.0,1.0,False,0.06931188486227886,False,,,
channel,20,baseline/forehead/chrom,forehead,forehead,baseline,chrom,eligible,0.9933333333333333,0.9933333218878583,0.03,0.0033333333333333335,False,110.0,0.3178116201193681,17.45692407992736,0.12946835287636801,,,,,,,,,,,
channel,20,baseline/forehead/pos,forehead,forehead,baseline,pos,eligible,0.9933333333333333,0.9933333218878583,0.03,0.0033333333333333335,True,109.0,0.28299784603976913,14.20899909800032,0.1295728287745385,,,,,,,,,,,
channel,20,baseline/left_cheek/chrom,left_cheek,left_cheek,baseline,chrom,eligible,0.9933333333333333,0.9483333234694746,0.0,0.056666666666666664,True,186.0,0.4789736997909802,9.071897450920716,0.2727653933813456,,,,,,,,,,,
channel,20,baseline/left_cheek/pos,left_cheek,left_cheek,baseline,pos,eligible,0.9933333333333333,0.9483333234694746,0.0,0.056666666666666664,False,186.0,0.4208985374562314,8.46591769898319,0.24678993259734036,,,,,,,,,,,
channel,20,baseline/right_cheek/chrom,right_cheek,right_cheek,baseline,chrom,eligible,0.9933333333333333,0.7549999918628929,0.0,0.03,False,136.0,0.17379477548810301,14.864976676444343,0.07763034120501842,,,,,,,,,,,
channel,20,baseline/right_cheek/pos,right_cheek,right_cheek,baseline,pos,eligible,0.9933333333333333,0.7549999918628929,0.0,0.03,True,92.0,0.3593228164779946,10.65909767521687,0.19029327025903583,,,,,,,,,,,
channel,20,tracked/forehead/chrom,forehead,forehead,tracked,chrom,tracking_ineligible,0.9933333333333333,0.9933333218878583,0.03,0.0033333333333333335,False,,,,,,,,,,,,,,,
channel,20,tracked/forehead/pos,forehead,forehead,tracked,pos,tracking_ineligible,0.9933333333333333,0.9933333218878583,0.03,0.0033333333333333335,False,,,,,,,,,,,,,,,
channel,20,tracked/left_cheek/chrom,left_cheek,left_cheek,tracked,chrom,tracking_ineligible,0.9933333333333333,0.9483333234694746,0.0,0.056666666666666664,False,,,,,,,,,,,,,,,
channel,20,tracked/left_cheek/pos,left_cheek,left_cheek,tracked,pos,tracking_ineligible,0.9933333333333333,0.9483333234694746,0.0,0.056666666666666664,False,,,,,,,,,,,,,,,
channel,20,tracked/right_cheek/chrom,right_cheek,right_cheek,tracked,chrom,tracking_ineligible,0.9933333333333333,0.7549999918628929,0.0,0.03,False,,,,,,,,,,,,,,,
channel,20,tracked/right_cheek/pos,right_cheek,right_cheek,tracked,pos,tracking_ineligible,0.9933333333333333,0.7549999918628929,0.0,0.03,False,,,,,,,,,,,,,,,
cluster,20,,,,,,,,,,,,109.0,0.28299784603976913,14.20899909800032,0.1295728287745385,0.0,"[""forehead""]","[""forehead""]",1.0,1.0,False,0.04319094292484616,False,,,
cluster,20,,,,,,,,,,,,186.0,0.47897369979098026,9.071897450920716,0.27276539338134564,1.0,"[""left_cheek""]","[""left_cheek""]",1.0,1.0,False,0.09092179779378189,False,,,
cluster,20,,,,,,,,,,,,92.0,0.3593228164779946,10.65909767521687,0.19029327025903583,2.0,"[""right_cheek""]","[""right_cheek""]",1.0,1.0,False,0.06343109008634527,False,,,
channel,21,baseline/forehead/chrom,forehead,forehead,baseline,chrom,eligible,0.9933333333333333,0.9933333222912382,0.02666666666666667,0.0033333333333333335,False,113.0,0.2418798150134106,18.961522896322876,0.09374725493575925,,,,,,,,,,,
channel,21,baseline/forehead/pos,forehead,forehead,baseline,pos,eligible,0.9933333333333333,0.9933333222912382,0.02666666666666667,0.0033333333333333335,True,113.0,0.24442909362337292,13.92419006763788,0.11314332736443068,,,,,,,,,,,
channel,21,baseline/left_cheek/chrom,left_cheek,left_cheek,baseline,chrom,eligible,0.9933333333333333,0.9341666569187002,0.0,0.05333333333333334,True,185.0,0.581771975088787,9.889374929782065,0.31893389936717353,,,,,,,,,,,
channel,21,baseline/left_cheek/pos,left_cheek,left_cheek,baseline,pos,eligible,0.9933333333333333,0.9341666569187002,0.0,0.05333333333333334,False,185.0,0.49867834508565256,9.307313498529254,0.28084911509097044,,,,,,,,,,,
channel,21,baseline/right_cheek/chrom,right_cheek,right_cheek,baseline,chrom,eligible,0.9933333333333333,0.754999991744442,0.0,0.03,False,134.0,0.16900135523935408,16.512386210304655,0.07112755305409352,,,,,,,,,,,
channel,21,baseline/right_cheek/pos,right_cheek,right_cheek,baseline,pos,eligible,0.9933333333333333,0.754999991744442,0.0,0.03,True,93.0,0.3440226388535607,10.656765904612996,0.1822092210169413,,,,,,,,,,,
channel,21,tracked/forehead/chrom,forehead,forehead,tracked,chrom,tracking_ineligible,0.9933333333333333,0.9933333222912382,0.02666666666666667,0.0033333333333333335,False,,,,,,,,,,,,,,,
channel,21,tracked/forehead/pos,forehead,forehead,tracked,pos,tracking_ineligible,0.9933333333333333,0.9933333222912382,0.02666666666666667,0.0033333333333333335,False,,,,,,,,,,,,,,,
channel,21,tracked/left_cheek/chrom,left_cheek,left_cheek,tracked,chrom,tracking_ineligible,0.9933333333333333,0.9341666569187002,0.0,0.05333333333333334,False,,,,,,,,,,,,,,,
channel,21,tracked/left_cheek/pos,left_cheek,left_cheek,tracked,pos,tracking_ineligible,0.9933333333333333,0.9341666569187002,0.0,0.05333333333333334,False,,,,,,,,,,,,,,,
channel,21,tracked/right_cheek/chrom,right_cheek,right_cheek,tracked,chrom,tracking_ineligible,0.9933333333333333,0.754999991744442,0.0,0.03,False,,,,,,,,,,,,,,,
channel,21,tracked/right_cheek/pos,right_cheek,right_cheek,tracked,pos,tracking_ineligible,0.9933333333333333,0.754999991744442,0.0,0.03,False,,,,,,,,,,,,,,,
cluster,21,,,,,,,,,,,,113.0,0.2444290936233729,13.92419006763788,0.11314332736443067,0.0,"[""forehead""]","[""forehead""]",1.0,1.0,False,0.037714442454810225,False,,,
cluster,21,,,,,,,,,,,,185.0,0.5817719750887869,9.889374929782065,0.3189338993671735,1.0,"[""left_cheek""]","[""left_cheek""]",1.0,1.0,False,0.10631129978905783,False,,,
cluster,21,,,,,,,,,,,,93.0,0.3440226388535607,10.656765904612996,0.1822092210169413,2.0,"[""right_cheek""]","[""right_cheek""]",1.0,1.0,False,0.06073640700564709,False,,,
channel,22,baseline/forehead/chrom,forehead,forehead,baseline,chrom,eligible,0.98,0.9799999891301957,0.03666666666666667,0.01,True,188.0,0.259006291442226,8.445435974584655,0.152018059246587,,,,,,,,,,,
channel,22,baseline/forehead/pos,forehead,forehead,baseline,pos,eligible,0.98,0.9799999891301957,0.03666666666666667,0.01,False,114.0,0.19211460069287112,7.22524582190421,0.1199139521892528,,,,,,,,,,,
channel,22,baseline/left_cheek/chrom,left_cheek,left_cheek,baseline,chrom,eligible,0.98,0.9191666571599194,0.0033333333333333335,0.06333333333333334,True,185.0,0.5643456416653051,10.016983080947028,0.30758745079129923,,,,,,,,,,,
channel,22,baseline/left_cheek/pos,left_cheek,left_cheek,baseline,pos,eligible,0.98,0.9191666571599194,0.0033333333333333335,0.06333333333333334,False,185.0,0.5254312391292605,10.356390242341064,0.28203009525257217,,,,,,,,,,,
channel,22,baseline/right_cheek/chrom,right_cheek,right_cheek,baseline,chrom,eligible,0.98,0.750833325217348,0.0,0.03333333333333333,False,106.0,0.1501244499812914,7.894974388640776,0.09055017435981604,,,,,,,,,,,
channel,22,baseline/right_cheek/pos,right_cheek,right_cheek,baseline,pos,eligible,0.98,0.750833325217348,0.0,0.03333333333333333,True,93.0,0.34167581050405527,7.80906514511544,0.20698148529536622,,,,,,,,,,,
channel,22,tracked/forehead/chrom,forehead,forehead,tracked,chrom,tracking_ineligible,0.98,0.9799999891301957,0.03666666666666667,0.01,False,,,,,,,,,,,,,,,
channel,22,tracked/forehead/pos,forehead,forehead,tracked,pos,tracking_ineligible,0.98,0.9799999891301957,0.03666666666666667,0.01,False,,,,,,,,,,,,,,,
channel,22,tracked/left_cheek/chrom,left_cheek,left_cheek,tracked,chrom,tracking_ineligible,0.98,0.9191666571599194,0.0033333333333333335,0.06333333333333334,False,,,,,,,,,,,,,,,
channel,22,tracked/left_cheek/pos,left_cheek,left_cheek,tracked,pos,tracking_ineligible,0.98,0.9191666571599194,0.0033333333333333335,0.06333333333333334,False,,,,,,,,,,,,,,,
channel,22,tracked/right_cheek/chrom,right_cheek,right_cheek,tracked,chrom,tracking_ineligible,0.98,0.750833325217348,0.0,0.03333333333333333,False,,,,,,,,,,,,,,,
channel,22,tracked/right_cheek/pos,right_cheek,right_cheek,tracked,pos,tracking_ineligible,0.98,0.750833325217348,0.0,0.03333333333333333,False,,,,,,,,,,,,,,,
cluster,22,,,,,,,,,,,,188.0,0.2590062914422259,8.445435974584655,0.15201805924658698,0.0,"[""forehead""]","[""forehead""]",1.0,1.0,False,0.050672686415528995,False,,,
cluster,22,,,,,,,,,,,,185.0,0.5643456416653053,10.016983080947028,0.30758745079129934,1.0,"[""left_cheek""]","[""left_cheek""]",1.0,1.0,False,0.10252915026376645,False,,,
cluster,22,,,,,,,,,,,,93.0,0.3416758105040552,7.80906514511544,0.2069814852953662,2.0,"[""right_cheek""]","[""right_cheek""]",1.0,1.0,False,0.06899382843178874,False,,,
channel,23,baseline/forehead/chrom,forehead,forehead,baseline,chrom,eligible,0.98,0.9799999892502107,0.03333333333333333,0.01,True,186.0,0.2762826572711482,9.171479233777632,0.1565970828322803,,,,,,,,,,,
channel,23,baseline/forehead/pos,forehead,forehead,baseline,pos,eligible,0.98,0.9799999892502107,0.03333333333333333,0.01,False,182.0,0.23909192067023385,13.303649690056375,0.11338692572756742,,,,,,,,,,,
channel,23,baseline/left_cheek/chrom,left_cheek,left_cheek,baseline,chrom,eligible,0.98,0.9074999906088099,0.0033333333333333335,0.07666666666666666,False,186.0,0.3766538200742033,10.030813806421264,0.2051601852117261,,,,,,,,,,,
channel,23,baseline/left_cheek/pos,left_cheek,left_cheek,baseline,pos,eligible,0.98,0.9074999906088099,0.0033333333333333335,0.07666666666666666,True,186.0,0.4230242503867213,11.009651560012145,0.22061572690055878,,,,,,,,,,,
channel,23,baseline/right_cheek/chrom,right_cheek,right_cheek,baseline,chrom,eligible,0.98,0.748333325306232,0.0,0.02666666666666667,False,74.0,0.128207449137336,5.999201897833288,0.0854754226537807,,,,,,,,,,,
channel,23,baseline/right_cheek/pos,right_cheek,right_cheek,baseline,pos,eligible,0.98,0.748333325306232,0.0,0.02666666666666667,True,94.0,0.31296141468268796,6.203506046773441,0.20630844226065567,,,,,,,,,,,
channel,23,tracked/forehead/chrom,forehead,forehead,tracked,chrom,tracking_ineligible,0.98,0.9799999892502107,0.03333333333333333,0.01,False,,,,,,,,,,,,,,,
channel,23,tracked/forehead/pos,forehead,forehead,tracked,pos,tracking_ineligible,0.98,0.9799999892502107,0.03333333333333333,0.01,False,,,,,,,,,,,,,,,
channel,23,tracked/left_cheek/chrom,left_cheek,left_cheek,tracked,chrom,tracking_ineligible,0.98,0.9074999906088099,0.0033333333333333335,0.07666666666666666,False,,,,,,,,,,,,,,,
channel,23,tracked/left_cheek/pos,left_cheek,left_cheek,tracked,pos,tracking_ineligible,0.98,0.9074999906088099,0.0033333333333333335,0.07666666666666666,False,,,,,,,,,,,,,,,
channel,23,tracked/right_cheek/chrom,right_cheek,right_cheek,tracked,chrom,tracking_ineligible,0.98,0.748333325306232,0.0,0.02666666666666667,False,,,,,,,,,,,,,,,
channel,23,tracked/right_cheek/pos,right_cheek,right_cheek,tracked,pos,tracking_ineligible,0.98,0.748333325306232,0.0,0.02666666666666667,False,,,,,,,,,,,,,,,
cluster,23,,,,,,,,,,,,186.0,0.3496534538289347,10.190846328576953,0.1890798297559247,0.0,"[""forehead"", ""left_cheek""]","[""forehead"", ""left_cheek""]",2.0,2.0,True,0.12605321983728313,True,,,
cluster,23,,,,,,,,,,,,94.0,0.312961414682688,6.203506046773441,0.20630844226065573,1.0,"[""right_cheek""]","[""right_cheek""]",1.0,1.0,False,0.06876948075355191,False,,,
contributor,23,baseline/forehead/chrom,forehead,forehead,,,,,,,,,186.0,,,,,,,,,,,,0.5,-1.0,baseline/forehead/chrom
contributor,23,baseline/left_cheek/pos,left_cheek,left_cheek,,,,,,,,,186.0,,,,,,,,,,,,0.5,1.0,baseline/forehead/chrom
channel,24,baseline/forehead/chrom,forehead,forehead,baseline,chrom,eligible,0.9766666666666667,0.9766666559554426,0.03666666666666667,0.013333333333333334,True,185.0,0.2695119235020029,10.210761866274623,0.14561153289094683,,,,,,,,,,,
channel,24,baseline/forehead/pos,forehead,forehead,baseline,pos,eligible,0.9766666666666667,0.9766666559554426,0.03666666666666667,0.013333333333333334,False,54.0,0.2162273385903656,11.846887955173223,0.10880782716645843,,,,,,,,,,,
channel,24,baseline/left_cheek/chrom,left_cheek,left_cheek,baseline,chrom,eligible,0.9766666666666667,0.8966666573594501,0.0033333333333333335,0.09666666666666666,False,115.0,0.23656950409985988,11.81576458250673,0.1191997863164768,,,,,,,,,,,
channel,24,baseline/left_cheek/pos,left_cheek,left_cheek,baseline,pos,eligible,0.9766666666666667,0.8966666573594501,0.0033333333333333335,0.09666666666666666,True,188.0,0.2638770676392528,9.89586515564838,0.14461747865003538,,,,,,,,,,,
channel,24,baseline/right_cheek/chrom,right_cheek,right_cheek,baseline,chrom,eligible,0.9766666666666667,0.7449999918794341,0.006666666666666667,0.02666666666666667,False,96.0,0.21831373208422622,12.22830312657419,0.10812828167637102,,,,,,,,,,,
channel,24,baseline/right_cheek/pos,right_cheek,right_cheek,baseline,pos,eligible,0.9766666666666667,0.7449999918794341,0.006666666666666667,0.02666666666666667,True,94.0,0.2657098690638771,7.9218518436435374,0.16005130716720423,,,,,,,,,,,
channel,24,tracked/forehead/chrom,forehead,forehead,tracked,chrom,tracking_ineligible,0.9766666666666667,0.9766666559554426,0.03666666666666667,0.013333333333333334,False,,,,,,,,,,,,,,,
channel,24,tracked/forehead/pos,forehead,forehead,tracked,pos,tracking_ineligible,0.9766666666666667,0.9766666559554426,0.03666666666666667,0.013333333333333334,False,,,,,,,,,,,,,,,
channel,24,tracked/left_cheek/chrom,left_cheek,left_cheek,tracked,chrom,tracking_ineligible,0.9766666666666667,0.8966666573594501,0.0033333333333333335,0.09666666666666666,False,,,,,,,,,,,,,,,
channel,24,tracked/left_cheek/pos,left_cheek,left_cheek,tracked,pos,tracking_ineligible,0.9766666666666667,0.8966666573594501,0.0033333333333333335,0.09666666666666666,False,,,,,,,,,,,,,,,
channel,24,tracked/right_cheek/chrom,right_cheek,right_cheek,tracked,chrom,tracking_ineligible,0.9766666666666667,0.7449999918794341,0.006666666666666667,0.02666666666666667,False,,,,,,,,,,,,,,,
channel,24,tracked/right_cheek/pos,right_cheek,right_cheek,tracked,pos,tracking_ineligible,0.9766666666666667,0.7449999918794341,0.006666666666666667,0.02666666666666667,False,,,,,,,,,,,,,,,
cluster,24,,,,,,,,,,,,186.0,0.2612958057325271,10.836423367893843,0.13730476170794126,0.0,"[""forehead"", ""left_cheek""]","[""forehead"", ""left_cheek""]",2.0,2.0,True,0.09153650780529417,True,,,
cluster,24,,,,,,,,,,,,94.0,0.26570986906387706,7.9218518436435374,0.1600513071672042,1.0,"[""right_cheek""]","[""right_cheek""]",1.0,1.0,False,0.0533504357224014,False,,,
contributor,24,baseline/forehead/chrom,forehead,forehead,,,,,,,,,185.0,,,,,,,,,,,,0.5,-1.0,baseline/forehead/chrom
contributor,24,baseline/left_cheek/pos,left_cheek,left_cheek,,,,,,,,,188.0,,,,,,,,,,,,0.5,1.0,baseline/forehead/chrom
channel,25,baseline/forehead/chrom,forehead,forehead,baseline,chrom,eligible,0.9766666666666667,0.9766666562228986,0.03,0.013333333333333334,False,184.0,0.25062996751987326,12.68507642633682,0.12183716016490337,,,,,,,,,,,
channel,25,baseline/forehead/pos,forehead,forehead,baseline,pos,eligible,0.9766666666666667,0.9766666562228986,0.03,0.013333333333333334,True,55.0,0.27907125531720456,11.802325063841643,0.14069445126996163,,,,,,,,,,,
channel,25,baseline/left_cheek/chrom,left_cheek,left_cheek,baseline,chrom,eligible,0.9766666666666667,0.8949999907363482,0.0033333333333333335,0.1,False,115.0,0.21643463716971856,16.14863139574466,0.092267919158203,,,,,,,,,,,
channel,25,baseline/left_cheek/pos,left_cheek,left_cheek,baseline,pos,eligible,0.9766666666666667,0.8949999907363482,0.0033333333333333335,0.1,True,189.0,0.1769916302299368,8.627874650992112,0.10296259787758073,,,,,,,,,,,
channel,25,baseline/right_cheek/chrom,right_cheek,right_cheek,baseline,chrom,eligible,0.9766666666666667,0.7408333250854924,0.006666666666666667,0.02,False,95.0,0.22615659599320914,10.61518917395503,0.12000249615616619,,,,,,,,,,,
channel,25,baseline/right_cheek/pos,right_cheek,right_cheek,baseline,pos,eligible,0.9766666666666667,0.7408333250854924,0.006666666666666667,0.02,True,94.0,0.2586587310807698,10.76258995035812,0.13635991245892495,,,,,,,,,,,
channel,25,tracked/forehead/chrom,forehead,forehead,tracked,chrom,tracking_ineligible,0.9766666666666667,0.9766666562228986,0.03,0.013333333333333334,False,,,,,,,,,,,,,,,
channel,25,tracked/forehead/pos,forehead,forehead,tracked,pos,tracking_ineligible,0.9766666666666667,0.9766666562228986,0.03,0.013333333333333334,False,,,,,,,,,,,,,,,
channel,25,tracked/left_cheek/chrom,left_cheek,left_cheek,tracked,chrom,tracking_ineligible,0.9766666666666667,0.8949999907363482,0.0033333333333333335,0.1,False,,,,,,,,,,,,,,,
channel,25,tracked/left_cheek/pos,left_cheek,left_cheek,tracked,pos,tracking_ineligible,0.9766666666666667,0.8949999907363482,0.0033333333333333335,0.1,False,,,,,,,,,,,,,,,
channel,25,tracked/right_cheek/chrom,right_cheek,right_cheek,tracked,chrom,tracking_ineligible,0.9766666666666667,0.7408333250854924,0.006666666666666667,0.02,False,,,,,,,,,,,,,,,
channel,25,tracked/right_cheek/pos,right_cheek,right_cheek,tracked,pos,tracking_ineligible,0.9766666666666667,0.7408333250854924,0.006666666666666667,0.02,False,,,,,,,,,,,,,,,
cluster,25,,,,,,,,,,,,55.0,0.2790712553172045,11.802325063841643,0.1406944512699616,0.0,"[""forehead""]","[""forehead""]",1.0,1.0,False,0.04689815042332054,False,,,
cluster,25,,,,,,,,,,,,189.0,0.17699163022993677,8.627874650992112,0.10296259787758072,1.0,"[""left_cheek""]","[""left_cheek""]",1.0,1.0,False,0.03432086595919357,False,,,
cluster,25,,,,,,,,,,,,94.0,0.2586587310807698,10.76258995035812,0.13635991245892495,2.0,"[""right_cheek""]","[""right_cheek""]",1.0,1.0,False,0.04545330415297499,False,,,
channel,26,baseline/forehead/chrom,forehead,forehead,baseline,chrom,eligible,0.9733333333333334,0.9733333230105061,0.023333333333333334,0.016666666666666666,False,54.0,0.1981331859712801,10.17062294708795,0.1072409303667154,,,,,,,,,,,
channel,26,baseline/forehead/pos,forehead,forehead,baseline,pos,eligible,0.9733333333333334,0.9733333230105061,0.023333333333333334,0.016666666666666666,True,55.0,0.3253573778159955,11.940810030536966,0.16308088693790854,,,,,,,,,,,
channel,26,baseline/left_cheek/chrom,left_cheek,left_cheek,baseline,chrom,eligible,0.9733333333333334,0.8933333241028903,0.0033333333333333335,0.1,False,115.0,0.18181362486176283,20.60727851949099,0.06691032178711283,,,,,,,,,,,
channel,26,baseline/left_cheek/pos,left_cheek,left_cheek,baseline,pos,eligible,0.9733333333333334,0.8933333241028903,0.0033333333333333335,0.1,True,190.0,0.15404421396904666,8.333610573997731,0.09091009985174148,,,,,,,,,,,
channel,26,baseline/right_cheek/chrom,right_cheek,right_cheek,baseline,chrom,eligible,0.9733333333333334,0.7391666586709766,0.006666666666666667,0.02666666666666667,False,58.0,0.293479801571496,12.979698954677197,0.14098479029902553,,,,,,,,,,,
channel,26,baseline/right_cheek/pos,right_cheek,right_cheek,baseline,pos,eligible,0.9733333333333334,0.7391666586709766,0.006666666666666667,0.02666666666666667,True,95.0,0.28741714622790826,11.675307647012602,0.14567944823179949,,,,,,,,,,,
channel,26,tracked/forehead/chrom,forehead,forehead,tracked,chrom,tracking_ineligible,0.9733333333333334,0.9733333230105061,0.023333333333333334,0.016666666666666666,False,,,,,,,,,,,,,,,
channel,26,tracked/forehead/pos,forehead,forehead,tracked,pos,tracking_ineligible,0.9733333333333334,0.9733333230105061,0.023333333333333334,0.016666666666666666,False,,,,,,,,,,,,,,,
channel,26,tracked/left_cheek/chrom,left_cheek,left_cheek,tracked,chrom,tracking_ineligible,0.9733333333333334,0.8933333241028903,0.0033333333333333335,0.1,False,,,,,,,,,,,,,,,
channel,26,tracked/left_cheek/pos,left_cheek,left_cheek,tracked,pos,tracking_ineligible,0.9733333333333334,0.8933333241028903,0.0033333333333333335,0.1,False,,,,,,,,,,,,,,,
channel,26,tracked/right_cheek/chrom,right_cheek,right_cheek,tracked,chrom,tracking_ineligible,0.9733333333333334,0.7391666586709766,0.006666666666666667,0.02666666666666667,False,,,,,,,,,,,,,,,
channel,26,tracked/right_cheek/pos,right_cheek,right_cheek,tracked,pos,tracking_ineligible,0.9733333333333334,0.7391666586709766,0.006666666666666667,0.02666666666666667,False,,,,,,,,,,,,,,,
cluster,26,,,,,,,,,,,,55.0,0.3253573778159954,11.940810030536966,0.16308088693790848,0.0,"[""forehead""]","[""forehead""]",1.0,1.0,False,0.054360295645969496,False,,,
cluster,26,,,,,,,,,,,,190.0,0.1540442139690467,8.333610573997731,0.09091009985174149,1.0,"[""left_cheek""]","[""left_cheek""]",1.0,1.0,False,0.030303366617247165,False,,,
cluster,26,,,,,,,,,,,,95.0,0.28741714622790826,11.675307647012602,0.14567944823179949,2.0,"[""right_cheek""]","[""right_cheek""]",1.0,1.0,False,0.0485598160772665,False,,,
channel,27,baseline/forehead/chrom,forehead,forehead,baseline,chrom,eligible,0.9733333333333334,0.973333323217151,0.023333333333333334,0.016666666666666666,False,55.0,0.23165445399321172,10.166243460335664,0.12540931677903916,,,,,,,,,,,
channel,27,baseline/forehead/pos,forehead,forehead,baseline,pos,eligible,0.9733333333333334,0.973333323217151,0.023333333333333334,0.016666666666666666,True,55.0,0.35247477630525625,12.04498457310875,0.17590767433444113,,,,,,,,,,,
channel,27,baseline/left_cheek/chrom,left_cheek,left_cheek,baseline,chrom,eligible,0.9733333333333334,0.8933333242288171,0.0033333333333333335,0.09666666666666666,False,190.0,0.14324894137592642,9.825668017424249,0.07875989386161217,,,,,,,,,,,
channel,27,baseline/left_cheek/pos,left_cheek,left_cheek,baseline,pos,eligible,0.9733333333333334,0.8933333242288171,0.0033333333333333335,0.09666666666666666,True,190.0,0.17681813011498684,8.835431513724018,0.10183698667254525,,,,,,,,,,,
channel,27,baseline/right_cheek/chrom,right_cheek,right_cheek,baseline,chrom,eligible,0.9733333333333334,0.7374999920541809,0.006666666666666667,0.02,False,58.0,0.3019102688869355,10.841208159919574,0.1586134674347271,,,,,,,,,,,
channel,27,baseline/right_cheek/pos,right_cheek,right_cheek,baseline,pos,eligible,0.9733333333333334,0.7374999920541809,0.006666666666666667,0.02,True,95.0,0.34026337588466815,11.318015494886282,0.1751075477032541,,,,,,,,,,,
channel,27,tracked/forehead/chrom,forehead,forehead,tracked,chrom,tracking_ineligible,0.9733333333333334,0.973333323217151,0.023333333333333334,0.016666666666666666,False,,,,,,,,,,,,,,,
channel,27,tracked/forehead/pos,forehead,forehead,tracked,pos,tracking_ineligible,0.9733333333333334,0.973333323217151,0.023333333333333334,0.016666666666666666,False,,,,,,,,,,,,,,,
channel,27,tracked/left_cheek/chrom,left_cheek,left_cheek,tracked,chrom,tracking_ineligible,0.9733333333333334,0.8933333242288171,0.0033333333333333335,0.09666666666666666,False,,,,,,,,,,,,,,,
channel,27,tracked/left_cheek/pos,left_cheek,left_cheek,tracked,pos,tracking_ineligible,0.9733333333333334,0.8933333242288171,0.0033333333333333335,0.09666666666666666,False,,,,,,,,,,,,,,,
channel,27,tracked/right_cheek/chrom,right_cheek,right_cheek,tracked,chrom,tracking_ineligible,0.9733333333333334,0.7374999920541809,0.006666666666666667,0.02,False,,,,,,,,,,,,,,,
channel,27,tracked/right_cheek/pos,right_cheek,right_cheek,tracked,pos,tracking_ineligible,0.9733333333333334,0.7374999920541809,0.006666666666666667,0.02,False,,,,,,,,,,,,,,,
cluster,27,,,,,,,,,,,,55.0,0.35247477630525614,12.04498457310875,0.17590767433444107,0.0,"[""forehead""]","[""forehead""]",1.0,1.0,False,0.05863589144481369,False,,,
cluster,27,,,,,,,,,,,,190.0,0.17681813011498682,8.835431513724018,0.10183698667254523,1.0,"[""left_cheek""]","[""left_cheek""]",1.0,1.0,False,0.033945662224181744,False,,,
cluster,27,,,,,,,,,,,,95.0,0.3402633758846681,11.318015494886282,0.17510754770325404,2.0,"[""right_cheek""]","[""right_cheek""]",1.0,1.0,False,0.058369182567751345,False,,,
channel,28,baseline/forehead/chrom,forehead,forehead,baseline,chrom,eligible,0.9733333333333334,0.9733333234738379,0.02,0.016666666666666666,False,56.0,0.26820780997252863,10.862101945234947,0.14077855690522634,,,,,,,,,,,
channel,28,baseline/forehead/pos,forehead,forehead,baseline,pos,eligible,0.9733333333333334,0.9733333234738379,0.02,0.016666666666666666,True,56.0,0.34908234145910305,11.600573984031215,0.17749517873351806,,,,,,,,,,,
channel,28,baseline/left_cheek/chrom,left_cheek,left_cheek,baseline,chrom,eligible,0.9733333333333334,0.8916666570293713,0.0033333333333333335,0.10666666666666667,False,190.0,0.19949249594212787,10.40233477866218,0.10685984184048934,,,,,,,,,,,
channel,28,baseline/left_cheek/pos,left_cheek,left_cheek,baseline,pos,eligible,0.9733333333333334,0.8916666570293713,0.0033333333333333335,0.10666666666666667,True,190.0,0.25415650745704577,9.465094466609486,0.14208547249716771,,,,,,,,,,,
channel,28,baseline/right_cheek/chrom,right_cheek,right_cheek,baseline,chrom,eligible,0.9733333333333334,0.7374999919556299,0.006666666666666667,0.02,False,58.0,0.28009985805726556,10.97919557742236,0.1462713646943172,,,,,,,,,,,
channel,28,baseline/right_cheek/pos,right_cheek,right_cheek,baseline,pos,eligible,0.9733333333333334,0.7374999919556299,0.006666666666666667,0.02,True,95.0,0.39981931623158073,10.599209036637859,0.21230087243322185,,,,,,,,,,,
channel,28,tracked/forehead/chrom,forehead,forehead,tracked,chrom,tracking_ineligible,0.9733333333333334,0.9733333234738379,0.02,0.016666666666666666,False,,,,,,,,,,,,,,,
channel,28,tracked/forehead/pos,forehead,forehead,tracked,pos,tracking_ineligible,0.9733333333333334,0.9733333234738379,0.02,0.016666666666666666,False,,,,,,,,,,,,,,,
channel,28,tracked/left_cheek/chrom,left_cheek,left_cheek,tracked,chrom,tracking_ineligible,0.9733333333333334,0.8916666570293713,0.0033333333333333335,0.10666666666666667,False,,,,,,,,,,,,,,,
channel,28,tracked/left_cheek/pos,left_cheek,left_cheek,tracked,pos,tracking_ineligible,0.9733333333333334,0.8916666570293713,0.0033333333333333335,0.10666666666666667,False,,,,,,,,,,,,,,,
channel,28,tracked/right_cheek/chrom,right_cheek,right_cheek,tracked,chrom,tracking_ineligible,0.9733333333333334,0.7374999919556299,0.006666666666666667,0.02,False,,,,,,,,,,,,,,,
channel,28,tracked/right_cheek/pos,right_cheek,right_cheek,tracked,pos,tracking_ineligible,0.9733333333333334,0.7374999919556299,0.006666666666666667,0.02,False,,,,,,,,,,,,,,,
cluster,28,,,,,,,,,,,,56.0,0.3490823414591032,11.600573984031215,0.17749517873351814,0.0,"[""forehead""]","[""forehead""]",1.0,1.0,False,0.05916505957783938,False,,,
cluster,28,,,,,,,,,,,,190.0,0.2541565074570457,9.465094466609486,0.1420854724971677,1.0,"[""left_cheek""]","[""left_cheek""]",1.0,1.0,False,0.047361824165722564,False,,,
cluster,28,,,,,,,,,,,,95.0,0.3998193162315808,10.599209036637859,0.21230087243322188,2.0,"[""right_cheek""]","[""right_cheek""]",1.0,1.0,False,0.07076695747774063,False,,,
channel,29,baseline/forehead/chrom,forehead,forehead,baseline,chrom,eligible,0.97,0.9699999900973573,0.02666666666666667,0.02,False,57.0,0.22780947614563177,11.97904193855409,0.11400429261321943,,,,,,,,,,,
channel,29,baseline/forehead/pos,forehead,forehead,baseline,pos,eligible,0.97,0.9699999900973573,0.02666666666666667,0.02,True,56.0,0.2687201599721571,10.715937413167325,0.14195504508639456,,,,,,,,,,,
channel,29,baseline/left_cheek/chrom,left_cheek,left_cheek,baseline,chrom,eligible,0.97,0.8899999900703773,0.0033333333333333335,0.10666666666666667,False,190.0,0.3153820999366646,9.311195102844977,0.17758671820027333,,,,,,,,,,,
channel,29,baseline/left_cheek/pos,left_cheek,left_cheek,baseline,pos,eligible,0.97,0.8899999900703773,0.0033333333333333335,0.10666666666666667,True,191.0,0.39011816979065006,9.065121112552646,0.22223551492890095,,,,,,,,,,,
channel,29,baseline/right_cheek/chrom,right_cheek,right_cheek,baseline,chrom,eligible,0.97,0.7349999922231893,0.006666666666666667,0.023333333333333334,False,57.0,0.2466000512325905,13.286377495906223,0.11702746331577825,,,,,,,,,,,
channel,29,baseline/right_cheek/pos,right_cheek,right_cheek,baseline,pos,eligible,0.97,0.7349999922231893,0.006666666666666667,0.023333333333333334,True,95.0,0.4303992663989675,10.235342426180338,0.2322784645181124,,,,,,,,,,,
channel,29,tracked/forehead/chrom,forehead,forehead,tracked,chrom,tracking_ineligible,0.97,0.9699999900973573,0.02666666666666667,0.02,False,,,,,,,,,,,,,,,
channel,29,tracked/forehead/pos,forehead,forehead,tracked,pos,tracking_ineligible,0.97,0.9699999900973573,0.02666666666666667,0.02,False,,,,,,,,,,,,,,,
channel,29,tracked/left_cheek/chrom,left_cheek,left_cheek,tracked,chrom,tracking_ineligible,0.97,0.8899999900703773,0.0033333333333333335,0.10666666666666667,False,,,,,,,,,,,,,,,
channel,29,tracked/left_cheek/pos,left_cheek,left_cheek,tracked,pos,tracking_ineligible,0.97,0.8899999900703773,0.0033333333333333335,0.10666666666666667,False,,,,,,,,,,,,,,,
channel,29,tracked/right_cheek/chrom,right_cheek,right_cheek,tracked,chrom,tracking_ineligible,0.97,0.7349999922231893,0.006666666666666667,0.023333333333333334,False,,,,,,,,,,,,,,,
channel,29,tracked/right_cheek/pos,right_cheek,right_cheek,tracked,pos,tracking_ineligible,0.97,0.7349999922231893,0.006666666666666667,0.023333333333333334,False,,,,,,,,,,,,,,,
cluster,29,,,,,,,,,,,,56.0,0.26872015997215704,10.715937413167325,0.14195504508639453,0.0,"[""forehead""]","[""forehead""]",1.0,1.0,False,0.04731834836213151,False,,,
cluster,29,,,,,,,,,,,,191.0,0.39011816979065,9.065121112552646,0.22223551492890092,1.0,"[""left_cheek""]","[""left_cheek""]",1.0,1.0,False,0.07407850497630031,False,,,
cluster,29,,,,,,,,,,,,95.0,0.43039926639896736,10.235342426180338,0.23227846451811235,2.0,"[""right_cheek""]","[""right_cheek""]",1.0,1.0,False,0.07742615483937078,False,,,
channel,30,baseline/forehead/chrom,forehead,forehead,baseline,chrom,eligible,0.9766666666666667,0.9766666568490431,0.02666666666666667,0.016666666666666666,False,193.0,0.1751991241854508,8.771054166096718,0.10121727445384102,,,,,,,,,,,
channel,30,baseline/forehead/pos,forehead,forehead,baseline,pos,eligible,0.9766666666666667,0.9766666568490431,0.02666666666666667,0.016666666666666666,True,117.0,0.31021348058780895,12.319959168386262,0.1530661191196694,,,,,,,,,,,
channel,30,baseline/left_cheek/chrom,left_cheek,left_cheek,baseline,chrom,eligible,0.9766666666666667,0.9041666565875619,0.0033333333333333335,0.1,False,191.0,0.4838206166426267,7.653301032976316,0.29541334506452,,,,,,,,,,,
channel,30,baseline/left_cheek/pos,left_cheek,left_cheek,baseline,pos,eligible,0.9766666666666667,0.9041666565875619,0.0033333333333333335,0.1,True,191.0,0.5131896237107282,8.330939386695036,0.30290166958831394,,,,,,,,,,,
channel,30,baseline/right_cheek/chrom,right_cheek,right_cheek,baseline,chrom,eligible,0.9766666666666667,0.7399999919810224,0.006666666666666667,0.02,False,85.0,0.2600004133251811,12.62937128002065,0.12667822188514904,,,,,,,,,,,
channel,30,baseline/right_cheek/pos,right_cheek,right_cheek,baseline,pos,eligible,0.9766666666666667,0.7399999919810224,0.006666666666666667,0.02,True,95.0,0.3967367173636962,10.643500630559288,0.21025196969496862,,,,,,,,,,,
channel,30,tracked/forehead/chrom,forehead,forehead,tracked,chrom,tracking_ineligible,0.9766666666666667,0.9766666568490431,0.02666666666666667,0.016666666666666666,False,,,,,,,,,,,,,,,
channel,30,tracked/forehead/pos,forehead,forehead,tracked,pos,tracking_ineligible,0.9766666666666667,0.9766666568490431,0.02666666666666667,0.016666666666666666,False,,,,,,,,,,,,,,,
channel,30,tracked/left_cheek/chrom,left_cheek,left_cheek,tracked,chrom,tracking_ineligible,0.9766666666666667,0.9041666565875619,0.0033333333333333335,0.1,False,,,,,,,,,,,,,,,
channel,30,tracked/left_cheek/pos,left_cheek,left_cheek,tracked,pos,tracking_ineligible,0.9766666666666667,0.9041666565875619,0.0033333333333333335,0.1,False,,,,,,,,,,,,,,,
channel,30,tracked/right_cheek/chrom,right_cheek,right_cheek,tracked,chrom,tracking_ineligible,0.9766666666666667,0.7399999919810224,0.006666666666666667,0.02,False,,,,,,,,,,,,,,,
channel,30,tracked/right_cheek/pos,right_cheek,right_cheek,tracked,pos,tracking_ineligible,0.9766666666666667,0.7399999919810224,0.006666666666666667,0.02,False,,,,,,,,,,,,,,,
cluster,30,,,,,,,,,,,,117.0,0.31021348058780895,12.319959168386262,0.1530661191196694,0.0,"[""forehead""]","[""forehead""]",1.0,1.0,False,0.05102203970655647,False,,,
cluster,30,,,,,,,,,,,,191.0,0.513189623710728,8.330939386695036,0.3029016695883138,1.0,"[""left_cheek""]","[""left_cheek""]",1.0,1.0,False,0.10096722319610461,False,,,
cluster,30,,,,,,,,,,,,95.0,0.39673671736369615,10.643500630559288,0.2102519696949686,2.0,"[""right_cheek""]","[""right_cheek""]",1.0,1.0,False,0.07008398989832286,False,,,
channel,31,baseline/forehead/chrom,forehead,forehead,baseline,chrom,eligible,0.9766666666666667,0.9766666567386812,0.03,0.016666666666666666,False,191.0,0.2121144771446675,10.47400287592825,0.11325858325231161,,,,,,,,,,,
channel,31,baseline/forehead/pos,forehead,forehead,baseline,pos,eligible,0.9766666666666667,0.9766666567386812,0.03,0.016666666666666666,True,116.0,0.41231927388984013,12.734205251634293,0.20004003509880947,,,,,,,,,,,
channel,31,baseline/left_cheek/chrom,left_cheek,left_cheek,baseline,chrom,eligible,0.9766666666666667,0.9224989797508655,0.0033333333333333335,0.09666666666666666,True,191.0,0.5460675406976453,7.622283392917723,0.3339473983306576,,,,,,,,,,,
channel,31,baseline/left_cheek/pos,left_cheek,left_cheek,baseline,pos,eligible,0.9766666666666667,0.9224989797508655,0.0033333333333333335,0.09666666666666666,False,191.0,0.5334717573782379,8.1876531230902,0.3171077415242871,,,,,,,,,,,
channel,31,baseline/right_cheek/chrom,right_cheek,right_cheek,baseline,chrom,eligible,0.9766666666666667,0.7416666585897034,0.006666666666666667,0.02666666666666667,False,85.0,0.2878886935652572,13.853566154808462,0.13362428618539185,,,,,,,,,,,
channel,31,baseline/right_cheek/pos,right_cheek,right_cheek,baseline,pos,eligible,0.9766666666666667,0.7416666585897034,0.006666666666666667,0.02666666666666667,True,96.0,0.3216474378546653,10.201981071057304,0.17384796617485693,,,,,,,,,,,
channel,31,tracked/forehead/chrom,forehead,forehead,tracked,chrom,tracking_ineligible,0.9766666666666667,0.9766666567386812,0.03,0.016666666666666666,False,,,,,,,,,,,,,,,
channel,31,tracked/forehead/pos,forehead,forehead,tracked,pos,tracking_ineligible,0.9766666666666667,0.9766666567386812,0.03,0.016666666666666666,False,,,,,,,,,,,,,,,
channel,31,tracked/left_cheek/chrom,left_cheek,left_cheek,tracked,chrom,tracking_ineligible,0.9766666666666667,0.9224989797508655,0.0033333333333333335,0.09666666666666666,False,,,,,,,,,,,,,,,
channel,31,tracked/left_cheek/pos,left_cheek,left_cheek,tracked,pos,tracking_ineligible,0.9766666666666667,0.9224989797508655,0.0033333333333333335,0.09666666666666666,False,,,,,,,,,,,,,,,
channel,31,tracked/right_cheek/chrom,right_cheek,right_cheek,tracked,chrom,tracking_ineligible,0.9766666666666667,0.7416666585897034,0.006666666666666667,0.02666666666666667,False,,,,,,,,,,,,,,,
channel,31,tracked/right_cheek/pos,right_cheek,right_cheek,tracked,pos,tracking_ineligible,0.9766666666666667,0.7416666585897034,0.006666666666666667,0.02666666666666667,False,,,,,,,,,,,,,,,
cluster,31,,,,,,,,,,,,116.0,0.41231927388983997,12.734205251634293,0.20004003509880938,0.0,"[""forehead""]","[""forehead""]",1.0,1.0,False,0.06668001169960312,False,,,
cluster,31,,,,,,,,,,,,191.0,0.5460675406976453,7.622283392917723,0.3339473983306576,1.0,"[""left_cheek""]","[""left_cheek""]",1.0,1.0,False,0.11131579944355253,False,,,
cluster,31,,,,,,,,,,,,96.0,0.32164743785466543,10.201981071057304,0.17384796617485698,2.0,"[""right_cheek""]","[""right_cheek""]",1.0,1.0,False,0.05794932205828566,False,,,
channel,32,baseline/forehead/chrom,forehead,forehead,baseline,chrom,eligible,0.99,0.9899999898971248,0.02,0.01,False,189.0,0.2239124955064503,9.712262504990832,0.12375264648075135,,,,,,,,,,,
channel,32,baseline/forehead/pos,forehead,forehead,baseline,pos,eligible,0.99,0.9899999898971248,0.02,0.01,True,115.0,0.4435862975700697,10.118702266780943,0.2406576799415243,,,,,,,,,,,
channel,32,baseline/left_cheek/chrom,left_cheek,left_cheek,baseline,chrom,eligible,0.99,0.9358323132637345,0.0033333333333333335,0.09,False,191.0,0.5293379494692878,9.029898052220119,0.3020487963307492,,,,,,,,,,,
channel,32,baseline/left_cheek/pos,left_cheek,left_cheek,baseline,pos,eligible,0.99,0.9358323132637345,0.0033333333333333335,0.09,True,191.0,0.5256318068860367,8.83512794843736,0.30273784246693386,,,,,,,,,,,
channel,32,baseline/right_cheek/chrom,right_cheek,right_cheek,baseline,chrom,eligible,0.99,0.74583332507621,0.006666666666666667,0.023333333333333334,False,87.0,0.22863153887600515,7.2153201987574676,0.14278078315288606,,,,,,,,,,,
channel,32,baseline/right_cheek/pos,right_cheek,right_cheek,baseline,pos,eligible,0.99,0.74583332507621,0.006666666666666667,0.023333333333333334,True,96.0,0.28208260657057826,7.142673409377551,0.17682959983994245,,,,,,,,,,,
channel,32,tracked/forehead/chrom,forehead,forehead,tracked,chrom,tracking_ineligible,0.99,0.9899999898971248,0.02,0.01,False,,,,,,,,,,,,,,,
channel,32,tracked/forehead/pos,forehead,forehead,tracked,pos,tracking_ineligible,0.99,0.9899999898971248,0.02,0.01,False,,,,,,,,,,,,,,,
channel,32,tracked/left_cheek/chrom,left_cheek,left_cheek,tracked,chrom,tracking_ineligible,0.99,0.9358323132637345,0.0033333333333333335,0.09,False,,,,,,,,,,,,,,,
channel,32,tracked/left_cheek/pos,left_cheek,left_cheek,tracked,pos,tracking_ineligible,0.99,0.9358323132637345,0.0033333333333333335,0.09,False,,,,,,,,,,,,,,,
channel,32,tracked/right_cheek/chrom,right_cheek,right_cheek,tracked,chrom,tracking_ineligible,0.99,0.74583332507621,0.006666666666666667,0.023333333333333334,False,,,,,,,,,,,,,,,
channel,32,tracked/right_cheek/pos,right_cheek,right_cheek,tracked,pos,tracking_ineligible,0.99,0.74583332507621,0.006666666666666667,0.023333333333333334,False,,,,,,,,,,,,,,,
cluster,32,,,,,,,,,,,,115.0,0.44358629757006957,10.118702266780943,0.24065767994152423,0.0,"[""forehead""]","[""forehead""]",1.0,1.0,False,0.08021922664717475,False,,,
cluster,32,,,,,,,,,,,,191.0,0.5256318068860367,8.83512794843736,0.30273784246693386,1.0,"[""left_cheek""]","[""left_cheek""]",1.0,1.0,False,0.10091261415564462,False,,,
cluster,32,,,,,,,,,,,,96.0,0.2820826065705782,7.142673409377551,0.17682959983994243,2.0,"[""right_cheek""]","[""right_cheek""]",1.0,1.0,False,0.05894319994664748,False,,,
channel,33,baseline/forehead/chrom,forehead,forehead,baseline,chrom,eligible,0.9833333333333333,0.9833333230442891,0.02666666666666667,0.013333333333333334,False,95.0,0.2309377512393219,10.643201377752419,0.12238786241572257,,,,,,,,,,,
channel,33,baseline/forehead/pos,forehead,forehead,baseline,pos,eligible,0.9833333333333333,0.9833333230442891,0.02666666666666667,0.013333333333333334,True,114.0,0.4187311463564806,9.861126697756617,0.2298497156961909,,,,,,,,,,,
channel,33,baseline/left_cheek/chrom,left_cheek,left_cheek,baseline,chrom,eligible,0.9833333333333333,0.9366656464440812,0.0033333333333333335,0.09333333333333334,True,189.0,0.5534014766667281,10.927417545287653,0.2896452558114486,,,,,,,,,,,
channel,33,baseline/left_cheek/pos,left_cheek,left_cheek,baseline,pos,eligible,0.9833333333333333,0.9366656464440812,0.0033333333333333335,0.09333333333333334,False,189.0,0.5212509681062559,9.819834997325131,0.2866663115482709,,,,,,,,,,,
channel,33,baseline/right_cheek/chrom,right_cheek,right_cheek,baseline,chrom,eligible,0.9833333333333333,0.7408333251359943,0.006666666666666667,0.02666666666666667,False,66.0,0.24362668102572665,24.99421930116923,0.0790264054096776,,,,,,,,,,,
channel,33,baseline/right_cheek/pos,right_cheek,right_cheek,baseline,pos,eligible,0.9833333333333333,0.7408333251359943,0.006666666666666667,0.02666666666666667,True,96.0,0.2592224268947945,6.6636490969886495,0.16666993183232512,,,,,,,,,,,
channel,33,tracked/forehead/chrom,forehead,forehead,tracked,chrom,tracking_ineligible,0.9833333333333333,0.9833333230442891,0.02666666666666667,0.013333333333333334,False,,,,,,,,,,,,,,,
channel,33,tracked/forehead/pos,forehead,forehead,tracked,pos,tracking_ineligible,0.9833333333333333,0.9833333230442891,0.02666666666666667,0.013333333333333334,False,,,,,,,,,,,,,,,
channel,33,tracked/left_cheek/chrom,left_cheek,left_cheek,tracked,chrom,tracking_ineligible,0.9833333333333333,0.9366656464440812,0.0033333333333333335,0.09333333333333334,False,,,,,,,,,,,,,,,
channel,33,tracked/left_cheek/pos,left_cheek,left_cheek,tracked,pos,tracking_ineligible,0.9833333333333333,0.9366656464440812,0.0033333333333333335,0.09333333333333334,False,,,,,,,,,,,,,,,
channel,33,tracked/right_cheek/chrom,right_cheek,right_cheek,tracked,chrom,tracking_ineligible,0.9833333333333333,0.7408333251359943,0.006666666666666667,0.02666666666666667,False,,,,,,,,,,,,,,,
channel,33,tracked/right_cheek/pos,right_cheek,right_cheek,tracked,pos,tracking_ineligible,0.9833333333333333,0.7408333251359943,0.006666666666666667,0.02666666666666667,False,,,,,,,,,,,,,,,
cluster,33,,,,,,,,,,,,114.0,0.4187311463564807,9.861126697756617,0.22984971569619092,0.0,"[""forehead""]","[""forehead""]",1.0,1.0,False,0.0766165718987303,False,,,
cluster,33,,,,,,,,,,,,189.0,0.5534014766667279,10.927417545287653,0.2896452558114485,1.0,"[""left_cheek""]","[""left_cheek""]",1.0,1.0,False,0.09654841860381617,False,,,
cluster,33,,,,,,,,,,,,96.0,0.2592224268947946,6.6636490969886495,0.16666993183232515,2.0,"[""right_cheek""]","[""right_cheek""]",1.0,1.0,False,0.055556643944108385,False,,,
channel,34,baseline/forehead/chrom,forehead,forehead,baseline,chrom,eligible,0.9833333333333333,0.9833333228983535,0.023333333333333334,0.013333333333333334,False,95.0,0.2992899974008795,12.030512659310247,0.14945498748729735,,,,,,,,,,,
channel,34,baseline/forehead/pos,forehead,forehead,baseline,pos,eligible,0.9833333333333333,0.9833333228983535,0.023333333333333334,0.013333333333333334,True,114.0,0.32899605720231245,10.749991320519555,0.17353644802786622,,,,,,,,,,,
channel,34,baseline/left_cheek/chrom,left_cheek,left_cheek,baseline,chrom,eligible,0.9833333333333333,0.9358323131815477,0.0033333333333333335,0.09333333333333334,True,187.0,0.6181081312086205,9.909849317416956,0.33853713309690175,,,,,,,,,,,
channel,34,baseline/left_cheek/pos,left_cheek,left_cheek,baseline,pos,eligible,0.9833333333333333,0.9358323131815477,0.0033333333333333335,0.09333333333333334,False,187.0,0.5334871908480119,9.569487155094293,0.2968010432581913,,,,,,,,,,,
channel,34,baseline/right_cheek/chrom,right_cheek,right_cheek,baseline,chrom,eligible,0.9833333333333333,0.7408333250183784,0.0,0.02666666666666667,False,64.0,0.34421483036826805,23.870348417416636,0.11515299255954924,,,,,,,,,,,
channel,34,baseline/right_cheek/pos,right_cheek,right_cheek,baseline,pos,eligible,0.9833333333333333,0.7408333250183784,0.0,0.02666666666666667,True,94.0,0.29119455690088153,14.984932092906007,0.12949206878786973,,,,,,,,,,,
channel,34,tracked/forehead/chrom,forehead,forehead,tracked,chrom,tracking_ineligible,0.9833333333333333,0.9833333228983535,0.023333333333333334,0.013333333333333334,False,,,,,,,,,,,,,,,
channel,34,tracked/forehead/pos,forehead,forehead,tracked,pos,tracking_ineligible,0.9833333333333333,0.9833333228983535,0.023333333333333334,0.013333333333333334,False,,,,,,,,,,,,,,,
channel,34,tracked/left_cheek/chrom,left_cheek,left_cheek,tracked,chrom,tracking_ineligible,0.9833333333333333,0.9358323131815477,0.0033333333333333335,0.09333333333333334,False,,,,,,,,,,,,,,,
channel,34,tracked/left_cheek/pos,left_cheek,left_cheek,tracked,pos,tracking_ineligible,0.9833333333333333,0.9358323131815477,0.0033333333333333335,0.09333333333333334,False,,,,,,,,,,,,,,,
channel,34,tracked/right_cheek/chrom,right_cheek,right_cheek,tracked,chrom,tracking_ineligible,0.9833333333333333,0.7408333250183784,0.0,0.02666666666666667,False,,,,,,,,,,,,,,,
channel,34,tracked/right_cheek/pos,right_cheek,right_cheek,tracked,pos,tracking_ineligible,0.9833333333333333,0.7408333250183784,0.0,0.02666666666666667,False,,,,,,,,,,,,,,,
cluster,34,,,,,,,,,,,,114.0,0.32899605720231245,10.749991320519555,0.17353644802786622,0.0,"[""forehead""]","[""forehead""]",1.0,1.0,False,0.057845482675955406,False,,,
cluster,34,,,,,,,,,,,,187.0,0.6181081312086204,9.909849317416956,0.33853713309690164,1.0,"[""left_cheek""]","[""left_cheek""]",1.0,1.0,False,0.11284571103230055,False,,,
cluster,34,,,,,,,,,,,,94.0,0.2911945569008814,14.984932092906007,0.1294920687878697,2.0,"[""right_cheek""]","[""right_cheek""]",1.0,1.0,False,0.0431640229292899,False,,,
channel,35,baseline/forehead/chrom,forehead,forehead,baseline,chrom,eligible,0.98,0.9799999896620045,0.02666666666666667,0.016666666666666666,True,96.0,0.3309167411847022,11.893566806230353,0.1661954000597755,,,,,,,,,,,
channel,35,baseline/forehead/pos,forehead,forehead,baseline,pos,eligible,0.98,0.9799999896620045,0.02666666666666667,0.016666666666666666,False,116.0,0.22192319527788526,9.118657566673178,0.12610073982813946,,,,,,,,,,,
channel,35,baseline/left_cheek/chrom,left_cheek,left_cheek,baseline,chrom,eligible,0.98,0.9291656466441855,0.0033333333333333335,0.1,True,187.0,0.6567690707882118,8.970302185662632,0.3758281010774812,,,,,,,,,,,
channel,35,baseline/left_cheek/pos,left_cheek,left_cheek,baseline,pos,eligible,0.98,0.9291656466441855,0.0033333333333333335,0.1,False,186.0,0.5443557459700215,8.99408684292547,0.31114803899372667,,,,,,,,,,,
channel,35,baseline/right_cheek/chrom,right_cheek,right_cheek,baseline,chrom,eligible,0.98,0.7383333249265088,0.0,0.03,False,64.0,0.352890781601966,22.976180408418898,0.1210735228882879,,,,,,,,,,,
channel,35,baseline/right_cheek/pos,right_cheek,right_cheek,baseline,pos,eligible,0.98,0.7383333249265088,0.0,0.03,True,92.0,0.3166500133341455,14.542727521850821,0.14315786336885045,,,,,,,,,,,
channel,35,tracked/forehead/chrom,forehead,forehead,tracked,chrom,tracking_ineligible,0.98,0.9799999896620045,0.02666666666666667,0.016666666666666666,False,,,,,,,,,,,,,,,
channel,35,tracked/forehead/pos,forehead,forehead,tracked,pos,tracking_ineligible,0.98,0.9799999896620045,0.02666666666666667,0.016666666666666666,False,,,,,,,,,,,,,,,
channel,35,tracked/left_cheek/chrom,left_cheek,left_cheek,tracked,chrom,tracking_ineligible,0.98,0.9291656466441855,0.0033333333333333335,0.1,False,,,,,,,,,,,,,,,
channel,35,tracked/left_cheek/pos,left_cheek,left_cheek,tracked,pos,tracking_ineligible,0.98,0.9291656466441855,0.0033333333333333335,0.1,False,,,,,,,,,,,,,,,
channel,35,tracked/right_cheek/chrom,right_cheek,right_cheek,tracked,chrom,tracking_ineligible,0.98,0.7383333249265088,0.0,0.03,False,,,,,,,,,,,,,,,
channel,35,tracked/right_cheek/pos,right_cheek,right_cheek,tracked,pos,tracking_ineligible,0.98,0.7383333249265088,0.0,0.03,False,,,,,,,,,,,,,,,
cluster,35,,,,,,,,,,,,96.0,0.33091674118470216,11.893566806230353,0.16619540005977548,0.0,"[""forehead""]","[""forehead""]",1.0,1.0,False,0.055398466686591825,False,,,
cluster,35,,,,,,,,,,,,187.0,0.6567690707882118,8.970302185662632,0.3758281010774812,1.0,"[""left_cheek""]","[""left_cheek""]",1.0,1.0,False,0.12527603369249374,False,,,
cluster,35,,,,,,,,,,,,92.0,0.31665001333414555,14.542727521850821,0.14315786336885045,2.0,"[""right_cheek""]","[""right_cheek""]",1.0,1.0,False,0.047719287789616815,False,,,
channel,36,baseline/forehead/chrom,forehead,forehead,baseline,chrom,eligible,0.9833333333333333,0.983333323086545,0.02666666666666667,0.013333333333333334,True,97.0,0.32955064562405667,10.34621184211369,0.17696993904066652,,,,,,,,,,,
channel,36,baseline/forehead/pos,forehead,forehead,baseline,pos,eligible,0.9833333333333333,0.983333323086545,0.02666666666666667,0.013333333333333334,False,185.0,0.2709982633375443,10.09897489031215,0.14715520408488036,,,,,,,,,,,
channel,36,baseline/left_cheek/chrom,left_cheek,left_cheek,baseline,chrom,eligible,0.9833333333333333,0.9183323136039746,0.0033333333333333335,0.11,True,187.0,0.6648027449182325,8.774675688714211,0.3840075801208593,,,,,,,,,,,
channel,36,baseline/left_cheek/pos,left_cheek,left_cheek,baseline,pos,eligible,0.9833333333333333,0.9183323136039746,0.0033333333333333335,0.11,False,187.0,0.5307671461114402,9.286709048254039,0.299210448120429,,,,,,,,,,,
channel,36,baseline/right_cheek/chrom,right_cheek,right_cheek,baseline,chrom,eligible,0.9833333333333333,0.7399999913232959,0.0,0.023333333333333334,False,65.0,0.33029369444772655,23.016516204182047,0.11319013891220144,,,,,,,,,,,
channel,36,baseline/right_cheek/pos,right_cheek,right_cheek,baseline,pos,eligible,0.9833333333333333,0.7399999913232959,0.0,0.023333333333333334,True,92.0,0.3170453211832167,13.634424684799058,0.1484154179771647,,,,,,,,,,,
channel,36,tracked/forehead/chrom,forehead,forehead,tracked,chrom,tracking_ineligible,0.9833333333333333,0.983333323086545,0.02666666666666667,0.013333333333333334,False,,,,,,,,,,,,,,,
channel,36,tracked/forehead/pos,forehead,forehead,tracked,pos,tracking_ineligible,0.9833333333333333,0.983333323086545,0.02666666666666667,0.013333333333333334,False,,,,,,,,,,,,,,,
channel,36,tracked/left_cheek/chrom,left_cheek,left_cheek,tracked,chrom,tracking_ineligible,0.9833333333333333,0.9183323136039746,0.0033333333333333335,0.11,False,,,,,,,,,,,,,,,
channel,36,tracked/left_cheek/pos,left_cheek,left_cheek,tracked,pos,tracking_ineligible,0.9833333333333333,0.9183323136039746,0.0033333333333333335,0.11,False,,,,,,,,,,,,,,,
channel,36,tracked/right_cheek/chrom,right_cheek,right_cheek,tracked,chrom,tracking_ineligible,0.9833333333333333,0.7399999913232959,0.0,0.023333333333333334,False,,,,,,,,,,,,,,,
channel,36,tracked/right_cheek/pos,right_cheek,right_cheek,tracked,pos,tracking_ineligible,0.9833333333333333,0.7399999913232959,0.0,0.023333333333333334,False,,,,,,,,,,,,,,,
cluster,36,,,,,,,,,,,,97.0,0.32955064562405656,10.34621184211369,0.17696993904066646,0.0,"[""forehead""]","[""forehead""]",1.0,1.0,False,0.058989979680222154,False,,,
cluster,36,,,,,,,,,,,,187.0,0.6648027449182324,8.774675688714211,0.3840075801208592,1.0,"[""left_cheek""]","[""left_cheek""]",1.0,1.0,False,0.12800252670695308,False,,,
cluster,36,,,,,,,,,,,,92.0,0.3170453211832167,13.634424684799058,0.1484154179771647,2.0,"[""right_cheek""]","[""right_cheek""]",1.0,1.0,False,0.049471805992388235,False,,,
channel,37,baseline/forehead/chrom,forehead,forehead,baseline,chrom,eligible,0.9833333333333333,0.9833333231370521,0.02666666666666667,0.013333333333333334,True,187.0,0.32115700738953046,9.223858062447334,0.18158263579293707,,,,,,,,,,,
channel,37,baseline/forehead/pos,forehead,forehead,baseline,pos,eligible,0.9833333333333333,0.9833333231370521,0.02666666666666667,0.013333333333333334,False,185.0,0.2709476008143043,11.154284797659074,0.14042200992968565,,,,,,,,,,,
channel,37,baseline/left_cheek/chrom,left_cheek,left_cheek,baseline,chrom,eligible,0.9833333333333333,0.9166656466823438,0.0033333333333333335,0.11666666666666667,True,188.0,0.6599694740115569,8.966407029009332,0.37772965473678916,,,,,,,,,,,
channel,37,baseline/left_cheek/pos,left_cheek,left_cheek,baseline,pos,eligible,0.9833333333333333,0.9166656466823438,0.0033333333333333335,0.11666666666666667,False,187.0,0.5166094764884442,9.436012919825458,0.2892008761632995,,,,,,,,,,,
channel,37,baseline/right_cheek/chrom,right_cheek,right_cheek,baseline,chrom,eligible,0.9833333333333333,0.7424999912346522,0.0,0.03,False,63.0,0.2824412117071611,23.590787569902233,0.09522954595565426,,,,,,,,,,,
channel,37,baseline/right_cheek/pos,right_cheek,right_cheek,baseline,pos,eligible,0.9833333333333333,0.7424999912346522,0.0,0.03,True,93.0,0.33119375714289956,11.828102485041157,0.16679150545914442,,,,,,,,,,,
channel,37,tracked/forehead/chrom,forehead,forehead,tracked,chrom,tracking_ineligible,0.9833333333333333,0.9833333231370521,0.02666666666666667,0.013333333333333334,False,,,,,,,,,,,,,,,
channel,37,tracked/forehead/pos,forehead,forehead,tracked,pos,tracking_ineligible,0.9833333333333333,0.9833333231370521,0.02666666666666667,0.013333333333333334,False,,,,,,,,,,,,,,,
channel,37,tracked/left_cheek/chrom,left_cheek,left_cheek,tracked,chrom,tracking_ineligible,0.9833333333333333,0.9166656466823438,0.0033333333333333335,0.11666666666666667,False,,,,,,,,,,,,,,,
channel,37,tracked/left_cheek/pos,left_cheek,left_cheek,tracked,pos,tracking_ineligible,0.9833333333333333,0.9166656466823438,0.0033333333333333335,0.11666666666666667,False,,,,,,,,,,,,,,,
channel,37,tracked/right_cheek/chrom,right_cheek,right_cheek,tracked,chrom,tracking_ineligible,0.9833333333333333,0.7424999912346522,0.0,0.03,False,,,,,,,,,,,,,,,
channel,37,tracked/right_cheek/pos,right_cheek,right_cheek,tracked,pos,tracking_ineligible,0.9833333333333333,0.7424999912346522,0.0,0.03,False,,,,,,,,,,,,,,,
cluster,37,,,,,,,,,,,,187.0,0.32115700738953057,9.223858062447334,0.18158263579293712,0.0,"[""forehead""]","[""forehead""]",1.0,1.0,False,0.06052754526431237,False,,,
cluster,37,,,,,,,,,,,,188.0,0.659969474011557,8.966407029009332,0.3777296547367892,1.0,"[""left_cheek""]","[""left_cheek""]",1.0,1.0,False,0.12590988491226307,False,,,
cluster,37,,,,,,,,,,,,93.0,0.3311937571428995,11.828102485041157,0.1667915054591444,2.0,"[""right_cheek""]","[""right_cheek""]",1.0,1.0,False,0.055597168486381465,False,,,
channel,38,baseline/forehead/chrom,forehead,forehead,baseline,chrom,eligible,0.9833333333333333,0.9833333228497076,0.03333333333333333,0.013333333333333334,True,187.0,0.32843343476052544,9.538172657843575,0.18298679650016803,,,,,,,,,,,
channel,38,baseline/forehead/pos,forehead,forehead,baseline,pos,eligible,0.9833333333333333,0.9833333228497076,0.03333333333333333,0.013333333333333334,False,120.0,0.2289972163527388,8.451624585709183,0.13436422053987046,,,,,,,,,,,
channel,38,baseline/left_cheek/chrom,left_cheek,left_cheek,baseline,chrom,eligible,0.9833333333333333,0.9208323136519857,0.0033333333333333335,0.11,True,188.0,0.6459288265144195,8.99347364618194,0.3692169313572709,,,,,,,,,,,
channel,38,baseline/left_cheek/pos,left_cheek,left_cheek,baseline,pos,eligible,0.9833333333333333,0.9208323136519857,0.0033333333333333335,0.11,False,188.0,0.5035559689375126,9.072435915271654,0.2867571481316451,,,,,,,,,,,
channel,38,baseline/right_cheek/chrom,right_cheek,right_cheek,baseline,chrom,eligible,0.9833333333333333,0.7441666579515698,0.0,0.03333333333333333,False,61.0,0.20050433586564986,24.8977651885477,0.06520861136420769,,,,,,,,,,,
channel,38,baseline/right_cheek/pos,right_cheek,right_cheek,baseline,pos,eligible,0.9833333333333333,0.7441666579515698,0.0,0.03333333333333333,True,93.0,0.36977796938651974,9.557392720006561,0.20583823332773085,,,,,,,,,,,
channel,38,tracked/forehead/chrom,forehead,forehead,tracked,chrom,tracking_ineligible,0.9833333333333333,0.9833333228497076,0.03333333333333333,0.013333333333333334,False,,,,,,,,,,,,,,,
channel,38,tracked/forehead/pos,forehead,forehead,tracked,pos,tracking_ineligible,0.9833333333333333,0.9833333228497076,0.03333333333333333,0.013333333333333334,False,,,,,,,,,,,,,,,
channel,38,tracked/left_cheek/chrom,left_cheek,left_cheek,tracked,chrom,tracking_ineligible,0.9833333333333333,0.9208323136519857,0.0033333333333333335,0.11,False,,,,,,,,,,,,,,,
channel,38,tracked/left_cheek/pos,left_cheek,left_cheek,tracked,pos,tracking_ineligible,0.9833333333333333,0.9208323136519857,0.0033333333333333335,0.11,False,,,,,,,,,,,,,,,
channel,38,tracked/right_cheek/chrom,right_cheek,right_cheek,tracked,chrom,tracking_ineligible,0.9833333333333333,0.7441666579515698,0.0,0.03333333333333333,False,,,,,,,,,,,,,,,
channel,38,tracked/right_cheek/pos,right_cheek,right_cheek,tracked,pos,tracking_ineligible,0.9833333333333333,0.7441666579515698,0.0,0.03333333333333333,False,,,,,,,,,,,,,,,
cluster,38,,,,,,,,,,,,188.0,0.48727184445064314,9.188741862319688,0.2759607989658889,0.0,"[""forehead"", ""left_cheek""]","[""forehead"", ""left_cheek""]",2.0,2.0,True,0.18397386597725926,True,,,
cluster,38,,,,,,,,,,,,93.0,0.36977796938651974,9.557392720006561,0.20583823332773085,1.0,"[""right_cheek""]","[""right_cheek""]",1.0,1.0,False,0.06861274444257695,False,,,
contributor,38,baseline/forehead/chrom,forehead,forehead,,,,,,,,,187.0,,,,,,,,,,,,0.5,1.0,baseline/forehead/chrom
contributor,38,baseline/left_cheek/chrom,left_cheek,left_cheek,,,,,,,,,188.0,,,,,,,,,,,,0.5,1.0,baseline/forehead/chrom
channel,39,baseline/forehead/chrom,forehead,forehead,baseline,chrom,eligible,0.9866666666666667,0.9866666562337447,0.02666666666666667,0.01,False,187.0,0.29572808809210444,8.881688418253475,0.1699449290701593,,,,,,,,,,,
channel,39,baseline/forehead/pos,forehead,forehead,baseline,pos,eligible,0.9866666666666667,0.9866666562337447,0.02666666666666667,0.01,True,122.0,0.30833945558919446,9.531068713306652,0.17184811011185944,,,,,,,,,,,
channel,39,baseline/left_cheek/chrom,left_cheek,left_cheek,baseline,chrom,eligible,0.9866666666666667,0.9316656467949129,0.0033333333333333335,0.10333333333333333,True,188.0,0.5647206293569924,8.500350701277625,0.33056251822372845,,,,,,,,,,,
channel,39,baseline/left_cheek/pos,left_cheek,left_cheek,baseline,pos,eligible,0.9866666666666667,0.9316656467949129,0.0033333333333333335,0.10333333333333333,False,188.0,0.45896562289182685,8.532548746809653,0.2682369121640435,,,,,,,,,,,
channel,39,baseline/right_cheek/chrom,right_cheek,right_cheek,baseline,chrom,eligible,0.9866666666666667,0.7483333243627468,0.0,0.03666666666666667,False,141.0,0.17920747900063086,7.8748088289102895,0.10820178279548659,,,,,,,,,,,
channel,39,baseline/right_cheek/pos,right_cheek,right_cheek,baseline,pos,eligible,0.9866666666666667,0.7483333243627468,0.0,0.03666666666666667,True,93.0,0.4347833621442685,8.181187655877764,0.25852791395117203,,,,,,,,,,,
channel,39,tracked/forehead/chrom,forehead,forehead,tracked,chrom,tracking_ineligible,0.9866666666666667,0.9866666562337447,0.02666666666666667,0.01,False,,,,,,,,,,,,,,,
channel,39,tracked/forehead/pos,forehead,forehead,tracked,pos,tracking_ineligible,0.9866666666666667,0.9866666562337447,0.02666666666666667,0.01,False,,,,,,,,,,,,,,,
channel,39,tracked/left_cheek/chrom,left_cheek,left_cheek,tracked,chrom,tracking_ineligible,0.9866666666666667,0.9316656467949129,0.0033333333333333335,0.10333333333333333,False,,,,,,,,,,,,,,,
channel,39,tracked/left_cheek/pos,left_cheek,left_cheek,tracked,pos,tracking_ineligible,0.9866666666666667,0.9316656467949129,0.0033333333333333335,0.10333333333333333,False,,,,,,,,,,,,,,,
channel,39,tracked/right_cheek/chrom,right_cheek,right_cheek,tracked,chrom,tracking_ineligible,0.9866666666666667,0.7483333243627468,0.0,0.03666666666666667,False,,,,,,,,,,,,,,,
channel,39,tracked/right_cheek/pos,right_cheek,right_cheek,tracked,pos,tracking_ineligible,0.9866666666666667,0.7483333243627468,0.0,0.03666666666666667,False,,,,,,,,,,,,,,,
cluster,39,,,,,,,,,,,,122.0,0.30833945558919446,9.531068713306652,0.17184811011185944,0.0,"[""forehead""]","[""forehead""]",1.0,1.0,False,0.05728270337061981,False,,,
cluster,39,,,,,,,,,,,,188.0,0.5647206293569923,8.500350701277625,0.33056251822372834,1.0,"[""left_cheek""]","[""left_cheek""]",1.0,1.0,False,0.11018750607457611,False,,,
cluster,39,,,,,,,,,,,,93.0,0.43478336214426866,8.181187655877764,0.25852791395117214,2.0,"[""right_cheek""]","[""right_cheek""]",1.0,1.0,False,0.08617597131705738,False,,,
channel,40,baseline/forehead/chrom,forehead,forehead,baseline,chrom,eligible,0.9866666666666667,0.9866666561220256,0.03666666666666667,0.01,False,187.0,0.2643361908799115,7.905912066520926,0.15935136656681378,,,,,,,,,,,
channel,40,baseline/forehead/pos,forehead,forehead,baseline,pos,eligible,0.9866666666666667,0.9866666561220256,0.03666666666666667,0.01,True,122.0,0.3916691753546465,10.31389037212405,0.210632481645932,,,,,,,,,,,
channel,40,baseline/left_cheek/chrom,left_cheek,left_cheek,baseline,chrom,eligible,0.9866666666666667,0.9441656465783641,0.0033333333333333335,0.09333333333333334,True,187.0,0.46070979740336215,8.401972338538542,0.2709795639903495,,,,,,,,,,,
channel,40,baseline/left_cheek/pos,left_cheek,left_cheek,baseline,pos,eligible,0.9866666666666667,0.9441656465783641,0.0033333333333333335,0.09333333333333334,False,188.0,0.3993316183738483,8.29922489307998,0.23606711318912324,,,,,,,,,,,
channel,40,baseline/right_cheek/chrom,right_cheek,right_cheek,baseline,chrom,eligible,0.9866666666666667,0.7483333247694643,0.0,0.03666666666666667,False,141.0,0.2646253837575358,8.569957827741462,0.15437584421334194,,,,,,,,,,,
channel,40,baseline/right_cheek/pos,right_cheek,right_cheek,baseline,pos,eligible,0.9866666666666667,0.7483333247694643,0.0,0.03666666666666667,True,93.0,0.461676795415708,8.336751990807358,0.2724191919876266,,,,,,,,,,,
channel,40,tracked/forehead/chrom,forehead,forehead,tracked,chrom,tracking_ineligible,0.9866666666666667,0.9866666561220256,0.03666666666666667,0.01,False,,,,,,,,,,,,,,,
channel,40,tracked/forehead/pos,forehead,forehead,tracked,pos,tracking_ineligible,0.9866666666666667,0.9866666561220256,0.03666666666666667,0.01,False,,,,,,,,,,,,,,,
channel,40,tracked/left_cheek/chrom,left_cheek,left_cheek,tracked,chrom,tracking_ineligible,0.9866666666666667,0.9441656465783641,0.0033333333333333335,0.09333333333333334,False,,,,,,,,,,,,,,,
channel,40,tracked/left_cheek/pos,left_cheek,left_cheek,tracked,pos,tracking_ineligible,0.9866666666666667,0.9441656465783641,0.0033333333333333335,0.09333333333333334,False,,,,,,,,,,,,,,,
channel,40,tracked/right_cheek/chrom,right_cheek,right_cheek,tracked,chrom,tracking_ineligible,0.9866666666666667,0.7483333247694643,0.0,0.03666666666666667,False,,,,,,,,,,,,,,,
channel,40,tracked/right_cheek/pos,right_cheek,right_cheek,tracked,pos,tracking_ineligible,0.9866666666666667,0.7483333247694643,0.0,0.03666666666666667,False,,,,,,,,,,,,,,,
cluster,40,,,,,,,,,,,,122.0,0.3916691753546466,10.31389037212405,0.21063248164593207,0.0,"[""forehead""]","[""forehead""]",1.0,1.0,False,0.07021082721531069,False,,,
cluster,40,,,,,,,,,,,,187.0,0.4607097974033622,8.401972338538542,0.27097956399034956,1.0,"[""left_cheek""]","[""left_cheek""]",1.0,1.0,False,0.09032652133011652,False,,,
cluster,40,,,,,,,,,,,,93.0,0.46167679541570805,8.336751990807358,0.2724191919876266,2.0,"[""right_cheek""]","[""right_cheek""]",1.0,1.0,False,0.09080639732920887,False,,,
channel,41,baseline/forehead/chrom,forehead,forehead,baseline,chrom,nonfinite_bvp,0.9866666666666667,0.9866666563943273,0.043333333333333335,0.01,False,,,,,,,,,,,,,,,
channel,41,baseline/forehead/pos,forehead,forehead,baseline,pos,nonfinite_bvp,0.9866666666666667,0.9866666563943273,0.043333333333333335,0.01,False,,,,,,,,,,,,,,,
channel,41,baseline/left_cheek/chrom,left_cheek,left_cheek,baseline,chrom,nonfinite_bvp,0.9866666666666667,0.944999989705631,0.0033333333333333335,0.09333333333333334,False,,,,,,,,,,,,,,,
channel,41,baseline/left_cheek/pos,left_cheek,left_cheek,baseline,pos,nonfinite_bvp,0.9866666666666667,0.944999989705631,0.0033333333333333335,0.09333333333333334,False,,,,,,,,,,,,,,,
channel,41,baseline/right_cheek/chrom,right_cheek,right_cheek,baseline,chrom,nonfinite_bvp,0.9866666666666667,0.7474999914891934,0.0033333333333333335,0.03333333333333333,False,,,,,,,,,,,,,,,
channel,41,baseline/right_cheek/pos,right_cheek,right_cheek,baseline,pos,nonfinite_bvp,0.9866666666666667,0.7474999914891934,0.0033333333333333335,0.03333333333333333,False,,,,,,,,,,,,,,,
channel,41,tracked/forehead/chrom,forehead,forehead,tracked,chrom,nonfinite_bvp,0.9866666666666667,0.9866666563943273,0.043333333333333335,0.01,False,,,,,,,,,,,,,,,
channel,41,tracked/forehead/pos,forehead,forehead,tracked,pos,nonfinite_bvp,0.9866666666666667,0.9866666563943273,0.043333333333333335,0.01,False,,,,,,,,,,,,,,,
channel,41,tracked/left_cheek/chrom,left_cheek,left_cheek,tracked,chrom,nonfinite_bvp,0.9866666666666667,0.944999989705631,0.0033333333333333335,0.09333333333333334,False,,,,,,,,,,,,,,,
channel,41,tracked/left_cheek/pos,left_cheek,left_cheek,tracked,pos,nonfinite_bvp,0.9866666666666667,0.944999989705631,0.0033333333333333335,0.09333333333333334,False,,,,,,,,,,,,,,,
channel,41,tracked/right_cheek/chrom,right_cheek,right_cheek,tracked,chrom,nonfinite_bvp,0.9866666666666667,0.7474999914891934,0.0033333333333333335,0.03333333333333333,False,,,,,,,,,,,,,,,
channel,41,tracked/right_cheek/pos,right_cheek,right_cheek,tracked,pos,nonfinite_bvp,0.9866666666666667,0.7474999914891934,0.0033333333333333335,0.03333333333333333,False,,,,,,,,,,,,,,,
