time_s,observed_fraction,interpolated_fraction,spectral_peak_bpm,peak_concentration,accepted,status,ridge_bpm,legacy_ridge_bpm,evidence_local_bpm,evidence_score,evidence_runner_up_margin,evidence_selected_relative_power,evidence_selected_peak_bpm,evidence_selected_periodic_support,evidence_selected_motion_overlap,evidence_candidate_count,evidence_candidates_json,evidence_reacquired,evidence_tracker_state,evidence_motion_available,raw_spectral_peak_bpm,window_start_s,window_end_s,proposal_accepted,proposal_status,consensus_bpm,proposal_roi_count,waveform_roi_count,waveform_generated,neighbor_covered,hr_source
4.999995,0.7,0.0,,,False,gap_or_filter_edge,,,,,,,,,,0,[],False,unavailable,False,,0.0,9.99999,False,insufficient_rois,,0,0,False,False,saved_fused_waveform_offline
5.999994,0.8,0.0,,,False,gap_or_filter_edge,,,,,,,,,,0,[],False,unavailable,False,,0.999999,10.999989,False,insufficient_rois,,0,0,False,False,saved_fused_waveform_offline
6.999993,0.9,0.0,,,False,gap_or_filter_edge,,,,,,,,,,0,[],False,unavailable,False,,1.999998,11.999988,False,insufficient_rois,,0,0,False,False,saved_fused_waveform_offline
7.999992,1.0,0.0,184.0,0.6354983479654591,True,candidate_only,92.0,92.0,91.0,0.6876333728662463,1.335696896077819,0.2460367224122181,91.0,0.7643845518142766,0.07354471748533184,2,"[{""bpm"":91.0,""relative_power"":0.24770331580703175,""peak_concentration"":0.1589808868687441,""prominence"":0.24720669490609,""period_correlation"":0.7676249702598787,""split_period_correlation"":0.75466329647747,""periodic_support"":0.7643845518142766,""harmonic2_relative_power"":0.8218246185427586,""harmonic3_relative_power"":3.2211596905481715e-05,""harmonic_support"":0.45217450739495646,""motion_profile"":0.07354471748533184,""motion_strength"":0.9935896254128586,""motion_reliability"":1.0,""motion_overlap"":0.07354471748533184,""motion_available"":true,""evidence_score"":0.7126333728662463,""supported_bpm"":[88.0,89.0,90.0,91.0,92.0,93.0,94.0],""supported_relative_power"":[0.1698998787573673,0.2060310208893138,0.23349112784750836,0.24770331580703175,0.2460367224122181,0.2284639154132326,0.19760227196208466]},{""bpm"":184.0,""relative_power"":1.0,""peak_concentration"":0.6354983479654591,""prominence"":1.0,""period_correlation"":0.5321732164718785,""split_period_correlation"":0.5228165364042421,""periodic_support"":0.5298340464549695,""harmonic2_relative_power"":2.639170170326234e-07,""harmonic3_relative_power"":7.719810933199712e-08,""harmonic_support"":0.000610974461212089,""motion_profile"":0.965193559018601,""motion_strength"":0.9935896254128586,""motion_reliability"":1.0,""motion_overlap"":0.965193559018601,""motion_available"":true,""evidence_score"":-0.6230635232115728,""supported_bpm"":[181.0,182.0,183.0,184.0,185.0,186.0,187.0],""supported_relative_power"":[0.6627102725848553,0.8218246185427586,0.9404005448859544,1.0,0.9921402311059937,0.920448370715115,0.7990787756740106]}]",False,acquired,True,184.0,2.999997,12.999986999999999,True,accepted_consensus,184.0,3,3,True,False,saved_fused_waveform_offline
8.999991,1.0,0.0,183.0,0.6880479351084523,True,candidate_only,92.0,92.0,92.0,0.686946572122461,1.3444350900371493,0.20350003262251795,92.0,0.8208188087523876,0.08778071342229875,2,"[{""bpm"":92.0,""relative_power"":0.20350003262251795,""peak_concentration"":0.13208023798331534,""prominence"":0.2031855875299282,""period_correlation"":0.822473474875728,""split_period_correlation"":0.8158548103823666,""periodic_support"":0.8208188087523876,""harmonic2_relative_power"":0.9936693048801948,""harmonic3_relative_power"":7.025269896261068e-05,""harmonic_support"":0.4510029641000084,""motion_profile"":0.08778071342229875,""motion_strength"":0.9936924486654357,""motion_reliability"":1.0,""motion_overlap"":0.08778071342229875,""motion_available"":true,""evidence_score"":0.686946572122461,""supported_bpm"":[89.0,90.0,91.0,92.0,93.0,94.0,95.0],""supported_relative_power"":[0.13232741921860203,0.16468978810109422,0.18998260228477581,0.20350003262251795,0.202489593828379,0.18697241963047412,0.1593291130518754]},{""bpm"":183.0,""relative_power"":1.0,""peak_concentration"":0.6880479351084523,""prominence"":1.0,""period_correlation"":0.5062269975219773,""split_period_correlation"":0.5113259563076489,""periodic_support"":0.5075017372183952,""harmonic2_relative_power"":3.2404956977794065e-07,""harmonic3_relative_power"":3.8656602804110025e-07,""harmonic_support"":0.0007868640398232965,""motion_profile"":0.973221834315797,""motion_strength"":0.9936924486654357,""motion_reliability"":1.0,""motion_overlap"":0.973221834315797,""motion_available"":true,""evidence_score"":-0.6574885179146883,""supported_bpm"":[180.0,181.0,182.0,183.0,184.0,185.0,186.0],""supported_relative_power"":[0.7009073375079575,0.8384036459255754,0.9451458520775996,1.0,0.9936693048801948,0.9258713917631386,0.8070623962163672]}]",False,tracked,True,183.0,3.999996,13.999986,True,accepted_consensus,184.0,3,3,True,False,saved_fused_waveform_offline
9.99999,1.0,0.0,183.0,0.7256664306406228,True,candidate_only,93.0,93.0,93.0,0.565887996343714,1.2753301780734292,0.18484248269324416,93.0,0.8252997714079633,0.08621197188102536,2,"[{""bpm"":93.0,""relative_power"":0.18484248269324416,""peak_concentration"":0.12182380887129415,""prominence"":0.1847559807265923,""period_correlation"":0.8266374516270489,""split_period_correlation"":0.8212867307507061,""periodic_support"":0.8252997714079633,""harmonic2_relative_power"":0.6837792223932561,""harmonic3_relative_power"":6.310896441285015e-05,""harmonic_support"":0.3567111541678378,""motion_profile"":0.08621197188102536,""motion_strength"":0.993744431363445,""motion_reliability"":1.0,""motion_overlap"":0.08621197188102536,""motion_available"":true,""evidence_score"":0.565887996343714,""supported_bpm"":[90.0,91.0,92.0,93.0,94.0,95.0,96.0],""supported_relative_power"":[0.1162733596176328,0.14845159214075188,0.17281771572940474,0.18484248269324416,0.18241208580562554,0.1656073035364146,0.13887920812575907]},{""bpm"":183.0,""relative_power"":1.0,""peak_concentration"":0.7256664306406228,""prominence"":1.0,""period_correlation"":0.4873808982430507,""split_period_correlation"":0.470795710460355,""periodic_support"":0.4832346012973768,""harmonic2_relative_power"":7.30723069189588e-07,""harmonic3_relative_power"":8.647545723818907e-07,""harmonic_support"":0.0011802960474767354,""motion_profile"":0.993744431363445,""motion_strength"":0.993744431363445,""motion_reliability"":1.0,""motion_overlap"":0.993744431363445,""motion_available"":true,""evidence_score"":-0.7094421817297152,""supported_bpm"":[180.0,181.0,182.0,183.0,184.0,185.0,186.0],""supported_relative_power"":[0.8252471243891389,0.9336066402988661,0.9963761629635935,1.0,0.9433648191162538,0.8328821769089788,0.6837792223932561]}]",False,tracked,True,183.0,4.999995,14.999984999999999,True,accepted_consensus,183.0,3,3,True,False,saved_fused_waveform_offline
10.999989,1.0,0.0,183.0,0.7151516986668495,True,candidate_only,93.0,93.0,93.0,0.6455770765795886,1.4442990781512592,0.20544856180053284,93.0,0.8542354578540934,0.09116944632277109,2,"[{""bpm"":93.0,""relative_power"":0.20544856180053284,""peak_concentration"":0.13175471241521353,""prominence"":0.20522541444135287,""period_correlation"":0.8543643428059932,""split_period_correlation"":0.8538488029983939,""periodic_support"":0.8542354578540934,""harmonic2_relative_power"":0.6748086588874969,""harmonic3_relative_power"":8.169156511509703e-05,""harmonic_support"":0.37377573521484786,""motion_profile"":0.09116944632277109,""motion_strength"":0.9935436027473458,""motion_reliability"":1.0,""motion_overlap"":0.09116944632277109,""motion_available"":true,""evidence_score"":0.6455770765795886,""supported_bpm"":[90.0,91.0,92.0,93.0,94.0,95.0,96.0],""supported_relative_power"":[0.1216013694160686,0.15937216970816825,0.1891488605002262,0.20544856180053284,0.20528249703207482,0.18800777753294778,0.15823647896087215]},{""bpm"":183.0,""relative_power"":1.0,""peak_concentration"":0.7151516986668495,""prominence"":1.0,""period_correlation"":0.4022736306470435,""split_period_correlation"":0.3990449652262028,""periodic_support"":0.4014664642918333,""harmonic2_relative_power"":1.4105014526372467e-06,""harmonic3_relative_power"":1.3505481418098982e-06,""harmonic_support"":0.0015943911414950686,""motion_profile"":0.9935436027473458,""motion_strength"":0.9935436027473458,""motion_reliability"":1.0,""motion_overlap"":0.9935436027473458,""motion_available"":true,""evidence_score"":-0.7987220015716705,""supported_bpm"":[180.0,181.0,182.0,183.0,184.0,185.0,186.0],""supported_relative_power"":[0.8275383935568791,0.9371504965662752,0.9990240659965393,1.0,0.9399404876975587,0.8262288036428053,0.6748086588874969]}]",False,tracked,True,183.0,5.999994,15.999984,True,accepted_consensus,182.0,3,3,True,False,saved_fused_waveform_offline
11.999988,1.0,0.0,183.0,0.6490283134929947,True,candidate_only,93.0,93.0,93.0,0.8374284489089773,1.800519707311051,0.298513416321339,93.0,0.8164366237069727,0.0991191955822013,2,"[{""bpm"":93.0,""relative_power"":0.298513416321339,""peak_concentration"":0.17303513400071033,""prominence"":0.2983063150717278,""period_correlation"":0.8161698217259098,""split_period_correlation"":0.8172370296501617,""periodic_support"":0.8164366237069727,""harmonic2_relative_power"":0.7862915733567741,""harmonic3_relative_power"":9.858103761335234e-05,""harmonic_support"":0.48637629778484265,""motion_profile"":0.0991191955822013,""motion_strength"":0.9937065830168121,""motion_reliability"":1.0,""motion_overlap"":0.0991191955822013,""motion_available"":true,""evidence_score"":0.8374284489089773,""supported_bpm"":[90.0,91.0,92.0,93.0,94.0,95.0,96.0],""supported_relative_power"":[0.20480414525605237,0.25261395923427277,0.286164592977301,0.298513416321339,0.2867895531079197,0.2520002422756655,0.20254430166730694]},{""bpm"":183.0,""relative_power"":1.0,""peak_concentration"":0.6490283134929947,""prominence"":1.0,""period_correlation"":0.2419940719625879,""split_period_correlation"":0.28207931327868757,""periodic_support"":0.2520153822916128,""harmonic2_relative_power"":1.9140538653904744e-06,""harmonic3_relative_power"":1.591609273470472e-06,""harmonic_support"":0.0018250498481670965,""motion_profile"":0.9937065830168121,""motion_strength"":0.9937065830168121,""motion_reliability"":1.0,""motion_overlap"":0.9937065830168121,""motion_available"":true,""evidence_score"":-0.9630912584020739,""supported_bpm"":[180.0,181.0,182.0,183.0,184.0,185.0,186.0],""supported_relative_power"":[0.7291351970545987,0.8600037437730232,0.9564112091243994,1.0,0.9838303040683216,0.90898726900962,0.7862915733567741]}]",False,tracked,True,183.0,6.999993,16.999983,True,accepted_consensus,184.0,3,3,True,False,saved_fused_waveform_offline
12.999986999999999,1.0,0.0,184.0,0.5399936775819653,True,candidate_only,93.0,93.0,93.0,1.1523796000260362,2.239640458342679,0.49551880822537575,93.0,0.7728759142652883,0.10319602135299674,2,"[{""bpm"":93.0,""relative_power"":0.49551880822537575,""peak_concentration"":0.25583381140125233,""prominence"":0.4953624534690677,""period_correlation"":0.7701118721852543,""split_period_correlation"":0.7811680405053905,""periodic_support"":0.7728759142652883,""harmonic2_relative_power"":0.9176901305115521,""harmonic3_relative_power"":0.00011350718002826939,""harmonic_support"":0.6769636097761399,""motion_profile"":0.10319602135299674,""motion_strength"":0.9938750325591422,""motion_reliability"":1.0,""motion_overlap"":0.10319602135299674,""motion_available"":true,""evidence_score"":1.1523796000260362,""supported_bpm"":[90.0,91.0,92.0,93.0,94.0,95.0,96.0],""supported_relative_power"":[0.37233650036924176,0.43739523617572545,0.48149960970616595,0.49551880822537575,0.47510304937425396,0.4204632952502354,0.34234080225880353]},{""bpm"":184.0,""relative_power"":1.0,""peak_concentration"":0.5399936775819653,""prominence"":1.0,""period_correlation"":0.11832483016164046,""split_period_correlation"":0.16914156375696984,""periodic_support"":0.1310290135604728,""harmonic2_relative_power"":2.3352861015625648e-06,""harmonic3_relative_power"":1.289168802823471e-06,""harmonic_support"":0.001925559785032638,""motion_profile"":0.9866546664145563,""motion_strength"":0.9938750325591422,""motion_reliability"":1.0,""motion_overlap"":0.9866546664145563,""motion_available"":true,""evidence_score"":-1.0872608583166425,""supported_bpm"":[181.0,182.0,183.0,184.0,185.0,186.0,187.0],""supported_relative_power"":[0.7007738765508672,0.8438957807101226,0.9490729803915726,1.0,0.9886376127605554,0.9176901305115521,0.7996617701876226]}]",False,tracked,True,184.0,7.999992,17.999982,True,accepted_consensus,185.0,3,3,True,False,saved_fused_waveform_offline
13.999986,1.0,0.0,185.0,0.41292102289821186,True,candidate_only,93.0,93.0,93.0,1.5232791086061206,2.2794612243157446,0.8197277627044168,93.0,0.7442575492519283,0.09987926534952757,3,"[{""bpm"":93.0,""relative_power"":0.8197277627044168,""peak_concentration"":0.34990677882105664,""prominence"":0.8194608096065463,""period_correlation"":0.7437164942776486,""split_period_correlation"":0.7458807141747672,""periodic_support"":0.7442575492519283,""harmonic2_relative_power"":0.9780249103107098,""harmonic3_relative_power"":0.000131511870316766,""harmonic_support"":0.8990189328080149,""motion_profile"":0.09987926534952757,""motion_strength"":0.9938215246834504,""motion_reliability"":1.0,""motion_overlap"":0.09987926534952757,""motion_available"":true,""evidence_score"":1.5232791086061206,""supported_bpm"":[90.0,91.0,92.0,93.0,94.0,95.0,96.0],""supported_relative_power"":[0.5984083347587492,0.7037711474275368,0.7818104907187237,0.8197277627044168,0.8100282908611641,0.7498385921450634,0.6503796645375302]},{""bpm"":112.0,""relative_power"":0.11113500806883349,""peak_concentration"":0.057148947807646185,""prominence"":0.042907604113157485,""period_correlation"":-0.12183100341720018,""split_period_correlation"":-0.1474215963027968,""periodic_support"":0.0,""harmonic2_relative_power"":0.0017372771829541874,""harmonic3_relative_power"":4.642563974885514e-07,""harmonic_support"":0.013974547345817961,""motion_profile"":0.0009626626487284737,""motion_strength"":0.9938215246834504,""motion_reliability"":1.0,""motion_overlap"":0.0009626626487284737,""motion_available"":true,""evidence_score"":-0.756182115709624,""supported_bpm"":[109.0,110.0,111.0,112.0,113.0,114.0,115.0],""supported_relative_power"":[0.10238556853756686,0.10640658358116,0.10952134141121683,0.11113500806883349,0.11023531503330722,0.10576293875844003,0.09702916270233418]},{""bpm"":185.0,""relative_power"":1.0,""peak_concentration"":0.41292102289821186,""prominence"":1.0,""period_correlation"":0.02228332052755184,""split_period_correlation"":0.061365273567685646,""periodic_support"":0.03205380878758529,""harmonic2_relative_power"":2.3079762224147515e-06,""harmonic3_relative_power"":6.583098414542976e-07,""harmonic_support"":0.0018031795290667182,""motion_profile"":0.9802877176670441,""motion_strength"":0.9938215246834504,""motion_reliability"":1.0,""motion_overlap"":0.9802877176670441,""motion_available"":true,""evidence_score"":-1.1882972778883947,""supported_bpm"":[182.0,183.0,184.0,185.0,186.0,187.0,188.0],""supported_relative_power"":[0.7105190660847116,0.856430383033285,0.9578640644044887,1.0,0.9780249103107098,0.8978081436554317,0.7740124560479379]}]",False,tracked,True,185.0,8.999991,18.999981,False,ambiguous_consensus,,3,0,False,True,saved_fused_waveform_offline
14.999984999999999,1.0,0.0,94.0,0.4211274139902797,True,candidate_only,94.0,93.0,94.0,1.482205282851734,2.2972198157287362,1.0,94.0,0.7369845161518687,0.0925589095568262,3,"[{""bpm"":94.0,""relative_power"":1.0,""peak_concentration"":0.4211274139902797,""prominence"":1.0,""period_correlation"":0.734732898689645,""split_period_correlation"":0.7437393685385397,""periodic_support"":0.7369845161518687,""harmonic2_relative_power"":0.6126699058288798,""harmonic3_relative_power"":0.00016447099394718357,""harmonic_support"":0.7872209520307111,""motion_profile"":0.0925589095568262,""motion_strength"":0.9938849437470311,""motion_reliability"":1.0,""motion_overlap"":0.0925589095568262,""motion_available"":true,""evidence_score"":1.482205282851734,""supported_bpm"":[91.0,92.0,93.0,94.0,95.0,96.0,97.0],""supported_relative_power"":[0.7897206577514007,0.905041232325039,0.9784002072532099,1.0,0.9645116043140487,0.8815994897221365,0.7671878588335566]},{""bpm"":59.0,""relative_power"":0.07006797179307153,""peak_concentration"":0.03865629156236981,""prominence"":0.0693353549673801,""period_correlation"":0.010175674447778118,""split_period_correlation"":0.09833249949317859,""periodic_support"":0.03221488070912824,""harmonic2_relative_power"":0.06316164073008039,""harmonic3_relative_power"":0.028409683648019372,""harmonic_support"":0.08214092794808162,""motion_profile"":0.0017524085958948012,""motion_strength"":0.9938849437470311,""motion_reliability"":1.0,""motion_overlap"":0.0017524085958948012,""motion_available"":true,""evidence_score"":-0.815014532877002,""supported_bpm"":[56.0,57.0,58.0,59.0,60.0,61.0,62.0],""supported_relative_power"":[0.06714738414198601,0.06853819100623325,0.0696065452992827,0.07006797179307153,0.06985329895154319,0.06888915842580656,0.06707647694532404]},{""bpm"":186.0,""relative_power"":0.7486643164842536,""peak_concentration"":0.2921376034467845,""prominence"":0.748239055694701,""period_correlation"":-0.04186343671258237,""split_period_correlation"":0.03288669362215063,""periodic_support"":0.0,""harmonic2_relative_power"":7.68546522275204e-07,""harmonic3_relative_power"":1.2325406838848963e-07,""harmonic_support"":0.0008648596131775907,""motion_profile"":0.9938849437470311,""motion_strength"":0.9938849437470311,""motion_reliability"":1.0,""motion_overlap"":0.9938849437470311,""motion_available"":true,""evidence_score"":-1.3428039201005322,""supported_bpm"":[183.0,184.0,185.0,186.0,187.0,188.0,189.0],""supported_relative_power"":[0.5989458993801948,0.6932925919952792,0.7460687119762583,0.7486643164842536,0.7012585540237695,0.6126699058288798,0.4977845349367614]}]",False,tracked,True,94.0,9.99999,19.99998,True,accepted_consensus,96.0,3,2,True,False,saved_fused_waveform_offline
15.999984,1.0,0.0,94.0,0.4574145271138758,True,candidate_only,94.0,93.0,94.0,1.2213396736091298,1.8510610853512652,1.0,94.0,0.6212883497174351,0.09093179073762551,3,"[{""bpm"":94.0,""relative_power"":1.0,""peak_concentration"":0.4574145271138758,""prominence"":1.0,""period_correlation"":0.6211517439246911,""split_period_correlation"":0.6216981670956669,""periodic_support"":0.6212883497174351,""harmonic2_relative_power"":0.41811090564999687,""harmonic3_relative_power"":0.00020182407366632808,""harmonic_support"":0.651587227341983,""motion_profile"":0.09093179073762551,""motion_strength"":0.9940243402795236,""motion_reliability"":1.0,""motion_overlap"":0.09093179073762551,""motion_available"":true,""evidence_score"":1.2213396736091298,""supported_bpm"":[91.0,92.0,93.0,94.0,95.0,96.0,97.0],""supported_relative_power"":[0.7751207333734588,0.8959027281928553,0.9734695911473866,1.0,0.9724150501142869,0.9012244871342703,0.8013623190619453]},{""bpm"":57.0,""relative_power"":0.11589239184302082,""peak_concentration"":0.06823152982128536,""prominence"":0.11443440173267365,""period_correlation"":-0.15080366478753124,""split_period_correlation"":-0.22905696328273345,""periodic_support"":0.0,""harmonic2_relative_power"":0.1176721461406786,""harmonic3_relative_power"":0.007459898395173555,""harmonic_support"":0.127069982441464,""motion_profile"":0.0020070263633849787,""motion_strength"":0.9940243402795236,""motion_reliability"":1.0,""motion_overlap"":0.0020070263633849787,""motion_available"":true,""evidence_score"":-0.6297214117421355,""supported_bpm"":[54.0,55.0,56.0,57.0,58.0,59.0,60.0],""supported_relative_power"":[0.11381929051265333,0.11458654408493216,0.11539282702262568,0.11589239184302082,0.11553292748000654,0.11342867049141475,0.10904834779571627]},{""bpm"":185.0,""relative_power"":0.5293806948588254,""peak_concentration"":0.21387680165534828,""prominence"":0.5291049844507817,""period_correlation"":-0.13990082950558078,""split_period_correlation"":-0.06103038533194387,""periodic_support"":0.0,""harmonic2_relative_power"":3.5336231719255555e-07,""harmonic3_relative_power"":4.259568171842891e-09,""harmonic_support"":0.000449128169676157,""motion_profile"":0.9327012485896335,""motion_strength"":0.9940243402795236,""motion_reliability"":1.0,""motion_overlap"":0.9327012485896335,""motion_available"":true,""evidence_score"":-1.388044042143237,""supported_bpm"":[182.0,183.0,184.0,185.0,186.0,187.0,188.0],""supported_relative_power"":[0.33244286233433007,0.4208791045333294,0.4907884094956147,0.5293806948588254,0.5290732742225688,0.48959355716540104,0.41811090564999687]}]",False,tracked,True,94.0,10.999989,20.999979,True,accepted_consensus,95.0,3,2,True,False,saved_fused_waveform_offline
16.999983,1.0,0.0,94.0,0.4534273978777849,True,candidate_only,94.0,92.0,94.0,1.1641418443900347,1.665746787000117,1.0,94.0,0.6069558967293963,0.0893301927867289,3,"[{""bpm"":94.0,""relative_power"":1.0,""peak_concentration"":0.4534273978777849,""prominence"":1.0,""period_correlation"":0.6111956635869247,""split_period_correlation"":0.5942365961568112,""periodic_support"":0.6069558967293963,""harmonic2_relative_power"":0.36329413867119204,""harmonic3_relative_power"":0.00023929743570866364,""harmonic_support"":0.6081530989711098,""motion_profile"":0.0893301927867289,""motion_strength"":0.9941551362297912,""motion_reliability"":1.0,""motion_overlap"":0.0893301927867289,""motion_available"":true,""evidence_score"":1.1641418443900347,""supported_bpm"":[91.0,92.0,93.0,94.0,95.0,96.0,97.0],""supported_relative_power"":[0.8350092212292979,0.9373245868735045,0.994193521723383,1.0,0.9537146212367458,0.8672653488446763,0.7563604501934369]},{""bpm"":59.0,""relative_power"":0.16069587501492055,""peak_concentration"":0.08085938337421202,""prominence"":0.1589569848137482,""period_correlation"":-0.09269844860979956,""split_period_correlation"":-0.09226061695279361,""periodic_support"":0.0,""harmonic2_relative_power"":0.08996255397981374,""harmonic3_relative_power"":0.017932489984230412,""harmonic_support"":0.13902408851650272,""motion_profile"":0.0005955557826530962,""motion_strength"":0.9941551362297912,""motion_reliability"":1.0,""motion_overlap"":0.0005955557826530962,""motion_available"":true,""evidence_score"":-0.5016049426100823,""supported_bpm"":[56.0,57.0,58.0,59.0,60.0,61.0,62.0],""supported_relative_power"":[0.14473097012748545,0.15247292444514385,0.15859158238915827,0.16069587501492055,0.1573578886070377,0.1476551099881657,0.1315656473945821]},{""bpm"":185.0,""relative_power"":0.47873507437019724,""peak_concentration"":0.18490623146777993,""prominence"":0.4787237294926565,""period_correlation"":-0.11414741776085069,""split_period_correlation"":-0.07414966843573573,""periodic_support"":0.0,""harmonic2_relative_power"":1.7916953808442887e-06,""harmonic3_relative_power"":5.146132008358121e-07,""harmonic_support"":0.001099869067671345,""motion_profile"":0.9453923755875012,""motion_strength"":0.9941551362297912,""motion_reliability"":1.0,""motion_overlap"":0.9453923755875012,""motion_available"":true,""evidence_score"":-1.438453370744934,""supported_bpm"":[182.0,183.0,184.0,185.0,186.0,187.0,188.0],""supported_relative_power"":[0.3012126250689696,0.3825732276205593,0.44574932099710995,0.47873507437019724,0.4746244651084704,0.4336539270839165,0.36329413867119204]}]",False,tracked,True,94.0,11.999988,21.999978,False,ambiguous_consensus,,3,0,False,True,saved_fused_waveform_offline
17.999982,1.0,0.0,93.0,0.4119625358987557,True,candidate_only,94.0,91.0,93.0,1.2964561518879705,0.9411962086625956,0.982925610244122,93.0,0.6009468491775103,0.0896846514814258,6,"[{""bpm"":93.0,""relative_power"":1.0,""peak_concentration"":0.4119625358987557,""prominence"":1.0,""period_correlation"":0.601388063545221,""split_period_correlation"":0.599623206074378,""periodic_support"":0.6009468491775103,""harmonic2_relative_power"":0.5811823487808595,""harmonic3_relative_power"":0.0008438637816126991,""harmonic_support"":0.7725204321444913,""motion_profile"":0.0896846514814258,""motion_strength"":0.9942439719699707,""motion_reliability"":1.0,""motion_overlap"":0.0896846514814258,""motion_available"":true,""evidence_score"":1.3214561518879704,""supported_bpm"":[90.0,91.0,92.0,93.0,94.0,95.0,96.0],""supported_relative_power"":[0.801874923613188,0.9016920613225462,0.9709355622618365,1.0,0.982925610244122,0.9160783803767646,0.8079642041544429]},{""bpm"":46.0,""relative_power"":0.1718197944361519,""peak_concentration"":0.06469612381172997,""prominence"":0.0813891193704872,""period_correlation"":0.5442252413440672,""split_period_correlation"":0.4906074909184389,""periodic_support"":0.5308208037376602,""harmonic2_relative_power"":0.9709355622618365,""harmonic3_relative_power"":0.005777148636010609,""harmonic_support"":0.4194704262808859,""motion_profile"":0.005324157447733179,""motion_strength"":0.9942439719699707,""motion_reliability"":1.0,""motion_overlap"":0.005324157447733179,""motion_available"":true,""evidence_score"":0.3802599432253748,""supported_bpm"":[43.0,44.0,45.0,46.0,47.0,48.0,49.0],""supported_relative_power"":[0.13762891235991162,0.15668952667916738,0.16850098455863727,0.1718197944361519,0.16648357280912918,0.1537606523558025,0.13619526860453526]},{""bpm"":60.0,""relative_power"":0.2141460114083659,""peak_concentration"":0.08539219605140334,""prominence"":0.20625680929069276,""period_correlation"":-0.049740248986317834,""split_period_correlation"":-0.009546174502798488,""periodic_support"":0.0,""harmonic2_relative_power"":0.11250843410631728,""harmonic3_relative_power"":0.14276854335159334,""harmonic_support"":0.2164182407915771,""motion_profile"":9.064352986477066e-05,""motion_strength"":0.9942439719699707,""motion_reliability"":1.0,""motion_overlap"":9.064352986477066e-05,""motion_available"":true,""evidence_score"":-0.32307908373198707,""supported_bpm"":[57.0,58.0,59.0,60.0,61.0,62.0,63.0],""supported_relative_power"":[0.16731779962397145,0.1914764017252249,0.20805660062021697,0.2141460114083659,0.2083567558891393,0.19113827155396015,0.1646584277937215]},{""bpm"":120.0,""relative_power"":0.11250843410631728,""peak_concentration"":0.04300862725463394,""prominence"":0.08946592001301096,""period_correlation"":-0.2599952040372801,""split_period_correlation"":-0.28447655333270977,""periodic_support"":0.0,""harmonic2_relative_power"":0.0002842203589399551,""harmonic3_relative_power"":1.7664306343328403e-05,""harmonic_support"":0.006148248591085224,""motion_profile"":0.00021727053270991262,""motion_strength"":0.9942439719699707,""motion_reliability"":1.0,""motion_overlap"":0.00021727053270991262,""motion_available"":true,""evidence_score"":-0.7587778211846421,""supported_bpm"":[117.0,118.0,119.0,120.0,121.0,122.0,123.0],""supported_relative_power"":[0.08042113961038869,0.09684032233545464,0.10795848991726384,0.11250843410631728,0.11033057515711622,0.10219437891685448,0.08952491687025525]},{""bpm"":162.0,""relative_power"":0.06538290857866493,""peak_concentration"":0.025741441466390153,""prominence"":0.06424261945745555,""period_correlation"":-0.2554615961869656,""split_period_correlation"":-0.24945622253814725,""periodic_support"":0.0,""harmonic2_relative_power"":3.5832628235623386e-05,""harmonic3_relative_power"":1.0532390365030794e-05,""harmonic_support"":0.0018210791517664319,""motion_profile"":0.0017137407426279108,""motion_strength"":0.9942439719699707,""motion_reliability"":1.0,""motion_overlap"":0.0017137407426279108,""motion_available"":true,""evidence_score"":-0.9549441337633812,""supported_bpm"":[160.0,161.0,162.0,163.0,164.0,165.0],""supported_relative_power"":[0.05585948217701696,0.0623818829909309,0.06538290857866493,0.06462853877618402,0.060521123365644365,0.05393800259894885]},{""bpm"":186.0,""relative_power"":0.5811823487808595,""peak_concentration"":0.19949475744424452,""prominence"":0.5810420195633031,""period_correlation"":-0.1916289062387293,""split_period_correlation"":-0.1756384352235493,""periodic_support"":0.0,""harmonic2_relative_power"":1.8912780563946427e-05,""harmonic3_relative_power"":7.82974557663922e-06,""harmonic_support"":0.004062001825925599,""motion_profile"":0.9942439719699707,""motion_strength"":0.9942439719699707,""motion_reliability"":1.0,""motion_overlap"":0.9942439719699707,""motion_available"":true,""evidence_score"":-1.4286847144535264,""supported_bpm"":[183.0,184.0,185.0,186.0,187.0,188.0,189.0],""supported_relative_power"":[0.44342185437490134,0.5281499578142201,0.5773689934987637,0.5811823487808595,0.538482771613187,0.45737775202179776,0.35292100937410553]}]",False,tracked,True,93.0,12.999986999999999,22.999976999999998,False,ambiguous_consensus,,3,0,False,True,saved_fused_waveform_offline
18.999981,1.0,0.0,186.0,0.25669290863590816,True,candidate_only,94.0,89.0,94.0,1.370797675175092,1.1684327081327905,0.9459512494521916,94.0,0.5387710306025404,0.08600243542231802,7,"[{""bpm"":94.0,""relative_power"":0.9459512494521916,""peak_concentration"":0.30075730890485186,""prominence"":0.9448645098229299,""period_correlation"":0.5432353879081095,""split_period_correlation"":0.5253779586858329,""periodic_support"":0.5387710306025404,""harmonic2_relative_power"":0.8482900289737779,""harmonic3_relative_power"":0.0007478837007689164,""harmonic_support"":0.9051000714025688,""motion_profile"":0.08600243542231802,""motion_strength"":0.9943175654622186,""motion_reliability"":1.0,""motion_overlap"":0.08600243542231802,""motion_available"":true,""evidence_score"":1.370797675175092,""supported_bpm"":[91.0,92.0,93.0,94.0,95.0,96.0,97.0],""supported_relative_power"":[0.8740929682504528,0.9085949424106895,0.9365631222452071,0.9459512494521916,0.9180188507245108,0.8404699685307827,0.7134919221249449]},{""bpm"":44.0,""relative_power"":0.2737162584472883,""peak_concentration"":0.058325833851487596,""prominence"":0.24112566664457472,""period_correlation"":0.19852975759384434,""split_period_correlation"":0.09677620943133168,""periodic_support"":0.1730913705532162,""harmonic2_relative_power"":0.7562188444339941,""harmonic3_relative_power"":0.0071050662135558485,""harmonic_support"":0.4703957191398333,""motion_profile"":0.003959294331571082,""motion_strength"":0.9943175654622186,""motion_reliability"":1.0,""motion_overlap"":0.003959294331571082,""motion_available"":true,""evidence_score"":0.2023649670423016,""supported_bpm"":[42.0,43.0,44.0,45.0,46.0,47.0],""supported_relative_power"":[0.24735620432208877,0.26677871885184407,0.2737162584472883,0.2653135412177123,0.2424545925242478,0.20769789133208305]},{""bpm"":62.0,""relative_power"":0.3125656035061645,""peak_concentration"":0.08766969721133218,""prominence"":0.24606317800658434,""period_correlation"":-0.017679098912731298,""split_period_correlation"":-0.011413258457148565,""periodic_support"":0.0,""harmonic2_relative_power"":0.12235315779587884,""harmonic3_relative_power"":1.0,""harmonic_support"":0.391235653169419,""motion_profile"":0.0002443441631486721,""motion_strength"":0.9943175654622186,""motion_reliability"":1.0,""motion_overlap"":0.0002443441631486721,""motion_available"":true,""evidence_score"":-0.01609909225096715,""supported_bpm"":[59.0,60.0,61.0,62.0,63.0,64.0,65.0],""supported_relative_power"":[0.2508659131164404,0.2875232603369055,0.30924891724193215,0.3125656035061645,0.29682367206257404,0.2645718805414397,0.22117610095199994]},{""bpm"":107.0,""relative_power"":0.13622882002340106,""peak_concentration"":0.024220680521284576,""prominence"":0.1301139453171185,""period_correlation"":0.1866522811768567,""split_period_correlation"":0.1893718021337391,""periodic_support"":0.18733216141607728,""harmonic2_relative_power"":0.03901769232990606,""harmonic3_relative_power"":0.0001829715735368449,""harmonic_support"":0.07465374658494488,""motion_profile"":0.0006622701071134303,""motion_strength"":0.9943175654622186,""motion_reliability"":1.0,""motion_overlap"":0.0006622701071134303,""motion_available"":true,""evidence_score"":-0.4178054709033997,""supported_bpm"":[105.0,106.0,107.0,108.0,109.0,110.0],""supported_relative_power"":[0.0829153248808095,0.12100451691735217,0.13622882002340106,0.1245581859602251,0.09225416932363568,0.05296893429138765]},{""bpm"":123.0,""relative_power"":0.1258307791455132,""peak_concentration"":0.0384813450414358,""prominence"":0.12108339408190322,""period_correlation"":-0.2652076754753959,""split_period_correlation"":-0.24691001403142004,""periodic_support"":0.0,""harmonic2_relative_power"":0.0009470954168166247,""harmonic3_relative_power"":0.00012190533015755873,""harmonic_support"":0.012287469241170653,""motion_profile"":0.0010435832015243632,""motion_strength"":0.9943175654622186,""motion_reliability"":1.0,""motion_overlap"":0.0010435832015243632,""motion_available"":true,""evidence_score"":-0.7145030638327204,""supported_bpm"":[120.0,121.0,122.0,123.0,124.0,125.0,126.0],""supported_relative_power"":[0.10743143290885752,0.11622698415454696,0.12302670219419001,0.1258307791455132,0.12235315779587884,0.11206138302411894,0.09623000753319305]},{""bpm"":161.0,""relative_power"":0.10570373930667241,""peak_concentration"":0.03455717777505139,""prominence"":0.10189616470965472,""period_correlation"":-0.2278261870508153,""split_period_correlation"":-0.2116896832722149,""periodic_support"":0.0,""harmonic2_relative_power"":0.00017677966558852834,""harmonic3_relative_power"":5.8962242961780254e-05,""harmonic_support"":0.005196538256983651,""motion_profile"":0.0016393842787186931,""motion_strength"":0.9943175654622186,""motion_reliability"":1.0,""motion_overlap"":0.0016393842787186931,""motion_available"":true,""evidence_score"":-0.78334294563733,""supported_bpm"":[158.0,159.0,160.0,161.0,162.0,163.0,164.0],""supported_relative_power"":[0.08762394482463742,0.09662345640710603,0.10274959428772794,0.10570373930667241,0.10569780313259153,0.10269611206488408,0.09655420665461946]},{""bpm"":186.0,""relative_power"":1.0,""peak_concentration"":0.25669290863590816,""prominence"":1.0,""period_correlation"":-0.19099304125303393,""split_period_correlation"":-0.18902690044057555,""periodic_support"":0.0,""harmonic2_relative_power"":0.00011034082169658399,""harmonic3_relative_power"":4.272350994330149e-05,""harmonic_support"":0.012792036777028911,""motion_profile"":0.994058811298746,""motion_strength"":0.9943175654622186,""motion_reliability"":1.0,""motion_overlap"":0.994058811298746,""motion_available"":true,""evidence_score"":-1.2297814773464035,""supported_bpm"":[183.0,184.0,185.0,186.0,187.0,188.0,189.0],""supported_relative_power"":[0.7102833239514603,0.8641376411037014,0.9669316106617221,1.0,0.9575967263778201,0.8482900289737779,0.6919769513562731]}]",False,tracked,True,186.0,13.999986,23.999976,False,ambiguous_consensus,,3,0,False,True,saved_fused_waveform_offline
19.99998,1.0,0.0,186.0,0.3254664716605458,True,candidate_only,95.0,87.0,96.0,0.47267031406328147,0.3905251613539875,0.44477647277605903,96.0,0.3940658973692937,0.06026286591867885,8,"[{""bpm"":96.0,""relative_power"":0.4842202143065044,""peak_concentration"":0.15957432346416603,""prominence"":0.23349357766034173,""period_correlation"":0.3809427060981878,""split_period_correlation"":0.43343547118261133,""periodic_support"":0.3940658973692937,""harmonic2_relative_power"":0.3115404115745449,""harmonic3_relative_power"":0.0004134677755245196,""harmonic_support"":0.3933518299820477,""motion_profile"":0.06026286591867885,""motion_strength"":0.9943566040471926,""motion_reliability"":0.9366666666666666,""motion_overlap"":0.06026286591867885,""motion_available"":true,""evidence_score"":0.4976703140632815,""supported_bpm"":[93.0,94.0,95.0,96.0,97.0,98.0,99.0],""supported_relative_power"":[0.3083529814768665,0.37776940097158646,0.44477647277605903,0.4842202143065044,0.4827140139956572,0.43890957168544387,0.36318420207807767]},{""bpm"":86.0,""relative_power"":0.5090180452020554,""peak_concentration"":0.1753641034125247,""prominence"":0.5057936650814159,""period_correlation"":0.24164739086858597,""split_period_correlation"":0.27197678885674026,""periodic_support"":0.24922974036562454,""harmonic2_relative_power"":0.011267879428300943,""harmonic3_relative_power"":0.001801501138786123,""harmonic_support"":0.08633212320456524,""motion_profile"":0.013595640894901602,""motion_strength"":0.9943566040471926,""motion_reliability"":0.9366666666666666,""motion_overlap"":0.013595640894901602,""motion_available"":true,""evidence_score"":0.107145152709294,""supported_bpm"":[83.0,84.0,85.0,86.0,87.0,88.0,89.0],""supported_relative_power"":[0.4089180815642153,0.46983166816186056,0.5061904309785726,0.5090180452020554,0.47609951664899913,0.4130676907568334,0.3407375068690007]},{""bpm"":43.0,""relative_power"":0.25408754063421585,""peak_concentration"":0.051827648223455085,""prominence"":0.25369753533339273,""period_correlation"":0.007958464245847424,""split_period_correlation"":0.02390636789032121,""periodic_support"":0.01194544015696587,""harmonic2_relative_power"":0.5090180452020554,""harmonic3_relative_power"":0.06833738113716471,""harmonic_support"":0.40575191238823594,""motion_profile"":0.0037385070075964715,""motion_strength"":0.9943566040471926,""motion_reliability"":0.9366666666666666,""motion_overlap"":0.0037385070075964715,""motion_available"":true,""evidence_score"":-0.0653079853098238,""supported_bpm"":[42.0,43.0,44.0,45.0,46.0],""supported_relative_power"":[0.24572683090063271,0.25408754063421585,0.24494020999134242,0.21742995694259784,0.1762761529387716]},{""bpm"":63.0,""relative_power"":0.2659113073318764,""peak_concentration"":0.08881395738724632,""prominence"":0.20258629434756414,""period_correlation"":0.026394550091354593,""split_period_correlation"":-0.020509809183363287,""periodic_support"":0.014668460272675123,""harmonic2_relative_power"":0.12102507881313758,""harmonic3_relative_power"":0.7517541228983395,""harmonic_support"":0.335878838264995,""motion_profile"":0.0002600935779618125,""motion_strength"":0.9943566040471926,""motion_reliability"":0.9366666666666666,""motion_overlap"":0.0002600935779618125,""motion_available"":true,""evidence_score"":-0.11191833231695406,""supported_bpm"":[60.0,61.0,62.0,63.0,64.0,65.0,66.0],""supported_relative_power"":[0.17743929116954932,0.22015136047260092,0.2511554125964995,0.2659113073318764,0.26346684161924255,0.24628898961218382,0.21879981258782677]},{""bpm"":107.0,""relative_power"":0.131735237918043,""peak_concentration"":0.052644202732919865,""prominence"":0.03819143164679353,""period_correlation"":0.12716230232597064,""split_period_correlation"":0.16746968587239042,""periodic_support"":0.1372391482125756,""harmonic2_relative_power"":0.028814935914337873,""harmonic3_relative_power"":0.00022632876234373591,""harmonic_support"":0.0635223442099705,""motion_profile"":0.0006467655707854395,""motion_strength"":0.9943566040471926,""motion_reliability"":0.9366666666666666,""motion_overlap"":0.0006467655707854395,""motion_available"":true,""evidence_score"":-0.49575945012008665,""supported_bpm"":[104.0,105.0,106.0,107.0,108.0,109.0,110.0],""supported_relative_power"":[0.09354380627124947,0.10501647974419599,0.12107187361196453,0.131735237918043,0.1313674647684366,0.1194398328596686,0.09986175939018344]},{""bpm"":125.0,""relative_power"":0.1217150722591923,""peak_concentration"":0.03459332049625624,""prominence"":0.10577915862181766,""period_correlation"":-0.26332062594779665,""split_period_correlation"":-0.2678205716487146,""periodic_support"":0.0,""harmonic2_relative_power"":0.0005990517424057296,""harmonic3_relative_power"":0.00017931402939945683,""harmonic_support"":0.01017405905040731,""motion_profile"":0.0013456488139807108,""motion_strength"":0.9943566040471926,""motion_reliability"":0.9366666666666666,""motion_overlap"":0.0013456488139807108,""motion_available"":true,""evidence_score"":-0.7286333556190298,""supported_bpm"":[122.0,123.0,124.0,125.0,126.0,127.0,128.0],""supported_relative_power"":[0.062351611295313594,0.08856204791925565,0.11026402422691976,0.1217150722591923,0.12102507881313758,0.10932318949422777,0.09020738754043629]},{""bpm"":156.0,""relative_power"":0.09886164140876597,""peak_concentration"":0.03975107980686218,""prominence"":0.09243078488428573,""period_correlation"":-0.2702378208365083,""split_period_correlation"":-0.3040713725760012,""periodic_support"":0.0,""harmonic2_relative_power"":0.00013251214903405438,""harmonic3_relative_power"":0.00010022354454586143,""harmonic_support"":0.004721151962446015,""motion_profile"":0.0009585231332042985,""motion_strength"":0.9943566040471926,""motion_reliability"":0.9366666666666666,""motion_overlap"":0.0009585231332042985,""motion_available"":true,""evidence_score"":-0.8063888907103532,""supported_bpm"":[153.0,154.0,155.0,156.0,157.0,158.0,159.0],""supported_relative_power"":[0.08410915013167101,0.08997427944016174,0.0954692205144057,0.09886164140876597,0.09859658425937366,0.09392346932256175,0.08528378145502946]},{""bpm"":186.0,""relative_power"":1.0,""peak_concentration"":0.3254664716605458,""prominence"":1.0,""period_correlation"":-0.27047451568252584,""split_period_correlation"":-0.3063175163622911,""periodic_support"":0.0,""harmonic2_relative_power"":0.00018859825089416715,""harmonic3_relative_power"":7.073175831165265e-05,""harmonic_support"":0.016676683961364448,""motion_profile"":0.9165146208178248,""motion_strength"":0.9943566040471926,""motion_reliability"":0.9366666666666666,""motion_overlap"":0.9165146208178248,""motion_available"":true,""evidence_score"":-1.1289665920609167,""supported_bpm"":[183.0,184.0,185.0,186.0,187.0,188.0,189.0],""supported_relative_power"":[0.725638124469514,0.8666588212110631,0.963233157895381,1.0,0.9716268157362762,0.8839749458600742,0.7517541228983395]}]",False,tracked,True,186.0,14.999984999999999,24.999975,False,ambiguous_consensus,,3,0,False,True,saved_fused_waveform_offline
20.999979,1.0,0.0,186.0,0.3468028943735107,True,candidate_only,62.0,86.0,97.0,0.04025180737809742,0.01282071805533587,0.2707731651873964,63.0,0.11661541465524622,0.00027018735820637214,8,"[{""bpm"":97.0,""relative_power"":0.41481786819590116,""peak_concentration"":0.12601428730468187,""prominence"":0.40813637261597613,""period_correlation"":0.18789576656645457,""split_period_correlation"":0.23123517190161907,""periodic_support"":0.1987306179002457,""harmonic2_relative_power"":0.11704905025553913,""harmonic3_relative_power"":0.0004114737354773002,""harmonic_support"":0.2249224557671329,""motion_profile"":0.04598648448690535,""motion_strength"":0.9945480691326974,""motion_reliability"":0.8366666666666667,""motion_overlap"":0.04598648448690535,""motion_available"":true,""evidence_score"":0.07807252543343329,""supported_bpm"":[94.0,95.0,96.0,97.0,98.0,99.0,100.0],""supported_relative_power"":[0.20083670974172416,0.3028011188128021,0.3783784503082967,0.41481786819590116,0.4110914067373642,0.3756411637025366,0.321856665364824]},{""bpm"":63.0,""relative_power"":0.2836563572370402,""peak_concentration"":0.08377724381886313,""prominence"":0.2578249539286228,""period_correlation"":0.13392507481348095,""split_period_correlation"":0.06468643418054196,""periodic_support"":0.11661541465524622,""harmonic2_relative_power"":0.1678493372682067,""harmonic3_relative_power"":0.7377396152403117,""harmonic_support"":0.37830970957596144,""motion_profile"":0.00027018735820637214,""motion_strength"":0.9945480691326974,""motion_reliability"":0.8366666666666667,""motion_overlap"":0.00027018735820637214,""motion_available"":true,""evidence_score"":0.06525180737809742,""supported_bpm"":[60.0,61.0,62.0,63.0,64.0,65.0,66.0],""supported_relative_power"":[0.17618206769266676,0.2320682283227333,0.2707731651873964,0.2836563572370402,0.268551160315267,0.23025831245557551,0.17866514666678115]},{""bpm"":85.0,""relative_power"":0.4393233938330596,""peak_concentration"":0.11154821742226803,""prominence"":0.43657157260594953,""period_correlation"":0.15416512222929213,""split_period_correlation"":0.17183073913879143,""periodic_support"":0.15858152645666695,""harmonic2_relative_power"":0.030421702476886033,""harmonic3_relative_power"":0.001914668312668764,""harmonic_support"":0.12575790124467562,""motion_profile"":0.014347338547266806,""motion_strength"":0.9945480691326974,""motion_reliability"":0.8366666666666667,""motion_overlap"":0.014347338547266806,""motion_available"":true,""evidence_score"":-0.00561840975065268,""supported_bpm"":[82.0,83.0,84.0,85.0,86.0,87.0,88.0],""supported_relative_power"":[0.22009383953723638,0.31710040273213513,0.3979021348743757,0.4393233938330596,0.42626286612044745,0.35789234461525593,0.24851583611277817]},{""bpm"":44.0,""relative_power"":0.21857009126778995,""peak_concentration"":0.055047859536783116,""prominence"":0.21559913225473887,""period_correlation"":0.14982070768619063,""split_period_correlation"":0.26079385068146166,""periodic_support"":0.1775639934350084,""harmonic2_relative_power"":0.24851583611277817,""harmonic3_relative_power"":0.02256373343120448,""harmonic_support"":0.2576417651249809,""motion_profile"":0.004212128107585223,""motion_strength"":0.9945480691326974,""motion_reliability"":0.8366666666666667,""motion_overlap"":0.004212128107585223,""motion_available"":true,""evidence_score"":-0.08452998844931275,""supported_bpm"":[42.0,43.0,44.0,45.0,46.0,47.0],""supported_relative_power"":[0.1753615251184157,0.20419843090434414,0.21857009126778995,0.2133985022657174,0.19024961525610348,0.1542487422843821]},{""bpm"":111.0,""relative_power"":0.16523742559019583,""peak_concentration"":0.06502290795144494,""prominence"":0.03956128771727779,""period_correlation"":-0.14379523800470825,""split_period_correlation"":-0.109411543559838,""periodic_support"":0.0,""harmonic2_relative_power"":0.01849245456777213,""harmonic3_relative_power"":0.0002421000326781888,""harmonic_support"":0.05749159884129864,""motion_profile"":0.00107831417544182,""motion_strength"":0.9945480691326974,""motion_reliability"":0.8366666666666667,""motion_overlap"":0.00107831417544182,""motion_available"":true,""evidence_score"":-0.5739864576169683,""supported_bpm"":[108.0,109.0,110.0,111.0,112.0,113.0,114.0],""supported_relative_power"":[0.13890825865125314,0.15064050962141354,0.1606535229596772,0.16523742559019583,0.16165669147605197,0.14861676755322067,0.1266531399900638]},{""bpm"":153.0,""relative_power"":0.17721010185446578,""peak_concentration"":0.0618831454270594,""prominence"":0.17042949061599594,""period_correlation"":-0.2241846440517561,""split_period_correlation"":-0.268597992626617,""periodic_support"":0.0,""harmonic2_relative_power"":0.00018537878370373587,""harmonic3_relative_power"":0.00010878672737840525,""harmonic_support"":0.007268318032638306,""motion_profile"":0.001158653590084154,""motion_strength"":0.9945480691326974,""motion_reliability"":0.8366666666666667,""motion_overlap"":0.001158653590084154,""motion_available"":true,""evidence_score"":-0.5998267309347726,""supported_bpm"":[150.0,151.0,152.0,153.0,154.0,155.0,156.0],""supported_relative_power"":[0.13393569645696546,0.15511751501355742,0.17048164205427793,0.17721010185446578,0.17338636164257398,0.15868989179349452,0.13413480058724883]},{""bpm"":125.0,""relative_power"":0.16800014286941575,""peak_concentration"":0.050401689246706516,""prominence"":0.1506848896788171,""period_correlation"":-0.3245507184390092,""split_period_correlation"":-0.32070160542284654,""periodic_support"":0.0,""harmonic2_relative_power"":0.0007024943867664839,""harmonic3_relative_power"":0.00018562113200437934,""harmonic_support"":0.012818166309870323,""motion_profile"":0.001458215708156649,""motion_strength"":0.9945480691326974,""motion_reliability"":0.8366666666666667,""motion_overlap"":0.001458215708156649,""motion_available"":true,""evidence_score"":-0.6133312605334432,""supported_bpm"":[122.0,123.0,124.0,125.0,126.0,127.0,128.0],""supported_relative_power"":[0.08618399535933964,0.12233797410270725,0.15197947568171893,0.16800014286941575,0.1678493372682067,0.15257241037337266,0.12643660023809414]},{""bpm"":186.0,""relative_power"":1.0,""peak_concentration"":0.3468028943735107,""prominence"":1.0,""period_correlation"":-0.17015920556920766,""split_period_correlation"":-0.2252705094243132,""periodic_support"":0.0,""harmonic2_relative_power"":0.0001988439197890402,""harmonic3_relative_power"":7.265025518990563e-05,""harmonic_support"":0.017084431944750095,""motion_profile"":0.8144377680546174,""motion_strength"":0.9945480691326974,""motion_reliability"":0.8366666666666667,""motion_overlap"":0.8144377680546174,""motion_available"":true,""evidence_score"":-1.0009627781235217,""supported_bpm"":[183.0,184.0,185.0,186.0,187.0,188.0,189.0],""supported_relative_power"":[0.7423355643455375,0.8779342354954383,0.9688290852623612,1.0,0.9663215058599741,0.8738721636573259,0.7377396152403117]}]",True,reacquired,True,186.0,15.999984,25.999973999999998,False,ambiguous_consensus,,3,0,False,True,saved_fused_waveform_offline
21.999978,1.0,0.0,186.0,0.2794355071131795,True,candidate_only,62.0,86.0,62.0,0.3857576128048974,0.3372515227096754,0.38511041358781534,62.0,0.1653078748649017,0.0004672218458579279,8,"[{""bpm"":62.0,""relative_power"":0.38511041358781534,""peak_concentration"":0.09936681995799718,""prominence"":0.3787037159903314,""period_correlation"":0.18417519726387174,""split_period_correlation"":0.10870590766799162,""periodic_support"":0.1653078748649017,""harmonic2_relative_power"":0.2680314909244536,""harmonic3_relative_power"":1.0,""harmonic_support"":0.5384817968055188,""motion_profile"":0.0004672218458579279,""motion_strength"":0.9944759766958375,""motion_reliability"":0.7366666666666667,""motion_overlap"":0.0004672218458579279,""motion_available"":true,""evidence_score"":0.3857576128048974,""supported_bpm"":[59.0,60.0,61.0,62.0,63.0,64.0,65.0],""supported_relative_power"":[0.25737089344062336,0.3177345076067773,0.36377302194218064,0.38511041358781534,0.3751027590680827,0.33296945312012416,0.2646589148103118]},{""bpm"":47.0,""relative_power"":0.24273361922385814,""peak_concentration"":0.0674577443199426,""prominence"":0.1700381504748609,""period_correlation"":0.22481133774009865,""split_period_correlation"":0.2725606392815192,""periodic_support"":0.23674866312545378,""harmonic2_relative_power"":0.2924754462216229,""harmonic3_relative_power"":0.014952915896124987,""harmonic_support"":0.28753237163110607,""motion_profile"":0.0031384656274993,""motion_strength"":0.9944759766958375,""motion_reliability"":0.7366666666666667,""motion_overlap"":0.0031384656274993,""motion_available"":true,""evidence_score"":0.04850609009522201,""supported_bpm"":[44.0,45.0,46.0,47.0,48.0,49.0,50.0],""supported_relative_power"":[0.19086230136807333,0.22331562754622938,0.24121247902330123,0.24273361922385814,0.22894604378824307,0.2032590013605485,0.17047922410820518]},{""bpm"":97.0,""relative_power"":0.3975850123492589,""peak_concentration"":0.11286005781261998,""prominence"":0.20984299223156333,""period_correlation"":0.15890853616868017,""split_period_correlation"":0.2130253743244297,""periodic_support"":0.17243774570761755,""harmonic2_relative_power"":0.06019725404557524,""harmonic3_relative_power"":0.00029648300777062377,""harmonic_support"":0.15850463549622654,""motion_profile"":0.04227886356664688,""motion_strength"":0.9944759766958375,""motion_reliability"":0.7366666666666667,""motion_overlap"":0.04227886356664688,""motion_available"":true,""evidence_score"":-0.027483698756799638,""supported_bpm"":[94.0,95.0,96.0,97.0,98.0,99.0,100.0],""supported_relative_power"":[0.2924754462216229,0.34968219405474377,0.3879835806973704,0.3975850123492589,0.37645009573375426,0.3298331094606357,0.26795607253580833]},{""bpm"":86.0,""relative_power"":0.467838924652789,""peak_concentration"":0.12304135320075917,""prominence"":0.4643680331356176,""period_correlation"":0.17162314661864067,""split_period_correlation"":0.21168616977576699,""periodic_support"":0.18163890240792224,""harmonic2_relative_power"":0.00730950747261627,""harmonic3_relative_power"":0.0014774175257043845,""harmonic_support"":0.06767965786069127,""motion_profile"":0.029513998488968057,""motion_strength"":0.9944759766958375,""motion_reliability"":0.7366666666666667,""motion_overlap"":0.029513998488968057,""motion_available"":true,""evidence_score"":-0.035280974741697564,""supported_bpm"":[83.0,84.0,85.0,86.0,87.0,88.0,89.0],""supported_relative_power"":[0.3364658968291925,0.4192828512850964,0.466144927929816,0.467838924652789,0.42661146587772386,0.3547884111092481,0.27781714173767447]},{""bpm"":125.0,""relative_power"":0.2727889769654997,""peak_concentration"":0.08104972863802536,""prominence"":0.19512907704911306,""period_correlation"":-0.35801616760164856,""split_period_correlation"":-0.38831296412224703,""periodic_support"":0.0,""harmonic2_relative_power"":0.0013955560079413293,""harmonic3_relative_power"":0.00012471657737432782,""harmonic_support"":0.021552810170240588,""motion_profile"":0.0018015275486708304,""motion_strength"":0.9944759766958375,""motion_reliability"":0.7366666666666667,""motion_overlap"":0.0018015275486708304,""motion_available"":true,""evidence_score"":-0.4353689655621104,""supported_bpm"":[122.0,123.0,124.0,125.0,126.0,127.0,128.0],""supported_relative_power"":[0.21740170702930192,0.24758049459445408,0.2680314909244536,0.2727889769654997,0.2602925677200729,0.23195410034973202,0.19196763957939078]},{""bpm"":153.0,""relative_power"":0.28107870172978405,""peak_concentration"":0.0776202005696308,""prominence"":0.27548835357648216,""period_correlation"":-0.20633730233746891,""split_period_correlation"":-0.2253668105472951,""periodic_support"":0.0,""harmonic2_relative_power"":0.00015676656564789015,""harmonic3_relative_power"":7.563520876819757e-05,""harmonic_support"":0.008251831480049862,""motion_profile"":0.0007581513397624842,""motion_strength"":0.9944759766958375,""motion_reliability"":0.7366666666666667,""motion_overlap"":0.0007581513397624842,""motion_available"":true,""evidence_score"":-0.43688805773103956,""supported_bpm"":[150.0,151.0,152.0,153.0,154.0,155.0,156.0],""supported_relative_power"":[0.2170141887711352,0.2536182746972768,0.2766774031737499,0.28107870172978405,0.26589128751234054,0.23405373458113252,0.19027633130983884]},{""bpm"":113.0,""relative_power"":0.24321432394928086,""peak_concentration"":0.07858286166885523,""prominence"":0.0946049278326602,""period_correlation"":-0.23005029362933585,""split_period_correlation"":-0.2277542082548571,""periodic_support"":0.0,""harmonic2_relative_power"":0.009415204989012542,""harmonic3_relative_power"":0.00017856474079023103,""harmonic_support"":0.05015956971584155,""motion_profile"":0.00156612855544915,""motion_strength"":0.9944759766958375,""motion_reliability"":0.7366666666666667,""motion_overlap"":0.00156612855544915,""motion_available"":true,""evidence_score"":-0.4466323724608382,""supported_bpm"":[110.0,111.0,112.0,113.0,114.0,115.0,116.0],""supported_relative_power"":[0.19772127660945182,0.2230182500160461,0.2391155937599712,0.24321432394928086,0.2345882922238667,0.21524523985929622,0.18991451847001503]},{""bpm"":186.0,""relative_power"":1.0,""peak_concentration"":0.2794355071131795,""prominence"":1.0,""period_correlation"":-0.1255495772655879,""split_period_correlation"":-0.09812547498062212,""periodic_support"":0.0,""harmonic2_relative_power"":0.00013999170643196442,""harmonic3_relative_power"":5.052733166741676e-05,""harmonic_support"":0.0143196993906628,""motion_profile"":0.7139382082464145,""motion_strength"":0.9944759766958375,""motion_reliability"":0.7366666666666667,""motion_overlap"":0.7139382082464145,""motion_available"":true,""evidence_score"":-0.8781030609173553,""supported_bpm"":[183.0,184.0,185.0,186.0,187.0,188.0,189.0],""supported_relative_power"":[0.772900055999771,0.903811051967368,0.9840706866270117,1.0,0.9486763122893959,0.83861002660594,0.6871423253352401]}]",False,tracked,True,186.0,16.999983,26.999972999999997,False,ambiguous_consensus,,3,0,False,True,saved_fused_waveform_offline
22.999976999999998,1.0,0.0,185.0,0.2047248660288277,True,candidate_only,62.0,86.0,61.0,0.6833705696335182,0.6157878126913212,0.5422971418931726,61.0,0.21389626159640307,0.000381537381392965,7,"[{""bpm"":61.0,""relative_power"":0.5427854260161697,""peak_concentration"":0.1236511949939907,""prominence"":0.4257133425675153,""period_correlation"":0.22042089084106076,""split_period_correlation"":0.19432237386243004,""periodic_support"":0.21389626159640307,""harmonic2_relative_power"":0.3787157469425066,""harmonic3_relative_power"":0.8237694359530595,""harmonic_support"":0.6874260239613831,""motion_profile"":0.000381537381392965,""motion_strength"":0.9946369453465205,""motion_reliability"":0.6366666666666667,""motion_overlap"":0.000381537381392965,""motion_available"":true,""evidence_score"":0.7083705696335182,""supported_bpm"":[58.0,59.0,60.0,61.0,62.0,63.0,64.0],""supported_relative_power"":[0.4084203428577628,0.4676210447481349,0.5156292523323641,0.5427854260161697,0.5422971418931726,0.511855053652705,0.45444420870286334]},{""bpm"":49.0,""relative_power"":0.3210089128492789,""peak_concentration"":0.07979977256550934,""prominence"":0.06782248824273657,""period_correlation"":0.06721182406252654,""split_period_correlation"":0.10119569966969949,""periodic_support"":0.07570779296431979,""harmonic2_relative_power"":0.33802488555978616,""harmonic3_relative_power"":0.16085903732254972,""harmonic_support"":0.4089404031626932,""motion_profile"":0.0015487854864434012,""motion_strength"":0.9946369453465205,""motion_reliability"":0.6366666666666667,""motion_overlap"":0.0015487854864434012,""motion_available"":true,""evidence_score"":0.09258275694219693,""supported_bpm"":[46.0,47.0,48.0,49.0,50.0,51.0,52.0],""supported_relative_power"":[0.26972759602989943,0.3014000054656838,0.3187157624395926,0.3210089128492789,0.3102784958647042,0.2909550696144102,0.2700584873137853]},{""bpm"":86.0,""relative_power"":0.5792980372753568,""peak_concentration"":0.1449026946267405,""prominence"":0.577865723895424,""period_correlation"":0.17819207025494269,""split_period_correlation"":0.2192759340466315,""periodic_support"":0.1884630362028649,""harmonic2_relative_power"":0.01810187361247735,""harmonic3_relative_power"":0.0011138862167858136,""harmonic_support"":0.11129379889261516,""motion_profile"":0.035717570176781774,""motion_strength"":0.9946369453465205,""motion_reliability"":0.6366666666666667,""motion_overlap"":0.035717570176781774,""motion_available"":true,""evidence_score"":0.08287780985095407,""supported_bpm"":[83.0,84.0,85.0,86.0,87.0,88.0,89.0],""supported_relative_power"":[0.45748352557884797,0.5182145421620091,0.5601951294301982,0.5792980372753568,0.5762368864557996,0.5551011050994917,0.5259352188382528]},{""bpm"":124.0,""relative_power"":0.38732114234868,""peak_concentration"":0.1006709161738267,""prominence"":0.3769434729696846,""period_correlation"":-0.3684954560343079,""split_period_correlation"":-0.40787034332471894,""periodic_support"":0.0,""harmonic2_relative_power"":0.002133976547578223,""harmonic3_relative_power"":6.592246750013715e-05,""harmonic_support"":0.030518070759617977,""motion_profile"":0.0018497509302875341,""motion_strength"":0.9946369453465205,""motion_reliability"":0.6366666666666667,""motion_overlap"":0.0018497509302875341,""motion_available"":true,""evidence_score"":-0.3037695046100284,""supported_bpm"":[121.0,122.0,123.0,124.0,125.0,126.0,127.0],""supported_relative_power"":[0.36668543185947367,0.3787157469425066,0.38711712642057555,0.38732114234868,0.3761282955754144,0.3525770972701494,0.3173023812537616]},{""bpm"":153.0,""relative_power"":0.3647278675276669,""peak_concentration"":0.08167470908170409,""prominence"":0.3181791136302803,""period_correlation"":-0.17853661497343618,""split_period_correlation"":-0.2033487708915207,""periodic_support"":0.0,""harmonic2_relative_power"":0.00010434383188329203,""harmonic3_relative_power"":3.539682296288592e-05,""harmonic_support"":0.007426621167269011,""motion_profile"":0.0011163085878430055,""motion_strength"":0.9946369453465205,""motion_reliability"":0.6366666666666667,""motion_overlap"":0.0011163085878430055,""motion_available"":true,""evidence_score"":-0.34698008472950836,""supported_bpm"":[150.0,151.0,152.0,153.0,154.0,155.0,156.0],""supported_relative_power"":[0.305560832257719,0.34181990703785814,0.36300754604707425,0.3647278675276669,0.34704917089297366,0.3137108970704011,0.2698281791182295]},{""bpm"":185.0,""relative_power"":1.0,""peak_concentration"":0.2047248660288277,""prominence"":1.0,""period_correlation"":-0.08025597363253967,""split_period_correlation"":-0.049832395064870964,""periodic_support"":0.0,""harmonic2_relative_power"":7.848014939653279e-05,""harmonic3_relative_power"":2.393068200990181e-05,""harmonic_support"":0.010571067139356497,""motion_profile"":0.6332521885372847,""motion_strength"":0.9946369453465205,""motion_reliability"":0.6366666666666667,""motion_overlap"":0.6332521885372847,""motion_available"":true,""evidence_score"":-0.7809941685322493,""supported_bpm"":[182.0,183.0,184.0,185.0,186.0,187.0,188.0],""supported_relative_power"":[0.6726993781233178,0.8237694359530595,0.9390125262128948,1.0,0.996225991740281,0.9277051587089766,0.8050786274691029]},{""bpm"":206.0,""relative_power"":0.07637761998954029,""peak_concentration"":0.01672491721062182,""prominence"":0.07588388194823568,""period_correlation"":-0.14867255680858885,""split_period_correlation"":-0.1095430491846366,""periodic_support"":0.0,""harmonic2_relative_power"":4.501620163242982e-05,""harmonic3_relative_power"":1.9601543197827306e-05,""harmonic_support"":0.002282495450897949,""motion_profile"":0.00026289665723843223,""motion_strength"":0.9946369453465205,""motion_reliability"":0.6366666666666667,""motion_overlap"":0.00026289665723843223,""motion_available"":true,""evidence_score"":-0.898269070599503,""supported_bpm"":[203.0,204.0,205.0,206.0,207.0,208.0,209.0],""supported_relative_power"":[0.0695266508189323,0.07399348684067049,0.07636725210605672,0.07637761998954029,0.07371304696038612,0.06825234057579396,0.06022690032647139]}]",False,tracked,True,185.0,17.999982,27.999972,False,ambiguous_consensus,,2,0,False,True,saved_fused_waveform_offline
23.999976,1.0,0.0,185.0,0.17166725883571143,True,candidate_only,63.0,86.0,61.0,0.8362822560139702,0.830878544885746,0.5933508715864894,61.0,0.2889805279435578,0.0005063213127857536,6,"[{""bpm"":61.0,""relative_power"":0.6201336172201041,""peak_concentration"":0.13624602144066383,""prominence"":0.3440957778769589,""period_correlation"":0.25574361754771147,""split_period_correlation"":0.3886912591310966,""periodic_support"":0.2889805279435578,""harmonic2_relative_power"":0.453797688872726,""harmonic3_relative_power"":0.8612684216500781,""harmonic_support"":0.786273686297978,""motion_profile"":0.0005063213127857536,""motion_strength"":0.9948463972394923,""motion_reliability"":0.8566666666666667,""motion_overlap"":0.0005063213127857536,""motion_available"":true,""evidence_score"":0.9362822560139702,""supported_bpm"":[58.0,59.0,60.0,61.0,62.0,63.0,64.0],""supported_relative_power"":[0.5566869318751952,0.5878218157253082,0.6103142909621931,0.6201336172201041,0.6146776031079699,0.5933508715864894,0.5577643157611851]},{""bpm"":87.0,""relative_power"":0.6423817224177247,""peak_concentration"":0.1471356741436597,""prominence"":0.62468994266252,""period_correlation"":0.17528752967278396,""split_period_correlation"":0.30566205717070144,""periodic_support"":0.20788116154726333,""harmonic2_relative_power"":0.017691779755204723,""harmonic3_relative_power"":0.0004972765482254375,""harmonic_support"":0.11286169514536158,""motion_profile"":0.06498149011646628,""motion_strength"":0.9948463972394923,""motion_reliability"":0.8566666666666667,""motion_overlap"":0.06498149011646628,""motion_available"":true,""evidence_score"":0.10540371112822425,""supported_bpm"":[84.0,85.0,86.0,87.0,88.0,89.0,90.0],""supported_relative_power"":[0.5973349163014269,0.6223366144331977,0.6375884517101635,0.6423817224177247,0.636149375861325,0.6211141376625237,0.5990459673788588]},{""bpm"":122.0,""relative_power"":0.453797688872726,""peak_concentration"":0.10597689400310267,""prominence"":0.4299248835526819,""period_correlation"":-0.3655743863286358,""split_period_correlation"":-0.35984089117488716,""periodic_support"":0.0,""harmonic2_relative_power"":0.004894427523776674,""harmonic3_relative_power"":3.058806792090834e-05,""harmonic_support"":0.04843232719160933,""motion_profile"":0.00308461035432378,""motion_strength"":0.9948463972394923,""motion_reliability"":0.8566666666666667,""motion_overlap"":0.00308461035432378,""motion_available"":true,""evidence_score"":-0.23195976556985953,""supported_bpm"":[119.0,120.0,121.0,122.0,123.0,124.0,125.0],""supported_relative_power"":[0.44019989066191584,0.44717741672126743,0.4521818972537145,0.453797688872726,0.4502628421636057,0.4393404073597026,0.4199747082852903]},{""bpm"":152.0,""relative_power"":0.371224715072,""peak_concentration"":0.07893388584596273,""prominence"":0.27644782342139784,""period_correlation"":-0.1581298985101104,""split_period_correlation"":-0.1387518318423291,""periodic_support"":0.0,""harmonic2_relative_power"":7.808208361035276e-05,""harmonic3_relative_power"":9.51605855500478e-06,""harmonic_support"":0.0060416967770499505,""motion_profile"":0.016062307275022655,""motion_strength"":0.9948463972394923,""motion_reliability"":0.8566666666666667,""motion_overlap"":0.016062307275022655,""motion_available"":true,""evidence_score"":-0.36086788187391555,""supported_bpm"":[149.0,150.0,151.0,152.0,153.0,154.0,155.0],""supported_relative_power"":[0.3121581648917045,0.34025720351160593,0.3605188973717856,0.371224715072,0.3710491986390563,0.36066759371563817,0.34193441863218776]},{""bpm"":206.0,""relative_power"":0.07151101106911145,""peak_concentration"":0.012135436426543317,""prominence"":0.05891137754797822,""period_correlation"":-0.13099298088733594,""split_period_correlation"":-0.10942683601663675,""periodic_support"":0.0,""harmonic2_relative_power"":1.0431944521497765e-05,""harmonic3_relative_power"":4.87055713252622e-06,""harmonic_support"":0.001070271136922161,""motion_profile"":0.02477642943901514,""motion_strength"":0.9948463972394923,""motion_reliability"":0.8566666666666667,""motion_overlap"":0.02477642943901514,""motion_available"":true,""evidence_score"":-0.9531666097222262,""supported_bpm"":[203.0,204.0,205.0,206.0,207.0,208.0,209.0],""supported_relative_power"":[0.056329983877083115,0.06429574819497529,0.06954707172802906,0.07151101106911145,0.07016020856410222,0.06599053831285666,0.059840347226265876]},{""bpm"":185.0,""relative_power"":1.0,""peak_concentration"":0.17166725883571143,""prominence"":1.0,""period_correlation"":-0.052614634590381903,""split_period_correlation"":-0.022596787274121323,""periodic_support"":0.0,""harmonic2_relative_power"":2.544929927941879e-05,""harmonic3_relative_power"":5.972946630107835e-06,""harmonic_support"":0.005900116292240503,""motion_profile"":0.8452110255476591,""motion_strength"":0.9948463972394923,""motion_reliability"":0.8566666666666667,""motion_overlap"":0.8452110255476591,""motion_available"":true,""evidence_score"":-1.0506136656423335,""supported_bpm"":[182.0,183.0,184.0,185.0,186.0,187.0,188.0],""supported_relative_power"":[0.7230732389579022,0.8612684216500781,0.9587322330770386,1.0,0.9781427332036139,0.8964956365693043,0.7679574170506587]}]",False,tracked,True,185.0,18.999981,28.999971,False,ambiguous_consensus,,2,0,False,True,saved_fused_waveform_offline
24.999975,0.9933333333333333,0.006666666666666667,185.0,0.17624084324214598,True,candidate_only,64.0,85.0,63.0,0.773646005854928,0.7180787955178584,0.5649101438673854,63.0,0.3130912319151351,0.0012835442138943855,5,"[{""bpm"":63.0,""relative_power"":0.5665657775273624,""peak_concentration"":0.13770498258348457,""prominence"":0.22147481617063436,""period_correlation"":0.2750634686486611,""split_period_correlation"":0.427174521714557,""periodic_support"":0.3130912319151351,""harmonic2_relative_power"":0.35891266250561193,""harmonic3_relative_power"":0.5982420635308012,""harmonic_support"":0.6547068136057141,""motion_profile"":0.0012835442138943855,""motion_strength"":0.9949444466116614,""motion_reliability"":0.8133333333333334,""motion_overlap"":0.0012835442138943855,""motion_available"":true,""evidence_score"":0.7986460058549281,""supported_bpm"":[60.0,61.0,62.0,63.0,64.0,65.0,66.0],""supported_relative_power"":[0.549023550781558,0.5568243735750347,0.5632243955082245,0.5665657775273624,0.5649101438673854,0.5565578544623654,0.5400305314798283]},{""bpm"":85.0,""relative_power"":0.5949198084994216,""peak_concentration"":0.13547515418764008,""prominence"":0.5668657386136315,""period_correlation"":0.12404780449462635,""split_period_correlation"":0.22204814106468435,""periodic_support"":0.14854788863714086,""harmonic2_relative_power"":0.03917177291365647,""harmonic3_relative_power"":0.0032546209012177967,""harmonic_support"":0.16805763386583636,""motion_profile"":0.055302456541478064,""motion_strength"":0.9949444466116614,""motion_reliability"":0.8133333333333334,""motion_overlap"":0.055302456541478064,""motion_available"":true,""evidence_score"":0.08056721033706972,""supported_bpm"":[82.0,83.0,84.0,85.0,86.0,87.0,88.0],""supported_relative_power"":[0.5558181581028371,0.5810094956981438,0.5945019319211798,0.5949198084994216,0.582676022320952,0.5598678684366254,0.5294632754458201]},{""bpm"":123.0,""relative_power"":0.4029486087925104,""peak_concentration"":0.09307499412510371,""prominence"":0.31672097227942436,""period_correlation"":-0.37700378286187053,""split_period_correlation"":-0.5227210138180224,""periodic_support"":0.0,""harmonic2_relative_power"":0.00403506678300502,""harmonic3_relative_power"":6.9016440408305825e-06,""harmonic_support"":0.04090642709391889,""motion_profile"":0.0021830656287903038,""motion_strength"":0.9949444466116614,""motion_reliability"":0.8133333333333334,""motion_overlap"":0.0021830656287903038,""motion_available"":true,""evidence_score"":-0.2799535913128638,""supported_bpm"":[120.0,121.0,122.0,123.0,124.0,125.0,126.0],""supported_relative_power"":[0.38457450053609804,0.39562916588395536,0.4023602197441303,0.4029486087925104,0.3957224248543175,0.38066982692834095,0.35891266250561193]},{""bpm"":151.0,""relative_power"":0.30662971398061656,""peak_concentration"":0.072855541226817,""prominence"":0.18835695655485774,""period_correlation"":-0.16082273039766123,""split_period_correlation"":-0.16493414941629492,""periodic_support"":0.0,""harmonic2_relative_power"":3.8000813961403306e-05,""harmonic3_relative_power"":1.1110255380790006e-06,""harmonic_support"":0.0036178141094132207,""motion_profile"":0.011603089225726115,""motion_strength"":0.9949444466116614,""motion_reliability"":0.8133333333333334,""motion_overlap"":0.011603089225726115,""motion_available"":true,""evidence_score"":-0.42462608838766247,""supported_bpm"":[148.0,149.0,150.0,151.0,152.0,153.0,154.0],""supported_relative_power"":[0.2842206597965562,0.2961407838903853,0.3035010066109464,0.30662971398061656,0.30618918636669795,0.3027970588788924,0.2971599940348682]},{""bpm"":185.0,""relative_power"":1.0,""peak_concentration"":0.17624084324214598,""prominence"":1.0,""period_correlation"":-0.03209876696291198,""split_period_correlation"":0.11047165315265108,""periodic_support"":0.003543838065978782,""harmonic2_relative_power"":5.359804904066079e-06,""harmonic3_relative_power"":3.155966689392419e-07,""harmonic_support"":0.0025117482148873053,""motion_profile"":0.7919654116093309,""motion_strength"":0.9949444466116614,""motion_reliability"":0.8133333333333334,""motion_overlap"":0.7919654116093309,""motion_available"":true,""evidence_score"":-0.9835467944241997,""supported_bpm"":[182.0,183.0,184.0,185.0,186.0,187.0,188.0],""supported_relative_power"":[0.7460825878683922,0.8770350179088936,0.9666713646517017,1.0,0.9709471498501032,0.8839783746169292,0.7530614004159799]}]",False,tracked,True,185.0,19.99998,29.999969999999998,False,ambiguous_consensus,,2,0,False,True,saved_fused_waveform_offline
25.999973999999998,0.9933333333333333,0.006666666666666667,185.0,0.22529583997021851,True,candidate_only,65.0,84.0,67.0,0.01966381259099162,0.13444976605641332,0.45350396304155177,67.0,0.08632681288625259,0.0038222633536630947,8,"[{""bpm"":67.0,""relative_power"":0.490102183344026,""peak_concentration"":0.13678935466044762,""prominence"":0.46401677209544595,""period_correlation"":0.09865633921524385,""split_period_correlation"":0.04933823389927881,""periodic_support"":0.08632681288625259,""harmonic2_relative_power"":0.11772476407027138,""harmonic3_relative_power"":0.025177574418983308,""harmonic_support"":0.2790816278717477,""motion_profile"":0.0038222633536630947,""motion_strength"":0.9950164656601992,""motion_reliability"":0.7133333333333334,""motion_overlap"":0.0038222633536630947,""motion_available"":true,""evidence_score"":0.11966381259099163,""supported_bpm"":[64.0,65.0,66.0,67.0,68.0,69.0,70.0],""supported_relative_power"":[0.42201295779354014,0.45350396304155177,0.478034993224543,0.490102183344026,0.48709508894772874,0.46864684857128674,0.4367773591585073]},{""bpm"":56.0,""relative_power"":0.38409807064366863,""peak_concentration"":0.11314715033550345,""prominence"":0.037808197081037,""period_correlation"":-0.052281745590411634,""split_period_correlation"":-0.12302262798315615,""periodic_support"":0.0,""harmonic2_relative_power"":0.19567900792548704,""harmonic3_relative_power"":0.04936590838580641,""harmonic_support"":0.3223481895410423,""motion_profile"":0.001787251729100633,""motion_strength"":0.9950164656601992,""motion_reliability"":0.7133333333333334,""motion_overlap"":0.001787251729100633,""motion_available"":true,""evidence_score"":-0.014785953465421688,""supported_bpm"":[53.0,54.0,55.0,56.0,57.0,58.0,59.0],""supported_relative_power"":[0.34214371465333826,0.36648877237236455,0.38084758441627536,0.38409807064366863,0.3776129485663612,0.3651664306960556,0.35268373570371203]},{""bpm"":83.0,""relative_power"":0.4890248131754605,""peak_concentration"":0.12383600727285099,""prominence"":0.24335998452769264,""period_correlation"":0.07368527188262254,""split_period_correlation"":0.08305071536669087,""periodic_support"":0.07602663275363963,""harmonic2_relative_power"":0.07238904838256167,""harmonic3_relative_power"":0.0027055872179674234,""harmonic_support"":0.2008800369157924,""motion_profile"":0.041229554430950575,""motion_strength"":0.9950164656601992,""motion_reliability"":0.7133333333333334,""motion_overlap"":0.041229554430950575,""motion_available"":true,""evidence_score"":-0.017397326930477214,""supported_bpm"":[80.0,81.0,82.0,83.0,84.0,85.0,86.0],""supported_relative_power"":[0.3879134922229951,0.43668512150270167,0.47283263701076667,0.4890248131754605,0.4814014095859739,0.45064450280460056,0.402008989930152]},{""bpm"":124.0,""relative_power"":0.2827765823243339,""peak_concentration"":0.07677674310748504,""prominence"":0.19016445759888845,""period_correlation"":-0.3751324128359008,""split_period_correlation"":-0.48680076376351394,""periodic_support"":0.0,""harmonic2_relative_power"":0.0023981312281909847,""harmonic3_relative_power"":1.5832856340988766e-06,""harmonic_support"":0.02627522266527866,""motion_profile"":0.002350416857347647,""motion_strength"":0.9950164656601992,""motion_reliability"":0.7133333333333334,""motion_overlap"":0.002350416857347647,""motion_available"":true,""evidence_score"":-0.418747152614198,""supported_bpm"":[121.0,122.0,123.0,124.0,125.0,126.0,127.0],""supported_relative_power"":[0.2472858584227643,0.2674825296170179,0.2802717517907423,0.2827765823243339,0.27503338615127704,0.25911709537418565,0.23774208825809037]},{""bpm"":148.0,""relative_power"":0.2275769046382668,""peak_concentration"":0.06370006396925261,""prominence"":0.12328649269060586,""period_correlation"":-0.1967812848030505,""split_period_correlation"":-0.1810093752937813,""periodic_support"":0.0,""harmonic2_relative_power"":9.239105828440163e-05,""harmonic3_relative_power"":1.102966251401553e-07,""harmonic_support"":0.004640870892277029,""motion_profile"":0.008547851914588388,""motion_strength"":0.9950164656601992,""motion_reliability"":0.7133333333333334,""motion_overlap"":0.008547851914588388,""motion_available"":true,""evidence_score"":-0.5241374133729584,""supported_bpm"":[145.0,146.0,147.0,148.0,149.0,150.0,151.0],""supported_relative_power"":[0.20472484153018314,0.21940972992600746,0.22738651523967635,0.2275769046382668,0.2203246495428744,0.20754985080065852,0.19240454558768524]},{""bpm"":111.0,""relative_power"":0.19745295470145177,""peak_concentration"":0.05608596734892653,""prominence"":0.031625607302185665,""period_correlation"":-0.2226288282425484,""split_period_correlation"":-0.2709591648759412,""periodic_support"":0.0,""harmonic2_relative_power"":0.009044935733547982,""harmonic3_relative_power"":4.177492881942725e-06,""harmonic_support"":0.04257836918929261,""motion_profile"":0.009667128648996036,""motion_strength"":0.9950164656601992,""motion_reliability"":0.7133333333333334,""motion_overlap"":0.009667128648996036,""motion_available"":true,""evidence_score"":-0.5372947660927185,""supported_bpm"":[108.0,109.0,110.0,111.0,112.0,113.0,114.0],""supported_relative_power"":[0.1677185632695917,0.1827332101950446,0.19303556817062825,0.19745295470145177,0.19567900792548704,0.188805135992731,0.17927218305580667]},{""bpm"":159.0,""relative_power"":0.1949354086519072,""peak_concentration"":0.05344897980074009,""prominence"":0.02734640812759831,""period_correlation"":-0.10473821254036131,""split_period_correlation"":-0.018084244837210314,""periodic_support"":0.0,""harmonic2_relative_power"":6.0860332611581666e-06,""harmonic3_relative_power"":6.922649011876853e-08,""harmonic_support"":0.0011298706082534362,""motion_profile"":0.07296750553820593,""motion_strength"":0.9950164656601992,""motion_reliability"":0.7133333333333334,""motion_overlap"":0.07296750553820593,""motion_available"":true,""evidence_score"":-0.6623599658547865,""supported_bpm"":[156.0,157.0,158.0,159.0,160.0,161.0,162.0],""supported_relative_power"":[0.17993069716800178,0.1888256569109751,0.19480419808423563,0.1949354086519072,0.18744884284439445,0.1724819450960285,0.15256262192036146]},{""bpm"":185.0,""relative_power"":1.0,""peak_concentration"":0.22529583997021851,""prominence"":1.0,""period_correlation"":-0.048694932074212695,""split_period_correlation"":0.12505750331791105,""periodic_support"":0.0,""harmonic2_relative_power"":2.05346438519457e-06,""harmonic3_relative_power"":4.8100472506800484e-08,""harmonic_support"":0.0015097527811420521,""motion_profile"":0.6898449347435982,""motion_strength"":0.9950164656601992,""motion_reliability"":0.7133333333333334,""motion_overlap"":0.6898449347435982,""motion_available"":true,""evidence_score"":-0.8607964156483556,""supported_bpm"":[182.0,183.0,184.0,185.0,186.0,187.0,188.0],""supported_relative_power"":[0.7401783566048528,0.8718052612996522,0.9633777339897643,1.0,0.9749694613365483,0.891461814625197,0.7618933438446863]}]",False,tracked,True,185.0,20.999979,30.999969,True,accepted_consensus,186.0,3,2,True,False,saved_fused_waveform_offline
26.999972999999997,0.98,0.02,185.0,0.3413896567007919,True,candidate_only,65.0,83.0,67.0,-0.09848231234188337,0.0002686818687924607,0.32316121560372135,67.0,0.17769934323442999,0.0,8,"[{""bpm"":67.0,""relative_power"":0.3559449566527758,""peak_concentration"":0.13226238410665941,""prominence"":0.2793852004678281,""period_correlation"":0.16958843423042774,""split_period_correlation"":0.2020320702464366,""periodic_support"":0.17769934323442999,""harmonic2_relative_power"":0.05673596878857132,""harmonic3_relative_power"":0.014892326417820036,""harmonic_support"":0.16759112178014962,""motion_profile"":0.0,""motion_strength"":null,""motion_reliability"":0.0,""motion_overlap"":0.0,""motion_available"":false,""evidence_score"":0.0015176876581166343,""supported_bpm"":[64.0,65.0,66.0,67.0,68.0,69.0,70.0],""supported_relative_power"":[0.2733850301299198,0.32316121560372135,0.3505747521812274,0.3559449566527758,0.3452267012936225,0.32507534621485684,0.30047952004354306]},{""bpm"":185.0,""relative_power"":1.0,""peak_concentration"":0.3413896567007919,""prominence"":1.0,""period_correlation"":-0.19694334035419736,""split_period_correlation"":-0.22042217672292305,""periodic_support"":0.0,""harmonic2_relative_power"":1.3181764840776778e-06,""harmonic3_relative_power"":8.308743283748638e-08,""harmonic_support"":0.0012490057893241736,""motion_profile"":0.0,""motion_strength"":null,""motion_reliability"":0.0,""motion_overlap"":0.0,""motion_available"":false,""evidence_score"":0.0012490057893241736,""supported_bpm"":[182.0,183.0,184.0,185.0,186.0,187.0,188.0],""supported_relative_power"":[0.7029709851291169,0.840510503669887,0.9448425019623986,1.0,0.9959152373696736,0.9310320270330729,0.8132153960247884]},{""bpm"":83.0,""relative_power"":0.4015467866305313,""peak_concentration"":0.1089780795576627,""prominence"":0.39500722793690896,""period_correlation"":0.11803083912264188,""split_period_correlation"":0.14185876643034404,""periodic_support"":0.12398782094956742,""harmonic2_relative_power"":0.03420042501228951,""harmonic3_relative_power"":0.0012847011498750161,""harmonic_support"":0.12513763702129885,""motion_profile"":0.0,""motion_strength"":null,""motion_reliability"":0.0,""motion_overlap"":0.0,""motion_available"":false,""evidence_score"":-0.05782668791207751,""supported_bpm"":[80.0,81.0,82.0,83.0,84.0,85.0,86.0],""supported_relative_power"":[0.2255652405500806,0.30806440811976676,0.37281056144554864,0.4015467866305313,0.3852079550718356,0.327039079642394,0.241724282691382]},{""bpm"":55.0,""relative_power"":0.27444938003669184,""peak_concentration"":0.08080091491633269,""prominence"":0.1831174836089458,""period_correlation"":-0.09126664570780682,""split_period_correlation"":-0.11042072291747747,""periodic_support"":0.0,""harmonic2_relative_power"":0.158357622249655,""harmonic3_relative_power"":0.039734057406839024,""harmonic_support"":0.24502281431609133,""motion_profile"":0.0,""motion_strength"":null,""motion_reliability"":0.0,""motion_overlap"":0.0,""motion_available"":false,""evidence_score"":-0.20752314070544656,""supported_bpm"":[52.0,53.0,54.0,55.0,56.0,57.0,58.0],""supported_relative_power"":[0.1686874538137564,0.22295332615736815,0.2623891048780602,0.27444938003669184,0.2548787747745396,0.2097985481048226,0.15412050153615892]},{""bpm"":110.0,""relative_power"":0.158357622249655,""peak_concentration"":0.05198383294984672,""prominence"":0.1268786827793624,""period_correlation"":-0.2692877352210066,""split_period_correlation"":-0.31234656878155076,""periodic_support"":0.0,""harmonic2_relative_power"":0.006275095810153239,""harmonic3_relative_power"":2.166085910088522e-06,""harmonic_support"":0.03172814076991612,""motion_profile"":0.0,""motion_strength"":null,""motion_reliability"":0.0,""motion_overlap"":0.0,""motion_available"":false,""evidence_score"":-0.6132866393246343,""supported_bpm"":[107.0,108.0,109.0,110.0,111.0,112.0,113.0],""supported_relative_power"":[0.11737889895112374,0.13661358050179018,0.15216066980596768,0.158357622249655,0.15242346997183143,0.13393431737079803,0.10593346208155183]},{""bpm"":148.0,""relative_power"":0.16647339947488635,""peak_concentration"":0.053581165515907796,""prominence"":0.13588788124368037,""period_correlation"":-0.31040196340680354,""split_period_correlation"":-0.3565970174641613,""periodic_support"":0.0,""harmonic2_relative_power"":9.366331335243809e-05,""harmonic3_relative_power"":1.2360460998569763e-07,""harmonic_support"":0.003998933918081979,""motion_profile"":0.0,""motion_strength"":null,""motion_reliability"":0.0,""motion_overlap"":0.0,""motion_available"":false,""evidence_score"":-0.6235229769154588,""supported_bpm"":[145.0,146.0,147.0,148.0,149.0,150.0,151.0],""supported_relative_power"":[0.13241933824810292,0.1534194147270231,0.16639097767586317,0.16647339947488635,0.15177005258105833,0.12450432863584386,0.0908680260841945]},{""bpm"":123.0,""relative_power"":0.14572323940838844,""peak_concentration"":0.05295875581848689,""prominence"":0.0893806759399838,""period_correlation"":-0.42208980654461326,""split_period_correlation"":-0.4694338158726568,""periodic_support"":0.0,""harmonic2_relative_power"":0.00033698666576624026,""harmonic3_relative_power"":1.2329072170066815e-06,""harmonic_support"":0.00715597705376874,""motion_profile"":0.0,""motion_strength"":null,""motion_reliability"":0.0,""motion_overlap"":0.0,""motion_available"":false,""evidence_score"":-0.6669601498005432,""supported_bpm"":[120.0,121.0,122.0,123.0,124.0,125.0,126.0],""supported_relative_power"":[0.10169322469802992,0.12554752195516639,0.14066524034517616,0.14572323940838844,0.1420387646781755,0.13361442602155277,0.12391360236917007]},{""bpm"":159.0,""relative_power"":0.14008540970359834,""peak_concentration"":0.04193830891646877,""prominence"":0.10242141724572852,""period_correlation"":-0.2463790140081646,""split_period_correlation"":-0.28774566761626263,""periodic_support"":0.0,""harmonic2_relative_power"":4.017673603953996e-06,""harmonic3_relative_power"":1.3882995851475557e-07,""harmonic_support"":0.000799021300363287,""motion_profile"":0.0,""motion_strength"":null,""motion_reliability"":0.0,""motion_overlap"":0.0,""motion_available"":false,""evidence_score"":-0.6871270192769531,""supported_bpm"":[156.0,157.0,158.0,159.0,160.0,161.0,162.0],""supported_relative_power"":[0.07737852696284973,0.10596169235579177,0.12900637260460301,0.14008540970359834,0.13624131770014142,0.11936305515807553,0.09590230504020175]}]",False,tracked,False,185.0,21.999978,31.999968,True,accepted_consensus,185.0,3,2,True,False,saved_fused_waveform_offline
27.999972,0.98,0.02,186.0,0.4189426631493652,True,candidate_only,64.0,82.0,65.0,0.04642129346030529,0.07015978544737789,0.27802644635693785,65.0,0.3135868074551437,0.0,8,"[{""bpm"":65.0,""relative_power"":0.2951488281084715,""peak_concentration"":0.08566273893888725,""prominence"":0.26488171309201686,""period_correlation"":0.311181704634208,""split_period_correlation"":0.32080211591795077,""periodic_support"":0.3135868074551437,""harmonic2_relative_power"":0.03806758102118532,""harmonic3_relative_power"":0.06259857707974215,""harmonic_support"":0.1535722469889757,""motion_profile"":0.0,""motion_strength"":null,""motion_reliability"":0.0,""motion_overlap"":0.0,""motion_available"":false,""evidence_score"":0.07142129346030529,""supported_bpm"":[62.0,63.0,64.0,65.0,66.0,67.0,68.0],""supported_relative_power"":[0.1320009283538064,0.2155417219247222,0.27802644635693785,0.2951488281084715,0.25836226824678793,0.1882607667275865,0.11588304055406504]},{""bpm"":186.0,""relative_power"":1.0,""peak_concentration"":0.4189426631493652,""prominence"":1.0,""period_correlation"":-0.20112981526344118,""split_period_correlation"":-0.24129904963185705,""periodic_support"":0.0,""harmonic2_relative_power"":1.37197430504426e-06,""harmonic3_relative_power"":6.640920778486388e-08,""harmonic_support"":0.0012615080129273991,""motion_profile"":0.0,""motion_strength"":null,""motion_reliability"":0.0,""motion_overlap"":0.0,""motion_available"":false,""evidence_score"":0.0012615080129273991,""supported_bpm"":[183.0,184.0,185.0,186.0,187.0,188.0,189.0],""supported_relative_power"":[0.7488480202768965,0.8749455952985168,0.9637181837336686,1.0,0.9761622279545243,0.8943279346564088,0.7653914058070524]},{""bpm"":83.0,""relative_power"":0.4643229474605788,""peak_concentration"":0.13819522462985787,""prominence"":0.4621946418741049,""period_correlation"":0.09775368693826034,""split_period_correlation"":0.11176351359478767,""periodic_support"":0.10125614360239216,""harmonic2_relative_power"":0.004092503855056932,""harmonic3_relative_power"":0.0005782809491987472,""harmonic_support"":0.04932696864417109,""motion_profile"":0.0,""motion_strength"":null,""motion_reliability"":0.0,""motion_overlap"":0.0,""motion_available"":false,""evidence_score"":-0.10780250988270727,""supported_bpm"":[80.0,81.0,82.0,83.0,84.0,85.0,86.0],""supported_relative_power"":[0.20191280936886596,0.32127282745605823,0.41785191209334804,0.4643229474605788,0.44891853233599166,0.3785140586700126,0.27519128691674777]},{""bpm"":55.0,""relative_power"":0.3126117603117573,""peak_concentration"":0.08448179643412346,""prominence"":0.28641355080007835,""period_correlation"":-0.06447825137228756,""split_period_correlation"":-0.03185396737629221,""periodic_support"":0.0,""harmonic2_relative_power"":0.1228666595622871,""harmonic3_relative_power"":0.0022355440406213083,""harmonic_support"":0.2052361463374665,""motion_profile"":0.0,""motion_strength"":null,""motion_reliability"":0.0,""motion_overlap"":0.0,""motion_available"":false,""evidence_score"":-0.2017414879227567,""supported_bpm"":[52.0,53.0,54.0,55.0,56.0,57.0,58.0],""supported_relative_power"":[0.13605920542824262,0.22127728321409848,0.287908981821498,0.3126117603117573,0.2853156837803025,0.21434885834123069,0.12473783812953626]},{""bpm"":73.0,""relative_power"":0.1466649956912094,""peak_concentration"":0.057897011140228195,""prominence"":0.08783077918678514,""period_correlation"":0.09918833531941725,""split_period_correlation"":0.14964829792264298,""periodic_support"":0.11180332597022369,""harmonic2_relative_power"":0.09405346025860467,""harmonic3_relative_power"":0.0015531992640773456,""harmonic_support"":0.12273191748826036,""motion_profile"":0.0,""motion_strength"":null,""motion_reliability"":0.0,""motion_overlap"":0.0,""motion_available"":false,""evidence_score"":-0.4261459057805564,""supported_bpm"":[70.0,71.0,72.0,73.0,74.0,75.0,76.0],""supported_relative_power"":[0.05883421650442425,0.08311869036682881,0.12126544499334575,0.1466649956912094,0.13988693850120046,0.10380311037950891,0.05684597347283672]},{""bpm"":148.0,""relative_power"":0.1387456419258746,""peak_concentration"":0.03938272183974535,""prominence"":0.13651009788525328,""period_correlation"":-0.35270189166116855,""split_period_correlation"":-0.39677151576725145,""periodic_support"":0.0,""harmonic2_relative_power"":0.00013375838632262817,""harmonic3_relative_power"":6.197510442316807e-08,""harmonic_support"":0.004340400708236379,""motion_profile"":0.0,""motion_strength"":null,""motion_reliability"":0.0,""motion_overlap"":0.0,""motion_available"":false,""evidence_score"":-0.6869491270290089,""supported_bpm"":[145.0,146.0,147.0,148.0,149.0,150.0,151.0],""supported_relative_power"":[0.05850512124071279,0.09405346025860467,0.12398847171605216,0.1387456419258746,0.133268336011893,0.10890473876812357,0.07318961567856125]},{""bpm"":111.0,""relative_power"":0.12590009229819313,""peak_concentration"":0.037325957000155445,""prominence"":0.12215205393100828,""period_correlation"":-0.3471222725593016,""split_period_correlation"":-0.37247477312194205,""periodic_support"":0.0,""harmonic2_relative_power"":0.0023840471138034014,""harmonic3_relative_power"":4.036754598337574e-06,""harmonic_support"":0.017574403550702146,""motion_profile"":0.0,""motion_strength"":null,""motion_reliability"":0.0,""motion_overlap"":0.0,""motion_available"":false,""evidence_score"":-0.7077189081380236,""supported_bpm"":[108.0,109.0,110.0,111.0,112.0,113.0,114.0],""supported_relative_power"":[0.07411871964318685,0.10355683467957118,0.1228666595622871,0.12590009229819313,0.11140464456386111,0.08370827456822212,0.051313273520407855]},{""bpm"":159.0,""relative_power"":0.12482696431409573,""peak_concentration"":0.03509276572983786,""prominence"":0.11324619721962631,""period_correlation"":-0.27813877364478484,""split_period_correlation"":-0.3261200398842998,""periodic_support"":0.0,""harmonic2_relative_power"":4.038863782042418e-07,""harmonic3_relative_power"":1.9991176672590022e-07,""harmonic_support"":0.00027982421872275114,""motion_profile"":0.0,""motion_strength"":null,""motion_reliability"":0.0,""motion_overlap"":0.0,""motion_available"":false,""evidence_score"":-0.7280095509426513,""supported_bpm"":[156.0,157.0,158.0,159.0,160.0,161.0,162.0],""supported_relative_power"":[0.05800373279699853,0.09063890192505554,0.11549567119703232,0.12482696431409573,0.11548262298065978,0.09077188851310736,0.059762695068826664]}]",False,tracked,False,186.0,22.999976999999998,32.999967,True,accepted_consensus,187.0,3,2,True,False,saved_fused_waveform_offline
28.999971,0.9766666666666667,0.023333333333333334,187.0,0.24921406466164053,True,candidate_only,63.0,80.0,63.0,0.592339735456898,0.3679357963042533,0.5967557175135811,63.0,0.42041902212844295,0.0,6,"[{""bpm"":63.0,""relative_power"":0.5967557175135811,""peak_concentration"":0.16649229112430133,""prominence"":0.03891861539447161,""period_correlation"":0.4106684136186562,""split_period_correlation"":0.4496708476578032,""periodic_support"":0.42041902212844295,""harmonic2_relative_power"":0.004898148526791545,""harmonic3_relative_power"":0.9000036599788002,""harmonic_support"":0.31056541256839476,""motion_profile"":0.0,""motion_strength"":null,""motion_reliability"":0.0,""motion_overlap"":0.0,""motion_available"":false,""evidence_score"":0.592339735456898,""supported_bpm"":[60.0,61.0,62.0,63.0,64.0,65.0,66.0],""supported_relative_power"":[0.5578371021191095,0.5732459123544711,0.5927419098525933,0.5967557175135811,0.5670112460378536,0.49491878312224585,0.38548470672129886]},{""bpm"":56.0,""relative_power"":0.6150985215279806,""peak_concentration"":0.18393665930797068,""prominence"":0.532824659257768,""period_correlation"":0.04956642083459805,""split_period_correlation"":0.06980977560429838,""periodic_support"":0.05462725952702313,""harmonic2_relative_power"":0.14222445240835835,""harmonic3_relative_power"":0.019805533015859564,""harmonic_support"":0.33440444291271376,""motion_profile"":0.0,""motion_strength"":null,""motion_reliability"":0.0,""motion_overlap"":0.0,""motion_available"":false,""evidence_score"":0.22440393915264467,""supported_bpm"":[53.0,54.0,55.0,56.0,57.0,58.0,59.0],""supported_relative_power"":[0.4799311475086419,0.5535606401303369,0.6003506729022771,0.6150985215279806,0.603050958767214,0.5781305686780207,0.5591496331401943]},{""bpm"":83.0,""relative_power"":0.7028624547370835,""peak_concentration"":0.19362829232868584,""prominence"":0.697964306210292,""period_correlation"":0.18201702930147728,""split_period_correlation"":0.18884256397391125,""periodic_support"":0.18372341296958578,""harmonic2_relative_power"":0.01840149601909794,""harmonic3_relative_power"":0.00048546638407245655,""harmonic_support"":0.12019172938750171,""motion_profile"":0.0,""motion_strength"":null,""motion_reliability"":0.0,""motion_overlap"":0.0,""motion_available"":false,""evidence_score"":0.19887956229463333,""supported_bpm"":[80.0,81.0,82.0,83.0,84.0,85.0,86.0],""supported_relative_power"":[0.5795244610180146,0.6431582513817035,0.6881422626460335,0.7028624547370835,0.682325999276656,0.6292135883211851,0.5525342312481355]},{""bpm"":187.0,""relative_power"":1.0,""peak_concentration"":0.24921406466164053,""prominence"":1.0,""period_correlation"":-0.2295745874069082,""split_period_correlation"":-0.2594678431667633,""periodic_support"":0.0,""harmonic2_relative_power"":1.2215061979596348e-06,""harmonic3_relative_power"":1.0182325928643787e-07,""harmonic_support"":0.0012169018647438246,""motion_profile"":0.0,""motion_strength"":null,""motion_reliability"":0.0,""motion_overlap"":0.0,""motion_available"":false,""evidence_score"":0.0012169018647438246,""supported_bpm"":[184.0,185.0,186.0,187.0,188.0,189.0,190.0],""supported_relative_power"":[0.7360025640858517,0.8669065072488752,0.9601768127997391,1.0,0.9792871298643887,0.9000036599788002,0.7752713173598209]},{""bpm"":150.0,""relative_power"":0.18058088785036103,""peak_concentration"":0.05027003503989939,""prominence"":0.1630943017739516,""period_correlation"":-0.34819748156680186,""split_period_correlation"":-0.3793479494702112,""periodic_support"":0.0,""harmonic2_relative_power"":0.00010350292819053054,""harmonic3_relative_power"":9.248225330147543e-07,""harmonic_support"":0.004466300492453954,""motion_profile"":0.0,""motion_strength"":null,""motion_reliability"":0.0,""motion_overlap"":0.0,""motion_available"":false,""evidence_score"":-0.594585463816955,""supported_bpm"":[147.0,148.0,149.0,150.0,151.0,152.0,153.0],""supported_relative_power"":[0.1377312801090791,0.16322995366867069,0.17781756693162165,0.18058088785036103,0.17394283529786422,0.16269383209023908,0.15253345593731416]},{""bpm"":112.0,""relative_power"":0.14222445240835835,""peak_concentration"":0.03739321478154862,""prominence"":0.13054165682852326,""period_correlation"":-0.377007014399973,""split_period_correlation"":-0.40846405072883374,""periodic_support"":0.0,""harmonic2_relative_power"":0.0011368088832000996,""harmonic3_relative_power"":2.7064524859249623e-06,""harmonic_support"":0.012932572301829176,""motion_profile"":0.0,""motion_strength"":null,""motion_reliability"":0.0,""motion_overlap"":0.0,""motion_available"":false,""evidence_score"":-0.6696895141841501,""supported_bpm"":[109.0,110.0,111.0,112.0,113.0,114.0,115.0],""supported_relative_power"":[0.10640115366137241,0.12730796217710363,0.13949060474731287,0.14222445240835835,0.13707120211927623,0.1270666312833973,0.11557401161815155]}]",False,tracked,False,187.0,23.999976,33.999966,True,accepted_consensus,188.0,2,2,True,False,saved_fused_waveform_offline
29.999969999999998,0.9766666666666667,0.023333333333333334,60.0,0.27258983157128,True,candidate_only,62.0,77.0,60.0,0.6404898548821574,0.4647588051867684,0.9623424659992414,60.0,0.3589002490880281,0.0,5,"[{""bpm"":60.0,""relative_power"":1.0,""peak_concentration"":0.27258983157128,""prominence"":1.0,""period_correlation"":0.3267242379904455,""split_period_correlation"":0.45542828238077604,""periodic_support"":0.3589002490880281,""harmonic2_relative_power"":0.06663633961986803,""harmonic3_relative_power"":0.06258492295978893,""harmonic_support"":0.34569958088532643,""motion_profile"":0.0,""motion_strength"":null,""motion_reliability"":0.0,""motion_overlap"":0.0,""motion_available"":false,""evidence_score"":0.7404898548821574,""supported_bpm"":[57.0,58.0,59.0,60.0,61.0,62.0,63.0],""supported_relative_power"":[0.8762987123473529,0.9377929579910944,0.9800982722926356,1.0,0.9944970036898971,0.9623424659992414,0.9047758605116065]},{""bpm"":80.0,""relative_power"":0.7270606403906985,""peak_concentration"":0.20118542290280048,""prominence"":0.3549354026146266,""period_correlation"":0.10877629308497822,""split_period_correlation"":0.03410137852871997,""periodic_support"":0.09010756444591365,""harmonic2_relative_power"":0.10740239231689126,""harmonic3_relative_power"":0.0008559399071258109,""harmonic_support"":0.28817361639357575,""motion_profile"":0.0,""motion_strength"":null,""motion_reliability"":0.0,""motion_overlap"":0.0,""motion_available"":false,""evidence_score"":0.275731049695389,""supported_bpm"":[77.0,78.0,79.0,80.0,81.0,82.0,83.0],""supported_relative_power"":[0.6430300441406815,0.6847184477712619,0.7136466164593441,0.7270606403906985,0.7222679027458239,0.7007751368536262,0.6640262877888997]},{""bpm"":188.0,""relative_power"":0.5724831364289481,""peak_concentration"":0.12393927481287487,""prominence"":0.5453964991580845,""period_correlation"":-0.2021156383989852,""split_period_correlation"":-0.0079992880047986,""periodic_support"":0.0,""harmonic2_relative_power"":3.347879426371832e-07,""harmonic3_relative_power"":5.315399945519521e-08,""harmonic_support"":0.0004988448757182397,""motion_profile"":0.0,""motion_strength"":null,""motion_reliability"":0.0,""motion_overlap"":0.0,""motion_available"":false,""evidence_score"":-0.19472135512669114,""supported_bpm"":[185.0,186.0,187.0,188.0,189.0,190.0,191.0],""supported_relative_power"":[0.4321516992728143,0.5079736795222771,0.5575090027752245,0.5724831364289481,0.5492824386914281,0.49139240711893767,0.41189195908146176]},{""bpm"":153.0,""relative_power"":0.20525732031772054,""peak_concentration"":0.05560844665003147,""prominence"":0.17711415374142248,""period_correlation"":-0.44157261071334014,""split_period_correlation"":-0.32839619031836687,""periodic_support"":0.0,""harmonic2_relative_power"":3.285050287242765e-05,""harmonic3_relative_power"":4.187856320123427e-07,""harmonic_support"":0.002699306962205261,""motion_profile"":0.0,""motion_strength"":null,""motion_reliability"":0.0,""motion_overlap"":0.0,""motion_available"":false,""evidence_score"":-0.5515224961073522,""supported_bpm"":[150.0,151.0,152.0,153.0,154.0,155.0,156.0],""supported_relative_power"":[0.18423287485433906,0.19632651812083274,0.20363035355820247,0.20525732031772054,0.2012938215469063,0.19246321761221477,0.17955552431025126]},{""bpm"":111.0,""relative_power"":0.12030500373577162,""peak_concentration"":0.03275470171460751,""prominence"":0.06131439420974275,""period_correlation"":-0.4680582496137097,""split_period_correlation"":-0.4504477170826381,""periodic_support"":0.0,""harmonic2_relative_power"":0.00019802852868999176,""harmonic3_relative_power"":8.50407799954853e-06,""harmonic_support"":0.005234981866505882,""motion_profile"":0.0,""motion_strength"":null,""motion_reliability"":0.0,""motion_overlap"":0.0,""motion_available"":false,""evidence_score"":-0.7359687902020231,""supported_bpm"":[108.0,109.0,110.0,111.0,112.0,113.0,114.0],""supported_relative_power"":[0.10434102935925439,0.11354495504288648,0.11883010883512314,0.12030500373577162,0.11843909954179349,0.11406842874234122,0.10812365877128474]}]",False,tracked,False,60.0,24.999975,34.999964999999996,True,accepted_consensus,61.0,3,3,True,False,saved_fused_waveform_offline
30.999969,0.9733333333333334,0.02666666666666667,61.0,0.33667207892502554,True,candidate_only,62.0,73.0,61.0,0.7138984126919231,0.6768539046950824,0.9850527468722937,61.0,0.4114168615531051,0.0,4,"[{""bpm"":61.0,""relative_power"":1.0,""peak_concentration"":0.33667207892502554,""prominence"":1.0,""period_correlation"":0.3995764142053318,""split_period_correlation"":0.4469382035964248,""periodic_support"":0.4114168615531051,""harmonic2_relative_power"":0.03395497277628575,""harmonic3_relative_power"":0.08504907926098636,""harmonic_support"":0.28633986498350755,""motion_profile"":0.0,""motion_strength"":null,""motion_reliability"":0.0,""motion_overlap"":0.0,""motion_available"":false,""evidence_score"":0.7388984126919231,""supported_bpm"":[58.0,59.0,60.0,61.0,62.0,63.0,64.0],""supported_relative_power"":[0.8617723768407229,0.9356750121652311,0.9832140787260643,1.0,0.9850527468722937,0.9411204822257022,0.8741992684659532]},{""bpm"":80.0,""relative_power"":0.5560354248931351,""peak_concentration"":0.19033807191676597,""prominence"":0.14497295816155853,""period_correlation"":0.10469835549347915,""split_period_correlation"":-0.025469316375533978,""periodic_support"":0.07215643752622587,""harmonic2_relative_power"":0.061128832504087884,""harmonic3_relative_power"":0.0002045158796365655,""harmonic_support"":0.18809557224160964,""motion_profile"":0.0,""motion_strength"":null,""motion_reliability"":0.0,""motion_overlap"":0.0,""motion_available"":false,""evidence_score"":0.06204450799684072,""supported_bpm"":[77.0,78.0,79.0,80.0,81.0,82.0,83.0],""supported_relative_power"":[0.513403335816836,0.5386862547944332,0.5544598947932233,0.5560354248931351,0.5392783566058531,0.5055669028203065,0.4574238520287135]},{""bpm"":189.0,""relative_power"":0.2787555142393611,""peak_concentration"":0.07272938182389045,""prominence"":0.277530231816446,""period_correlation"":-0.20811296831027695,""split_period_correlation"":0.018451006802084474,""periodic_support"":0.0,""harmonic2_relative_power"":2.5927032635735266e-08,""harmonic3_relative_power"":6.51807836365491e-09,""harmonic_support"":9.993254277351264e-05,""motion_profile"":0.0,""motion_strength"":null,""motion_reliability"":0.0,""motion_overlap"":0.0,""motion_available"":false,""evidence_score"":-0.44699712848982615,""supported_bpm"":[186.0,187.0,188.0,189.0,190.0,191.0,192.0],""supported_relative_power"":[0.21949323281984492,0.256309202451909,0.27779809092993196,0.2787555142393611,0.25760660984075995,0.2197964864823836,0.1720549104078129]},{""bpm"":153.0,""relative_power"":0.15743585460191717,""peak_concentration"":0.05057121144391997,""prominence"":0.12736161541412055,""period_correlation"":-0.43395747721770267,""split_period_correlation"":-0.31943642324308047,""periodic_support"":0.0,""harmonic2_relative_power"":3.5395676388701805e-05,""harmonic3_relative_power"":1.7007197118482515e-07,""harmonic_support"":0.002417895806904684,""motion_profile"":0.0,""motion_strength"":null,""motion_reliability"":0.0,""motion_overlap"":0.0,""motion_available"":false,""evidence_score"":-0.6446401158081962,""supported_bpm"":[150.0,151.0,152.0,153.0,154.0,155.0,156.0],""supported_relative_power"":[0.13177400844794712,0.14503395673798594,0.15415317713983703,0.15743585460191717,0.15431370737958472,0.1453200241437117,0.1314635621121233]}]",False,tracked,False,61.0,25.999973999999998,35.999964,True,accepted_consensus,61.0,3,3,True,False,saved_fused_waveform_offline
31.999968,0.9733333333333334,0.02666666666666667,62.0,0.4082735982633041,True,candidate_only,62.0,69.0,62.0,0.6734145839450587,0.6852142900673495,1.0,62.0,0.3870665108063358,0.0,6,"[{""bpm"":62.0,""relative_power"":1.0,""peak_concentration"":0.4082735982633041,""prominence"":1.0,""period_correlation"":0.3960145627174463,""split_period_correlation"":0.36022235507300443,""periodic_support"":0.3870665108063358,""harmonic2_relative_power"":0.015374751407561569,""harmonic3_relative_power"":0.12480364311006054,""harmonic_support"":0.24764142205808926,""motion_profile"":0.0,""motion_strength"":null,""motion_reliability"":0.0,""motion_overlap"":0.0,""motion_available"":false,""evidence_score"":0.6734145839450587,""supported_bpm"":[59.0,60.0,61.0,62.0,63.0,64.0,65.0],""supported_relative_power"":[0.8742077805390569,0.9536728788235329,0.996634471100732,1.0,0.9655733052236805,0.8994762906777495,0.8108498989281455]},{""bpm"":79.0,""relative_power"":0.4170058062337871,""peak_concentration"":0.17648784701716688,""prominence"":0.11596493925238266,""period_correlation"":0.12359172740935677,""split_period_correlation"":0.09665092001639655,""periodic_support"":0.11685652556111673,""harmonic2_relative_power"":0.06259463673505102,""harmonic3_relative_power"":0.00034948621950540174,""harmonic_support"":0.16578741247086476,""motion_profile"":0.0,""motion_strength"":null,""motion_reliability"":0.0,""motion_overlap"":0.0,""motion_available"":false,""evidence_score"":-0.011799706122290754,""supported_bpm"":[76.0,77.0,78.0,79.0,80.0,81.0,82.0],""supported_relative_power"":[0.35937514195345743,0.3861167525374468,0.40699860821233874,0.4170058062337871,0.412374599953905,0.3906260215728433,0.354487641415355]},{""bpm"":189.0,""relative_power"":0.18310819148963092,""peak_concentration"":0.05821763173806741,""prominence"":0.18098050774342117,""period_correlation"":-0.2604211692710647,""split_period_correlation"":-0.2687475174959204,""periodic_support"":0.0,""harmonic2_relative_power"":1.8648047371841132e-08,""harmonic3_relative_power"":7.868917397317054e-09,""harmonic_support"":7.17202128415368e-05,""motion_profile"":0.0,""motion_strength"":null,""motion_reliability"":0.0,""motion_overlap"":0.0,""motion_available"":false,""evidence_score"":-0.5941156114659516,""supported_bpm"":[186.0,187.0,188.0,189.0,190.0,191.0,192.0],""supported_relative_power"":[0.12480364311006054,0.15394783064006898,0.1750010337726147,0.18310819148963092,0.17546889545107144,0.15446893040186047,0.12401250326951672]},{""bpm"":99.0,""relative_power"":0.14934291445745382,""peak_concentration"":0.06528302194680421,""prominence"":0.10467092450880933,""period_correlation"":-0.1440686566093228,""split_period_correlation"":-0.08833070522993348,""periodic_support"":0.0,""harmonic2_relative_power"":0.0009639576514865926,""harmonic3_relative_power"":6.05401803332669e-05,""harmonic_support"":0.013050746753883907,""motion_profile"":0.0,""motion_strength"":null,""motion_reliability"":0.0,""motion_overlap"":0.0,""motion_available"":false,""evidence_score"":-0.6524778155391424,""supported_bpm"":[96.0,97.0,98.0,99.0,100.0,101.0,102.0],""supported_relative_power"":[0.13121316622113804,0.1417529558082626,0.14766422190777947,0.14934291445745382,0.14751144567631322,0.14293422419072546,0.13613824039542952]},{""bpm"":153.0,""relative_power"":0.11157448798242163,""peak_concentration"":0.04452896598740852,""prominence"":0.09668997170592701,""period_correlation"":-0.46630229185633115,""split_period_correlation"":-0.4664349548684275,""periodic_support"":0.0,""harmonic2_relative_power"":3.5163223698148725e-05,""harmonic3_relative_power"":6.863158598717973e-08,""harmonic_support"":0.002011364471283275,""motion_profile"":0.0,""motion_strength"":null,""motion_reliability"":0.0,""motion_overlap"":0.0,""motion_available"":false,""evidence_score"":-0.7655606356454802,""supported_bpm"":[150.0,151.0,152.0,153.0,154.0,155.0,156.0],""supported_relative_power"":[0.09653642377138777,0.10584379037962968,0.11108387913383738,0.11157448798242163,0.10753398734015339,0.09972352613204828,0.0889654149092344]},{""bpm"":134.0,""relative_power"":0.0753873271211537,""peak_concentration"":0.0298804005163427,""prominence"":0.053174093307869624,""period_correlation"":-0.6189198649838903,""split_period_correlation"":-0.6051214750784459,""periodic_support"":0.0,""harmonic2_relative_power"":0.0003990808946888546,""harmonic3_relative_power"":9.973541961111746e-07,""harmonic_support"":0.005581009429923351,""motion_profile"":0.0,""motion_strength"":null,""motion_reliability"":0.0,""motion_overlap"":0.0,""motion_available"":false,""evidence_score"":-0.8992096232638319,""supported_bpm"":[131.0,132.0,133.0,134.0,135.0,136.0,137.0],""supported_relative_power"":[0.05934625967614473,0.06704122554801298,0.07260872388356085,0.0753873271211537,0.07499727434132628,0.07141665915469633,0.06500461355638888]}]",False,tracked,False,62.0,26.999972999999997,36.999963,True,accepted_consensus,61.0,3,2,True,False,saved_fused_waveform_offline
32.999967,0.9733333333333334,0.02666666666666667,62.0,0.4740701259997423,True,candidate_only,63.0,66.0,62.0,0.5389796369483494,0.6625822966413408,0.9766402841056839,62.0,0.35683607042763704,0.0,7,"[{""bpm"":62.0,""relative_power"":1.0,""peak_concentration"":0.4740701259997423,""prominence"":1.0,""period_correlation"":0.3576586456812831,""split_period_correlation"":0.354368344666699,""periodic_support"":0.35683607042763704,""harmonic2_relative_power"":0.0033278277370579206,""harmonic3_relative_power"":0.10566703527171704,""harmonic_support"":0.17145995947794856,""motion_profile"":0.0,""motion_strength"":null,""motion_reliability"":0.0,""motion_overlap"":0.0,""motion_available"":false,""evidence_score"":0.5639796369483494,""supported_bpm"":[59.0,60.0,61.0,62.0,63.0,64.0,65.0],""supported_relative_power"":[0.8223432881901596,0.919899973962176,0.980749422988538,1.0,0.9766402841056839,0.9134916407791546,0.8168981448710072]},{""bpm"":79.0,""relative_power"":0.31826882013786395,""peak_concentration"":0.1446783412562082,""prominence"":0.18096249963428856,""period_correlation"":0.16894486183611046,""split_period_correlation"":0.15237779376845909,""periodic_support"":0.1648030948191976,""harmonic2_relative_power"":0.043576041851322606,""harmonic3_relative_power"":0.0002383302720944659,""harmonic_support"":0.12081455344205258,""motion_profile"":0.0,""motion_strength"":null,""motion_reliability"":0.0,""motion_overlap"":0.0,""motion_available"":false,""evidence_score"":-0.0986026596929914,""supported_bpm"":[76.0,77.0,78.0,79.0,80.0,81.0,82.0],""supported_relative_power"":[0.2608932227884442,0.2968442838122847,0.31701205436694196,0.31826882013786395,0.3013266349272792,0.26993201717676085,0.2313566612226433]},{""bpm"":99.0,""relative_power"":0.17099738787123545,""peak_concentration"":0.07996729678491454,""prominence"":0.16814597634458164,""period_correlation"":-0.19577134774140953,""split_period_correlation"":-0.2177269877736691,""periodic_support"":0.0,""harmonic2_relative_power"":0.013168404728678113,""harmonic3_relative_power"":2.3903654729536264e-05,""harmonic_support"":0.04816035451164865,""motion_profile"":0.0,""motion_strength"":null,""motion_reliability"":0.0,""motion_overlap"":0.0,""motion_available"":false,""evidence_score"":-0.5699770948593875,""supported_bpm"":[96.0,97.0,98.0,99.0,100.0,101.0,102.0],""supported_relative_power"":[0.12840755637481402,0.1506896421567249,0.16504811874831143,0.17099738787123545,0.1692242971881757,0.16115941727700642,0.14840368183859814]},{""bpm"":189.0,""relative_power"":0.16613509648132058,""peak_concentration"":0.06709711444312551,""prominence"":0.165389298611643,""period_correlation"":-0.33399846522724475,""split_period_correlation"":-0.31822398136548163,""periodic_support"":0.0,""harmonic2_relative_power"":4.3302806501559706e-08,""harmonic3_relative_power"":7.507554155746324e-09,""harmonic_support"":9.717897419966588e-05,""motion_profile"":0.0,""motion_strength"":null,""motion_reliability"":0.0,""motion_overlap"":0.0,""motion_available"":false,""evidence_score"":-0.6281367166102978,""supported_bpm"":[186.0,187.0,188.0,189.0,190.0,191.0,192.0],""supported_relative_power"":[0.10566703527171704,0.13333619316785,0.15488090279210204,0.16613509648132058,0.1643971185976783,0.1510984722445215,0.12891973573847929]},{""bpm"":45.0,""relative_power"":0.09969562643039666,""peak_concentration"":0.0335912550999863,""prominence"":0.07790263062252917,""period_correlation"":-0.12382427245535407,""split_period_correlation"":-0.08440059172189225,""periodic_support"":0.0,""harmonic2_relative_power"":0.0028514115266537955,""harmonic3_relative_power"":0.09970643763040005,""harmonic_support"":0.051755766206697175,""motion_profile"":0.0,""motion_strength"":null,""motion_reliability"":0.0,""motion_overlap"":0.0,""motion_available"":false,""evidence_score"":-0.7552159483893672,""supported_bpm"":[42.0,43.0,44.0,45.0,46.0,47.0,48.0],""supported_relative_power"":[0.06994196232365381,0.08320916698439615,0.09419886252326566,0.09969562643039666,0.09739531700122991,0.08625802661629828,0.06759749755874947]},{""bpm"":134.0,""relative_power"":0.10206547503789654,""peak_concentration"":0.04246616549072094,""prominence"":0.1008573360022712,""period_correlation"":-0.6382005244894172,""split_period_correlation"":-0.6377824371617454,""periodic_support"":0.0,""harmonic2_relative_power"":0.00026297572034425645,""harmonic3_relative_power"":7.207407988041917e-07,""harmonic_support"":0.00527573372203286,""motion_profile"":0.0,""motion_strength"":null,""motion_reliability"":0.0,""motion_overlap"":0.0,""motion_available"":false,""evidence_score"":-0.7934735321026508,""supported_bpm"":[131.0,132.0,133.0,134.0,135.0,136.0,137.0],""supported_relative_power"":[0.07384736363083358,0.08809541565465627,0.09796241409715337,0.10206547503789654,0.09970643763040005,0.09101559409452714,0.07699419900831939]},{""bpm"":153.0,""relative_power"":0.07471253247030084,""peak_concentration"":0.03736102695983576,""prominence"":0.07193063296545385,""period_correlation"":-0.5275730964924178,""split_period_correlation"":-0.5235144990776561,""periodic_support"":0.0,""harmonic2_relative_power"":3.1514173757622396e-05,""harmonic3_relative_power"":2.0577715985007367e-08,""harmonic_support"":0.0015481626750259957,""motion_profile"":0.0,""motion_strength"":null,""motion_reliability"":0.0,""motion_overlap"":0.0,""motion_available"":false,""evidence_score"":-0.9063894379049613,""supported_bpm"":[150.0,151.0,152.0,153.0,154.0,155.0,156.0],""supported_relative_power"":[0.06676923570019588,0.07159308582021731,0.07426411042951683,0.07471253247030084,0.07289630156354708,0.06877638671890683,0.0623180417191142]}]",False,tracked,False,62.0,27.999972,37.999962,True,accepted_consensus,61.0,3,3,True,False,saved_fused_waveform_offline
33.999966,0.97,0.03,61.0,0.47098293002116015,True,candidate_only,64.0,66.0,61.0,0.41204194541352157,0.5956428485171701,0.9665720421778395,61.0,0.4196115666515481,0.0,7,"[{""bpm"":61.0,""relative_power"":1.0,""peak_concentration"":0.47098293002116015,""prominence"":1.0,""period_correlation"":0.4052467297324686,""split_period_correlation"":0.4627060774087866,""periodic_support"":0.4196115666515481,""harmonic2_relative_power"":0.010429410897380637,""harmonic3_relative_power"":0.043913878602552955,""harmonic_support"":0.17546922209681864,""motion_profile"":0.0,""motion_strength"":null,""motion_reliability"":0.0,""motion_overlap"":0.0,""motion_available"":false,""evidence_score"":0.6370419454135215,""supported_bpm"":[58.0,59.0,60.0,61.0,62.0,63.0,64.0],""supported_relative_power"":[0.8750393167162275,0.9543436766625694,0.9912493745880394,1.0,0.9954466162943393,0.9854517862320914,0.9665720421778395]},{""bpm"":77.0,""relative_power"":0.34764510542390387,""peak_concentration"":0.10061268162774814,""prominence"":0.3450097396339457,""period_correlation"":0.24839920271958477,""split_period_correlation"":0.2591072546030702,""periodic_support"":0.25107621569045613,""harmonic2_relative_power"":0.0490621996348401,""harmonic3_relative_power"":0.00045798657073885154,""harmonic_support"":0.1350158556863525,""motion_profile"":0.0,""motion_strength"":null,""motion_reliability"":0.0,""motion_overlap"":0.0,""motion_available"":false,""evidence_score"":0.04139909689635146,""supported_bpm"":[74.0,75.0,76.0,77.0,78.0,79.0,80.0],""supported_relative_power"":[0.11835159791252554,0.22039702939345635,0.3047064778307531,0.34764510542390387,0.3420264359041986,0.2968202515357012,0.2314982727419414]},{""bpm"":99.0,""relative_power"":0.20359799555042257,""peak_concentration"":0.08273711233359127,""prominence"":0.16854168551167936,""period_correlation"":-0.314338188189349,""split_period_correlation"":-0.31929721135926337,""periodic_support"":0.0,""harmonic2_relative_power"":0.039626468889844016,""harmonic3_relative_power"":6.653114160765471e-06,""harmonic_support"":0.09022867020103388,""motion_profile"":0.0,""motion_strength"":null,""motion_reliability"":0.0,""motion_overlap"":0.0,""motion_available"":false,""evidence_score"":-0.4668340735859733,""supported_bpm"":[96.0,97.0,98.0,99.0,100.0,101.0,102.0],""supported_relative_power"":[0.14950367085913097,0.1747024458245914,0.19357852847406332,0.20359799555042257,0.2031044975698782,0.19197120835771825,0.1717121016041057]},{""bpm"":190.0,""relative_power"":0.24582056624987095,""peak_concentration"":0.0948984310832533,""prominence"":0.24394540777993162,""period_correlation"":-0.3410914830727516,""split_period_correlation"":-0.34834320523936957,""periodic_support"":0.0,""harmonic2_relative_power"":1.362883620820638e-07,""harmonic3_relative_power"":1.5401990561520976e-08,""harmonic_support"":0.00020457285984977174,""motion_profile"":0.0,""motion_strength"":null,""motion_reliability"":0.0,""motion_overlap"":0.0,""motion_available"":false,""evidence_score"":-0.49089912227944993,""supported_bpm"":[187.0,188.0,189.0,190.0,191.0,192.0,193.0],""supported_relative_power"":[0.1786546682096873,0.2116154333709274,0.23560516438679566,0.24582056624987095,0.2412646061295801,0.2226698138153516,0.19311609996857482]},{""bpm"":134.0,""relative_power"":0.1817392104553478,""peak_concentration"":0.0623614280442391,""prominence"":0.1791332716490213,""period_correlation"":-0.6467851479951454,""split_period_correlation"":-0.6426594835963686,""periodic_support"":0.0,""harmonic2_relative_power"":0.00021739812016089054,""harmonic3_relative_power"":9.897234554353507e-07,""harmonic_support"":0.00643411861224312,""motion_profile"":0.0,""motion_strength"":null,""motion_reliability"":0.0,""motion_overlap"":0.0,""motion_available"":false,""evidence_score"":-0.5903797665685696,""supported_bpm"":[131.0,132.0,133.0,134.0,135.0,136.0,137.0],""supported_relative_power"":[0.12342943760645037,0.15346279864049558,0.1741960573857639,0.1817392104553478,0.1746871184474217,0.1544674794782295,0.12493253629030698]},{""bpm"":47.0,""relative_power"":0.07922083790802013,""peak_concentration"":0.03086707335906132,""prominence"":0.0605676224727698,""period_correlation"":-0.10942348452902201,""split_period_correlation"":-0.1846681519811114,""periodic_support"":0.0,""harmonic2_relative_power"":0.09163339037693967,""harmonic3_relative_power"":0.017639743761728166,""harmonic_support"":0.09828517301049068,""motion_profile"":0.0,""motion_strength"":null,""motion_reliability"":0.0,""motion_overlap"":0.0,""motion_available"":false,""evidence_score"":-0.7891453954434972,""supported_bpm"":[44.0,45.0,46.0,47.0,48.0],""supported_relative_power"":[0.06070644750406046,0.07073165111690112,0.07864269656215236,0.07922083790802013,0.06879069033396605]},{""bpm"":156.0,""relative_power"":0.05127627656899165,""peak_concentration"":0.02270663417250728,""prominence"":0.04222473001280821,""period_correlation"":-0.5224494199277232,""split_period_correlation"":-0.5206506515589767,""periodic_support"":0.0,""harmonic2_relative_power"":1.2447642500928188e-05,""harmonic3_relative_power"":3.789193208548329e-09,""harmonic_support"":0.0008037958919394272,""motion_profile"":0.0,""motion_strength"":null,""motion_reliability"":0.0,""motion_overlap"":0.0,""motion_available"":false,""evidence_score"":-1.0388806816933096,""supported_bpm"":[155.0,156.0],""supported_relative_power"":[0.05073398438695223,0.05127627656899165]}]",False,tracked,False,61.0,28.999971,38.999961,True,accepted_consensus,62.0,3,3,True,False,saved_fused_waveform_offline
34.999964999999996,0.9766666666666667,0.023333333333333334,57.0,0.3025921346144554,True,candidate_only,66.0,67.0,67.0,0.980783428699345,0.3568950212798143,0.715039872647592,67.0,0.5688230607281342,0.0,8,"[{""bpm"":67.0,""relative_power"":0.8131502915867773,""peak_concentration"":0.2679647292953151,""prominence"":0.5732403928323029,""period_correlation"":0.5707903926867962,""split_period_correlation"":0.5629210648521477,""periodic_support"":0.5688230607281342,""harmonic2_relative_power"":0.23560996311575566,""harmonic3_relative_power"":0.0021888912590704358,""harmonic_support"":0.4524718260049013,""motion_profile"":0.0,""motion_strength"":null,""motion_reliability"":0.0,""motion_overlap"":0.0,""motion_available"":false,""evidence_score"":1.005783428699345,""supported_bpm"":[64.0,65.0,66.0,67.0,68.0,69.0,70.0],""supported_relative_power"":[0.3605060414287879,0.5417521730675126,0.715039872647592,0.8131502915867773,0.8105907392319146,0.7203292572675176,0.5850298856529587]},{""bpm"":57.0,""relative_power"":1.0,""peak_concentration"":0.3025921346144554,""prominence"":1.0,""period_correlation"":0.3454443843907766,""split_period_correlation"":0.32933760640862564,""periodic_support"":0.3414176898952389,""harmonic2_relative_power"":0.04897075644197536,""harmonic3_relative_power"":0.022103683566237924,""harmonic_support"":0.2733289485347679,""motion_profile"":0.0,""motion_strength"":null,""motion_reliability"":0.0,""motion_overlap"":0.0,""motion_available"":false,""evidence_score"":0.6488884074195307,""supported_bpm"":[54.0,55.0,56.0,57.0,58.0,59.0,60.0],""supported_relative_power"":[0.6288687911660655,0.8101695774602015,0.9483105784641412,1.0,0.9403312876721074,0.7705141759011148,0.551939037951898]},{""bpm"":76.0,""relative_power"":0.42661315485376833,""peak_concentration"":0.1639885131279644,""prominence"":0.06547936526330023,""period_correlation"":0.25311019036443066,""split_period_correlation"":0.27407616392854983,""periodic_support"":0.25835168375546047,""harmonic2_relative_power"":0.009050494879221355,""harmonic3_relative_power"":0.0016120710942599374,""harmonic_support"":0.07131604700480133,""motion_profile"":0.0,""motion_strength"":null,""motion_reliability"":0.0,""motion_overlap"":0.0,""motion_available"":false,""evidence_score"":0.05734572621604846,""supported_bpm"":[73.0,74.0,75.0,76.0,77.0,78.0,79.0],""supported_relative_power"":[0.3611337895904681,0.38950771317285754,0.4224764944782411,0.42661315485376833,0.3845028861704651,0.2999164429611773,0.1938105366781279]},{""bpm"":192.0,""relative_power"":0.30013180795561567,""peak_concentration"":0.10188209220979795,""prominence"":0.29967806089585897,""period_correlation"":-0.376270425061707,""split_period_correlation"":-0.383647594357834,""periodic_support"":0.0,""harmonic2_relative_power"":1.2071009925688451e-06,""harmonic3_relative_power"":1.3762422413050817e-07,""harmonic_support"":0.0006730378735880977,""motion_profile"":0.0,""motion_strength"":null,""motion_reliability"":0.0,""motion_overlap"":0.0,""motion_available"":false,""evidence_score"":-0.42056370146386857,""supported_bpm"":[189.0,190.0,191.0,192.0,193.0,194.0,195.0],""supported_relative_power"":[0.23449778686467412,0.2743389064713425,0.2979661969575419,0.30013180795561567,0.2797749512002438,0.2402713085999727,0.18846239766603193]},{""bpm"":133.0,""relative_power"":0.238364834230177,""peak_concentration"":0.07915375821285864,""prominence"":0.2368425863885612,""period_correlation"":-0.6711675539147254,""split_period_correlation"":-0.6708313701282309,""periodic_support"":0.0,""harmonic2_relative_power"":0.00010496678441682321,""harmonic3_relative_power"":1.25073785740318e-06,""harmonic_support"":0.005193143704281137,""motion_profile"":0.0,""motion_strength"":null,""motion_reliability"":0.0,""motion_overlap"":0.0,""motion_available"":false,""evidence_score"":-0.4966903580289641,""supported_bpm"":[130.0,131.0,132.0,133.0,134.0,135.0,136.0],""supported_relative_power"":[0.14551779824575475,0.18846462581634735,0.2216049767343112,0.238364834230177,0.23560996311575566,0.21465124427986498,0.18066245730875216]},{""bpm"":100.0,""relative_power"":0.1538534437567102,""peak_concentration"":0.053770336292073506,""prominence"":0.1486228514176962,""period_correlation"":-0.37030315789281476,""split_period_correlation"":-0.3618784552794694,""periodic_support"":0.0,""harmonic2_relative_power"":0.0047209328239882446,""harmonic3_relative_power"":6.9282231772567405e-06,""harmonic_support"":0.02731189685726923,""motion_profile"":0.0,""motion_strength"":null,""motion_reliability"":0.0,""motion_overlap"":0.0,""motion_available"":false,""evidence_score"":-0.6278022809046842,""supported_bpm"":[97.0,98.0,99.0,100.0,101.0,102.0,103.0],""supported_relative_power"":[0.1177262991455629,0.13578621176739916,0.1493613721792131,0.1538534437567102,0.14630664419998882,0.12624466957675054,0.09737506150407484]},{""bpm"":88.0,""relative_power"":0.12512382498874547,""peak_concentration"":0.043242521518636744,""prominence"":0.047488710831665004,""period_correlation"":-0.10194299733143534,""split_period_correlation"":-0.07855987695653169,""periodic_support"":0.0,""harmonic2_relative_power"":0.038041200548232075,""harmonic3_relative_power"":4.081349593467135e-05,""harmonic_support"":0.0697826758629147,""motion_profile"":0.0,""motion_strength"":null,""motion_reliability"":0.0,""motion_overlap"":0.0,""motion_available"":false,""evidence_score"":-0.6576753253686489,""supported_bpm"":[85.0,86.0,87.0,88.0,89.0,90.0,91.0],""supported_relative_power"":[0.08254505265708316,0.11063979227634023,0.12510614745588125,0.12512382498874547,0.11640600732556092,0.10399821513357442,0.09181929124810775]},{""bpm"":113.0,""relative_power"":0.05166578265061215,""peak_concentration"":0.018693632896008137,""prominence"":0.03530379411417659,""period_correlation"":-0.5839429370818752,""split_period_correlation"":-0.5808262584948558,""periodic_support"":0.0,""harmonic2_relative_power"":0.0021542456801001207,""harmonic3_relative_power"":1.037908347807062e-06,""harmonic_support"":0.010630968173467023,""motion_profile"":0.0,""motion_strength"":null,""motion_reliability"":0.0,""motion_overlap"":0.0,""motion_available"":false,""evidence_score"":-1.0264048781294683,""supported_bpm"":[112.0,113.0],""supported_relative_power"":[0.05152583089759101,0.05166578265061215]}]",False,tracked,False,57.0,29.999969999999998,39.99996,True,accepted_consensus,57.0,3,3,True,False,saved_fused_waveform_offline
35.999964,0.9766666666666667,0.023333333333333334,70.0,0.36915821733045984,True,candidate_only,67.0,68.0,70.0,0.43977837099809036,0.037015860466211525,0.7716619693608423,70.0,0.4534417240617049,0.0,8,"[{""bpm"":70.0,""relative_power"":1.0,""peak_concentration"":0.36915821733045984,""prominence"":1.0,""period_correlation"":0.4498915357230754,""split_period_correlation"":0.46409228907759337,""periodic_support"":0.4534417240617049,""harmonic2_relative_power"":0.017975485817004748,""harmonic3_relative_power"":0.008317328461644537,""harmonic_support"":0.16599247453021482,""motion_profile"":0.0,""motion_strength"":null,""motion_reliability"":0.0,""motion_overlap"":0.0,""motion_available"":false,""evidence_score"":0.6647783709980903,""supported_bpm"":[67.0,68.0,69.0,70.0,71.0,72.0,73.0],""supported_relative_power"":[0.7716619693608423,0.9140165479618702,0.990160662753946,1.0,0.9555041953140919,0.8742125266281916,0.7727325246400045]},{""bpm"":56.0,""relative_power"":0.9907804145747466,""peak_concentration"":0.30355336210311973,""prominence"":0.8988752631232645,""period_correlation"":0.3221178727107552,""split_period_correlation"":0.3401862015347483,""periodic_support"":0.3266349549167535,""harmonic2_relative_power"":0.06141845117337518,""harmonic3_relative_power"":0.005159202188757463,""harmonic_support"":0.2717058822197518,""motion_profile"":0.0,""motion_strength"":null,""motion_reliability"":0.0,""motion_overlap"":0.0,""motion_available"":false,""evidence_score"":0.6277625105318788,""supported_bpm"":[53.0,54.0,55.0,56.0,57.0,58.0,59.0],""supported_relative_power"":[0.67430549688306,0.8359387853530149,0.9510258073200061,0.9907804145747466,0.9387625263124411,0.7979421884078512,0.590969037854988]},{""bpm"":192.0,""relative_power"":0.21483840452480735,""peak_concentration"":0.06974252908718102,""prominence"":0.2116930123092462,""period_correlation"":-0.34686643801088024,""split_period_correlation"":-0.3483074562995719,""periodic_support"":0.0,""harmonic2_relative_power"":3.300657837611367e-06,""harmonic3_relative_power"":5.067019897969516e-07,""harmonic_support"":0.0009575638246670456,""motion_profile"":0.0,""motion_strength"":null,""motion_reliability"":0.0,""motion_overlap"":0.0,""motion_available"":false,""evidence_score"":-0.537296635285192,""supported_bpm"":[189.0,190.0,191.0,192.0,193.0,194.0,195.0],""supported_relative_power"":[0.13481016748245084,0.17281988318750946,0.20115240177619279,0.21483840452480735,0.2115023793794301,0.19188758398658345,0.15965596166184062]},{""bpm"":132.0,""relative_power"":0.20159244665607035,""peak_concentration"":0.06964648648205524,""prominence"":0.196979952510375,""period_correlation"":-0.7148638864172396,""split_period_correlation"":-0.734453556280372,""periodic_support"":0.0,""harmonic2_relative_power"":0.00011156003042295983,""harmonic3_relative_power"":7.055805082997568e-07,""harmonic_support"":0.004874327755081937,""motion_profile"":0.0,""motion_strength"":null,""motion_reliability"":0.0,""motion_overlap"":0.0,""motion_available"":false,""evidence_score"":-0.5556531959096304,""supported_bpm"":[129.0,130.0,131.0,132.0,133.0,134.0,135.0],""supported_relative_power"":[0.13045672604362404,0.163197644143638,0.1885459260250136,0.20159244665607035,0.20089640342572548,0.1867307573350403,0.16149279476365186]},{""bpm"":87.0,""relative_power"":0.07929800031417192,""peak_concentration"":0.02932205881928849,""prominence"":0.03583980148890778,""period_correlation"":-0.13129317914007058,""split_period_correlation"":-0.1190690172560819,""periodic_support"":0.0,""harmonic2_relative_power"":0.04799764995086047,""harmonic3_relative_power"":5.3695920885735675e-05,""harmonic_support"":0.06241596135343466,""motion_profile"":0.0,""motion_strength"":null,""motion_reliability"":0.0,""motion_overlap"":0.0,""motion_available"":false,""evidence_score"":-0.824673867229014,""supported_bpm"":[84.0,85.0,86.0,87.0,88.0,89.0,90.0],""supported_relative_power"":[0.052070038258160846,0.06463149250333025,0.0750033121140961,0.07929800031417192,0.07573975559821085,0.06649893840773935,0.05435429229896754]},{""bpm"":114.0,""relative_power"":0.07847002784453562,""peak_concentration"":0.02456988004770692,""prominence"":0.07160880547230167,""period_correlation"":-0.6515462718976928,""split_period_correlation"":-0.679970161183111,""periodic_support"":0.0,""harmonic2_relative_power"":0.0026737291399593585,""harmonic3_relative_power"":3.5360313357274975e-06,""harmonic_support"":0.014669101593698792,""motion_profile"":0.0,""motion_strength"":null,""motion_reliability"":0.0,""motion_overlap"":0.0,""motion_available"":false,""evidence_score"":-0.8760943867062133,""supported_bpm"":[112.0,113.0,114.0,115.0,116.0,117.0],""supported_relative_power"":[0.06141845117337518,0.07329958168669894,0.07847002784453562,0.07655285504560921,0.06876140497295229,0.0571724176361114]},{""bpm"":101.0,""relative_power"":0.06307161965720157,""peak_concentration"":0.020579117771288177,""prominence"":0.0402389289294372,""period_correlation"":-0.4424302496178718,""split_period_correlation"":-0.46064006499189114,""periodic_support"":0.0,""harmonic2_relative_power"":0.013963323643762949,""harmonic3_relative_power"":1.2792105007767424e-05,""harmonic_support"":0.029990792969761617,""motion_profile"":0.0,""motion_strength"":null,""motion_reliability"":0.0,""motion_overlap"":0.0,""motion_available"":false,""evidence_score"":-0.9372287394441704,""supported_bpm"":[99.0,100.0,101.0,102.0,103.0],""supported_relative_power"":[0.05417923906283526,0.06054789370711511,0.06307161965720157,0.0602181880098709,0.05162587851611047]},{""bpm"":177.0,""relative_power"":0.05447759438897969,""peak_concentration"":0.02066135486314646,""prominence"":0.04751742310409421,""period_correlation"":-0.42735450451926066,""split_period_correlation"":-0.42754234419257137,""periodic_support"":0.0,""harmonic2_relative_power"":1.2272860461611626e-05,""harmonic3_relative_power"":3.032158708165243e-07,""harmonic_support"":0.0008626606171520295,""motion_profile"":0.0,""motion_strength"":null,""motion_reliability"":0.0,""motion_overlap"":0.0,""motion_available"":false,""evidence_score"":-1.0176253602728769,""supported_bpm"":[175.0,176.0,177.0,178.0],""supported_relative_power"":[0.05214270498438408,0.05433745904187367,0.05447759438897969,0.052277129075481106]}]",False,tracked,False,70.0,30.999969,40.999959,True,accepted_consensus,56.0,3,3,True,False,saved_fused_waveform_offline
36.999963,0.99,0.01,70.0,0.36570347216232757,True,candidate_only,67.0,68.0,70.0,0.34150610996531483,0.02079961960696297,0.8576790032594465,70.0,0.3994704953700423,0.0,6,"[{""bpm"":70.0,""relative_power"":1.0,""peak_concentration"":0.36570347216232757,""prominence"":1.0,""period_correlation"":0.4123094524102053,""split_period_correlation"":0.3609536242495534,""periodic_support"":0.3994704953700423,""harmonic2_relative_power"":0.008715315309070349,""harmonic3_relative_power"":0.009288945760678645,""harmonic_support"":0.12708856505826818,""motion_profile"":0.0,""motion_strength"":null,""motion_reliability"":0.0,""motion_overlap"":0.0,""motion_available"":false,""evidence_score"":0.5665061099653148,""supported_bpm"":[67.0,68.0,69.0,70.0,71.0,72.0,73.0],""supported_relative_power"":[0.8576790032594465,0.9448777360797322,0.9946771577674631,1.0,0.9615208209179966,0.8861832686249262,0.7842100770527907]},{""bpm"":56.0,""relative_power"":0.9320530590944237,""peak_concentration"":0.3238404592947376,""prominence"":0.42885477798787264,""period_correlation"":0.2740230379771253,""split_period_correlation"":0.22999468026769684,""periodic_support"":0.2630159485497682,""harmonic2_relative_power"":0.0635439505501581,""harmonic3_relative_power"":0.012416686057850432,""harmonic_support"":0.28101688439897454,""motion_profile"":0.0,""motion_strength"":null,""motion_reliability"":0.0,""motion_overlap"":0.0,""motion_available"":false,""evidence_score"":0.5457064903583518,""supported_bpm"":[53.0,54.0,55.0,56.0,57.0,58.0,59.0],""supported_relative_power"":[0.6944507951070998,0.8115429255717034,0.8949800358192661,0.9320530590944237,0.9174088281031174,0.8551331084936648,0.7575918704490332]},{""bpm"":131.0,""relative_power"":0.1667381333341981,""peak_concentration"":0.055796204078573136,""prominence"":0.16470599553638388,""period_correlation"":-0.6682847946849386,""split_period_correlation"":-0.6443613139252428,""periodic_support"":0.0,""harmonic2_relative_power"":5.233486987187965e-05,""harmonic3_relative_power"":1.7705721889131694e-06,""harmonic_support"":0.003144187493256705,""motion_profile"":0.0,""motion_strength"":null,""motion_reliability"":0.0,""motion_overlap"":0.0,""motion_available"":false,""evidence_score"":-0.6238215789027038,""supported_bpm"":[128.0,129.0,130.0,131.0,132.0,133.0,134.0],""supported_relative_power"":[0.11744568023516111,0.13951694781895901,0.15698056545140585,0.1667381333341981,0.16662948345230486,0.15705765722121243,0.13924564831722586]},{""bpm"":193.0,""relative_power"":0.13464976126466457,""peak_concentration"":0.045741603721252674,""prominence"":0.13284960382900948,""period_correlation"":-0.35022980071179005,""split_period_correlation"":-0.3159764383850282,""periodic_support"":0.0,""harmonic2_relative_power"":3.309239267465554e-06,""harmonic3_relative_power"":7.843939493391654e-07,""harmonic_support"":0.000781270467418342,""motion_profile"":0.0,""motion_strength"":null,""motion_reliability"":0.0,""motion_overlap"":0.0,""motion_available"":false,""evidence_score"":-0.7009961109890185,""supported_bpm"":[190.0,191.0,192.0,193.0,194.0,195.0,196.0],""supported_relative_power"":[0.10750085638240715,0.12309019818538287,0.13240197040476193,0.13464976126466457,0.12990445603998435,0.11907282255043035,0.10378294181023964]},{""bpm"":115.0,""relative_power"":0.08035009154239274,""peak_concentration"":0.02875338777882216,""prominence"":0.04528772964763575,""period_correlation"":-0.5866895797325495,""split_period_correlation"":-0.5436211279112604,""periodic_support"":0.0,""harmonic2_relative_power"":0.0020827726043229472,""harmonic3_relative_power"":1.5299711689356225e-05,""harmonic_support"":0.013324483823793087,""motion_profile"":0.0,""motion_strength"":null,""motion_reliability"":0.0,""motion_overlap"":0.0,""motion_available"":false,""evidence_score"":-0.8691522328025274,""supported_bpm"":[112.0,113.0,114.0,115.0,116.0,117.0,118.0],""supported_relative_power"":[0.0635439505501581,0.07218614232700758,0.07807184474615021,0.08035009154239274,0.07877955899775299,0.07342223072042624,0.06548402406905451]},{""bpm"":176.0,""relative_power"":0.06429040101983571,""peak_concentration"":0.02038195751720521,""prominence"":0.05889667725790534,""period_correlation"":-0.43493241159730406,""split_period_correlation"":-0.39174351907233046,""periodic_support"":0.0,""harmonic2_relative_power"":1.763391064221769e-05,""harmonic3_relative_power"":4.6758925151737355e-07,""harmonic_support"":0.0011254332382216823,""motion_profile"":0.0,""motion_strength"":null,""motion_reliability"":0.0,""motion_overlap"":0.0,""motion_available"":false,""evidence_score"":-0.9593952968739058,""supported_bpm"":[174.0,175.0,176.0,177.0,178.0,179.0],""supported_relative_power"":[0.053461499559625814,0.06042182593263149,0.06429040101983571,0.06412751954742028,0.05948457090810638,0.05064669841342552]}]",False,tracked,False,70.0,31.999968,41.999958,True,accepted_consensus,56.0,3,2,True,False,saved_fused_waveform_offline
37.999962,0.9833333333333333,0.016666666666666666,67.0,0.3868130816777388,True,candidate_only,66.0,67.0,67.0,0.9271868234800061,1.6216078646674406,0.9947220368995012,67.0,0.49916332610487635,0.0,4,"[{""bpm"":67.0,""relative_power"":1.0,""peak_concentration"":0.3868130816777388,""prominence"":1.0,""period_correlation"":0.5089141544413665,""split_period_correlation"":0.469910841095406,""periodic_support"":0.49916332610487635,""harmonic2_relative_power"":0.10085068713395705,""harmonic3_relative_power"":0.05972743952033128,""harmonic_support"":0.4031071647646421,""motion_profile"":0.0,""motion_strength"":null,""motion_reliability"":0.0,""motion_overlap"":0.0,""motion_available"":false,""evidence_score"":0.9521868234800062,""supported_bpm"":[64.0,65.0,66.0,67.0,68.0,69.0,70.0],""supported_relative_power"":[0.9523286030234878,0.9754431025273529,0.9947220368995012,1.0,0.9838533348066713,0.9425532287353917,0.8771630204859744]},{""bpm"":130.0,""relative_power"":0.14672952069813427,""peak_concentration"":0.0497693720312422,""prominence"":0.14439680056190893,""period_correlation"":-0.6651670357026227,""split_period_correlation"":-0.6509836217293847,""periodic_support"":0.0,""harmonic2_relative_power"":2.9784698997788157e-05,""harmonic3_relative_power"":2.1365607906482266e-06,""harmonic_support"":0.0022864926262470974,""motion_profile"":0.0,""motion_strength"":null,""motion_reliability"":0.0,""motion_overlap"":0.0,""motion_available"":false,""evidence_score"":-0.6694210411874344,""supported_bpm"":[127.0,128.0,129.0,130.0,131.0,132.0,133.0],""supported_relative_power"":[0.12547635821238903,0.13709463333139882,0.14465526125733338,0.14672952069813427,0.14252874551655556,0.13237075121276087,0.11793568428439975]},{""bpm"":196.0,""relative_power"":0.08621893708485555,""peak_concentration"":0.03235674301744872,""prominence"":0.07635259268603466,""period_correlation"":-0.32928006138276694,""split_period_correlation"":-0.29279912612437153,""periodic_support"":0.0,""harmonic2_relative_power"":2.2715163779812536e-06,""harmonic3_relative_power"":9.397108507654254e-07,""harmonic_support"":0.000542171443563702,""motion_profile"":0.0,""motion_strength"":null,""motion_reliability"":0.0,""motion_overlap"":0.0,""motion_available"":false,""evidence_score"":-0.8572607317447747,""supported_bpm"":[193.0,194.0,195.0,196.0,197.0,198.0,199.0],""supported_relative_power"":[0.08087103114657312,0.08413009786255093,0.08608029094787281,0.08621893708485555,0.0840170939379771,0.07976972675437748,0.07389364703596311]},{""bpm"":177.0,""relative_power"":0.06877626720746899,""peak_concentration"":0.021836941996613218,""prominence"":0.03755208536934813,""period_correlation"":-0.4249029690636594,""split_period_correlation"":-0.38600731276630385,""periodic_support"":0.0,""harmonic2_relative_power"":1.3266839479627204e-05,""harmonic3_relative_power"":8.308572987118102e-07,""harmonic_support"":0.0010388854881631475,""motion_profile"":0.0,""motion_strength"":null,""motion_reliability"":0.0,""motion_overlap"":0.0,""motion_available"":false,""evidence_score"":-0.9358749059383006,""supported_bpm"":[174.0,175.0,176.0,177.0,178.0,179.0,180.0],""supported_relative_power"":[0.05606977710934989,0.06344982610839262,0.06797269492113087,0.06877626720746899,0.06563054346614033,0.05912005834037577,0.05058080572174345]}]",False,tracked,False,67.0,32.999967,42.999956999999995,True,accepted_consensus,62.0,3,3,True,False,saved_fused_waveform_offline
38.999961,0.9833333333333333,0.016666666666666666,64.0,0.4541010380757775,True,candidate_only,65.0,65.0,64.0,0.9836559950888247,1.7683487234001558,0.9789691735214894,64.0,0.5607819100755022,0.0,5,"[{""bpm"":64.0,""relative_power"":1.0,""peak_concentration"":0.4541010380757775,""prominence"":1.0,""period_correlation"":0.5813625116314437,""split_period_correlation"":0.49904010540767774,""periodic_support"":0.5607819100755022,""harmonic2_relative_power"":0.10889899317536461,""harmonic3_relative_power"":0.031174865771458008,""harmonic_support"":0.3917958940057724,""motion_profile"":0.0,""motion_strength"":null,""motion_reliability"":0.0,""motion_overlap"":0.0,""motion_available"":false,""evidence_score"":1.0086559950888248,""supported_bpm"":[61.0,62.0,63.0,64.0,65.0,66.0,67.0],""supported_relative_power"":[0.8909400604691204,0.9522023242050889,0.9902042127060338,1.0,0.9789691735214894,0.9253309296811258,0.8445450435387942]},{""bpm"":126.0,""relative_power"":0.11280358296276938,""peak_concentration"":0.05219665784346866,""prominence"":0.09881844352629572,""period_correlation"":-0.6685087338833159,""split_period_correlation"":-0.6249553515972914,""periodic_support"":0.0,""harmonic2_relative_power"":0.00012376653208427137,""harmonic3_relative_power"":6.87841359628397e-06,""harmonic_support"":0.004044783487574203,""motion_profile"":0.0,""motion_strength"":null,""motion_reliability"":0.0,""motion_overlap"":0.0,""motion_available"":false,""evidence_score"":-0.759692728311331,""supported_bpm"":[123.0,124.0,125.0,126.0,127.0,128.0,129.0],""supported_relative_power"":[0.0962524339771608,0.1042714741101223,0.1099543517977122,0.11280358296276938,0.11246207214578578,0.10889899317536461,0.10246360813634474]},{""bpm"":106.0,""relative_power"":0.07524906511460384,""peak_concentration"":0.03184647838979605,""prominence"":0.04845228175562391,""period_correlation"":-0.48050951616891013,""split_period_correlation"":-0.4292912199833414,""periodic_support"":0.0,""harmonic2_relative_power"":0.0035822441547478418,""harmonic3_relative_power"":1.5713256731670387e-05,""harmonic_support"":0.01679888346990855,""motion_profile"":0.0,""motion_strength"":null,""motion_reliability"":0.0,""motion_overlap"":0.0,""motion_available"":false,""evidence_score"":-0.8886342462348741,""supported_bpm"":[103.0,104.0,105.0,106.0,107.0,108.0,109.0],""supported_relative_power"":[0.061199545904512105,0.06846369757951755,0.07335931399379611,0.07524906511460384,0.07385884364065783,0.06933598722346848,0.06222342108001067]},{""bpm"":178.0,""relative_power"":0.06203152604206329,""peak_concentration"":0.027901702151886046,""prominence"":0.05729277014191219,""period_correlation"":-0.4440685268890702,""split_period_correlation"":-0.422673561826087,""periodic_support"":0.0,""harmonic2_relative_power"":6.715245043167429e-06,""harmonic3_relative_power"":6.520955025440959e-07,""harmonic_support"":0.0007158052578271794,""motion_profile"":0.0,""motion_strength"":null,""motion_reliability"":0.0,""motion_overlap"":0.0,""motion_available"":false,""evidence_score"":-0.9723235832599073,""supported_bpm"":[175.0,176.0,177.0,178.0,179.0,180.0,181.0],""supported_relative_power"":[0.05100895356909408,0.05687625045752005,0.06061967294092965,0.06203152604206329,0.06128777582899332,0.058867696692401786,0.055397668334135175]},{""bpm"":199.0,""relative_power"":0.057143314185623406,""peak_concentration"":0.025881170597090487,""prominence"":0.028647063254077596,""period_correlation"":-0.34546161226427796,""split_period_correlation"":-0.3299547653927679,""periodic_support"":0.0,""harmonic2_relative_power"":3.149675188204371e-06,""harmonic3_relative_power"":4.0890814988279847e-07,""harmonic_support"":0.0004777451051847143,""motion_profile"":0.0,""motion_strength"":null,""motion_reliability"":0.0,""motion_overlap"":0.0,""motion_available"":false,""evidence_score"":-1.001289763844381,""supported_bpm"":[197.0,198.0,199.0,200.0,201.0],""supported_relative_power"":[0.053127801866022874,0.05597121014789821,0.057143314185623406,0.05646338122520148,0.053958478494887344]}]",False,tracked,False,64.0,33.999966,43.999956,True,accepted_consensus,65.0,2,2,True,False,saved_fused_waveform_offline
39.99996,0.98,0.02,64.0,0.49116179455360515,True,candidate_only,64.0,64.0,64.0,0.8730116485295683,1.1605829478394596,1.0,64.0,0.499052473513235,0.0,6,"[{""bpm"":64.0,""relative_power"":1.0,""peak_concentration"":0.49116179455360515,""prominence"":1.0,""period_correlation"":0.5170753163951408,""split_period_correlation"":0.44498394486751763,""periodic_support"":0.499052473513235,""harmonic2_relative_power"":0.08207039787498119,""harmonic3_relative_power"":0.011525318556787836,""harmonic_support"":0.3240539276650098,""motion_profile"":0.0,""motion_strength"":null,""motion_reliability"":0.0,""motion_overlap"":0.0,""motion_available"":false,""evidence_score"":0.8730116485295683,""supported_bpm"":[61.0,62.0,63.0,64.0,65.0,66.0,67.0],""supported_relative_power"":[0.8091548237578552,0.918007260444607,0.9850305433088111,1.0,0.959957614526906,0.8669212550069015,0.7367521400566647]},{""bpm"":49.0,""relative_power"":0.2902183605137465,""peak_concentration"":0.15575761143485814,""prominence"":0.10002812254375881,""period_correlation"":-0.04546273075198366,""split_period_correlation"":0.0005152460705957068,""periodic_support"":0.0,""harmonic2_relative_power"":0.055414145880462534,""harmonic3_relative_power"":0.009737091760582038,""harmonic_support"":0.1454212859077784,""motion_profile"":0.0,""motion_strength"":null,""motion_reliability"":0.0,""motion_overlap"":0.0,""motion_available"":false,""evidence_score"":-0.28757129930989134,""supported_bpm"":[46.0,47.0,48.0,49.0,50.0,51.0,52.0],""supported_relative_power"":[0.2299934346397478,0.2600176604665497,0.2812743869209697,0.2902183605137465,0.2848883757940459,0.26576067545444915,0.23714594386090637]},{""bpm"":78.0,""relative_power"":0.11076936417012842,""peak_concentration"":0.06290658107145179,""prominence"":0.03420264579405609,""period_correlation"":0.11819428526821864,""split_period_correlation"":0.13463341505655851,""periodic_support"":0.12230406771530361,""harmonic2_relative_power"":0.012077336822233933,""harmonic3_relative_power"":0.0007947595786496162,""harmonic_support"":0.03985987776700368,""motion_profile"":0.0,""motion_strength"":null,""motion_reliability"":0.0,""motion_overlap"":0.0,""motion_available"":false,""evidence_score"":-0.5957124115924048,""supported_bpm"":[75.0,76.0,77.0,78.0,79.0,80.0,81.0],""supported_relative_power"":[0.08170391035172526,0.09392643719218957,0.1053048896035547,0.11076936417012842,0.10853931103286735,0.0996492690574247,0.08718023382013292]},{""bpm"":124.0,""relative_power"":0.10576136932466298,""peak_concentration"":0.05584594626859748,""prominence"":0.10118300610767028,""period_correlation"":-0.6407333262347481,""split_period_correlation"":-0.5906368932316518,""periodic_support"":0.0,""harmonic2_relative_power"":0.00015346305047128354,""harmonic3_relative_power"":8.817534030877422e-06,""harmonic_support"":0.004366695809317833,""motion_profile"":0.0,""motion_strength"":null,""motion_reliability"":0.0,""motion_overlap"":0.0,""motion_available"":false,""evidence_score"":-0.7819327886123043,""supported_bpm"":[121.0,122.0,123.0,124.0,125.0,126.0,127.0],""supported_relative_power"":[0.08259524643292175,0.09466006859246905,0.10261760465970944,0.10576136932466298,0.10442194149476118,0.09943696332728762,0.09167431917978867]},{""bpm"":105.0,""relative_power"":0.081111671897292,""peak_concentration"":0.046589384630890636,""prominence"":0.034333201871967645,""period_correlation"":-0.43353194495937963,""split_period_correlation"":-0.34068877738583436,""periodic_support"":0.0,""harmonic2_relative_power"":0.006076734556091839,""harmonic3_relative_power"":9.072554557061492e-06,""harmonic_support"":0.02250146254722905,""motion_profile"":0.0,""motion_strength"":null,""motion_reliability"":0.0,""motion_overlap"":0.0,""motion_available"":false,""evidence_score"":-0.8566734803919273,""supported_bpm"":[102.0,103.0,104.0,105.0,106.0,107.0,108.0],""supported_relative_power"":[0.07506002064100044,0.07853547461652226,0.0806729256345133,0.081111671897292,0.07945426556066802,0.07530870250856345,0.0684067134399438]},{""bpm"":179.0,""relative_power"":0.06946076217468479,""peak_concentration"":0.03697219518812868,""prominence"":0.06811711776966976,""period_correlation"":-0.45583343764406103,""split_period_correlation"":-0.4936545497036502,""periodic_support"":0.0,""harmonic2_relative_power"":2.636684810832375e-06,""harmonic3_relative_power"":3.0890104047802064e-07,""harmonic_support"":0.00047922389772068314,""motion_profile"":0.0,""motion_strength"":null,""motion_reliability"":0.0,""motion_overlap"":0.0,""motion_available"":false,""evidence_score"":-0.9329684167063836,""supported_bpm"":[176.0,177.0,178.0,179.0,180.0,181.0,182.0],""supported_relative_power"":[0.056550726700748934,0.06331969137196596,0.06772377068159087,0.06946076217468479,0.06847384313204548,0.0649309090512471,0.05909350462635034]}]",False,tracked,False,64.0,34.999964999999996,44.999955,True,accepted_consensus,93.0,3,2,True,False,saved_fused_waveform_offline
40.999959,0.9833333333333333,0.016666666666666666,63.0,0.504939239373189,True,candidate_only,63.0,63.0,63.0,0.8366087886999541,1.1223788699822639,1.0,63.0,0.5017561161458017,0.0,6,"[{""bpm"":63.0,""relative_power"":1.0,""peak_concentration"":0.504939239373189,""prominence"":1.0,""period_correlation"":0.5151452005829034,""split_period_correlation"":0.46158886283449707,""periodic_support"":0.5017561161458017,""harmonic2_relative_power"":0.07481431179918706,""harmonic3_relative_power"":0.0010157899638495692,""harmonic_support"":0.28467706093957224,""motion_profile"":0.0,""motion_strength"":null,""motion_reliability"":0.0,""motion_overlap"":0.0,""motion_available"":false,""evidence_score"":0.8366087886999541,""supported_bpm"":[60.0,61.0,62.0,63.0,64.0,65.0,66.0],""supported_relative_power"":[0.6171561971816617,0.7946263006375732,0.9289727587483368,1.0,0.9991978299553274,0.9305229918741481,0.8059049480014709]},{""bpm"":49.0,""relative_power"":0.26045889398502864,""peak_concentration"":0.13331314176346906,""prominence"":0.23633188286915302,""period_correlation"":-0.025053861418716197,""split_period_correlation"":0.08598064885785162,""periodic_support"":0.002704766150425756,""harmonic2_relative_power"":0.11476405045345822,""harmonic3_relative_power"":0.0026655916554965153,""harmonic_support"":0.18211325534709208,""motion_profile"":0.0,""motion_strength"":null,""motion_reliability"":0.0,""motion_overlap"":0.0,""motion_available"":false,""evidence_score"":-0.28577008128230974,""supported_bpm"":[46.0,47.0,48.0,49.0,50.0,51.0,52.0],""supported_relative_power"":[0.2026917329800817,0.23018353609216388,0.2515044394874201,0.26045889398502864,0.25100648152110056,0.21925341740686763,0.16651996562413796]},{""bpm"":93.0,""relative_power"":0.13548932154183346,""peak_concentration"":0.08948002892449836,""prominence"":0.13181930236475664,""period_correlation"":-0.24423059694873958,""split_period_correlation"":-0.27874523160860737,""periodic_support"":0.0,""harmonic2_relative_power"":0.01706155822285307,""harmonic3_relative_power"":0.00020636636522822744,""harmonic_support"":0.049930431609275835,""motion_profile"":0.0,""motion_strength"":null,""motion_reliability"":0.0,""motion_overlap"":0.0,""motion_available"":false,""evidence_score"":-0.6496714257427537,""supported_bpm"":[90.0,91.0,92.0,93.0,94.0,95.0,96.0],""supported_relative_power"":[0.11681831860099863,0.12837837653930148,0.13415214069732828,0.13548932154183346,0.13403214272602598,0.13099044405747043,0.12692676908647835]},{""bpm"":79.0,""relative_power"":0.08053757458768818,""peak_concentration"":0.03108892733437227,""prominence"":0.06373557859177546,""period_correlation"":0.06543273421663104,""split_period_correlation"":0.015615365027722743,""periodic_support"":0.05297839191940396,""harmonic2_relative_power"":0.005405152560051747,""harmonic3_relative_power"":0.0006718385024683958,""harmonic_support"":0.023438813454402088,""motion_profile"":0.0,""motion_strength"":null,""motion_reliability"":0.0,""motion_overlap"":0.0,""motion_available"":false,""evidence_score"":-0.7999459588721872,""supported_bpm"":[77.0,78.0,79.0,80.0,81.0],""supported_relative_power"":[0.05767640535007934,0.07424980130075781,0.08053757458768818,0.07501684272519289,0.059703870577274956]},{""bpm"":122.0,""relative_power"":0.0932862728480819,""peak_concentration"":0.05325425857108563,""prominence"":0.0856825938842257,""period_correlation"":-0.631651605647869,""split_period_correlation"":-0.6036341060734909,""periodic_support"":0.0,""harmonic2_relative_power"":9.074278460140001e-05,""harmonic3_relative_power"":7.046885992735326e-06,""harmonic_support"":0.0031932528753898675,""motion_profile"":0.0,""motion_strength"":null,""motion_reliability"":0.0,""motion_overlap"":0.0,""motion_available"":false,""evidence_score"":-0.8270355560191389,""supported_bpm"":[119.0,120.0,121.0,122.0,123.0,124.0,125.0],""supported_relative_power"":[0.06427299708603362,0.0789400760010634,0.08880788916434887,0.0932862728480819,0.09289771645604816,0.08870084010283535,0.08229436076825745]},{""bpm"":179.0,""relative_power"":0.07475670064423318,""peak_concentration"":0.04306782774114954,""prominence"":0.07421251093933771,""period_correlation"":-0.43933397518232464,""split_period_correlation"":-0.4430833557070445,""periodic_support"":0.0,""harmonic2_relative_power"":3.1874162855192056e-07,""harmonic3_relative_power"":1.4538294128917408e-07,""harmonic_support"":0.00019085142388168715,""motion_profile"":0.0,""motion_strength"":null,""motion_reliability"":0.0,""motion_overlap"":0.0,""motion_available"":false,""evidence_score"":-0.9075398990772745,""supported_bpm"":[176.0,177.0,178.0,179.0,180.0,181.0,182.0],""supported_relative_power"":[0.05812710650080616,0.0661063516819282,0.07189858068561339,0.07475670064423318,0.07412774130107919,0.06980090762583194,0.06186232243929151]}]",False,tracked,False,63.0,35.999964,45.999953999999995,False,ambiguous_consensus,,3,0,False,True,saved_fused_waveform_offline
41.999958,0.9833333333333333,0.016666666666666666,62.0,0.45948877457544895,True,candidate_only,62.0,62.0,62.0,0.8078963991393564,1.1058689980621355,1.0,62.0,0.49719969060755453,0.0,7,"[{""bpm"":62.0,""relative_power"":1.0,""peak_concentration"":0.45948877457544895,""prominence"":1.0,""period_correlation"":0.5201391161614634,""split_period_correlation"":0.42838141394582807,""periodic_support"":0.49719969060755453,""harmonic2_relative_power"":0.04485312303083601,""harmonic3_relative_power"":0.019753242687279345,""harmonic_support"":0.2609767394710464,""motion_profile"":0.0,""motion_strength"":null,""motion_reliability"":0.0,""motion_overlap"":0.0,""motion_available"":false,""evidence_score"":0.8078963991393564,""supported_bpm"":[59.0,60.0,61.0,62.0,63.0,64.0,65.0],""supported_relative_power"":[0.591256434794351,0.7792018259434949,0.9237196207419401,1.0,0.9998626289587168,0.9319420879729807,0.8167651558889472]},{""bpm"":51.0,""relative_power"":0.21003520011713675,""peak_concentration"":0.10817650110003066,""prominence"":0.11799582934723782,""period_correlation"":0.10903805389446113,""split_period_correlation"":0.12242849373522441,""periodic_support"":0.11238566385465194,""harmonic2_relative_power"":0.04129253612264109,""harmonic3_relative_power"":0.03842525208317568,""harmonic_support"":0.12457122078415181,""motion_profile"":0.0,""motion_strength"":null,""motion_reliability"":0.0,""motion_overlap"":0.0,""motion_available"":false,""evidence_score"":-0.29797259892277905,""supported_bpm"":[48.0,49.0,50.0,51.0,52.0,53.0,54.0],""supported_relative_power"":[0.15501127620872565,0.1859255531272139,0.20825132997886583,0.21003520011713675,0.18478768172692436,0.14275710317163767,0.10335558843199509]},{""bpm"":94.0,""relative_power"":0.32765515051710903,""peak_concentration"":0.16083024677531815,""prominence"":0.3208581108881454,""period_correlation"":-0.22051655695673358,""split_period_correlation"":-0.15077478579357126,""periodic_support"":0.0,""harmonic2_relative_power"":0.005979046687139464,""harmonic3_relative_power"":0.00026887879005423304,""harmonic_support"":0.047546478296737846,""motion_profile"":0.0,""motion_strength"":null,""motion_reliability"":0.0,""motion_overlap"":0.0,""motion_available"":false,""evidence_score"":-0.34298127962082753,""supported_bpm"":[91.0,92.0,93.0,94.0,95.0,96.0,97.0],""supported_relative_power"":[0.2606897241613035,0.30007909798244337,0.3229994906385601,0.32765515051710903,0.3135080151415417,0.28393029313523516,0.24337198832060447]},{""bpm"":110.0,""relative_power"":0.10099016882824625,""peak_concentration"":0.05490641409017134,""prominence"":0.025442145585093306,""period_correlation"":-0.4768128679003376,""split_period_correlation"":-0.4123639199930287,""periodic_support"":0.0,""harmonic2_relative_power"":0.002522113575784233,""harmonic3_relative_power"":1.3502713096623321e-06,""harmonic_support"":0.01608884140037532,""motion_profile"":0.0,""motion_strength"":null,""motion_reliability"":0.0,""motion_overlap"":0.0,""motion_available"":false,""evidence_score"":-0.7863673954240893,""supported_bpm"":[107.0,108.0,109.0,110.0,111.0,112.0,113.0],""supported_relative_power"":[0.078654992029806,0.0927413499653384,0.10065511422075953,0.10099016882824625,0.09570136038683162,0.08751312277427094,0.07978364989526407]},{""bpm"":79.0,""relative_power"":0.07138717324475644,""peak_concentration"":0.031690428070007506,""prominence"":0.03294696328414174,""period_correlation"":0.0749536566093445,""split_period_correlation"":0.11622244711050359,""periodic_support"":0.08527085423463426,""harmonic2_relative_power"":0.021227658753789836,""harmonic3_relative_power"":0.00042890185250158005,""harmonic_support"":0.04086459139833614,""motion_profile"":0.0,""motion_strength"":null,""motion_reliability"":0.0,""motion_overlap"":0.0,""motion_available"":false,""evidence_score"":-0.7892104442159932,""supported_bpm"":[77.0,78.0,79.0,80.0,81.0],""supported_relative_power"":[0.05523391143680355,0.066076879911275,0.07138717324475644,0.06812619448839555,0.05582479234273935]},{""bpm"":119.0,""relative_power"":0.10187322791204226,""peak_concentration"":0.05458718560926808,""prominence"":0.07096958866735761,""period_correlation"":-0.5670112008993808,""split_period_correlation"":-0.5110435335327261,""periodic_support"":0.0,""harmonic2_relative_power"":0.0003408221536784701,""harmonic3_relative_power"":4.1389924276945063e-07,""harmonic_support"":0.005964292977797791,""motion_profile"":0.0,""motion_strength"":null,""motion_reliability"":0.0,""motion_overlap"":0.0,""motion_available"":false,""evidence_score"":-0.7934448428274891,""supported_bpm"":[116.0,117.0,118.0,119.0,120.0,121.0,122.0],""supported_relative_power"":[0.08268199265089084,0.0916417519538392,0.09922308250130697,0.10187322791204226,0.09758912981380585,0.08666773066063943,0.07164175685909158]},{""bpm"":180.0,""relative_power"":0.06858946689149165,""peak_concentration"":0.03599625120025998,""prominence"":0.06831106117644449,""period_correlation"":-0.4678121153702873,""split_period_correlation"":-0.5046618976151293,""periodic_support"":0.0,""harmonic2_relative_power"":9.323534169216418e-07,""harmonic3_relative_power"":5.4935884191237074e-09,""harmonic_support"":0.00025967661720452406,""motion_profile"":0.0,""motion_strength"":null,""motion_reliability"":0.0,""motion_overlap"":0.0,""motion_available"":false,""evidence_score"":-0.9376060283461045,""supported_bpm"":[177.0,178.0,179.0,180.0,181.0,182.0,183.0],""supported_relative_power"":[0.056429169334503385,0.06209074644210249,0.06652036482863108,0.06858946689149165,0.06729310429477309,0.061925913082530565,0.05297375085527294]}]",False,tracked,False,62.0,36.999963,46.999953,False,ambiguous_consensus,,3,0,False,True,saved_fused_waveform_offline
42.999956999999995,0.9833333333333333,0.016666666666666666,60.0,0.4303960398943027,True,candidate_only,60.0,61.0,60.0,0.6785097875943238,0.796356934253119,1.0,60.0,0.24751420184990292,0.0,7,"[{""bpm"":60.0,""relative_power"":1.0,""peak_concentration"":0.4303960398943027,""prominence"":1.0,""period_correlation"":0.2591241836838017,""split_period_correlation"":0.21268425634820648,""periodic_support"":0.24751420184990292,""harmonic2_relative_power"":0.110434057297877,""harmonic3_relative_power"":0.04461505287421086,""harmonic_support"":0.40624416555943055,""motion_profile"":0.0,""motion_strength"":null,""motion_reliability"":0.0,""motion_overlap"":0.0,""motion_available"":false,""evidence_score"":0.6785097875943238,""supported_bpm"":[57.0,58.0,59.0,60.0,61.0,62.0,63.0],""supported_relative_power"":[0.7355973530519706,0.8540583537818148,0.9489921709948851,1.0,0.9927892533709406,0.923722935926901,0.8019709357534349]},{""bpm"":94.0,""relative_power"":0.552750756064172,""peak_concentration"":0.20298282424114017,""prominence"":0.5242198307726033,""period_correlation"":-0.12452917207561799,""split_period_correlation"":-0.052282783340237476,""periodic_support"":0.0,""harmonic2_relative_power"":0.012479644038169436,""harmonic3_relative_power"":0.0006422779287426869,""harmonic_support"":0.08964968533908005,""motion_profile"":0.0,""motion_strength"":null,""motion_reliability"":0.0,""motion_overlap"":0.0,""motion_available"":false,""evidence_score"":-0.11784714665879528,""supported_bpm"":[91.0,92.0,93.0,94.0,95.0,96.0,97.0],""supported_relative_power"":[0.40826798506758505,0.48984838143557474,0.5422693301994675,0.552750756064172,0.5138423416532584,0.4345229783992409,0.3321470712316259]},{""bpm"":72.0,""relative_power"":0.21161900864029415,""peak_concentration"":0.11482861241192767,""prominence"":0.02884307410137399,""period_correlation"":0.12995651446771433,""split_period_correlation"":0.07153627954398073,""periodic_support"":0.11535145573678093,""harmonic2_relative_power"":0.00908821213338613,""harmonic3_relative_power"":0.005480010218390296,""harmonic_support"":0.05577363951286646,""motion_profile"":0.0,""motion_strength"":null,""motion_reliability"":0.0,""motion_overlap"":0.0,""motion_available"":false,""evidence_score"":-0.36087847172535453,""supported_bpm"":[69.0,70.0,71.0,72.0,73.0,74.0,75.0],""supported_relative_power"":[0.18277593453892016,0.18936930087139195,0.2032131070350675,0.21161900864029415,0.2072301863178583,0.1897586728004341,0.16426299552254092]},{""bpm"":116.0,""relative_power"":0.1994777268689258,""peak_concentration"":0.08487649711547884,""prominence"":0.1973846047661229,""period_correlation"":-0.4341701837973309,""split_period_correlation"":-0.3692766381284064,""periodic_support"":0.0,""harmonic2_relative_power"":0.0012628118748338672,""harmonic3_relative_power"":5.760069850771986e-07,""harmonic_support"":0.015990086840040434,""motion_profile"":0.0,""motion_strength"":null,""motion_reliability"":0.0,""motion_overlap"":0.0,""motion_available"":false,""evidence_score"":-0.5482283559382467,""supported_bpm"":[113.0,114.0,115.0,116.0,117.0,118.0,119.0],""supported_relative_power"":[0.16393287256167724,0.1827588509136046,0.19539633942392517,0.1994777268689258,0.19211354571124706,0.1735607035684083,0.145275942669536]},{""bpm"":42.0,""relative_power"":0.08065814976216748,""peak_concentration"":0.012464208654992752,""prominence"":0.072649508179724,""period_correlation"":-0.1404617300236486,""split_period_correlation"":-0.14697245919834048,""periodic_support"":0.0,""harmonic2_relative_power"":0.031705145718123606,""harmonic3_relative_power"":0.00934928906562375,""harmonic_support"":0.06018082538765311,""motion_profile"":0.0,""motion_strength"":null,""motion_reliability"":0.0,""motion_overlap"":0.0,""motion_available"":false,""evidence_score"":-0.8209565745972899,""supported_bpm"":[42.0,43.0],""supported_relative_power"":[0.08065814976216748,0.06566635645448221]},{""bpm"":154.0,""relative_power"":0.06313346286421417,""peak_concentration"":0.027932323116861595,""prominence"":0.062487333601775503,""period_correlation"":-0.5308954330479574,""split_period_correlation"":-0.5272821895833183,""periodic_support"":0.0,""harmonic2_relative_power"":1.281394323992193e-06,""harmonic3_relative_power"":1.6934904184864066e-08,""harmonic_support"":0.0002958715504295574,""motion_profile"":0.0,""motion_strength"":null,""motion_reliability"":0.0,""motion_overlap"":0.0,""motion_available"":false,""evidence_score"":-0.9665806457684768,""supported_bpm"":[152.0,153.0,154.0,155.0,156.0,157.0],""supported_relative_power"":[0.055563204377279726,0.060803628206658564,0.06313346286421417,0.06213601241434032,0.05789014117287726,0.051031955768260126]},{""bpm"":182.0,""relative_power"":0.05821604574364842,""peak_concentration"":0.021936196082754482,""prominence"":0.04759579918716407,""period_correlation"":-0.4787553760331381,""split_period_correlation"":-0.49674190955046277,""periodic_support"":0.0,""harmonic2_relative_power"":1.196242624288234e-06,""harmonic3_relative_power"":5.1655090783257134e-08,""harmonic_support"":0.0002830880313633444,""motion_profile"":0.0,""motion_strength"":null,""motion_reliability"":0.0,""motion_overlap"":0.0,""motion_available"":false,""evidence_score"":-0.994974903731754,""supported_bpm"":[181.0,182.0,183.0,184.0],""supported_relative_power"":[0.0534135470875678,0.05821604574364842,0.057604198965560106,0.05199452945734095]}]",False,tracked,False,60.0,37.999962,47.999952,False,ambiguous_consensus,,3,0,False,True,saved_fused_waveform_offline
43.999956,0.9866666666666667,0.013333333333333334,58.0,0.3976259647403985,True,candidate_only,59.0,60.0,58.0,0.5385184019096381,0.34962692650831434,0.9830502181227565,58.0,0.05229664755275158,0.0,8,"[{""bpm"":58.0,""relative_power"":1.0,""peak_concentration"":0.3976259647403985,""prominence"":1.0,""period_correlation"":0.0368392706008159,""split_period_correlation"":0.09866877840855864,""periodic_support"":0.05229664755275158,""harmonic2_relative_power"":0.21224670048661468,""harmonic3_relative_power"":0.016744131188859892,""harmonic_support"":0.5059920896016114,""motion_profile"":0.0,""motion_strength"":null,""motion_reliability"":0.0,""motion_overlap"":0.0,""motion_available"":false,""evidence_score"":0.5635184019096381,""supported_bpm"":[55.0,56.0,57.0,58.0,59.0,60.0,61.0],""supported_relative_power"":[0.7963633978248466,0.8993346039360856,0.9695529307926971,1.0,0.9830502181227565,0.9240764829740598,0.8284755547883358]},{""bpm"":93.0,""relative_power"":0.7959373337549052,""peak_concentration"":0.2611102508355929,""prominence"":0.7923888417595273,""period_correlation"":0.10412161287355406,""split_period_correlation"":0.0717057559540987,""periodic_support"":0.09601764864369022,""harmonic2_relative_power"":0.04029695264642287,""harmonic3_relative_power"":0.000842330698999766,""harmonic_support"":0.18815424982965592,""motion_profile"":0.0,""motion_strength"":null,""motion_reliability"":0.0,""motion_overlap"":0.0,""motion_available"":false,""evidence_score"":0.21389147540132375,""supported_bpm"":[90.0,91.0,92.0,93.0,94.0,95.0,96.0],""supported_relative_power"":[0.5239229431342863,0.6557988573471186,0.7528834866902443,0.7959373337549052,0.7750650430639093,0.6896492148070598,0.559770117633775]},{""bpm"":75.0,""relative_power"":0.2724268577113886,""peak_concentration"":0.08078133369469886,""prominence"":0.25508735718094144,""period_correlation"":0.01469743853212959,""split_period_correlation"":0.06839673148816658,""periodic_support"":0.028122261771138836,""harmonic2_relative_power"":0.05452268918535513,""harmonic3_relative_power"":0.00011884640912836403,""harmonic_support"":0.12386623605833665,""motion_profile"":0.0,""motion_strength"":null,""motion_reliability"":0.0,""motion_overlap"":0.0,""motion_available"":false,""evidence_score"":-0.3003340655350468,""supported_bpm"":[72.0,73.0,74.0,75.0,76.0,77.0,78.0],""supported_relative_power"":[0.16818206608924913,0.22634678251633147,0.2629883678374246,0.2724268577113886,0.25513443694914606,0.21723955937576178,0.16810161017146652]},{""bpm"":115.0,""relative_power"":0.22272654469302508,""peak_concentration"":0.08078982271468843,""prominence"":0.22076308207329975,""period_correlation"":-0.15964654262263664,""split_period_correlation"":-0.23930591837367934,""periodic_support"":0.0,""harmonic2_relative_power"":0.0024719729673548458,""harmonic3_relative_power"":1.3993061485261048e-06,""harmonic_support"":0.023659706909544925,""motion_profile"":0.0,""motion_strength"":null,""motion_reliability"":0.0,""motion_overlap"":0.0,""motion_available"":false,""evidence_score"":-0.5019739740307498,""supported_bpm"":[112.0,113.0,114.0,115.0,116.0,117.0,118.0],""supported_relative_power"":[0.1697131296385184,0.20171877347316433,0.2197875756381273,0.22272654469302508,0.21224670048661468,0.19131764719916228,0.16503945520227575]},{""bpm"":131.0,""relative_power"":0.08045979645987607,""peak_concentration"":0.027007187411214488,""prominence"":0.05558611689623666,""period_correlation"":-0.3299199589571113,""split_period_correlation"":-0.39846290559497155,""periodic_support"":0.0,""harmonic2_relative_power"":0.00035687873589378057,""harmonic3_relative_power"":4.585349613365433e-08,""harmonic_support"":0.0053798400552171515,""motion_profile"":0.0,""motion_strength"":null,""motion_reliability"":0.0,""motion_overlap"":0.0,""motion_available"":false,""evidence_score"":-0.8766193347040853,""supported_bpm"":[128.0,129.0,130.0,131.0,132.0,133.0,134.0],""supported_relative_power"":[0.05317008013566636,0.06697907704808947,0.0770319690286629,0.08045979645987607,0.0763007185674412,0.0664183343569932,0.05340356021787674]},{""bpm"":42.0,""relative_power"":0.06971404597801034,""peak_concentration"":0.01474150701191731,""prominence"":0.03634391319439632,""period_correlation"":-0.12820244322085544,""split_period_correlation"":-0.1568232150827002,""periodic_support"":0.0,""harmonic2_relative_power"":0.004672705278074955,""harmonic3_relative_power"":0.028855024340558883,""harmonic_support"":0.033746438356689085,""motion_profile"":0.0,""motion_strength"":null,""motion_reliability"":0.0,""motion_overlap"":0.0,""motion_available"":false,""evidence_score"":-0.8984272730038919,""supported_bpm"":[42.0,43.0,44.0],""supported_relative_power"":[0.06971404597801034,0.0656894658098633,0.055217132339700506]},{""bpm"":155.0,""relative_power"":0.06764545943078765,""peak_concentration"":0.029805627236891445,""prominence"":0.05000532569793979,""period_correlation"":-0.4680677102797191,""split_period_correlation"":-0.4998501558951155,""periodic_support"":0.0,""harmonic2_relative_power"":9.18626047697272e-06,""harmonic3_relative_power"":2.3184227298811807e-08,""harmonic_support"":0.0008021555280255738,""motion_profile"":0.0,""motion_strength"":null,""motion_reliability"":0.0,""motion_overlap"":0.0,""motion_available"":false,""evidence_score"":-0.9419141102771394,""supported_bpm"":[152.0,153.0,154.0,155.0,156.0,157.0,158.0],""supported_relative_power"":[0.06065947087634801,0.06382541146317249,0.06641768164035099,0.06764545943078765,0.06673970555410258,0.06321503208757225,0.05704669844978727]},{""bpm"":183.0,""relative_power"":0.0659169285050667,""peak_concentration"":0.018317868175983475,""prominence"":0.06451769726155826,""period_correlation"":-0.5124340769571213,""split_period_correlation"":-0.5081442481003576,""periodic_support"":0.0,""harmonic2_relative_power"":6.014352952453598e-07,""harmonic3_relative_power"":1.914247166415361e-09,""harmonic_support"":0.00020304150351715543,""motion_profile"":0.0,""motion_strength"":null,""motion_reliability"":0.0,""motion_overlap"":0.0,""motion_available"":false,""evidence_score"":-0.9515729545577238,""supported_bpm"":[181.0,182.0,183.0,184.0,185.0],""supported_relative_power"":[0.050656392530279454,0.061764239985897945,0.0659169285050667,0.06273696899442666,0.053382405635703095]}]",False,tracked,False,58.0,38.999961,48.999950999999996,True,accepted_consensus,58.0,3,2,True,False,saved_fused_waveform_offline
44.999955,0.9866666666666667,0.013333333333333334,93.0,0.3263127789242301,True,candidate_only,58.0,59.0,93.0,0.2162201557740113,0.036884459881985854,0.647421565692981,56.0,0.05817687285342307,0.0012009011010625122,7,"[{""bpm"":93.0,""relative_power"":1.0,""peak_concentration"":0.3263127789242301,""prominence"":1.0,""period_correlation"":0.16478615652309042,""split_period_correlation"":0.1936144414932411,""periodic_support"":0.1719932277656281,""harmonic2_relative_power"":0.046422834858992026,""harmonic3_relative_power"":0.00117389631082772,""harmonic_support"":0.22745134944203776,""motion_profile"":0.050831427462585226,""motion_strength"":0.9944721840451239,""motion_reliability"":0.58,""motion_overlap"":0.050831427462585226,""motion_available"":true,""evidence_score"":0.35310461565599716,""supported_bpm"":[90.0,91.0,92.0,93.0,94.0,95.0,96.0],""supported_relative_power"":[0.7069543689158946,0.8504472344886692,0.9535995293221665,1.0,0.981794870223071,0.8984601693733428,0.7679158273995704]},{""bpm"":56.0,""relative_power"":0.6879720663669807,""peak_concentration"":0.265554486032344,""prominence"":0.6507180263701235,""period_correlation"":0.05136978117659067,""split_period_correlation"":0.07859814788392026,""periodic_support"":0.05817687285342307,""harmonic2_relative_power"":0.1697022418711751,""harmonic3_relative_power"":0.0218801202013891,""harmonic_support"":0.3846291870909141,""motion_profile"":0.0012009011010625122,""motion_strength"":0.9944721840451239,""motion_reliability"":0.58,""motion_overlap"":0.0012009011010625122,""motion_available"":true,""evidence_score"":0.3162201557740113,""supported_bpm"":[53.0,54.0,55.0,56.0,57.0,58.0,59.0],""supported_relative_power"":[0.5645059378961946,0.6305696875633439,0.6726167587176911,0.6879720663669807,0.6780944297804394,0.647421565692981,0.6005625436971179]},{""bpm"":76.0,""relative_power"":0.2744438356005161,""peak_concentration"":0.08455649945816755,""prominence"":0.2331369166969106,""period_correlation"":0.03534566564713546,""split_period_correlation"":0.06835705726828742,""periodic_support"":0.04359851355242345,""harmonic2_relative_power"":0.02599167213977481,""harmonic3_relative_power"":0.002169890142335523,""harmonic_support"":0.09299969163940607,""motion_profile"":0.001524531969564034,""motion_strength"":0.9944721840451239,""motion_reliability"":0.58,""motion_overlap"":0.001524531969564034,""motion_available"":true,""evidence_score"":-0.31350063422034136,""supported_bpm"":[73.0,74.0,75.0,76.0,77.0,78.0,79.0],""supported_relative_power"":[0.1799628639879988,0.22590408508691714,0.2591081542393305,0.2744438356005161,0.26976287053275805,0.24603245247612077,0.2070167748861366]},{""bpm"":113.0,""relative_power"":0.17325035518351153,""peak_concentration"":0.05646572880640968,""prominence"":0.14868158432026807,""period_correlation"":-0.09520901206917612,""split_period_correlation"":-0.11652174514739583,""periodic_support"":0.0,""harmonic2_relative_power"":0.0009028750170631095,""harmonic3_relative_power"":4.118846059302504e-06,""harmonic_support"":0.012802594989170468,""motion_profile"":0.0003409643740698176,""motion_strength"":0.9944721840451239,""motion_reliability"":0.58,""motion_overlap"":0.0003409643740698176,""motion_available"":true,""evidence_score"":-0.6011797672559483,""supported_bpm"":[110.0,111.0,112.0,113.0,114.0,115.0,116.0],""supported_relative_power"":[0.12593049276159676,0.15293030341732375,0.1697022418711751,0.17325035518351153,0.1638720694278485,0.1449190132632473,0.12159780880502521]},{""bpm"":132.0,""relative_power"":0.1411670996491443,""peak_concentration"":0.05446791123816369,""prominence"":0.07223429869421416,""period_correlation"":-0.33316149425967473,""split_period_correlation"":-0.3766706494809317,""periodic_support"":0.0,""harmonic2_relative_power"":0.0007218776679863855,""harmonic3_relative_power"":5.15029680951747e-07,""harmonic_support"":0.01018919298590451,""motion_profile"":0.0005392388276596511,""motion_strength"":0.9944721840451239,""motion_reliability"":0.58,""motion_overlap"":0.0005392388276596511,""motion_available"":true,""evidence_score"":-0.6757187007853894,""supported_bpm"":[129.0,130.0,131.0,132.0,133.0,134.0,135.0],""supported_relative_power"":[0.11939094046979366,0.13153271631328786,0.13948963908822556,0.1411670996491443,0.1365923357660393,0.12678390227364966,0.11371814331256902]},{""bpm"":158.0,""relative_power"":0.07070967017920295,""peak_concentration"":0.02142740952450031,""prominence"":0.04722083794027074,""period_correlation"":-0.48206977446254123,""split_period_correlation"":-0.5206225177746159,""periodic_support"":0.0,""harmonic2_relative_power"":1.9328767888553198e-05,""harmonic3_relative_power"":1.7026994508834976e-07,""harmonic_support"":0.0012074766237906089,""motion_profile"":0.00040942368033322445,""motion_strength"":0.9944721840451239,""motion_reliability"":0.58,""motion_overlap"":0.00040942368033322445,""motion_available"":true,""evidence_score"":-0.9265148312038403,""supported_bpm"":[155.0,156.0,157.0,158.0,159.0,160.0],""supported_relative_power"":[0.054428123756018305,0.06400424081668253,0.06993310828049097,0.07070967017920295,0.06578775700116915,0.05559208459363774]},{""bpm"":183.0,""relative_power"":0.05803996843435902,""peak_concentration"":0.01989665272005631,""prominence"":0.055433687116457186,""period_correlation"":-0.5197657451877391,""split_period_correlation"":-0.5412674026484414,""periodic_support"":0.0,""harmonic2_relative_power"":9.938020848086004e-07,""harmonic3_relative_power"":1.0642856957927418e-07,""harmonic_support"":0.00026767522115193605,""motion_profile"":0.4473513454277772,""motion_strength"":0.9944721840451239,""motion_reliability"":0.58,""motion_overlap"":0.4473513454277772,""motion_available"":true,""evidence_score"":-1.5552396947528135,""supported_bpm"":[182.0,183.0,184.0,185.0],""supported_relative_power"":[0.05543570776761432,0.05803996843435902,0.05720174101195137,0.0531093452360818]}]",False,tracked,True,93.0,39.99996,49.99995,True,accepted_consensus,94.0,3,3,True,False,saved_fused_waveform_offline
45.999953999999995,0.8866666666666667,0.013333333333333334,,,False,gap_or_filter_edge,,,,,,,,,,0,[],False,unavailable,False,,40.999959,50.999949,False,insufficient_rois,,0,0,False,False,saved_fused_waveform_offline
