time_s,observed_fraction,interpolated_fraction,spectral_peak_bpm,peak_concentration,accepted,status,ridge_bpm,legacy_ridge_bpm,evidence_local_bpm,evidence_score,evidence_runner_up_margin,evidence_selected_relative_power,evidence_selected_peak_bpm,evidence_selected_periodic_support,evidence_selected_motion_overlap,evidence_candidate_count,evidence_candidates_json,evidence_reacquired,evidence_tracker_state,evidence_motion_available,raw_spectral_peak_bpm,window_start_s,window_end_s,hr_source
4.999995,0.7,0.0,,,False,gap_or_filter_edge,,,,,,,,,,0,[],False,unavailable,False,,0.0,9.99999,saved_v25_fallback_waveform_offline
5.999994,0.8,0.0,,,False,gap_or_filter_edge,,,,,,,,,,0,[],False,unavailable,False,,0.999999,10.999989,saved_v25_fallback_waveform_offline
6.999993,0.9,0.0,,,False,gap_or_filter_edge,,,,,,,,,,0,[],False,unavailable,False,,1.999998,11.999988,saved_v25_fallback_waveform_offline
7.999992,1.0,0.0,186.0,0.36591025031613095,True,candidate_only,92.0,91.0,91.0,0.8573138195433633,0.9988713631604813,0.522516372161749,91.0,0.4802268005636604,0.07354471748533184,5,"[{""bpm"":91.0,""relative_power"":0.5650828126930255,""peak_concentration"":0.14903799667588744,""prominence"":0.5649409044821588,""period_correlation"":0.4717531768511084,""split_period_correlation"":0.5056476717013164,""periodic_support"":0.4802268005636604,""harmonic2_relative_power"":0.7379184191992995,""harmonic3_relative_power"":9.402353210948699e-09,""harmonic_support"":0.6457692813833358,""motion_profile"":0.07354471748533184,""motion_strength"":0.9935896254128586,""motion_reliability"":1.0,""motion_overlap"":0.07354471748533184,""motion_available"":true,""evidence_score"":0.8823138195433633,""supported_bpm"":[88.0,89.0,90.0,91.0,92.0,93.0,94.0],""supported_relative_power"":[0.39336316133794685,0.49211169708559593,0.5539130007702714,0.5650828126930255,0.522516372161749,0.434621622003693,0.3191106936905053]},{""bpm"":109.0,""relative_power"":0.36082516855988145,""peak_concentration"":0.14445981681069944,""prominence"":0.35593594757520136,""period_correlation"":0.21839511628178687,""split_period_correlation"":0.1988788761600587,""periodic_support"":0.21351605625135484,""harmonic2_relative_power"":8.634808436817666e-05,""harmonic3_relative_power"":1.5639612996280598e-10,""harmonic_support"":0.005584435582455367,""motion_profile"":0.00018642689921221406,""motion_strength"":0.9935896254128586,""motion_reliability"":1.0,""motion_overlap"":0.00018642689921221406,""motion_available"":true,""evidence_score"":-0.116557543617118,""supported_bpm"":[106.0,107.0,108.0,109.0,110.0,111.0,112.0],""supported_relative_power"":[0.32015784394371705,0.3407976135174904,0.3543457323222445,0.36082516855988145,0.35929018730002904,0.3501427682675433,0.33369670764180176]},{""bpm"":142.0,""relative_power"":0.2677646252387733,""peak_concentration"":0.09802871854509093,""prominence"":0.2622128601675702,""period_correlation"":-0.1623636862776195,""split_period_correlation"":-0.20191610161102835,""periodic_support"":0.0,""harmonic2_relative_power"":7.2045629040641496e-09,""harmonic3_relative_power"":1.0113118949684752e-11,""harmonic_support"":4.449778247477633e-05,""motion_profile"":0.0035597571103346444,""motion_strength"":0.9935896254128586,""motion_reliability"":1.0,""motion_overlap"":0.0035597571103346444,""motion_available"":true,""evidence_score"":-0.465581630547379,""supported_bpm"":[139.0,140.0,141.0,142.0,143.0,144.0,145.0],""supported_relative_power"":[0.22100336447815658,0.24659301994466684,0.2623317871809333,0.2677646252387733,0.263464289022011,0.2507881341507913,0.23158565359504252]},{""bpm"":77.0,""relative_power"":0.11684276507814224,""peak_concentration"":0.040022137436985475,""prominence"":0.09507828202533963,""period_correlation"":-0.24790626422546194,""split_period_correlation"":-0.12029423560837155,""periodic_support"":0.0,""harmonic2_relative_power"":0.05718589800941586,""harmonic3_relative_power"":4.150068796355025e-06,""harmonic_support"":0.081985746801528,""motion_profile"":0.002448327331399906,""motion_strength"":0.9935896254128586,""motion_reliability"":1.0,""motion_overlap"":0.002448327331399906,""motion_available"":true,""evidence_score"":-0.6724988100442773,""supported_bpm"":[74.0,75.0,76.0,77.0,78.0,79.0,80.0],""supported_relative_power"":[0.10534360912308029,0.11157635322954725,0.11614913749444014,0.11684276507814224,0.11123602909704812,0.09762220580401931,0.07611784059016098]},{""bpm"":186.0,""relative_power"":1.0,""peak_concentration"":0.36591025031613095,""prominence"":1.0,""period_correlation"":-0.20059776638113572,""split_period_correlation"":-0.23035475451157544,""periodic_support"":0.0,""harmonic2_relative_power"":1.4512067929479194e-10,""harmonic3_relative_power"":1.3637960815686175e-12,""harmonic_support"":1.2455340352064662e-05,""motion_profile"":0.954478553126351,""motion_strength"":0.9935896254128586,""motion_reliability"":1.0,""motion_overlap"":0.954478553126351,""motion_available"":true,""evidence_score"":-1.1930857360675868,""supported_bpm"":[183.0,184.0,185.0,186.0,187.0,188.0,189.0],""supported_relative_power"":[0.8493123029764835,0.9339479428653871,0.9852612535171797,1.0,0.9782838902892421,0.9232652046560279,0.8399012456455335]}]",False,acquired,True,186.0,2.999997,12.999986999999999,saved_v25_fallback_waveform_offline
8.999991,1.0,0.0,184.0,0.31989720490957735,True,candidate_only,92.0,91.0,91.0,1.2113039517589876,1.5274174133524054,0.8173213304400792,91.0,0.45783532842961017,0.08580008127057036,5,"[{""bpm"":91.0,""relative_power"":0.8598820267014745,""peak_concentration"":0.19778808651966492,""prominence"":0.8592234947131518,""period_correlation"":0.45732852640494254,""split_period_correlation"":0.459355734503613,""periodic_support"":0.45783532842961017,""harmonic2_relative_power"":0.9268293857788125,""harmonic3_relative_power"":1.7435943073429392e-08,""harmonic_support"":0.8927712191640974,""motion_profile"":0.08580008127057036,""motion_strength"":0.9936924486654357,""motion_reliability"":1.0,""motion_overlap"":0.08580008127057036,""motion_available"":true,""evidence_score"":1.2363039517589876,""supported_bpm"":[88.0,89.0,90.0,91.0,92.0,93.0,94.0],""supported_relative_power"":[0.5548078778509012,0.7130843129104197,0.8225176401973001,0.8598820267014745,0.8173213304400792,0.7050346698973208,0.5486737858475345]},{""bpm"":109.0,""relative_power"":0.3028360644204357,""peak_concentration"":0.08280750082103891,""prominence"":0.2051539472955008,""period_correlation"":0.11662325612266147,""split_period_correlation"":0.08779928376158153,""periodic_support"":0.10941726303239149,""harmonic2_relative_power"":0.00017011791504346866,""harmonic3_relative_power"":2.645577676319571e-10,""harmonic_support"":0.007180725698744985,""motion_profile"":0.0004447161087629871,""motion_strength"":0.9936924486654357,""motion_reliability"":1.0,""motion_overlap"":0.0004447161087629871,""motion_available"":true,""evidence_score"":-0.29111346159341794,""supported_bpm"":[106.0,107.0,108.0,109.0,110.0,111.0,112.0],""supported_relative_power"":[0.22300781660209215,0.26011336575038874,0.2905394792669418,0.3028360644204357,0.28870364409282123,0.253217076657904,0.20619909834540615]},{""bpm"":142.0,""relative_power"":0.41509999547336485,""peak_concentration"":0.11699219790015945,""prominence"":0.4021258600258565,""period_correlation"":-0.15957741364610967,""split_period_correlation"":-0.14858486024830247,""periodic_support"":0.0,""harmonic2_relative_power"":6.828155207376716e-09,""harmonic3_relative_power"":2.8571583912147775e-11,""harmonic_support"":5.444412084729839e-05,""motion_profile"":0.002237836030066838,""motion_strength"":0.9936924486654357,""motion_reliability"":1.0,""motion_overlap"":0.002237836030066838,""motion_available"":true,""evidence_score"":-0.31047539310656097,""supported_bpm"":[139.0,140.0,141.0,142.0,143.0,144.0,145.0],""supported_relative_power"":[0.33424724276574264,0.3840697031502346,0.41232528654103245,0.41509999547336485,0.393441173852023,0.35302624348732436,0.3025559705060509]},{""bpm"":78.0,""relative_power"":0.11675854617586708,""peak_concentration"":0.030330981122081293,""prominence"":0.09615726322881918,""period_correlation"":-0.10502891759710964,""split_period_correlation"":-0.007784191683348429,""periodic_support"":0.0,""harmonic2_relative_power"":0.16475949727502678,""harmonic3_relative_power"":5.17350452322994e-06,""harmonic_support"":0.13896982120547,""motion_profile"":0.0013343367868777945,""motion_strength"":0.9936924486654357,""motion_reliability"":1.0,""motion_overlap"":0.0013343367868777945,""motion_available"":true,""evidence_score"":-0.6143746143399469,""supported_bpm"":[75.0,76.0,77.0,78.0,79.0,80.0,81.0],""supported_relative_power"":[0.08755378160932026,0.10026220704129507,0.11182563162740343,0.11675854617586708,0.11028640685461533,0.09039260532664856,0.06049155897843682]},{""bpm"":184.0,""relative_power"":1.0,""peak_concentration"":0.31989720490957735,""prominence"":1.0,""period_correlation"":-0.142212904938724,""split_period_correlation"":-0.172250282993996,""periodic_support"":0.0,""harmonic2_relative_power"":1.937255028126604e-11,""harmonic3_relative_power"":1.8992390605748544e-12,""harmonic_support"":4.883771026308591e-06,""motion_profile"":0.9936924486654357,""motion_strength"":0.9936924486654357,""motion_reliability"":1.0,""motion_overlap"":0.9936924486654357,""motion_available"":true,""evidence_score"":-1.2421106770607684,""supported_bpm"":[181.0,182.0,183.0,184.0,185.0,186.0,187.0],""supported_relative_power"":[0.8354643096115755,0.9268293857788125,0.982185930252092,1.0,0.9835882544563599,0.9406569977197623,0.8804792181831613]}]",False,tracked,True,184.0,3.999996,13.999986,saved_v25_fallback_waveform_offline
9.99999,1.0,0.0,92.0,0.31894440100311366,True,candidate_only,92.0,92.0,92.0,1.1813311346658983,1.5152270443008797,1.0,92.0,0.5266435885738617,0.09342393501844354,7,"[{""bpm"":92.0,""relative_power"":1.0,""peak_concentration"":0.31894440100311366,""prominence"":1.0,""period_correlation"":0.5280045933364551,""split_period_correlation"":0.5225605742860817,""periodic_support"":0.5266435885738617,""harmonic2_relative_power"":0.5166099073443737,""harmonic3_relative_power"":1.8264303867581726e-08,""harmonic_support"":0.718803106007705,""motion_profile"":0.09342393501844354,""motion_strength"":0.993744431363445,""motion_reliability"":1.0,""motion_overlap"":0.09342393501844354,""motion_available"":true,""evidence_score"":1.1813311346658983,""supported_bpm"":[89.0,90.0,91.0,92.0,93.0,94.0,95.0],""supported_relative_power"":[0.747822730132668,0.8828128584899549,0.9719674164755372,1.0,0.9638483339851249,0.8731141572796394,0.7454108248098578]},{""bpm"":142.0,""relative_power"":0.3876757874663911,""peak_concentration"":0.11257706862896749,""prominence"":0.3447303661687031,""period_correlation"":-0.17079545931452866,""split_period_correlation"":-0.17180880036179852,""periodic_support"":0.0,""harmonic2_relative_power"":4.812456507633049e-09,""harmonic3_relative_power"":5.337647241913946e-11,""harmonic_support"":4.478556102363029e-05,""motion_profile"":0.0018285075224050823,""motion_strength"":0.993744431363445,""motion_reliability"":1.0,""motion_overlap"":0.0018285075224050823,""motion_available"":true,""evidence_score"":-0.3338959096349813,""supported_bpm"":[139.0,140.0,141.0,142.0,143.0,144.0,145.0],""supported_relative_power"":[0.3004323928972806,0.35279251298398245,0.38446187458236675,0.3876757874663911,0.3597061767635963,0.3042067853422592,0.23090473905349607]},{""bpm"":109.0,""relative_power"":0.17865024846670013,""peak_concentration"":0.037581319430315174,""prominence"":0.16754855631399057,""period_correlation"":0.16187720483454116,""split_period_correlation"":0.2037124982440835,""periodic_support"":0.17233602818692673,""harmonic2_relative_power"":0.00020042397498708326,""harmonic3_relative_power"":7.831117249466971e-11,""harmonic_support"":0.005985103318644131,""motion_profile"":0.0006190870521998234,""motion_strength"":0.993744431363445,""motion_reliability"":1.0,""motion_overlap"":0.0006190870521998234,""motion_available"":true,""evidence_score"":-0.4080329807902272,""supported_bpm"":[106.0,107.0,108.0,109.0,110.0,111.0,112.0],""supported_relative_power"":[0.09925745104084288,0.14500792381702846,0.17477785442118599,0.17865024846670013,0.15406867932804205,0.11233645592126291,0.06635362237458299]},{""bpm"":156.0,""relative_power"":0.27759945020771953,""peak_concentration"":0.08629878785081503,""prominence"":0.2041710398669171,""period_correlation"":-0.14522172073387005,""split_period_correlation"":-0.18091894648846277,""periodic_support"":0.0,""harmonic2_relative_power"":2.699405331939247e-09,""harmonic3_relative_power"":2.618826823833301e-11,""harmonic_support"":2.831801374513177e-05,""motion_profile"":0.0014419596217917386,""motion_strength"":0.993744431363445,""motion_reliability"":1.0,""motion_overlap"":0.0014419596217917386,""motion_available"":true,""evidence_score"":-0.45032574231841144,""supported_bpm"":[153.0,154.0,155.0,156.0,157.0,158.0,159.0],""supported_relative_power"":[0.20829582268284483,0.24970248733229358,0.273595799489191,0.27759945020771953,0.263136799480469,0.23463800310900404,0.1982923924957033]},{""bpm"":66.0,""relative_power"":0.07411281585577793,""peak_concentration"":0.022368166324409994,""prominence"":0.06689531616314726,""period_correlation"":-0.23797331664592805,""split_period_correlation"":-0.25426689065661434,""periodic_support"":0.0,""harmonic2_relative_power"":0.023067915344983043,""harmonic3_relative_power"":0.03170048962652164,""harmonic_support"":0.05831240870934764,""motion_profile"":0.0005384941711101315,""motion_strength"":0.993744431363445,""motion_reliability"":1.0,""motion_overlap"":0.0005384941711101315,""motion_available"":true,""evidence_score"":-0.8531190918449864,""supported_bpm"":[63.0,64.0,65.0,66.0,67.0,68.0,69.0],""supported_relative_power"":[0.05124288639812976,0.05940026986481698,0.06814093919858542,0.07411281585577793,0.0738887824614594,0.06595385345156703,0.05122351470781539]},{""bpm"":120.0,""relative_power"":0.06057305448237857,""peak_concentration"":0.013369647473356441,""prominence"":0.05643715111145164,""period_correlation"":-0.08924048769880091,""split_period_correlation"":-0.042046257091601875,""periodic_support"":0.0,""harmonic2_relative_power"":4.6574799639133587e-07,""harmonic3_relative_power"":3.309933491300374e-10,""harmonic_support"":0.00016953079803635936,""motion_profile"":0.0014053696561470068,""motion_strength"":0.993744431363445,""motion_reliability"":1.0,""motion_overlap"":0.0014053696561470068,""motion_available"":true,""evidence_score"":-0.9829539768758518,""supported_bpm"":[118.0,119.0,120.0,121.0],""supported_relative_power"":[0.0511679777712405,0.0605396797624774,0.06057305448237857,0.05244983620306332]},{""bpm"":181.0,""relative_power"":0.6137713462632678,""peak_concentration"":0.21311056389226146,""prominence"":0.6101881065561723,""period_correlation"":-0.18356472985369585,""split_period_correlation"":-0.2495651751785442,""periodic_support"":0.0,""harmonic2_relative_power"":2.106374599465529e-10,""harmonic3_relative_power"":1.4440396101574566e-12,""harmonic_support"":1.1699782844803909e-05,""motion_profile"":0.8988119006002072,""motion_strength"":0.993744431363445,""motion_reliability"":1.0,""motion_overlap"":0.8988119006002072,""motion_available"":true,""evidence_score"":-1.2943496631129683,""supported_bpm"":[178.0,179.0,180.0,181.0,182.0,183.0,184.0],""supported_relative_power"":[0.4607329395081239,0.5324671214639536,0.5862376312922762,0.6137713462632678,0.6088180300914016,0.5734308509383272,0.5166099073443737]}]",False,tracked,True,92.0,4.999995,14.999984999999999,saved_v25_fallback_waveform_offline
10.999989,1.0,0.0,93.0,0.4335464417364631,True,candidate_only,93.0,93.0,93.0,0.7486425661986268,1.1831673033233434,1.0,93.0,0.5455988895859217,0.09116944632277109,7,"[{""bpm"":93.0,""relative_power"":1.0,""peak_concentration"":0.4335464417364631,""prominence"":1.0,""period_correlation"":0.5465281137844613,""split_period_correlation"":0.5428112169903029,""periodic_support"":0.5455988895859217,""harmonic2_relative_power"":0.06885087676256842,""harmonic3_relative_power"":2.1307315017083068e-08,""harmonic_support"":0.26244559555757674,""motion_profile"":0.09116944632277109,""motion_strength"":0.9935436027473458,""motion_reliability"":1.0,""motion_overlap"":0.09116944632277109,""motion_available"":true,""evidence_score"":0.7486425661986268,""supported_bpm"":[90.0,91.0,92.0,93.0,94.0,95.0,96.0],""supported_relative_power"":[0.717299755615339,0.8519650898672314,0.9517426564851823,1.0,0.9868816516927077,0.9081770540013454,0.777678871372599]},{""bpm"":157.0,""relative_power"":0.28986830801165103,""peak_concentration"":0.12723875182242203,""prominence"":0.2860566750128746,""period_correlation"":-0.22250740085763937,""split_period_correlation"":-0.16592685516138464,""periodic_support"":0.0,""harmonic2_relative_power"":1.2776155572601452e-09,""harmonic3_relative_power"":1.3365951532399156e-11,""harmonic_support"":1.9933145965691825e-05,""motion_profile"":0.0009037367717837204,""motion_strength"":0.9935436027473458,""motion_reliability"":1.0,""motion_overlap"":0.0009037367717837204,""motion_available"":true,""evidence_score"":-0.43452473712471656,""supported_bpm"":[154.0,155.0,156.0,157.0,158.0,159.0,160.0],""supported_relative_power"":[0.22915770919024223,0.2684516189706789,0.2889698755756799,0.28986830801165103,0.2736954990253322,0.24527821821679555,0.21029930352805387]},{""bpm"":142.0,""relative_power"":0.25406340938562955,""peak_concentration"":0.09799337264470104,""prominence"":0.24154391473531392,""period_correlation"":-0.22876926508380507,""split_period_correlation"":-0.21222398439627913,""periodic_support"":0.0,""harmonic2_relative_power"":1.982981522153016e-08,""harmonic3_relative_power"":2.123464839357434e-11,""harmonic_support"":7.179203057956401e-05,""motion_profile"":0.001548604406373107,""motion_strength"":0.9935436027473458,""motion_reliability"":1.0,""motion_overlap"":0.001548604406373107,""motion_available"":true,""evidence_score"":-0.4814239534314604,""supported_bpm"":[139.0,140.0,141.0,142.0,143.0,144.0,145.0],""supported_relative_power"":[0.1813762846930618,0.21945142649123653,0.24555628618925135,0.25406340938562955,0.24185696781719068,0.20948838715826207,0.16163606683280968]},{""bpm"":107.0,""relative_power"":0.11177134304431412,""peak_concentration"":0.04600193958838573,""prominence"":0.071783755405468,""period_correlation"":0.18393855127189515,""split_period_correlation"":0.15654954104840155,""periodic_support"":0.17709129871602175,""harmonic2_relative_power"":0.00270984280838267,""harmonic3_relative_power"":1.2243919023929245e-09,""harmonic_support"":0.017407621950282386,""motion_profile"":0.0005938881668077565,""motion_strength"":0.9935436027473458,""motion_reliability"":1.0,""motion_overlap"":0.0005938881668077565,""motion_available"":true,""evidence_score"":-0.5554893357504025,""supported_bpm"":[104.0,105.0,106.0,107.0,108.0,109.0,110.0],""supported_relative_power"":[0.05574384943849976,0.07948133188874655,0.10043912380588672,0.11177134304431412,0.11105513771993125,0.09951989394704203,0.08076866765913256]},{""bpm"":64.0,""relative_power"":0.0818018483567167,""peak_concentration"":0.03563413221742168,""prominence"":0.07226929276965027,""period_correlation"":-0.31366991395712857,""split_period_correlation"":-0.22759930841342269,""periodic_support"":0.0,""harmonic2_relative_power"":0.009890478093870237,""harmonic3_relative_power"":0.07613284569514847,""harmonic_support"":0.05606472993849557,""motion_profile"":0.0005591506295971169,""motion_strength"":0.9935436027473458,""motion_reliability"":1.0,""motion_overlap"":0.0005591506295971169,""motion_available"":true,""evidence_score"":-0.8208436122017952,""supported_bpm"":[61.0,62.0,63.0,64.0,65.0,66.0,67.0],""supported_relative_power"":[0.06050803451809728,0.07102105357903371,0.07846246890902842,0.0818018483567167,0.08039884257156321,0.07389100522721465,0.0632817067331524]},{""bpm"":193.0,""relative_power"":0.08397360418838584,""peak_concentration"":0.034431647382550265,""prominence"":0.05559959426956314,""period_correlation"":-0.33253488064507036,""split_period_correlation"":-0.2625363673019411,""periodic_support"":0.0,""harmonic2_relative_power"":8.516876000246724e-11,""harmonic3_relative_power"":1.4623764766673011e-12,""harmonic_support"":2.796959253745796e-06,""motion_profile"":0.0145708643368439,""motion_strength"":0.9935436027473458,""motion_reliability"":1.0,""motion_overlap"":0.0145708643368439,""motion_available"":true,""evidence_score"":-0.8852492513426324,""supported_bpm"":[191.0,192.0,193.0,194.0,195.0,196.0],""supported_relative_power"":[0.0617369291937637,0.07613284569514847,0.08397360418838584,0.08373958896888707,0.07623630136662136,0.06381110023344168]},{""bpm"":180.0,""relative_power"":0.25587344868971734,""peak_concentration"":0.11051084051343026,""prominence"":0.2240730507891864,""period_correlation"":-0.26008205206968155,""split_period_correlation"":-0.18351522334808557,""periodic_support"":0.0,""harmonic2_relative_power"":8.752747790100238e-11,""harmonic3_relative_power"":2.9181153749446054e-12,""harmonic_support"":5.034871638981182e-06,""motion_profile"":0.7956275388389552,""motion_strength"":0.9935436027473458,""motion_reliability"":1.0,""motion_overlap"":0.7956275388389552,""motion_available"":true,""evidence_score"":-1.4716046929018711,""supported_bpm"":[177.0,178.0,179.0,180.0,181.0,182.0,183.0],""supported_relative_power"":[0.17971720572779876,0.2135974135654019,0.24064592252325787,0.25587344868971734,0.2552954415634055,0.23623409997659506,0.20106021571356839]}]",False,tracked,True,93.0,5.999994,15.999984,saved_v25_fallback_waveform_offline
11.999988,1.0,0.0,94.0,0.5096386735464867,True,candidate_only,94.0,94.0,94.0,0.5641557969157681,1.049592517702073,1.0,94.0,0.5536870004033956,0.08760771748094809,5,"[{""bpm"":94.0,""relative_power"":1.0,""peak_concentration"":0.5096386735464867,""prominence"":1.0,""period_correlation"":0.5593644604487038,""split_period_correlation"":0.5366546202674711,""periodic_support"":0.5536870004033956,""harmonic2_relative_power"":0.004168422138759634,""harmonic3_relative_power"":1.7593740994810655e-08,""harmonic_support"":0.06460974332321813,""motion_profile"":0.08760771748094809,""motion_strength"":0.9937065830168121,""motion_reliability"":1.0,""motion_overlap"":0.08760771748094809,""motion_available"":true,""evidence_score"":0.5641557969157681,""supported_bpm"":[91.0,92.0,93.0,94.0,95.0,96.0,97.0],""supported_relative_power"":[0.7388223724198489,0.8794810570466148,0.9715756203173224,1.0,0.9564197782235255,0.8535657713720095,0.7138192995025715]},{""bpm"":156.0,""relative_power"":0.25007435622676144,""peak_concentration"":0.14114155547074217,""prominence"":0.24935272916540188,""period_correlation"":-0.2846399568908165,""split_period_correlation"":-0.18091868921952714,""periodic_support"":0.0,""harmonic2_relative_power"":7.525450264292075e-10,""harmonic3_relative_power"":3.3826438755492787e-12,""harmonic_support"":1.4040223951282116e-05,""motion_profile"":0.0002814542864430217,""motion_strength"":0.9937065830168121,""motion_reliability"":1.0,""motion_overlap"":0.0002814542864430217,""motion_available"":true,""evidence_score"":-0.4854367207863049,""supported_bpm"":[153.0,154.0,155.0,156.0,157.0,158.0,159.0],""supported_relative_power"":[0.1811582338270441,0.21379443526910183,0.23807715744978203,0.25007435622676144,0.2484297461384232,0.23429802669820798,0.21066049584933896]},{""bpm"":143.0,""relative_power"":0.13738809225305454,""peak_concentration"":0.08171804785335318,""prominence"":0.05033141706714073,""period_correlation"":-0.2124310378095233,""split_period_correlation"":-0.17801140960261166,""periodic_support"":0.0,""harmonic2_relative_power"":6.7873633836675155e-09,""harmonic3_relative_power"":2.1754626075594318e-11,""harmonic_support"":3.114199837059267e-05,""motion_profile"":0.0013548364987058007,""motion_strength"":0.9937065830168121,""motion_reliability"":1.0,""motion_overlap"":0.0013548364987058007,""motion_available"":true,""evidence_score"":-0.6963933523460626,""supported_bpm"":[140.0,141.0,142.0,143.0,144.0,145.0,146.0],""supported_relative_power"":[0.10993884440312202,0.12368293966622453,0.1332135193092478,0.13738809225305454,0.13540011805229857,0.12727763815540508,0.11424799992872364]},{""bpm"":63.0,""relative_power"":0.07604613377818156,""peak_concentration"":0.041046794401287195,""prominence"":0.06562945642953802,""period_correlation"":-0.4947154070194879,""split_period_correlation"":-0.3561027008880216,""periodic_support"":0.0,""harmonic2_relative_power"":0.01797205887723395,""harmonic3_relative_power"":0.004353951162679378,""harmonic_support"":0.043337646295489446,""motion_profile"":0.0007160762803915445,""motion_strength"":0.9937065830168121,""motion_reliability"":1.0,""motion_overlap"":0.0007160762803915445,""motion_available"":true,""evidence_score"":-0.8593027338670004,""supported_bpm"":[60.0,61.0,62.0,63.0,64.0,65.0,66.0],""supported_relative_power"":[0.055342159671889476,0.06580908338625943,0.07301708963133118,0.07604613377818156,0.07466199394399847,0.06931820487278165,0.06090709591079839]},{""bpm"":181.0,""relative_power"":0.08441618950890677,""peak_concentration"":0.043429346676154716,""prominence"":0.08077609408268215,""period_correlation"":-0.4015116150495192,""split_period_correlation"":-0.24897188167053538,""periodic_support"":0.0,""harmonic2_relative_power"":1.5518903010472508e-10,""harmonic3_relative_power"":9.59935399041374e-13,""harmonic_support"":3.7190893731976644e-06,""motion_profile"":0.8303124233987614,""motion_strength"":0.9937065830168121,""motion_reliability"":1.0,""motion_overlap"":0.8303124233987614,""motion_available"":true,""evidence_score"":-1.9030854370912966,""supported_bpm"":[178.0,179.0,180.0,181.0,182.0,183.0,184.0],""supported_relative_power"":[0.0656960082876923,0.07463008997382463,0.08136089247321604,0.08441618950890677,0.08195578081393046,0.07320463939046842,0.05913263938595556]}]",False,tracked,True,94.0,6.999993,16.999983,saved_v25_fallback_waveform_offline
12.999986999999999,1.0,0.0,95.0,0.5814253707687499,True,candidate_only,94.0,94.0,95.0,0.6777569893755053,1.2775364575274974,0.9927697495346999,95.0,0.5799012386744553,0.08122767020901334,3,"[{""bpm"":95.0,""relative_power"":1.0,""peak_concentration"":0.5814253707687499,""prominence"":1.0,""period_correlation"":0.5739341414383885,""split_period_correlation"":0.597802530382656,""periodic_support"":0.5799012386744553,""harmonic2_relative_power"":0.027681456747844807,""harmonic3_relative_power"":4.2294405764648264e-09,""harmonic_support"":0.16640021459487112,""motion_profile"":0.08122767020901334,""motion_strength"":0.9938750325591422,""motion_reliability"":1.0,""motion_overlap"":0.08122767020901334,""motion_available"":true,""evidence_score"":0.7027569893755053,""supported_bpm"":[92.0,93.0,94.0,95.0,96.0,97.0,98.0],""supported_relative_power"":[0.7957460388570036,0.9200055583637348,0.9927697495346999,1.0,0.9457364530795311,0.8444591101375369,0.7137734507493906]},{""bpm"":155.0,""relative_power"":0.19378610192086407,""peak_concentration"":0.13480102004508374,""prominence"":0.18627149661547174,""period_correlation"":-0.3565952999541845,""split_period_correlation"":-0.3565173261844583,""periodic_support"":0.0,""harmonic2_relative_power"":7.899402428266495e-10,""harmonic3_relative_power"":5.631932444545835e-12,""harmonic_support"":1.2738171332434628e-05,""motion_profile"":0.0003536822873999765,""motion_strength"":0.9938750325591422,""motion_reliability"":1.0,""motion_overlap"":0.0003536822873999765,""motion_available"":true,""evidence_score"":-0.5747794681519921,""supported_bpm"":[152.0,153.0,154.0,155.0,156.0,157.0,158.0],""supported_relative_power"":[0.17603487154514139,0.18604405386525258,0.1924595998590392,0.19378610192086407,0.18894981002597094,0.17767299066866152,0.16057650954620767]},{""bpm"":62.0,""relative_power"":0.056661892418566735,""peak_concentration"":0.0384255465848344,""prominence"":0.051554455208999386,""period_correlation"":-0.5649131958865925,""split_period_correlation"":-0.5312032974171579,""periodic_support"":0.0,""harmonic2_relative_power"":0.008396792205604839,""harmonic3_relative_power"":0.03442079872154562,""harmonic_support"":0.03726929805050458,""motion_profile"":0.0008590735525787485,""motion_strength"":0.9938750325591422,""motion_reliability"":1.0,""motion_overlap"":0.0008590735525787485,""motion_available"":true,""evidence_score"":-0.9685332288454568,""supported_bpm"":[60.0,61.0,62.0,63.0,64.0],""supported_relative_power"":[0.0540704849673033,0.05646711452882022,0.056661892418566735,0.05472718551666117,0.05105463090587364]}]",False,tracked,True,95.0,7.999992,17.999982,saved_v25_fallback_waveform_offline
13.999986,1.0,0.0,95.0,0.6309323282354479,True,candidate_only,94.0,94.0,95.0,0.7034270088381983,1.3784747385814144,0.9718940559105932,95.0,0.5606621753582632,0.08351745441275442,3,"[{""bpm"":95.0,""relative_power"":1.0,""peak_concentration"":0.6309323282354479,""prominence"":1.0,""period_correlation"":0.572123044150807,""split_period_correlation"":0.5262795689806319,""periodic_support"":0.5606621753582632,""harmonic2_relative_power"":0.046685230475413675,""harmonic3_relative_power"":6.3004664254365805e-09,""harmonic_support"":0.21609543396005168,""motion_profile"":0.08351745441275442,""motion_strength"":0.9938215246834504,""motion_reliability"":1.0,""motion_overlap"":0.08351745441275442,""motion_available"":true,""evidence_score"":0.7284270088381983,""supported_bpm"":[92.0,93.0,94.0,95.0,96.0,97.0,98.0],""supported_relative_power"":[0.7613721948011036,0.8871362502182663,0.9718940559105932,1.0,0.9701964710775908,0.8910595016258164,0.7752466922046082]},{""bpm"":152.0,""relative_power"":0.1562574742518956,""peak_concentration"":0.11201946234494371,""prominence"":0.15613932256275498,""period_correlation"":-0.3912265780395046,""split_period_correlation"":-0.3519895428008794,""periodic_support"":0.0,""harmonic2_relative_power"":2.488404338552353e-09,""harmonic3_relative_power"":5.657717345150693e-13,""harmonic_support"":1.9822883885596185e-05,""motion_profile"":0.0003039983383640584,""motion_strength"":0.9938215246834504,""motion_reliability"":1.0,""motion_overlap"":0.0003039983383640584,""motion_available"":true,""evidence_score"":-0.650047729743216,""supported_bpm"":[149.0,150.0,151.0,152.0,153.0,154.0,155.0],""supported_relative_power"":[0.1320955761047177,0.14488177671279534,0.15308778320241603,0.1562574742518956,0.15398499532288534,0.1467200914391986,0.1354082391313386]},{""bpm"":115.0,""relative_power"":0.05089531522710023,""peak_concentration"":0.02675474122685023,""prominence"":0.04852998938195497,""period_correlation"":0.14767458771464104,""split_period_correlation"":0.0951134669994298,""periodic_support"":0.13453430753583823,""harmonic2_relative_power"":2.341666796140882e-05,""harmonic3_relative_power"":3.8229858769447175e-11,""harmonic_support"":0.0010921835436218936,""motion_profile"":0.0015688610200571263,""motion_strength"":0.9938215246834504,""motion_reliability"":1.0,""motion_overlap"":0.0015688610200571263,""motion_available"":true,""evidence_score"":-0.8951756938896561,""supported_bpm"":[115.0],""supported_relative_power"":[0.05089531522710023]}]",False,tracked,True,95.0,8.999991,18.999981,saved_v25_fallback_waveform_offline
14.999984999999999,1.0,0.0,95.0,0.6450573838363982,True,candidate_only,94.0,94.0,95.0,0.7380414085560884,1.3293979881436573,0.989893643956376,95.0,0.5638169559554143,0.08299616472068741,5,"[{""bpm"":95.0,""relative_power"":1.0,""peak_concentration"":0.6450573838363982,""prominence"":1.0,""period_correlation"":0.5698240718910167,""split_period_correlation"":0.5457956081486072,""periodic_support"":0.5638169559554143,""harmonic2_relative_power"":0.06079824999168146,""harmonic3_relative_power"":1.8248576033072355e-09,""harmonic_support"":0.24658796290599183,""motion_profile"":0.08299616472068741,""motion_strength"":0.9938849437470311,""motion_reliability"":1.0,""motion_overlap"":0.08299616472068741,""motion_available"":true,""evidence_score"":0.7630414085560884,""supported_bpm"":[92.0,93.0,94.0,95.0,96.0,97.0,98.0],""supported_relative_power"":[0.8225749826343929,0.9267985830063759,0.989893643956376,1.0,0.9581737937227907,0.8734591254768312,0.7579056306001777]},{""bpm"":52.0,""relative_power"":0.05471658537241597,""peak_concentration"":0.035946629624611585,""prominence"":0.054602718365055466,""period_correlation"":0.32286249799156164,""split_period_correlation"":0.3148794545547605,""periodic_support"":0.32086673713236136,""harmonic2_relative_power"":0.11342125593612808,""harmonic3_relative_power"":0.06923210017495582,""harmonic_support"":0.10032008619066192,""motion_profile"":0.0021393066573187625,""motion_strength"":0.9938849437470311,""motion_reliability"":1.0,""motion_overlap"":0.0021393066573187625,""motion_available"":true,""evidence_score"":-0.566356579587569,""supported_bpm"":[51.0,52.0,53.0,54.0],""supported_relative_power"":[0.05301843411788583,0.05471658537241597,0.05379984779115742,0.0503314167235534]},{""bpm"":151.0,""relative_power"":0.10998839479519089,""peak_concentration"":0.07413863646834908,""prominence"":0.10869685526174198,""period_correlation"":-0.4305868697481139,""split_period_correlation"":-0.4109056002137077,""periodic_support"":0.0,""harmonic2_relative_power"":3.4432703659491646e-09,""harmonic3_relative_power"":4.2770987038369646e-12,""harmonic_support"":1.970078200686575e-05,""motion_profile"":0.0008060017874175322,""motion_strength"":0.9938849437470311,""motion_reliability"":1.0,""motion_overlap"":0.0008060017874175322,""motion_available"":true,""evidence_score"":-0.7735709486683322,""supported_bpm"":[148.0,149.0,150.0,151.0,152.0,153.0,154.0],""supported_relative_power"":[0.08700030592389944,0.09855406101888255,0.10644806686941825,0.10998839479519089,0.10891137078860456,0.1032129721160488,0.09382299259670647]},{""bpm"":115.0,""relative_power"":0.05566546485810387,""peak_concentration"":0.034074536626570756,""prominence"":0.0346396075909651,""period_correlation"":0.1794261921060606,""split_period_correlation"":0.1737070126055595,""periodic_support"":0.17799639723093533,""harmonic2_relative_power"":1.57995897022678e-05,""harmonic3_relative_power"":9.115077286849964e-11,""harmonic_support"":0.000938600474302409,""motion_profile"":0.0012061286802620486,""motion_strength"":0.9938849437470311,""motion_reliability"":1.0,""motion_overlap"":0.0012061286802620486,""motion_available"":true,""evidence_score"":-0.8157113941166702,""supported_bpm"":[113.0,114.0,115.0,116.0],""supported_relative_power"":[0.05070970722658114,0.054827241670826525,0.05566546485810387,0.05307788945129978]},{""bpm"":190.0,""relative_power"":0.06079824999168146,""peak_concentration"":0.03702773522856693,""prominence"":0.05952132956195172,""period_correlation"":-0.6653192825070481,""split_period_correlation"":-0.6448184276348108,""periodic_support"":0.0,""harmonic2_relative_power"":3.678686157830887e-11,""harmonic3_relative_power"":6.355836027031906e-13,""harmonic_support"":1.564320728704913e-06,""motion_profile"":0.6141484746746085,""motion_strength"":0.9938849437470311,""motion_reliability"":1.0,""motion_overlap"":0.6141484746746085,""motion_available"":true,""evidence_score"":-1.7477520247320655,""supported_bpm"":[188.0,189.0,190.0,191.0,192.0],""supported_relative_power"":[0.056503206945872804,0.06070643084954513,0.06079824999168146,0.057200888103887126,0.05066726752894457]}]",False,tracked,True,95.0,9.99999,19.99998,saved_v25_fallback_waveform_offline
15.999984,1.0,0.0,94.0,0.6269085537599786,True,candidate_only,94.0,94.0,94.0,0.66187891614174,1.1075603003736512,1.0,94.0,0.4713885812404358,0.09093179073762551,5,"[{""bpm"":94.0,""relative_power"":1.0,""peak_concentration"":0.6269085537599786,""prominence"":1.0,""period_correlation"":0.4858472929117756,""split_period_correlation"":0.42801244622641654,""periodic_support"":0.4713885812404358,""harmonic2_relative_power"":0.06605502035503372,""harmonic3_relative_power"":1.655055197030584e-10,""harmonic_support"":0.2570162151992924,""motion_profile"":0.09093179073762551,""motion_strength"":0.9940243402795236,""motion_reliability"":1.0,""motion_overlap"":0.09093179073762551,""motion_available"":true,""evidence_score"":0.66187891614174,""supported_bpm"":[91.0,92.0,93.0,94.0,95.0,96.0,97.0],""supported_relative_power"":[0.8009635819513556,0.9076791520185821,0.9769092739089251,1.0,0.9713590830934965,0.8981107912446571,0.7930222188904854]},{""bpm"":52.0,""relative_power"":0.07431476644536307,""peak_concentration"":0.03900189147823639,""prominence"":0.07337573098526493,""period_correlation"":0.3448206121397199,""split_period_correlation"":0.250398163314484,""periodic_support"":0.3212149999334109,""harmonic2_relative_power"":0.1259279857244021,""harmonic3_relative_power"":0.03560782750930026,""harmonic_support"":0.11474273961357986,""motion_profile"":0.0031637292952428515,""motion_strength"":0.9940243402795236,""motion_reliability"":1.0,""motion_overlap"":0.0031637292952428515,""motion_available"":true,""evidence_score"":-0.44568138423191117,""supported_bpm"":[50.0,51.0,52.0,53.0,54.0,55.0],""supported_relative_power"":[0.05904251573639526,0.06891603466529926,0.07431476644536307,0.07391021246996383,0.0671940390909716,0.05497184737254825]},{""bpm"":151.0,""relative_power"":0.06572015639106203,""peak_concentration"":0.043091138801583516,""prominence"":0.05352230962568263,""period_correlation"":-0.4536316843465784,""split_period_correlation"":-0.5253382186939801,""periodic_support"":0.0,""harmonic2_relative_power"":1.4807727193486595e-09,""harmonic3_relative_power"":1.0542729110946495e-11,""harmonic_support"":1.015625418751548e-05,""motion_profile"":0.0019649648275209654,""motion_strength"":0.9940243402795236,""motion_reliability"":1.0,""motion_overlap"":0.0019649648275209654,""motion_available"":true,""evidence_score"":-0.9552684119358077,""supported_bpm"":[148.0,149.0,150.0,151.0,152.0,153.0,154.0],""supported_relative_power"":[0.055932311737283066,0.061186414360155573,0.06462515849491404,0.06572015639106203,0.06413370351538497,0.059685136655918805,0.05285580578241006]},{""bpm"":131.0,""relative_power"":0.05467871261041312,""peak_concentration"":0.03520442670696463,""prominence"":0.02936636865521925,""period_correlation"":-0.21312882990634482,""split_period_correlation"":-0.31347038533650323,""periodic_support"":0.0,""harmonic2_relative_power"":6.423201630657751e-08,""harmonic3_relative_power"":3.4218645256559843e-11,""harmonic_support"":5.974192519620959e-05,""motion_profile"":0.00040933218715793817,""motion_strength"":0.9940243402795236,""motion_reliability"":1.0,""motion_overlap"":0.00040933218715793817,""motion_available"":true,""evidence_score"":-1.0176502073234663,""supported_bpm"":[130.0,131.0,132.0,133.0],""supported_relative_power"":[0.05244164843499156,0.05467871261041312,0.05420688527150481,0.05106874665155708]},{""bpm"":190.0,""relative_power"":0.07351690949983694,""peak_concentration"":0.04613086083956637,""prominence"":0.07339911951468778,""period_correlation"":-0.6396502733411048,""split_period_correlation"":-0.6417025117249298,""periodic_support"":0.0,""harmonic2_relative_power"":7.032246931117081e-12,""harmonic3_relative_power"":1.0463589167405412e-12,""harmonic_support"":8.160933080882282e-07,""motion_profile"":0.6217710029435661,""motion_strength"":0.9940243402795236,""motion_reliability"":1.0,""motion_overlap"":0.6217710029435661,""motion_available"":true,""evidence_score"":-1.6907968808865346,""supported_bpm"":[187.0,188.0,189.0,190.0,191.0,192.0,193.0],""supported_relative_power"":[0.05768004400313126,0.06605502035503372,0.07164807009846895,0.07351690949983694,0.0717592717622345,0.06677643481801201,0.05938073792007398]}]",False,tracked,True,94.0,10.999989,20.999979,saved_v25_fallback_waveform_offline
16.999983,1.0,0.0,93.0,0.5829176659315477,True,candidate_only,93.0,93.0,93.0,0.544636003175847,1.0784864673588994,1.0,93.0,0.3828444703497481,0.09170283722058106,4,"[{""bpm"":93.0,""relative_power"":1.0,""peak_concentration"":0.5829176659315477,""prominence"":1.0,""period_correlation"":0.4141405301611438,""split_period_correlation"":0.2889562909155609,""periodic_support"":0.3828444703497481,""harmonic2_relative_power"":0.05669640398388366,""harmonic3_relative_power"":5.335411266753764e-09,""harmonic_support"":0.2381356323168504,""motion_profile"":0.09170283722058106,""motion_strength"":0.9941551362297912,""motion_reliability"":1.0,""motion_overlap"":0.09170283722058106,""motion_available"":true,""evidence_score"":0.544636003175847,""supported_bpm"":[90.0,91.0,92.0,93.0,94.0,95.0,96.0],""supported_relative_power"":[0.7950175345710052,0.8977165973941831,0.9686510689672033,1.0,0.9879177819117171,0.9306803203400699,0.8366323026663205]},{""bpm"":54.0,""relative_power"":0.11710530894076863,""peak_concentration"":0.056151266872792524,""prominence"":0.10726327916371266,""period_correlation"":0.07961461564448642,""split_period_correlation"":0.2048234070014622,""periodic_support"":0.11091681348373036,""harmonic2_relative_power"":0.07676428082620541,""harmonic3_relative_power"":0.0009749317641167365,""harmonic_support"":0.09855275676458126,""motion_profile"":0.0030185042976280147,""motion_strength"":0.9941551362297912,""motion_reliability"":1.0,""motion_overlap"":0.0030185042976280147,""motion_available"":true,""evidence_score"":-0.5338504641830525,""supported_bpm"":[51.0,52.0,53.0,54.0,55.0,56.0,57.0],""supported_relative_power"":[0.08862903303653222,0.10671668590385565,0.11700856300763153,0.11710530894076863,0.10689488014851167,0.0887784248181512,0.06713737001943074]},{""bpm"":65.0,""relative_power"":0.06573515321853418,""peak_concentration"":0.033812869450636135,""prominence"":0.03546208894797588,""period_correlation"":-0.3544062528107975,""split_period_correlation"":-0.19115653517235492,""periodic_support"":0.0,""harmonic2_relative_power"":0.05744018996268233,""harmonic3_relative_power"":0.06075920075903832,""harmonic_support"":0.08356723953942645,""motion_profile"":0.0009525266459725813,""motion_strength"":0.9941551362297912,""motion_reliability"":1.0,""motion_overlap"":0.0009525266459725813,""motion_available"":true,""evidence_score"":-0.8703659227626566,""supported_bpm"":[63.0,64.0,65.0,66.0,67.0],""supported_relative_power"":[0.05454399225191879,0.0626965131100783,0.06573515321853418,0.06258781275522311,0.05480461596048051]},{""bpm"":191.0,""relative_power"":0.09316668384095726,""peak_concentration"":0.05407387302321569,""prominence"":0.09227848343749438,""period_correlation"":-0.6042192942929085,""split_period_correlation"":-0.5733139508108235,""periodic_support"":0.0,""harmonic2_relative_power"":5.2488955544537e-12,""harmonic3_relative_power"":1.7481169491235517e-12,""harmonic_support"":8.405496394706341e-07,""motion_profile"":0.41395628978597326,""motion_strength"":0.9941551362297912,""motion_reliability"":1.0,""motion_overlap"":0.41395628978597326,""motion_available"":true,""evidence_score"":-1.3481223034333136,""supported_bpm"":[188.0,189.0,190.0,191.0,192.0,193.0,194.0],""supported_relative_power"":[0.07736884780540362,0.08596524402586578,0.09150402376134645,0.09316668384095726,0.09049039500574951,0.08362426240652242,0.07331543079037907]}]",False,tracked,True,93.0,11.999988,21.999978,saved_v25_fallback_waveform_offline
17.999982,1.0,0.0,93.0,0.48821472712259106,True,candidate_only,93.0,93.0,93.0,0.5272767938858741,0.8353474347234496,1.0,93.0,0.35390633141542993,0.0896846514814258,6,"[{""bpm"":93.0,""relative_power"":1.0,""peak_concentration"":0.48821472712259106,""prominence"":1.0,""period_correlation"":0.40081838905156764,""split_period_correlation"":0.21317015850701682,""periodic_support"":0.35390633141542993,""harmonic2_relative_power"":0.06252790621935778,""harmonic3_relative_power"":7.2675481945905275e-09,""harmonic_support"":0.2500856436806835,""motion_profile"":0.0896846514814258,""motion_strength"":0.9942439719699707,""motion_reliability"":1.0,""motion_overlap"":0.0896846514814258,""motion_available"":true,""evidence_score"":0.5272767938858741,""supported_bpm"":[90.0,91.0,92.0,93.0,94.0,95.0,96.0],""supported_relative_power"":[0.8914681867166758,0.9573683899396932,0.995092810147586,1.0,0.9698318130200295,0.9030701845007161,0.8054051029295459]},{""bpm"":56.0,""relative_power"":0.2689353160799036,""peak_concentration"":0.13376611258575097,""prominence"":0.2663071103971118,""period_correlation"":-0.18583736953587368,""split_period_correlation"":-0.06942018982446395,""periodic_support"":0.0,""harmonic2_relative_power"":0.07445910189403646,""harmonic3_relative_power"":0.004020337957251407,""harmonic_support"":0.15301721356658626,""motion_profile"":0.0011506546131004939,""motion_strength"":0.9942439719699707,""motion_reliability"":1.0,""motion_overlap"":0.0011506546131004939,""motion_available"":true,""evidence_score"":-0.3080706408375755,""supported_bpm"":[53.0,54.0,55.0,56.0,57.0,58.0,59.0],""supported_relative_power"":[0.21894306604442537,0.24866113430915643,0.2653808211698002,0.2689353160799036,0.2619115631349929,0.24883060108401556,0.23509382613843247]},{""bpm"":110.0,""relative_power"":0.0931222053257241,""peak_concentration"":0.03854054875973528,""prominence"":0.05671670031190696,""period_correlation"":0.10154340532848759,""split_period_correlation"":-0.018715417264795947,""periodic_support"":0.07147869968016671,""harmonic2_relative_power"":0.00027048389119924116,""harmonic3_relative_power"":5.002043745920472e-10,""harmonic_support"":0.005021159149939468,""motion_profile"":0.0010680872845531078,""motion_strength"":0.9942439719699707,""motion_reliability"":1.0,""motion_overlap"":0.0010680872845531078,""motion_available"":true,""evidence_score"":-0.7485322947378091,""supported_bpm"":[107.0,108.0,109.0,110.0,111.0,112.0,113.0],""supported_relative_power"":[0.06610216513688913,0.08308668155873315,0.09290255934101538,0.0931222053257241,0.08596655469103058,0.07445910189403646,0.06205298950964439]},{""bpm"":134.0,""relative_power"":0.09421143119930658,""peak_concentration"":0.039012954417806604,""prominence"":0.06141862442612068,""period_correlation"":-0.2940447513970509,""split_period_correlation"":-0.2752181810770674,""periodic_support"":0.0,""harmonic2_relative_power"":1.9522000204161087e-08,""harmonic3_relative_power"":6.396402806781746e-12,""harmonic_support"":4.315754239172157e-05,""motion_profile"":0.00027772478585454244,""motion_strength"":0.9942439719699707,""motion_reliability"":1.0,""motion_overlap"":0.00027772478585454244,""motion_available"":true,""evidence_score"":-0.8270788124977984,""supported_bpm"":[131.0,132.0,133.0,134.0,135.0,136.0,137.0],""supported_relative_power"":[0.06872765174218955,0.08099908051689639,0.09017904213505819,0.09421143119930658,0.09184794295967055,0.08293986857166136,0.06856314075103652]},{""bpm"":121.0,""relative_power"":0.06380503067500277,""peak_concentration"":0.03139801472489619,""prominence"":0.02023639131931406,""period_correlation"":-0.10636575607170254,""split_period_correlation"":-0.15389768529948217,""periodic_support"":0.0,""harmonic2_relative_power"":1.5778312543331934e-06,""harmonic3_relative_power"":3.373008688222113e-11,""harmonic_support"":0.0003178044459988582,""motion_profile"":0.0003743057709073885,""motion_strength"":0.9942439719699707,""motion_reliability"":1.0,""motion_overlap"":0.0003743057709073885,""motion_available"":true,""evidence_score"":-0.9633232121297362,""supported_bpm"":[118.0,119.0,120.0,121.0,122.0,123.0,124.0],""supported_relative_power"":[0.05133581559826339,0.05710513566800435,0.061726319554242653,0.06380503067500277,0.06260306361309682,0.058199267521483806,0.05145861467092167]},{""bpm"":191.0,""relative_power"":0.12875677982378936,""peak_concentration"":0.05728923022044523,""prominence"":0.12730568313421284,""period_correlation"":-0.6169284076490072,""split_period_correlation"":-0.5505920821305993,""periodic_support"":0.0,""harmonic2_relative_power"":1.0849726839444716e-11,""harmonic3_relative_power"":1.4345548369050008e-12,""harmonic_support"":1.3323594554117486e-06,""motion_profile"":0.36057408379525846,""motion_strength"":0.9942439719699707,""motion_reliability"":1.0,""motion_overlap"":0.36057408379525846,""motion_available"":true,""evidence_score"":-1.1681568010843273,""supported_bpm"":[188.0,189.0,190.0,191.0,192.0,193.0,194.0],""supported_relative_power"":[0.09435476567631812,0.1099962814158218,0.12211748702399668,0.12875677982378936,0.1285385856742878,0.1210894006224317,0.1071660684286312]}]",False,tracked,True,93.0,12.999986999999999,22.999976999999998,saved_v25_fallback_waveform_offline
18.999981,1.0,0.0,92.0,0.3123587123709435,True,candidate_only,92.0,92.0,92.0,0.3518786015860989,0.13824450546481148,1.0,92.0,0.2704153793892937,0.08448897494655704,8,"[{""bpm"":92.0,""relative_power"":1.0,""peak_concentration"":0.3123587123709435,""prominence"":1.0,""period_correlation"":0.29687814034674737,""split_period_correlation"":0.1910270965169327,""periodic_support"":0.2704153793892937,""harmonic2_relative_power"":0.025597010775022407,""harmonic3_relative_power"":1.4568173996565992e-08,""harmonic_support"":0.1600329029410721,""motion_profile"":0.08448897494655704,""motion_strength"":0.9943175654622186,""motion_reliability"":1.0,""motion_overlap"":0.08448897494655704,""motion_available"":true,""evidence_score"":0.3518786015860989,""supported_bpm"":[89.0,90.0,91.0,92.0,93.0,94.0,95.0],""supported_relative_power"":[0.8665380610783183,0.9428746374551119,0.9906393360621584,1.0,0.96801284239405,0.8995670394440818,0.804841040001139]},{""bpm"":61.0,""relative_power"":0.8318244727796448,""peak_concentration"":0.28989339211506354,""prominence"":0.8135053061703738,""period_correlation"":-0.29874299962043327,""split_period_correlation"":-0.22823147375725222,""periodic_support"":0.0,""harmonic2_relative_power"":0.06410787254216203,""harmonic3_relative_power"":0.022062156180761967,""harmonic_support"":0.278339445692517,""motion_profile"":0.00020680707917016897,""motion_strength"":0.9943175654622186,""motion_reliability"":1.0,""motion_overlap"":0.00020680707917016897,""motion_available"":true,""evidence_score"":0.21363409612128742,""supported_bpm"":[58.0,59.0,60.0,61.0,62.0,63.0,64.0],""supported_relative_power"":[0.7898433490301249,0.8157606317595463,0.8294283852376976,0.8318244727796448,0.822574133623258,0.7998247820274214,0.7607749259922715]},{""bpm"":136.0,""relative_power"":0.16815026916163006,""peak_concentration"":0.03723837596057049,""prominence"":0.16015163989995412,""period_correlation"":-0.2334731749816973,""split_period_correlation"":-0.22240031029580215,""periodic_support"":0.0,""harmonic2_relative_power"":1.1340785728383816e-08,""harmonic3_relative_power"":5.296858138752287e-11,""harmonic_support"":4.471325152909871e-05,""motion_profile"":0.000709752821144521,""motion_strength"":0.9943175654622186,""motion_reliability"":1.0,""motion_overlap"":0.000709752821144521,""motion_available"":true,""evidence_score"":-0.6248565118007304,""supported_bpm"":[133.0,134.0,135.0,136.0,137.0,138.0,139.0],""supported_relative_power"":[0.11199382764507075,0.14099693820061523,0.16192214522272028,0.16815026916163006,0.15609602478418858,0.12701795935905313,0.08789121675138692]},{""bpm"":110.0,""relative_power"":0.12555875994909002,""peak_concentration"":0.022639969082796182,""prominence"":0.1092605867986984,""period_correlation"":0.0799408112175418,""split_period_correlation"":-0.02284489284521149,""periodic_support"":0.05424438520185348,""harmonic2_relative_power"":0.00042987027125970415,""harmonic3_relative_power"":5.479899900045589e-10,""harmonic_support"":0.007349601661745098,""motion_profile"":0.0011524435864001938,""motion_strength"":0.9943175654622186,""motion_reliability"":1.0,""motion_overlap"":0.0011524435864001938,""motion_available"":true,""evidence_score"":-0.6606656272259458,""supported_bpm"":[107.0,108.0,109.0,110.0,111.0,112.0],""supported_relative_power"":[0.06297001427756181,0.09886175669145911,0.12361808033844658,0.12555875994909002,0.10627088075653006,0.07361116939506934]},{""bpm"":147.0,""relative_power"":0.10129076987295689,""peak_concentration"":0.02141743702113589,""prominence"":0.08036481174248036,""period_correlation"":-0.325910760316046,""split_period_correlation"":-0.2898087513373976,""periodic_support"":0.0,""harmonic2_relative_power"":5.436025308844002e-09,""harmonic3_relative_power"":6.295052036256905e-11,""harmonic_support"":2.4349073473962513e-05,""motion_profile"":0.00023391916593863254,""motion_strength"":0.9943175654622186,""motion_reliability"":1.0,""motion_overlap"":0.00023391916593863254,""motion_available"":true,""evidence_score"":-0.8016840459049847,""supported_bpm"":[144.0,145.0,146.0,147.0,148.0,149.0],""supported_relative_power"":[0.058145503383726725,0.084556351634217,0.10088875909919943,0.10129076987295689,0.0867179671821866,0.06342627543134338]},{""bpm"":157.0,""relative_power"":0.09847899705232653,""peak_concentration"":0.023796528935768245,""prominence"":0.07287138998911441,""period_correlation"":-0.3981613886587993,""split_period_correlation"":-0.35066873971734014,""periodic_support"":0.0,""harmonic2_relative_power"":3.4075042682615284e-09,""harmonic3_relative_power"":1.4823223213657582e-11,""harmonic_support"":1.874137857006099e-05,""motion_profile"":0.001774386961582811,""motion_strength"":0.9943175654622186,""motion_reliability"":1.0,""motion_overlap"":0.001774386961582811,""motion_available"":true,""evidence_score"":-0.8134684358258529,""supported_bpm"":[154.0,155.0,156.0,157.0,158.0,159.0,160.0],""supported_relative_power"":[0.05929907997277737,0.07980997350490865,0.09398132473781444,0.09847899705232653,0.09333852537578251,0.0812446877530813,0.06609327015962338]},{""bpm"":192.0,""relative_power"":0.19024161106933027,""peak_concentration"":0.05037883872856907,""prominence"":0.1898402584662729,""period_correlation"":-0.5568320301215062,""split_period_correlation"":-0.5122947621840463,""periodic_support"":0.0,""harmonic2_relative_power"":1.8131410644536988e-10,""harmonic3_relative_power"":2.4858022746439903e-12,""harmonic_support"":6.113803482374096e-06,""motion_profile"":0.19375047063368253,""motion_strength"":0.9943175654622186,""motion_reliability"":1.0,""motion_overlap"":0.19375047063368253,""motion_available"":true,""evidence_score"":-0.8229931065997808,""supported_bpm"":[189.0,190.0,191.0,192.0,193.0,194.0,195.0],""supported_relative_power"":[0.13433240498103446,0.1614690161688357,0.18118700041622618,0.19024161106933027,0.18703136682574556,0.17195022306762908,0.14730740463152756]},{""bpm"":120.0,""relative_power"":0.08373097953016238,""peak_concentration"":0.017290488238173675,""prominence"":0.06541790192226837,""period_correlation"":-0.05879285357121683,""split_period_correlation"":-0.11251609127265819,""periodic_support"":0.0,""harmonic2_relative_power"":2.1047028256132594e-06,""harmonic3_relative_power"":8.456393002675139e-11,""harmonic_support"":0.00042072750604094843,""motion_profile"":0.0005969632110030131,""motion_strength"":0.9943175654622186,""motion_reliability"":1.0,""motion_overlap"":0.0005969632110030131,""motion_available"":true,""evidence_score"":-0.8683766619630044,""supported_bpm"":[118.0,119.0,120.0,121.0,122.0],""supported_relative_power"":[0.062396701663941276,0.078594333953768,0.08373097953016238,0.07777270489703421,0.06410787254216203]}]",False,tracked,True,92.0,13.999986,23.999976,saved_v25_fallback_waveform_offline
19.99998,1.0,0.0,63.0,0.3589809904621539,True,candidate_only,92.0,92.0,63.0,-0.29952416592987097,0.33645470258256993,0.3895794381164852,92.0,0.0886381246497086,0.07810576256723376,6,"[{""bpm"":63.0,""relative_power"":1.0,""peak_concentration"":0.3589809904621539,""prominence"":1.0,""period_correlation"":-0.1548346221733187,""split_period_correlation"":-0.21652410762307242,""periodic_support"":0.0,""harmonic2_relative_power"":0.002047259378459375,""harmonic3_relative_power"":0.06677883751341819,""harmonic_support"":0.13569225619412617,""motion_profile"":0.0002600935779618125,""motion_strength"":0.9943566040471926,""motion_reliability"":0.9366666666666666,""motion_overlap"":0.0002600935779618125,""motion_available"":true,""evidence_score"":0.1353671392216739,""supported_bpm"":[60.0,61.0,62.0,63.0,64.0,65.0,66.0],""supported_relative_power"":[0.8868644470774986,0.9531147242534374,0.9929451333092953,1.0,0.971772299966303,0.9098862467605133,0.818116246990479]},{""bpm"":81.0,""relative_power"":0.22566295113210388,""peak_concentration"":0.08017765839514021,""prominence"":0.04140574528831176,""period_correlation"":0.17623869934928632,""split_period_correlation"":0.1945442344919905,""periodic_support"":0.18081508313496236,""harmonic2_relative_power"":0.06625289110008865,""harmonic3_relative_power"":1.6168898791717424e-06,""harmonic_support"":0.12248497402313437,""motion_profile"":0.001135730384666994,""motion_strength"":0.9943566040471926,""motion_reliability"":0.9366666666666666,""motion_overlap"":0.001135730384666994,""motion_available"":true,""evidence_score"":-0.201087563360896,""supported_bpm"":[78.0,79.0,80.0,81.0,82.0,83.0,84.0],""supported_relative_power"":[0.16197293326352974,0.19274309044539223,0.21581399988891642,0.22566295113210388,0.22258366652325232,0.20989698934058787,0.1942852235826285]},{""bpm"":92.0,""relative_power"":0.3895794381164852,""peak_concentration"":0.12246875243977118,""prominence"":0.2987353022128705,""period_correlation"":0.0830625823213476,""split_period_correlation"":0.10536475163479167,""periodic_support"":0.0886381246497086,""harmonic2_relative_power"":0.0023881765442696937,""harmonic3_relative_power"":4.152343202387982e-08,""harmonic_support"":0.030546720094711183,""motion_profile"":0.07810576256723376,""motion_strength"":0.9943566040471926,""motion_reliability"":0.9366666666666666,""motion_overlap"":0.07810576256723376,""motion_available"":true,""evidence_score"":-0.29952416592987097,""supported_bpm"":[89.0,90.0,91.0,92.0,93.0,94.0,95.0],""supported_relative_power"":[0.2997039312213652,0.3471557404306714,0.38016853722121996,0.3895794381164852,0.37187504484520156,0.330236637331529,0.27340623668932845]},{""bpm"":148.0,""relative_power"":0.23250007986363552,""peak_concentration"":0.09077082255495104,""prominence"":0.23220244234822615,""period_correlation"":-0.12540450441756446,""split_period_correlation"":-0.12017915037782459,""periodic_support"":0.0,""harmonic2_relative_power"":1.0440570796766246e-08,""harmonic3_relative_power"":1.9257798739351112e-10,""harmonic_support"":5.161097029340424e-05,""motion_profile"":0.00024772403302887163,""motion_strength"":0.9943566040471926,""motion_reliability"":0.9366666666666666,""motion_overlap"":0.00024772403302887163,""motion_available"":true,""evidence_score"":-0.5108606927303398,""supported_bpm"":[145.0,146.0,147.0,148.0,149.0,150.0,151.0],""supported_relative_power"":[0.20453607654815004,0.2220286280745413,0.23205456278816605,0.23250007986363552,0.22468471863983805,0.21268937596461104,0.2015734105139742]},{""bpm"":193.0,""relative_power"":0.11800854883744098,""peak_concentration"":0.036350322298405534,""prominence"":0.11696292505576733,""period_correlation"":-0.472886009769675,""split_period_correlation"":-0.4969903071784717,""periodic_support"":0.0,""harmonic2_relative_power"":3.7491200750157206e-10,""harmonic3_relative_power"":1.432367116145764e-12,""harmonic_support"":6.7954248601993765e-06,""motion_profile"":0.12081816267923848,""motion_strength"":0.9943566040471926,""motion_reliability"":0.9366666666666666,""motion_overlap"":0.12081816267923848,""motion_available"":true,""evidence_score"":-0.8989652812022045,""supported_bpm"":[190.0,191.0,192.0,193.0,194.0,195.0,196.0],""supported_relative_power"":[0.08600285326681212,0.10226477008215236,0.11340130342775699,0.11800854883744098,0.11566666455621541,0.10694278806466258,0.09319801451081615]},{""bpm"":119.0,""relative_power"":0.06480234860454719,""peak_concentration"":0.01751094739022232,""prominence"":0.025822548234744308,""period_correlation"":-0.005679492861201101,""split_period_correlation"":0.03322985694450191,""periodic_support"":0.004047844590224651,""harmonic2_relative_power"":2.5042016268025157e-07,""harmonic3_relative_power"":2.484750650015247e-10,""harmonic_support"":0.0001287928854164854,""motion_profile"":0.0009225575225748009,""motion_strength"":0.9943566040471926,""motion_reliability"":0.9366666666666666,""motion_overlap"":0.0009225575225748009,""motion_available"":true,""evidence_score"":-0.9543164763027341,""supported_bpm"":[117.0,118.0,119.0,120.0],""supported_relative_power"":[0.053396369866742316,0.06274316023558804,0.06480234860454719,0.05728949530298468]}]",False,tracked,True,63.0,14.999984999999999,24.999975,saved_v25_fallback_waveform_offline
20.999979,1.0,0.0,64.0,0.32153018353828616,True,candidate_only,92.0,92.0,64.0,-0.7052484253849475,0.16719184817792093,0.15763186842451507,92.0,0.0,0.06993952540939068,6,"[{""bpm"":64.0,""relative_power"":1.0,""peak_concentration"":0.32153018353828616,""prominence"":1.0,""period_correlation"":-0.025177177380026484,""split_period_correlation"":-0.07492082596566524,""periodic_support"":0.0,""harmonic2_relative_power"":0.01486519191791841,""harmonic3_relative_power"":0.05188114482137161,""harmonic_support"":0.2016439083799338,""motion_profile"":0.0002052217279150281,""motion_strength"":0.9945480691326974,""motion_reliability"":0.8366666666666667,""motion_overlap"":0.0002052217279150281,""motion_available"":true,""evidence_score"":0.20138738122004002,""supported_bpm"":[61.0,62.0,63.0,64.0,65.0,66.0,67.0],""supported_relative_power"":[0.7538118141699154,0.8767856824687851,0.9634895386258725,1.0,0.9805454855230803,0.9056885474408012,0.7916063634088198]},{""bpm"":51.0,""relative_power"":0.2433636636993022,""peak_concentration"":0.09088625483862284,""prominence"":0.025253622159310735,""period_correlation"":0.25595431470107477,""split_period_correlation"":0.2535929544539244,""periodic_support"":0.2553639746392872,""harmonic2_relative_power"":0.0655996115154904,""harmonic3_relative_power"":0.5255739778144801,""harmonic_support"":0.25152457467074996,""motion_profile"":0.002887980123454359,""motion_strength"":0.9945480691326974,""motion_reliability"":0.8366666666666667,""motion_overlap"":0.002887980123454359,""motion_available"":true,""evidence_score"":0.03419553304211907,""supported_bpm"":[48.0,49.0,50.0,51.0,52.0,53.0,54.0],""supported_relative_power"":[0.17706219214686664,0.20742259429000878,0.23084141228047703,0.2433636636993022,0.24284830860702844,0.23323842768956962,0.22157050923200786]},{""bpm"":150.0,""relative_power"":0.5741580642122491,""peak_concentration"":0.2205193287593607,""prominence"":0.5679297029226581,""period_correlation"":-0.019189363413011685,""split_period_correlation"":-0.12409652301962568,""periodic_support"":0.0,""harmonic2_relative_power"":9.240361994753218e-09,""harmonic3_relative_power"":9.748452018783884e-12,""harmonic_support"":7.366641200584437e-05,""motion_profile"":0.0009099494778588332,""motion_strength"":0.9945480691326974,""motion_reliability"":0.8366666666666667,""motion_overlap"":0.0009099494778588332,""motion_available"":true,""evidence_score"":-0.19526146201787573,""supported_bpm"":[147.0,148.0,149.0,150.0,151.0,152.0,153.0],""supported_relative_power"":[0.5061195608365224,0.5394337616498616,0.5628920911562265,0.5741580642122491,0.5718412795247507,0.5556715679617965,0.5255739778144801]},{""bpm"":110.0,""relative_power"":0.21425205918300197,""peak_concentration"":0.08573848576768038,""prominence"":0.19952264377441567,""period_correlation"":-0.17184516259887955,""split_period_correlation"":-0.1378860083455101,""periodic_support"":0.0,""harmonic2_relative_power"":5.917233481334264e-05,""harmonic3_relative_power"":2.3347811033217667e-10,""harmonic_support"":0.003563064524721274,""motion_profile"":0.0010146445864888999,""motion_strength"":0.9945480691326974,""motion_reliability"":0.8366666666666667,""motion_overlap"":0.0010146445864888999,""motion_available"":true,""evidence_score"":-0.5369159798581564,""supported_bpm"":[107.0,108.0,109.0,110.0,111.0,112.0,113.0],""supported_relative_power"":[0.18866550504638688,0.20372729311669366,0.21197344734451126,0.21425205918300197,0.21340187973351718,0.21144667729116737,0.20940782750256512]},{""bpm"":92.0,""relative_power"":0.15763186842451507,""peak_concentration"":0.03554550853022708,""prominence"":0.14057591561030502,""period_correlation"":-0.07850390942700326,""split_period_correlation"":0.015400437933128203,""periodic_support"":0.0,""harmonic2_relative_power"":0.005255363864864082,""harmonic3_relative_power"":1.3824691421604028e-08,""harmonic_support"":0.02879850029145641,""motion_profile"":0.06993952540939068,""motion_strength"":0.9945480691326974,""motion_reliability"":0.8366666666666667,""motion_overlap"":0.06993952540939068,""motion_available"":true,""evidence_score"":-0.7052484253849475,""supported_bpm"":[89.0,90.0,91.0,92.0,93.0,94.0,95.0],""supported_relative_power"":[0.09647843847546825,0.13390027076046832,0.15612191900313302,0.15763186842451507,0.13935552547835356,0.10772693837962559,0.07235528828571335]},{""bpm"":196.0,""relative_power"":0.05632106237231705,""peak_concentration"":0.020670253755511365,""prominence"":0.05439783454259852,""period_correlation"":-0.37958960490318094,""split_period_correlation"":-0.4101583563043606,""periodic_support"":0.0,""harmonic2_relative_power"":3.2748665776231022e-12,""harmonic3_relative_power"":9.490581342649354e-12,""harmonic_support"":6.853573705226149e-07,""motion_profile"":0.026576509402352445,""motion_strength"":0.9945480691326974,""motion_reliability"":0.8366666666666667,""motion_overlap"":0.026576509402352445,""motion_available"":true,""evidence_score"":-1.040060297853468,""supported_bpm"":[193.0,194.0,195.0,196.0,197.0,198.0],""supported_relative_power"":[0.05361032022316148,0.05507760425781371,0.056175831539579946,0.05632106237231705,0.05448869791794831,0.050296072431772074]}]",False,tracked,True,64.0,15.999984,25.999973999999998,saved_v25_fallback_waveform_offline
21.999978,1.0,0.0,151.0,0.33842554967467275,True,candidate_only,92.0,92.0,65.0,-0.8593446630604821,0.346913671863956,0.10097374445677557,91.0,0.0,0.06095442663718473,5,"[{""bpm"":65.0,""relative_power"":0.8350215605794262,""peak_concentration"":0.23626294518748234,""prominence"":0.829749890497324,""period_correlation"":0.06325131588475409,""split_period_correlation"":0.13978423092547987,""periodic_support"":0.08238454464493554,""harmonic2_relative_power"":0.09159640139604149,""harmonic3_relative_power"":0.020103495655489696,""harmonic_support"":0.32190659192278853,""motion_profile"":0.00023073399787588842,""motion_strength"":0.9944759766958375,""motion_reliability"":0.7366666666666667,""motion_overlap"":0.00023073399787588842,""motion_available"":true,""evidence_score"":0.3491369668408708,""supported_bpm"":[62.0,63.0,64.0,65.0,66.0,67.0,68.0],""supported_relative_power"":[0.6350172428275995,0.7508891819149108,0.8204100353959483,0.8350215605794262,0.7926812072804249,0.707229289225278,0.5962511549143514]},{""bpm"":151.0,""relative_power"":1.0,""peak_concentration"":0.33842554967467275,""prominence"":1.0,""period_correlation"":0.03224837314749825,""split_period_correlation"":-0.08398476206934391,""periodic_support"":0.0031900893432877074,""harmonic2_relative_power"":2.248908131871455e-09,""harmonic3_relative_power"":9.467290664598837e-12,""harmonic_support"":4.8499567900227526e-05,""motion_profile"":0.001067442294881528,""motion_strength"":0.9944759766958375,""motion_reliability"":0.7366666666666667,""motion_overlap"":0.001067442294881528,""motion_available"":true,""evidence_score"":0.0022232949769147962,""supported_bpm"":[148.0,149.0,150.0,151.0,152.0,153.0,154.0],""supported_relative_power"":[0.9052546266285127,0.965194419053665,0.9978755588619393,1.0,0.9697161198740797,0.9054301091697424,0.8114368386720183]},{""bpm"":50.0,""relative_power"":0.17510529244532835,""peak_concentration"":0.04667292327323169,""prominence"":0.14621111229463102,""period_correlation"":0.26808589113517267,""split_period_correlation"":0.2388491869385516,""periodic_support"":0.2607767150860174,""harmonic2_relative_power"":0.01100757691161864,""harmonic3_relative_power"":0.9978755588619393,""harmonic_support"":0.1902070216680256,""motion_profile"":0.0022590991518695795,""motion_strength"":0.9944759766958375,""motion_reliability"":0.7366666666666667,""motion_overlap"":0.0022590991518695795,""motion_available"":true,""evidence_score"":-0.13559120088307697,""supported_bpm"":[47.0,48.0,49.0,50.0,51.0,52.0,53.0],""supported_relative_power"":[0.11948393663502024,0.14340265931831547,0.16345801027952048,0.17510529244532835,0.1735813038802702,0.15513354786002792,0.12269309480394082]},{""bpm"":114.0,""relative_power"":0.41310408794778597,""peak_concentration"":0.14349402551217363,""prominence"":0.3809994329233764,""period_correlation"":-0.21138443971528903,""split_period_correlation"":-0.2413507014164962,""periodic_support"":0.0,""harmonic2_relative_power"":7.877212296458158e-06,""harmonic3_relative_power"":6.212609834057554e-12,""harmonic_support"":0.0018044755043102457,""motion_profile"":0.0015929035012880038,""motion_strength"":0.9944759766958375,""motion_reliability"":0.7366666666666667,""motion_overlap"":0.0015929035012880038,""motion_available"":true,""evidence_score"":-0.30960614496832833,""supported_bpm"":[111.0,112.0,113.0,114.0,115.0,116.0,117.0],""supported_relative_power"":[0.3548995849334816,0.38730687904401145,0.40638322374810326,0.41310408794778597,0.4089618224693635,0.3953429829250425,0.3726416093660157]},{""bpm"":91.0,""relative_power"":0.10440885645034678,""peak_concentration"":0.024711302329261726,""prominence"":0.07215362341168702,""period_correlation"":-0.16459717708683913,""split_period_correlation"":-0.14093744531058489,""periodic_support"":0.0,""harmonic2_relative_power"":0.01020243076287541,""harmonic3_relative_power"":1.7288288458786735e-08,""harmonic_support"":0.03265264156711037,""motion_profile"":0.06095442663718473,""motion_strength"":0.9944759766958375,""motion_reliability"":0.7366666666666667,""motion_overlap"":0.06095442663718473,""motion_available"":true,""evidence_score"":-0.834344663060482,""supported_bpm"":[88.0,89.0,90.0,91.0,92.0,93.0,94.0],""supported_relative_power"":[0.05816269077224928,0.0785981513673229,0.0958819664717072,0.10440885645034678,0.10097374445677557,0.08591185499096796,0.06304040742347582]}]",False,tracked,True,151.0,16.999983,26.999972999999997,saved_v25_fallback_waveform_offline
22.999976999999998,1.0,0.0,151.0,0.3832726852501389,True,candidate_only,92.0,92.0,65.0,-0.9115985949492121,0.022301780685569345,0.08467682865734762,91.0,0.0,0.055244275956225906,6,"[{""bpm"":65.0,""relative_power"":0.5063568058120171,""peak_concentration"":0.16024024327982866,""prominence"":0.5051227996228244,""period_correlation"":0.07698868711643823,""split_period_correlation"":0.10287520741913363,""periodic_support"":0.08346031719211208,""harmonic2_relative_power"":0.12033171780540122,""harmonic3_relative_power"":0.004387429028967776,""harmonic_support"":0.2633384828479389,""motion_profile"":0.00034510335459610826,""motion_strength"":0.9946369453465205,""motion_reliability"":0.6366666666666667,""motion_overlap"":0.00034510335459610826,""motion_available"":true,""evidence_score"":0.11653365463656061,""supported_bpm"":[62.0,63.0,64.0,65.0,66.0,67.0,68.0],""supported_relative_power"":[0.38414411720485747,0.4556104574437055,0.49840000923006494,0.5063568058120171,0.4772078822767793,0.41915120238734344,0.34350347223355704]},{""bpm"":151.0,""relative_power"":1.0,""peak_concentration"":0.3832726852501389,""prominence"":1.0,""period_correlation"":0.10958898726536434,""split_period_correlation"":0.02058706065148508,""periodic_support"":0.08733850561189452,""harmonic2_relative_power"":9.865374286040648e-10,""harmonic3_relative_power"":4.645522954925189e-12,""harmonic_support"":3.216356501102751e-05,""motion_profile"":0.001498116629682987,""motion_strength"":0.9946369453465205,""motion_reliability"":0.6366666666666667,""motion_overlap"":0.001498116629682987,""motion_available"":true,""evidence_score"":0.09423187395099127,""supported_bpm"":[148.0,149.0,150.0,151.0,152.0,153.0,154.0],""supported_relative_power"":[0.8755255066322722,0.9501322827300547,0.9928435346729398,1.0,0.9708753494067353,0.9060267917268253,0.8123259391116886]},{""bpm"":115.0,""relative_power"":0.45546649038643644,""peak_concentration"":0.18000346076304977,""prominence"":0.4540770179740977,""period_correlation"":-0.21008197721783045,""split_period_correlation"":-0.2691468064500544,""periodic_support"":0.0,""harmonic2_relative_power"":2.570335535326388e-06,""harmonic3_relative_power"":7.773160877083745e-11,""harmonic_support"":0.0010840722457753664,""motion_profile"":0.0018604435436178702,""motion_strength"":0.9946369453465205,""motion_reliability"":0.6366666666666667,""motion_overlap"":0.0018604435436178702,""motion_available"":true,""evidence_score"":-0.2764930782605951,""supported_bpm"":[112.0,113.0,114.0,115.0,116.0,117.0,118.0],""supported_relative_power"":[0.38131765125208156,0.4213060050455328,0.44619045683614605,0.45546649038643644,0.45020892512898864,0.4317321441733714,0.4041624004295664]},{""bpm"":51.0,""relative_power"":0.07889629797876889,""peak_concentration"":0.0242285704107621,""prominence"":0.062342031694428555,""period_correlation"":0.34568169275369115,""split_period_correlation"":0.30936698496049964,""periodic_support"":0.33660301580539326,""harmonic2_relative_power"":0.00354131168372039,""harmonic3_relative_power"":0.9060267917268253,""harmonic_support"":0.11029167143816501,""motion_profile"":0.001131063660998626,""motion_strength"":0.9946369453465205,""motion_reliability"":0.6366666666666667,""motion_overlap"":0.001131063660998626,""motion_available"":true,""evidence_score"":-0.40972618118045073,""supported_bpm"":[48.0,49.0,50.0,51.0,52.0,53.0],""supported_relative_power"":[0.056705621465535365,0.06681529310374737,0.07529719083962243,0.07889629797876889,0.07420756172855839,0.061322172991698766]},{""bpm"":91.0,""relative_power"":0.0867491981422442,""peak_concentration"":0.033925967027677265,""prominence"":0.07732386171186992,""period_correlation"":-0.2629002801510491,""split_period_correlation"":-0.20675143910570257,""periodic_support"":0.0,""harmonic2_relative_power"":0.016738979645830564,""harmonic3_relative_power"":5.079965570517602e-09,""harmonic_support"":0.03811368622630553,""motion_profile"":0.055244275956225906,""motion_strength"":0.9946369453465205,""motion_reliability"":0.6366666666666667,""motion_overlap"":0.055244275956225906,""motion_available"":true,""evidence_score"":-0.8865985949492121,""supported_bpm"":[88.0,89.0,90.0,91.0,92.0,93.0,94.0],""supported_relative_power"":[0.07502341656393074,0.0809631329302734,0.08526372594942101,0.0867491981422442,0.08467682865734762,0.0789945062805653,0.07039471140291326]},{""bpm"":169.0,""relative_power"":0.05682730706030334,""peak_concentration"":0.020149478343635743,""prominence"":0.02406583898397347,""period_correlation"":-0.02261595486978436,""split_period_correlation"":-0.08333074764713289,""periodic_support"":0.0,""harmonic2_relative_power"":1.6615322000363832e-10,""harmonic3_relative_power"":1.283889312557995e-12,""harmonic_support"":3.1673291343083964e-06,""motion_profile"":0.006648228363219455,""motion_strength"":0.9946369453465205,""motion_reliability"":0.6366666666666667,""motion_overlap"":0.006648228363219455,""motion_available"":true,""evidence_score"":-1.0120155268622777,""supported_bpm"":[167.0,168.0,169.0,170.0],""supported_relative_power"":[0.05019647115898166,0.055325459861551254,0.05682730706030334,0.054587092222347595]}]",False,tracked,True,151.0,17.999982,27.999972,saved_v25_fallback_waveform_offline
23.999976,1.0,0.0,151.0,0.36699914354887647,True,candidate_only,93.0,93.0,151.0,-0.8627275077923424,0.09881452312321365,0.10746631909980801,94.0,0.0,0.06991892117260431,4,"[{""bpm"":151.0,""relative_power"":1.0,""peak_concentration"":0.36699914354887647,""prominence"":1.0,""period_correlation"":0.06778835073206,""split_period_correlation"":0.03497105290315886,""periodic_support"":0.05958402627483471,""harmonic2_relative_power"":3.4823903834146135e-10,""harmonic3_relative_power"":5.758000347123659e-13,""harmonic_support"":1.892674911730479e-05,""motion_profile"":0.014133550525932419,""motion_strength"":0.9948463972394923,""motion_reliability"":0.8566666666666667,""motion_overlap"":0.014133550525932419,""motion_available"":true,""evidence_score"":0.04789441749401995,""supported_bpm"":[148.0,149.0,150.0,151.0,152.0,153.0,154.0],""supported_relative_power"":[0.8514492099938489,0.931561045466344,0.9825186795833688,1.0,0.9826586091853826,0.9305520452850279,0.8500179998283649]},{""bpm"":64.0,""relative_power"":0.3771967102223393,""peak_concentration"":0.12130057181813925,""prominence"":0.37564964862968997,""period_correlation"":0.032294068852881976,""split_period_correlation"":-0.013010267664398528,""periodic_support"":0.02096798472356185,""harmonic2_relative_power"":0.18030366219925908,""harmonic3_relative_power"":0.0012108653294496355,""harmonic_support"":0.2682671413660229,""motion_profile"":0.0008048581991834401,""motion_strength"":0.9948463972394923,""motion_reliability"":0.8566666666666667,""motion_overlap"":0.0008048581991834401,""motion_available"":true,""evidence_score"":-0.0509201056291937,""supported_bpm"":[61.0,62.0,63.0,64.0,65.0,66.0,67.0],""supported_relative_power"":[0.3008104326525423,0.3440043556569449,0.3711770257453345,0.3771967102223393,0.36046626988507,0.3222561278843088,0.2700402378696488]},{""bpm"":116.0,""relative_power"":0.4823922003300281,""peak_concentration"":0.1869316880999229,""prominence"":0.4562711274567299,""period_correlation"":-0.19440276587172425,""split_period_correlation"":-0.205704229952736,""periodic_support"":0.0,""harmonic2_relative_power"":6.701021815240518e-07,""harmonic3_relative_power"":2.0685411795639838e-10,""harmonic_support"":0.0005720488382030648,""motion_profile"":0.0038815843772973496,""motion_strength"":0.9948463972394923,""motion_reliability"":0.8566666666666667,""motion_overlap"":0.0038815843772973496,""motion_available"":true,""evidence_score"":-0.2594291623929058,""supported_bpm"":[113.0,114.0,115.0,116.0,117.0,118.0,119.0],""supported_relative_power"":[0.4204820649074758,0.4539613818853589,0.4749263396806835,0.4823922003300281,0.47563257071513326,0.45762108051417627,0.4311956227210878]},{""bpm"":94.0,""relative_power"":0.10793256133258683,""peak_concentration"":0.03930340952631061,""prominence"":0.08351347999555982,""period_correlation"":-0.29961519453860413,""split_period_correlation"":-0.2569063619306656,""periodic_support"":0.0,""harmonic2_relative_power"":0.007710100454532258,""harmonic3_relative_power"":8.836539457369347e-09,""harmonic_support"":0.0288581813242945,""motion_profile"":0.06991892117260431,""motion_strength"":0.9948463972394923,""motion_reliability"":0.8566666666666667,""motion_overlap"":0.06991892117260431,""motion_available"":true,""evidence_score"":-0.8377275077923424,""supported_bpm"":[91.0,92.0,93.0,94.0,95.0,96.0,97.0],""supported_relative_power"":[0.09684687083633131,0.10346689908191382,0.10746631909980801,0.10793256133258683,0.10401382733095384,0.09582825729996812,0.08412871910029247]}]",False,tracked,True,151.0,18.999981,28.999971,saved_v25_fallback_waveform_offline
24.999975,0.9933333333333333,0.006666666666666667,151.0,0.32346921992887007,True,candidate_only,93.0,94.0,151.0,-0.518991118446227,0.003344068178255867,0.2126656422375162,94.0,0.05443182024366591,0.06574717492233043,5,"[{""bpm"":151.0,""relative_power"":1.0,""peak_concentration"":0.32346921992887007,""prominence"":1.0,""period_correlation"":-0.042604185323385675,""split_period_correlation"":-0.10371857435729122,""periodic_support"":0.0,""harmonic2_relative_power"":2.109488257772295e-07,""harmonic3_relative_power"":4.211718928880856e-07,""harmonic_support"":0.0006864338078103492,""motion_profile"":0.011603089225726115,""motion_strength"":0.9949444466116614,""motion_reliability"":0.8133333333333334,""motion_overlap"":0.011603089225726115,""motion_available"":true,""evidence_score"":-0.013817427724347294,""supported_bpm"":[148.0,149.0,150.0,151.0,152.0,153.0,154.0],""supported_relative_power"":[0.8732951275940819,0.9441818484152876,0.986678722954019,1.0,0.986430264053509,0.9489100335368407,0.8928903086867087]},{""bpm"":63.0,""relative_power"":0.3653573248325177,""peak_concentration"":0.11237088283018405,""prominence"":0.3568485482909064,""period_correlation"":-0.22051489201016666,""split_period_correlation"":-0.2880421426186252,""periodic_support"":0.0,""harmonic2_relative_power"":0.27727788923552316,""harmonic3_relative_power"":0.007701195880393722,""harmonic_support"":0.33685073561253126,""motion_profile"":0.0012835442138943855,""motion_strength"":0.9949444466116614,""motion_reliability"":0.8133333333333334,""motion_overlap"":0.0012835442138943855,""motion_available"":true,""evidence_score"":-0.01716149590260316,""supported_bpm"":[60.0,61.0,62.0,63.0,64.0,65.0,66.0],""supported_relative_power"":[0.31270828136574796,0.33677395942212535,0.35540877615732597,0.3653573248325177,0.3630293350597442,0.345482405902708,0.3105606710956234]},{""bpm"":114.0,""relative_power"":0.47908494390704653,""peak_concentration"":0.16104317499372234,""prominence"":0.3987500438998424,""period_correlation"":-0.010871082324520777,""split_period_correlation"":0.020447197256217117,""periodic_support"":0.0,""harmonic2_relative_power"":1.6740246725944768e-05,""harmonic3_relative_power"":4.546646089198707e-07,""harmonic_support"":0.002995310759637073,""motion_profile"":0.00314412801526818,""motion_strength"":0.9949444466116614,""motion_reliability"":0.8133333333333334,""motion_overlap"":0.00314412801526818,""motion_available"":true,""evidence_score"":-0.25849192573913193,""supported_bpm"":[111.0,112.0,113.0,114.0,115.0,116.0,117.0],""supported_relative_power"":[0.40014759848297465,0.4423427563457823,0.4684015404424918,0.47908494390704653,0.4782395478430275,0.4712193489575634,0.4631057773851931]},{""bpm"":94.0,""relative_power"":0.22854568844043174,""peak_concentration"":0.05759390235450046,""prominence"":0.16266485877229309,""period_correlation"":0.04237075101826223,""split_period_correlation"":0.09061502791987697,""periodic_support"":0.05443182024366591,""harmonic2_relative_power"":0.008808191687719269,""harmonic3_relative_power"":1.1707249758271483e-07,""harmonic_support"":0.044924546667059584,""motion_profile"":0.06574717492233043,""motion_strength"":0.9949444466116614,""motion_reliability"":0.8133333333333334,""motion_overlap"":0.06574717492233043,""motion_available"":true,""evidence_score"":-0.493991118446227,""supported_bpm"":[91.0,92.0,93.0,94.0,95.0,96.0,97.0],""supported_relative_power"":[0.14098124926206632,0.18177229084350474,0.2126656422375162,0.22854568844043174,0.22642312662209516,0.20891871828843298,0.18134030101895385]},{""bpm"":82.0,""relative_power"":0.06467886217925017,""peak_concentration"":0.014732652631160817,""prominence"":0.04275551906498168,""period_correlation"":0.1794117039601176,""split_period_correlation"":0.21407356901200986,""periodic_support"":0.18807717022309067,""harmonic2_relative_power"":0.1681969420143539,""harmonic3_relative_power"":5.996462228090058e-06,""harmonic_support"":0.10451939298877419,""motion_profile"":0.0426620050885537,""motion_strength"":0.9949444466116614,""motion_reliability"":0.8133333333333334,""motion_overlap"":0.0426620050885537,""motion_available"":true,""evidence_score"":-0.700335518714995,""supported_bpm"":[81.0,82.0,83.0,84.0],""supported_relative_power"":[0.05889578636425244,0.06467886217925017,0.06249555851177127,0.05253916604506232]}]",False,tracked,True,151.0,19.99998,29.999969999999998,saved_v25_fallback_waveform_offline
25.999973999999998,0.9933333333333333,0.006666666666666667,149.0,0.22897236812772576,True,candidate_only,93.0,94.0,94.0,0.24623346920583497,0.22938634313030834,0.7072634593096639,94.0,0.2873700807195313,0.05752604339107647,8,"[{""bpm"":94.0,""relative_power"":0.7722434184486907,""peak_concentration"":0.13622553209403623,""prominence"":0.7469074629430213,""period_correlation"":0.33084335191290276,""split_period_correlation"":0.15695026713941693,""periodic_support"":0.2873700807195313,""harmonic2_relative_power"":0.017661388384602704,""harmonic3_relative_power"":5.2940951703877e-06,""harmonic_support"":0.11749334907808442,""motion_profile"":0.05752604339107647,""motion_strength"":0.9950164656601992,""motion_reliability"":0.7133333333333334,""motion_overlap"":0.05752604339107647,""motion_available"":true,""evidence_score"":0.27123346920583496,""supported_bpm"":[91.0,92.0,93.0,94.0,95.0,96.0,97.0],""supported_relative_power"":[0.42168616393627695,0.5812999466247695,0.7072634593096639,0.7722434184486907,0.75924521028729,0.6786352345089572,0.5544659453165248]},{""bpm"":63.0,""relative_power"":0.40133078056568383,""peak_concentration"":0.09555199799242366,""prominence"":0.39946883327987354,""period_correlation"":-0.5301840720103028,""split_period_correlation"":-0.4716652065636041,""periodic_support"":0.0,""harmonic2_relative_power"":0.2805292511288491,""harmonic3_relative_power"":0.016596636983508828,""harmonic_support"":0.364101595576487,""motion_profile"":0.0021721708956038872,""motion_strength"":0.9950164656601992,""motion_reliability"":0.7133333333333334,""motion_overlap"":0.0021721708956038872,""motion_available"":true,""evidence_score"":0.041847126075526625,""supported_bpm"":[60.0,61.0,62.0,63.0,64.0,65.0,66.0],""supported_relative_power"":[0.3257016380946309,0.3615565835256013,0.3892191417232049,0.40133078056568383,0.3941528140017182,0.36842857967088527,0.32802392182796875]},{""bpm"":82.0,""relative_power"":0.23566910650171735,""peak_concentration"":0.0391451053808856,""prominence"":0.17954208302301566,""period_correlation"":0.3371226310881481,""split_period_correlation"":0.2928940787962869,""periodic_support"":0.32606549301518284,""harmonic2_relative_power"":0.20737807830341862,""harmonic3_relative_power"":0.00036802384475675184,""harmonic_support"":0.22433104395308817,""motion_profile"":0.03789546581924563,""motion_strength"":0.9950164656601992,""motion_reliability"":0.7133333333333334,""motion_overlap"":0.03789546581924563,""motion_available"":true,""evidence_score"":0.02976946188059154,""supported_bpm"":[79.0,80.0,81.0,82.0,83.0,84.0,85.0],""supported_relative_power"":[0.12290820191172784,0.17258633935006598,0.21347538884438166,0.23566910650171735,0.2317438317851351,0.200178922301378,0.14822997990443038]},{""bpm"":110.0,""relative_power"":0.5579288001615189,""peak_concentration"":0.11213580760298451,""prominence"":0.4452636761188694,""period_correlation"":0.2173444037621717,""split_period_correlation"":0.09860017670000834,""periodic_support"":0.18765834699663086,""harmonic2_relative_power"":0.0009461797166650541,""harmonic3_relative_power"":4.764421476839683e-05,""harmonic_support"":0.02478061781702891,""motion_profile"":0.011743577404220483,""motion_strength"":0.9950164656601992,""motion_reliability"":0.7133333333333334,""motion_overlap"":0.011743577404220483,""motion_available"":true,""evidence_score"":0.012291954701387975,""supported_bpm"":[107.0,108.0,109.0,110.0,111.0,112.0,113.0],""supported_relative_power"":[0.34373814098665073,0.4492701739295494,0.5269194790872191,0.5579288001615189,0.5436935484868423,0.4942348864351359,0.4278373087713872]},{""bpm"":149.0,""relative_power"":1.0,""peak_concentration"":0.22897236812772576,""prominence"":1.0,""period_correlation"":-0.19636316123372088,""split_period_correlation"":-0.028719993237239616,""periodic_support"":0.0,""harmonic2_relative_power"":1.9064424457632815e-05,""harmonic3_relative_power"":3.39958154196108e-05,""harmonic_support"":0.006406990252476749,""motion_profile"":0.01017847688603455,""motion_strength"":0.9950164656601992,""motion_reliability"":0.7133333333333334,""motion_overlap"":0.01017847688603455,""motion_available"":true,""evidence_score"":-0.0063161058550664385,""supported_bpm"":[146.0,147.0,148.0,149.0,150.0,151.0,152.0],""supported_relative_power"":[0.7612205863790698,0.8958859663405824,0.9796990088729592,1.0,0.9607142004273389,0.8814028212988747,0.7909187310964833]},{""bpm"":121.0,""relative_power"":0.47397156033972354,""peak_concentration"":0.11410983714581067,""prominence"":0.16148267118502935,""period_correlation"":0.12536227421862073,""split_period_correlation"":0.11167398603110044,""periodic_support"":0.12194020217174066,""harmonic2_relative_power"":0.00048554150539337773,""harmonic3_relative_power"":5.671446242923945e-05,""harmonic_support"":0.01698477325761608,""motion_profile"":0.002063692800658617,""motion_strength"":0.9950164656601992,""motion_reliability"":0.7133333333333334,""motion_overlap"":0.002063692800658617,""motion_available"":true,""evidence_score"":-0.11277340578392306,""supported_bpm"":[118.0,119.0,120.0,121.0,122.0,123.0,124.0],""supported_relative_power"":[0.37217341030470275,0.41678530821560433,0.45388759266695483,0.47397156033972354,0.47200701811536794,0.4473891887146249,0.4022659454071876]},{""bpm"":158.0,""relative_power"":0.7491444914018561,""peak_concentration"":0.18626898866782107,""prominence"":0.061236116213812974,""period_correlation"":-0.3068689901693621,""split_period_correlation"":-0.12649472599706005,""periodic_support"":0.0,""harmonic2_relative_power"":5.219717357613332e-05,""harmonic3_relative_power"":2.5734291640411333e-06,""harmonic_support"":0.006739224345194098,""motion_profile"":0.060406969706829315,""motion_strength"":0.9950164656601992,""motion_reliability"":0.7133333333333334,""motion_overlap"":0.060406969706829315,""motion_available"":true,""evidence_score"":-0.16985767836622473,""supported_bpm"":[155.0,156.0,157.0,158.0,159.0,160.0,161.0],""supported_relative_power"":[0.6925517906808523,0.7193023654102505,0.7455502143344356,0.7491444914018561,0.715599442328045,0.6408777631602942,0.5341906721678172]},{""bpm"":173.0,""relative_power"":0.21051195724458213,""peak_concentration"":0.04496337857145233,""prominence"":0.11717045934205858,""period_correlation"":-0.46158704648687204,""split_period_correlation"":-0.2931516856553491,""periodic_support"":0.0,""harmonic2_relative_power"":4.265449138177387e-05,""harmonic3_relative_power"":4.801081982103198e-06,""harmonic_support"":0.003348409689871762,""motion_profile"":0.485620121573488,""motion_strength"":0.9950164656601992,""motion_reliability"":0.7133333333333334,""motion_overlap"":0.485620121573488,""motion_available"":true,""evidence_score"":-1.1490512304882405,""supported_bpm"":[170.0,171.0,172.0,173.0,174.0,175.0,176.0],""supported_relative_power"":[0.15756672265219746,0.18390270476875076,0.2027824121431996,0.21051195724458213,0.20539273139210198,0.1869846533751164,0.15900949872826806]}]",False,tracked,True,149.0,20.999979,30.999969,saved_v25_fallback_waveform_offline
26.999972999999997,0.98,0.02,94.0,0.37287031927407566,True,candidate_only,93.0,94.0,94.0,0.47358102316925643,0.6317933910411858,0.9641839546692046,94.0,0.35089609209738826,0.0,8,"[{""bpm"":94.0,""relative_power"":1.0,""peak_concentration"":0.37287031927407566,""prominence"":1.0,""period_correlation"":0.41794138097539474,""split_period_correlation"":0.14976022546336873,""periodic_support"":0.35089609209738826,""harmonic2_relative_power"":0.011914990888651887,""harmonic3_relative_power"":9.657339465051917e-05,""harmonic_support"":0.11259532186212934,""motion_profile"":0.0,""motion_strength"":null,""motion_reliability"":0.0,""motion_overlap"":0.0,""motion_available"":false,""evidence_score"":0.49858102316925645,""supported_bpm"":[91.0,92.0,93.0,94.0,95.0,96.0,97.0],""supported_relative_power"":[0.7486083781772115,0.8729552304733598,0.9641839546692046,1.0,0.9630274018895629,0.8578443519806392,0.7032388786559803]},{""bpm"":107.0,""relative_power"":0.3216345886930595,""peak_concentration"":0.0986327586939067,""prominence"":0.2516113515884978,""period_correlation"":0.2625898193216359,""split_period_correlation"":0.08741385915339206,""periodic_support"":0.21879582927957494,""harmonic2_relative_power"":0.0013510420733826348,""harmonic3_relative_power"":0.00013254900029357537,""harmonic_support"":0.02313093836455634,""motion_profile"":0.0,""motion_strength"":null,""motion_reliability"":0.0,""motion_overlap"":0.0,""motion_available"":false,""evidence_score"":-0.1332123678719294,""supported_bpm"":[104.0,105.0,106.0,107.0,108.0,109.0,110.0],""supported_relative_power"":[0.1489421415530178,0.2217758012417325,0.2857674895961223,0.3216345886930595,0.31902758856740787,0.2784267365756724,0.21091831612606407]},{""bpm"":51.0,""relative_power"":0.1250686583298314,""peak_concentration"":0.05020490013511898,""prominence"":0.09300959888349139,""period_correlation"":0.2925527734935922,""split_period_correlation"":0.31084371290004686,""periodic_support"":0.2971255083452059,""harmonic2_relative_power"":0.07002323710456172,""harmonic3_relative_power"":0.05439418084633019,""harmonic_support"":0.12245077021066313,""motion_profile"":0.0,""motion_strength"":null,""motion_reliability"":0.0,""motion_overlap"":0.0,""motion_available"":false,""evidence_score"":-0.27832351965112206,""supported_bpm"":[48.0,49.0,50.0,51.0,52.0,53.0,54.0],""supported_relative_power"":[0.10848485448858113,0.11819098902533659,0.12464520433799907,0.1250686583298314,0.11708659267765503,0.10160180836313226,0.08104483582570064]},{""bpm"":148.0,""relative_power"":0.36955599870703637,""peak_concentration"":0.10548656882713763,""prominence"":0.36695748351738117,""period_correlation"":-0.30886817843365083,""split_period_correlation"":-0.07563277249594905,""periodic_support"":0.0,""harmonic2_relative_power"":0.000181142729231841,""harmonic3_relative_power"":0.00016856156944241636,""harmonic_support"":0.010944238110716945,""motion_profile"":0.0,""motion_strength"":null,""motion_reliability"":0.0,""motion_overlap"":0.0,""motion_available"":false,""evidence_score"":-0.33746431098596125,""supported_bpm"":[145.0,146.0,147.0,148.0,149.0,150.0,151.0],""supported_relative_power"":[0.22720822351349212,0.3086064847653917,0.3604078240267617,0.36955599870703637,0.33396749860118613,0.26363952734376966,0.1780197485703631]},{""bpm"":159.0,""relative_power"":0.29443255008056246,""peak_concentration"":0.0863943482471189,""prominence"":0.24335970257539974,""period_correlation"":-0.43027160352706934,""split_period_correlation"":-0.19031902503395515,""periodic_support"":0.0,""harmonic2_relative_power"":0.00016646763892025102,""harmonic3_relative_power"":1.0117262730427735e-05,""harmonic_support"":0.007605040841386067,""motion_profile"":0.0,""motion_strength"":null,""motion_reliability"":0.0,""motion_overlap"":0.0,""motion_available"":false,""evidence_score"":-0.4203418260960057,""supported_bpm"":[156.0,157.0,158.0,159.0,160.0,161.0,162.0],""supported_relative_power"":[0.14727833522821923,0.21449288083589155,0.2684551487728706,0.29443255008056246,0.284888944572875,0.24265576720568527,0.18169018689334807]},{""bpm"":64.0,""relative_power"":0.1364363476126817,""peak_concentration"":0.04682724688651768,""prominence"":0.12220926210444372,""period_correlation"":-0.5102899769513212,""split_period_correlation"":-0.3573480442872388,""periodic_support"":0.0,""harmonic2_relative_power"":0.05369708250352721,""harmonic3_relative_power"":0.0061420711210733855,""harmonic_support"":0.09572531252011873,""motion_profile"":0.0,""motion_strength"":null,""motion_reliability"":0.0,""motion_overlap"":0.0,""motion_available"":false,""evidence_score"":-0.6014386693204026,""supported_bpm"":[61.0,62.0,63.0,64.0,65.0,66.0,67.0],""supported_relative_power"":[0.09173343714369148,0.11461812410784808,0.13071723583907088,0.1364363476126817,0.13043772041751378,0.11349099370246055,0.09023888370017213]},{""bpm"":136.0,""relative_power"":0.1195092513567407,""peak_concentration"":0.029106978971556997,""prominence"":0.11284962835146778,""period_correlation"":-0.1536669590376327,""split_period_correlation"":0.023749954584818517,""periodic_support"":0.0,""harmonic2_relative_power"":1.3738481116647215e-05,""harmonic3_relative_power"":3.6598168302383475e-05,""harmonic_support"":0.002013335699422567,""motion_profile"":0.0,""motion_strength"":null,""motion_reliability"":0.0,""motion_overlap"":0.0,""motion_available"":false,""evidence_score"":-0.7415131869891459,""supported_bpm"":[134.0,135.0,136.0,137.0,138.0,139.0],""supported_relative_power"":[0.07566135005866856,0.10429287066453742,0.1195092513567407,0.11555309713394471,0.0922808821057742,0.05652718673953616]},{""bpm"":173.0,""relative_power"":0.11153885776657203,""peak_concentration"":0.03753016859351031,""prominence"":0.10824475200853774,""period_correlation"":-0.5480539567722682,""split_period_correlation"":-0.33505696870805884,""periodic_support"":0.0,""harmonic2_relative_power"":0.00014132384887322844,""harmonic3_relative_power"":1.474159792006887e-05,""harmonic_support"":0.004419077746246965,""motion_profile"":0.0,""motion_strength"":null,""motion_reliability"":0.0,""motion_overlap"":0.0,""motion_available"":false,""evidence_score"":-0.7632647092796455,""supported_bpm"":[170.0,171.0,172.0,173.0,174.0,175.0,176.0],""supported_relative_power"":[0.07873183820609829,0.0987560440880473,0.10994392174151882,0.11153885776657203,0.1046088385953518,0.09105476847889103,0.07422089037703887]}]",False,tracked,False,94.0,21.999978,31.999968,saved_v25_fallback_waveform_offline
27.999972,0.98,0.02,93.0,0.5364845219631244,True,candidate_only,93.0,94.0,93.0,0.5079201492963744,0.6426370298255957,1.0,93.0,0.40385633596995,0.0,5,"[{""bpm"":93.0,""relative_power"":1.0,""peak_concentration"":0.5364845219631244,""prominence"":1.0,""period_correlation"":0.4757512803096726,""split_period_correlation"":0.1881715029507822,""periodic_support"":0.40385633596995,""harmonic2_relative_power"":0.003283587500061434,""harmonic3_relative_power"":0.00033182096989358887,""harmonic_support"":0.06367817972942938,""motion_profile"":0.0,""motion_strength"":null,""motion_reliability"":0.0,""motion_overlap"":0.0,""motion_available"":false,""evidence_score"":0.5079201492963744,""supported_bpm"":[90.0,91.0,92.0,93.0,94.0,95.0,96.0],""supported_relative_power"":[0.8294552097680784,0.9093470791022528,0.9705020057472818,1.0,0.9877361910065107,0.9269013526649994,0.8249787003638954]},{""bpm"":49.0,""relative_power"":0.08531824039945528,""peak_concentration"":0.039296532907727444,""prominence"":0.08498021171503913,""period_correlation"":0.4553519993316692,""split_period_correlation"":0.33992005314124907,""periodic_support"":0.4264940127840642,""harmonic2_relative_power"":0.5623655902714055,""harmonic3_relative_power"":0.1423727370404302,""harmonic_support"":0.2576181586048466,""motion_profile"":0.0,""motion_strength"":null,""motion_reliability"":0.0,""motion_overlap"":0.0,""motion_available"":false,""evidence_score"":-0.13471688052922126,""supported_bpm"":[46.0,47.0,48.0,49.0,50.0,51.0,52.0],""supported_relative_power"":[0.07088369436576346,0.07941876271758208,0.08470348067262229,0.08531824039945528,0.08033244013622723,0.06962071601561286,0.05426711426286146]},{""bpm"":147.0,""relative_power"":0.1423727370404302,""peak_concentration"":0.05471988816114982,""prominence"":0.14105346303597774,""period_correlation"":-0.3452514348365527,""split_period_correlation"":-0.09291841129520084,""periodic_support"":0.0,""harmonic2_relative_power"":0.00028413858292264957,""harmonic3_relative_power"":0.00022309083002065356,""harmonic_support"":0.008332837608420619,""motion_profile"":0.0,""motion_strength"":null,""motion_reliability"":0.0,""motion_overlap"":0.0,""motion_available"":false,""evidence_score"":-0.6739245254871263,""supported_bpm"":[144.0,145.0,146.0,147.0,148.0,149.0,150.0],""supported_relative_power"":[0.08252376396663384,0.11073108652528892,0.132676347601619,0.1423727370404302,0.13712509474751167,0.11779097707212598,0.08874720232616048]},{""bpm"":160.0,""relative_power"":0.10150859306394858,""peak_concentration"":0.03901746087223571,""prominence"":0.08872851474563123,""period_correlation"":-0.4870312314659259,""split_period_correlation"":-0.21166213595940023,""periodic_support"":0.0,""harmonic2_relative_power"":0.00021952763888244279,""harmonic3_relative_power"":7.935875413437114e-05,""harmonic_support"":0.005713970347492353,""motion_profile"":0.0,""motion_strength"":null,""motion_reliability"":0.0,""motion_overlap"":0.0,""motion_available"":false,""evidence_score"":-0.7949501678268468,""supported_bpm"":[157.0,158.0,159.0,160.0,161.0,162.0,163.0],""supported_relative_power"":[0.06908706749692273,0.08905846850364992,0.10077316916416498,0.10150859306394858,0.09152763989851542,0.0746182413131145,0.05481620409318253]},{""bpm"":136.0,""relative_power"":0.06538883233115599,""peak_concentration"":0.028281959968788177,""prominence"":0.03709677676578589,""period_correlation"":-0.19311795668609055,""split_period_correlation"":-0.014318056094470705,""periodic_support"":0.0,""harmonic2_relative_power"":0.00020280458902396906,""harmonic3_relative_power"":6.554885610061447e-05,""harmonic_support"":0.0043661936972325425,""motion_profile"":0.0,""motion_strength"":null,""motion_reliability"":0.0,""motion_overlap"":0.0,""motion_available"":false,""evidence_score"":-0.9502251343996381,""supported_bpm"":[135.0,136.0,137.0,138.0],""supported_relative_power"":[0.06034019855728414,0.06538883233115599,0.0627175873463649,0.05312165297285082]}]",False,tracked,False,93.0,22.999976999999998,32.999967,saved_v25_fallback_waveform_offline
28.999971,0.9766666666666667,0.023333333333333334,92.0,0.5793987408012717,True,candidate_only,93.0,94.0,92.0,0.5486961663371815,0.7980039792458523,0.9982673605352728,92.0,0.47340511783348027,0.0,3,"[{""bpm"":92.0,""relative_power"":1.0,""peak_concentration"":0.5793987408012717,""prominence"":1.0,""period_correlation"":0.5411758892910205,""split_period_correlation"":0.2700928034608596,""periodic_support"":0.47340511783348027,""harmonic2_relative_power"":0.0019522209252301969,""harmonic3_relative_power"":0.000627372607231614,""harmonic_support"":0.05295053672035321,""motion_profile"":0.0,""motion_strength"":null,""motion_reliability"":0.0,""motion_overlap"":0.0,""motion_available"":false,""evidence_score"":0.5736961663371816,""supported_bpm"":[89.0,90.0,91.0,92.0,93.0,94.0,95.0],""supported_relative_power"":[0.8250531263792587,0.9074486179117304,0.9681603750682135,1.0,0.9982673605352728,0.9619925740822565,0.8928498964228091]},{""bpm"":49.0,""relative_power"":0.06107533232696514,""peak_concentration"":0.029812216776838322,""prominence"":0.05957773340202221,""period_correlation"":0.5204320792720692,""split_period_correlation"":0.40506656800078805,""periodic_support"":0.49159070145424894,""harmonic2_relative_power"":0.5895507468378112,""harmonic3_relative_power"":0.07484583929816928,""harmonic_support"":0.21341894268773076,""motion_profile"":0.0,""motion_strength"":null,""motion_reliability"":0.0,""motion_overlap"":0.0,""motion_available"":false,""evidence_score"":-0.22430781290867075,""supported_bpm"":[47.0,48.0,49.0,50.0,51.0],""supported_relative_power"":[0.05298296509073275,0.05868916209170913,0.06107533232696514,0.05942704904817178,0.053740022546552156]},{""bpm"":146.0,""relative_power"":0.07490315086935567,""peak_concentration"":0.04504254440033092,""prominence"":0.0642641108930114,""period_correlation"":-0.36912858790874076,""split_period_correlation"":-0.15531397694000587,""periodic_support"":0.0,""harmonic2_relative_power"":0.0003436746965757252,""harmonic3_relative_power"":0.0002426021628667336,""harmonic_support"":0.0065656770773056695,""motion_profile"":0.0,""motion_strength"":null,""motion_reliability"":0.0,""motion_overlap"":0.0,""motion_available"":false,""evidence_score"":-0.9004800855044405,""supported_bpm"":[143.0,144.0,145.0,146.0,147.0,148.0,149.0],""supported_relative_power"":[0.0630908419306316,0.06823672200746389,0.07252646157351267,0.07490315086935567,0.07484583929816928,0.07222292762036961,0.06733831009168162]}]",False,tracked,False,92.0,23.999976,33.999966,saved_v25_fallback_waveform_offline
29.999969999999998,0.9766666666666667,0.023333333333333334,93.0,0.6042214601067009,True,candidate_only,93.0,94.0,93.0,0.7641848670751744,1.2802276857500972,1.0,93.0,0.6195604884535195,0.0,3,"[{""bpm"":93.0,""relative_power"":1.0,""peak_concentration"":0.6042214601067009,""prominence"":1.0,""period_correlation"":0.6165752185233441,""split_period_correlation"":0.6285162982440456,""periodic_support"":0.6195604884535195,""harmonic2_relative_power"":0.005097501645187179,""harmonic3_relative_power"":0.0010371233087035504,""harmonic_support"":0.08266832977630287,""motion_profile"":0.0,""motion_strength"":null,""motion_reliability"":0.0,""motion_overlap"":0.0,""motion_available"":false,""evidence_score"":0.7641848670751744,""supported_bpm"":[90.0,91.0,92.0,93.0,94.0,95.0,96.0],""supported_relative_power"":[0.8842119720735531,0.9532735127705588,0.9934817852628092,1.0,0.9713915211774737,0.9080667569239931,0.8178645673347835]},{""bpm"":51.0,""relative_power"":0.055383896723830234,""peak_concentration"":0.03075105830576868,""prominence"":0.0515163465276108,""period_correlation"":0.3493992253118638,""split_period_correlation"":0.3030699104109037,""periodic_support"":0.3378168965866237,""harmonic2_relative_power"":0.20684368827103192,""harmonic3_relative_power"":0.047968311438193516,""harmonic_support"":0.12507183519791273,""motion_profile"":0.0,""motion_strength"":null,""motion_reliability"":0.0,""motion_overlap"":0.0,""motion_available"":false,""evidence_score"":-0.5160428186749229,""supported_bpm"":[50.0,51.0,52.0,53.0],""supported_relative_power"":[0.05254012229006984,0.055383896723830234,0.05509823407609875,0.05226300458034022]},{""bpm"":150.0,""relative_power"":0.050315046149182176,""peak_concentration"":0.03603645134491729,""prominence"":0.027425076867269905,""period_correlation"":-0.51930837121118,""split_period_correlation"":-0.4722446996815838,""periodic_support"":0.0,""harmonic2_relative_power"":0.00013263026001040213,""harmonic3_relative_power"":0.0001038512170650635,""harmonic_support"":0.0033833330676060714,""motion_profile"":0.0,""motion_strength"":null,""motion_reliability"":0.0,""motion_overlap"":0.0,""motion_available"":false,""evidence_score"":-1.0429245583695976,""supported_bpm"":[149.0,150.0,151.0],""supported_relative_power"":[0.05003637014438078,0.050315046149182176,0.0500944231652392]}]",False,tracked,False,93.0,24.999975,34.999964999999996,saved_v25_fallback_waveform_offline
30.999969,0.9733333333333334,0.02666666666666667,93.0,0.626196162578007,True,candidate_only,93.0,94.0,93.0,0.7701379590460755,1.614405946015819,1.0,93.0,0.6061371020537212,0.0,2,"[{""bpm"":93.0,""relative_power"":1.0,""peak_concentration"":0.626196162578007,""prominence"":1.0,""period_correlation"":0.613810359734978,""split_period_correlation"":0.5831173290099505,""periodic_support"":0.6061371020537212,""harmonic2_relative_power"":0.00821483548273978,""harmonic3_relative_power"":0.0013273358359877198,""harmonic_support"":0.10338714678698208,""motion_profile"":0.0,""motion_strength"":null,""motion_reliability"":0.0,""motion_overlap"":0.0,""motion_available"":false,""evidence_score"":0.7701379590460755,""supported_bpm"":[90.0,91.0,92.0,93.0,94.0,95.0,96.0],""supported_relative_power"":[0.8045540606623353,0.8998197336016562,0.9680281937667617,1.0,0.9902538162629889,0.935486462418882,0.8427357681803535]},{""bpm"":54.0,""relative_power"":0.07504804162362842,""peak_concentration"":0.045021121724840775,""prominence"":0.05483186861095288,""period_correlation"":-0.03948913147729352,""split_period_correlation"":0.12560715323824068,""periodic_support"":0.0017849397015900284,""harmonic2_relative_power"":0.03196221555961615,""harmonic3_relative_power"":0.013550759974755449,""harmonic_support"":0.06013796479466889,""motion_profile"":0.0,""motion_strength"":null,""motion_reliability"":0.0,""motion_overlap"":0.0,""motion_available"":false,""evidence_score"":-0.8442679869697435,""supported_bpm"":[51.0,52.0,53.0,54.0,55.0,56.0,57.0],""supported_relative_power"":[0.06095251512387851,0.06915510537951809,0.07401291258027548,0.07504804162362842,0.07233474883504472,0.06645665739858728,0.058374462105353436]}]",False,tracked,False,93.0,25.999973999999998,35.999964,saved_v25_fallback_waveform_offline
31.999968,0.9733333333333334,0.02666666666666667,94.0,0.6293017572450108,True,candidate_only,94.0,94.0,94.0,0.7787659689659941,1.4640668977581575,1.0,94.0,0.6199034809898092,0.0,2,"[{""bpm"":94.0,""relative_power"":1.0,""peak_concentration"":0.6293017572450108,""prominence"":1.0,""period_correlation"":0.6250864529243128,""split_period_correlation"":0.6043545651862985,""periodic_support"":0.6199034809898092,""harmonic2_relative_power"":0.007093599213427946,""harmonic3_relative_power"":0.001306023684410084,""harmonic_support"":0.09687213987720401,""motion_profile"":0.0,""motion_strength"":null,""motion_reliability"":0.0,""motion_overlap"":0.0,""motion_available"":false,""evidence_score"":0.7787659689659941,""supported_bpm"":[91.0,92.0,93.0,94.0,95.0,96.0,97.0],""supported_relative_power"":[0.7997501549033765,0.9049880620021981,0.9757596489618084,1.0,0.9678759998349514,0.883690367296698,0.7599827192266555]},{""bpm"":56.0,""relative_power"":0.11345797340805526,""peak_concentration"":0.07654461151938591,""prominence"":0.0878358559362874,""period_correlation"":-0.2592404513414822,""split_period_correlation"":-0.1915467025926068,""periodic_support"":0.0,""harmonic2_relative_power"":0.04293775145699955,""harmonic3_relative_power"":0.0031483737818891397,""harmonic_support"":0.076412047348652,""motion_profile"":0.0,""motion_strength"":null,""motion_reliability"":0.0,""motion_overlap"":0.0,""motion_available"":false,""evidence_score"":-0.6853009287921633,""supported_bpm"":[53.0,54.0,55.0,56.0,57.0,58.0,59.0],""supported_relative_power"":[0.09773347339170071,0.10806817283079742,0.11343146971966064,0.11345797340805526,0.10859847500831346,0.09998705406025406,0.08908516383505219]}]",False,tracked,False,94.0,26.999972999999997,36.999963,saved_v25_fallback_waveform_offline
32.999967,0.9733333333333334,0.02666666666666667,95.0,0.6086368583353893,True,candidate_only,95.0,95.0,95.0,0.741963062786662,1.2549384423306313,1.0,95.0,0.6286762109694607,0.0,3,"[{""bpm"":95.0,""relative_power"":1.0,""peak_concentration"":0.6086368583353893,""prominence"":1.0,""period_correlation"":0.6332483150678724,""split_period_correlation"":0.6149598986742254,""periodic_support"":0.6286762109694607,""harmonic2_relative_power"":0.0016384904901121844,""harmonic3_relative_power"":0.0008067156221593552,""harmonic_support"":0.050419230720255226,""motion_profile"":0.0,""motion_strength"":null,""motion_reliability"":0.0,""motion_overlap"":0.0,""motion_available"":false,""evidence_score"":0.741963062786662,""supported_bpm"":[92.0,93.0,94.0,95.0,96.0,97.0,98.0],""supported_relative_power"":[0.7621258269301436,0.8931540674704487,0.980135283164007,1.0,0.9484563660505214,0.8368404975251933,0.6844951502835199]},{""bpm"":57.0,""relative_power"":0.1739353356695801,""peak_concentration"":0.12427272597021125,""prominence"":0.16022416037568515,""period_correlation"":-0.34463035555102295,""split_period_correlation"":-0.29181786614998306,""periodic_support"":0.0,""harmonic2_relative_power"":0.03968652219934319,""harmonic3_relative_power"":0.012189761864921178,""harmonic_support"":0.09919970947926988,""motion_profile"":0.0,""motion_strength"":null,""motion_reliability"":0.0,""motion_overlap"":0.0,""motion_available"":false,""evidence_score"":-0.5129753795439692,""supported_bpm"":[54.0,55.0,56.0,57.0,58.0,59.0,60.0],""supported_relative_power"":[0.1376923925846622,0.15529408500771769,0.1677722293927691,0.1739353356695801,0.1733022704626052,0.16558225162839632,0.15249592562595846]},{""bpm"":179.0,""relative_power"":0.06509942429538786,""peak_concentration"":0.044104222665301694,""prominence"":0.06499278762926335,""period_correlation"":-0.7107290857019811,""split_period_correlation"":-0.6420224464936329,""periodic_support"":0.0,""harmonic2_relative_power"":0.0003902719040253739,""harmonic3_relative_power"":4.235170278174124e-05,""harmonic_support"":0.005621638837844256,""motion_profile"":0.0,""motion_strength"":null,""motion_reliability"":0.0,""motion_overlap"":0.0,""motion_available"":false,""evidence_score"":-0.9505222117805932,""supported_bpm"":[177.0,178.0,179.0,180.0,181.0,182.0],""supported_relative_power"":[0.056534770327026716,0.062251637517884324,0.06509942429538786,0.06483692710743531,0.06160508300004989,0.05572637204062799]}]",False,tracked,False,95.0,27.999972,37.999962,saved_v25_fallback_waveform_offline
33.999966,0.97,0.03,96.0,0.5789077536760336,True,candidate_only,95.0,95.0,96.0,0.7276147698618377,1.2174817935600102,0.9935315083884201,96.0,0.6376828398729079,0.0,3,"[{""bpm"":96.0,""relative_power"":1.0,""peak_concentration"":0.5789077536760336,""prominence"":1.0,""period_correlation"":0.6339952864899838,""split_period_correlation"":0.6487455000216799,""periodic_support"":0.6376828398729079,""harmonic2_relative_power"":0.0020137963059363713,""harmonic3_relative_power"":0.00032279811538013633,""harmonic_support"":0.05116364600163899,""motion_profile"":0.0,""motion_strength"":null,""motion_reliability"":0.0,""motion_overlap"":0.0,""motion_available"":false,""evidence_score"":0.7526147698618377,""supported_bpm"":[93.0,94.0,95.0,96.0,97.0,98.0,99.0],""supported_relative_power"":[0.7515552837279469,0.9050072988794647,0.9935315083884201,1.0,0.9278734032009749,0.7935465869862341,0.623625918376979]},{""bpm"":59.0,""relative_power"":0.2152259355490557,""peak_concentration"":0.15491627802940525,""prominence"":0.21494134505829104,""period_correlation"":-0.49208662748614357,""split_period_correlation"":-0.4323733261535277,""periodic_support"":0.0,""harmonic2_relative_power"":0.0021420491440745375,""harmonic3_relative_power"":0.09975822855933303,""harmonic_support"":0.07275640516379797,""motion_profile"":0.0,""motion_strength"":null,""motion_reliability"":0.0,""motion_overlap"":0.0,""motion_available"":false,""evidence_score"":-0.46486702369817245,""supported_bpm"":[56.0,57.0,58.0,59.0,60.0,61.0,62.0],""supported_relative_power"":[0.19002899796074288,0.2056056720181739,0.21463146340654068,0.2152259355490557,0.2076696626503693,0.19231871244115611,0.1701263185245724]},{""bpm"":180.0,""relative_power"":0.11891718584755012,""peak_concentration"":0.08188321067205183,""prominence"":0.11677513670347558,""period_correlation"":-0.7180914558108206,""split_period_correlation"":-0.6920444716295063,""periodic_support"":0.0,""harmonic2_relative_power"":0.00023937397793713343,""harmonic3_relative_power"":2.934811411015028e-05,""harmonic_support"":0.0059891772824578575,""motion_profile"":0.0,""motion_strength"":null,""motion_reliability"":0.0,""motion_overlap"":0.0,""motion_available"":false,""evidence_score"":-0.7392756036008558,""supported_bpm"":[177.0,178.0,179.0,180.0,181.0,182.0,183.0],""supported_relative_power"":[0.09975822855933303,0.11051642747977537,0.1173197818649173,0.11891718584755012,0.1147106164706394,0.10467524716905682,0.09019208796912409]}]",False,tracked,False,96.0,28.999971,38.999961,saved_v25_fallback_waveform_offline
34.999964999999996,0.9766666666666667,0.023333333333333334,96.0,0.5658345742754077,True,candidate_only,95.0,95.0,96.0,0.7092520459502182,1.2650764931369411,0.9620679873993329,96.0,0.6066072121767311,0.0,3,"[{""bpm"":96.0,""relative_power"":1.0,""peak_concentration"":0.5658345742754077,""prominence"":1.0,""period_correlation"":0.6037656340275207,""split_period_correlation"":0.6151319466243623,""periodic_support"":0.6066072121767311,""harmonic2_relative_power"":0.003916144511757076,""harmonic3_relative_power"":0.0001584006732681792,""harmonic_support"":0.06698411255581396,""motion_profile"":0.0,""motion_strength"":null,""motion_reliability"":0.0,""motion_overlap"":0.0,""motion_available"":false,""evidence_score"":0.7342520459502182,""supported_bpm"":[93.0,94.0,95.0,96.0,97.0,98.0,99.0],""supported_relative_power"":[0.6705921942169049,0.8445845611039662,0.9620679873993329,1.0,0.9555557689190468,0.8399776813553578,0.6769028005220081]},{""bpm"":60.0,""relative_power"":0.16422254612528364,""peak_concentration"":0.1307504018934737,""prominence"":0.1639957426061746,""period_correlation"":-0.4123273342041761,""split_period_correlation"":-0.4456948636015596,""periodic_support"":0.0,""harmonic2_relative_power"":0.013657018223685943,""harmonic3_relative_power"":0.14550857524086527,""harmonic_support"":0.10146202667639197,""motion_profile"":0.0,""motion_strength"":null,""motion_reliability"":0.0,""motion_overlap"":0.0,""motion_available"":false,""evidence_score"":-0.5308244471867231,""supported_bpm"":[57.0,58.0,59.0,60.0,61.0,62.0,63.0],""supported_relative_power"":[0.15547670053865167,0.159987856508705,0.16279972369292156,0.16422254612528364,0.16310104064470557,0.1574901394364557,0.14561823129681076]},{""bpm"":180.0,""relative_power"":0.14550857524086527,""peak_concentration"":0.10697870500177088,""prominence"":0.14285681955974575,""period_correlation"":-0.7061545231606846,""split_period_correlation"":-0.6999070832334517,""periodic_support"":0.0,""harmonic2_relative_power"":4.3553855830807604e-05,""harmonic3_relative_power"":7.966198527730474e-06,""harmonic_support"":0.002894254565201494,""motion_profile"":0.0,""motion_strength"":null,""motion_reliability"":0.0,""motion_overlap"":0.0,""motion_available"":false,""evidence_score"":-0.6717378356451753,""supported_bpm"":[177.0,178.0,179.0,180.0,181.0,182.0,183.0],""supported_relative_power"":[0.12505294353727592,0.13615156763998912,0.14325200929863693,0.14550857524086527,0.1424670602994778,0.13391333151258847,0.12068205118911675]}]",False,tracked,False,96.0,29.999969999999998,39.99996,saved_v25_fallback_waveform_offline
35.999964,0.9766666666666667,0.023333333333333334,96.0,0.5875036319467861,True,candidate_only,95.0,95.0,96.0,0.6475543630999033,1.168495538620185,0.987733491940331,96.0,0.521628151352173,0.0,4,"[{""bpm"":96.0,""relative_power"":1.0,""peak_concentration"":0.5875036319467861,""prominence"":1.0,""period_correlation"":0.5225934485296588,""split_period_correlation"":0.5187322598197156,""periodic_support"":0.521628151352173,""harmonic2_relative_power"":0.009200660670050818,""harmonic3_relative_power"":6.599576562181622e-05,""harmonic_support"":0.09876339661251299,""motion_profile"":0.0,""motion_strength"":null,""motion_reliability"":0.0,""motion_overlap"":0.0,""motion_available"":false,""evidence_score"":0.6725543630999034,""supported_bpm"":[93.0,94.0,95.0,96.0,97.0,98.0,99.0],""supported_relative_power"":[0.7523052138030307,0.8994572114238758,0.987733491940331,1.0,0.937031207056534,0.8116386656368515,0.6472367366333556]},{""bpm"":54.0,""relative_power"":0.09580174175932053,""peak_concentration"":0.05310088472283534,""prominence"":0.047884777768952495,""period_correlation"":0.24996326491299423,""split_period_correlation"":0.2876432025579002,""periodic_support"":0.25938324932422074,""harmonic2_relative_power"":0.009325106035939066,""harmonic3_relative_power"":0.008123791299768408,""harmonic_support"":0.03965329476146766,""motion_profile"":0.0,""motion_strength"":null,""motion_reliability"":0.0,""motion_overlap"":0.0,""motion_available"":false,""evidence_score"":-0.49594117552028166,""supported_bpm"":[52.0,53.0,54.0,55.0,56.0,57.0],""supported_relative_power"":[0.0688485291658583,0.08644241059934606,0.09580174175932053,0.09482621456052387,0.08457876116117202,0.06918689657455823]},{""bpm"":65.0,""relative_power"":0.13952332180387356,""peak_concentration"":0.08983893507501829,""prominence"":0.12476661429015988,""period_correlation"":-0.44040361312413456,""split_period_correlation"":-0.4663106981909012,""periodic_support"":0.0,""harmonic2_relative_power"":0.019261791462639802,""harmonic3_relative_power"":0.006199170750406317,""harmonic_support"":0.06213419135968541,""motion_profile"":0.0,""motion_strength"":null,""motion_reliability"":0.0,""motion_overlap"":0.0,""motion_available"":false,""evidence_score"":-0.6271990372467822,""supported_bpm"":[62.0,63.0,64.0,65.0,66.0,67.0,68.0],""supported_relative_power"":[0.08790763461306304,0.11069166250689766,0.12927584928206637,0.13952332180387356,0.13907730079424185,0.12960607978383665,0.11444541717753884]},{""bpm"":182.0,""relative_power"":0.13045784216548675,""peak_concentration"":0.0939088885279848,""prominence"":0.12945424601815325,""period_correlation"":-0.6739801415384185,""split_period_correlation"":-0.6779129862345328,""periodic_support"":0.0,""harmonic2_relative_power"":4.309783302631038e-06,""harmonic3_relative_power"":1.2526990806237018e-06,""harmonic_support"":0.0008913202523207801,""motion_profile"":0.0,""motion_strength"":null,""motion_reliability"":0.0,""motion_overlap"":0.0,""motion_available"":false,""evidence_score"":-0.7119554832805784,""supported_bpm"":[179.0,180.0,181.0,182.0,183.0,184.0,185.0],""supported_relative_power"":[0.11562105942610136,0.12452096878882699,0.13000208219236917,0.13045784216548675,0.1252160461710326,0.11476376292695707,0.10012055694160381]}]",False,tracked,False,96.0,30.999969,40.999959,saved_v25_fallback_waveform_offline
36.999963,0.99,0.01,95.0,0.6203566971869852,True,candidate_only,95.0,95.0,95.0,0.7394906273157602,1.2724265540840993,1.0,95.0,0.5178842050661868,0.0,5,"[{""bpm"":95.0,""relative_power"":1.0,""peak_concentration"":0.6203566971869852,""prominence"":1.0,""period_correlation"":0.5256808856846681,""split_period_correlation"":0.494494163210743,""periodic_support"":0.5178842050661868,""harmonic2_relative_power"":0.02770537695151223,""harmonic3_relative_power"":9.263673492279833e-05,""harmonic_support"":0.16981800174295475,""motion_profile"":0.0,""motion_strength"":null,""motion_reliability"":0.0,""motion_overlap"":0.0,""motion_available"":false,""evidence_score"":0.7394906273157602,""supported_bpm"":[92.0,93.0,94.0,95.0,96.0,97.0,98.0],""supported_relative_power"":[0.7037900546188398,0.8463706570298258,0.9531124648231215,1.0,0.9783734716602935,0.8942360172701972,0.7621237258761197]},{""bpm"":67.0,""relative_power"":0.18506093743587487,""peak_concentration"":0.10743473992507484,""prominence"":0.18299405162471266,""period_correlation"":-0.36077457708919525,""split_period_correlation"":-0.31953949631777934,""periodic_support"":0.0,""harmonic2_relative_power"":0.008264249878963126,""harmonic3_relative_power"":0.014984987288941988,""harmonic_support"":0.05753861404027072,""motion_profile"":0.0,""motion_strength"":null,""motion_reliability"":0.0,""motion_overlap"":0.0,""motion_available"":false,""evidence_score"":-0.532935926768339,""supported_bpm"":[64.0,65.0,66.0,67.0,68.0,69.0,70.0],""supported_relative_power"":[0.1310896416039334,0.16348118221963762,0.1820235800923257,0.18506093743587487,0.17456990643921744,0.15408804228764525,0.12791747077412116]},{""bpm"":54.0,""relative_power"":0.08590254735376097,""peak_concentration"":0.03985228547962041,""prominence"":0.08322180102876872,""period_correlation"":0.09286354445304407,""split_period_correlation"":0.10029167160862394,""periodic_support"":0.09472057624193904,""harmonic2_relative_power"":0.005896994923275764,""harmonic3_relative_power"":0.009959503571550458,""harmonic_support"":0.03274444643376302,""motion_profile"":0.0,""motion_strength"":null,""motion_reliability"":0.0,""motion_overlap"":0.0,""motion_available"":false,""evidence_score"":-0.7221525481449287,""supported_bpm"":[51.0,52.0,53.0,54.0,55.0,56.0],""supported_relative_power"":[0.05312144671173042,0.0703818661727179,0.08255409256123965,0.08590254735376097,0.07852553061671816,0.06134398552960954]},{""bpm"":183.0,""relative_power"":0.09169861503324722,""peak_concentration"":0.06306518555011786,""prominence"":0.09086028914065683,""period_correlation"":-0.6338993047792146,""split_period_correlation"":-0.631443949273667,""periodic_support"":0.0,""harmonic2_relative_power"":7.061465139414576e-06,""harmonic3_relative_power"":1.0582224331114277e-06,""harmonic_support"":0.0009137183258051949,""motion_profile"":0.0,""motion_strength"":null,""motion_reliability"":0.0,""motion_overlap"":0.0,""motion_available"":false,""evidence_score"":-0.8353230827486595,""supported_bpm"":[180.0,181.0,182.0,183.0,184.0,185.0,186.0],""supported_relative_power"":[0.0750425176178291,0.08464221073831772,0.09049664282644836,0.09169861503324722,0.08841704067869186,0.08127895193066381,0.07134795928242138]},{""bpm"":117.0,""relative_power"":0.05521250951083876,""peak_concentration"":0.037643642859860334,""prominence"":0.049315514587562996,""period_correlation"":-0.029714511992833748,""split_period_correlation"":-0.05241795882683158,""periodic_support"":0.0,""harmonic2_relative_power"":0.0004512370788450438,""harmonic3_relative_power"":1.1024770973378807e-05,""harmonic_support"":0.00526445421214644,""motion_profile"":0.0,""motion_strength"":null,""motion_reliability"":0.0,""motion_overlap"":0.0,""motion_available"":false,""evidence_score"":-1.0085335512181024,""supported_bpm"":[115.0,116.0,117.0,118.0],""supported_relative_power"":[0.05027002249003781,0.05427125814801475,0.05521250951083876,0.053492716654353456]}]",False,tracked,False,95.0,31.999968,41.999958,saved_v25_fallback_waveform_offline
37.999962,0.9833333333333333,0.016666666666666666,95.0,0.6201460257158928,True,candidate_only,95.0,95.0,95.0,0.6993917233133063,1.1516711616331121,1.0,95.0,0.48586583522157356,0.0,4,"[{""bpm"":95.0,""relative_power"":1.0,""peak_concentration"":0.6201460257158928,""prominence"":1.0,""period_correlation"":0.488733420589988,""split_period_correlation"":0.4772630791163304,""periodic_support"":0.48586583522157356,""harmonic2_relative_power"":0.02573805816301423,""harmonic3_relative_power"":0.0001659277361263615,""harmonic_support"":0.16493930456957542,""motion_profile"":0.0,""motion_strength"":null,""motion_reliability"":0.0,""motion_overlap"":0.0,""motion_available"":false,""evidence_score"":0.6993917233133063,""supported_bpm"":[92.0,93.0,94.0,95.0,96.0,97.0,98.0],""supported_relative_power"":[0.809843647568941,0.9218954642273893,0.990285598700271,1.0,0.950613701255506,0.8518245017774639,0.7178821288698177]},{""bpm"":67.0,""relative_power"":0.23950118098108555,""peak_concentration"":0.13590394976449952,""prominence"":0.239292525287672,""period_correlation"":-0.35117089625851916,""split_period_correlation"":-0.31531384672728024,""periodic_support"":0.0,""harmonic2_relative_power"":0.0034744694137291542,""harmonic3_relative_power"":0.012424790560282282,""harmonic_support"":0.047939487570733845,""motion_profile"":0.0,""motion_strength"":null,""motion_reliability"":0.0,""motion_overlap"":0.0,""motion_available"":false,""evidence_score"":-0.45227943831980577,""supported_bpm"":[64.0,65.0,66.0,67.0,68.0,69.0,70.0],""supported_relative_power"":[0.17645315083615679,0.2117758147484117,0.2344086476176399,0.23950118098108555,0.22647157226270717,0.19782931144107974,0.15882981605037838]},{""bpm"":54.0,""relative_power"":0.08445625998150069,""peak_concentration"":0.055235752408494064,""prominence"":0.03277981148661663,""period_correlation"":0.08869519026584605,""split_period_correlation"":0.09174041962768968,""periodic_support"":0.08945649760630696,""harmonic2_relative_power"":0.005426684727251569,""harmonic3_relative_power"":0.013126260848493429,""harmonic_support"":0.03306180014932534,""motion_profile"":0.0,""motion_strength"":null,""motion_reliability"":0.0,""motion_overlap"":0.0,""motion_available"":false,""evidence_score"":-0.733568581681086,""supported_bpm"":[51.0,52.0,53.0,54.0,55.0,56.0,57.0],""supported_relative_power"":[0.06158812403364896,0.07235336856561851,0.08051560684775541,0.08445625998150069,0.08314503265966476,0.07670244364078761,0.06680644510970876]},{""bpm"":182.0,""relative_power"":0.05448639347608145,""peak_concentration"":0.03295927281265576,""prominence"":0.05444688309647282,""period_correlation"":-0.6009329780499526,""split_period_correlation"":-0.5971143479996001,""periodic_support"":0.0,""harmonic2_relative_power"":8.61370405820769e-06,""harmonic3_relative_power"":1.220395788797266e-06,""harmonic_support"":0.0007753295580644027,""motion_profile"":0.0,""motion_strength"":null,""motion_reliability"":0.0,""motion_overlap"":0.0,""motion_available"":false,""evidence_score"":-1.0176561647574025,""supported_bpm"":[181.0,182.0,183.0,184.0],""supported_relative_power"":[0.0505686260649547,0.05448639347608145,0.054431269248997126,0.05148548279229283]}]",False,tracked,False,95.0,32.999967,42.999956999999995,saved_v25_fallback_waveform_offline
38.999961,0.9833333333333333,0.016666666666666666,94.0,0.5784644374314195,True,candidate_only,94.0,94.0,94.0,0.6973944048094626,1.0789788377792298,1.0,94.0,0.5302675745989691,0.0,2,"[{""bpm"":94.0,""relative_power"":1.0,""peak_concentration"":0.5784644374314195,""prominence"":1.0,""period_correlation"":0.5336728871872309,""split_period_correlation"":0.5200516368341834,""periodic_support"":0.5302675745989691,""harmonic2_relative_power"":0.011747097856006925,""harmonic3_relative_power"":0.0002667195931472238,""harmonic_support"":0.11410007275059655,""motion_profile"":0.0,""motion_strength"":null,""motion_reliability"":0.0,""motion_overlap"":0.0,""motion_available"":false,""evidence_score"":0.6973944048094626,""supported_bpm"":[91.0,92.0,93.0,94.0,95.0,96.0,97.0],""supported_relative_power"":[0.7555131245583866,0.8811941921981954,0.966633813710209,1.0,0.9734977566165023,0.8948672413420115,0.779084486873135]},{""bpm"":66.0,""relative_power"":0.30071648681284385,""peak_concentration"":0.18322284861170968,""prominence"":0.300159045286405,""period_correlation"":-0.34135508262607606,""split_period_correlation"":-0.3680056947389967,""periodic_support"":0.0,""harmonic2_relative_power"":0.002576056676448103,""harmonic3_relative_power"":0.003367834766855365,""harmonic_support"":0.03897114386326937,""motion_profile"":0.0,""motion_strength"":null,""motion_reliability"":0.0,""motion_overlap"":0.0,""motion_available"":false,""evidence_score"":-0.38158443296976724,""supported_bpm"":[63.0,64.0,65.0,66.0,67.0,68.0,69.0],""supported_relative_power"":[0.25439049230737193,0.280620856808347,0.2977912945916728,0.30071648681284385,0.287869759595085,0.2607364281892336,0.22263973059528994]}]",False,tracked,False,94.0,33.999966,43.999956,saved_v25_fallback_waveform_offline
39.99996,0.98,0.02,93.0,0.5201275921130881,True,candidate_only,94.0,94.0,93.0,0.6504179394671623,0.939642929564545,0.9906708927437686,93.0,0.5602711535743338,0.0,2,"[{""bpm"":93.0,""relative_power"":1.0,""peak_concentration"":0.5201275921130881,""prominence"":1.0,""period_correlation"":0.5564023331396133,""split_period_correlation"":0.5718776148784952,""periodic_support"":0.5602711535743338,""harmonic2_relative_power"":0.0029087746046388358,""harmonic3_relative_power"":0.00021959969887971412,""harmonic_support"":0.0591196705353951,""motion_profile"":0.0,""motion_strength"":null,""motion_reliability"":0.0,""motion_overlap"":0.0,""motion_available"":false,""evidence_score"":0.6754179394671623,""supported_bpm"":[90.0,91.0,92.0,93.0,94.0,95.0,96.0],""supported_relative_power"":[0.6878891502994702,0.8351192373591034,0.9451316318425522,1.0,0.9906708927437686,0.9160692282654137,0.7941790617030974]},{""bpm"":65.0,""relative_power"":0.39892539903687346,""peak_concentration"":0.2341893301050697,""prominence"":0.3975236139127046,""period_correlation"":-0.40608767084587405,""split_period_correlation"":-0.3973314417328737,""periodic_support"":0.0,""harmonic2_relative_power"":0.001868067532589656,""harmonic3_relative_power"":0.018563956094029752,""harmonic_support"":0.05741830719461552,""motion_profile"":0.0,""motion_strength"":null,""motion_reliability"":0.0,""motion_overlap"":0.0,""motion_available"":false,""evidence_score"":-0.26422499009738265,""supported_bpm"":[62.0,63.0,64.0,65.0,66.0,67.0,68.0],""supported_relative_power"":[0.35013159591124593,0.37995252975456617,0.39717824841761845,0.39892539903687346,0.38273209213016923,0.3504424441193091,0.30597874245757883]}]",False,tracked,False,93.0,34.999964999999996,44.999955,saved_v25_fallback_waveform_offline
40.999959,0.9833333333333333,0.016666666666666666,93.0,0.49618208510367523,True,candidate_only,94.0,94.0,93.0,0.5768898146802987,0.7947993466126375,0.9580475743195938,93.0,0.458957290879603,0.0,5,"[{""bpm"":93.0,""relative_power"":1.0,""peak_concentration"":0.49618208510367523,""prominence"":1.0,""period_correlation"":0.4782395875976842,""split_period_correlation"":0.4011104007253594,""periodic_support"":0.458957290879603,""harmonic2_relative_power"":0.008569768720954298,""harmonic3_relative_power"":0.0001626535394807451,""harmonic_support"":0.0970367947127353,""motion_profile"":0.0,""motion_strength"":null,""motion_reliability"":0.0,""motion_overlap"":0.0,""motion_available"":false,""evidence_score"":0.6018898146802987,""supported_bpm"":[90.0,91.0,92.0,93.0,94.0,95.0,96.0],""supported_relative_power"":[0.7389243526241411,0.8773733939830513,0.9704340204590092,1.0,0.9580475743195938,0.8459850718510177,0.6867552463261805]},{""bpm"":64.0,""relative_power"":0.45099828754541227,""peak_concentration"":0.2577802183256426,""prominence"":0.44841565213130996,""period_correlation"":-0.4306360843783845,""split_period_correlation"":-0.4907637832551762,""periodic_support"":0.0,""harmonic2_relative_power"":0.006240244724596692,""harmonic3_relative_power"":0.019404631761786462,""harmonic_support"":0.08579257584388329,""motion_profile"":0.0,""motion_strength"":null,""motion_reliability"":0.0,""motion_overlap"":0.0,""motion_available"":false,""evidence_score"":-0.19290953193233878,""supported_bpm"":[61.0,62.0,63.0,64.0,65.0,66.0,67.0],""supported_relative_power"":[0.37621236519715046,0.42129051032781856,0.4469822115618763,0.45099828754541227,0.43409544928484645,0.3987800053137677,0.3515983964208806]},{""bpm"":106.0,""relative_power"":0.1041258383713539,""peak_concentration"":0.05535930926413614,""prominence"":0.04924060643790367,""period_correlation"":0.2715972673342818,""split_period_correlation"":0.22802758466103362,""periodic_support"":0.26070484666596977,""harmonic2_relative_power"":0.00576102431165824,""harmonic3_relative_power"":2.418390073152751e-05,""harmonic_support"":0.025047679896140762,""motion_profile"":0.0,""motion_strength"":null,""motion_reliability"":0.0,""motion_overlap"":0.0,""motion_available"":false,""evidence_score"":-0.4799312832009617,""supported_bpm"":[103.0,104.0,105.0,106.0,107.0,108.0,109.0],""supported_relative_power"":[0.06672853626238914,0.08490742693139548,0.09916845013227084,0.1041258383713539,0.0988784868136587,0.08556036871840605,0.06761007148445392]},{""bpm"":42.0,""relative_power"":0.055865865696406926,""peak_concentration"":0.012329927767501886,""prominence"":0.04266771430998121,""period_correlation"":-0.14298187060472736,""split_period_correlation"":-0.180493484751608,""periodic_support"":0.0,""harmonic2_relative_power"":0.04837840222596374,""harmonic3_relative_power"":0.010773025443726953,""harmonic_support"":0.06057389217158947,""motion_profile"":0.0,""motion_strength"":null,""motion_reliability"":0.0,""motion_overlap"":0.0,""motion_available"":false,""evidence_score"":-0.9491067087369456,""supported_bpm"":[42.0],""supported_relative_power"":[0.055865865696406926]},{""bpm"":152.0,""relative_power"":0.05668042479558822,""peak_concentration"":0.029630459250378154,""prominence"":0.056488124508836224,""period_correlation"":-0.5895241949707983,""split_period_correlation"":-0.539593005944238,""periodic_support"":0.0,""harmonic2_relative_power"":7.286491772247553e-05,""harmonic3_relative_power"":1.396519706841864e-06,""harmonic_support"":0.0021307146579094814,""motion_profile"":0.0,""motion_strength"":null,""motion_reliability"":0.0,""motion_overlap"":0.0,""motion_available"":false,""evidence_score"":-1.0024835146875484,""supported_bpm"":[151.0,152.0,153.0,154.0],""supported_relative_power"":[0.054615863753571706,0.05668042479558822,0.05520111024102206,0.05018434749858891]}]",False,tracked,False,93.0,35.999964,45.999953999999995,saved_v25_fallback_waveform_offline
41.999958,0.9833333333333333,0.016666666666666666,93.0,0.5010624989543564,True,candidate_only,94.0,94.0,93.0,0.5756081880273899,0.8312577508673306,0.9699604923669906,93.0,0.4173038421183287,0.0,5,"[{""bpm"":93.0,""relative_power"":1.0,""peak_concentration"":0.5010624989543564,""prominence"":1.0,""period_correlation"":0.41482405893236723,""split_period_correlation"":0.4247431916762133,""periodic_support"":0.4173038421183287,""harmonic2_relative_power"":0.018905215429102763,""harmonic3_relative_power"":0.00013573740073805383,""harmonic_support"":0.14157396169722836,""motion_profile"":0.0,""motion_strength"":null,""motion_reliability"":0.0,""motion_overlap"":0.0,""motion_available"":false,""evidence_score"":0.6006081880273899,""supported_bpm"":[90.0,91.0,92.0,93.0,94.0,95.0,96.0],""supported_relative_power"":[0.7005339652920992,0.8473928502461612,0.9547347179398606,1.0,0.9699604923669906,0.8610556846779264,0.6947846298565309]},{""bpm"":62.0,""relative_power"":0.40614018749119934,""peak_concentration"":0.2255549567472043,""prominence"":0.4005862349526347,""period_correlation"":-0.3407275819777473,""split_period_correlation"":-0.3458799065549878,""periodic_support"":0.0,""harmonic2_relative_power"":0.007193500023914057,""harmonic3_relative_power"":0.018905215429102763,""harmonic_support"":0.08472034851721577,""motion_profile"":0.0,""motion_strength"":null,""motion_reliability"":0.0,""motion_overlap"":0.0,""motion_available"":false,""evidence_score"":-0.23064956283994065,""supported_bpm"":[59.0,60.0,61.0,62.0,63.0,64.0,65.0],""supported_relative_power"":[0.27310344608988785,0.3391031622964661,0.3852050681213495,0.40614018749119934,0.4020436183177517,0.37775357727221676,0.34082051001077895]},{""bpm"":107.0,""relative_power"":0.14197577914668627,""peak_concentration"":0.05793317501913183,""prominence"":0.13395363421611564,""period_correlation"":0.16926129732748654,""split_period_correlation"":0.17965564679499912,""periodic_support"":0.1718598846943647,""harmonic2_relative_power"":0.0025968840305293276,""harmonic3_relative_power"":8.190104296055045e-06,""harmonic_support"":0.01957883833489349,""motion_profile"":0.0,""motion_strength"":null,""motion_reliability"":0.0,""motion_overlap"":0.0,""motion_available"":false,""evidence_score"":-0.4746098703629631,""supported_bpm"":[104.0,105.0,106.0,107.0,108.0,109.0,110.0],""supported_relative_power"":[0.0795103851618989,0.11581275738991482,0.13780744899894512,0.14197577914668627,0.12997930577711062,0.10674329634171849,0.0787953369705329]},{""bpm"":42.0,""relative_power"":0.06804674114288935,""peak_concentration"":0.009903846649291259,""prominence"":0.06711681311808783,""period_correlation"":-0.0959762020067189,""split_period_correlation"":-0.07786903915035331,""periodic_support"":0.0,""harmonic2_relative_power"":0.0586010765976642,""harmonic3_relative_power"":0.008742464127103725,""harmonic_support"":0.07168421668572363,""motion_profile"":0.0,""motion_strength"":null,""motion_reliability"":0.0,""motion_overlap"":0.0,""motion_available"":false,""evidence_score"":-0.8689619373800914,""supported_bpm"":[42.0],""supported_relative_power"":[0.06804674114288935]},{""bpm"":152.0,""relative_power"":0.0654988962420391,""peak_concentration"":0.0383244603057963,""prominence"":0.06463631661428208,""period_correlation"":-0.6032805551466924,""split_period_correlation"":-0.6161054337174829,""periodic_support"":0.0,""harmonic2_relative_power"":4.351492268618703e-05,""harmonic3_relative_power"":4.772713389827937e-07,""harmonic_support"":0.0017501299165984237,""motion_profile"":0.0,""motion_strength"":null,""motion_reliability"":0.0,""motion_overlap"":0.0,""motion_available"":false,""evidence_score"":-0.9522525657957244,""supported_bpm"":[149.0,150.0,151.0,152.0,153.0,154.0,155.0],""supported_relative_power"":[0.05048131906220034,0.057313304052575516,0.06265106511035436,0.0654988962420391,0.06487353121517828,0.06060116974195422,0.05332005239185798]}]",False,tracked,False,93.0,36.999963,46.999953,saved_v25_fallback_waveform_offline
42.999956999999995,0.9833333333333333,0.016666666666666666,94.0,0.5085746183767356,True,candidate_only,94.0,94.0,94.0,0.6559939511918716,0.9575669095602088,1.0,94.0,0.43002983834211594,0.0,5,"[{""bpm"":94.0,""relative_power"":1.0,""peak_concentration"":0.5085746183767356,""prominence"":1.0,""period_correlation"":0.43259777589232823,""split_period_correlation"":0.4223260256914791,""periodic_support"":0.43002983834211594,""harmonic2_relative_power"":0.031128221496804845,""harmonic3_relative_power"":0.00034800492737907827,""harmonic_support"":0.18296112901554407,""motion_profile"":0.0,""motion_strength"":null,""motion_reliability"":0.0,""motion_overlap"":0.0,""motion_available"":false,""evidence_score"":0.6559939511918716,""supported_bpm"":[91.0,92.0,93.0,94.0,95.0,96.0,97.0],""supported_relative_power"":[0.746378272615959,0.8957633860493154,0.9866502643618591,1.0,0.9281984828940154,0.7916337353025098,0.6218418731675021]},{""bpm"":60.0,""relative_power"":0.33309942854616076,""peak_concentration"":0.17420131704350475,""prominence"":0.33234611292422755,""period_correlation"":-0.348098566989063,""split_period_correlation"":-0.32658733404059803,""periodic_support"":0.0,""harmonic2_relative_power"":0.012856469437340371,""harmonic3_relative_power"":0.0077180581478189314,""harmonic_support"":0.08318702890289792,""motion_profile"":0.0,""motion_strength"":null,""motion_reliability"":0.0,""motion_overlap"":0.0,""motion_available"":false,""evidence_score"":-0.3015729583683372,""supported_bpm"":[57.0,58.0,59.0,60.0,61.0,62.0,63.0],""supported_relative_power"":[0.201714663704706,0.2608543413108465,0.3076622143193202,0.33309942854616076,0.33261330409659373,0.3070526880519754,0.2624260483689851]},{""bpm"":108.0,""relative_power"":0.11561487054701648,""peak_concentration"":0.07500338246947633,""prominence"":0.029569743135497192,""period_correlation"":0.12710249402767898,""split_period_correlation"":0.11504167489922106,""periodic_support"":0.1240872892455645,""harmonic2_relative_power"":0.0010834496205362895,""harmonic3_relative_power"":4.707486075238978e-07,""harmonic_support"":0.011273742891092288,""motion_profile"":0.0,""motion_strength"":null,""motion_reliability"":0.0,""motion_overlap"":0.0,""motion_available"":false,""evidence_score"":-0.6073519815122514,""supported_bpm"":[105.0,106.0,107.0,108.0,109.0,110.0,111.0],""supported_relative_power"":[0.10201733801141312,0.11052572061651689,0.11536115583782323,0.11561487054701648,0.11101132856951537,0.10154806534578625,0.0887192085242141]},{""bpm"":42.0,""relative_power"":0.09275486315414813,""peak_concentration"":0.024919378439599293,""prominence"":0.05863691092953609,""period_correlation"":-0.003130032806438344,""split_period_correlation"":0.004919769979406144,""periodic_support"":0.0,""harmonic2_relative_power"":0.04290581830528193,""harmonic3_relative_power"":0.007734449020351824,""harmonic_support"":0.0724596122171254,""motion_profile"":0.0,""motion_strength"":null,""motion_reliability"":0.0,""motion_overlap"":0.0,""motion_available"":false,""evidence_score"":-0.7597686888619899,""supported_bpm"":[42.0,43.0,44.0,45.0],""supported_relative_power"":[0.09275486315414813,0.08057774536000264,0.06497294838131633,0.050359223655184075]},{""bpm"":153.0,""relative_power"":0.0642478642542378,""peak_concentration"":0.0394226001744625,""prominence"":0.06402325011936993,""period_correlation"":-0.6137180825868453,""split_period_correlation"":-0.6225609940893815,""periodic_support"":0.0,""harmonic2_relative_power"":3.272657264843892e-06,""harmonic3_relative_power"":1.3271265812351334e-08,""harmonic_support"":0.000468762579622427,""motion_profile"":0.0,""motion_strength"":null,""motion_reliability"":0.0,""motion_overlap"":0.0,""motion_available"":false,""evidence_score"":-0.9602836163488477,""supported_bpm"":[151.0,152.0,153.0,154.0,155.0,156.0],""supported_relative_power"":[0.05543304522585962,0.06128927708460303,0.0642478642542378,0.06394894531185673,0.06074364064545766,0.05528657106105981]}]",False,tracked,False,94.0,37.999962,47.999952,saved_v25_fallback_waveform_offline
43.999956,0.9866666666666667,0.013333333333333334,94.0,0.5200146940120167,True,candidate_only,94.0,94.0,94.0,0.5952332581262525,0.9492527807551147,1.0,94.0,0.3714768967057057,0.0,5,"[{""bpm"":94.0,""relative_power"":1.0,""peak_concentration"":0.5200146940120167,""prominence"":1.0,""period_correlation"":0.37287882636240205,""split_period_correlation"":0.3672711077356167,""periodic_support"":0.3714768967057057,""harmonic2_relative_power"":0.03192548714685787,""harmonic3_relative_power"":0.0005135564913320349,""harmonic_support"":0.18660867174997617,""motion_profile"":0.0,""motion_strength"":null,""motion_reliability"":0.0,""motion_overlap"":0.0,""motion_available"":false,""evidence_score"":0.5952332581262525,""supported_bpm"":[91.0,92.0,93.0,94.0,95.0,96.0,97.0],""supported_relative_power"":[0.6812791182532236,0.8502253944067365,0.9626887172619336,1.0,0.9545595511514856,0.8444962248150046,0.6973022783041448]},{""bpm"":58.0,""relative_power"":0.26056241219600773,""peak_concentration"":0.15684533858991975,""prominence"":0.2545178028966302,""period_correlation"":-0.2656196274056449,""split_period_correlation"":-0.2708349174904503,""periodic_support"":0.0,""harmonic2_relative_power"":0.04535122747187578,""harmonic3_relative_power"":0.002002454500300168,""harmonic_support"":0.11669997848306797,""motion_profile"":0.0,""motion_strength"":null,""motion_reliability"":0.0,""motion_overlap"":0.0,""motion_available"":false,""evidence_score"":-0.35401952262886216,""supported_bpm"":[55.0,56.0,57.0,58.0,59.0,60.0,61.0],""supported_relative_power"":[0.21773461549933906,0.24344559825027062,0.25889427932962483,0.26056241219600773,0.24628876895473023,0.21994353029477567,0.18588183960987711]},{""bpm"":111.0,""relative_power"":0.10122534091192062,""peak_concentration"":0.061271954748908966,""prominence"":0.04348171800977343,""period_correlation"":0.0635942664072998,""split_period_correlation"":0.034407125512707436,""periodic_support"":0.05629748118365171,""harmonic2_relative_power"":0.00035650217505619884,""harmonic3_relative_power"":3.161936943889325e-06,""harmonic_support"":0.006205261115705947,""motion_profile"":0.0,""motion_strength"":null,""motion_reliability"":0.0,""motion_overlap"":0.0,""motion_available"":false,""evidence_score"":-0.7335096618046213,""supported_bpm"":[108.0,109.0,110.0,111.0,112.0,113.0,114.0],""supported_relative_power"":[0.08108307087059398,0.09238560447870807,0.0996859089050704,0.10122534091192062,0.09658805705854621,0.08673094403456892,0.07352564666148062]},{""bpm"":74.0,""relative_power"":0.06854718277104581,""peak_concentration"":0.03578688650841697,""prominence"":0.061554001780058154,""period_correlation"":-0.06933393949530048,""split_period_correlation"":-0.026540377635236256,""periodic_support"":0.0,""harmonic2_relative_power"":0.018828880592025754,""harmonic3_relative_power"":0.00035650217505619884,""harmonic_support"":0.037656040866770386,""motion_profile"":0.0,""motion_strength"":null,""motion_reliability"":0.0,""motion_overlap"":0.0,""motion_available"":false,""evidence_score"":-0.9004254990707992,""supported_bpm"":[73.0,74.0,75.0,76.0],""supported_relative_power"":[0.06290900301742794,0.06854718277104581,0.06569293550642451,0.05704998444429032]},{""bpm"":191.0,""relative_power"":0.05195486901863807,""peak_concentration"":0.023830731902742507,""prominence"":0.0516901725220496,""period_correlation"":-0.6130125030686755,""split_period_correlation"":-0.6103494034027406,""periodic_support"":0.0,""harmonic2_relative_power"":6.418035361252886e-07,""harmonic3_relative_power"":1.5566208953285838e-07,""harmonic_support"":0.00021408113419793716,""motion_profile"":0.0,""motion_strength"":null,""motion_reliability"":0.0,""motion_overlap"":0.0,""motion_available"":false,""evidence_score"":-1.034868863122958,""supported_bpm"":[191.0],""supported_relative_power"":[0.05195486901863807]}]",False,tracked,False,94.0,38.999961,48.999950999999996,saved_v25_fallback_waveform_offline
44.999955,0.9866666666666667,0.013333333333333334,94.0,0.5051019802841488,True,candidate_only,94.0,94.0,94.0,0.5900815121213118,0.8687919029919262,1.0,94.0,0.4193304695004397,0.051389072968450265,5,"[{""bpm"":94.0,""relative_power"":1.0,""peak_concentration"":0.5051019802841488,""prominence"":1.0,""period_correlation"":0.4079161673850087,""split_period_correlation"":0.4535733758467326,""periodic_support"":0.4193304695004397,""harmonic2_relative_power"":0.03367767060605379,""harmonic3_relative_power"":0.0007428844635931464,""harmonic_support"":0.19305433688139098,""motion_profile"":0.051389072968450265,""motion_strength"":0.9944721840451239,""motion_reliability"":0.58,""motion_overlap"":0.051389072968450265,""motion_available"":true,""evidence_score"":0.5900815121213118,""supported_bpm"":[91.0,92.0,93.0,94.0,95.0,96.0,97.0],""supported_relative_power"":[0.7421486724791375,0.8802240911565288,0.9715340862572238,1.0,0.9557102152847178,0.849360816616838,0.7015954520433914]},{""bpm"":54.0,""relative_power"":0.2749408112928388,""peak_concentration"":0.17098460374390168,""prominence"":0.26896863478904237,""period_correlation"":-0.011137396297869553,""split_period_correlation"":-0.06387041186040117,""periodic_support"":0.0,""harmonic2_relative_power"":0.08076658110362205,""harmonic3_relative_power"":0.019742719680043045,""harmonic_support"":0.17480330116003231,""motion_profile"":0.0012751115043014678,""motion_strength"":0.9944721840451239,""motion_reliability"":0.58,""motion_overlap"":0.0012751115043014678,""motion_available"":true,""evidence_score"":-0.27871039087061444,""supported_bpm"":[51.0,52.0,53.0,54.0,55.0,56.0,57.0],""supported_relative_power"":[0.24452897601736048,0.2589487074838116,0.27039557991414825,0.2749408112928388,0.2691611040210079,0.25136293171976526,0.22230523891614612]},{""bpm"":80.0,""relative_power"":0.13227519237374766,""peak_concentration"":0.08083783511316467,""prominence"":0.04640980610001945,""period_correlation"":0.22877156931859113,""split_period_correlation"":0.29922624727257036,""periodic_support"":0.24638523880708596,""harmonic2_relative_power"":0.02968026143844588,""harmonic3_relative_power"":0.001761970655564832,""harmonic_support"":0.06800076324908919,""motion_profile"":0.0050097336893012295,""motion_strength"":0.9944721840451239,""motion_reliability"":0.58,""motion_overlap"":0.0050097336893012295,""motion_available"":true,""evidence_score"":-0.3752423987208471,""supported_bpm"":[77.0,78.0,79.0,80.0,81.0,82.0,83.0],""supported_relative_power"":[0.11252344821704112,0.12424250604633959,0.1312999421637977,0.13227519237374766,0.1257354284332891,0.1130241402790994,0.09752004153608627]},{""bpm"":110.0,""relative_power"":0.09834301983634966,""peak_concentration"":0.04739435867243955,""prominence"":0.08576435897697735,""period_correlation"":0.08563848050926715,""split_period_correlation"":0.09157544205034251,""periodic_support"":0.08712272089453599,""harmonic2_relative_power"":0.00022159907187086755,""harmonic3_relative_power"":1.8230525066498547e-05,""harmonic_support"":0.0051369076027521715,""motion_profile"":0.0015876942863067977,""motion_strength"":0.9944721840451239,""motion_reliability"":0.58,""motion_overlap"":0.0015876942863067977,""motion_available"":true,""evidence_score"":-0.7127655155441908,""supported_bpm"":[107.0,108.0,109.0,110.0,111.0,112.0,113.0],""supported_relative_power"":[0.06203382889065161,0.08076658110362205,0.09363134557835584,0.09834301983634966,0.09558936543314525,0.08659740153736604,0.07339303854863341]},{""bpm"":134.0,""relative_power"":0.06058254081376249,""peak_concentration"":0.036291901772108746,""prominence"":0.05038185128819685,""period_correlation"":-0.4020265766284884,""split_period_correlation"":-0.4304893214378777,""periodic_support"":0.0,""harmonic2_relative_power"":0.0003288944112385616,""harmonic3_relative_power"":1.3248939667329297e-06,""harmonic_support"":0.004562930893622836,""motion_profile"":0.0003049588632122163,""motion_strength"":0.9944721840451239,""motion_reliability"":0.58,""motion_overlap"":0.0003049588632122163,""motion_available"":true,""evidence_score"":-0.9771302541656215,""supported_bpm"":[131.0,132.0,133.0,134.0,135.0,136.0,137.0],""supported_relative_power"":[0.05174191626934843,0.05631158854302285,0.0593707967386297,0.06058254081376249,0.05963916233683948,0.05631898440401486,0.05058403183706789]}]",False,tracked,True,94.0,39.99996,49.99995,saved_v25_fallback_waveform_offline
45.999953999999995,0.8866666666666667,0.013333333333333334,,,False,gap_or_filter_edge,,,,,,,,,,0,[],False,unavailable,False,,40.999959,50.999949,saved_v25_fallback_waveform_offline
