time_s,forehead_pos,forehead_chrom,forehead_observed,forehead_interpolated,left_cheek_pos,left_cheek_chrom,left_cheek_observed,left_cheek_interpolated,right_cheek_pos,right_cheek_chrom,right_cheek_observed,right_cheek_interpolated
0.0,,,False,False,,,False,False,,,False,False
0.0333332999999999,,,False,False,,,False,False,,,False,False
0.0666665999999999,,,False,False,,,False,False,,,False,False
0.0999998999999999,,,False,False,,,False,False,,,False,False
0.1333331999999999,,,False,False,,,False,False,,,False,False
0.1666665,,,False,False,,,False,False,,,False,False
0.1999997999999999,,,False,False,,,False,False,,,False,False
0.2333331,,,False,False,,,False,False,,,False,False
0.2666663999999999,,,False,False,,,False,False,,,False,False
0.2999997,,,False,False,,,False,False,,,False,False
0.333333,,,False,False,,,False,False,,,False,False
0.3666663,,,False,False,,,False,False,,,False,False
0.3999995999999999,,,False,False,,,False,False,,,False,False
0.4333328999999999,,,False,False,,,False,False,,,False,False
0.4666662,,,False,False,,,False,False,,,False,False
0.4999995,,,False,False,,,False,False,,,False,False
0.5333327999999999,,,False,False,,,False,False,,,False,False
0.5666661,,,False,False,,,False,False,,,False,False
0.5999994,,,False,False,,,False,False,,,False,False
0.6333327,,,False,False,,,False,False,,,False,False
0.666666,,,False,False,,,False,False,,,False,False
0.6999993,,,False,False,,,False,False,,,False,False
0.7333326,,,False,False,,,False,False,,,False,False
0.7666659,,,False,False,,,False,False,,,False,False
0.7999991999999999,,,False,False,,,False,False,,,False,False
0.8333324999999999,,,False,False,,,False,False,,,False,False
0.8666657999999999,,,False,False,,,False,False,,,False,False
0.8999990999999999,,,False,False,,,False,False,,,False,False
0.9333324,,,True,False,,,True,False,,,True,False
0.9666657,,,True,False,,,True,False,,,True,False
0.999999,,,True,False,,,True,False,,,True,False
1.0333323,,,True,False,,,True,False,,,True,False
1.0666656,,,True,False,,,True,False,,,True,False
1.0999989,,,True,False,,,True,False,,,True,False
1.1333322,,,True,False,,,True,False,,,True,False
1.1666655,,,True,False,,,True,False,,,True,False
1.1999988,,,True,False,,,True,False,,,True,False
1.2333321,,,True,False,,,True,False,,,True,False
1.2666654,,,True,False,,,True,False,,,True,False
1.2999987,,,True,False,,,True,False,,,True,False
1.333332,,,True,False,,,True,False,,,True,False
1.3666653,,,True,False,,,True,False,,,True,False
1.3999986,,,True,False,,,True,False,,,True,False
1.4333319,,,True,False,,,True,False,,,True,False
1.4666652,,,True,False,,,True,False,,,True,False
1.4999985,,,True,False,,,True,False,,,True,False
1.5333318,,,True,False,,,True,False,,,True,False
1.5666650999999998,,,True,False,,,True,False,,,True,False
1.5999983999999998,,,True,False,,,True,False,,,True,False
1.6333316999999998,,,True,False,,,True,False,,,True,False
1.6666649999999998,,,True,False,,,True,False,,,True,False
1.6999983,,,True,False,,,True,False,,,True,False
1.7333316,,,True,False,,,True,False,,,True,False
1.7666649,,,True,False,,,True,False,,,True,False
1.7999982,,,True,False,,,True,False,,,True,False
1.8333315,,,True,False,,,True,False,,,True,False
1.8666648,,,True,False,,,True,False,,,True,False
1.8999981,,,True,False,,,True,False,,,True,False
1.9333314,,,True,False,,,True,False,,,True,False
1.9666647,,,True,False,,,True,False,,,True,False
1.999998,,,True,False,,,True,False,,,True,False
2.0333313,,,True,False,,,True,False,,,True,False
2.0666646,,,True,False,,,True,False,,,True,False
2.0999979,,,True,False,,,True,False,,,True,False
2.1333312,,,True,False,,,True,False,,,True,False
2.1666645,,,True,False,,,True,False,,,True,False
2.1999978,,,True,False,,,True,False,,,True,False
2.2333311,,,True,False,,,True,False,,,True,False
2.2666644,,,True,False,,,True,False,,,True,False
2.2999977,,,True,False,,,True,False,,,True,False
2.333331,,,True,False,,,True,False,,,True,False
2.3666643,,,True,False,,,True,False,,,True,False
2.3999976,,,True,False,,,True,False,,,True,False
2.4333309,,,True,False,,,True,False,,,True,False
2.4666642,,,True,False,,,True,False,,,True,False
2.4999975,,,True,False,,,True,False,,,True,False
2.5333308,-0.003818716953218856,0.04048022906692931,True,False,-0.12598279577894606,0.07917407450453932,True,False,0.02415367943241714,-0.011319896779832458,True,False
2.5666641,-0.01661018046694061,0.07170610263583822,True,False,-0.03967295636494365,0.039206383287341134,True,False,-0.0009794803795546982,0.020799921298538953,True,False
2.5999974,-0.015334788038730467,0.07312127013869886,True,False,0.02918384969467871,0.021176577939030848,True,False,-0.02314647369054809,0.03960107786689914,True,False
2.6333307,-0.003908692001910662,0.053628558543403024,True,False,0.06519640239079828,0.027436518371765212,True,False,-0.03289915693653846,0.04057112872299079,True,False
2.666664,0.009216732522825993,0.029687534299760582,True,False,0.06596853248793295,0.04953636631832786,True,False,-0.02608707393164698,0.026159390237597703,True,False
2.6999973,0.01422801469414535,0.018771057775312978,True,False,0.04253215075302512,0.07187097047085673,True,False,-0.00575618062545595,0.004110066291736224,True,False
2.7333306,0.004030917978004746,0.032154683687139314,True,False,0.014821173240533754,0.07787907137587274,True,False,0.019092178300447724,-0.016443660961033797,True,False
2.7666639,-0.022385669635805763,0.06990308747222049,True,False,0.003923115785637448,0.056396692260636885,True,False,0.03733619807660588,-0.029241921140095363,True,False
2.7999972,-0.058770735169811426,0.1201689969529704,True,False,0.024019573924419984,0.005842009487596742,True,False,0.04049970609610514,-0.033483761968564424,True,False
2.8333305,-0.09329699133492038,0.16328512125709624,True,False,0.07698822882534816,-0.06516300591325637,True,False,0.026409733680474473,-0.03352693538730892,True,False
2.8666638,-0.11267106695715381,0.17924076782183643,True,False,0.15159246951505273,-0.14075902119753944,True,False,0.00020651962367179135,-0.03590397051685731,True,False
2.8999971,-0.1072207309641889,0.15574411813747419,True,False,0.22744851572254138,-0.20315538433922462,True,False,-0.027695735687441488,-0.04518102251503689,True,False
2.9333304,-0.07503287625469657,0.09374673599779262,True,False,0.282198916730606,-0.23830146402251096,True,False,-0.04582453927768279,-0.06078172882280949,True,False
2.9666637,-0.02347662923044689,0.008199959524720725,True,False,0.2991927829682862,-0.23997745049325284,True,False,-0.04629214397278822,-0.07646484578319704,True,False
2.999997,0.03263200640976706,-0.07640926208837973,True,False,0.2728810847591296,-0.21105832157701776,True,False,-0.027984403650386378,-0.08287206962100611,True,False
3.0333303,0.07572391793525021,-0.13421906104544093,True,False,0.21008428826814649,-0.1617675552603217,True,False,0.002951986478513737,-0.07204857729029322,True,False
3.0666636,0.09143436186346851,-0.14691645304081877,True,False,0.12689122983671436,-0.10576593136133539,True,False,0.03546082776477438,-0.04180837800845207,True,False
3.0999969,0.07370507161383141,-0.11018951935705666,True,False,0.04257679784764252,-0.05557185365772067,True,False,0.057783654416558146,0.0022217627220615594,True,False
3.1333302,0.02716880405513676,-0.03538654476700954,True,False,-0.027038098289588863,-0.018898734015027646,True,False,0.06185601406256616,0.04804546514280307,True,False
3.1666635,-0.03409051864694439,0.05417416474926511,True,False,-0.07429313593721651,0.0029594635429541693,True,False,0.046221402473943955,0.08179872501948836,True,False
3.1999968,-0.09100601072031296,0.13086489461302017,True,False,-0.1008607165461607,0.014363836885523814,True,False,0.01642674282549058,0.09343149076843793,True,False
3.2333301,-0.12566651064483686,0.17162393950969193,True,False,-0.11524610452840828,0.022704861816361985,True,False,-0.01714694447931067,0.08106517621767835,True,False
3.2666634,-0.1269846502443136,0.16496377294683742,True,False,-0.12791857449112562,0.03503568367547931,True,False,-0.04311935829357554,0.05203375623677893,True,False
3.2999967,-0.09396210613044047,0.11382869844790011,True,False,-0.14622820708832426,0.05525058591631954,True,False,-0.053158790186111464,0.02004769297618741,True,False
3.33333,-0.035527271463389964,0.033591654882622037,True,False,-0.1712124356555569,0.08279280381492642,True,False,-0.04480098267864257,-0.00037242809564971987,True,False
3.3666633,0.03283223679607035,-0.05379076319622173,True,False,-0.19749793196860527,0.11323719940256778,True,False,-0.022117919794941696,0.00016293610229335207,True,False
3.3999966,0.09430806224829943,-0.12719170307791686,True,False,-0.21614701749367932,0.14036131404858,True,False,0.005884678592015793,0.022116214882571077,True,False
3.4333299,0.135971992713174,-0.17265479174237267,True,False,-0.21904883704466033,0.15876380896545111,True,False,0.028487682077856805,0.056946394553411134,True,False
3.4666632,0.15217281625075904,-0.1866049806176523,True,False,-0.2028281155610877,0.16591740821187223,True,False,0.03695106090553145,0.09070771652836565,True,False
3.4999965,0.14512565391840668,-0.17513300175818158,True,False,-0.1704950560791947,0.16281773401679306,True,False,0.027452481564755247,0.10971384257807398,True,False
3.5333298,0.12275842018524089,-0.1500014765623737,True,False,-0.13008179523826607,0.1530019792805535,True,False,0.002356943337262476,0.10583686286647158,True,False
3.5666631,0.09484964981781711,-0.12312739081626774,True,False,-0.0908714479746639,0.14041773149364528,True,False,-0.030531351764039694,0.07927534058526768,True,False
3.5999964,0.06902355900321179,-0.10170186035818662,True,False,-0.0589405684629986,0.1271334499131405,True,False,-0.06045321160804079,0.037822740577155275,True,False
3.6333297,0.04810326655123193,-0.08572408709342738,True,False,-0.03411104998611574,0.11197951974500521,True,False,-0.07712116891620915,-0.006773133450902975,True,False
3.666663,0.029724866438365725,-0.06874089134490415,True,False,-0.00985432263447973,0.09083651853215069,True,False,-0.07403171503080964,-0.043563712950117225,True,False
3.6999963,0.008227614238543296,-0.041373858716045236,True,False,0.02358224072830762,0.05858277963552281,True,False,-0.05064750619906994,-0.06614627300451932,True,False
3.7333296,-0.02201475174362869,0.0037919670449046597,True,False,0.07401895302806095,0.01196032226168572,True,False,-0.01276179912668095,-0.07394009981587978,True,False
3.7666629,-0.06317604043110768,0.0678592222598071,True,False,0.14236603379421714,-0.047863449824941465,True,False,0.029113058719083578,-0.07080341787769666,True,False
3.7999962,-0.11184867279567058,0.14351253849534845,True,False,0.22013471112968475,-0.11424722088405256,True,False,0.06289626757241853,-0.0620573850545584,True,False
3.8333295,-0.15910707160837267,0.2160699747084107,True,False,0.2908407474880164,-0.17621201408686557,True,False,0.07869588898403203,-0.0516192076990431,True,False
3.8666628,-0.19286896082761773,0.2674937704607282,True,False,0.3351246207848617,-0.22156406198056064,True,False,0.07200041655476334,-0.040689414150450055,True,False
3.8999961,-0.20181177443436704,0.2820979543457556,True,False,0.3378005092003001,-0.24094808815486643,True,False,0.04524782458338048,-0.028465828739230023,True,False
3.9333294,-0.17949533335425935,0.25202970746977,True,False,0.2940862932823063,-0.23129044864166579,True,False,0.007185546142685431,-0.014197936478702588,True,False
3.9666627,-0.1271954084702023,0.1805794034514573,True,False,0.21240111577140702,-0.19720976865098352,True,False,-0.029861605230397933,0.0008405342390290033,True,False
3.999996,-0.05433276368415965,0.08202432152502497,True,False,0.11234724682213995,-0.14968496911991555,True,False,-0.05398074480403603,0.012815307465042542,True,False
4.0333293,0.023824108882911102,-0.022157171962942274,True,False,0.018360756178274065,-0.10232098976526843,True,False,-0.05760287872937331,0.016755115979576737,True,False
4.0666626,0.09055853628030931,-0.10961468552090632,True,False,-0.04872232248127806,-0.06653043473493646,True,False,-0.040016872098198264,0.009304707124490705,True,False
4.0999959,0.1328087227662942,-0.1639683203869641,True,False,-0.07900711205632949,-0.04745077870097882,True,False,-0.007547188671196603,-0.008683736610969542,True,False
4.1333292,0.14524776659315045,-0.17984074425841623,True,False,-0.07691862846917079,-0.04221127525807812,True,False,0.02871846472993042,-0.03130108379509804,True,False
4.1666625,0.1318703785101825,-0.16425428736849,True,False,-0.05920637031195915,-0.041299227410438594,True,False,0.056877123062518124,-0.0492809867882429,True,False
4.1999958,0.1044057791684924,-0.13374354459564897,True,False,-0.04821719906301486,-0.03257324322271327,True,False,0.06841997185741679,-0.05377440041139141,True,False
4.2333291,0.07796404280525886,-0.10802135054906281,True,False,-0.06292738637687002,-0.0064067718105029,True,False,0.061156412082733445,-0.04056805632777561,True,False
4.2666624,0.06534735965268573,-0.10232900803390613,True,False,-0.1111359641797495,0.040043592060303626,True,False,0.03975684836914221,-0.012692214525753785,True,False
4.2999957,0.07204001935945484,-0.12121547220143382,True,False,-0.1858256068319571,0.10114783599166484,True,False,0.01370415147286625,0.020056176804623613,True,False
4.333329,0.09377343280223335,-0.15614033392950818,True,False,-0.2671338139116761,0.1644014410307877,True,False,-0.006562883304209328,0.04478185609060095,True,False
4.3666623,0.11772442961254223,-0.18802721186286278,True,False,-0.32924337582946694,0.21473081729481988,True,False,-0.013816107701144923,0.050930010801454775,True,False
4.3999956,0.127103343088609,-0.19410655481040254,True,False,-0.3496208690928236,0.239844992977767,True,False,-0.006873489798876446,0.03512339144506232,True,False
4.433328899999999,0.10758806791143202,-0.1567203632488035,True,False,-0.3171356988304491,0.23455160225705673,True,False,0.00903312604605397,0.003143903368782729,True,False
4.4666622,0.05326782239310279,-0.07087062847852628,True,False,-0.23603091727114445,0.2023677436567203,True,False,0.02452413244858203,-0.03201147136365923,True,False
4.4999955,-0.03017887582398859,0.05241611913555163,True,False,-0.12432088349261933,0.15384138328558594,True,False,0.03007922357966459,-0.05533384517363146,True,False
4.5333288,-0.1264036770250657,0.18839734026573007,True,False,-0.00733104726424076,0.10231687334592222,True,False,0.020171101968830856,-0.056098646678254406,True,False
4.566662099999999,-0.21323219481559488,0.30599616824549003,True,False,0.09106997631157866,0.05889001426250292,True,False,-0.004170538399101607,-0.03252662896214835,True,False
4.5999954,-0.26976076780577785,0.3777081505915262,True,False,0.15618478294760946,0.02858917202565236,True,False,-0.03545542357621485,0.007263747135882324,True,False
4.6333287,-0.28313873709650217,0.3884562576543466,True,False,0.18630408625938005,0.009272416167755922,True,False,-0.06251819665511753,0.04848975262649777,True,False
4.666662,-0.2525527566213439,0.34015007152854765,True,False,0.19139660144633935,-0.006422084802224587,True,False,-0.0749260236268419,0.07577179624789762,True,False
4.699995299999999,-0.1889833717724797,0.25030496762361076,True,False,0.18748633014347987,-0.027010016738185944,True,False,-0.06725663507504737,0.0794395914766855,True,False
4.7333286,-0.11091750499522328,0.14533203397435154,True,False,0.18918134917754326,-0.057779863261232765,True,False,-0.04150704850600855,0.05938046380693969,True,False
4.7666619,-0.03772780439145362,0.05112779076377903,True,False,0.20343064309740716,-0.09798982482405777,True,False,-0.006609325492133378,0.024816845947343638,True,False
4.7999952,0.01673925948724713,-0.015432844023785702,True,False,0.22695155536156575,-0.14082529278686323,True,False,0.02482776522020185,-0.009817658187636333,True,False
4.8333285,0.048008883701182566,-0.05095358850574514,True,False,0.2481841397230017,-0.1760947135730324,True,False,0.04131772338290022,-0.031047171147172734,True,False
4.8666618,0.060997812522969354,-0.06446866125201904,True,False,0.2527553030702684,-0.19446025307149273,True,False,0.03696477284279391,-0.03186304433190585,True,False
4.8999951,0.06649295529430396,-0.07166230936615509,True,False,0.23003762111615358,-0.19134740264655423,True,False,0.013831485834111519,-0.01422395914650323,True,False
4.9333284,0.07572822447870173,-0.08698350349178997,True,False,0.17801849406313872,-0.1688317352806562,True,False,-0.018758209831205505,0.012422075327845993,True,False
4.9666617,0.09533412813916244,-0.11701955050114644,True,False,0.10448012812772821,-0.13469102285232215,True,False,-0.04774769071493065,0.035784078113776215,True,False
4.999995,0.12463404329885346,-0.1578314923487249,True,False,0.024081615271902244,-0.09905022181551677,True,False,-0.06136018966998236,0.04635630764070956,True,False
5.0333283,0.15619924767116736,-0.19719169754893287,True,False,-0.04734227087859886,-0.07009926254214228,True,False,-0.05365543402259721,0.041474997036793256,True,False
5.0666616,0.179223396524494,-0.2205488086856099,True,False,-0.09881258551815049,-0.050771561453545576,True,False,-0.026856466349236587,0.02603793737423485,True,False
5.0999949,0.18419254498411594,-0.2179744158001255,True,False,-0.1280253586416733,-0.03785169513678972,True,False,0.009466758664102562,0.009683531984018372,True,False
5.133328199999999,0.1669166223960382,-0.18898589430187093,True,False,-0.14139438157553944,-0.02391053630598596,True,False,0.042051805393959384,0.0018395512666946306,True,False
5.1666615,0.13035951235616616,-0.1431312037088558,True,False,-0.15037428984775414,-0.0012127518732579297,True,False,0.059030641382587,0.006986374651726655,True,False
5.1999948,0.08364956404931735,-0.0961117802374164,True,False,-0.16569631353524308,0.03414180470479674,True,False,0.054489555864523455,0.022329912034882857,True,False
5.2333281,0.0387601544897223,-0.0631661757082187,True,False,-0.19202335521383598,0.07970393699760546,True,False,0.030748348368222673,0.03894076086509889,True,False
5.266661399999999,0.006187988828156787,-0.05258671555762473,True,False,-0.22534809927491312,0.1269570854029208,True,False,-0.002513348335029832,0.04582616831882136,True,False
5.2999947,-0.008761735317209059,-0.06211415181918365,True,False,-0.2543013225700351,0.1643596932699867,True,False,-0.03194169252067098,0.035083913252664745,True,False
5.333328,-0.007796834545274156,-0.07965306494427024,True,False,-0.26488810493747994,0.18191637580511086,True,False,-0.04559007495829047,0.005821133141498795,True,False
5.3666613,0.0009757135217338685,-0.08789478368923265,True,False,-0.24670544067540429,0.17536976878736765,True,False,-0.03745439536115327,-0.03491247574838057,True,False
5.399994599999999,0.005788657952913848,-0.07086310993999012,True,False,-0.19801826020347846,0.1482300193021818,True,False,-0.009740241197714073,-0.07460894131878473,True,False
5.4333279,-0.004884524895178395,-0.019773449937109357,True,False,-0.12746868158032534,0.11072751637891143,True,False,0.02798486243930978,-0.10016182548192185,True,False
5.4666612,-0.038496069129226096,0.06388947016346669,True,False,-0.05152122481532193,0.07602305623099825,True,False,0.062410858918249164,-0.10306880002479996,True,False
5.4999945,-0.0957504164090331,0.16885109797571768,True,False,0.011516267075241693,0.0551279566624012,True,False,0.08148399863505391,-0.0828375170443921,True,False
5.5333278,-0.16976355255156114,0.2774022724262864,True,False,0.04860504156355896,0.05252786887983494,True,False,0.07888145732117396,-0.047238868308422347,True,False
5.5666611,-0.24720422423377125,0.3700099671644642,True,False,0.05735958949582014,0.06425876435722057,True,False,0.05627158003282903,-0.009358835365677134,True,False
5.5999944,-0.3110934399922673,0.4294800924683176,True,False,0.04740839448260375,0.07925248922696741,True,False,0.022520562706054674,0.017330297713043553,True,False
5.6333277,-0.3446028138067034,0.4436288063670665,True,False,0.03694966589208166,0.08351447859203541,True,False,-0.009829984580872052,0.023935589004037906,True,False
5.666661,-0.3350136463081691,0.40636472688440106,True,False,0.04560997756164298,0.0655978136891903,True,False,-0.029453042262546705,0.009278086190978587,True,False
5.699994299999999,-0.27696785742802993,0.3177832811833972,True,False,0.08624267301987297,0.02131366184026357,True,False,-0.030612079730968706,-0.01988208888169721,True,False
5.7333276,-0.17425424758430286,0.1840020445807292,True,False,0.15885343217715747,-0.044128385679964,True,False,-0.01533502965750788,-0.05146583017178871,True,False
5.7666609,-0.03963575331048569,0.01705875574234611,True,False,0.24915911812975305,-0.1174118315492073,True,False,0.007463746648724688,-0.07244491481612453,True,False
5.7999942,0.10737057734546844,-0.16540595240103861,True,False,0.3325956460919549,-0.18141309047600815,True,False,0.025594752616306164,-0.07332516492199079,True,False
5.833327499999999,0.24435277775845055,-0.3413227263820116,True,False,0.38251863094943306,-0.2209503366347033,True,False,0.028559926318935065,-0.051206678039484504,True,False
5.8666608,0.35062458618662573,-0.4867318086366182,True,False,0.37968412362861725,-0.2278755393067382,True,False,0.011950924766909723,-0.010516534275379321,True,False
5.8999941,0.4114445981546334,-0.5796064884033556,True,False,0.31951143641229673,-0.20365634832941382,True,False,-0.020461745220370434,0.03862454131884082,True,False
5.9333274,0.420709476482876,-0.6041606614227418,True,False,0.21436702027934107,-0.15854295436672525,True,False,-0.05783547726047576,0.08367940649381288,True,False
5.966660699999999,0.38140728825568043,-0.5543849256906375,True,False,0.08990793344484987,-0.10768970438230129,True,False,-0.08622896649479739,0.11347806906167927,True,False
5.999994,0.3038073590820292,-0.43563836679312434,True,False,-0.023289312126053705,-0.06571407008093412,True,False,-0.09398730048483604,0.12136546182024582,True,False
6.0333273,0.2021051514741072,-0.26373682741164806,True,False,-0.09984341480950222,-0.04170965488694303,True,False,-0.07648003793961129,0.1068870218835645,True,False
6.0666606,0.09074556640717811,-0.06184477291699991,True,False,-0.12781363280753327,-0.036498358969682655,True,False,-0.03830320739981827,0.07565777557250965,True,False
6.099993899999999,-0.018311872114238244,0.14380860410950527,True,False,-0.11216206093873364,-0.04301928403137343,True,False,0.008032191051294107,0.037540949213811105,True,False
6.1333272,-0.11659671098850051,0.3281307426951998,True,False,-0.07228304938555816,-0.049564066599391395,True,False,0.0465673995554347,0.0036631600380557486,True,False
6.1666605,-0.1984211023101684,0.4703384894120932,True,False,-0.034604184138412444,-0.04453701251849069,True,False,0.06390329355205303,-0.016925079271008885,True,False
6.1999938,-0.2592794056899562,0.5558079303198425,True,False,-0.023001872792348964,-0.02092333308945944,True,False,0.05445125087511644,-0.020007153029498397,True,False
6.2333271,-0.29457552086774724,0.5769200247993591,True,False,-0.05046987296422943,0.02114940058250801,True,False,0.022825799776813403,-0.007519232590570112,True,False
6.266660399999999,-0.29969607931393955,0.5334585000285653,True,False,-0.11491007931558121,0.07458260814518407,True,False,-0.017683261962938433,0.013093462646233858,True,False
6.2999937,-0.27169527675764527,0.43287211549000776,True,False,-0.20033444697958866,0.12798658678841432,True,False,-0.05010863223076473,0.03143628675290938,True,False
6.333327,-0.21189319113844823,0.2901758811589519,True,False,-0.28279119333238056,0.16973963337922174,True,False,-0.06041806759336307,0.03791870547929206,True,False
6.3666603,-0.12798711054886314,0.1268207062715147,True,False,-0.3386950893671258,0.1918663832432915,True,False,-0.04316224515082151,0.027439090900447684,True,False
6.399993599999999,-0.034221203753761295,-0.032126195451949655,True,False,-0.3525300372222466,0.192349953453343,True,False,-0.0038619259851622213,0.0015934696562268666,True,False
6.4333269,0.05114542520595067,-0.1625535390634899,True,False,-0.3213119825866846,0.17516746736385774,True,False,0.0429353331947871,-0.0315952762715784,True,False
6.4666602,0.11064694909647085,-0.24674178186932955,True,False,-0.2545295605414462,0.14822753004941264,True,False,0.07928484103497038,-0.060545901294051,True,False
6.4999935,0.13311425381374312,-0.277952241905969,True,False,-0.16997140365362848,0.12014400005243689,True,False,0.09099455775728729,-0.07464169071317385,True,False
6.533326799999999,0.11771944031021742,-0.26228519461683414,True,False,-0.08725631133350253,0.09713075441572246,True,False,0.07343183217814704,-0.06866948508736861,True,False
6.5666601,0.07474476454699688,-0.21665211985958402,True,False,-0.021511590567572864,0.08114659794584575,True,False,0.033574670524634705,-0.04529794798382072,True,False
6.5999934,0.022442445834356506,-0.16315257700327032,True,False,0.020667895930853712,0.06985309470405612,True,False,-0.012643986956743953,-0.014380351774980383,True,False
6.6333267,-0.01907720895596902,-0.12170595518448113,True,False,0.041896972421091715,0.058213129709642174,True,False,-0.04674165472500836,0.010871182094659442,True,False
6.666659999999999,-0.03470358261608384,-0.10370770937084578,True,False,0.05155060800871294,0.04094755829696983,True,False,-0.055300549673980966,0.019427946272390924,True,False
6.6999933,-0.0192911157977261,-0.10922644226226583,True,False,0.06149027393750843,0.014812033104772152,True,False,-0.03566388730454929,0.00742001969692742,True,False
6.7333266,0.02120517539832062,-0.12882469233664304,True,False,0.0817087663425072,-0.020167108608161063,True,False,0.0027167000423059876,-0.01967971574905626,True,False
6.7666599,0.0727999001804491,-0.14905446306490214,True,False,0.1173637607806408,-0.06085400043263157,True,False,0.04197720686232441,-0.04883817382664854,True,False
6.799993199999999,0.11936567234332907,-0.15899040926450822,True,False,0.16789099631828092,-0.10231619976217644,True,False,0.06318785503514328,-0.06472802137525434,True,False
6.8333265,0.14877145429663385,-0.15467713282046952,True,False,0.22798540823275415,-0.13960174765479622,True,False,0.05438309251809516,-0.056415662277740856,True,False
6.8666598,0.15665678356769733,-0.13940343608658665,True,False,0.2895992831258907,-0.1691804771410759,True,False,0.015926737292957183,-0.02262469263722404,True,False
6.8999931,0.14636564662855306,-0.11984336366802323,True,False,0.3439571682334999,-0.18948974469888227,True,False,-0.03912315047614784,0.026850896658908257,True,False
6.9333264,0.12538299348362061,-0.10029718625300266,True,False,0.38291230168861334,-0.2004890938653178,True,False,-0.08995829792297612,0.07448063862734008,True,False
6.966659699999999,0.10027532163387241,-0.07839521207600948,True,False,0.39954027611989495,-0.2026006965447209,True,False,-0.11636158680220654,0.10194283566943886,True,False
6.999993,0.07283772217287549,-0.04503608454836064,True,False,0.38836307135352305,-0.1956833279228432,True,False,-0.10705097741496702,0.09788201921578008,True,False
7.0333263,0.03952679001358044,0.010792642660929896,True,False,0.3457658130275199,-0.17864324444101573,True,False,-0.06453531117684753,0.06315007766535591,True,False
7.0666596,-0.005426611382753955,0.09432698358149685,True,False,0.2709373349077918,-0.1499530647485695,True,False,-0.004365855705447354,0.011109931128944555,True,False
7.099992899999999,-0.06478587994282675,0.1983500581560341,True,False,0.1671717550804681,-0.10888326048168209,True,False,0.051028102329153786,-0.03739722126361986,True,False
7.1333262,-0.1337811278781971,0.30144213381399926,True,False,0.04288831684543748,-0.05686207052338124,True,False,0.08145039911516132,-0.0625191425294773,True,False
7.1666595,-0.19900349634197947,0.37310843414837574,True,False,-0.0884598840985652,0.0017526439139490667,True,False,0.07723803136825672,-0.05381369816663363,True,False
7.1999928,-0.241930896523705,0.3845753012756493,True,False,-0.2101647340064812,0.060012751716181645,True,False,0.04326442530381345,-0.01501353077468924,True,False
7.233326099999999,-0.24603491970778124,0.32113064959861387,True,False,-0.30567506443511083,0.10990550194249281,True,False,-0.003090669833509499,0.037040735734324294,True,False
7.2666594,-0.20447255313580498,0.1906309748587985,True,False,-0.3628285765280443,0.14462080127342125,True,False,-0.03922900626199018,0.07904348160923626,True,False
7.2999927,-0.12471821230647002,0.0239190792474773,True,False,-0.3775387433928954,0.1607444479744989,True,False,-0.046880011070828134,0.0907910249692886,True,False
7.333326,-0.027560445099300876,-0.13395373288350082,True,False,-0.3555032396211904,0.1595059733742988,True,False,-0.019918910152414235,0.06370186383420427,True,False
7.366659299999999,0.05971145062173432,-0.23892001238418492,True,False,-0.3110107870982439,0.1465103196911102,True,False,0.03284263380438374,0.004679626745332718,True,False
7.3999926,0.11342385296586971,-0.2637782509360838,True,False,-0.26287422307217034,0.12993273078526466,True,False,0.09110244718831452,-0.06637491387791748,True,False
7.4333259,0.12271886518366006,-0.20837511246451865,True,False,-0.22857679777499032,0.1177426866622372,True,False,0.13133990932559017,-0.12442566028415263,True,False
7.4666592,0.09374002953130799,-0.09970872560421472,True,False,-0.21848051186717526,0.11491431046744144,True,False,0.13646516911844636,-0.1492771728321443,True,False
7.499992499999999,0.046712750152328265,0.01847898284148778,True,False,-0.23208892987745675,0.12162240065975387,True,False,0.10280954310616709,-0.13349737528383818,True,False
7.533325799999999,0.006899697332581554,0.1027602385638374,True,False,-0.2577800914873099,0.13309413707832096,True,False,0.04154106659369275,-0.08498818882618102,True,False
7.5666591,-0.006802456291747074,0.12702584840904935,True,False,-0.2762968793178748,0.14120464159485321,True,False,-0.02605608942565535,-0.023187458540931218,True,False
7.5999924,0.009364844789801041,0.09258045570454508,True,False,-0.26698996140350284,0.13728268839130892,True,False,-0.0774097350608682,0.029396207849259722,True,False
7.633325699999999,0.04191141095262579,0.027150367279414365,True,False,-0.21481797020141802,0.11515984913165304,True,False,-0.0978428455063779,0.056632398674822636,True,False
7.666658999999999,0.06587837078017936,-0.026924798930873284,True,False,-0.11579046102765973,0.07341147687631089,True,False,-0.08623450197224973,0.055132386287753285,True,False
7.6999923,0.05627721510511115,-0.030649475298300328,True,False,0.0209771225168094,0.01603066740288452,True,False,-0.05480708883081791,0.03483649685555591,True,False
7.7333256,0.0003537720102486137,0.034706655902390894,True,False,0.17530147936313542,-0.04866411883250138,True,False,-0.02321158208579054,0.013678672050518505,True,False
7.766658899999999,-0.09471791640507811,0.15850504868991466,True,False,0.32139636925814746,-0.11046878140000872,True,False,-0.009523447865560943,0.008781050246167987,True,False
7.799992199999999,-0.20231890519975945,0.30308972159841296,True,False,0.4349678266390763,-0.16021035816155008,True,False,-0.02207475704950334,0.028149205459698158,True,False
7.8333255,-0.2852419565054861,0.41666812794009045,True,False,0.4996471072920026,-0.19214489295967205,True,False,-0.05567267129859269,0.06660798005240444,True,False
7.8666588,-0.30953992969850697,0.4516990989832778,True,False,0.5107648057176053,-0.20507423989920928,True,False,-0.09385382908426226,0.10783644766175661,True,False
7.899992099999999,-0.2577930389477205,0.38177804019841816,True,False,0.4754276901501187,-0.20191311627999126,True,False,-0.11621411761366654,0.13165078033134767,True,False
7.933325399999999,-0.13638162239963447,0.21085055552734705,True,False,0.4091216618314847,-0.1879992163268067,True,False,-0.1076514935689564,0.123334243467799,True,False
7.9666587,0.026193089271772167,-0.028214321796650593,True,False,0.33018268714631205,-0.16886046725150836,True,False,-0.06550857928717424,0.080858964934006,True,False
7.999992,0.18920338060436062,-0.28450877024618554,True,False,0.25407941584990484,-0.14828822803297215,True,False,-0.0014685520403067526,0.016711579899424997,True,False
8.0333253,0.31373331620336226,-0.5048559060389071,True,False,0.1893627859047219,-0.12738098563798586,True,False,0.06272289215170064,-0.046644809440569535,True,False
8.0666586,0.3752445778899549,-0.648553059839337,True,False,0.1364326738985068,-0.10480789590520061,True,False,0.10400693734383129,-0.08587170760628532,True,False
8.0999919,0.36992073535750086,-0.6962502222388226,True,False,0.08923056441842098,-0.07806420825779455,True,False,0.10760590745519819,-0.08660396306052338,True,False
8.1333252,0.31286380691590404,-0.6509531052383615,True,False,0.03897062080916152,-0.04513287192964993,True,False,0.0734325734873809,-0.04984309405332892,True,False
8.166658499999999,0.22968703398813428,-0.5323921046305442,True,False,-0.021588921176663254,-0.0058547090476873355,True,False,0.016571854857226564,0.007899439411648536,True,False
8.1999918,0.14562074344170836,-0.36827227870938956,True,False,-0.09487271597646757,0.037528362498725834,True,False,-0.03847019273246684,0.06090034298970509,True,False
8.2333251,0.07685437911486007,-0.18634715081933959,True,False,-0.17725418922232203,0.08083209645432606,True,False,-0.06748255931678163,0.08446264154681139,True,False
8.266658399999999,0.027347453921942957,-0.009881354116274096,True,False,-0.26008523538314543,0.1191565534501239,True,False,-0.05631830181990333,0.06494331790442884,True,False
8.2999917,-0.008423256788859414,0.14320926006902493,True,False,-0.3323994229007444,0.1483543659193182,True,False,-0.0067596589553027215,0.005493367501957184,True,False
8.333325,-0.03900927645572367,0.2591566456225035,True,False,-0.38417609781479667,0.1661526184320883,True,False,0.06391012583423653,-0.0748217936574682,True,False
8.3666583,-0.06946686252777327,0.3273032099445374,True,False,-0.40898552505877955,0.17252210979588617,True,False,0.1294856012302502,-0.14817798309098637,True,False
8.3999916,-0.09798838929382261,0.3406528324800852,True,False,-0.4052044030373133,0.16922419954107495,True,False,0.16496307138615643,-0.18857746820418417,True,False
8.433324899999999,-0.1170274876528666,0.29790471741580665,True,False,-0.37561646870683785,0.15880782630130785,True,False,0.15620455204497924,-0.18169096131395232,True,False
8.4666582,-0.11791542829979872,0.20560498345340325,True,False,-0.32583102083798676,0.14353384432047706,True,False,0.10534909604375077,-0.13013675589415327,True,False
8.4999915,-0.09632125635971248,0.07878565318736347,True,False,-0.26232292154686987,0.12469126456782718,True,False,0.029894149838057885,-0.05222835630395761,True,False
8.533324799999999,-0.055690135159382224,-0.060756486127353876,True,False,-0.19089752155046308,0.10255639564114583,True,False,-0.044120549484874566,0.02519810737129104,True,False
8.5666581,-0.006990459015617757,-0.18814243625685206,True,False,-0.11605005945253741,0.07693310777152818,True,False,-0.09209631178420412,0.07698774632285395,True,False
8.5999914,0.03498763622712,-0.2797566964747456,True,False,-0.04119655372787376,0.04794258652991525,True,False,-0.10010806451499539,0.08891750237059355,True,False
8.6333247,0.05690676555654297,-0.31691664877371517,True,False,0.03066414713841733,0.01662432894985966,True,False,-0.06983147410382871,0.06248620761028448,True,False
8.666658,0.051280708088253024,-0.2882500763417821,True,False,0.09645070401537376,-0.014986936584976856,True,False,-0.017350885893556583,0.013555314035606258,True,False
8.699991299999999,0.018224111570541986,-0.1910525215448048,True,False,0.1530843927972141,-0.04437926565357694,True,False,0.03355266813972232,-0.034431847788466384,True,False
8.7333246,-0.03574951243717093,-0.03226344508620836,True,False,0.1981814653233647,-0.06944306160150017,True,False,0.060901885758077194,-0.05985998508930978,True,False
8.7666579,-0.1007499558903857,0.1707390726485971,True,False,0.23095485255264941,-0.08927715537351559,True,False,0.053053322643046595,-0.05126219999377706,True,False
8.7999912,-0.1665679763933162,0.3902431228146337,True,False,0.25271020876456607,-0.10448706755830779,True,False,0.012953690696563016,-0.011368232983682279,True,False
8.8333245,-0.2243863093299999,0.5905705190115011,True,False,0.2664389641202015,-0.11675493853118307,True,False,-0.04344982382431059,0.0445505423193673,True,False
8.866657799999999,-0.2668957942636967,0.7337594109760287,True,False,0.27543337109341454,-0.12780059608942337,True,False,-0.09390475011005561,0.09521226705454328,True,False
8.8999911,-0.28770904269357744,0.7882191304186154,True,False,0.28138811980313133,-0.1381686710999971,True,False,-0.11892406131533156,0.12202519100957755,True,False
8.9333244,-0.28140209380289316,0.7381348611776842,True,False,0.2828451907406694,-0.14641732060594465,True,False,-0.10960094298439133,0.11646813718249703,True,False
8.966657699999999,-0.24496658319187659,0.590082127461954,True,False,0.2748633674098823,-0.14916920168284653,True,False,-0.07106150937242975,0.08325311087910402,True,False
8.999991,-0.18024201405361057,0.3734628028878321,True,False,0.2503859314915866,-0.1421466016699063,True,False,-0.02019139599146632,0.038080174035760674,True,False
9.0333243,-0.09577961155771343,0.13324102372530608,True,False,0.20307336199215006,-0.12188619398239851,True,False,0.021447801390935287,0.0009383648761649991,True,False
9.0666576,-0.006334921944397358,-0.08353554257331383,True,False,0.13065095141218602,-0.08749577159315912,True,False,0.03666750978647439,-0.012342097187169622,True,False
9.0999909,0.0708856231891272,-0.24298408427602874,True,False,0.03741972959256055,-0.04172285453383343,True,False,0.020003245407688674,0.0031154082663231142,True,False
9.1333242,0.12235014488895435,-0.3354244278213105,True,False,-0.06528731145814382,0.009192442778629455,True,False,-0.019670287716458675,0.038873060527463525,True,False
9.1666575,0.14415887145449946,-0.3771183881379295,True,False,-0.16124620503269183,0.05697179308457308,True,False,-0.06245293663158953,0.07632050734629968,True,False
9.1999908,0.14470567965253334,-0.4010068980371811,True,False,-0.23363379886697616,0.09364145189231284,True,False,-0.08549068943122887,0.09421966485377352,True,False
9.2333241,0.14194559670976653,-0.43947936448204955,True,False,-0.27010695789935346,0.11396146121892489,True,False,-0.0726687880166967,0.07774850007504923,True,False
9.2666574,0.15554753080208458,-0.5062747849759482,True,False,-0.26685099210008534,0.11704761894941156,True,False,-0.02201111967574677,0.025412393996490316,True,False
9.2999907,0.19689054185166718,-0.5859424154308911,True,False,-0.23001592355979308,0.10654883959100636,True,False,0.05236924867785686,-0.04912730296899334,True,False
9.333324,0.26148002634547385,-0.6368197806368401,True,False,-0.17384667899503173,0.08926427347001635,True,False,0.12486169437451715,-0.12136380630571046,True,False
9.3666573,0.3279171547637632,-0.6078605560265392,True,False,-0.11603702196628167,0.07267617673861339,True,False,0.16798486103731983,-0.16502562648396157,True,False
9.3999906,0.36497986346196865,-0.4631488798159522,True,False,-0.07192138134955986,0.06230204278457509,True,False,0.16341836396188467,-0.16253900568600793,True,False
9.4333239,0.3446701086699206,-0.20358129784372603,True,False,-0.04961560694352442,0.05985539780843416,True,False,0.11003917592206837,-0.11270835612192927,True,False
9.4666572,0.2559373802291348,0.12468936924434493,True,False,-0.0478972629990078,0.06290364222282473,True,False,0.0255260975207356,-0.03231605575501379,True,False
9.4999905,0.11280025008822003,0.44046440251507835,True,False,-0.05757699734318408,0.0661340052638755,True,False,-0.05950164145084354,0.04939448426790461,True,False
9.5333238,-0.04753647319334673,0.6538274319453071,True,False,-0.06575727295757362,0.06371105527474005,True,False,-0.11289043472361418,0.10156016332486867,True,False
9.5666571,-0.17684372897810335,0.6986450765202211,True,False,-0.0612516999739107,0.05178266212825054,True,False,-0.11363128522565819,0.10379919130420565,True,False
9.5999904,-0.2339522337863101,0.5579362719454467,True,False,-0.039012318885469466,0.03013965740688316,True,False,-0.06077693651671785,0.05475821646012561,True,False
9.6333237,-0.20139446048247422,0.27129294770399914,True,False,-0.0018627588836805813,0.0023809466880882505,True,False,0.02520863634175811,-0.026532939098646183,True,False
9.666657,-0.09337368010492435,-0.07902883645190655,True,False,0.041027280808299496,-0.025458382787772,True,False,0.10962943163687527,-0.10741008525067869,True,False
9.6999903,0.04875995729501188,-0.39761829173097313,True,False,0.07814705419566156,-0.047238596917544916,True,False,0.15682560230861498,-0.15409364035318887,True,False
9.7333236,0.17204609781363156,-0.6086675615922211,True,False,0.10036552579696273,-0.05904666583359161,True,False,0.14448905219148866,-0.14518820582766798,True,False
9.7666569,0.2321344077047984,-0.678552069568994,True,False,0.1043845085175784,-0.06057788784683282,True,False,0.07329129043129132,-0.08075313488671568,True,False
9.7999902,0.20969848132360205,-0.6197723342427076,True,False,0.09355968096406525,-0.05501821915332811,True,False,-0.032307114817068334,0.016905675121541723,True,False
9.8333235,0.11615672807419095,-0.4764502403922737,True,False,0.07589634052492397,-0.047504898685015125,True,False,-0.132824327638234,0.11137046617658798,True,False
9.8666568,-0.013461827056040989,-0.29980546616357956,True,False,0.0602346954014655,-0.042836649193343845,True,False,-0.1890050731878815,0.16621726783706134,True,False
9.8999901,-0.13694415811284602,-0.1259269866809003,True,False,0.05236564971208876,-0.04341307731399949,True,False,-0.17766211672423576,0.15959700998333803,True,False
9.9333234,-0.2229655986043624,0.03406448153881229,True,False,0.052766322776165685,-0.048273841161206386,True,False,-0.10170218165847442,0.09340833397256036,True,False
9.9666567,-0.26263116944290427,0.18836870065901856,True,False,0.05686424154113155,-0.05362985476485259,True,False,0.009995810854679064,-0.006815431341055154,True,False
9.99999,-0.26958423915678326,0.3483584565247248,True,False,0.05759375524486228,-0.05463803824419581,True,False,0.11322909287453824,-0.10152110029453713,True,False
10.0333233,-0.26930207918876226,0.5119751693112682,True,False,0.04900783806509971,-0.04764231587387266,True,False,0.16573722620483214,-0.15260434810356827,True,False
10.0666566,-0.28332703807632964,0.656361556751524,True,False,0.029283648372803672,-0.0319108281477261,True,False,0.14431162814076715,-0.13860680219002008,True,False
10.0999899,-0.31646891801526217,0.7441297280571083,True,False,0.0017782876852875669,-0.01012182805626785,True,False,0.05477451112748611,-0.06348915202126049,True,False
10.1333232,-0.353380155555901,0.740327797238459,True,False,-0.02630785354327326,0.012609537130978935,True,False,-0.06948797253802172,0.04467268749223255,True,False
10.1666565,-0.36616675725463527,0.6315383335199423,True,False,-0.04702777474448477,0.03074647879000423,True,False,-0.18021703399205968,0.1446716327336787,True,False
10.1999898,-0.32917372595548583,0.43729229063249314,True,False,-0.055137687177573655,0.04052727425495534,True,False,-0.23335785068024495,0.19848266710501827,True,False
10.2333231,-0.2334753162390244,0.20750646759760233,True,False,-0.05035249240551683,0.0414082422538496,True,False,-0.20689356930171687,0.18633440844234786,True,False
10.2666564,-0.09367806529900766,0.00608335123881012,True,False,-0.037403342596157435,0.036141599243933197,True,False,-0.11008497075601564,0.11442598182361531,True,False
10.2999897,0.056621300954396735,-0.11289525386457634,True,False,-0.023873522477585025,0.029459269946020238,True,False,0.019892009774531986,0.012150742848051824,True,False
10.333323,0.17881167110351492,-0.12653773051512165,True,False,-0.016770128490976397,0.02592652055200275,True,False,0.13280409125038134,-0.08003182208739365,True,False
10.3666563,0.24608804767760828,-0.05301527734226715,True,False,-0.019343257220041696,0.027881605333035287,True,False,0.18581864740249518,-0.12711324728487744,True,False
10.3999896,0.25504141143049436,0.05461106061811994,True,False,-0.029555290601051436,0.034342189623624286,True,False,0.16122377147916947,-0.11369602740273856,True,False
10.4333229,0.22639195404206847,0.12877628394987886,True,False,-0.040885460051364016,0.04135339064194317,True,False,0.0740457516958684,-0.05003876990210179,True,False
10.4666562,0.19444373160441994,0.11438384521960857,True,False,-0.045146641031121475,0.04364846817189344,True,False,-0.033758040458129114,0.032427279556342434,True,False
10.4999895,0.19026576799690412,-0.00824630387796442,True,False,-0.03612951628362501,0.03694504933001007,True,False,-0.1103735972126226,0.09421547014328258,True,False
10.5333228,0.22661320984334643,-0.2139436087919917,True,False,-0.012539321294109252,0.01993445011165608,True,False,-0.11564602761356385,0.10414399351416317,True,False
10.5666561,0.29173644682011507,-0.44116209211976426,True,False,0.02100952176724877,-0.004854930264127987,True,False,-0.038289720636772696,0.05228786400077115,True,False
10.5999894,0.3549240814307693,-0.615468334711544,True,False,0.055367123591679446,-0.03168461239370313,True,False,0.09830378222858191,-0.04567261789516089,True,False
10.6333227,0.3809959265014772,-0.6786613687142582,True,False,0.08005080191335925,-0.05349458445717173,True,False,0.24418521561043802,-0.15437084233174853,True,False
10.666656,0.3467455671063771,-0.6114624238964776,True,False,0.08701760089128889,-0.06433425323273675,True,False,0.3417947570943744,-0.23246968706229315,True,False
10.6999893,0.2515575210735415,-0.4402752552668463,True,False,0.07355657206797869,-0.061419766392141084,True,False,0.3482664876831505,-0.2486448941422713,True,False
10.7333226,0.11741735743611287,-0.22534654484123903,True,False,0.04323951532011542,-0.04606420495397818,True,False,0.25227441993528565,-0.19352530653128314,True,False
10.7666559,-0.021234312062859414,-0.03572867753256814,True,False,0.004650203582536483,-0.023171347041549495,True,False,0.07879703506264711,-0.08302715499832944,True,False
10.7999892,-0.13249518723961012,0.07790721123124765,True,False,-0.03154589777363966,0.00047436559387705005,True,False,-0.1200077087689682,0.04797596886102842,True,False
10.8333225,-0.19944033664372565,0.10093149081717248,True,False,-0.056057792384941074,0.018461758984288427,True,False,-0.2841252541631116,0.15890016548150426,True,False
10.8666558,-0.224251454631715,0.05586068923611818,True,False,-0.06371415428453302,0.026733833584887373,True,False,-0.3675299553758555,0.21828647721397512,True,False
10.8999891,-0.22274781661586845,-0.012414955294955302,True,False,-0.05462440510636965,0.0246331594597847,True,False,-0.35402590922919347,0.2145125291570583,True,False
10.9333224,-0.21298750205793265,-0.059471386669214,True,False,-0.033531020202621574,0.014733948846154579,True,False,-0.26117898108785614,0.15853660256731783,True,False
10.9666557,-0.204502696919556,-0.061206226724088764,True,False,-0.007787868721589905,0.001635425545555697,True,False,-0.13139461225420268,0.07810041297038074,True,False
10.999989,-0.19409589259533686,-0.021717067523141908,True,False,0.015179117560577354,-0.00976254748173016,True,False,-0.014344915398788564,0.0061273202061511945,True,False
11.0333223,-0.17031986304312166,0.033563544996080726,True,False,0.030017432933039816,-0.015857479028679036,True,False,0.051878514698774414,-0.03189794530913783,True,False
11.0666556,-0.12381266287259962,0.07494148971469386,True,False,0.034569670062164576,-0.015292922517235848,True,False,0.05352648836517715,-0.02671725500483386,True,False
11.0999889,-0.05720049259171425,0.08637144084896155,True,False,0.02980338714654142,-0.009027449114434663,True,False,0.003496031118347805,0.012782519493932757,True,False
11.1333222,0.011783479454093032,0.074745344155723,True,False,0.018820046794736988,0.0003703924549115227,True,False,-0.06669826429438185,0.06470394054601289,True,False
11.1666555,0.056829052118839186,0.06571753714392357,True,False,0.005468163615714511,0.009843572474789095,True,False,-0.12112229357104956,0.1037985646636336,True,False
11.1999888,0.056764973301115386,0.0882272759919095,True,False,-0.0069042430906237125,0.01693790702134009,True,False,-0.13365217246459113,0.11159200385278181,True,False
11.2333221,0.009586422357834056,0.15580632076735326,True,False,-0.01620732049188903,0.020497248991330996,True,False,-0.09677461274268832,0.08305720207704685,True,False
11.2666554,-0.06116092559445853,0.25468027931654363,True,False,-0.021787245430568942,0.02079087765690521,True,False,-0.02225594870260974,0.02754445182451806,True,False
11.2999887,-0.11252611131887544,0.3455969061636077,True,False,-0.02414880683956471,0.01912200972269978,True,False,0.06554110668511544,-0.03595448551561864,True,False
11.333322,-0.09976732780958437,0.37967461311661194,True,False,-0.024444562140040864,0.01713275703418044,True,False,0.14019723794723674,-0.08697412952435654,True,False
11.3666553,0.0016311231015684686,0.32153312224670594,True,False,-0.023934049835234894,0.01608731504309723,True,False,0.1831576170599767,-0.11178669336823643,True,False
11.3999886,0.1796597267365647,0.16893967022085118,True,False,-0.023537767666155437,0.016379139612265788,True,False,0.18944024355312097,-0.10846849005495976,True,False
11.4333219,0.3837048970416545,-0.04080984086444046,True,False,-0.023537937432325927,0.017400779662655436,True,False,0.16763215253832658,-0.08701252049597227,True,False
11.4666552,0.5393769679995501,-0.2418603455273644,True,False,-0.023448663875497013,0.017783703285879568,True,False,0.1349652446720581,-0.06464778962702442,True,False
11.4999885,0.5754327131784959,-0.36431849143770084,True,False,-0.02208373920505781,0.015903143511500448,True,False,0.10985685990891422,-0.058324416315962656,True,False
11.5333218,0.4522163332478035,-0.3620922997746767,True,False,-0.01785181190120492,0.010476676767875347,True,False,0.10476885934274113,-0.07731275762699304,True,False
11.5666551,0.17975083080555562,-0.23192586857414738,True,False,-0.009268795090881065,0.001072670395521409,True,False,0.12168692073189764,-0.1187448820784616,True,False
11.5999884,-0.1824506247718613,-0.015181006551762929,True,False,0.004408426305366947,-0.011620529383527325,True,False,0.15139442374396464,-0.16780433702603376,True,False
11.6333217,-0.5442450072002265,0.21845131748078797,True,False,0.022617907267361254,-0.025845132134172357,True,False,0.17650667894424205,-0.20257925538520696,True,False
11.666655,-0.8149657231069316,0.398070484285918,True,False,0.04323312670723641,-0.039138067274197136,True,False,0.17726286251696882,-0.20192620145884158,True,False
11.6999883,-0.9327548934924327,0.47757015814204945,True,False,0.06278835963895224,-0.048916262115550294,True,False,0.13844568240178662,-0.15360232033121898,True,False
11.7333216,-0.8817681991523518,0.449425235056885,True,False,0.07721364310389928,-0.05312439640648672,True,False,0.05549705139685574,-0.059764026771447626,True,False
11.7666549,-0.6914377316796989,0.34112010655692504,True,False,0.08290120625413826,-0.050760544610680164,True,False,-0.06206699839430461,0.062244358101809956,True,False
11.7999882,-0.419784925788099,0.19727335040045685,True,False,0.07776450984799653,-0.042122642717289834,True,False,-0.19137482539242742,0.1843353876299765,True,False
11.8333215,-0.12929014814042317,0.05701454018235699,True,False,0.06191426564730558,-0.028698609982280295,True,False,-0.30150217489639675,0.2760925371401743,True,False
11.8666548,0.13380646127372042,-0.06211604022520435,True,False,0.03769381112181387,-0.012735018087454858,True,False,-0.36239297053088404,0.3144563161402311,True,False
11.8999881,0.34855065099200583,-0.16629441533922837,True,False,0.009048885463975576,0.003372914634713514,True,False,-0.3549426170681969,0.29141037962937594,True,False
11.9333214,0.5146656670140709,-0.27352115809617783,True,False,-0.019541486480770334,0.017664348711759,True,False,-0.2788264576901469,0.21692674585524124,True,False
11.9666547,0.639013813723039,-0.3949544438537325,True,False,-0.044183729270784865,0.02897397492480034,True,False,-0.15481097903872446,0.11595175633135155,True,False
11.999988,0.7218469646152484,-0.5202443152517628,True,False,-0.0623465164219334,0.036962759141405156,True,False,-0.019810559491243863,0.020255266055030696,True,False
12.0333213,0.7509719861681795,-0.6156297235105535,True,False,-0.0730639055693247,0.04184220119995345,True,False,0.08448339122720952,-0.04217405449007308,True,False
12.0666546,0.7071899227524382,-0.6369531295131087,True,False,-0.07658558331956913,0.043942469482369774,True,False,0.12588129035541687,-0.056515018354334055,True,False
12.0999879,0.5779109673515975,-0.5518095661630495,True,False,-0.0737287866425838,0.04334100479572542,True,False,0.09370946407406336,-0.02591198691987564,True,False
12.1333212,0.3710297640532994,-0.3597655884746615,True,False,-0.06529673168653989,0.039741796481044665,True,False,0.003675247149610255,0.03012638106707433,True,False
12.1666545,0.12048680082496831,-0.09972345863562511,True,False,-0.05186424630794822,0.03268213909931347,True,False,-0.10691745533243177,0.08323930997883083,True,False
12.1999878,-0.12111693106163325,0.16077013046438046,True,False,-0.03402094096462829,0.021987429418644837,True,False,-0.19240400699663016,0.10693791315686538,True,False
12.2333211,-0.30083390551420963,0.35076676373393806,True,False,-0.012902998642223345,0.008261737436153998,True,False,-0.21570402791758211,0.08656475761171482,True,False
12.2666544,-0.38656121508315766,0.42473239911293836,True,False,0.00933930293779591,-0.00684625670495811,True,False,-0.16240357029999972,0.024708581201302062,True,False
12.2999877,-0.3807792850391858,0.38151716861221424,True,False,0.029505596684364907,-0.020796590914728217,True,False,-0.04623326325700357,-0.06003493642834163,True,False
12.333321,-0.3193587887614149,0.2641001914321162,True,False,0.04393380071270794,-0.030763571140053805,True,False,0.09646743532548441,-0.14050345377500761,True,False
12.3666543,-0.2547949582718156,0.1395224427939795,True,False,0.04961077388921416,-0.03452993632503328,True,False,0.22117742965301543,-0.19169012332298785,True,False
12.3999876,-0.2308701733136698,0.06782550622028458,True,False,0.04541638967525976,-0.03135529297040719,True,False,0.2926006031757738,-0.20046503807109406,True,False
12.4333209,-0.26045238993047165,0.07428949784641163,True,False,0.03296740152580002,-0.022467015193645988,True,False,0.29781609923199104,-0.17035595767676862,True,False
12.4666542,-0.3174304947001794,0.13807828954952664,True,False,0.01660447285851974,-0.010923081531902171,True,False,0.24973810633470248,-0.11941723827781753,True,False
12.4999875,-0.3477076689807839,0.20297719140882486,True,False,0.0023527427107267666,-0.000807410921213509,True,False,0.17961913794835022,-0.07204805252131279,True,False
12.533320799999998,-0.2953567798007341,0.20564917861320922,True,False,-0.0039190000221453304,0.004034832857391612,True,False,0.1220405298910369,-0.048161708651744316,True,False
12.5666541,-0.13255402349027348,0.1085199495974711,True,False,0.0014334213206836075,0.0013235025536054992,True,False,0.09903918067216114,-0.05428409503550951,True,False
12.5999874,0.12064221534562872,-0.07806469442102716,True,False,0.018267219389718738,-0.008727402698748212,True,False,0.1103455106241646,-0.08043777932587788,True,False
12.6333207,0.3967862637292957,-0.295179133321458,True,False,0.042223195463205625,-0.02323631333683647,True,False,0.13401874922160864,-0.10430058558932605,True,False
12.666654,0.6032571296560069,-0.4573346197616426,True,False,0.06570648702163463,-0.03736172109280085,True,False,0.1372152545997171,-0.101067760163472,True,False
12.6999873,0.6579014563989855,-0.4880965501205839,True,False,0.08007639544366255,-0.04572494480197971,True,False,0.0923699689416956,-0.0549676883501698,True,False
12.7333206,0.5234355344797832,-0.35394275500680444,True,False,0.07840339212309846,-0.044129935975655725,True,False,-0.008362930451608299,0.03245694524542438,True,False
12.7666539,0.22586073996244255,-0.08151395930975434,True,False,0.057906956694042305,-0.031035424822186398,True,False,-0.1469107024058047,0.14099250505893945,True,False
12.7999872,-0.1514512544217001,0.24952495378411793,True,False,0.021234443144305976,-0.00828090329356482,True,False,-0.284345453562041,0.23822943799651294,True,False
12.8333205,-0.4962083662788581,0.5353240842771543,True,False,-0.023924511346142346,0.019220483377623263,True,False,-0.37540906318126854,0.29153459630765877,True,False
12.8666538,-0.7069347416694466,0.6864540012353622,True,False,-0.0668721875492601,0.04479243910163354,True,False,-0.3865969862523644,0.28082715935387836,True,False
12.8999871,-0.7281073747677017,0.6603535294082794,True,False,-0.09702659356651565,0.061953687608963616,True,False,-0.310276329953277,0.2069877748660518,True,False
12.9333204,-0.5669704954904704,0.474622368637153,True,False,-0.10718727257770329,0.06643567341225196,True,False,-0.16886845657226246,0.09237407940535813,True,False
12.9666537,-0.28623320219862686,0.19659123385765195,True,False,-0.09589370471142336,0.05761252316719662,True,False,-0.007199962154422491,-0.026958715182319386,True,False
12.999987,0.02302880648470239,-0.08528975951484367,True,False,-0.06805893990291767,0.03884097541402843,True,False,0.12400619286561375,-0.1143932716754993,True,False
13.0333203,0.27610002721205235,-0.2954061692979284,True,False,-0.03357183866663387,0.016526165099718614,True,False,0.18691107501332155,-0.14612506500986275,True,False
13.0666536,0.42254392476991104,-0.39605002024158675,True,False,-0.00420493694226924,-0.001867499451810744,True,False,0.1701498207708062,-0.11954864322564329,True,False
13.0999869,0.4569020414201054,-0.39422946979777446,True,False,0.010256349434447054,-0.01027555235983307,True,False,0.09195471135188359,-0.05342482537104492,True,False
13.1333202,0.40998430682528836,-0.32945275822586173,True,False,0.0054261175138491475,-0.006173318045804898,True,False,-0.008181623912960566,0.020120483308399856,True,False
13.1666535,0.3271161292269584,-0.2500497766649415,True,False,-0.015903204128324515,0.00835253530051147,True,False,-0.0857080593472184,0.06848925874343095,True,False
13.1999868,0.24476247653050662,-0.18992485680960539,True,False,-0.044332857860405604,0.027051583289533825,True,False,-0.1084606427810274,0.07124598732661103,True,False
13.233320099999998,0.17643955102468423,-0.1562577526927611,True,False,-0.06676022881838727,0.041445602631524116,True,False,-0.0684460918016221,0.027555612337820855,True,False
13.2666534,0.11333081120650962,-0.13257483618464463,True,False,-0.07079596937203153,0.04370391104821439,True,False,0.016446571799700247,-0.04433667338837153,True,False
13.2999867,0.03739835372330051,-0.09391080904623027,True,False,-0.04929197822996985,0.02953217058487943,True,False,0.1110291089601141,-0.11511581794023862,True,False
13.33332,-0.061264086302132696,-0.02517064657949133,True,False,-0.003419267873805851,6.192205613630599e-05,True,False,0.17778802577353545,-0.15646857285854593,True,False
13.3666533,-0.17274521493576153,0.06718263895940625,True,False,0.056893658872350435,-0.038007116982681624,True,False,0.1919542814650266,-0.1522796815963921,True,False
13.3999866,-0.2678563062621548,0.15611075960461004,True,False,0.11552909798767476,-0.07420350498552516,True,False,0.15062691700419786,-0.10453022852324176,True,False
13.4333199,-0.3109061990626538,0.20698933777262893,True,False,0.15509741535696253,-0.09753645204477646,True,False,0.07259723530490385,-0.03174875412571792,True,False
13.4666532,-0.27826705482569825,0.19582038109336478,True,False,0.16266589708912677,-0.1001646784502645,True,False,-0.010556001271323832,0.039070983196029765,True,False
13.4999865,-0.17310676806283212,0.1232572171850422,True,False,0.13435814074229607,-0.08021842991595664,True,False,-0.06802353368634065,0.08357860484870441,True,False
13.5333198,-0.028292892590183055,0.017084591113123382,True,False,0.07714435934676088,-0.04273045077937067,True,False,-0.0822146508241949,0.08960436043437937,True,False
13.5666531,0.10489421117993014,-0.07855070628276722,True,False,0.0070302085550979655,0.001753040675356538,True,False,-0.05507439800938523,0.06133067370587304,True,False
13.5999864,0.1776910940190188,-0.12239082739912287,True,False,-0.055911174784154506,0.040499407697677806,True,False,-0.005986761553478731,0.01661323123308006,True,False
13.6333197,0.16502123699695653,-0.09485684351174649,True,False,-0.09406322397760826,0.06275585027835084,True,False,0.0374759679563981,-0.021201911634581214,True,False
13.666653,0.0770575199811933,-0.007530114346761281,True,False,-0.09810582175898047,0.0633072659402789,True,False,0.051825309567278315,-0.03342779143387262,True,False
13.6999863,-0.04444920533580383,0.10124016124716624,True,False,-0.07008044694011568,0.04414846773284146,True,False,0.027748545987083324,-0.013926385907030879,True,False
13.7333196,-0.14377431018122644,0.1827572480617722,True,False,-0.022520271782856812,0.013644083918406224,True,False,-0.02609287644400769,0.028449821425364844,True,False
13.7666529,-0.17506613271439952,0.19906453934622592,True,False,0.02611299518306049,-0.016545110019088354,True,False,-0.08695646430252148,0.07376588311781831,True,False
13.7999862,-0.12188027045067651,0.13927180209617543,True,False,0.05807901111366875,-0.035664846585326086,True,False,-0.12781975893128888,0.09957706721094903,True,False
13.8333195,-0.0038247150175267945,0.02396306557211539,True,False,0.06268409046452926,-0.03766583585489275,True,False,-0.12895394083734124,0.09062411486844126,True,False
13.8666528,0.13239561426124294,-0.10399234026248508,True,False,0.03995529841129581,-0.023207777960827954,True,False,-0.08651840488913666,0.045693093211283155,True,False
13.8999861,0.23324932456169128,-0.19780432536633963,True,False,0.0003069180078981332,0.0008508121993958385,True,False,-0.014721338514377819,-0.021153884819008963,True,False
13.933319399999998,0.26078024709872316,-0.22596508896841647,True,False,-0.039653716447643074,0.024249595904615544,True,False,0.059284113819738735,-0.08550871804943766,True,False
13.9666527,0.20733965597659632,-0.18393755186768673,True,False,-0.06357052001844224,0.03732255166741122,True,False,0.10572464928170074,-0.12179412758518614,True,False
13.999986,0.09665682836379937,-0.09371722153647855,True,False,-0.06157055056004315,0.03466540892598674,True,False,0.10371379097478418,-0.11311767247701544,True,False
14.0333193,-0.028406249614705014,0.007716272971745071,True,False,-0.03392005898008467,0.017096584416393154,True,False,0.04952372609062306,-0.058004511853959245,True,False
14.0666526,-0.12519017224382048,0.08518338641043113,True,False,0.009242952431917337,-0.008788101794735895,True,False,-0.041473461474387636,0.028538630895442826,True,False
14.0999859,-0.1686709640634028,0.11953331885900569,True,False,0.05191561109765133,-0.03323114916523748,True,False,-0.13983940499092776,0.11997571415841823,True,False
14.1333192,-0.15945308742579756,0.1132535698166748,True,False,0.07835307017694382,-0.04704071145929537,True,False,-0.2121167575037412,0.18729026210374217,True,False
14.1666525,-0.11957510163706639,0.08575607325610518,True,False,0.07890619656801955,-0.04497990805986269,True,False,-0.23215625075570576,0.20874991821603248,True,False
14.1999858,-0.07912305853487625,0.061463577540462375,True,False,0.05335501998282111,-0.027551574855306564,True,False,-0.18967245448338207,0.17687175344200493,True,False
14.2333191,-0.06063948065274417,0.05687109464555122,True,False,0.010568629450292714,-0.0005788579390661559,True,False,-0.09315945079541342,0.10025354469217447,True,False
14.2666524,-0.06881018952218336,0.07274638523227063,True,False,-0.03520219436443121,0.027147039920964455,True,False,0.033539891139510516,-8.307264572820496e-05,True,False
14.2999857,-0.08988423238245616,0.09477136279530714,True,False,-0.06979690318684173,0.047157046814454394,True,False,0.15942914024431526,-0.09819740848805543,True,False
14.333319,-0.10036141485067754,0.10172935581023639,True,False,-0.0841780907703964,0.05423947578626364,True,False,0.2561714488547697,-0.17167800193920896,True,False
14.3666523,-0.08009694040091236,0.07684889422096781,True,False,-0.07713164224957884,0.04795064385449137,True,False,0.30605867395962555,-0.208017210238228,True,False
14.3999856,-0.023166769708933516,0.01670350769231115,True,False,-0.05479206425150312,0.032256920901284965,True,False,0.30563359681215135,-0.20689686605384358,True,False
14.4333189,0.058681020752450186,-0.06644391249280171,True,False,-0.027473874897639,0.01361823464264599,True,False,0.2642440830264864,-0.17803602319645934,True,False
14.4666522,0.14129012544377673,-0.1496426217376421,True,False,-0.005321565795446592,-0.001604965260665805,True,False,0.19868786258641455,-0.13591423920304868,True,False
14.4999855,0.19910107936862953,-0.20890845903390393,True,False,0.005379771599459133,-0.009365523346541496,True,False,0.12638085295852,-0.09371803537374881,True,False
14.5333188,0.2163209142327753,-0.2288343561188015,True,False,0.003852613653737233,-0.00897090136055788,True,False,0.059730239959303336,-0.058912094205951226,True,False
14.5666521,0.19291129000478316,-0.20778417447052558,True,False,-0.005949526582554937,-0.0027129097557219446,True,False,0.0036130440789768313,-0.03195102268210089,True,False
14.5999854,0.14285009891297334,-0.15665662785363024,True,False,-0.017865153852327967,0.005560830950629752,True,False,-0.04356560314179888,-0.008231037975074271,True,False
14.633318699999998,0.08600769557389232,-0.09236967548205134,True,False,-0.026456915773438262,0.012197981374669535,True,False,-0.08623538917030366,0.017959661511754647,True,False
14.666652,0.03801610021942976,-0.0296376949815468,True,False,-0.029014382926589293,0.015047701258604593,True,False,-0.1273947691543667,0.04945638542656503,True,False
14.6999853,0.0032672120541120944,0.024825675920665986,True,False,-0.025888976788798024,0.013855042272265862,True,False,-0.1657502417006254,0.0840215251138788,True,False
14.7333186,-0.025607834147784236,0.07302570761385413,True,False,-0.01929723815114355,0.009747540580071332,True,False,-0.19553027207357446,0.11486923383908373,True,False
14.7666519,-0.061773714925086425,0.12137912030037974,True,False,-0.011448421041039051,0.004232193312231904,True,False,-0.20897757005372772,0.13360909569560148,True,False
14.7999852,-0.11495878929448973,0.17399139782775597,True,False,-0.003088541299843235,-0.0017081064638346394,True,False,-0.20029603178127767,0.13423863465890545,True,False
14.8333185,-0.18371998541961723,0.22728317531794165,True,False,0.006773805015139576,-0.007962424507361352,True,False,-0.16915375669553517,0.11634650066234453,True,False
14.8666518,-0.25316276483401096,0.2689570575256234,True,False,0.019888354897777672,-0.01497585475751067,True,False,-0.12200576096347505,0.0860093943791013,True,False
14.8999851,-0.29939947572465614,0.28203792132912003,True,False,0.03715388297163903,-0.023036887664961682,True,False,-0.07043722452641578,0.05384530657114897,True,False
14.9333184,-0.298833626972515,0.25213972487621017,True,False,0.05734362386866995,-0.03164421328040698,True,False,-0.027050928895617776,0.03092000385970256,True,False
14.9666517,-0.23816039904603517,0.17450050965429934,True,False,0.07695178218254183,-0.039369595860121814,True,False,-0.0005676640810180028,0.024175980301424944,True,False
14.999985,-0.120738224942745,0.057455277237570754,True,False,0.09134610195589024,-0.04434289202523453,True,False,0.007730711812045232,0.033342993239182064,True,False
15.0333183,0.03329220801580334,-0.07923708121436661,True,False,0.0966988112272539,-0.04512051200833388,True,False,0.0045431374861267864,0.05074975407210661,True,False
15.066651599999998,0.19298699684882356,-0.21035679874010874,True,False,0.09171429704976886,-0.04145614468480569,True,False,0.0016294129139336545,0.0642834907418951,True,False
15.0999849,0.3260045915128068,-0.31272302926388335,True,False,0.07822115533160015,-0.03450873087176051,True,False,0.010485667401145734,0.06240885754390596,True,False
15.1333182,0.40761333103941844,-0.37103002989709327,True,False,0.060243268180354005,-0.02630192732193825,True,False,0.03681267079011584,0.0392207655693493,True,False
15.1666515,0.4260821032932006,-0.37994880619244153,True,False,0.041948337330207044,-0.018656386796960127,True,False,0.07722459052931953,-0.00261462442788781,True,False
15.1999848,0.3831521654129819,-0.34244454830767557,True,False,0.025497781330593442,-0.012139331888444937,True,False,0.11983309638049809,-0.052389400720598715,True,False
15.2333181,0.2905003618694372,-0.2660713259472875,True,False,0.009954150785923087,-0.005633168739262075,True,False,0.14874849473101695,-0.09530942724185715,True,False
15.2666514,0.1645610259766864,-0.15968567726714616,True,False,-0.00806037526737874,0.003138744483203588,True,False,0.1508119914347903,-0.11837941125471124,True,False
15.2999847,0.022201568751073104,-0.0323058810278682,True,False,-0.03212272867168874,0.016266332558546863,True,False,0.1217623995874419,-0.11583198373681741,True,False
15.333317999999998,-0.12132223338210642,0.10576863012566608,True,False,-0.06320412185373474,0.03408266865396311,True,False,0.06907880933125435,-0.09178607360148812,True,False
15.3666513,-0.25227091922623407,0.2410203681831547,True,False,-0.09772938864883021,0.054168244254856404,True,False,0.009991178317297254,-0.05886114222104728,True,False
15.3999846,-0.35752380891468,0.3560295617201812,True,False,-0.1276556852316279,0.07154846126102142,True,False,-0.03485188188150495,-0.03310389404112716,True,False
15.4333179,-0.42446623762722696,0.4314780950294778,True,False,-0.14285487821666396,0.08019461624345396,True,False,-0.049648740070442295,-0.027170270058557582,True,False
15.4666512,-0.4425198265267305,0.45074381749346487,True,False,-0.13499638252122023,0.07532278263725163,True,False,-0.030234941584076084,-0.044583147872636564,True,False
15.4999845,-0.4059600758107704,0.40539935713707653,True,False,-0.10133324159033959,0.05555167206518306,True,False,0.013596412753184798,-0.07761402912254635,True,False
15.5333178,-0.3166810817344193,0.29915307739092234,True,False,-0.04669197044803245,0.02395133347693811,True,False,0.06150461971499209,-0.10993075318918914,True,False
15.5666511,-0.18535438236685917,0.148237807742578,True,False,0.017355144134699255,-0.012568614748048648,True,False,0.09062437614821728,-0.12315067824261014,True,False
15.5999844,-0.030082015675762328,-0.022252601172640628,True,False,0.075974570027334,-0.045387336613613986,True,False,0.0850561337477367,-0.10469526327885165,True,False
15.6333177,0.12721110173451297,-0.18480123424587014,True,False,0.11589111489573235,-0.0670079014902402,True,False,0.04289296735863606,-0.05364469320955016,True,False
15.666651,0.26537913583009803,-0.31621926604066886,True,False,0.1296143690511544,-0.07346038605965914,True,False,-0.022289820015877794,0.018005263254285066,True,False
15.6999843,0.3680077620028318,-0.4022232819841729,True,False,0.11738351606622865,-0.06530455464567399,True,False,-0.08635060814542554,0.08942752702080049,True,False
15.7333176,0.42549648087079234,-0.43846028489592465,True,False,0.08613362537701609,-0.04686891085121597,True,False,-0.12410646151425467,0.13888897386572205,True,False
15.766650899999998,0.43500687264156573,-0.4282640044618603,True,False,0.0460848241979967,-0.02413438616829628,True,False,-0.11966957848060542,0.15233865975363264,True,False
15.7999842,0.39897511076950265,-0.37881317171710005,True,False,0.006566604334374528,-0.002256502616506191,True,False,-0.07333687947437555,0.12910573857446697,True,False
15.8333175,0.3233600904941496,-0.29781989892606714,True,False,-0.027052207274580912,0.016152908088358855,True,False,-0.0020966353733258905,0.08227582676922163,True,False
15.8666508,0.21658043010919276,-0.19224273129151223,True,False,-0.05406579289103452,0.031256916020249687,True,False,0.0665964644023554,0.033489615291178707,True,False
15.8999841,0.08936633882303903,-0.0691859467598701,True,False,-0.07668514070606186,0.0447428889758686,True,False,0.10534756236201566,0.004230664699231777,True,False
15.9333174,-0.04503572457419511,0.062159994224978414,True,False,-0.09695157949487698,0.05782219791207615,True,False,0.09742565847725948,0.007155549714579753,True,False
15.9666507,-0.17125385691356193,0.18928091466358257,True,False,-0.11404806367635055,0.0695848605095251,True,False,0.04318377396792744,0.04102614934619014,True,False
15.999984,-0.27348055056206894,0.29714614393200584,True,False,-0.12351614128487488,0.07664581467140925,True,False,-0.040227878624226186,0.09131253647443012,True,False
16.0333173,-0.338412160570274,0.3712320421547506,True,False,-0.11890736523339916,0.0743806316805845,True,False,-0.12560566041263513,0.1361681166985279,True,False
16.0666506,-0.3585352489002402,0.401624787766252,True,False,-0.09514125016673072,0.05923751120804868,True,False,-0.18601813953992632,0.15523981618790425,True,False
16.099983899999998,-0.33438370195197836,0.3863172630850745,True,False,-0.05191759240967604,0.031020391935522054,True,False,-0.20446942589171144,0.13762345353159697,True,False
16.1333172,-0.2745973556804657,0.33203704560911845,True,False,0.004603331261659834,-0.0060371504879776225,True,False,-0.1790958866615818,0.08570880288344367,True,False
16.1666505,-0.19345539551682853,0.25204533594096135,True,False,0.06289843724760127,-0.0440870473290059,True,False,-0.12210672150377413,0.013493193134336353,True,False
16.1999838,-0.10665662210991986,0.16178002784468787,True,False,0.10972055807183859,-0.07419121594140327,True,False,-0.05336231884245879,-0.05964396072582393,True,False
16.2333171,-0.026942011574797226,0.07424553982186617,True,False,0.13481680691235662,-0.08955411115525362,True,False,0.008333963250597945,-0.11681672770436624,True,False
16.2666504,0.03871713618260863,-0.0028584747583764647,True,False,0.13468489811289736,-0.08806985416094554,True,False,0.05239183657566416,-0.14972761153587497,True,False
16.2999837,0.08930504538016625,-0.06718013571906395,True,False,0.11368382051949195,-0.07302769941488667,True,False,0.07912335476306602,-0.16053418798301988,True,False
16.333316999999997,0.12742953321369083,-0.119278025578295,True,False,0.0819679953032644,-0.05160121704907632,True,False,0.09718467891831636,-0.15901820403620703,True,False
16.3666503,0.15571941766104025,-0.15929371638738524,True,False,0.05113914192757176,-0.03173589675066535,True,False,0.11734523736492858,-0.1566434251965747,True,False
16.3999836,0.17377406211078997,-0.18473602088724497,True,False,0.029546318363705557,-0.0188006123943512,True,False,0.14569400600648172,-0.16033924695293764,True,False
16.433316899999998,0.17722269099295962,-0.19073817780570798,True,False,0.01932171189001507,-0.01352061012088014,True,False,0.17947331722922447,-0.1688055269928589,True,False
16.4666502,0.15945670608521403,-0.1727692909120779,True,False,0.016432582321547217,-0.012161192852921675,True,False,0.20739636434581613,-0.17288807422772645,True,False
16.4999835,0.11532538792152272,-0.13036777054500856,True,False,0.013624608211036218,-0.008902547566860044,True,False,0.21421849642744809,-0.15972514868616153,True,False
16.533316799999998,0.04511536362730728,-0.06976527386729628,True,False,0.004780424594481959,0.0007023530919344933,True,False,0.18745510209818858,-0.1187458309614629,True,False
16.5666501,-0.043089227032917836,-0.0036873863644258085,True,False,-0.01144634332877358,0.0168658423712474,True,False,0.1232838037937174,-0.04689947758477198,True,False
16.5999834,-0.1339412835241677,0.05201623377841103,True,False,-0.030518124164568176,0.03477310118512053,True,False,0.029146462789169384,0.04904168019745407,True,False
16.633316699999998,-0.20833403887707275,0.08362014945261943,True,False,-0.04401887738441095,0.04640526182223413,True,False,-0.07792327068875757,0.15391863072125092,True,False
16.66665,-0.24869933194195779,0.08429529118286767,True,False,-0.04387471659982373,0.04427915379596201,True,False,-0.1764134605113029,0.24859479201672585,True,False
16.6999833,-0.24416981619499234,0.05614835790833444,True,False,-0.02678789567528624,0.025421338267016206,True,False,-0.24675589593128588,0.3154680255990915,True,False
16.7333166,-0.19371844123853343,0.008530037198655197,True,False,0.003289388031437976,-0.006342303495851212,True,False,-0.2766399738282825,0.34301400551117583,True,False
16.7666499,-0.10619444523815827,-0.04657344107274437,True,False,0.03596204522465706,-0.041036258246322,True,False,-0.2635365772001128,0.327971887424124,True,False
16.7999832,0.0026161785322411993,-0.09979652011194931,True,False,0.05830285201266407,-0.06608347755251087,True,False,-0.2140524895889693,0.27492567740293206,True,False
16.8333165,0.11467678836212122,-0.1476875948616793,True,False,0.060232822606564124,-0.07136334703591869,True,False,-0.14095715815868753,0.19405008552465572,True,False
16.866649799999998,0.2143512112014497,-0.1923999966593817,True,False,0.03899740684961469,-0.05361774232619689,True,False,-0.059344909972379636,0.0982322408047621,True,False
16.8999831,0.29142415113716696,-0.23796104316024233,True,False,0.0006955515808160739,-0.018222113670552112,True,False,0.016738945871850867,0.0005602817526398868,True,False
16.9333164,0.3416933950410234,-0.28506871546618057,True,False,-0.041915299879004476,0.022585295480343374,True,False,0.07653303593135442,-0.08743498298151962,True,False
16.966649699999998,0.36537710455496564,-0.3272046771350819,True,False,-0.07447797200190537,0.05441595293072228,True,False,0.11369417361730108,-0.15694092899999554,True,False
16.999983,0.3644212622747123,-0.3503382761426651,True,False,-0.08682490697856916,0.0665088349087564,True,False,0.1267346247810922,-0.20274157744872998,True,False
17.0333163,0.34011070223617823,-0.33685931996780544,True,False,-0.07702881893426342,0.05620267596525429,True,False,0.11904917537365912,-0.22390022171924595,True,False
17.066649599999998,0.29209627748741157,-0.2723761447752935,True,False,-0.05199659695081314,0.030223331001266358,True,False,0.09841620839918801,-0.22396632404937183,True,False
17.0999829,0.219214667627839,-0.15257300927862266,True,False,-0.024389129811811638,0.00217781512868983,True,False,0.07555777570639641,-0.21022834543497465,True,False
17.1333162,0.1216232318130667,0.01289518244752223,True,False,-0.007229026996361261,-0.012817119860498606,True,False,0.06147487525433095,-0.19170304168498434,True,False
17.1666495,0.003152984938367226,0.20136587019291333,True,False,-0.008517890345451166,-0.004260451737511495,True,False,0.06387814561644801,-0.1760927317907836,True,False
17.1999828,-0.12735619199242093,0.3828978462839591,True,False,-0.028114568278211297,0.029309971953492865,True,False,0.08381027031396074,-0.16662882919918806,True,False
17.2333161,-0.2565797769760529,0.5286933864970258,True,False,-0.05808304284391723,0.07940058724716069,True,False,0.11400886307511038,-0.16016226939568037,True,False
17.2666494,-0.36916204111095857,0.619026520479599,True,False,-0.08619233147533405,0.1305508115491338,True,False,0.140278152245385,-0.14770287171919522,True,False
17.299982699999997,-0.45132684988638055,0.6477207277395595,True,False,-0.10093058805733637,0.1660356351782391,True,False,0.14606539813971348,-0.11775744281102063,True,False
17.333316,-0.49431218290202383,0.6216808683028732,True,False,-0.09585451999648414,0.17397857211504086,True,False,0.1189609869212156,-0.06155571211020765,True,False
17.3666493,-0.49626952014578724,0.5560314323120822,True,False,-0.07153433567667335,0.151421788966985,True,False,0.056651347883256695,0.021841726367190954,True,False
17.399982599999998,-0.4618318152148098,0.4671601858401178,True,False,-0.03452468919773443,0.10479170527884651,True,False,-0.03037949466733686,0.12289135454244773,True,False
17.4333159,-0.39950712318197545,0.36667831951600505,True,False,0.005874581967598076,0.04674978943058758,True,False,-0.12109113991180655,0.22297503468727214,True,False
17.4666492,-0.3180124126504096,0.2587180627718179,True,False,0.041420967461082,-0.009057635148359885,True,False,-0.19079642324764326,0.2998674111907638,True,False
17.499982499999998,-0.22319632320438762,0.1413991756873718,True,False,0.06758774599720586,-0.05302476116975367,True,False,-0.22035060856253147,0.3354375553516313,True,False
17.5333158,-0.11702719183722811,0.011429321174364506,True,False,0.08410191259506146,-0.08231881728669375,True,False,-0.20394614012143022,0.3225586844234489,True,False
17.5666491,0.0007531362994995155,-0.1305261745911502,True,False,0.09350329881045244,-0.10043049165152931,True,False,-0.15207489130941143,0.2682490861662499,True,False
17.5999824,0.12896490142286748,-0.27631338709035286,True,False,0.09880496010804855,-0.11416316426509247,True,False,-0.08801972341605852,0.19145691477767912,True,False
17.6333157,0.26106797630838857,-0.4103064671322153,True,False,0.10164377622563256,-0.12978277335206076,True,False,-0.038915588020491984,0.11609617371559294,True,False
17.666649,0.383138003147969,-0.5130758323311568,True,False,0.10187393105474213,-0.15022397515811112,True,False,-0.024830130587471324,0.061996304177024425,True,False
17.6999823,0.4753257665877349,-0.567223608335053,True,False,0.09863972139807549,-0.17446458373413598,True,False,-0.05035192036293417,0.03741775067152314,True,False
17.733315599999997,0.5169726044157732,-0.5630136426977224,True,False,0.09207155278520089,-0.1989074927727325,True,False,-0.1022996649393716,0.036241480624883166,True,False
17.7666489,0.49384939986107834,-0.5015859077671196,True,False,0.08436266336446234,-0.21955796722044485,True,False,-0.15467942124771103,0.04106628449256051,True,False
17.7999822,0.40473924850296933,-0.39463836935795593,True,False,0.0793187869476266,-0.2335168993148995,True,False,-0.17896320732393695,0.031011258823562576,True,False
17.833315499999998,0.2644233197296508,-0.2609635794986054,True,False,0.0803629122742193,-0.23893660103187542,True,False,-0.15547841094885703,-0.008980856569140237,True,False
17.8666488,0.1012579046869923,-0.12146832235747225,True,False,0.08795503737842154,-0.23371141753981897,True,False,-0.08120945978586289,-0.0812543386724511,True,False
17.8999821,-0.050412930393543345,0.005251651984307844,True,False,0.09791627075355587,-0.214128928439051,True,False,0.029140307998139072,-0.17391824696434363,True,False
17.933315399999998,-0.16059387545545942,0.10524446677942259,True,False,0.1018979177812974,-0.17490652856188083,True,False,0.1490725353797458,-0.26534302927802117,True,False
17.9666487,-0.21296223425951058,0.16916567940545835,True,False,0.09026665081133371,-0.11130905425383061,True,False,0.2504761344413579,-0.33268016983711624,True,False
17.999982,-0.20954697909428596,0.1909644162196576,True,False,0.056424852810165065,-0.02272983195726916,True,False,0.31362383034495056,-0.360632022290622,True,False
18.0333153,-0.16879029799105116,0.16711867681907183,True,False,0.0006717736119842558,0.0840741175519114,True,False,0.3328275726071098,-0.34663205049632506,True,False
18.0666486,-0.1175977276359436,0.09784856142945843,True,False,-0.0683606201417997,0.19425383712582805,True,False,0.3157231726542237,-0.30028544332855295,True,False
18.0999819,-0.0804351669483976,-0.009720388353482488,True,False,-0.13576691256219053,0.2879707781225323,True,False,0.27711195694979923,-0.2375908945412462,True,False
18.1333152,-0.06980999935677437,-0.13826428272157482,True,False,-0.18546778460119104,0.3468748836957545,True,False,0.23070146538761307,-0.17287526588140661,True,False
18.1666485,-0.08198964239538341,-0.2597093728935035,True,False,-0.20641689361394466,0.3615801152769852,True,False,0.18285315178512845,-0.11239326434378456,True,False
18.1999818,-0.0997080743792996,-0.3397405800371575,True,False,-0.19726044482278723,0.33669483841930986,True,False,0.13124223439000124,-0.052685674061730144,True,False
18.2333151,-0.10073073375976012,-0.34745835039985407,True,False,-0.167238179974502,0.2904763654349919,True,False,0.0687747738884584,0.01555513384811313,True,False
18.2666484,-0.06868699898728557,-0.26728392734225775,True,False,-0.13261553154606245,0.24827939733661614,True,False,-0.009559905695504745,0.10009207967633177,True,False
18.2999817,-0.0015828603204795482,-0.10803757493693465,True,False,-0.10988658469339418,0.23185244364268545,True,False,-0.1007042090182305,0.20001114728320318,True,False
18.333315,0.0856815956737574,0.09582292490909068,True,False,-0.10852609342815976,0.24887667885493303,True,False,-0.19179400275095754,0.3026383963616038,True,False
18.3666483,0.16600216427112827,0.29308203464372684,True,False,-0.12646602370620283,0.2876911420593559,True,False,-0.26392035503117667,0.3864406109488917,True,False
18.3999816,0.21018459431109246,0.4326075494026379,True,False,-0.1504709431339087,0.32038340813701843,True,False,-0.2998448008889165,0.42897612493660725,True,False
18.4333149,0.19842625773383282,0.4819044886862535,True,False,-0.1615480634762229,0.3139009075166473,True,False,-0.29201582356205896,0.41642718469088463,True,False
18.4666482,0.12851887294373887,0.43953219698541335,True,False,-0.14330213389942664,0.24503862114832076,True,False,-0.2468737300935058,0.3502707655730417,True,False
18.4999815,0.01747055618340185,0.3355286899764312,True,False,-0.08971536059643404,0.11286407451957203,True,False,-0.18304054637340042,0.24775916791630204,True,False
18.5333148,-0.10405055015160163,0.21894338761951937,True,False,-0.008878889381431034,-0.057413106272769965,True,False,-0.12384714094929104,0.135645435123958,True,False
18.5666481,-0.20214826216515486,0.13731749104419344,True,False,0.07921573370956458,-0.2218785941275363,True,False,-0.08740871461757323,0.039757438008171615,True,False
18.5999814,-0.25084408571731237,0.11676600215822446,True,False,0.15021825171270684,-0.3346044218282186,True,False,-0.07878987494819428,-0.02491721250958884,True,False
18.6333147,-0.23971465825062238,0.15132670134133505,True,False,0.1853259666587727,-0.3671912449341425,True,False,-0.0880152698538458,-0.0590913979256754,True,False
18.666648,-0.17548072572373807,0.2063277413265741,True,False,0.1794017492898963,-0.3228229193614664,True,False,-0.09508107164358355,-0.07675828425818108,True,False
18.6999813,-0.07761308452423828,0.2343934431802082,True,False,0.143712987520997,-0.2380326613725184,True,False,-0.07987431436367531,-0.09668891631804627,True,False
18.7333146,0.02962595625284767,0.1971202378415773,True,False,0.10183823749726813,-0.1700483818223335,True,False,-0.03251797648123842,-0.1319204059345695,True,False
18.7666479,0.12517368943558452,0.08296554539482272,True,False,0.08013930889047399,-0.17365007845752425,True,False,0.040722865030167685,-0.18226542922861572,True,False
18.7999812,0.1961533271050651,-0.0863648110321555,True,False,0.0965608010666021,-0.27642342586523183,True,False,0.11897062851096474,-0.23347538236114923,True,False
18.8333145,0.2385446204218993,-0.26361216599371257,True,False,0.15237010964383874,-0.4628635568752237,True,False,0.17537240925662187,-0.2635896077827455,True,False
18.8666478,0.2542897045292393,-0.3942003410637792,True,False,0.23038400272331522,-0.6749705602939202,True,False,0.18922017926276763,-0.2536302728565185,True,False
18.8999811,0.24701795471973748,-0.4371277761304146,True,False,0.3006480896257391,-0.8306162914855147,True,False,0.15617011799395464,-0.19770639498295423,True,False
18.9333144,0.2188006719209437,-0.3799136623328377,True,False,0.33149860671124853,-0.8535253968069494,True,False,0.09179718811931267,-0.10773922750482547,True,False
18.9666477,0.16941334292963398,-0.24198657801646736,True,False,0.3017067514847847,-0.7033669571596319,True,False,0.02650314122684297,-0.010363011402024553,True,False
18.999981,0.09807468284738385,-0.06603158233280061,True,False,0.2089213242988579,-0.39368955247708126,True,False,-0.006452882949156844,0.06295728821646011,True,False
19.0333143,0.006337955580910994,0.09831115697611441,True,False,0.07109332646464153,0.010114322012207666,True,False,0.015043824258200686,0.0884834689415779,True,False
19.0666476,-0.0996705524421846,0.21142015954493198,True,False,-0.07962557778139556,0.41261614817923276,True,False,0.09181089033379485,0.0600616553142141,True,False
19.0999809,-0.20899800298617804,0.254900589820936,True,False,-0.2080390198509565,0.721509713950724,True,False,0.20146695146128785,-0.007996020118169866,True,False
19.1333142,-0.30783839909906024,0.23364136738397945,True,False,-0.2877190976064824,0.8788696717394328,True,False,0.3058049912329033,-0.08630644374475842,True,False
19.1666475,-0.3828668859830127,0.1693257161322181,True,False,-0.308974723353565,0.8780507791607886,True,False,0.36463259086076694,-0.14185676736002661,True,False
19.1999808,-0.42448262256586605,0.08918842903512872,True,False,-0.2801830090467147,0.7599378163654995,True,False,0.350612670256302,-0.1507264840579181,True,False
19.2333141,-0.42866617334982376,0.015056335079942175,True,False,-0.2224559600364392,0.5911253237158507,True,False,0.2592673660345598,-0.10687895472147667,True,False
19.2666474,-0.39689948516077583,-0.04318459233020094,True,False,-0.16025536422106934,0.4342293325926317,True,False,0.11034582884133913,-0.023606004025053737,True,False
19.2999807,-0.3345071167141274,-0.08791158669972945,True,False,-0.11199800938679191,0.32350066096836366,True,False,-0.05969917625861284,0.07259906328991789,True,False
19.333314,-0.24841429450010172,-0.12880117598644253,True,False,-0.08437520637919865,0.25593462300165,True,False,-0.2108489825441183,0.15282225693855928,True,False
19.3666473,-0.14541467849349632,-0.1754848063946115,True,False,-0.07227214842563198,0.20060412954003223,True,False,-0.31294115047393606,0.19652292459878215,True,False
19.3999806,-0.03160639655922749,-0.23131961465695824,True,False,-0.06367785974958141,0.12050393493177708,True,False,-0.35426216456379267,0.19805008723632167,True,False
19.4333139,0.08705900365254696,-0.2908806221817734,True,False,-0.04692672196941792,-0.0042771187503906705,True,False,-0.342481477042912,0.16669361327653062,True,False
19.4666472,0.20379794790503614,-0.3418909969835206,True,False,-0.016858558132381796,-0.16327605573527945,True,False,-0.2983849295338895,0.12090693046624149,True,False
19.4999805,0.31050396543915093,-0.37028037862086904,True,False,0.022732891297364565,-0.3182814522181283,True,False,-0.24571861247674467,0.07966701174488221,True,False
19.5333138,0.39839126888791315,-0.3657911095781132,True,False,0.0611189364690417,-0.42010418967002344,True,False,-0.2017002899860851,0.05485816266490675,True,False
19.5666471,0.45977753369961794,-0.3255580105832537,True,False,0.08581465052296265,-0.43115388186202896,True,False,-0.1719787723265734,0.04778268638053677,True,False
19.5999804,0.4903124165312628,-0.2542803615152458,True,False,0.08829197940447163,-0.34310573625888613,True,False,-0.15150379846686,0.05083757337772335,True,False
19.6333137,0.49055546234616465,-0.1613512440523028,True,False,0.06757578434441375,-0.18165104566773768,True,False,-0.13003135908724442,0.05301586826605998,True,False
19.666647,0.4659256588232227,-0.05674598061193118,True,False,0.030263432109891516,0.0034214721055233137,True,False,-0.09906671003056337,0.046267197553095545,True,False
19.6999803,0.4246780906010134,0.05208244477224778,True,False,-0.012711319333006297,0.15786294817511656,True,False,-0.05673719885450795,0.0295795275451298,True,False
19.7333136,0.37446302704642126,0.1607759475028638,True,False,-0.050751494635467125,0.24332225638140217,True,False,-0.008418454991989732,0.008935915810530251,True,False
19.7666469,0.3187962305664301,0.2660787752855434,True,False,-0.07736603743785266,0.2496984188261491,True,False,0.03680414176393275,-0.006600520351774417,True,False
19.7999802,0.2550418027811795,0.36273114863897293,True,False,-0.09134263483642202,0.19490957153942873,True,False,0.07167389715123025,-0.010518856647867291,True,False
19.8333135,0.17509352268280506,0.44140737808806974,True,False,-0.09507528801662009,0.11335010982457075,True,False,0.09520324553008962,-0.0032375928932415255,True,False
19.8666468,0.06893990756135808,0.4894029045942166,True,False,-0.09128607860388879,0.039098485673515045,True,False,0.11354138279656135,0.0071167815847921635,True,False
19.8999801,-0.06991415344594631,0.4943576995232707,True,False,-0.0801660209514624,-0.008366528193863248,True,False,0.1366422003373227,0.008113143504680141,True,False
19.9333134,-0.23911955350811578,0.44961445646010306,True,False,-0.05866168513585008,-0.030048129904080175,True,False,0.17227861170322836,-0.010873768594320809,True,False
19.9666467,-0.42442029110267526,0.35870439306974344,True,False,-0.022420508476114813,-0.04328558494071598,True,False,0.2204024248803948,-0.05271212906576781,True,False
19.99998,-0.600409671449913,0.23653409771928993,True,False,0.03059327490140324,-0.07051673112217853,True,False,0.2708734804830545,-0.10965886025437607,True,False
20.0333133,-0.7354098698738681,0.10615825386344288,True,False,0.09681316675388354,-0.12671697784472163,True,False,0.3061292807448572,-0.16523956185230726,True,False
20.0666466,-0.7993549554313825,-0.007994746052984052,True,False,0.16610473465997938,-0.21130675457646614,True,False,0.3080733860342928,-0.20039418576910145,True,False
20.0999799,-0.7724588710019984,-0.08784681136146734,True,False,0.22404442191000432,-0.3077888884148118,True,False,0.26636778194200533,-0.20143842382432206,True,False
20.1333132,-0.6520276778067957,-0.1271255367748667,True,False,0.2567535166315744,-0.39064286110708557,True,False,0.18440099755304268,-0.1664103143894737,True,False
20.1666465,-0.45514425895772903,-0.13219195413086304,True,False,0.25623139004546985,-0.43582223061845776,True,False,0.07994640854946089,-0.10684976184029164,True,False
20.1999798,-0.216016035449851,-0.11788678696030215,True,False,0.2237143950677522,-0.42992569415096743,True,False,-0.0203279826410228,-0.043858283965737044,True,False
20.2333131,0.021719106627071567,-0.10027900311015137,True,False,0.16937193826429386,-0.37413290008757755,True,False,-0.09067298710966745,0.00028206756232635117,True,False
20.2666464,0.2158565727834742,-0.08961195577075144,True,False,0.1083043048280155,-0.28168294683400696,True,False,-0.11653819450403656,0.011603070987539451,True,False
20.2999797,0.3366012928331385,-0.08664149484955443,True,False,0.0545497632224683,-0.17073169631225815,True,False,-0.10098193426186634,-0.008993387460007388,True,False
20.333313,0.3742734559618593,-0.08396588189364496,True,False,0.015790488575173116,-0.05645392798106863,True,False,-0.06423025604326484,-0.0451535425152151,True,False
20.3666463,0.34116621504950156,-0.07158375488943304,True,False,-0.008837094772429185,0.053657054958112516,True,False,-0.036102567127515965,-0.07110468368195869,True,False
20.3999796,0.2667804661758867,-0.04388915465069593,True,False,-0.026870828097211568,0.15919860887791026,True,False,-0.04398126056075535,-0.06215512559270774,True,False
20.4333129,0.18788145334170142,-0.004591324540808367,True,False,-0.04757170647105455,0.2617460602306291,True,False,-0.10099243555162536,-0.005518447076137978,True,False
20.4666462,0.13663659038169393,0.03300600270605205,True,False,-0.07636767648548212,0.3584142618173831,True,False,-0.19921787725499487,0.09301346302521811,True,False
20.4999795,0.13078696757189942,0.05074775467177955,True,False,-0.11147332866130169,0.4380509033707297,True,False,-0.3109438545145678,0.20950703857589895,True,False
20.5333128,0.1690778392831162,0.033381651920814284,True,False,-0.14440855534055852,0.48271217715642495,True,False,-0.3978474347120082,0.30960487043369767,True,False
20.5666461,0.23328074089188164,-0.024161902516759586,True,False,-0.16420617619179534,0.474328256108945,True,False,-0.42485098017655937,0.36075559056808404,True,False
20.5999794,0.295793596962526,-0.11331068575424369,True,False,-0.16322437305350768,0.40365022197968786,True,False,-0.3734219292009889,0.34429243880831567,True,False
20.6333127,0.3298892965660974,-0.213876640403665,True,False,-0.1415965130479225,0.27710704348159987,True,False,-0.24917316868807787,0.2626416009656453,True,False
20.666646,0.31890057028258173,-0.3007938765712913,True,False,-0.1079303456117369,0.11787063077222296,True,False,-0.08073707186971793,0.13877849563954447,True,False
20.6999793,0.2612265374430892,-0.352727905082182,True,False,-0.07567563303409552,-0.04003347800447427,True,False,0.08977272490327916,0.008063949743372467,True,False
20.7333126,0.16973281869515314,-0.35894955886337965,True,False,-0.05676239666727639,-0.16251305407355113,True,False,0.22115295338434557,-0.09441979334161589,True,False
20.7666459,0.0662031946450312,-0.32171820363819237,True,False,-0.05559706671779027,-0.22668382357725536,True,False,0.2869384989470559,-0.14615403932015328,True,False
20.7999792,-0.02680776040378914,-0.2534599411135878,True,False,-0.06651337615700946,-0.22788243001996183,True,False,0.2835129142868727,-0.14439235164564865,True,False
20.8333125,-0.09365842157470651,-0.17030846714432132,True,False,-0.07622470017547071,-0.1795288175876578,True,False,0.22961787605846307,-0.1056462263185927,True,False
20.8666458,-0.13021033050314176,-0.08507648987833386,True,False,-0.07039937160758888,-0.10614019446098236,True,False,0.1577364483178127,-0.05788662169119901,True,False
20.8999791,-0.14400416906986285,-0.0028115898135241306,True,False,-0.04133565311928752,-0.03281876762984148,True,False,0.10093155483117539,-0.028763805583167892,True,False
20.9333124,-0.15033048874555954,0.07921419323789138,True,False,0.007068841847487216,0.024020536873156407,True,False,0.08035329461635614,-0.03462425676731891,True,False
20.9666457,-0.1658533105673382,0.16729557022036506,True,False,0.059802515718445935,0.060695717692768165,True,False,0.09817288946903889,-0.07461181901440683,True,False
20.999979,-0.20209094348410872,0.2649869546497749,True,False,0.09693411093752981,0.08370878520504763,True,False,0.13839008972965666,-0.13193948788589877,True,False
21.0333123,-0.2608816459884341,0.36777088037649514,True,False,0.1029632516862001,0.10246254989818647,True,False,0.17476661750754258,-0.18147621645252532,True,False
21.0666456,-0.3331370624927809,0.4613911707660369,True,False,0.07500521998886081,0.12139491290276769,True,False,0.18236463913312687,-0.20033073202799903,True,False
21.0999789,-0.4010715253394138,0.524968290402719,True,False,0.025687602328391373,0.1358815500527433,True,False,0.14791581513505886,-0.1770840385915295,True,False
21.1333122,-0.4430744014025889,0.537898151899451,True,False,-0.02115524174541813,0.13421679219332394,True,False,0.07496292333360176,-0.11606485493252358,True,False
21.1666455,-0.43974251030977946,0.4877834593917071,True,False,-0.04060893241661217,0.10470968854924667,True,False,-0.017967382286480395,-0.035214048880165376,True,False
21.1999788,-0.3794160381488274,0.3760474717027577,True,False,-0.018362489961678764,0.04410030434493953,True,False,-0.10499989599690125,0.041269498410675926,True,False
21.2333121,-0.26181381519744706,0.21873740304650108,True,False,0.041394852143708756,-0.03741871483091841,True,False,-0.16292396976021373,0.09226609723326032,True,False
21.2666454,-0.09890192391088855,0.042001745084887465,True,False,0.11585740201187424,-0.11778144683665524,True,False,-0.17942390533348562,0.10720376391776339,True,False
21.2999787,0.08720321718807905,-0.12602227239912156,True,False,0.17196493479637825,-0.17119616944318453,True,False,-0.1563991057028621,0.08881775057806116,True,False
21.333312,0.26882871623899557,-0.2636386189903813,True,False,0.18011237562874244,-0.17943452627646164,True,False,-0.107512225239273,0.05050098282335903,True,False
21.3666453,0.4187976765148689,-0.36094329164016375,True,False,0.12745254302119668,-0.14097295138645416,True,False,-0.05157060389262711,0.009846383142705188,True,False
21.3999786,0.5165170681980457,-0.4200658217596359,True,False,0.024881674750159274,-0.07334259698912517,True,False,-0.00494464165732684,-0.018556673850006023,True,False
21.4333119,0.5525681532618678,-0.45053247493096843,True,False,-0.09570063584219664,-0.006986922905723214,True,False,0.023685130507651718,-0.027978378791464847,True,False
21.4666452,0.5305113690555558,-0.46212358010395166,True,False,-0.19312546668728847,0.02715275567160773,True,False,0.03432972431058434,-0.020292521640972512,True,False
21.4999785,0.46524138879241145,-0.4586452576634032,True,False,-0.2329788704619295,0.011027437792411552,True,False,0.03264648152089491,-0.0028570661827610117,True,False
21.5333118,0.3781484785633215,-0.4355136245299284,True,False,-0.201201678705943,-0.05219735976508269,True,False,0.024924571049237548,0.016477041272088943,True,False
21.5666451,0.29034248990756734,-0.38220991509674634,True,False,-0.10945979754565507,-0.13890335474373527,True,False,0.013941808605415265,0.033549683373229194,True,False
21.5999784,0.21595647286915529,-0.2883752460234706,True,False,0.010025100062289882,-0.2149020521034855,True,False,-0.0021280342066656473,0.04921991839990106,True,False
21.6333117,0.15774631351620244,-0.1506431532619485,True,False,0.11792710388075667,-0.2502974674706831,True,False,-0.027301935442393677,0.06737737977839936,True,False
21.666645,0.10665677930356898,0.02298455055209358,True,False,0.18368094233709006,-0.23272688545528636,True,False,-0.0633374940727628,0.09091958634847667,True,False
21.6999783,0.04580362193125035,0.21323558883805596,True,False,0.196867727907987,-0.17284582432792592,True,False,-0.10588736874180146,0.11803540280026585,True,False
21.7333116,-0.04221854189583035,0.39410798609783443,True,False,0.16927842432528564,-0.09925497922129758,True,False,-0.14372407465230908,0.14101068166339345,True,False
21.7666449,-0.16710562074833257,0.5398874344657991,True,False,0.12703287915250996,-0.044869123704389134,True,False,-0.1620268286728265,0.1485373833758974,True,False
21.7999782,-0.3246436492784728,0.6317363268774034,True,False,0.09662830551214614,-0.030824349945438027,True,False,-0.1486341086400983,0.13074339888303158,True,False
21.8333115,-0.4949876933378847,0.6613772302033241,True,False,0.09152230998989633,-0.055428768843503506,True,False,-0.10047526892902528,0.08468853571684502,True,False
21.8666448,-0.6464204283007361,0.6308838238093312,True,False,0.10556737293456966,-0.09359764228354008,True,False,-0.026965831097698862,0.01760227382096072,True,False
21.8999781,-0.7436901299834173,0.5493573143090563,True,False,0.11641725795035848,-0.10753899112060011,True,False,0.05172529807110538,-0.05404795542772258,True,False
21.9333114,-0.7583637772161501,0.4284644291734873,True,False,0.09736151837142801,-0.06427885620888583,True,False,0.11140048944307648,-0.10977925512326113,True,False
21.9666447,-0.6778185580511267,0.278964753011428,True,False,0.03203911939381087,0.04770459816769324,True,False,0.13307892637687818,-0.13274636583635857,True,False
21.999978,-0.5098455243894279,0.10952470511449915,True,False,-0.07501170366635491,0.2103846948906264,True,False,0.11093774623831076,-0.11670219748185721,True,False
22.0333113,-0.2812489201300279,-0.07218984870595566,True,False,-0.19726328894318076,0.38073462782571943,True,False,0.05542082628660506,-0.06920864266198565,True,False
22.0666446,-0.030813601642741887,-0.2572688441003245,True,False,-0.29561775011176866,0.5065270737709622,True,False,-0.01012507535364268,-0.009464105316736332,True,False
22.0999779,0.20110705118757533,-0.43372613554909745,True,False,-0.33453692398952484,0.5469421871562856,True,False,-0.058227686785522106,0.03867777054604165,True,False
22.1333112,0.3830151538570515,-0.5862887547997794,True,False,-0.29784033769149004,0.489215890322141,True,False,-0.06807040214215539,0.055862288408830854,True,False
22.1666445,0.49937868029795324,-0.6981357469726898,True,False,-0.1970020295194682,0.3540646102976864,True,False,-0.03390031073915943,0.03490152581052311,True,False
22.1999778,0.5522864320491049,-0.7539946453769591,True,False,-0.067890085851763,0.1873675579548491,True,False,0.03244736009726622,-0.01622105063335051,True,False
22.2333111,0.5574095930990961,-0.7434756772046265,True,False,0.04309638950963383,0.04151988489909151,True,False,0.10605565309143247,-0.07736087314214686,True,False
22.2666444,0.5359797951267511,-0.6635655450819447,True,False,0.09784024446367504,-0.04562834562745037,True,False,0.15873398784218995,-0.12415633321469777,True,False
22.2999777,0.5058025874453554,-0.5196821582159389,True,False,0.08232096170979832,-0.06527054650242227,True,False,0.17021610276930818,-0.13778912897313095,True,False
22.333311,0.47454809360285,-0.32527963994079695,True,False,0.012623372799168841,-0.039467010240118866,True,False,0.13626052899239777,-0.11265604650256256,True,False
22.3666443,0.4376406313744009,-0.10036685830388918,True,False,-0.07156858108051505,-0.009706103747928444,True,False,0.07043090002019989,-0.05884894579862239,True,False
22.3999776,0.3813537335955253,0.13067284532273749,True,False,-0.12341598565151354,-0.017350463828631108,True,False,-0.001103241143381229,0.0015892788346029796,True,False
22.4333109,0.2898292520821049,0.3417877119943526,True,False,-0.10853444921856405,-0.08453037633708886,True,False,-0.049618598634704164,0.043172730976425606,True,False
22.4666442,0.15335133750005928,0.5085029464027881,True,False,-0.01967940913197243,-0.20367648205156205,True,False,-0.05475363665186013,0.04689263302954136,True,False
22.4999775,-0.02520209651542431,0.6116348471714457,True,False,0.11949179227781993,-0.33997489765593536,True,False,-0.012086326805359275,0.007673703819489369,True,False
22.5333108,-0.2281187645012251,0.640999613844109,True,False,0.26302091028906166,-0.44539496853495797,True,False,0.06536685870172584,-0.06346989533115813,True,False
22.5666441,-0.42570416100367503,0.5981271864015835,True,False,0.3599975494804735,-0.47810088162419584,True,False,0.15200705716313812,-0.1432679413721862,True,False
22.5999774,-0.5833481759217963,0.4967376373307896,True,False,0.3736192124748124,-0.4190640116802396,True,False,0.21871457731206292,-0.20435909542142594,True,False
22.6333107,-0.6705426858409034,0.3600774227124688,True,False,0.29450336108871783,-0.27924038388917427,True,False,0.2425442109015254,-0.22455599746410368,True,False
22.666644,-0.6690343587038728,0.21520051692989975,True,False,0.1434074963418476,-0.0949070145256227,True,False,0.21355554922318712,-0.1937811437002715,True,False
22.6999773,-0.5777063958706873,0.08559322673291403,True,False,-0.03707525132056621,0.08627856068258026,True,False,0.136691118382685,-0.11640077809630477,True,False
22.7333106,-0.4129337249973781,-0.01541415796658695,True,False,-0.19799233012622292,0.22235981194094206,True,False,0.028674096327111764,-0.008609659618157113,True,False
22.7666439,-0.20459326304465292,-0.08782924717108588,True,False,-0.30040513591647283,0.29040851150267805,True,False,-0.08828811625377353,0.1076243985688717,True,False
22.7999772,0.010866260652295453,-0.14313134961765644,True,False,-0.3266478451128022,0.29135573519087704,True,False,-0.19333458561687553,0.21148111207117967,True,False
22.8333105,0.19824714735136906,-0.19761580677219223,True,False,-0.2830384741037987,0.24547729406942603,True,False,-0.27194608656257496,0.288552191888015,True,False
22.8666438,0.3303271097963047,-0.2633031672809634,True,False,-0.19421093124848057,0.18149666035833184,True,False,-0.31789342615442323,0.33295093738163223,True,False
22.8999771,0.3921141939756294,-0.34011740819598785,True,False,-0.09229452979278599,0.12440672747629844,True,False,-0.332328302188295,0.34623047490078235,True,False
22.9333104,0.3821348260825214,-0.4129150034928829,True,False,-0.0055376989735635585,0.08689157124502997,True,False,-0.3212119403780056,0.33431939677114675,True,False
22.9666437,0.31104662580020126,-0.45522064406554336,True,False,0.04962832210283459,0.06706886874543999,True,False,-0.29252687079924716,0.3042133820610741,True,False
22.999977,0.19834966242672739,-0.4387955567785274,True,False,0.07108529197718585,0.05236265161200148,True,False,-0.2542596692596672,0.26183898296651376,True,False
23.0333103,0.06810675854558167,-0.34555738076287096,True,False,0.0684159561782286,0.02697955320535133,True,False,-0.21335829540845624,0.21159130083516822,True,False
23.0666436,-0.05551372723677836,-0.1770608876934875,True,False,0.05719189278412813,-0.020445650369046126,True,False,-0.17523989666401463,0.1570526825168232,True,False
23.0999769,-0.15223263384471436,0.04258637703120922,True,False,0.05267792103384653,-0.09186002585380822,True,False,-0.14327784714997524,0.10183161721742562,True,False
23.1333102,-0.20869513775728257,0.27202964675799,True,False,0.0649270077486241,-0.178734110826852,True,False,-0.11804012594863939,0.04957618146290868,True,False
23.1666435,-0.22014898966191668,0.4645626270184981,True,False,0.09619706569544008,-0.2645748761380177,True,False,-0.0966031905412353,0.002904715738395445,True,False
23.1999768,-0.19048756963748,0.5822711419211577,True,False,0.14069948299688334,-0.3296030129518009,True,False,-0.07263002203030082,-0.0381519825930512,True,False
23.2333101,-0.13059464249251948,0.6071280289594708,True,False,0.18623817589242084,-0.3559562575386631,True,False,-0.0377970168652731,-0.07708193968604803,True,False
23.2666434,-0.05526337760897208,0.5449723555865997,True,False,0.2172651671649365,-0.3321445855775711,True,False,0.015423246175270373,-0.12021115975174367,True,False
23.2999767,0.020647513354671007,0.42119112963479777,True,False,0.21893870638122676,-0.2560172896931388,True,False,0.0903879878772083,-0.17417707682438946,True,False
23.33331,0.08585454612383488,0.27021254055550675,True,False,0.18161098544557994,-0.1358789799450076,True,False,0.1836306277661366,-0.24232891712852478,True,False
23.3666433,0.13506025938474356,0.12321519086902713,True,False,0.10475355764856656,0.01044533315805462,True,False,0.2842269613906331,-0.32156543455513165,True,False
23.3999766,0.16937703207400098,-0.0011637561192187182,True,False,-0.0010587871160007425,0.15867887537105993,True,False,0.37583928478652967,-0.4011882738132386,True,False
23.4333099,0.19457341222878,-0.09992651929745038,True,False,-0.1153960506884129,0.28309080531680775,True,False,0.44106537122313466,-0.4646743526742269,True,False
23.4666432,0.21765452136174945,-0.18217823822165943,True,False,-0.21289836664507372,0.3626575370823783,True,False,0.466731848833187,-0.49413028812037335,True,False
23.4999765,0.24288965961888945,-0.26119251942352667,True,False,-0.2708691736549443,0.3869048129847159,True,False,0.44825783590653123,-0.4760605183605094,True,False
23.5333098,0.26867716953037923,-0.34580594400188747,True,False,-0.27706265780817896,0.35943903999910354,True,False,0.3914173311891739,-0.40642283206831264,True,False
23.5666431,0.2864637446320232,-0.4346790147431858,True,False,-0.23451829217132888,0.2973511322430557,True,False,0.31070534193008037,-0.2930420747875377,True,False
23.5999764,0.28233834081526105,-0.5153759208254927,True,False,-0.16098175606747253,0.22580618638674657,True,False,0.2247455034046254,-0.1542989087891279,True,False
23.6333097,0.24107253818998084,-0.5680878037327414,True,False,-0.0824605481551622,0.16900216516279234,True,False,0.15029072155334663,-0.014308036179136719,True,False
23.666643,0.15154299103940944,-0.5721230827446772,True,False,-0.023048921460498015,0.14055575313431257,True,False,0.09692106958651102,0.10392870828756652,True,False
23.6999763,0.01191472045948852,-0.5126412721140896,True,False,0.004860983834616218,0.1372895191950654,True,False,0.0643118542296097,0.18513848301753558,True,False
23.7333096,-0.1671265358639828,-0.3855575402486534,True,False,0.0055570904190202445,0.13964611659655693,True,False,0.043018510765432165,0.2259272906384924,True,False
23.7666429,-0.36237671480909,-0.1996266100003527,True,False,-0.002491896622577627,0.11953857057461975,True,False,0.01846245268334817,0.23504079006277667,True,False
23.7999762,-0.5417839251004738,0.02423335047780444,True,False,0.00396418112633714,0.05320370593159919,True,False,-0.023320865950283036,0.22963442270393017,True,False
23.8333095,-0.6711665939924072,0.255768061704671,True,False,0.04057284389521427,-0.06602967361941449,True,False,-0.09019046179262684,0.22881765492830672,True,False
23.8666428,-0.7223897310317491,0.4597712746480822,True,False,0.10575083555455436,-0.22085307316624042,True,False,-0.18053828964985755,0.24667278642674378,True,False
23.8999761,-0.6808126235338343,0.6016813727961319,True,False,0.17881101654533363,-0.3728986530969356,True,False,-0.2831497628248958,0.2871299892859598,True,False
23.9333094,-0.5498083235095119,0.6540787215177496,True,False,0.22761296323339217,-0.47547471597794827,True,False,-0.38026841504571646,0.3424447064480356,True,False
23.9666427,-0.35079804697390526,0.6033366603695022,True,False,0.22308029785942687,-0.49171335677632666,True,False,-0.45280358137903226,0.39578843677352943,True,False
23.999976,-0.11842991182593024,0.45493028087747933,True,False,0.15431168043554314,-0.41080497732578786,True,False,-0.4859806789570615,0.4270512344629206,True,False
24.0333093,0.10803470424864174,0.23535653232178913,True,False,0.03702256693820557,-0.25505656653226966,True,False,-0.4736698001544489,0.41984905674084577,True,False
24.0666426,0.29480256947463257,-0.011148681886554537,True,False,-0.08957370461310427,-0.07382266349636162,True,False,-0.42011067068354185,0.36731513674752686,True,False
24.0999759,0.42211184001494967,-0.2316105632100104,True,False,-0.1774023774098782,0.07427812541476675,True,False,-0.3385870468127685,0.2746804398492729,True,False
24.1333092,0.48852267597678706,-0.3774509723182062,True,False,-0.19022269504072806,0.14425485010951455,True,False,-0.2475163400618696,0.15777231720974857,True,False
24.1666425,0.5093425791026828,-0.4181018731566403,True,False,-0.12151205837750782,0.1234245711345941,True,False,-0.16514691600677736,0.03799229934331981,True,False
24.1999758,0.5094140630814079,-0.3504187109651495,True,False,-0.0010169777893083716,0.03769855228104972,True,False,-0.10441356302858924,-0.0644390306985912,True,False
24.2333091,0.5124319837119539,-0.20000041186424153,True,False,0.11427892842919375,-0.05795840691529447,True,False,-0.06942212389671219,-0.1366087353979139,True,False
24.2666424,0.5303569317758716,-0.013125888331830865,True,False,0.16243502416064864,-0.10181124071023345,True,False,-0.05456063398605227,-0.1763295306056173,True,False
24.2999757,0.5567884375793981,0.15842734649245477,True,False,0.10362350396462468,-0.05174215906458204,True,False,-0.04649954719199912,-0.19177627926116433,True,False
24.333309,0.567118937972421,0.27436899644058343,True,False,-0.05936774857542512,0.09505213252450681,True,False,-0.028537219439262795,-0.19761503562561072,True,False
24.3666423,0.526126713624709,0.31826143804088514,True,False,-0.2767081717062795,0.2975537334953285,True,False,0.013923710957441899,-0.2091021846744021,True,False
24.3999756,0.40103991300318886,0.30037162030758235,True,False,-0.46656046473275653,0.48418056271742393,True,False,0.08833541242779086,-0.23628055696878214,True,False
24.4333089,0.1759152709985989,0.24985750543805404,True,False,-0.544947909880789,0.5791944870695667,True,False,0.19188738363012164,-0.28028538333654773,True,False
24.4666422,-0.13773676524648376,0.1996038313616148,True,False,-0.45925056030811406,0.5321570106278191,True,False,0.3112903326847862,-0.3329551026411895,True,False
24.4999755,-0.49832567691196245,0.1702768551943498,True,False,-0.21189921962238956,0.33883447938353495,True,False,0.4256237783307659,-0.37972947853608213,True,False
24.5333088,-0.8413778417531483,0.16068287291807773,True,False,0.13589090707739804,0.045132902125954125,True,False,0.5115188173870415,-0.40465998864303365,True,False
24.5666421,-1.0951103395500625,0.14890651844410382,True,False,0.48287996110121334,-0.26775525068025396,True,False,0.5492500445517868,-0.3956792403369494,True,False
24.5999754,-1.1999425175511722,0.10398195953236118,True,False,0.7226487599695686,-0.5114480706205659,True,False,0.5280268472818911,-0.3483130250527619,True,False
24.6333087,-1.1258941726966567,0.0030355911071578675,True,False,0.7815323809128155,-0.6210249624711076,True,False,0.4489991426781258,-0.2667242207399275,True,False
24.666642,-0.8822327391221076,-0.1539022160435912,True,False,0.6451549690844919,-0.5766642327663333,True,False,0.32515875116234383,-0.1620423342673769,True,False
24.6999753,-0.516093894796692,-0.33855763627972546,True,False,0.3633528597132466,-0.4083847778013554,True,False,0.1782142309685113,-0.048912135222792745,True,False
24.7333086,-0.10032490080762121,-0.5017727615328584,True,False,0.03161320939177901,-0.1826911804558595,True,False,0.03336121276339693,0.05829954130438335,True,False
24.7666419,0.28572300453552635,-0.5912417254015787,True,False,-0.24378324916174157,0.023135992115985694,True,False,-0.08659389474590809,0.14833530763147787,True,False
24.7999752,0.5764969610093819,-0.572535123076903,True,False,-0.3835548708748997,0.14891929926370334,True,False,-0.16621290376571715,0.21426665182590993,True,False
24.8333085,0.7354642815487674,-0.4444942295889757,True,False,-0.3619203607827349,0.1711559369957865,True,False,-0.2003134322522677,0.25327148630510116,True,False
24.8666418,0.7609298245228587,-0.24209968519632236,True,False,-0.2122817463809884,0.10758082578232796,True,False,-0.19420747544689063,0.2657225615524293,True,False
24.8999751,0.6813729032632813,-0.025027883992648683,True,False,-0.010849513069582309,0.006155030134644239,True,False,-0.16144008824677927,0.25442106383582413,True,False
24.9333084,0.5426952698646691,0.14385467973673077,True,False,0.15453829212500264,-0.07615000233560199,True,False,-0.11975412580683124,0.22439799064291505,True,False
24.9666417,0.3922191714351579,0.22146548151078382,True,False,0.21782826537640895,-0.09597403378175748,True,False,-0.08633424439201613,0.18306799083742095,True,False
24.999975,0.26488236456612857,0.19963829455245888,True,False,0.15764419905958438,-0.0390156396145808,True,False,-0.07344180256229604,0.14003690383187894,True,False
25.0333083,0.17575567870256453,0.10637765797940663,True,False,0.0017078382487929896,0.07681166551473317,True,False,-0.0853962650434847,0.10583399500713907,True,False
25.0666416,0.12039191000871878,-0.006948426236673195,True,False,-0.1875481662875366,0.21055681329242062,True,False,-0.11756302956205227,0.0893366217373331,True,False
25.0999749,0.08166024902797724,-0.08681401517091206,True,False,-0.3392535482273883,0.31518303628617345,True,False,-0.15762345704772276,0.09448218759638184,True,False
25.1333082,0.03967477516818153,-0.09820149698332951,True,False,-0.4012934148110667,0.3553012858623561,True,False,-0.18895209736929808,0.11761232096606625,True,False
25.1666415,-0.01916228925356626,-0.03645116264763809,True,False,-0.358004632810885,0.31911805815428984,True,False,-0.1954349832143159,0.1470165053191411,True,False
25.1999748,-0.09706614532312897,0.07383660299337749,True,False,-0.23253444011062427,0.2208431233380823,True,False,-0.16660616434465067,0.1656737389814281,True,False
25.2333081,-0.1848905157507874,0.1913259037147461,True,False,-0.07446491605071594,0.09367273941603999,True,False,-0.10169555160742715,0.15693441646668135,True,False
25.2666414,-0.2663913911753628,0.27576628122250424,True,False,0.06110738797630251,-0.02317598508382554,True,False,-0.011234101290324936,0.11142422665045852,True,False
25.2999747,-0.3244720190034797,0.3033402113938777,True,False,0.13424912393295685,-0.09822003638876912,True,False,0.08463911938552705,0.032470683375364275,True,False
25.333308,-0.34684589587832787,0.27357819922831683,True,False,0.13293218397440792,-0.11746058589302821,True,False,0.16111632164959008,-0.06257520697033793,True,False
25.3666413,-0.329279735661707,0.20605856675567016,True,False,0.07407142598222523,-0.08730944621620557,True,False,0.19576527878965672,-0.14646059361893263,True,False
25.3999746,-0.2758601944857852,0.12960866614445798,True,False,-0.006053821239777248,-0.030510002658686027,True,False,0.1756367398886949,-0.19081692213640628,True,False
25.4333079,-0.19693746560706452,0.06954852244811185,True,False,-0.06713726064376803,0.022841382566612823,True,False,0.10207285835735168,-0.17672332217948725,True,False
25.4666412,-0.10604382308287912,0.03860655007533097,True,False,-0.079698595109225,0.045818176140680296,True,False,-0.008648911672883675,-0.10301151409082056,True,False
25.4999745,-0.01701315595561136,0.0347564441381464,True,False,-0.03434879764823441,0.023357265346332933,True,False,-0.12944266762749143,0.011277504120978487,True,False
25.5333078,0.05805343811343564,0.045715918425528204,True,False,0.0568494176957006,-0.043284746948058214,True,False,-0.2302740768934616,0.1318476610378635,True,False
25.5666411,0.11000536186891553,0.056913673135623774,True,False,0.16617022454761854,-0.137252234057775,True,False,-0.28728246327227014,0.2201917120323307,True,False
25.5999744,0.13345407714503824,0.058629403967396895,True,False,0.260227399509273,-0.23144010550682564,True,False,-0.290059338697909,0.24683569356731636,True,False
25.6333077,0.12751422396148793,0.049036817560684696,True,False,0.31052473971611966,-0.29675924730560665,True,False,-0.24447208821624292,0.2017705433914437,True,False
25.666641,0.09640320344501203,0.03232665999843868,True,False,0.30146201324637684,-0.3109395348513941,True,False,-0.1699439095594737,0.09794891457039992,True,False
25.6999743,0.04941021764261462,0.01366822455010065,True,False,0.23400429023108557,-0.265392895043238,True,False,-0.09211840878111603,-0.033641867436022134,True,False
25.7333076,-0.00035593437737995543,-0.005750773601960377,True,False,0.12462012007478415,-0.1681392812103772,True,False,-0.033573742530468874,-0.155487252922711,True,False
25.7666409,-0.038673225920607394,-0.03061384687278621,True,False,0.00020364651886851733,-0.0418142142761683,True,False,-0.006002584220667566,-0.2371408793547896,True,False
25.7999742,-0.053913554542649664,-0.06906753603181968,True,False,-0.10956189482396489,0.08283688392043113,True,False,-0.006711625333828755,-0.2655824561221016,True,False
25.8333075,-0.04062890797483666,-0.12716090440418884,True,False,-0.18048151128157147,0.1761462875906503,True,False,-0.020619496854171953,-0.24837539536081277,True,False
25.8666408,-0.0016287869071346195,-0.20308287554617238,True,False,-0.2006298485518295,0.21854937723842413,True,False,-0.026807910751704862,-0.2086566680799398,True,False
25.8999741,0.05248501524951357,-0.28447610113826155,True,False,-0.17363898814690776,0.20643388865976203,True,False,-0.0069618844754828465,-0.1743409479345321,True,False
25.9333074,0.10646443381295546,-0.3507556775458929,True,False,-0.1171936606004171,0.15268508177507922,True,False,0.047591054000651514,-0.16619936573385696,True,False
25.9666407,0.14530052528784154,-0.3799585608957478,True,False,-0.05676451038340181,0.08157344075501542,True,False,0.1328359102818256,-0.18974045882089463,True,False
25.999974,0.15912432193576187,-0.357363335274321,True,False,-0.016307722402581173,0.019716395597252457,True,False,0.23391578650571349,-0.23401802504607433,True,False
26.0333073,0.14629111508060524,-0.28208261979785054,True,False,-0.009103693771636572,-0.013574289294006036,True,False,0.3307965334016875,-0.2774373785929188,True,False
26.0666406,0.1134699839618773,-0.16857119322687558,True,False,-0.032350812994239586,-0.012884828659420521,True,False,0.40525673701900705,-0.29765987315820575,True,False
26.0999739,0.07272199110370627,-0.04217630898360928,True,False,-0.0680997737933551,0.012330442369461946,True,False,0.446387759293468,-0.28108878812569593,True,False
26.1333072,0.03673267637631126,0.0695443096693435,True,False,-0.0907589280034534,0.04274391180529621,True,False,0.4526397308780325,-0.22782743007091907,True,False
26.1666405,0.014066009068526453,0.14620335308086485,True,False,-0.07856566847182897,0.05801695419496999,True,False,0.43005132341550917,-0.15020797775713604,True,False
26.1999738,0.006238192321317917,0.18091540429797273,True,False,-0.024347080252550415,0.04580678870506085,True,False,0.3879336407193457,-0.06597676572635616,True,False
26.2333071,0.007620652856759462,0.1812420601950143,True,False,0.05932640505342034,0.007115584548606772,True,False,0.33423772377885363,0.010373438860511165,True,False
26.2666404,0.00803271245746624,0.16473963755891927,True,False,0.14349377835086094,-0.044272643624335924,True,False,0.272735746435148,0.07390072273720551,True,False
26.2999737,-0.0031248754073575245,0.15126058519128466,True,False,0.19399856224736786,-0.08797871285771507,True,False,0.2030847450455446,0.13017589014945663,True,False
26.333307,-0.03280762635746232,0.15523753353016223,True,False,0.1862173299437917,-0.10610202056210533,True,False,0.12334806801226568,0.19058994349861377,True,False
26.3666403,-0.08173053088422745,0.18081732896796554,True,False,0.11698662906414448,-0.09116929585511616,True,False,0.03334125483956375,0.2644666788282424,True,False
26.3999736,-0.14390860419734636,0.22123001720020485,True,False,0.008095185098862947,-0.04942612379819845,True,False,-0.06318081413884277,0.3520255014418269,True,False
26.4333069,-0.20815675280324486,0.26195216732382864,True,False,-0.10094258293370299,0.0020094723157834775,True,False,-0.15880973534488443,0.4418627277445785,True,False
26.4666402,-0.26077375902677946,0.2858873706919036,True,False,-0.16845508555542482,0.042876118933369504,True,False,-0.24520143550285342,0.5144417301820365,True,False
26.4999735,-0.28849308269902935,0.2784399041975278,True,False,-0.16822443941943688,0.05891536943890705,True,False,-0.3168175273952779,0.550134841144517,True,False
26.5333068,-0.28104425241311676,0.23097778947746442,True,False,-0.10149901451221835,0.04828397361997185,True,False,-0.3735995494040023,0.5380637291957661,True,False
26.5666401,-0.23308453314333938,0.1422909691070987,True,False,0.0022218937339595303,0.02225654480508407,True,False,-0.4208726415172764,0.4814660768599088,True,False
26.5999734,-0.14554135742395047,0.018591477423769865,True,False,0.09661268929401252,-0.00020803641944623755,True,False,-0.4661009509314735,0.39685123726280863,True,False
26.6333067,-0.026388282568176755,-0.1271094996273337,True,False,0.1377997499167624,-0.0016573215020287385,True,False,-0.5137749040303693,0.3070870106480811,True,False
26.66664,0.10938206553662053,-0.2758332815179169,True,False,0.10346776465322449,0.02508075495562291,True,False,-0.560887835644166,0.23143917387355104,True,False
26.6999733,0.24107860686429863,-0.4040030126701523,True,False,0.003480678592115135,0.07264629694519091,True,False,-0.595520370308548,0.17711871426794676,True,False
26.7333066,0.3453727015738853,-0.4861609827844696,True,False,-0.12293203486238378,0.12156751655844089,True,False,-0.599855203886245,0.13633966541138007,True,False
26.7666399,0.40105403750590074,-0.4996236443851506,True,False,-0.2227083523000348,0.14850120270795528,True,False,-0.5569496035728887,0.09045668366113735,True,False
26.7999732,0.39461519613661533,-0.4307049442546186,True,False,-0.2509464689783315,0.1367436715484445,True,False,-0.45867787253903297,0.019509357710870666,True,False
26.8333065,0.3250207567364225,-0.2808641668328284,True,False,-0.190115839371112,0.08430408837886876,True,False,-0.3113402427201671,-0.08707606554939833,True,False
26.8666398,0.20574023334499664,-0.07025041506945431,True,False,-0.05819866368311259,0.005777758146469797,True,False,-0.13604926612298382,-0.22358000350959584,True,False
26.8999731,0.06265403203295147,0.16373312845440827,True,False,0.09796193106542747,-0.07307119394692124,True,False,0.03698408962261561,-0.3682813975424193,True,False
26.9333064,-0.07226000836621296,0.373810890042673,True,False,0.22156236753068054,-0.12587212167328002,True,False,0.17852384684932976,-0.4911923481672,True,False
26.9666397,-0.16990981143304043,0.5148474223629849,True,False,0.2691470718146241,-0.13684391300869514,True,False,0.270907507190033,-0.566101464650895,True,False
26.999973,-0.21287900619941583,0.556941636092541,True,False,0.22846603513287214,-0.10769198731535226,True,False,0.3147501030050512,-0.5817157300991536,True,False
27.0333063,-0.20081704299057393,0.49493827982805394,True,False,0.12321939121483379,-0.05702960450671973,True,False,0.32863463751864175,-0.5468804245896495,True,False
27.0666396,-0.15015191216076615,0.35041604019578837,True,False,0.002569862219058298,-0.012359139243455585,True,False,0.34141740521356845,-0.4872812322498265,True,False
27.0999729,-0.0878261065949524,0.16473826824833585,True,False,-0.0801525048902592,0.0020631363251478255,True,False,0.3798690070298445,-0.4346757924536547,True,False
27.1333062,-0.04107023809085522,-0.014801344857901322,True,False,-0.09041822636875792,-0.02375989505264804,True,False,0.4564964856438941,-0.4130009498628341,True,False
27.1666395,-0.026940621369035578,-0.15076107251816273,True,False,-0.027210213101872337,-0.08057638801442493,True,False,0.5625914055200453,-0.4272188659965226,True,False
27.1999728,-0.04568865032874125,-0.22719671370281594,True,False,0.07692800390241726,-0.1433182910984246,True,False,0.6696489478985497,-0.45980820599017586,True,False
27.2333061,-0.08075000657720662,-0.2525242768623025,True,False,0.17057006125970753,-0.18172862101071752,True,False,0.7390153746296564,-0.476736169391348,True,False
27.2666394,-0.10565338199509319,-0.2524500762159984,True,False,0.206445828525524,-0.17375782690616193,True,False,0.7362644518897253,-0.44082884057570904,True,False
27.2999727,-0.09539545848652174,-0.25599086381207686,True,False,0.16277114643525933,-0.11594391542128818,True,False,0.6447623987472023,-0.3273258157799181,True,False
27.333306,-0.037918765329007384,-0.28064925880601277,True,False,0.05345990858218319,-0.02611304207407107,True,False,0.47302970465755767,-0.13537359530907428,True,False
27.3666393,0.05892336572437249,-0.323312047977509,True,False,-0.07739717676689041,0.06307809713767781,True,False,0.2528419499331837,0.10927446439995939,True,False
27.3999726,0.1679548822033987,-0.36105328195224573,True,False,-0.17453307992446074,0.11732101434604512,True,False,0.02863578442474973,0.3616294587079247,True,False
27.4333059,0.251022770088587,-0.3616883381936849,True,False,-0.19579257511068546,0.115156140870877,True,False,-0.1577463732464408,0.5721947027156568,True,False
27.4666392,0.2723026698927522,-0.29950998137568713,True,False,-0.13115057570489094,0.05768805403699201,True,False,-0.28105976839747526,0.7034308496365383,True,False
27.4999725,0.21177691690948885,-0.1691391731481856,True,False,-0.008160349704103304,-0.030712670813873983,True,False,-0.3400064916050445,0.7416976856994487,True,False
27.5333058,0.07391001921747331,0.008951734369795813,True,False,0.11861950349242852,-0.111263545867607,True,False,-0.3552236224501295,0.7002654378757656,True,False
27.5666391,-0.11176049309884227,0.19411389528605943,True,False,0.18983286826904663,-0.14578293315785715,True,False,-0.3589563769812471,0.6125438852523091,True,False
27.5999724,-0.29849036425544667,0.3402793624475509,True,False,0.1659139719021748,-0.11191572013047646,True,False,-0.38072468820783884,0.5184688577122366,True,False
27.6333057,-0.43602680597179655,0.413522416455009,True,False,0.043910095725658585,-0.012510183725612961,True,False,-0.43475267768285014,0.4494944097246472,True,False
27.666639,-0.485548537194669,0.4047447303124081,True,False,-0.14027058039792203,0.12458567577913582,True,False,-0.5140511946402588,0.4179147550264253,True,False
27.6999723,-0.43099103728440524,0.33189074916799394,True,False,-0.32496267321515754,0.25625433376540385,True,False,-0.5932532129975581,0.41426650215241495,True,False
27.7333056,-0.2833174321657696,0.23079590972771125,True,False,-0.44581959235594454,0.3396205119563076,True,False,-0.638782189789136,0.41322668863802187,True,False
27.7666389,-0.07677024451034233,0.13893974976483706,True,False,-0.4597045386181868,0.34745793505038464,True,False,-0.6221111801545012,0.38512015797660054,True,False
27.7999722,0.1412745187051188,0.07959309558725902,True,False,-0.3602424983870563,0.27778811504599327,True,False,-0.5308405090498522,0.30819424270690066,True,False
27.8333055,0.3234181597617081,0.05355929258803544,True,False,-0.17946067611041716,0.1543019341738885,True,False,-0.37342399426719597,0.17691095301042148,True,False
27.8666388,0.434349830439898,0.04201946809829125,True,False,0.02452001788746969,0.01772118210136067,True,False,-0.1760796235891075,0.0034781457852406067,True,False
27.8999721,0.4587237699863473,0.018664131895724242,True,False,0.1885773656854655,-0.08851638179446314,True,False,0.026428896292391802,-0.1872379421152996,True,False
27.9333054,0.4031304577518759,-0.03508714470902638,True,False,0.26640166102273877,-0.1330078327013701,True,False,0.2021583527451331,-0.36667590185553417,True,False
27.9666387,0.29227090679491946,-0.11928210221804286,True,False,0.24327188036992137,-0.10645398830790959,True,False,0.3309823788563922,-0.5114571832022772,True,False
27.999972,0.16091929901128402,-0.2141846088119805,True,False,0.1391188105186243,-0.023831296524234023,True,False,0.4080593116606199,-0.6087884671319485,True,False
28.0333053,0.04411251424169454,-0.2888978478362626,True,False,-0.00034783030806519736,0.08167782715737924,True,False,0.44118961737322504,-0.6569509070121241,True,False
28.0666386,-0.03185184591362615,-0.31534524364002264,True,False,-0.12058080021871183,0.17056240502751427,True,False,0.44409395271734464,-0.6617746321478742,True,False
28.0999719,-0.05549471472468516,-0.28062626396493906,True,False,-0.17697445750126603,0.21045941969944068,True,False,0.42914701824870893,-0.6316175082245797,True,False
28.1333052,-0.032061529746337455,-0.19184224165508446,True,False,-0.1491879302039865,0.18672966383381362,True,False,0.4029020198064837,-0.573594179123456,True,False
28.1666385,0.018974517868742657,-0.07147771727053516,True,False,-0.046679327616016224,0.10678510133967412,True,False,0.3660351872586557,-0.4926649078085717,True,False
28.1999718,0.0700610214940003,0.05376785007567888,True,False,0.09577296974079108,-0.0030516600636692924,True,False,0.3170019388572137,-0.39337774799088954,True,False
28.2333051,0.09381958849277651,0.16463872695027065,True,False,0.23060373630236608,-0.1069651852224492,True,False,0.25685423478840863,-0.2825352776872848,True,False
28.2666384,0.07135368036951946,0.255465222498732,True,False,0.3137509930624611,-0.17217477768872236,True,False,0.19218444303662038,-0.17058731389203968,True,False
28.2999717,-0.00155075837591814,0.3319478246442813,True,False,0.31945585889727707,-0.1804226728812403,True,False,0.1342358765801756,-0.0703126843904489,True,False
28.333305,-0.11212995003559284,0.40231210087109953,True,False,0.24890498151007487,-0.13457072997578318,True,False,0.09430827273061167,0.007089140446140987,True,False
28.3666383,-0.2331880726504265,0.4671276681887751,True,False,0.12993878255375405,-0.0579649616730834,True,False,0.07765744187803715,0.05681491521986944,True,False
28.3999716,-0.33016950784101523,0.5137861176396743,True,False,0.007758628968749628,0.013452447484531746,True,False,0.07911325743673918,0.08371323120102898,True,False
28.4333049,-0.37108612332364205,0.519135961922176,True,False,-0.07059220057758961,0.043841718172140866,True,False,0.0830772354018381,0.10191448828523425,True,False
28.4666382,-0.3365751250283455,0.4594156059488537,True,False,-0.07301522236179,0.010707463821723143,True,False,0.06862026599678886,0.13024830386600308,True,False
28.4999715,-0.2270198285676378,0.3226944369763061,True,False,0.005334574072563683,-0.08609069229084161,True,False,0.01796293536456729,0.18478740807284708,True,False
28.5333048,-0.06426493322044731,0.11756236917171449,True,False,0.13889815209557638,-0.22318022734683857,True,False,-0.0751667867645219,0.27136787173733196,True,False
28.5666381,0.11307141936103562,-0.12645548486386554,True,False,0.27956074458084357,-0.36136663233626387,True,False,-0.2010640059327951,0.3813075218667019,True,False
28.5999714,0.2597404372220052,-0.36724056978706254,True,False,0.3734785301208466,-0.4598479080449509,True,False,-0.33577701378112124,0.4925283363280533,True,False
28.6333047,0.336700538512151,-0.5633816005298904,True,False,0.3812790719795938,-0.49180757261635477,True,False,-0.44878858406477923,0.5762435310930105,True,False
28.666638,0.3228291420352791,-0.6863104336243568,True,False,0.2941595337200465,-0.4551512504390248,True,False,-0.5138700375588321,0.6071239423081093,True,False
28.6999713,0.22177457150888708,-0.7259932097598428,True,False,0.13924932919236618,-0.37353615477115654,True,False,-0.5189602958538364,0.5733455984476029,True,False
28.7333046,0.06149249085093354,-0.6885248499534788,True,False,-0.028784548993718233,-0.28651745565722375,True,False,-0.47129401419849504,0.4827588053149036,True,False
28.7666379,-0.11384105086588298,-0.5885126288092838,True,False,-0.1476352303036835,-0.23234743879135425,True,False,-0.3958624558838139,0.3626312114417241,True,False
28.7999712,-0.2574205174758114,-0.4420472357877164,True,False,-0.17155859966615436,-0.23070830190224534,True,False,-0.3276820854966631,0.2524441207815623,True,False
28.8333045,-0.33479043510088996,-0.26537761301836904,True,False,-0.09022752795046282,-0.27344744647191227,True,False,-0.30012560680508893,0.19123077574570221,True,False
28.8666378,-0.33519365640096443,-0.0798622628282659,True,False,0.06600003180149827,-0.32821579781626603,True,False,-0.3320450137257421,0.20227521268479084,True,False
28.8999711,-0.27489323374659214,0.08266059234786818,True,False,0.23747700366858732,-0.35354794687990243,True,False,-0.4157332750181425,0.27846854563811246,True,False
28.9333044,-0.19059679108946287,0.18384415062083126,True,False,0.35910041933485787,-0.3173713807322343,True,False,-0.5082807457475845,0.3728436711489375,True,False
28.9666377,-0.1255836440094115,0.19762480367718688,True,False,0.3856463336893107,-0.2089828728878822,True,False,-0.5338654987509918,0.4030425854020779,True,False
28.999971,-0.11458673687347344,0.13545540620397034,True,False,0.30553828640857933,-0.03944668083689567,True,False,-0.4078222295197797,0.27957669880738417,True,False
29.0333043,-0.17096091824022483,0.054992156489107644,True,False,0.13566830149189613,0.16754893641761623,True,False,-0.08162315565470735,-0.04580463803037582,True,False
29.0666376,-0.2752842840263806,0.031235993610840833,True,False,-0.09827198768871959,0.38870785687880693,True,False,0.4135480647538594,-0.53657177127587,True,False
29.0999709,-0.3701509549143648,0.09845273029323014,True,False,-0.3814085771291063,0.6117037927155367,True,False,0.9550083154704474,-1.0635855474924492,True,False
29.1333042,-0.3758216517054796,0.20785261214577008,True,False,-0.714886726635105,0.83813448985417,True,False,1.3639967778732087,-1.4461799028212172,True,False
29.1666375,-0.2312869975232764,0.2452751074363265,True,False,-1.1022981895272894,1.0768976812494027,True,False,1.4763920945617224,-1.5263743412635982,True,False
29.1999708,0.06432018305145486,0.1037897885653295,True,False,-1.524658852412897,1.3302280975314327,True,False,1.2162223536192438,-1.240721802332931,True,False
29.2333041,0.4451023618864994,-0.24046288114486458,True,False,-1.9186316392036737,1.5788759144696172,True,False,0.6395704501981868,-0.6576091665714743,True,False
29.2666374,0.8125904716018311,-0.6983910013996723,True,False,-2.1733253424282437,1.774893542742329,True,False,-0.06911197408426119,0.034469329511540955,True,False
29.2999707,1.0836161740152808,-1.0985239436644492,True,False,-2.1555007710668947,1.8482730289698046,True,False,-0.6510200910009512,0.5858973504824562,True,False
29.333304,1.2222785943022754,-1.2616060679710939,True,False,-1.761887755256944,1.7288950137805936,True,False,-0.8646355597541509,0.7762248616641495,True,False
29.3666373,1.2440758572135604,-1.0847946066990946,True,False,-0.9788966101252765,1.377331177259323,True,False,-0.586258580608475,0.5061275788385609,True,False
29.3999706,1.1942534031246306,-0.5942079296584678,True,False,0.08342424881899348,0.8100779500886947,True,False,0.11952878964632425,-0.1453223968784991,True,False
29.4333039,1.1091858648769204,0.06670872428474212,True,False,1.2054333889967948,0.10695669669101683,True,False,0.9973687121926419,-0.9295246562772054,True,False
29.4666372,0.9786189539251698,0.7135605619058764,True,False,2.116364585173091,-0.6020083929638821,True,False,1.6838476568870449,-1.5130951623418993,True,False
29.4999705,0.7368463230657915,1.216626563548033,True,False,2.5776297877246144,-1.167820971974943,True,False,1.8506601900697868,-1.6100485264926394,True,False
29.5333038,0.30266946731720507,1.5497829432314898,True,False,2.4655223140379174,-1.4660073526179103,True,False,1.346161076686945,-1.1028678324422145,True,False
29.5666371,-0.3481107093976563,1.7619826513516836,False,True,1.8230835001811603,-1.439761152860288,False,True,0.27176799568317755,-0.09875265574094952,False,True
29.5999704,-1.1293917771801627,1.9036419686749453,False,True,0.8552577061482337,-1.1278331127017558,False,True,-1.0397835704644796,1.1007991781279973,False,True
29.6333037,-1.8571789389776103,1.9714773551714322,True,False,-0.13687522325846538,-0.6660335927402709,True,False,-2.138904130996974,2.105161702771258,True,False
29.666637,-2.327591975738985,1.911147567636998,True,False,-0.8588022475557907,-0.2540213094302138,True,False,-2.6269523697701485,2.5767322202726626,True,False
29.6999703,-2.413168451580167,1.6666892568700717,True,False,-1.1220234892804308,-0.08612413898104643,True,False,-2.3147553103179836,2.357367131620457,True,False
29.7333036,-2.1188440942348783,1.231437227387891,True,False,-0.9033566875522326,-0.26642760709578317,True,False,-1.3064848636888322,1.5294533552833438,True,False
29.7666369,-1.5672663202070782,0.6610077986254672,True,False,-0.3434008953439233,-0.7518471619420176,True,False,0.03261387023113104,0.38509431743358025,True,False
29.7999702,-0.9283327041381282,0.045770139416681205,True,False,0.3156228240023852,-1.3628810871683708,True,False,1.2183588398883503,-0.6860699596612202,True,False
29.8333035,-0.3375915746218843,-0.5305904964429551,True,False,0.830383890940327,-1.8632669139532725,True,False,1.8406590771909574,-1.3440049007802424,True,False
29.8666368,0.15393707360678277,-1.020821104135648,True,False,1.0561168160989085,-2.067122275802066,True,False,1.7233834387161993,-1.4199071597615078,True,False
29.8999701,0.5774587714485018,-1.4202599671247944,True,False,1.0028149640562134,-1.919044096200053,True,False,0.9846767670330253,-0.9667454019683979,True,False
29.9333034,0.9949276216988794,-1.7464254359843525,True,False,0.8184491647022345,-1.5110778195106855,True,False,-0.024514013504522165,-0.22367038557851837,True,False
29.9666367,1.4262136082110468,-2.000289653270435,True,False,0.7003988127917403,-1.0299433287392226,True,False,-0.8775863267301441,0.48941982853157767,True,False
29.99997,1.8010206524661874,-2.1345998301525837,True,False,0.779434011669283,-0.6577076801088528,True,False,-1.2590899753041696,0.9045659992371373,True,False
30.0333033,1.9730928397507077,-2.0575471076563843,True,False,1.0474682425336295,-0.47655923305706005,True,False,-1.097592293965642,0.9095156680609041,True,False
30.0666366,1.793098592648391,-1.6756475304213811,True,False,1.375077125971272,-0.43380589918184587,True,False,-0.5806427191442103,0.5769892868766676,True,False
30.0999699,1.197210588325651,-0.953430846635287,True,False,1.5990062203275994,-0.3876272564393189,True,False,-0.041798227610717706,0.10784518511185921,True,False
30.1333032,0.26396829567550256,0.0362357202921625,True,False,1.613082030267892,-0.19954299191749494,True,False,0.2254428256247308,-0.28159324003929825,True,False
30.1666365,-0.7890654144012378,1.0940475126798905,True,False,1.4049824682294416,0.18724121689317716,True,False,0.12720531515729175,-0.467140444537173,True,False
30.1999698,-1.6739793981577855,1.9304910279687064,True,False,1.030394396024864,0.7240591458641188,True,False,-0.18903843897209371,-0.460110090014163,True,False
30.2333031,-2.1412681014242807,2.261173669911053,True,False,0.5646987655224579,1.2844980319061596,True,False,-0.43401970144765223,-0.36819858501939967,True,False
30.2666364,-2.076575054350929,1.9283647512030393,True,False,0.07632828103263804,1.7160560006334957,True,False,-0.3564979192122193,-0.3076416463642448,True,False
30.2999697,-1.535968866221654,0.9854346502082024,True,False,-0.37782360043821483,1.8951125866570524,True,False,0.10487545910446643,-0.3271241397231728,True,False
30.333303,-0.7058380680273635,-0.30963221356532267,True,False,-0.7607200842883939,1.772602594774648,True,False,0.7877734351224819,-0.3902750247913816,True,False
30.3666363,0.18294360795574374,-1.593725250008709,True,False,-1.0651470549052018,1.3923250952132036,True,False,1.4007515079470017,-0.41667001555393735,True,False
30.3999696,0.9363800609699586,-2.538308938867003,True,False,-1.3034760237701308,0.8706363157509576,True,False,1.6729570030699903,-0.3389509806997469,True,False
30.4333029,1.4397439324238508,-2.959287769452348,True,False,-1.484935214646572,0.35207600052717486,True,False,1.470635951799794,-0.13593514917516356,True,False
30.4666362,1.6600649526599482,-2.8523058524038722,True,False,-1.6097198851364551,-0.03177116860252169,True,False,0.8388931723449484,0.16444837545544105,True,False
30.4999695,1.6273441644856914,-2.35206225341804,True,False,-1.6841407279381466,-0.18750467168382304,True,False,-0.025859074076853783,0.4968968439632297,True,False
30.5333028,1.410633845174718,-1.6483513247680173,True,False,-1.7338248302227524,-0.07491154931337862,True,False,-0.8491453202477635,0.774453462516141,True,False
30.5666361,1.0973400298100398,-0.9055973210845406,True,False,-1.802200522053424,0.2838697041812217,True,False,-1.3728292111851712,0.9092505702127196,True,False
30.5999694,0.7782696091648169,-0.22270330141825512,True,False,-1.945476533447458,0.8109989546689809,True,False,-1.447292039337341,0.8408863635946848,True,False
30.6333027,0.5344392906052703,0.36212739294391516,True,False,-2.232509323785371,1.4058299987859273,True,False,-1.0950608578967285,0.5675430222221195,True,False
30.666636,0.4220228002868168,0.8447306064175669,True,False,-2.733729251671322,1.9914784374058807,True,False,-0.5161831749933732,0.16435510949945145,True,False
30.6999693,0.45848861580441413,1.2297692645055984,True,False,-3.47794639857625,2.539505222869752,True,False,-0.0170053247697124,-0.23191749968745998,True,False
30.7333026,0.6129130621770427,1.5182958056506561,True,False,-4.382915317925702,3.043511851637033,True,False,0.11976993441562275,-0.47765430494238803,True,False
30.7666359,0.8011780497945239,1.7113845600154252,True,False,-5.201407531405778,3.452409850562982,True,False,-0.23380472800626448,-0.48980976470041443,True,False
30.7999692,0.8932157459931772,1.821713343869363,True,False,-5.541927791919569,3.6192266409892335,True,False,-0.9825092922196978,-0.2843336823667707,True,False
30.8333025,0.7447830560308779,1.8766936673424806,True,False,-4.998513837834162,3.327178694043526,True,False,-1.8348818870519346,0.03472866340440817,True,False
30.8666358,0.25661862122929113,1.9068479075026012,True,False,-3.3519849218607587,2.4009793619066424,True,False,-2.4164265892169383,0.32302616942613055,True,False
30.8999691,-0.5605733234047636,1.9299507775860734,True,False,-0.7318463874453252,0.8352735258678993,True,False,-2.423457829936405,0.45033179825298847,True,False
30.9333024,-1.5597963764473848,1.9445679705547063,True,False,2.377910993586747,-1.1570878267596123,True,False,-1.7471314107991354,0.33324305321006253,True,False
30.9666357,-2.503208055610219,1.9361796237237912,True,False,5.317342279373834,-3.2190904827792077,True,False,-0.5092428849712828,-0.058514617657430774,True,False
30.999969,-3.1589936568011048,1.8878673661830692,True,False,7.508926916908747,-4.987579404008165,True,False,0.9933158190911641,-0.6987464106085809,True,False
31.0333023,-3.3878028217387395,1.7852861747014357,True,False,8.637427150970108,-6.194824741720527,True,False,2.3905016401276296,-1.4876719934935718,True,False
31.0666356,-3.174451531686805,1.6132067770344363,True,False,8.679394528958506,-6.696993388525116,True,False,3.3436866581630955,-2.2407250677234822,True,False
31.0999689,-2.6070653058623665,1.3506169975489277,True,False,7.830249974569965,-6.47048798060858,True,False,3.634741128266075,-2.718382779673504,True,False
31.1333022,-1.830422057024691,0.9736725561516888,True,False,6.407411813203197,-5.613658980354675,True,False,3.231592015607602,-2.7070276697936952,True,False
31.1666355,-0.9977544691503935,0.4680147890468305,False,True,4.766746114493705,-4.340767337658665,False,True,2.310618906135597,-2.117384774906097,False,True
31.1999688,-0.23339934614308983,-0.15829819855663047,False,True,3.2321465963858653,-2.9367661427113307,False,True,1.2074831296108208,-1.0399904041304813,False,True
31.2333021,0.39005240552318393,-0.870467389109198,True,False,2.031912652297571,-1.6700129906861163,True,False,0.2938859827258283,0.2822057071293009,True,False
31.2666354,0.8567734090742702,-1.6098859381886272,True,False,1.2482857508662637,-0.6977520564342308,True,False,-0.1697457848780612,1.5471300852790268,True,False
31.2999687,1.1920796520940904,-2.297202582349244,True,False,0.7988077233990172,-0.01316472446990756,True,False,-0.13024656664069265,2.4966044313934606,True,False
31.333302,1.4329400093267883,-2.83585175771525,True,False,0.46783282126533304,0.5335879569503513,True,False,0.25752444432966176,2.9818969952591545,True,False
31.3666353,1.6008653090191962,-3.1245748148611208,True,False,-0.00818987111210673,1.143488587620406,True,False,0.7127158467201463,2.9809984082398,True,False
31.3999686,1.6924287639411215,-3.0854339167821707,True,False,-0.8231076405905194,1.94744957233409,True,False,0.9472944149548607,2.5827257260259824,True,False
31.4333019,1.6920145392573203,-2.7020423191037573,True,False,-1.9992047936914898,2.9199343180906725,True,False,0.7756846105509222,1.9523073349318563,True,False
31.4666352,1.5964708182814433,-2.047738126554612,False,True,-3.3567431933770573,3.8785243611591156,False,True,0.18246695140192187,1.2824208854283825,False,True
31.4999685,1.4327088948227316,-1.2801017350897796,False,True,-4.580530486752987,4.570187048845572,False,True,-0.6732137648516657,0.7338775798816087,False,True
31.5333018,1.2545904573824584,-0.5947165555104813,True,False,-5.355190043948651,4.792884651622083,True,False,-1.5219772518191965,0.38227949195745853,True,False
31.5666351,1.1188604227361088,-0.15442818072585762,True,False,-5.500219669837811,4.485481456281129,True,False,-2.0956292288993885,0.19701420512614862,True,False
31.5999684,1.0525910478647293,-0.024318683875553405,True,False,-5.034382291769877,3.7416863619355674,True,False,-2.23638093265173,0.06929640786508781,True,False
31.6333017,1.03255364436241,-0.14349746079281744,True,False,-4.140611562306428,2.748713950519212,True,False,-1.9488903615432902,-0.12445892277060538,True,False
31.666635,0.9938648193070772,-0.3525629648042126,True,False,-3.0644984877586885,1.6963039095597365,True,False,-1.3732901370851172,-0.45885479325574446,True,False
31.6999683,0.8669837700437025,-0.46929109631216,True,False,-2.0131354598929274,0.71317715274704,True,False,-0.7094601029535075,-0.9215021295341868,True,False
31.7333016,0.6204991459151047,-0.37610404753316645,True,False,-1.1024451459820719,-0.14337946110263258,True,False,-0.14302470598975903,-1.4104060263994522,True,False
31.7666349,0.28125752882079375,-0.07286234660125207,True,False,-0.3583560415734295,-0.8603896945277145,True,False,0.20133035350477435,-1.7709497830508891,True,False
31.7999682,-0.0815339709540941,0.3327023390800686,True,False,0.2510825295367925,-1.4379803601077628,True,False,0.2815187220874428,-1.8656932913728652,True,False
31.8333015,-0.39680412688016675,0.6883292812444615,True,False,0.776445292580322,-1.8756287779462357,True,False,0.13921926167914306,-1.6460330415183329,True,False
31.8666348,-0.6298029650382282,0.8775529485691922,True,False,1.2528047235218753,-2.1738493100255707,True,False,-0.12260156712402581,-1.1828285450438227,True,False
31.8999681,-0.7960532445628056,0.878180000648203,True,False,1.6790047033203235,-2.338603152015568,True,False,-0.38493632402610445,-0.6329992699188771,True,False
31.9333014,-0.9460942541519823,0.7749418250830441,True,False,2.0162281682324497,-2.379210062930951,True,False,-0.5641774369816136,-0.15946271459246766,True,False
31.9666347,-1.1324016889374242,0.7204674422301327,True,False,2.200921615474785,-2.297050506647023,True,False,-0.6422338418293337,0.14653468248771637,True,False
31.999968,-1.378912001667989,0.860786527370243,True,False,2.1631711132852116,-2.0728732460135797,True,False,-0.6570261659858675,0.2941959390852398,True,False
32.0333013,-1.6669924048904505,1.2586278863418865,True,False,1.851336939969505,-1.6703131178978945,True,False,-0.6607243623127775,0.3624142063714946,True,False
32.0666346,-1.9362380426376318,1.8481379868960244,True,False,1.265707599754864,-1.0654264714971893,True,False,-0.6744215525638921,0.43721552629165483,True,False
32.0999679,-2.0969145554506423,2.44532776111597,True,False,0.4884841839583635,-0.28834246530420043,True,False,-0.6682903911092386,0.5579029867162886,True,False
32.1333012,-2.0597164864258186,2.8204009067328655,True,False,-0.31412894561935917,0.5518214851805255,True,False,-0.5770750723325196,0.6989147462221265,True,False
32.1666345,-1.780633447514358,2.8040697295053496,True,False,-0.9324526617897058,1.28088425571137,True,False,-0.33800559450670964,0.7899407128366118,True,False
32.1999678,-1.2951416287102235,2.369640018243834,True,False,-1.189399695308361,1.7164572695539952,True,False,0.07162215679678005,0.7569918342249271,True,False
32.2333011,-0.709221882715978,1.6389665393494601,True,False,-1.0229006356025185,1.7497105852981405,True,False,0.6133870487900188,0.5619598360451501,True,False
32.2666344,-0.14357390003508846,0.8075093968437446,True,False,-0.5297566141785505,1.40976213972659,True,False,1.1882765467839635,0.22433698606989613,True,False
32.2999677,0.3308396943218813,0.038802856156823565,True,False,0.06632360389331884,0.8630046932808341,True,False,1.659462632502919,-0.1820681913810402,True,False
32.333301,0.7178465981686738,-0.6034379870955883,True,False,0.5159716144327332,0.3365794623750507,True,False,1.8945719312651796,-0.5530545242080648,True,False
32.3666343,1.0681985767555604,-1.1512501384623866,True,False,0.6573416721057195,0.01166991929320369,True,False,1.8142100260967744,-0.7857894726153349,True,False
32.3999676,1.426598488841946,-1.6740565123441522,True,False,0.4777605178634861,-0.04912867623026309,True,False,1.4260413458986207,-0.8085381144951164,True,False
32.4333009,1.7921328414383915,-2.211371309911011,True,False,0.10171724642020787,0.090495656421908,True,False,0.8302020714643789,-0.6044236648907563,True,False
32.4666342,2.1123662088895334,-2.734955032441859,True,False,-0.27505999245941826,0.28656703125344785,True,False,0.19317540258485275,-0.22279228735712436,True,False
32.4999675,2.307227340598069,-3.1540319414818234,True,False,-0.4694969587888048,0.3842572671480926,True,False,-0.30504197151562223,0.23153804567219383,True,False
32.5333008,2.305691928987839,-3.354670064589013,True,False,-0.3793563665292723,0.28096975348237335,True,False,-0.5350945532192789,0.6320858621071554,True,False
32.5666341,2.0780324550557587,-3.2518690358161795,True,False,-0.013812415753115346,-0.037754016410115956,True,False,-0.4670898311634192,0.8734025891354433,True,False
32.5999674,1.652064585215964,-2.8297758561026365,True,False,0.5188783451781347,-0.49829712588493313,True,False,-0.18089476621901424,0.9044023280423477,True,False
32.6333007,1.1082502156527954,-2.152604386361992,True,False,1.055840842036517,-0.9706781178149787,True,False,0.16607760824335255,0.743144626660813,True,False
32.666633999999995,0.5550400944292024,-1.343464309608696,True,False,1.4361080527681882,-1.316558073735489,True,False,0.3992654866332855,0.4714896942764989,True,False
32.6999673,0.0915744032192556,-0.540342082359876,True,False,1.5494573042836486,-1.4342469393554143,True,False,0.3945053543989581,0.20746999730041948,True,False
32.7333006,-0.23059873146933108,0.1554217272793594,True,False,1.365245985860065,-1.2870887380375926,True,False,0.1318281244648369,0.0559012359848902,True,False
32.766633899999995,-0.43002221096520815,0.7165826237885808,True,False,0.9389053286309644,-0.9130726553590517,True,False,-0.2855515357364635,0.05346891313875524,True,False
32.7999672,-0.5847818064880861,1.190314846231226,True,False,0.39854358383495825,-0.4188592369073502,True,False,-0.6635887228899364,0.13984282703001674,True,False
32.8333005,-0.7871512716279273,1.6554861840978123,True,False,-0.09060277864199369,0.04576499533572485,True,False,-0.798292117449429,0.17994094770885166,True,False
32.866633799999995,-1.0866974570469585,2.1588992035118024,True,False,-0.3871833083237233,0.3405447731567914,True,False,-0.5734887498778299,0.034795331180967476,True,False
32.8999671,-1.4548243512394443,2.6663780043953524,True,False,-0.4431159118244227,0.40198639999800223,True,False,-0.027152605208719323,-0.35275536070014646,True,False
32.9333004,-1.7906652506446734,3.0581142184453527,True,False,-0.3368094870447492,0.2835477465806175,True,False,0.651412772119489,-0.9079446399850141,True,False
32.9666337,-1.9663452040781417,3.177231353697985,True,False,-0.23407388610550092,0.13090602401717136,True,False,1.1969603872011405,-1.4454679578124918,True,False
32.999967,-1.8892563284716641,2.909072291978008,True,False,-0.2927638270522286,0.10053515748572604,True,False,1.3800003228707167,-1.7536682222393691,True,False
33.0333003,-1.5492741828175238,2.2462608488733022,True,False,-0.5717290791977595,0.2732497023743166,True,False,1.1004987594551348,-1.692292443586028,True,False
33.0666336,-1.0286694284753441,1.3048514636131665,True,False,-0.9983664746862744,0.6141644946858367,True,False,0.4253027635248861,-1.253149681192776,True,False
33.0999669,-0.47338396985969733,0.2878835465838296,True,False,-1.407695198231316,0.9964516974952728,True,False,-0.4383805848322292,-0.562291193326514,True,False
33.1333002,-0.039770667088386995,-0.5838654581178327,True,False,-1.6262182967730165,1.2694363820402033,True,False,-1.2197602257822115,0.17026503983721653,True,False
33.1666335,0.16316405499177614,-1.1453602525535784,True,False,-1.5539275524461056,1.3302386646163216,True,False,-1.6858948521782597,0.7326371479845528,True,False
33.1999668,0.11464028899456113,-1.336227074227859,True,False,-1.2033655106658356,1.161211434588142,True,False,-1.7311938399869966,0.9935978380533531,True,False
33.2333001,-0.11124452336099509,-1.2060312018310964,True,False,-0.6829220871078344,0.8211747180460007,True,False,-1.4148179397474008,0.9495635515760421,True,False
33.2666334,-0.3757686891409456,-0.8799184988693535,True,False,-0.14343748540077123,0.4073539139536856,True,False,-0.9245724594818148,0.7139745026141335,True,False
33.2999667,-0.5284954612620775,-0.5087490939999533,True,False,0.27968508412930104,0.015651681468943923,True,False,-0.483429903117482,0.45495704336828663,True,False
33.3333,-0.46437188538680846,-0.22382396758831474,True,False,0.5054258521057765,-0.28300547177638613,True,False,-0.2465249901475481,0.3123460049615952,True,False
33.3666333,-0.1666692810303271,-0.10284605457826126,False,True,0.5210910299108501,-0.45045075433691806,False,True,-0.2400233292804728,0.3362798203779954,False,True
33.3999666,0.2875168419790099,-0.1553341281244902,True,False,0.37751537755550724,-0.4841770817001714,True,False,-0.36692269818769097,0.47865180608631563,True,False
33.4332999,0.7701377530372546,-0.3364146910323384,True,False,0.17126798251087244,-0.41979223421891754,True,False,-0.46951605558813053,0.636456553961123,True,False
33.4666332,1.1686224894800208,-0.5806685632322369,True,False,0.013159757140414119,-0.32346701782090287,True,False,-0.4147589126621109,0.7147598588259673,True,False
33.4999665,1.4323962485104842,-0.8350951323451963,True,False,-0.013179719723422615,-0.26671358746109525,True,False,-0.1606225375774827,0.671600578729887,True,False
33.5332998,1.5764986935153633,-1.0770015859828483,True,False,0.11379391219036993,-0.29320758871219404,True,False,0.2283448007823015,0.5264831015685928,True,False
33.5666331,1.6511941212759527,-1.3124650883131341,True,False,0.34350615584549665,-0.39692717094268093,True,False,0.6181200413859244,0.3380551248006096,True,False
33.5999664,1.7013523330625522,-1.556286821522324,True,False,0.575431141023109,-0.5250943084278116,True,False,0.8691758778329868,0.16960553618796287,True,False
33.633299699999995,1.7358535302183302,-1.8014065524384693,True,False,0.706848067400313,-0.6070122918431652,True,False,0.897654365792527,0.0595332615920379,True,False
33.666633,1.717435839736092,-1.993591126526412,True,False,0.6846662013898082,-0.5945136962141493,True,False,0.7128903214092199,0.006214234334865627,True,False
33.6999663,1.5772453524434984,-2.030679969820487,True,False,0.5307967794858226,-0.48840909879682926,True,False,0.41625078849682956,-0.027574924682658764,True,False
33.733299599999995,1.2521999501542085,-1.7986504368880436,True,False,0.32359396103413346,-0.33287238491229243,True,False,0.15701402058889524,-0.09077102984093977,True,False
33.7666329,0.729493008768686,-1.2341910258890285,True,False,0.14939958249189075,-0.18451078079572814,True,False,0.06251747460401207,-0.21235957829008067,True,False
33.7999662,0.0717651622654019,-0.37879755460008685,True,False,0.05896642750237169,-0.08123380968622286,True,False,0.17617965868253116,-0.380521642233337,True,False
33.833299499999995,-0.5958527670749587,0.6129792206445887,True,False,0.05398922387873103,-0.030785123053698835,True,False,0.43370846234102634,-0.5438100791298235,True,False
33.8666328,-1.1352652989032035,1.5249914626013337,True,False,0.10177393802581898,-0.018644784133454523,True,False,0.6902052245992675,-0.6332090928172427,True,False
33.8999661,-1.4594615271949556,2.169797754600072,True,False,0.15854543019082867,-0.02155904031409504,True,False,0.7893833724914104,-0.5967903176158531,True,False
33.9332994,-1.5750663967832788,2.4692545142409075,True,False,0.18747010442152298,-0.017304560216274686,True,False,0.6442646832784,-0.4324527992349914,True,False
33.9666327,-1.5746009471839133,2.4798487654105257,True,False,0.17277199831791148,0.00684770344398629,True,False,0.286309682109901,-0.19877610317850233,True,False
33.999966,-1.5826559273487142,2.353903090266347,True,False,0.1320632927872669,0.04424441379494035,True,False,-0.14672726296388164,0.0076951214209865105,True,False
34.0332993,-1.690474542954319,2.2628521497087095,True,False,0.11590794871745785,0.06579343504746164,True,False,-0.47757277252443653,0.09772531671399426,True,False
34.0666326,-1.9146702586140858,2.318071195176603,True,False,0.1830885048466095,0.03370996029134862,True,False,-0.5726040417306479,0.03054375410207402,True,False
34.0999659,-2.1932464494516526,2.5186425578589358,True,False,0.36001196730971513,-0.07208169742024108,True,False,-0.3996968916827051,-0.1692310217179416,True,False
34.1332992,-2.406031129094281,2.741541037714937,True,False,0.6099292679601461,-0.23207118891025413,True,False,-0.03856169110520805,-0.42184358883662526,True,False
34.1666325,-2.4004455106091456,2.773564862726019,True,False,0.832883993998733,-0.3847476410003978,True,False,0.3557831448703348,-0.6232233867919003,True,False
34.1999658,-2.0244483654777623,2.3806559861493493,True,False,0.8970777279322159,-0.4450329456242715,True,False,0.6192719523123502,-0.6865780690790589,True,False
34.2332991,-1.1836305380244692,1.4090397144079865,True,False,0.6883559790727677,-0.3353359809348519,True,False,0.6477814271670146,-0.5797375877554766,True,False
34.2666324,0.08418834325865032,-0.1101755442063779,True,False,0.1646110691039635,-0.02148643515352978,True,False,0.4402515845513267,-0.3408503389626163,True,False
34.2999657,1.5637201684378423,-1.9109885619864766,True,False,-0.6028310893535945,0.45725294064577515,True,False,0.09603676399192429,-0.0621820350777547,True,False
34.333299,2.899895716764766,-3.550909893257324,True,False,-1.4308979032722753,0.9843531577098943,True,False,-0.23511018972664616,0.15404171059868654,True,False
34.3666323,3.726907975346317,-4.577569952268837,True,False,-2.085779974355076,1.4012617145596942,True,False,-0.4275676827396084,0.24686591935622776,True,False
34.3999656,3.8288369414795134,-4.727250644635537,True,False,-2.3768399038752754,1.5675796817592609,True,False,-0.43900919632366275,0.2249661933905307,True,False
34.4332989,3.2377141435440313,-4.041576658294304,True,False,-2.2319693094052737,1.4156147975540003,True,False,-0.322869028626419,0.15537138508863504,True,False
34.4666322,2.2106343233222456,-2.832725539607402,True,False,-1.718086002066159,0.9758045361570422,True,False,-0.19315573095402533,0.1233937645223506,True,False
34.499965499999995,1.1042708044830678,-1.5232146604401136,True,False,-1.0021745923642578,0.36442869429347985,True,False,-0.1660352451406141,0.1900203660348031,True,False
34.5332988,0.22175411732159914,-0.45886737733679683,True,False,-0.27492044865531545,-0.2611943521231314,True,False,-0.3061806489295863,0.3663688101012062,True,False
34.5666321,-0.2878440389920443,0.20341201327555158,True,False,0.3235334833448314,-0.7599359603300417,True,False,-0.5970218789066318,0.6109404553929775,True,False
34.599965399999995,-0.4389831552585543,0.4916220629786199,True,False,0.7363219272250677,-1.0479844327605685,True,False,-0.9452898651300601,0.8468960747644133,True,False
34.6332987,-0.34969448061693237,0.5337317704478748,True,False,0.9700923404137037,-1.1073127882514375,True,False,-1.2181809261951337,0.9908255714272025,True,False
34.666632,-0.16665749161409954,0.46412616473460244,True,False,1.0526219291652392,-0.9707111775967343,True,False,-1.2951995231779552,0.9800485645652427,True,False
34.699965299999995,-0.014106448397144826,0.37248264402842685,True,False,1.0097509367486541,-0.7036414932757191,True,False,-1.1103192956445147,0.7883772645665771,True,False
34.7332986,0.03030586496988278,0.2993254410876171,True,False,0.8713009808259354,-0.38866784985356756,True,False,-0.670931075455104,0.4306781066526353,True,False
34.7666319,-0.05483376453217256,0.25404194512040723,True,False,0.6805744050974293,-0.1048876490561326,True,False,-0.056092377738152815,-0.03624109477978317,True,False
34.799965199999995,-0.23603099034101935,0.23395146236412792,True,False,0.48765122405711164,0.09578536692150019,True,False,0.5998649601493394,-0.5161165827258257,True,False
34.8332985,-0.443351640050606,0.23805572570094838,True,False,0.3351290231125511,0.2000699120582575,True,False,1.1405465744668022,-0.8915277576346308,True,False
34.8666318,-0.6068092757417968,0.27578677705096005,True,False,0.252108048310584,0.2240150540993228,True,False,1.4375689494063628,-1.0638709370887434,True,False
34.8999651,-0.6960334138133427,0.367536211981541,True,False,0.2553913660987409,0.1935523260152303,True,False,1.4388807730413022,-0.9960300168383411,True,False
34.9332984,-0.7393953667262831,0.5327005774283966,True,False,0.3458258450891651,0.13253717509952115,True,False,1.1872483220591552,-0.7280868815347379,True,False
34.9666317,-0.8098764290854746,0.7713929089294322,True,False,0.4972647833322381,0.06398728346682624,True,False,0.7974555597561056,-0.355437881587107,True,False
34.999965,-0.986652639082169,1.0552452103090866,True,False,0.652084091108176,0.014511236251058629,True,False,0.4073597288822601,0.013352932896111608,True,False
35.0332983,-1.3095502294210488,1.3333572164074088,True,False,0.7372443841627093,0.010274572622198769,True,False,0.1298788045163078,0.29201946857336597,True,False
35.0666316,-1.7402077003254277,1.5437819237311412,True,False,0.6946407525734261,0.06534191098679377,True,False,0.023329013350020477,0.43260947835224256,True,False
35.0999649,-2.1472276903810394,1.6227267840359223,True,False,0.5037225496327085,0.17324810740305405,True,False,0.08099598864401984,0.4282094760821764,True,False
35.1332982,-2.3361156406202412,1.516610074287966,True,False,0.18360754952781164,0.308918048365581,True,False,0.23629972939178592,0.3110431213349868,True,False
35.1666315,-2.127718195747468,1.203419879837195,True,False,-0.21827077311453283,0.43806577391132223,True,False,0.3847603846583343,0.14485225591420747,True,False
35.1999648,-1.452937083635877,0.7150192069448418,True,False,-0.639237026077701,0.5277151216109753,True,False,0.4217480219684499,0.007127836960719538,True,False
35.2332981,-0.4065823314558773,0.13883816174388916,False,True,-1.0141808414144735,0.5548137168647781,False,True,0.28552216574645467,-0.03841146584278317,False,True
35.2666314,0.7792005949798723,-0.41356746319585785,True,False,-1.290039938426157,0.5116745220177696,True,False,-0.010880634275881186,0.02735602221022933,True,False
35.2999647,1.8268745045480184,-0.854035451716158,True,False,-1.435497381593859,0.4050674902605813,True,False,-0.37557041054205015,0.15967885532265233,True,False
35.333298,2.5134980818472186,-1.1452477127396943,True,False,-1.437017427858309,0.24757071048668336,True,False,-0.6709666637976976,0.26092938241049324,True,False
35.3666313,2.7312725814169116,-1.289747680994129,True,False,-1.2880105519605567,0.047958835293032714,True,False,-0.7753257151537194,0.22642298284933693,True,False
35.3999646,2.5001020002867724,-1.298605111245853,True,False,-0.9898710082392935,-0.1890985863560192,True,False,-0.6446714476433884,0.005073682893586324,True,False
35.4332979,1.9432365442774084,-1.1712780651843182,True,False,-0.5687271923356814,-0.45332578787555156,True,False,-0.34419627659174606,-0.35759968069290793,True,False
35.466631199999995,1.2362900835597768,-0.9011607644862666,True,False,-0.08694812485911962,-0.7210560233256682,True,False,-0.03192411757011381,-0.7202142432034215,True,False
35.4999645,0.5480329384654278,-0.501144215965653,True,False,0.3723326891229636,-0.9609527730233974,True,False,0.10340647488901844,-0.8979010218813671,True,False
35.5332978,0.0017656665500005797,-0.033448088805446856,True,False,0.7421288608389618,-1.1498385053708176,True,False,-0.07121118098459393,-0.7490385289569137,True,False
35.566631099999995,-0.331169965248742,0.3807742853343095,True,False,0.9990672645790799,-1.2814909049767673,True,False,-0.5598372969557475,-0.2559178130674328,True,False
35.5999644,-0.42510270103292974,0.5953775308626826,True,False,1.1555074514341943,-1.3552227180527052,True,False,-1.2161695141040236,0.44516811672789913,True,False
35.6332977,-0.30080729606863726,0.5099431936661857,True,False,1.2220043438244745,-1.3511488482853138,True,False,-1.7908067919317485,1.1063077880953072,True,False
35.666630999999995,-0.02591807313302271,0.1326287316212312,True,False,1.1749292149985802,-1.2168470897961177,True,False,-2.0293874861096146,1.4671254562674527,True,False
35.6999643,0.3022605356915811,-0.40975600168949644,True,False,0.9632163536760335,-0.8868394897314282,True,False,-1.777417387598093,1.3646523441638843,True,False
35.7332976,0.5857317223283,-0.9187679571901576,True,False,0.5550533976910995,-0.33046931579043265,True,False,-1.0464764435253935,0.8035447755883719,True,False
35.7666309,0.7421234304532128,-1.1963417830595529,True,False,-0.00973770222096861,0.40193722330591386,True,False,-0.01770519291227822,-0.04163521963202952,True,False
35.7999642,0.7046935100879212,-1.110946449082,True,False,-0.6016041576520905,1.1673562337923669,True,False,1.0167868546648784,-0.8901275257503842,True,False
35.8332975,0.4325520850123359,-0.6462178609143989,True,False,-1.0374036075851256,1.7688438410341953,True,False,1.7552604161831626,-1.4587532776755268,True,False
35.8666308,-0.05858266657117194,0.07990564625339236,True,False,-1.1617924758488327,2.0362442218136083,True,False,1.9969792388331835,-1.5666399190040983,True,False
35.8999641,-0.6780811023756549,0.8468482896791534,True,False,-0.9317127757110325,1.9092395604265882,True,False,1.722906787563414,-1.2038265209261831,True,False
35.9332974,-1.2868747149101687,1.4147866496005101,True,False,-0.44379207775802015,1.465340354158946,True,False,1.1095119539419207,-0.5370328227781641,True,False
35.9666307,-1.752572355884824,1.6203909363514015,True,False,0.12298329553716575,0.8668983136338347,True,False,0.4531200867470379,0.16109135807239533,True,False
35.999964,-1.9888997081580078,1.4343326820648599,True,False,0.6058148443126681,0.26950458809648653,True,False,0.027745902022274792,0.6389935502709039,True,False
36.0332973,-1.960794795013722,0.9585062369526967,True,False,0.9201868867162541,-0.23512024737297638,True,False,-0.04645483267036872,0.7841031650761447,True,False
36.0666306,-1.674157689732216,0.37385655747795554,True,False,1.0519381635128393,-0.6123392595004987,True,False,0.15390545843318806,0.6624092926194417,True,False
36.0999639,-1.1712769244534225,-0.13599302446915879,True,False,1.0124651409565386,-0.8458850295311883,True,False,0.4206400577182206,0.46073904475691246,True,False
36.1332972,-0.5274888714331599,-0.4580291906263641,True,False,0.8100394783513676,-0.9145363072651339,True,False,0.5418803683913482,0.37178611626483576,True,False
36.1666305,0.16706458749288977,-0.5933776531209088,True,False,0.4597119263704966,-0.8030150263037119,True,False,0.4182076951160098,0.4883709150897846,True,False
36.1999638,0.8367542188966595,-0.6481656160782392,True,False,0.012207769169616014,-0.5304896609721069,True,False,0.10925377151934168,0.7582137098743293,True,False
36.2332971,1.4348183100791136,-0.7660299017526591,True,False,-0.43451341959068657,-0.16678961111534285,True,False,-0.20453128355166814,1.0139823533604835,True,False
36.2666304,1.9280365372853023,-1.0314294030564573,True,False,-0.7595428914303122,0.18082438026328682,True,False,-0.3210981499389927,1.060447884168218,True,False
36.2999637,2.2686506261151345,-1.4007097506538968,True,False,-0.8681669781293283,0.4067410703600342,True,False,-0.12731451319841164,0.7772273280982172,True,False
36.333297,2.383775453474431,-1.7071408303779634,True,False,-0.7382443035424988,0.4533403922107159,True,False,0.335528062743315,0.18572909544530408,True,False
36.3666303,2.198389285119434,-1.7416571419604097,True,False,-0.4377539524529556,0.3401958468593088,True,False,0.8840219745877409,-0.5550307992595142,True,False
36.3999636,1.6827710655388586,-1.3663354499010494,True,False,-0.1023765840360475,0.15953393311635475,True,False,1.2740492114412172,-1.2210448769461475,True,False
36.4332969,0.8949849932746402,-0.5984941414603798,True,False,0.11838367760592948,0.0395319772328802,True,False,1.3111723720328503,-1.6243348828392292,True,False
36.4666302,-0.013440887450388496,0.3813916482631613,True,False,0.12361022940299485,0.09142339997713489,True,False,0.9398824732030819,-1.6867459071308326,True,False
36.4999635,-0.8384104857695847,1.300601719507602,True,False,-0.09508159713408873,0.36020100848796854,True,False,0.27230780458525017,-1.451197952280859,True,False
36.5332968,-1.3909615647072615,1.903383592366306,True,False,-0.44864328136552806,0.7977071484163237,True,False,-0.4552714304496976,-1.0404738868126175,True,False
36.5666301,-1.5640581598695238,2.0486099192603087,True,False,-0.7891425988944601,1.2727493333483262,True,False,-0.9788486670015559,-0.6011871756669143,True,False
36.5999634,-1.3781462076483704,1.7618378977797198,True,False,-0.9742428495776467,1.6184231101689661,True,False,-1.1156432413719246,-0.2581333746673158,True,False
36.6332967,-0.9833056191228152,1.2212350784558827,True,False,-0.9257079089515521,1.695122926333681,True,False,-0.8397040768251547,-0.08259504721540176,True,False
36.66663,-0.6011652163109972,0.6758266274819827,True,False,-0.6559820595121271,1.4379920452631132,True,False,-0.29300346887320405,-0.07815853218407247,True,False
36.6999633,-0.4246462168152207,0.33121970527173705,True,False,-0.2574650391174928,0.8716765676395583,True,False,0.27044948321844126,-0.19141775108764555,True,False
36.7332966,-0.5287845969896356,0.26235715582737323,True,False,0.13460916130547249,0.09949225086050506,True,False,0.5848813756084419,-0.339606439541413,True,False
36.7666299,-0.8426093323602459,0.3966937842296588,True,False,0.3925562196989139,-0.719820353972806,True,False,0.4813989994132655,-0.4332743157631846,True,False
36.7999632,-1.1946747596299707,0.5708221894471937,True,False,0.4487509658878729,-1.412626312452294,True,False,-0.038333464608424545,-0.38441363842499476,True,False
36.8332965,-1.4035890558199036,0.6267367840499353,True,False,0.3325770735592978,-1.8587644894321342,True,False,-0.8020949826401468,-0.11647078258780173,True,False
36.8666298,-1.3631673521754621,0.49464542789168897,True,False,0.1681149696028603,-2.0627437040779095,True,False,-1.5473589874625722,0.40240967760939245,True,False
36.8999631,-1.0784161475013692,0.21861706513935902,True,False,0.12241164266194096,-2.1652860783164036,True,False,-2.0414996582916802,1.1144077371177068,True,False
36.9332964,-0.6405312762647065,-0.08190841959657066,True,False,0.3228576032829687,-2.3570652937114254,True,False,-2.178555943974588,1.8598174402346945,True,False
36.9666297,-0.16762796663164944,-0.2839299458428212,True,False,0.7819423166641092,-2.734024135346917,True,False,-2.006662705220467,2.424647747765207,True,False
36.999963,0.24755328366373308,-0.32444673329508517,True,False,1.3665626468000167,-3.189908522365483,True,False,-1.6796299016292437,2.622424102858467,True,False
37.0332963,0.5605795502291187,-0.2294017286941378,True,False,1.8338564169180833,-3.4273329858404544,True,False,-1.362618980098515,2.359226546129642,True,False
37.0666296,0.7717431572713259,-0.09928215082916399,True,False,1.931062894479058,-3.098262712343485,True,False,-1.143054115882328,1.6586799402831154,True,False
37.0999629,0.906257978729757,-0.0557076843220115,True,False,1.522937841068026,-2.0062929452831235,True,False,-0.9953175244266194,0.6611365593171451,True,False
37.1332962,0.987204401309352,-0.17318739562521024,True,False,0.6807923988531511,-0.25859885077092104,True,False,-0.8143351260545679,-0.39506499524891175,True,False
37.1666295,1.0152558570688426,-0.43642800556978983,True,False,-0.329200097606563,1.7339626702671085,True,False,-0.48492116689472387,-1.232977059565146,True,False
37.1999628,0.9705643952953324,-0.7504190361028191,True,False,-1.167191411703939,3.431398973084953,True,False,0.06380104661122883,-1.6457291952484507,True,False
37.2332961,0.8357328433248319,-0.9932365943523612,True,False,-1.5821689516912367,4.414161644009429,True,False,0.8368795645543353,-1.6022337657117152,True,False
37.2666294,0.6209402620575549,-1.076345219614894,True,False,-1.5161070042834914,4.546844366128133,True,False,1.7668665431708166,-1.271180297645216,True,False
37.2999627,0.3733753369408358,-0.9816833479428985,True,False,-1.0984693867579176,3.9708314057055065,True,False,2.7103649284525564,-0.936606612299996,True,False
37.333296,0.1625622726930507,-0.7599553253156167,True,False,-0.5571503334896349,2.9748223577730277,True,False,3.463837009104575,-0.8529717744765198,True,False
37.3666293,0.04366920937162546,-0.4920214735586132,True,False,-0.11046569660777106,1.8549023323371092,True,False,3.8189086388857434,-1.1197755643443768,True,False
37.3999626,0.021242515688452705,-0.24195016074752815,True,False,0.10937430980858608,0.8364238540387073,True,False,3.6482168913858763,-1.6395733244751771,True,False
37.4332959,0.04530537909743666,-0.0387076844766619,True,False,0.08534628332681013,0.054002312137430536,True,False,2.9777647486449244,-2.1741289396075243,True,False
37.4666292,0.04442432928503658,0.10964510814429315,True,False,-0.10042052720040212,-0.44579166645801777,True,False,1.9972033036726509,-2.457188298291739,True,False
37.4999625,-0.033387874613731855,0.19858656889828824,True,False,-0.3204392976772508,-0.6925763112385016,True,False,0.9924907046871245,-2.3027644216393193,True,False
37.5332958,-0.19750330393677729,0.22603978449301312,True,False,-0.4703650436559891,-0.7649754003059784,True,False,0.22796085211829978,-1.6693515275614341,True,False
37.5666291,-0.4088244387892316,0.1977200200044396,True,False,-0.5140992941804651,-0.7511098795954825,True,False,-0.16827331066958573,-0.6639067140385686,True,False
37.5999624,-0.583612727236802,0.12375808856789561,True,False,-0.4793215932907949,-0.7159651530710751,True,False,-0.2587343864868919,0.5134541254766907,True,False
37.6332957,-0.61156326843112,0.009025181248799394,True,False,-0.41010819720833325,-0.6940570929888755,True,False,-0.2597283259481078,1.656375935779721,True,False
37.666629,-0.3946328724609103,-0.14976838430960762,True,False,-0.31361885871796047,-0.7040140509940626,True,False,-0.4284322790427706,2.622578899643783,True,False
37.6999623,0.10327147661837359,-0.35456708651773416,True,False,-0.1457539143961071,-0.760391280167717,True,False,-0.9297920020027146,3.3528213496416237,True,False
37.7332956,0.8202932297255536,-0.5905986182840299,True,False,0.14711089558080126,-0.8637747523704453,True,False,-1.7503444322796862,3.8453288593435664,True,False
37.7666289,1.5970511811686132,-0.8174516939494523,True,False,0.5625805514146719,-0.9792433430647373,True,False,-2.699840764194777,4.120946502665185,True,False
37.7999622,2.2227662919770337,-0.9776473062368498,True,False,1.0110981301202175,-1.032981267684735,True,False,-3.4939849818453497,4.201723211569968,True,False
37.8332955,2.5173515714445083,-1.0237995394645956,True,False,1.3503861861087998,-0.9434531177222928,True,False,-3.877704696456373,4.100344524921745,True,False
37.8666288,2.4150533174793543,-0.9475262955041928,True,False,1.4610621827972705,-0.6706714859839115,True,False,-3.7418627394134276,3.816374227114638,True,False
37.8999621,1.9998775117555339,-0.7843587847217568,True,False,1.3071580287554634,-0.2483397010500714,True,False,-3.1877292062462614,3.343640167464111,True,False
37.9332954,1.4639617283473578,-0.5870543945190629,True,False,0.9417864394290645,0.22580698707826094,True,False,-2.4959870906383292,2.6866956783628972,True,False
37.9666287,1.0096492932311758,-0.38974167785631325,True,False,0.462645315962921,0.6371675765894057,True,False,-1.9862441838158456,1.8723553887680346,True,False
37.999962,0.7466849046626739,-0.19040659203765914,True,False,-0.043094326099124884,0.9077686471772549,True,False,-1.8230569889433865,0.94354962651361,True,False
38.0332953,0.6262447369584744,0.04529602878390055,True,False,-0.523053406845613,1.0190360293916219,True,False,-1.8887228085298229,-0.06301281056491496,True,False
38.0666286,0.43467722825733884,0.37348987408044804,True,False,-0.9420418719646211,0.9903936235871339,True,False,-1.8221224736145507,-1.1422379432937988,True,False
38.0999619,-0.13634805009013917,0.8588179283177856,True,False,-1.2504959980952863,0.8383344675581786,True,False,-1.2099059348641674,-2.3341181486567995,True,False
38.1332952,-1.3457036869595658,1.549192680776684,True,False,-1.378662473735695,0.5575275934010008,True,False,0.18829788046324333,-3.7093940958504423,True,False
38.1666285,-3.233323619711443,2.43684131090185,True,False,-1.269934271668882,0.14275407377431698,True,False,2.302646914539315,-5.3111742084368085,True,False
38.1999618,-5.507556513751247,3.4189824565938873,True,False,-0.9307922670760308,-0.367685848643659,True,False,4.749230579766628,-7.056124826413165,True,False
38.2332951,-7.561716865152236,4.2816541455453105,True,False,-0.4574584987035657,-0.8667186795728752,True,False,6.9380146519216686,-8.650097352452912,True,False
38.2666284,-8.651462706944505,4.736305087291107,True,False,-0.007898830401973757,-1.202990309846011,True,False,8.25513781483563,-9.613172404322096,True,False
38.2999617,-8.194604895530764,4.5227941282470026,True,False,0.2754282036095944,-1.25259447808365,True,False,8.277856771679128,-9.463323185716538,True,False
38.333295,-6.063542754233598,3.5429488357695296,True,False,0.3396733426233907,-0.9924928538138525,True,False,6.953852598236153,-7.98060243223061,True,False
38.3666283,-2.7023493948909922,1.944195021440886,False,True,0.2341239737341376,-0.5185944570480364,False,True,4.659099039181943,-5.377567476131161,False,True
38.3999616,1.0164389125733766,0.08659966750762876,True,False,0.058446334324838846,0.0066252850356783325,True,False,2.0815350316083725,-2.2403885629644362,True,False
38.4332949,4.125403164924041,-1.598967545891316,True,False,-0.1003887784830162,0.4360458559668047,True,False,-0.044334587646447154,0.7324731429841775,True,False
38.4666282,5.91459828608636,-2.7799352233092662,True,False,-0.19760131445782467,0.6948906013522872,True,False,-1.2408574284535159,3.018683273651055,True,False
38.4999615,6.150848106705336,-3.3275149230403227,True,False,-0.2277582956474025,0.7900125203059465,True,False,-1.474588787028555,4.420109993330487,True,False
38.5332948,5.104427628476838,-3.3205327969316527,True,False,-0.21385112689449215,0.7843330107247328,True,False,-1.1250303082320532,5.0365815823837465,True,False
38.5666281,3.3995190924861554,-2.968460895472552,True,False,-0.2001520806427042,0.7601933786169199,True,False,-0.7618627813855547,5.136175141067201,True,False
38.5999614,1.7485837366856005,-2.503463661197664,True,False,-0.24059862470093013,0.786168152227334,True,False,-0.8634081684673982,5.007446271953531,True,False
38.6332947,0.6740694608422091,-2.0926291980104694,True,False,-0.37255137479906775,0.8916190241041784,True,False,-1.6162541279823606,4.8521153485674215,True,False
38.666628,0.34111366526461023,-1.8025773062619947,True,False,-0.5820498816682066,1.050794822188724,True,False,-2.8690793095356093,4.744215292040177,True,False
38.6999613,0.5722717096667393,-1.6171407655746757,True,False,-0.7802310162797255,1.1798708721000748,True,False,-4.232458459449568,4.6503522886271265,True,False
38.7332946,1.0125809687279859,-1.483779320866409,True,False,-0.8113505834484859,1.1530694343279522,True,False,-5.257792962014144,4.48623761252784,True,False
38.7666279,1.3382166632137091,-1.358545043326695,True,False,-0.5028912940410233,0.8427927055289081,True,False,-5.6125221117427575,4.1793911666104915,True,False
38.7999612,1.397694163594409,-1.2276714611804895,True,False,0.2546217888068293,0.1757794138603198,True,False,-5.193639308298988,3.70996670859395,True,False
38.8332945,1.2304231015701086,-1.0998623393216946,True,False,1.4335723130889302,-0.8179429776029774,True,False,-4.1547749871251165,3.1144536480431024,True,False
38.8666278,0.9847773372532908,-0.9825219078367566,True,False,2.8363647862098222,-1.9859579977468333,True,False,-2.8425509092368553,2.460497148023007,True,False
38.8999611,0.8083895554550966,-0.8647230409343778,True,False,4.120039265023124,-3.073743487616629,True,False,-1.6599802497666027,1.8154172741729926,True,False
38.9332944,0.7774913089015797,-0.7192534727742306,True,False,4.877608028753279,-3.7832431128833117,True,False,-0.904905153803398,1.2239536167068372,True,False
38.9666277,0.8826687038681476,-0.515144203172988,True,False,4.76241715094738,-3.8607796522937523,True,False,-0.6505797293052743,0.6974257023150773,True,False
38.999961,1.0449732485924985,-0.22539196048593096,True,False,3.6254529240835547,-3.193629416395222,True,False,-0.7259909832567373,0.21416126047014003,True,False
39.0332943,1.1381265549082789,0.1703216523551349,True,False,1.6146096743046316,-1.8790742782595355,True,False,-0.8091721511681684,-0.26713353352472025,True,False
39.0666276,1.0195046954807794,0.6759189489187588,True,False,-0.8297035846126305,-0.21961919218417,True,False,-0.5839044389280825,-0.7869094518513587,True,False
39.0999609,0.578743439560393,1.2604768522856782,True,False,-3.116877451075526,1.3786467307800216,True,False,0.1236719300838433,-1.3689167175555876,True,False
39.1332942,-0.20543537543606455,1.846345404964371,True,False,-4.726870711733476,2.5607121957729784,True,False,1.286227105849582,-2.01092992935983,True,False
39.1666275,-1.226241888444569,2.318883114726924,True,False,-5.383048139954287,3.1401470715478945,True,False,2.696931516098277,-2.6767392895212176,True,False
39.1999608,-2.256488982279996,2.5570343348469664,True,False,-5.098582441043553,3.125469806707221,True,False,4.040615350529932,-3.2927817230416205,True,False
39.2332941,-3.016078702944606,2.4720552621044245,True,False,-4.116435988920448,2.6733025433809425,True,False,4.983971127896338,-3.7579748951695744,True,False
39.2666274,-3.279400343725377,2.041831074106621,True,False,-2.800300089706248,2.01218229258303,True,False,5.2695401527866785,-3.968883915227758,True,False
39.2999607,-2.9722862137104094,1.3305133827133724,True,False,-1.513104479727394,1.3627853135083752,True,False,4.801993282266447,-3.855283862671869,True,False
39.333294,-2.2060881379425243,0.48148768025705235,True,False,-0.5088226628674848,0.8695938603646924,True,False,3.6991948494106985,-3.4136994526954414,True,False
39.3666273,-1.2299585400560429,-0.3221631175112168,True,False,0.1270535861812444,0.5656164813500842,True,False,2.269862366385633,-2.721036844977849,True,False
39.3999606,-0.32903275089570555,-0.9155596182557483,True,False,0.46421326858974965,0.3860257021111653,True,False,0.9063098946352464,-1.9168439417998864,True,False
39.4332939,0.2798006422939356,-1.2007418787732451,True,False,0.6554654440496404,0.22192491714960239,True,False,-0.06631395280642369,-1.1588886637153704,True,False
39.4666272,0.5116189543232849,-1.1666890534471395,True,False,0.847340125200452,-0.014410333105841357,True,False,-0.5112677540414328,-0.5712371905562347,True,False
39.4999605,0.4169023869487587,-0.8771057574544775,True,False,1.1133116867584905,-0.34343057451250747,True,False,-0.5146377717621217,-0.20742238193119863,True,False
39.5332938,0.13089845953611728,-0.4348733804250498,True,False,1.4318607950687159,-0.7100444649244991,True,False,-0.32331309473344655,-0.04148784260914216,True,False
39.5666271,-0.19925491953165708,0.05772412854570253,True,False,1.710886799980131,-1.0135158822578059,True,False,-0.22448114311520279,0.013980384738031489,True,False
39.5999604,-0.46854941389201277,0.5231956347850186,True,False,1.8430233547760881,-1.1595977292130408,True,False,-0.42473983430873724,0.07123063958555956,True,False
39.6332937,-0.6275850028438872,0.9122498073178253,True,False,1.7653677771143779,-1.1097218016896777,True,False,-0.9742330999473113,0.2238764060540562,True,False
39.666627,-0.6652742825664842,1.1956835574297544,True,False,1.495304141974477,-0.9028047112263203,True,False,-1.754501364049797,0.5109393828880522,True,False
39.6999603,-0.5847310514152629,1.3525220045883253,True,False,1.125831496649928,-0.6390568966536371,True,False,-2.5264373175894526,0.901321854399591,True,False
39.7332936,-0.38882036315941737,1.3568401636125575,True,False,0.7843731156081613,-0.435669504215299,True,False,-3.01853311899231,1.3049708690123893,True,False
39.7666269,-0.08170399800985403,1.17477802749551,True,False,0.5768671875107025,-0.3777570337354691,True,False,-3.0231935772482696,1.6075149733571699,True,False
39.7999602,0.3144221552249425,0.7886262064009424,True,False,0.5441902219558928,-0.4865858808273043,True,False,-2.468243185880593,1.7162235035481443,True,False
39.8332935,0.7393931777440604,0.23939549093177465,True,False,0.6482292118207007,-0.7146653490357378,True,False,-1.4445722706096553,1.5997813013202906,True,False
39.8666268,1.0919468657505653,-0.3524085671200936,True,False,0.7887872001652733,-0.9647544795418684,True,False,-0.18391534517871383,1.302827778303416,True,False
39.8999601,1.2560541104684766,-0.820291937777943,True,False,0.8421296279108277,-1.1245494506248468,True,False,1.0107956981218338,0.9246059469160983,True,False
39.9332934,1.1505759109429492,-1.0296827217082398,True,False,0.7101108210833456,-1.108638742035207,True,False,1.861914464272097,0.5745486557030325,True,False
39.9666267,0.7791870911282917,-0.9544222820279418,True,False,0.3662277153203269,-0.8962250592420028,True,False,2.202149482218742,0.3342169328285604,True,False
39.99996,0.25142487204738234,-0.7018430219057978,True,False,-0.12314126339815233,-0.5455627197181975,True,False,2.0176515873050422,0.24065151435151413,True,False
40.0332933,-0.24514908736680008,-0.46472510280985974,True,False,-0.6241343308344364,-0.1673513743712075,True,False,1.4419210455829856,0.28296492206756485,True,False
40.0666266,-0.5176441757739003,-0.4224327607897877,True,False,-1.0058661401582607,0.13845171840883216,True,False,0.7064358887759549,0.40634999910335806,True,False
40.0999599,-0.4531442438967506,-0.6470637839837194,True,False,-1.2170345853755473,0.3461849099931671,True,False,0.05735653864135355,0.5320564029762244,True,False
40.1332932,-0.0718439676147941,-1.0689305809349576,True,False,-1.3144592096652319,0.5220145456462647,True,False,-0.33986200565997504,0.5940042611850698,True,False
40.1666265,0.48081520586607424,-1.5151170939907477,True,False,-1.4202299958749054,0.7780579020012356,True,False,-0.4654172164343916,0.5692048869731452,True,False
40.1999598,0.998406379252494,-1.7894038885276606,True,False,-1.6364844209301055,1.191643098998732,True,False,-0.4385555835004086,0.4770856514025896,True,False
40.2332931,1.3024517061827126,-1.7508379000103602,True,False,-1.9741359608433384,1.7423867764074157,True,False,-0.43877522244167405,0.3520478742509413,True,False
40.2666264,1.3151538080962146,-1.3657379123080047,True,False,-2.3374634337547313,2.306334968742477,True,False,-0.6020546374944351,0.2202016162641334,True,False
40.2999597,1.0824543428316442,-0.7207069562010914,True,False,-2.565681741624023,2.7063791664148953,True,False,-0.9483182075891615,0.0992748642124911,True,False
40.333293,0.7370074399576259,0.011363304827737912,True,False,-2.496279023476889,2.7810001172316783,True,False,-1.3655856104336366,0.003906757307109538,True,False
40.3666263,0.42324147275004026,0.6418421516841567,True,False,-2.014938362583835,2.4325530914118234,True,False,-1.6484622811310667,-0.06818043762019099,True,False
40.3999596,0.2264140840913979,1.040290936012336,True,False,-1.0890029654920634,1.6494705261970437,True,False,-1.5806068669228077,-0.15574861408920418,True,False
40.4332929,0.13930684893188827,1.1802767649654065,True,False,0.19967422848792302,0.5206624072820518,True,False,-1.0376354068834899,-0.32163793199154267,True,False
40.4666262,0.0787716622014607,1.1388672270277151,True,False,1.6283979608555261,-0.7538808757840738,True,False,-0.0674804862554393,-0.6016299947964544,True,False
40.4999595,-0.0565287419854505,1.0431104518266825,True,False,2.8559212155515104,-1.8850360322998758,True,False,1.095178798160378,-0.9555142376461586,True,False
40.5332928,-0.31960088366778955,0.9883368344226753,True,False,3.532732169550136,-2.5813717866496493,True,False,2.101158478464375,-1.267402154710315,True,False
40.5666261,-0.6819945566234388,0.9846311919049865,True,False,3.4674861374630614,-2.6788366474306846,True,False,2.6223439687266894,-1.3999225748438666,True,False
40.5999594,-1.0498136653991503,0.9663484329570781,True,False,2.736772673864674,-2.226338106719909,True,False,2.478876778979723,-1.260530822403313,True,False
40.6332927,-1.3086656565582484,0.8457459665824442,True,False,1.6499081509921043,-1.4586682532050619,True,False,1.6934891955609452,-0.8368408180504483,True,False
40.666626,-1.3700989492998281,0.5687300086342819,True,False,0.6013395043535853,-0.6826295970346714,True,False,0.4731182661111551,-0.19598596569545657,True,False
40.6999593,-1.204270637880871,0.1448432438208619,True,False,-0.08709844565499705,-0.15527407962913325,True,False,-0.8491687320430671,0.5326547209496811,True,False
40.7332926,-0.8515503262175462,-0.35524568896930603,True,False,-0.2668333293326126,-0.00453341155903949,True,False,-1.9000431069807007,1.1822025679824204,True,False
40.7666259,-0.4096727210489914,-0.8271774487203755,True,False,0.008006004200965084,-0.20235988792028464,True,False,-2.3746564952332925,1.5843084765133482,True,False
40.7999592,-0.00013653235812224957,-1.1704075186967047,True,False,0.5173283921922744,-0.5883993141982579,True,False,-2.138395446013266,1.6146304634950368,True,False
40.8332925,0.27356141843290016,-1.3194236321566466,True,False,0.9649626241560129,-0.9368906624907858,True,False,-1.2794667699173015,1.235752348854749,True,False
40.8666258,0.35950082068927025,-1.2578406804449282,True,False,1.0926061367095274,-1.0452402159337415,True,False,-0.08649947250575764,0.522573676273319,True,False
40.8999591,0.27110169209364726,-1.015530819637883,True,False,0.7742837329571239,-0.8095144425436117,True,False,1.0493623222124837,-0.3448212809116899,True,False
40.9332924,0.0773720510702739,-0.6550542878496822,True,False,0.05309847826647209,-0.25588475964152047,True,False,1.780936787872057,-1.1300204159398983,True,False
40.9666257,-0.12751701484688988,-0.2509682025993455,True,False,-0.8887629121554262,0.4797015403121076,True,False,1.9429340520075777,-1.6229355994663468,True,False
40.999959,-0.26495691415289946,0.13556977662645567,True,False,-1.8025123898052506,1.205259787048754,True,False,1.6120168977509612,-1.724992164674842,True,False
41.0332923,-0.30529807388202435,0.47850303176920184,True,False,-2.4520707661909262,1.7331018662871986,True,False,1.0497529931763472,-1.4893882924377169,True,False
41.0666256,-0.27748023798036775,0.7919470287157808,True,False,-2.6788678434100586,1.9313762057287902,True,False,0.5563822156830812,-1.0838082314751731,True,False
41.0999589,-0.2498610407358814,1.1114648603141024,True,False,-2.446844129181616,1.7630262020558778,True,False,0.3192371026048153,-0.6928691627685801,True,False
41.1332922,-0.29053570581230836,1.4583242444458835,True,False,-1.8580328316236634,1.3030188434292005,True,False,0.3351179125591267,-0.4197251218519935,True,False
41.1666255,-0.4244637451603367,1.8058180592000912,True,False,-1.118240709106044,0.714841889997035,True,False,0.43537107454406043,-0.24370880787097476,True,False
41.1999588,-0.6082901669003633,2.068737973584988,True,False,-0.4493329166632571,0.18137351833730136,True,False,0.39164862441644865,-0.0539887982260855,True,False
41.2332921,-0.7389335915594365,2.1269125640064264,True,False,0.012153972357417548,-0.1783607490395615,True,False,0.045828137629871195,0.26368209626493805,True,False
41.2666254,-0.6973352802411282,1.8767359943950053,True,False,0.26857718663407815,-0.35595823841333507,True,False,-0.6015456521888322,0.7382899736164114,True,False
41.2999587,-0.4102304002628765,1.2894728631002952,True,False,0.4346735360747353,-0.4364003180519078,True,False,-1.3837542424454634,1.2754694226619667,True,False
41.333292,0.10198447592211661,0.44577219004020646,True,False,0.6518445956730706,-0.5323413574231364,True,False,-2.038510375042537,1.6943377374307116,True,False
41.3666253,0.7241431863343422,-0.4822171695515991,True,False,0.9969892562556338,-0.7122408339786264,True,False,-2.3219720452905688,1.8186676569216482,True,False
41.3999586,1.2983974847940476,-1.3013079622838166,True,False,1.4347078971553284,-0.9609152115792667,True,False,-2.116062953149315,1.5692789005609626,True,False
41.4332919,1.695820625414028,-1.8776262624765772,True,False,1.8317743361310797,-1.1876543367132744,True,False,-1.4826860354524856,1.0075380232699638,True,False
41.4666252,1.8629880412261646,-2.176920539606506,True,False,2.0207919130888023,-1.2725915009193882,True,False,-0.6413848352388541,0.3113062048874851,True,False
41.4999585,1.827008887501667,-2.2539807613091276,True,False,1.8799900367584739,-1.1268829575891424,True,False,0.1218464400227003,-0.300134665755844,True,False
41.5332918,1.6701481580744642,-2.213337633531473,True,False,1.3932824847780747,-0.7394088984851714,True,False,0.5755710405001385,-0.6539894465913728,True,False
41.5666251,1.4884713336362945,-2.1601051265860334,True,False,0.6664035541511193,-0.19054534530054046,True,False,0.6352948202754121,-0.6852137149804048,True,False
41.5999584,1.3461033368594206,-2.1500058193553744,True,False,-0.10700688751884861,0.3729423063820628,True,False,0.38331246772674543,-0.4491114939235688,True,False
41.6332917,1.2436019714661246,-2.156843980299413,True,False,-0.7151441516215982,0.7914520555941189,True,False,0.01428745245430608,-0.08713816973430016,True,False
41.666625,1.1205100367021579,-2.0816164932545975,True,False,-1.003317849338028,0.9508190266360906,True,False,-0.2597838523714431,0.23486884290526064,True,False
41.6999583,0.8947254206357186,-1.8068977724561086,True,False,-0.9247199458943157,0.8214183809921453,True,False,-0.2982498116797499,0.3892310461115621,True,False
41.7332916,0.5187298821448553,-1.2707192368855371,True,False,-0.5521671251340902,0.4665035456420561,True,False,-0.07503714018343455,0.32599556773707494,True,False
41.7666249,0.022374304428025505,-0.5207375851803199,True,False,-0.052654159990930705,0.02148035642865935,True,False,0.33235960280436905,0.08007787462819316,True,False
41.7999582,-0.484340751785384,0.2850884140843254,True,False,0.36561392792177844,-0.3478555964858899,True,False,0.785265902366794,-0.2484151669189214,True,False
41.8332915,-0.8580167906834528,0.9418805874816605,True,False,0.5209094437918304,-0.49807003469078587,True,False,1.1323853203544145,-0.5311316246298087,True,False
41.8666248,-0.9987111695676092,1.2977872965053963,True,False,0.32125900977720984,-0.35701807499835125,True,False,1.2565404955224748,-0.6577854228068484,True,False
41.8999581,-0.9155674493086706,1.336575397014977,True,False,-0.20085470801359245,0.0501266629647942,True,False,1.116447204187271,-0.5811803751196141,True,False
41.9332914,-0.7460939680134667,1.200547167814982,True,False,-0.8980697501595363,0.609766687390784,True,False,0.771803163922551,-0.34583016611280437,True,False
41.9666247,-0.7180450208866228,1.1448411835043069,True,False,-1.5583022515208316,1.1593176250234325,True,False,0.37640311382077846,-0.08418889626871406,True,False
41.999958,-1.0627009564455927,1.4380449980362158,True,False,-1.9763580976033999,1.540762309840868,True,False,0.1299825574923121,0.029602354466848,True,False
42.0332913,-1.9035905895705874,2.2371062496289444,True,False,-2.0220867522500985,1.6494195845381132,True,False,0.19374332068214822,-0.1392369761913499,True,False
42.0666246,-3.161128932308416,3.4786819289623674,True,False,-1.6812090936993158,1.4621041807260409,True,False,0.599264264918183,-0.6039462529778007,True,False
42.0999579,-4.522897741185444,4.841222519855457,True,False,-1.0545584250898776,1.0368130467848202,True,False,1.202838363657629,-1.2213891989952204,True,False
42.1332912,-5.515639023879382,5.8218723336849045,True,False,-0.3188765900431625,0.48781162066887235,True,False,1.725983309771164,-1.735589312844332,True,False
42.1666245,-5.672013857411159,5.922675217687838,True,False,0.33372355730179837,-0.052099477018145386,True,False,1.8720236948383546,-1.8849927050256226,True,False
42.1999578,-4.731276745161781,4.873079962431212,True,False,0.7573381427164415,-0.47025480959479943,True,False,1.461087424865928,-1.5209901760098181,True,False
42.2332911,-2.7791270411111886,2.777894291767827,False,True,0.8964604380423671,-0.7042229659678652,False,True,0.5188954652613186,-0.6816606957397134,False,True
42.2666244,-0.2423940633714496,0.10179387050306196,False,True,0.7974585351594287,-0.7553294132398719,False,True,-0.7194790294830511,0.4126441944971024,False,True
42.2999577,2.2763651114800103,-2.5150645092978907,True,False,0.582535813324074,-0.681998950025302,True,False,-1.891349724480064,1.4404519366942106,True,False
42.333291,4.23898534100887,-4.512463497915495,True,False,0.3984092034008352,-0.5766248017057388,True,False,-2.6376968714136564,2.100179201098799,True,False
42.3666243,5.3521118065379945,-5.596078334906204,True,False,0.36163740075988005,-0.5334847057069297,True,False,-2.7322216342206413,2.218339521918101,True,False
42.3999576,5.605765571737627,-5.771977690083264,True,False,0.5184538780162266,-0.6148227579805498,True,False,-2.1660794884567993,1.8056047106792572,True,False
42.4332909,5.190040191478885,-5.252997263335893,True,False,0.828987272644926,-0.8241756099903823,True,False,-1.1614668379666242,1.0469140975403917,True,False
42.4666242,4.36942591000309,-4.322596471299259,True,False,1.1807402336445403,-1.09938475494768,True,False,-0.09866437423953155,0.23132094968699923,True,False
42.4999575,3.382396501913902,-3.2308831613210636,True,False,1.4293316334031363,-1.3333048301529358,True,False,0.6314966378187523,-0.3567595365574642,True,False
42.5332908,2.3930112070662495,-2.1520868622278275,True,False,1.455561766335282,-1.4183106231732352,True,False,0.7906627993418684,-0.5452046203171814,True,False
42.5666241,1.4904166012986864,-1.1933734069707207,True,False,1.2200491362112666,-1.2982194751367748,True,False,0.38778253451621697,-0.333150507067908,True,False
42.5999574,0.7149675024187391,-0.42227697681523385,True,False,0.788911622094923,-1.0009969306994406,True,False,-0.34320836897700063,0.1272597061738911,True,False
42.6332907,0.08399031188914931,0.12061095119373338,True,False,0.3082036169265221,-0.6285223407752379,True,False,-1.0617329819172274,0.6135953806918645,True,False
42.666624,-0.3994563708482921,0.4327650568187788,True,False,-0.06592813355349743,-0.3049105845175474,True,False,-1.4680065342998403,0.9338435187647303,True,False
42.6999573,-0.7509213652156879,0.5640480286146968,True,False,-0.24216908048475339,-0.11314031853089397,True,False,-1.417541776893262,0.9975370607554597,True,False
42.7332906,-1.0053122004401567,0.6074863814609598,True,False,-0.23205867275603403,-0.055676567132412716,True,False,-0.9686877692844641,0.8336811446882462,True,False
42.7666239,-1.2032168997152781,0.6611892040449464,True,False,-0.13440421071767333,-0.05869536292093428,True,False,-0.34888692425823326,0.5569481376236589,True,False
42.7999572,-1.3684847787973438,0.7818536950485827,True,False,-0.08044332724807188,-0.01419839736926209,True,False,0.15318357688489395,0.30212259435770883,True,False
42.8332905,-1.4934766582278827,0.9586057340730604,True,False,-0.17264946132815054,0.16676745814540564,True,False,0.32608555221918745,0.15967838466281029,True,False
42.8666238,-1.5446572748210394,1.1235398473091762,True,False,-0.4451672493252332,0.5171457298711394,True,False,0.13793555134792043,0.14309576816892106,True,False
42.8999571,-1.4856357838198624,1.1917603273545072,True,False,-0.8534235556760327,1.0017989109205985,True,False,-0.2474503262133197,0.19725447910015306,True,False
42.9332904,-1.3006076798263337,1.1057148720902408,True,False,-1.287887455329832,1.5251058095376713,True,False,-0.5469959908684137,0.23297932632902701,True,False
42.9666237,-1.0044080959255675,0.8616016462651934,True,False,-1.6077795057958824,1.95470446131696,True,False,-0.49079722596954184,0.16498491450705682,True,False
42.999957,-0.640976226419258,0.5134499046651008,True,False,-1.6890450238954893,2.1601071213291805,True,False,0.04793492112497839,-0.05807695156411856,True,False
43.0332903,-0.2772169469267169,0.16057537265480826,True,False,-1.4727760322285375,2.058572956936151,True,False,0.9782989668411451,-0.43177416941810703,True,False
43.0666236,0.008917060866905026,-0.07895250295156542,True,False,-0.9958654395169072,1.6527984856632671,True,False,2.005622424276615,-0.8877356907810232,True,False
43.0999569,0.15073342742311666,-0.10802394554375024,True,False,-0.3878191125940851,1.041034251614813,True,False,2.7407196751176515,-1.3108095814241252,True,False
43.1332902,0.12166775929644096,0.10563671378546581,True,False,0.1739770370476543,0.3852276451482763,True,False,2.8680076710649423,-1.5822415642980847,True,False
43.1666235,-0.04443934197424854,0.502656886834103,True,False,0.537691895577387,-0.1548951042317423,True,False,2.2924592594004025,-1.631116305910651,True,False
43.1999568,-0.2584292160874249,0.9438660262278946,True,False,0.6422094676178185,-0.48620581741553004,True,False,1.1908490812132677,-1.4688404402353417,True,False
43.2332901,-0.40999386587962683,1.2628008727936881,True,False,0.5352979973039204,-0.6067895507082711,True,False,-0.052889721689109256,-1.1885060682367603,True,False
43.2666234,-0.41639305927277387,1.3356513444699933,True,False,0.33536144487756525,-0.5817770596511118,True,False,-0.9980639136135809,-0.9258178538197964,True,False
43.2999567,-0.26006039605134296,1.1330208273897386,True,False,0.1645243986519711,-0.49495272909361415,True,False,-1.3255217244916182,-0.7952154670671732,True,False
43.33329,0.007820527986929204,0.7245264876891181,True,False,0.09506608850230709,-0.4105270704701678,True,False,-0.9719629362336013,-0.8277865107349628,True,False
43.3666233,0.29997474693611065,0.23451854326018398,True,False,0.13456210346420183,-0.3630464326644942,True,False,-0.16011405621163105,-0.9405949013544095,True,False
43.3999566,0.5374435272777913,-0.21930786026779434,True,False,0.24640579891449474,-0.36918236000037596,True,False,0.6928036981983937,-0.9590092868611965,True,False
43.4332899,0.6767002364268805,-0.5655385774662295,True,False,0.383043697508736,-0.44079581186541633,True,False,1.1543936361076086,-0.6954106920399487,True,False
43.4666232,0.7125825293408562,-0.7846005677972168,True,False,0.5079857036123975,-0.5819611084034381,True,False,0.9716688897476852,-0.059327955381595784,True,False
43.4999565,0.6678302142909288,-0.89356303735439,False,True,0.5976388813550854,-0.771722983651326,False,True,0.19300027707791056,0.8587703617209489,False,True
43.5332898,0.5761221741723869,-0.9242833386168682,True,False,0.6319851626015713,-0.9524437163392385,True,False,-0.8491052947380597,1.7958579399834407,True,False
43.5666231,0.46141382594669544,-0.9022523224151398,True,False,0.5887840485781864,-1.0412979338308224,True,False,-1.6928090981469064,2.4304630525699142,True,False
43.5999564,0.3247536048280233,-0.8347009685075235,True,False,0.44975000657641356,-0.9642645218289331,True,False,-1.9574125097560622,2.5344395414202503,True,False
43.6332897,0.15110507675448664,-0.7143077739114733,True,False,0.21758618148551032,-0.6970289491489269,True,False,-1.5016507953901228,2.069855455551024,True,False
43.666623,-0.06752098985373806,-0.5337456781933394,True,False,-0.0674823766527923,-0.29146235216111244,True,False,-0.4665787929654724,1.1899751040878979,True,False
43.6999563,-0.31235067168462344,-0.29904803832313104,True,False,-0.32853610126979355,0.1316612245834359,True,False,0.7949390280579391,0.1646405629282825,True,False
43.7332896,-0.5383186844825487,-0.03411585460776847,True,False,-0.4791133851274486,0.4293683069566794,True,False,1.8575554472851352,-0.7229946392746421,True,False
43.7666229,-0.6930429570615112,0.22240450881735258,True,False,-0.465443140903679,0.50336796206559,True,False,2.3724740605644774,-1.2635394791605137,True,False
43.7999562,-0.7391350192765211,0.42420850001734856,True,False,-0.29475268436663066,0.3474603560566227,True,False,2.1757430261761797,-1.3669884982263065,True,False
43.8332895,-0.667207578652821,0.5280818876624852,True,False,-0.02766778649969587,0.0446799753007504,True,False,1.3283616242817808,-1.0661540827168168,True,False
43.8666228,-0.49697354398380045,0.5079761315029986,True,False,0.2560122440442997,-0.27920323524905283,True,False,0.08151045822699145,-0.48876713913850456,True,False
43.8999561,-0.27094054704678316,0.3685939279508245,True,False,0.48898540283168096,-0.5111014429354668,True,False,-1.2208312298050545,0.19030025832870023,True,False
43.9332894,-0.04606349073859382,0.15317791641713727,True,False,0.6272917303902253,-0.5844785020035171,True,False,-2.2623984600578204,0.8012767978593418,True,False
43.9666227,0.11614978562955557,-0.06040062883203272,True,False,0.643746108957663,-0.4826973084122239,True,False,-2.843658241468882,1.2182356203425737,True,False
43.999956,0.16530721893512987,-0.18121133510800974,True,False,0.5197988013628404,-0.2233921092371286,True,False,-2.9075628718947737,1.3757483051486834,True,False
44.0332893,0.08416537077542396,-0.1433163501863956,True,False,0.2502432518157338,0.1551756579776337,True,False,-2.513817776604467,1.2690038859103103,True,False
44.0666226,-0.09389915326993299,0.05658106752277606,True,False,-0.1389369905669731,0.5942973326856796,True,False,-1.7982007136769607,0.9484438717493944,True,False
44.0999559,-0.28873361314812107,0.3479407702661288,True,False,-0.5769954719448682,1.0116617660779583,True,False,-0.940921011937946,0.5114213893319263,True,False
44.1332892,-0.40401669189126005,0.6144301038336093,False,True,-0.9615026548297365,1.3158633033721674,False,True,-0.13586401220998554,0.08067397643801863,False,True
44.1666225,-0.3706556858512907,0.7471197216384147,True,False,-1.2012062851781746,1.4429101914729752,True,False,0.4573997407904667,-0.23656860704310165,True,False
44.1999558,-0.17973876560842506,0.6924694153025382,True,False,-1.260397017557448,1.3891625820207318,True,False,0.7676770304914867,-0.3917742641585823,True,False
44.2332891,0.11239400772403306,0.4699624032119858,True,False,-1.168087420749123,1.2090715245654577,True,False,0.8327166313513662,-0.4101313676576251,True,False
44.2666224,0.409962022642017,0.1539800839192319,True,False,-0.985984394911273,0.9767121963807989,True,False,0.7642875390215956,-0.3655659663318705,True,False
44.2999557,0.6217297343928126,-0.1655546046527782,True,False,-0.7658993974516173,0.7429288793260319,True,False,0.6803954680503996,-0.33471762306170444,True,False
44.333289,0.7012395908215849,-0.4214848959734809,True,False,-0.5293748835428919,0.5183273994638801,True,False,0.6474820014388298,-0.35891618807500786,True,False
44.3666223,0.6644080151149228,-0.5906438797902056,True,False,-0.2772072773494455,0.2868310424871118,True,False,0.6618247666977599,-0.43137159980499457,True,False
44.3999556,0.5783231204623412,-0.6936569327088916,True,False,-0.015312154437821655,0.03515349452843698,True,False,0.6747194971649252,-0.5115299685868501,True,False
44.4332889,0.5279530494988063,-0.7767971860338106,True,False,0.22701595452337012,-0.22512480690119357,True,False,0.6424216783256286,-0.5566422674253304,True,False
44.4666222,0.575077195916912,-0.8830596948543015,True,False,0.4076069969858447,-0.4633586142534802,True,False,0.5678632135408298,-0.5519789500491342,True,False
44.4999555,0.7264370780085196,-1.023926606841123,True,False,0.5060667635907566,-0.6599923843793982,True,False,0.5078266959087911,-0.5214433289210199,True,False
44.5332888,0.924805126378328,-1.165667567374054,True,False,0.5504346225313348,-0.8313294663228735,True,False,0.5415080980240036,-0.5126766588924284,True,False
44.5666221,1.0685808748176873,-1.2397523752083537,True,False,0.6086113958801946,-1.0223617836219023,True,False,0.7187879336116081,-0.5671097179190814,True,False
44.5999554,1.054838888901652,-1.1756996954152261,True,False,0.7477208675122464,-1.2689181309084352,True,False,1.0180455174933956,-0.6930668648306001,True,False
44.6332887,0.8270870416732561,-0.9392763108608403,True,False,0.9894862080277241,-1.5566005542106889,True,False,1.3371930990161667,-0.8541309727570265,True,False
44.666622,0.40181094908314396,-0.551857815876838,True,False,1.2924915075095293,-1.8106954544295895,True,False,1.5221995833932285,-0.9740092210204842,True,False
44.6999553,-0.14071999398891805,-0.07878451006674085,True,False,1.5720012968981332,-1.930218881258531,True,False,1.4202395411505457,-0.9543128558986537,True,False
44.7332886,-0.6933682384184349,0.4036794875647066,True,False,1.7398810455872014,-1.8428872651862582,True,False,0.9378190128648164,-0.7033875994124964,True,False
44.7666219,-1.1628966199644788,0.8386013840434571,True,False,1.7363312278771743,-1.5402098986741166,True,False,0.0858453652248775,-0.1748473038570895,True,False
44.7999552,-1.491637199178575,1.1945526849092736,True,False,1.5395139605315127,-1.0715276903186592,True,False,-1.0014583224660698,0.5929023157270062,True,False
44.8332885,-1.6535989683011747,1.4474444700192548,True,False,1.159971274202882,-0.5111226943238149,True,False,-2.0843598577569304,1.4571505393852469,True,False
44.8666218,-1.6384025856676676,1.560758649896998,True,False,0.6335225660335007,0.07146629470863104,True,False,-2.8777083677837902,2.1941811782245275,True,False
44.8999551,-1.4443084874481606,1.4898284678183278,True,False,0.01830007482552118,0.6208772062249599,True,False,-3.1424689658927414,2.5704462368403442,True,False
44.9332884,-1.0901063951651524,1.214068520256189,True,False,-0.6080122910684318,1.0903733094587595,True,False,-2.778597254401861,2.439472458080128,True,False
44.9666217,-0.6336387667916495,0.7728831536505201,True,False,-1.1564091923024171,1.4361595977970791,True,False,-1.880916836496007,1.8203320634262796,True,False
44.999955,-0.1743552658976657,0.2732947759549016,True,False,-1.5427858310923195,1.6216112534087652,True,False,-0.7242777458755008,0.9099473535442334,True,False
45.0332883,0.17167998618503383,-0.14278676116493996,True,False,-1.712308536449155,1.6322844541910064,True,False,0.33309936046808547,0.009150639990345821,True,False
45.0666216,0.316632151181259,-0.3567090368578067,True,False,-1.6655482495774572,1.4929098939747747,True,False,0.9950846145043531,-0.6074697435832892,True,False
45.0999549,0.2436590432224725,-0.3260795009509047,True,False,-1.468734116839723,1.2710885660697315,True,False,1.151163726985022,-0.8112743360455315,True,False
45.1332882,0.021539156037683423,-0.10232134407834716,True,False,-1.2338331591627958,1.0592679519521344,True,False,0.9130003629483501,-0.6670852152537521,True,False
45.1666215,-0.22222470041267597,0.1980469675448713,True,False,-1.0757753026526318,0.9418592401262852,True,False,0.5472567423894864,-0.3882747343693527,True,False
45.1999548,-0.3568148744482011,0.44859036091987725,True,False,-1.0666485421928216,0.9605002871780913,True,False,0.34329638424468795,-0.22793117113013694,True,False
45.2332881,-0.30130884908041355,0.5604102598117859,True,False,-1.2020770209350116,1.0898814280748461,True,False,0.48163420434127446,-0.3602601712819741,True,False
45.2666214,-0.051107307371029684,0.5018541586737703,True,False,-1.3919894955350287,1.2377511555571445,True,False,0.9587761840230805,-0.8029705539751133,True,False
45.2999547,0.3284681615997952,0.29294831437322,True,False,-1.4872730926087785,1.276235325719122,True,False,1.5936614190515306,-1.4116225124444657,True,False
45.333288,0.7328964037695496,-0.012404204691398822,True,False,-1.3409511310637399,1.0946718521278211,True,False,2.1084463545446486,-1.9466455568833254,True,False
45.3666213,1.0582315489991223,-0.3464504470080074,True,False,-0.8791926371256091,0.6502541384913724,True,False,2.2488078192247976,-2.179765094708841,True,False
45.3999546,1.2346275281710692,-0.6470843736344208,True,False,-0.1442201798001943,-0.008316861439242514,True,False,1.8936251343573318,-1.9889991764600528,True,False
45.4332879,1.2434588045917985,-0.873767906461908,True,False,0.715336819204095,-0.7558159986928176,True,False,1.1082436720643971,-1.4019942152594869,True,False
45.4666212,1.1142517963803147,-1.0112189037067316,True,False,1.5009565528229767,-1.4360793447604248,True,False,0.11859225344576466,-0.5762740011966742,True,False
45.4999545,0.9029850820435876,-1.0561461632774063,True,False,2.039184388932319,-1.9170348353089186,True,False,-0.7814734527554916,0.2659899964890185,True,False
45.5332878,0.6608916640226848,-0.9982973798973683,True,False,2.2414529459253165,-2.1322811503217216,True,False,-1.3451374071559243,0.9160926909298358,True,False
45.5666211,0.4121441836627397,-0.8185216581538951,True,False,2.1251463257277945,-2.093755502914986,True,False,-1.458855878732588,1.2412729287704136,True,False
45.5999544,0.15672321577569695,-0.5141888152144062,True,False,1.7915519737048167,-1.8736767035666304,True,False,-1.1711775053267257,1.217091355968251,True,False
45.6332877,-0.10579753269058512,-0.13069968771095156,True,False,1.3745320566688346,-1.5669892144970623,True,False,-0.6628508673976189,0.9259573271943192,True,False
45.666621,-0.3548738554890651,0.2357604076380819,True,False,0.9833156823338861,-1.2515775489361678,True,False,-0.17372563653991566,0.5244302692899279,True,False
45.6999543,-0.5477459623100477,0.4727628995670074,True,False,0.6651787638780514,-0.9636357201009116,True,False,0.08725159013233921,0.18932409459923316,True,False
45.7332876,-0.6364399435235085,0.49955707745479067,True,False,0.40750904755374934,-0.7003771662874271,True,False,0.017952080562628703,0.05813018921980753,True,False
45.7666209,-0.5921455826871325,0.30354254650260315,True,False,0.17675630181894153,-0.44717870166362317,True,False,-0.34221880052879156,0.1810641355468851,True,False
45.7999542,-0.4269493473564332,-0.04396765153171347,True,False,-0.035915352898187154,-0.20746857998333043,True,False,-0.8356711607238432,0.5036908212456372,True,False
45.8332875,-0.20101233901957455,-0.39981973306845975,True,False,-0.1979291025466446,-0.010650915288808627,True,False,-1.2621395945396332,0.8926525123315774,True,False
45.8666208,-0.0037924005861008792,-0.5977304497444618,True,False,-0.2591923461621193,0.10874445498282122,True,False,-1.4690874764080009,1.1958054556100275,True,False
45.8999541,0.08762362963790357,-0.5230483061097831,True,False,-0.1982478207317683,0.14583469119352804,True,False,-1.4095963183642501,1.3079570962882523,True,False
45.9332874,0.04927707081027994,-0.17432994467870408,True,False,-0.057669820319449956,0.14893308380039713,True,False,-1.1437343225873942,1.2099039057188161,True,False
45.9666207,-0.07836234616642505,0.329203156646561,True,False,0.05844696360947265,0.21145425612362745,True,False,-0.7907934223184429,0.9606099888621864,True,False
45.999954,-0.21893143310123256,0.8041403877282721,True,False,0.027972209681025678,0.4310347476969489,True,False,-0.4599234125886885,0.6480318236178844,True,False
46.0332873,-0.31351082910265604,1.0964618776504722,True,False,-0.22979306436587904,0.8583927789406443,True,False,-0.19630031576958618,0.3330200053615474,True,False
46.0666206,-0.3660963968134175,1.1621496417877601,True,False,-0.7119910934307601,1.4652742042601061,True,False,0.02774742346842032,0.02632010564755333,True,False
46.0999539,-0.44715631948166856,1.0845103881643519,True,False,-1.3242242410542242,2.144027387670431,True,False,0.2754750839097546,-0.28932038413649697,True,False
46.1332872,-0.6424370539433234,1.0102730080172213,True,False,-1.904212292010082,2.7321091689246515,True,False,0.589257083003215,-0.6168104586813457,True,False
46.1666205,-0.9709459703765351,1.0376962717187233,True,False,-2.2680274906142444,3.051132683528135,True,False,0.9493283872396957,-0.9198084648087245,True,False
46.1999538,-1.328235535997798,1.1282775809620273,True,False,-2.2684280555575502,2.9542938842844144,True,False,1.2703052834227098,-1.1325593776946439,True,False
46.2332871,-1.5118599453209183,1.1118867230995981,True,False,-1.8512033711706701,2.376182432719056,True,False,1.4384598615031359,-1.1928486122223723,True,False
46.2666204,-1.334635389496654,0.7980389646814177,True,False,-1.089836548455153,1.3725076583947968,True,False,1.3721623846632829,-1.076185456919903,True,False
46.2999537,-0.7546205248072033,0.12085788266902217,True,False,-0.17464269676291264,0.1277834899040051,True,False,1.0722831556276982,-0.8141191327050529,True,False
46.333287,0.07867643166270533,-0.792914872605293,True,False,0.6538726457968621,-1.0882124943621407,True,False,0.6310135865645441,-0.4869574819439362,True,False
46.3666203,0.9026126289563593,-1.684835014034563,True,False,1.200858844636741,-2.0083039144850843,True,False,0.1918438103252749,-0.1926511427994813,True,False
46.3999536,1.4849127140539364,-2.3015174831602865,True,False,1.3893802610999815,-2.4622007274396895,True,False,-0.11544359435955735,-0.007142102444072595,True,False
46.4332869,1.7295499716750746,-2.5083559363366614,True,False,1.2719060896181473,-2.4317228525076517,True,False,-0.22752391330159358,0.044140901256345094,True,False
46.4666202,1.6888515307197416,-2.323253767600791,True,False,0.9849735430098315,-2.0422919159412163,True,False,-0.1645818884886625,-0.0076317441673126665,True,False
46.4999535,1.5000631537865015,-1.8774259080495455,True,False,0.6806602115530784,-1.498403838112851,True,False,-0.013097203772457454,-0.09003361883639104,True,False
46.5332868,1.3007880531829663,-1.3428879303843138,True,False,0.47004211375073884,-0.995311124873747,True,False,0.11150737897980376,-0.11884739252431195,True,False
46.5666201,1.1686976963500677,-0.8648791713699727,True,False,0.39654964658481684,-0.6468006656503744,True,False,0.11013243647857644,-0.03335550698423674,True,False
46.5999534,1.1014395343572518,-0.5176171221644874,True,False,0.4399659944556256,-0.4605530759055429,True,False,-0.058065853051941396,0.17342647388609012,True,False
46.6332867,1.0299982117425088,-0.2867860410183677,True,False,0.5430500853463133,-0.36948344449905685,True,False,-0.35313997334614555,0.4439304285398786,True,False
46.66662,0.8551638762316898,-0.08427813895163394,True,False,0.6468407234149058,-0.294885382486472,True,False,-0.6652383359941887,0.6742507511048794,True,False
46.6999533,0.49759236609373064,0.20209981680754827,True,False,0.7158822101286434,-0.19637711120327472,True,False,-0.8577700435046421,0.7564317728296454,True,False
46.7332866,-0.056572304442433656,0.644629509140959,True,False,0.7407181302291485,-0.07887934218001431,True,False,-0.8239064880240485,0.6255644844350218,True,False
46.7666199,-0.7366769753301998,1.2329223537653677,True,False,0.7236338799272187,0.031822939098061186,True,False,-0.5299302956599748,0.28820082186270196,True,False
46.7999532,-1.4031558633339765,1.8697260103004705,True,False,0.6664202520166883,0.11065387849520499,True,False,-0.027144174537724594,-0.18121755553509183,True,False
46.8332865,-1.8878944068347723,2.396640636707761,True,False,0.5706851943534488,0.13662964127506808,True,False,0.5663225082703703,-0.6686548814443048,True,False
46.8666198,-2.0469286149563057,2.6386410148209682,True,False,0.44349825241916196,0.09231414436538317,True,False,1.0984430267174283,-1.053439689967023,True,False
46.8999531,-1.8168600257416225,2.4663794787370614,True,False,0.2967974351891613,-0.02606660771708688,True,False,1.4210553812729794,-1.234774437293315,True,False
46.9332864,-1.2559981851980278,1.865121578436636,True,False,0.13987350496419648,-0.19514302230345232,True,False,1.4328043049684414,-1.1555150497902174,True,False
46.9666197,-0.5371611080221422,0.9687935849274182,True,False,-0.027086885231762663,-0.3630622843098581,True,False,1.1187658137331193,-0.8234542019389537,True,False
46.999953,0.12238627042780165,0.01669045625470326,True,False,-0.21162955301798334,-0.4639895344241882,True,False,0.562913479785942,-0.31661298350928524,True,False
47.0332863,0.5581016705165819,-0.7525441308388804,True,False,-0.4182937076380944,-0.44277372984008706,True,False,-0.08161039501791822,0.2392827773259381,True,False
47.0666196,0.7193115739682461,-1.197770112433855,True,False,-0.6342566004825342,-0.28177101307807856,True,False,-0.6517723377390211,0.7149132344773659,True,False
47.0999529,0.6608878451835364,-1.3033392670004218,True,False,-0.8232267770041405,-0.017048683534284906,True,False,-1.0335838311879058,1.0223108579566047,True,False
47.1332862,0.48641291481250937,-1.1417041165710673,True,False,-0.9347524800739241,0.2685629906269252,True,False,-1.194868834988748,1.1402683430268117,True,False
47.1666195,0.291015918175078,-0.8180796222553764,True,False,-0.9244901683493941,0.476031855284195,True,False,-1.1830614911905555,1.1117860857866932,True,False
47.1999528,0.1358939776649734,-0.43633637877543147,True,False,-0.775913992570819,0.5314924360021386,True,False,-1.095228605973252,1.0179114461040635,True,False
47.2332861,0.051104157738270366,-0.08864001613564514,True,False,-0.51512045948626,0.4201982767509649,True,False,-1.032706725032539,0.9379618969547994,True,False
47.2666194,0.04389679818889424,0.15096739324197142,True,False,-0.21296555514965135,0.19990475513539913,True,False,-1.0528105578650482,0.9086380385287721,True,False
47.2999527,0.09844980500509419,0.24073346798967726,True,False,0.02643846485192958,-0.0074327154184024155,True,False,-1.13388404536924,0.8987364187446574,True,False
47.333286,0.17123204871747003,0.18647547957914273,True,False,0.08957997082418924,-0.04261469147427808,True,False,-1.172152456123522,0.8153182995117104,True,False
47.3666193,0.19467844683223157,0.044980074835294176,True,False,-0.10911776423852758,0.2410535078088996,True,False,-1.0207535308579858,0.5451810107258953,True,False
47.3999526,0.09860108349838013,-0.09258020665215588,True,False,-0.5800204138800571,0.9049346028787744,True,False,-0.5635950846931688,0.017713159594286435,True,False
47.4332859,-0.15121143951409421,-0.1378528666825706,True,False,-1.2211979693007748,1.855439339044903,True,False,0.20442930911140264,-0.7383622103773418,True,False
47.4666192,-0.5131636916657946,-0.05351660333450596,True,False,-1.8235259938762776,2.82694400271912,True,False,1.133979753312204,-1.5748048394402394,True,False
47.4999525,-0.859218818525884,0.11176556372551633,True,False,-2.1381724134697198,3.454068773536235,True,False,1.9521764765361156,-2.260478891281743,True,False
47.5332858,-1.019398358278175,0.23376268708191245,True,False,-1.9890779337679534,3.420847848916746,True,False,2.37012420829398,-2.569543049971296,True,False
47.5666191,-0.8712207673567267,0.17943507222648028,True,False,-1.3699329249775083,2.615538461920494,True,False,2.2174384807481737,-2.3816093068212645,True,False
47.5999524,-0.41813451843376065,-0.10764368081438809,True,False,-0.45707945999443556,1.1969808504771824,True,False,1.5272002118782102,-1.73733646053305,True,False
47.6332857,0.2039895037831308,-0.5672678392837087,True,False,0.4776783288032466,-0.47107302558395103,True,False,0.5232764153930881,-0.817148468962643,True,False
47.666619,0.7992378313087859,-1.0560508734731295,True,False,1.1963225096294763,-1.9701843144701396,True,False,-0.4752796754039353,0.13920531557267574,True,False
47.6999523,1.2073093882692238,-1.4209851675831293,True,False,1.5870823848203974,-2.974379846606794,True,False,-1.1745619296115064,0.9226211318116233,True,False
47.7332856,1.3591965291330357,-1.5600456795343711,True,False,1.6834874906256547,-3.3393147299230335,True,False,-1.3962373177640783,1.4127836715040931,True,False
47.7666189,1.2742426538575273,-1.444976509570476,True,False,1.618498789753737,-3.1164286866890514,True,False,-1.1148571362400437,1.5918430384395574,True,False
47.7999522,1.021854374010231,-1.1120721600149286,True,False,1.5417991617814204,-2.4948006023133207,True,False,-0.44699864556659846,1.5226569201056734,True,False
47.8332855,0.6796961349337788,-0.6362717673342939,True,False,1.5399326945150844,-1.7036231646887632,True,False,0.39098937242484466,1.3088867869927456,True,False
47.8666188,0.3071433387212234,-0.10158370908132675,True,False,1.599197179190115,-0.9298588271489012,True,False,1.1416024352575591,1.0543791611825477,True,False
47.8999521,-0.06222039644810904,0.4230080699643965,True,False,1.6265453707480062,-0.2853718901753382,True,False,1.571901399379902,0.8346581396660037,True,False
47.9332854,-0.41276168527743645,0.894826939512042,True,False,1.5115702150794392,0.18151349329679514,True,False,1.5389363552127866,0.6854463346773724,True,False
47.9666187,-0.7305661571683065,1.2923714547251817,True,False,1.1946161296370208,0.45856891846967346,True,False,1.042530977976489,0.6046181977050734,True,False
47.999952,-0.9891779769470266,1.5992684082437996,True,False,0.7048464003622382,0.554371914606679,True,False,0.24231452384714905,0.560347822869231,True,False
48.0332853,-1.14538380207363,1.7878811069939164,True,False,0.14930085154609893,0.49830818328327353,True,False,-0.5874864182589781,0.5019909335406187,True,False
48.0666186,-1.1470239934175517,1.8123569672635533,True,False,-0.3356016445947481,0.33357507472931036,True,False,-1.1657965623702837,0.37565167559557144,True,False
48.0999519,-0.9544984772863585,1.6224934287621542,True,False,-0.6390435670344415,0.09365321833972874,True,False,-1.3265346808790146,0.1464250586290971,True,False
48.1332852,-0.5732411430315568,1.2013739742018232,True,False,-0.7119893065375564,-0.2156642898202451,True,False,-1.084779050856631,-0.17760094412500274,True,False
48.1666185,-0.07690239535770958,0.602655310214949,True,False,-0.5777194789054672,-0.6063206575841764,True,False,-0.61318919023499,-0.5341979877719234,True,False
48.1999518,0.4061028256443309,-0.049880130176419034,True,False,-0.3212362699478142,-1.0742117276547036,True,False,-0.1501507098531022,-0.824697527021024,True,False
48.2332851,0.7460496309032424,-0.6109232140279844,True,False,-0.0614141275559841,-1.5660377844662086,True,False,0.1111797739822975,-0.9607436020709421,True,False
48.2666184,0.8742137830883925,-0.9795600950458316,True,False,0.09011035949201562,-1.9730023465461985,True,False,0.10500702782130651,-0.916221599074823,True,False
48.2999517,0.812746331814823,-1.1378080041053005,True,False,0.06936160454363362,-2.1600746198620926,True,False,-0.08841690909266538,-0.7499805898803578,True,False
48.333285,0.6535979692802472,-1.1401888966030236,True,False,-0.1208760272794691,-2.0152179526394893,True,False,-0.2968683385838701,-0.5803645828332434,True,False
48.3666183,0.5013565680344075,-1.0676068815670763,True,False,-0.42230913143085275,-1.4932510928168272,True,False,-0.35507415412601856,-0.5239146139249988,True,False
48.3999516,0.4131778759508852,-0.9755110769398816,True,False,-0.7508329076306511,-0.63790166199738,True,False,-0.1933565217219583,-0.6339975321066493,True,False
48.4332849,0.36818062999602796,-0.8627746131799808,True,False,-1.0248144635893672,0.4229342781881425,True,False,0.13019857660650394,-0.8721958056885177,True,False
48.4666182,0.28502342914674295,-0.6776743740892301,True,False,-1.1831942120495127,1.5089106152729748,True,False,0.4619614445570415,-1.1218439829908653,True,False
48.4999515,0.08031388044106018,-0.36049873789030357,True,False,-1.1976360282385374,2.44049554515214,True,False,0.624779824249069,-1.2334578836697292,True,False
48.5332848,-0.2672341440330402,0.10118596015118664,True,False,-1.0819703513357608,3.097035821015086,True,False,0.49656927234763376,-1.086160835754705,True,False
48.5666181,-0.6869178253645253,0.6390394917018258,True,False,-0.8919905038842013,3.4522242328046233,True,False,0.06767647262330145,-0.6461906533818675,True,False
48.5999514,-1.0380172304167399,1.1134810957618357,True,False,-0.7062313973907253,3.564279356693902,True,False,-0.5424381598898996,0.0023797885016681583,True,False
48.6332847,-1.1738063073267824,1.3660605225702023,True,False,-0.5909133592962736,3.525366269955464,True,False,-1.1200913964640753,0.6782958086914223,True,False
48.666618,-1.018477272549002,1.2943483077010858,True,False,-0.566033238910425,3.3995579728026697,True,False,-1.4404558601375597,1.1777599094396018,True,False
48.6999513,-0.6154123775149493,0.9095831719679452,True,False,-0.5899209296858869,3.1780419495124845,True,False,-1.3680482364381588,1.3683509857455833,True,False
48.7332846,-0.11356014597940248,0.3387852261477282,True,False,-0.571891621008901,2.773714413240594,True,False,-0.9195198809830695,1.2452726786640251,True,False
48.7666179,0.30317731312149016,-0.23075240392727756,True,False,-0.4148472457662771,2.074149422494974,True,False,-0.24813488743996168,0.9169306160602798,True,False
48.7999512,0.5011351799695046,-0.629573598548465,True,False,-0.07492222654634847,1.04063906127176,True,False,0.43705565389084555,0.5383526858196414,True,False
48.8332845,0.4503939675322327,-0.7678086184826055,True,False,0.3957445657857004,-0.21404253532652587,True,False,0.9615623058952125,0.23940413412808878,True,False
48.8666178,0.22499830221150718,-0.6596058227066149,True,False,0.8585015893005139,-1.4431936890107981,True,False,1.2352423607580387,0.08442142880815684,True,False
48.8999511,-0.03990093962067853,-0.40845530043370165,True,False,1.1521395989916756,-2.378585321040214,True,False,1.2515340287832617,0.0731105404007857,True,False
48.9332844,-0.2041280246756297,-0.16516960974021988,True,False,1.1742807877026222,-2.858551390290251,True,False,1.0620840455285758,0.1673467018519444,True,False
48.9666177,-0.1689514250197046,-0.0723843889962764,True,False,0.933897124746306,-2.8916665805183257,True,False,0.7565308095631242,0.3168458291968247,True,False
48.999951,0.08978525266665129,-0.20621119518211364,True,False,0.5494541942091317,-2.6334492258197644,True,False,0.4513335262808568,0.46851691640204957,True,False
49.0332843,0.5044991006524636,-0.5328773225308092,True,False,0.1965289839261103,-2.3030273676038484,True,False,0.26817573468286804,0.5671397374308113,True,False
49.0666176,0.928821067706087,-0.9072696669990581,True,False,0.03115734096333409,-2.0832572697486844,True,False,0.2899404895198703,0.5625504093427391,True,False
49.0999509,1.189301735093031,-1.1277689469783998,True,False,0.12441132209128748,-2.0467317654770896,True,False,0.5114845756858615,0.42625797351104233,True,False
49.1332842,1.158676602404916,-1.0285506387793983,True,False,0.43694668138065,-2.1399714480974525,True,False,0.8190564017242564,0.16819371577621212,True,False
49.1666175,0.8130225066915427,-0.5622912176558875,True,False,0.8414834299130983,-2.2297623743711714,True,False,1.0194290883357346,-0.15537057054595743,True,False
49.1999508,0.24131713795461313,0.1730218362354376,True,False,1.1779127936893707,-2.1781865457548046,True,False,0.9138144857454468,-0.4475331095985701,True,False
49.2332841,-0.3960295626343363,0.9777303008640604,True,False,1.3143985950449402,-1.9007343228785345,True,False,0.3918360341879285,-0.5957616930225479,True,False
49.2666174,-0.9348371947358559,1.6379489283343138,True,False,1.1917925643185054,-1.3868371623646911,True,False,-0.4927574777090324,-0.5181661348011232,True,False
49.2999507,-1.2635586437511053,2.005797947324734,True,False,0.8388628227194195,-0.6929453643308282,True,False,-1.5091622873405277,-0.2155463906545193,True,False
49.333284,-1.3411198688577408,2.030595433757344,True,False,0.35501114184038435,0.07692414369793424,True,False,-2.3239347514477755,0.2029705490003887,True,False
49.3666173,-1.1799893772150616,1.7400369544779826,True,False,-0.13231241606641891,0.8006258297350504,True,False,-2.6372147633282155,0.5480444412384444,True,False
49.3999506,-0.825715591563524,1.209070295056754,True,False,-0.5164327302644536,1.3745306769274084,True,False,-2.312200056913925,0.6308222896323992,True,False
49.4332839,-0.35610205124948396,0.5481968255813235,True,False,-0.744362689306828,1.7412217319379455,True,False,-1.4337690861624586,0.3591294807547956,True,False
49.4666172,0.11366867909687559,-0.09975069081552462,True,False,-0.8227797422117089,1.8931798126964714,True,False,-0.27622565271094307,-0.2053151881089364,True,False
49.4999505,0.4521357615226987,-0.586965093298707,True,False,-0.8019870672233405,1.8589485989545669,True,False,0.7984276486707403,-0.8654976664481518,True,False
49.5332838,0.5648668797974612,-0.8169566009521545,True,False,-0.7502315695357076,1.6913322724195057,True,False,1.4722213009337133,-1.377386456247616,True,False
49.5666171,0.44602760649162637,-0.7942382743863297,True,False,-0.7270457910978585,1.4626986141887794,True,False,1.5871646055258295,-1.5609675305796935,True,False
49.5999504,0.18698249487052243,-0.6266568144562268,True,False,-0.7600775761501537,1.2528356930307527,True,False,1.1998907392264133,-1.3752020355170598,True,False
49.6332837,-0.06708175322018159,-0.4735704720442335,True,False,-0.8327586806131011,1.1202026259377673,True,False,0.5489948738677022,-0.9223350848584972,True,False
49.666617,-0.18464795368679382,-0.4703798239214873,True,False,-0.8910420033540998,1.0705992170007643,True,False,-0.05120156239009617,-0.38866026867769243,True,False
49.6999503,-0.1021085868524097,-0.6692405023114829,True,False,-0.8683843420369602,1.0489789247959715,True,False,-0.34068034410149056,0.04137516512878512,True,False
49.7332836,0.15740360277820895,-1.02050334448187,True,False,-0.7183353218073644,0.96826537561838,True,False,-0.21191651251438576,0.2584199029109757,True,False
49.7666169,0.5015301072719046,-1.397882145475731,True,False,-0.4406891008662256,0.7622446224733909,True,False,0.2559956145673536,0.26422178278992386,True,False
49.7999502,0.8084245779005629,-1.6525557375829667,True,False,-0.08729734853650244,0.4275435268800776,True,False,0.8319979433314226,0.16142104729410545,True,False
49.8332835,0.9704207411276449,-1.6718095069993528,True,False,0.25843447011995446,0.025360222233695665,True,False,1.2232361402249394,0.10329604370648002,True,False
49.8666168,0.9271766888970498,-1.4183528399369083,True,False,0.5174212151857571,-0.3539299105184439,True,False,1.1931420685484615,0.22292774847355734,True,False
49.8999501,0.6803061437429601,-0.9366800226105223,True,False,0.6456317955381965,-0.6342539697787183,True,False,0.6675034483070438,0.5668969300540273,True,False
49.9332834,0.2884863080111212,-0.3290108109656948,True,False,0.6466083227852952,-0.7809731818851655,True,False,-0.21645746678944902,1.0607620566082503,True,False
49.9666167,-0.15214589041204166,0.2834361262919652,True,False,0.565501217130546,-0.8078682669189896,True,False,-1.1518030595135165,1.5298396270777423,True,False
49.99995,-0.5356318803971841,0.7964894221717546,True,False,0.46981240826725307,-0.7690668088263071,True,False,-1.7889727797292891,1.7743312124960855,True,False
50.0332833,-0.776496598245613,1.1477294199325976,True,False,0.42180557448462225,-0.7359327525176853,True,False,-1.889644285636963,1.6620970801322195,True,False
50.0666166,-0.8358239305193655,1.3268598786298353,True,False,0.45022262880969555,-0.7615125872660937,True,False,-1.4274900422472363,1.189517056732522,True,False
50.0999499,-0.7319193358244616,1.3664532023773355,True,False,0.5347171596451632,-0.8503872986017539,True,False,-0.5893439254471838,0.48280460132942704,True,False
50.1332832,-0.5280203983070874,1.3136146807805513,True,False,0.6150151135839403,-0.956395565335455,True,False,0.31287806154809766,-0.25387347356982054,True,False
50.1666165,-0.30352734251319535,1.2014214562756202,True,False,0.6218284799419987,-1.010487986806839,True,False,0.9719716214551688,-0.8164563821901852,True,False
50.1999498,-0.12479991632448273,1.0430818680679965,True,False,0.5102154400619112,-0.9567530253177243,True,False,1.2028775366437585,-1.075107619385193,True,False
50.2332831,,,True,False,,,True,False,,,True,False
50.2666164,,,True,False,,,True,False,,,True,False
50.2999497,,,True,False,,,True,False,,,True,False
50.333283,,,True,False,,,True,False,,,True,False
50.3666163,,,True,False,,,True,False,,,True,False
50.3999496,,,True,False,,,True,False,,,True,False
50.4332829,,,True,False,,,True,False,,,True,False
50.4666162,,,True,False,,,True,False,,,True,False
50.4999495,,,True,False,,,True,False,,,True,False
50.5332828,,,True,False,,,True,False,,,True,False
50.5666161,,,True,False,,,True,False,,,True,False
50.5999494,,,True,False,,,True,False,,,True,False
50.6332827,,,True,False,,,True,False,,,True,False
50.666616,,,True,False,,,True,False,,,True,False
50.6999493,,,True,False,,,True,False,,,True,False
50.7332826,,,True,False,,,True,False,,,True,False
50.7666159,,,True,False,,,True,False,,,True,False
50.7999492,,,True,False,,,True,False,,,True,False
50.8332825,,,True,False,,,True,False,,,True,False
50.8666158,,,True,False,,,True,False,,,True,False
50.8999491,,,True,False,,,True,False,,,True,False
50.9332824,,,True,False,,,True,False,,,True,False
50.9666157,,,True,False,,,True,False,,,True,False
50.999949,,,True,False,,,True,False,,,True,False
51.0332823,,,True,False,,,True,False,,,True,False
51.0666156,,,True,False,,,True,False,,,True,False
51.0999489,,,True,False,,,True,False,,,True,False
51.1332822,,,True,False,,,True,False,,,True,False
51.1666155,,,True,False,,,True,False,,,True,False
51.1999488,,,True,False,,,True,False,,,True,False
51.2332821,,,True,False,,,True,False,,,True,False
51.2666154,,,True,False,,,True,False,,,True,False
51.2999487,,,True,False,,,True,False,,,True,False
51.333282,,,True,False,,,True,False,,,True,False
51.3666153,,,True,False,,,True,False,,,True,False
51.3999486,,,True,False,,,True,False,,,True,False
51.4332819,,,True,False,,,True,False,,,True,False
51.4666152,,,True,False,,,True,False,,,True,False
51.4999485,,,True,False,,,True,False,,,True,False
51.5332818,,,True,False,,,True,False,,,True,False
51.5666151,,,True,False,,,True,False,,,True,False
51.5999484,,,True,False,,,True,False,,,True,False
51.6332817,,,True,False,,,True,False,,,True,False
51.666615,,,True,False,,,True,False,,,True,False
51.6999483,,,True,False,,,True,False,,,True,False
51.7332816,,,True,False,,,True,False,,,True,False
51.7666149,,,True,False,,,True,False,,,True,False
51.7999482,,,True,False,,,True,False,,,True,False
