time_s,forehead_logpos,forehead_logpos_raw,forehead_logchrom,forehead_logchrom_raw,forehead_observed,forehead_interpolated,left_cheek_logpos,left_cheek_logpos_raw,left_cheek_logchrom,left_cheek_logchrom_raw,left_cheek_observed,left_cheek_interpolated,right_cheek_logpos,right_cheek_logpos_raw,right_cheek_logchrom,right_cheek_logchrom_raw,right_cheek_observed,right_cheek_interpolated
0.0,,,,,True,False,,,,,True,False,,,,,True,False
0.0333332999999999,,,,,True,False,,,,,True,False,,,,,True,False
0.0666665999999999,,,,,True,False,,,,,True,False,,,,,True,False
0.0999998999999999,,,,,True,False,,,,,True,False,,,,,True,False
0.1333331999999999,,,,,True,False,,,,,True,False,,,,,True,False
0.1666665,,,,,True,False,,,,,True,False,,,,,True,False
0.1999997999999999,,,,,True,False,,,,,True,False,,,,,True,False
0.2333331,,,,,True,False,,,,,True,False,,,,,True,False
0.2666663999999999,,,,,True,False,,,,,True,False,,,,,True,False
0.2999997,,,,,True,False,,,,,True,False,,,,,True,False
0.333333,,,,,True,False,,,,,True,False,,,,,True,False
0.3666663,,,,,True,False,,,,,True,False,,,,,True,False
0.3999995999999999,,,,,True,False,,,,,True,False,,,,,True,False
0.4333328999999999,,,,,True,False,,,,,True,False,,,,,True,False
0.4666662,,,,,True,False,,,,,True,False,,,,,True,False
0.4999995,,,,,True,False,,,,,True,False,,,,,True,False
0.5333327999999999,,,,,True,False,,,,,True,False,,,,,True,False
0.5666661,,,,,True,False,,,,,True,False,,,,,True,False
0.5999994,,,,,True,False,,,,,True,False,,,,,True,False
0.6333327,,,,,True,False,,,,,True,False,,,,,True,False
0.666666,,,,,True,False,,,,,True,False,,,,,True,False
0.6999993,,,,,True,False,,,,,True,False,,,,,True,False
0.7333326,,,,,True,False,,,,,True,False,,,,,True,False
0.7666659,,,,,True,False,,,,,True,False,,,,,True,False
0.7999991999999999,,,,,True,False,,,,,True,False,,,,,True,False
0.8333324999999999,,,,,True,False,,,,,True,False,,,,,True,False
0.8666657999999999,,,,,True,False,,,,,True,False,,,,,True,False
0.8999990999999999,,,,,True,False,,,,,True,False,,,,,True,False
0.9333324,,,,,True,False,,,,,True,False,,,,,True,False
0.9666657,,,,,True,False,,,,,True,False,,,,,True,False
0.999999,,,,,True,False,,,,,True,False,,,,,True,False
1.0333323,,,,,True,False,,,,,True,False,,,,,True,False
1.0666656,,,,,True,False,,,,,True,False,,,,,True,False
1.0999989,,,,,True,False,,,,,True,False,,,,,True,False
1.1333322,,,,,True,False,,,,,True,False,,,,,True,False
1.1666655,,,,,True,False,,,,,True,False,,,,,True,False
1.1999988,,,,,True,False,,,,,True,False,,,,,True,False
1.2333321,,,,,True,False,,,,,True,False,,,,,True,False
1.2666654,,,,,True,False,,,,,True,False,,,,,True,False
1.2999987,,,,,True,False,,,,,True,False,,,,,True,False
1.333332,,,,,True,False,,,,,True,False,,,,,True,False
1.3666653,,,,,True,False,,,,,True,False,,,,,True,False
1.3999986,,,,,True,False,,,,,True,False,,,,,True,False
1.4333319,,,,,True,False,,,,,True,False,,,,,True,False
1.4666652,,,,,True,False,,,,,True,False,,,,,True,False
1.4999985,,,,,True,False,,,,,True,False,,,,,True,False
1.5333318,,,,,True,False,,,,,True,False,,,,,True,False
1.5666650999999998,,,,,True,False,,,,,True,False,,,,,True,False
1.5999983999999998,0.12857321304195934,0.000172440825187382,0.29978587690298303,0.0004017995311477208,True,False,-0.12002080758182301,-0.0013490587988498597,0.12694368898671113,-0.0007105906757100076,True,False,1.6101542957852701,0.0033481085646980095,-1.2538885216289408,-0.003779570479403324,True,False
1.6333316999999998,0.14559517567688893,-0.0016887920820798771,0.28194857695147846,0.0026747117118263576,True,False,-0.38438354079569315,-0.00024975000802304905,0.4801086318657379,-0.00010363355061424039,True,False,0.9651430576296418,0.0029476177846525457,-0.5749882623655033,-0.0017820514880761654,True,False
1.6666649999999998,0.1596205186154923,0.0024824111526239164,0.1573084687491889,-0.0025137472484704606,True,False,-0.681988635382517,-0.0020317699699548388,0.7955798538717412,0.0033114782688771637,True,False,0.02331513472508369,-0.0018329569168680949,0.3145927572312407,0.004552523102868522,True,False
1.6999983,0.1355485027637211,-0.0006537146789227024,0.03691006248484698,0.0009422065725736224,True,False,-0.8782484776379188,-0.0035911243428537153,0.9328411056295826,0.004632805757334625,True,False,-0.8134851923918288,-0.0038840709320022327,1.0695821142471416,0.006008827765086039,True,False
1.7333316,0.034927963256141864,-0.00034448778310488984,0.03630934447100252,-0.0026253694964932205,True,False,-0.8639259423834366,-0.004257867981456816,0.8138064121730681,0.001687261367932095,True,False,-1.2163339004387954,-0.0032895625119323435,1.4294975843285445,0.0003805580989066622,True,False
1.7666649,-0.15425683094350837,0.0002623283907565579,0.20983113694004857,-0.0006860953822695222,True,False,-0.6062120042539401,-0.0036313461196848676,0.4599157809369906,0.001265561690258103,True,False,-1.0624523109364923,-0.001596081055953382,1.3119694801569748,0.00020662062724062958,True,False
1.7999982,-0.3917374279116438,0.0021122633226400285,0.5077129703397317,-0.002517324712681705,True,False,-0.168314500833304,-0.000508245487427686,-0.01714304650694273,0.0007347976037158205,True,False,-0.46830639392923645,-0.0012100175991839515,0.8144766852557569,0.004234846971581931,True,False
1.8333315,-0.5797139623568981,0.00021488368615549193,0.7810903501932991,9.656613671330933e-05,True,False,0.3156139470915124,0.0018722311335666064,-0.4647095995051758,-0.001995696645310276,True,False,0.2776268593603291,0.0011685267831815565,0.15731356821881698,0.0010750298379884236,True,False
1.8666648,-0.5973962431128572,-0.002589449599695857,0.8434600243262502,0.0031077571053147257,True,False,0.6989213130188592,0.0023245362516984298,-0.7552727907349462,-0.0033145356391952588,True,False,0.8420961692217608,-0.0001784229085095051,-0.4000716772867334,-0.0002657297114532719,True,False
1.8999981,-0.3708649638742827,-0.0038898500331041,0.5680322157648264,0.005467593477624545,True,False,0.8840775289901873,0.004011283349209941,-0.8401407904335683,-0.004448975249791263,True,False,0.9835505595439895,0.002652180238977325,-0.6569173926213867,-0.003042614789596398,True,False
1.9333314,0.0671838214846282,0.0020282022264284296,-0.03009261357094056,-0.0024827169051179964,True,False,0.8575580448512637,-0.0002451898379525235,-0.7632685428932704,0.0002475345730168148,True,False,0.6533528665931296,0.0031644413559139234,-0.5576919234722573,-0.0026831514874438088,True,False
1.9666647,0.5799843571527518,0.00422743206552988,-0.7803401217339013,-0.0062046637412116355,True,False,0.6856189855684055,0.004155945681408604,-0.6264444589222121,-0.000453294476264477,True,False,0.024428680398821834,0.0012726274473797402,-0.2211337979474652,0.000544404513109827,True,False
1.999998,0.9933867492401599,0.003276777059707619,-1.4245419121480323,-0.007228889729819014,True,False,0.4784045770089314,0.0013830536726010738,-0.5284612477681022,-0.0007058113125621904,True,False,-0.5765825471962608,-0.0022563701085653084,0.11634426255360994,0.0016649475794791521,True,False
2.0333313,1.1745819195376093,-0.0002648344552740912,-1.727673037371273,-0.006079239945660184,True,False,0.3387050326447638,3.397583811462336e-05,-0.5169930088430486,-0.004604896598669131,True,False,-0.8198223565271018,-0.004484021452451951,0.21891930648578425,-0.0003554118646456261,True,False
2.0666646,1.0760355891155307,0.00203838442328532,-1.576006248389327,-0.006843756152406501,True,False,0.3134345750423234,-0.0021191149738749283,-0.5750444902458954,0.0007284212443914151,True,False,-0.537905667223654,-0.0035868345731379877,-0.031471469585113994,0.0019793174079793265,True,False
2.0999979,0.7435002300841604,0.002908468116389487,-1.0264489188603354,-0.00506590495689103,True,False,0.36933543024132354,0.003210040566058834,-0.6363318052034386,-0.002632115001369152,True,False,0.18474992717223235,0.002538447547031538,-0.5768357847086487,-0.002333375421717268,True,False
2.1333312,0.3055123065206232,0.0037097945088688756,-0.29414725518333046,-0.0056130208058281245,True,False,0.409481109990252,0.0021162439292850875,-0.6158317795634013,-7.950130765059548e-05,True,False,1.0510392332770604,0.0028717511348636906,-1.2074744964623259,-0.001012133086145863,True,False
2.1666645,-0.058850748208269174,-0.0017285426551000922,0.3211246518451665,0.0026259874211568357,True,False,0.3241545022581998,0.0009329569611914811,-0.4477348253796813,-0.002809116491832047,True,False,1.692285934626104,0.0032731615379892895,-1.6559461393814843,-0.003919792724827654,True,False
2.1999978,-0.18545471624528276,-0.00017926162965938402,0.5532107765118215,0.0009758302963393599,True,False,0.048415322705689254,-0.0008939548447358743,-0.12189264593118869,-0.0004421421720035993,True,False,1.83198659361058,0.004611692173455889,-1.7191555063717616,-0.00550277387855493,True,False
2.2333311,-0.005967455060101152,-0.0018565972474043912,0.29106229775048464,0.0036595144325716443,True,False,-0.39943952624163304,0.00034552922932770886,0.2977137540095898,-0.00018802632685518527,True,False,1.397074212625619,0.0030806021505475458,-1.3517473664672677,-0.0031016613642168268,True,False
2.2666644,0.4026878604998027,0.0019724520229371643,-0.35283785152111546,-0.0018448126131576864,True,False,-0.9106294701707803,-0.00038827022875895717,0.6879120311129773,0.0016880482088323034,True,False,0.5377205131155228,0.0003923871403453839,-0.6816408821187141,0.0008102175830422694,True,False
2.2999977,0.8359076895164848,0.0024093415061582726,-1.0677711701432746,-0.00323648119429608,True,False,-1.3152900708049322,-0.0037826487930047,0.9154099388078326,0.003970799676227567,True,False,-0.4443183821389951,-0.0004030444574416719,0.06131758206131138,0.0006683652515159241,True,False
2.333331,1.0410069967709852,0.0007609062590939252,-1.4630954638734548,-0.005110961042938644,True,False,-1.4469930689352721,-0.0074562291457516625,0.8999969325682884,0.004270078462002296,True,False,-1.224834954551084,-0.003850076690673551,0.6595837726852197,0.001731577809488043,True,False
2.3666643,0.8231705325170844,9.924701940809675e-05,-1.2362052028148964,-0.004674598591261617,True,False,-1.220105135496613,-0.004684865531845856,0.658234954897811,0.0012158311814556542,True,False,-1.588057732892524,-0.00515567725993409,0.9995985760578687,0.002907627440223651,True,False
2.3999976,0.14013044012306416,0.002236661938905358,-0.32317534207083864,-0.0038714126875070737,True,False,-0.678014888583092,-0.0015441959681450877,0.3004931271840684,0.0010253787168706342,True,False,-1.5017549190157697,-0.0029289876260148503,1.0977905317539332,0.0027964969877090195,True,False
2.4333309,-0.8457690881481252,0.001512671023546008,1.0348416311366564,-0.0011245086584943842,True,False,0.019490437379263703,0.004243693308629538,-0.01935026935456937,-0.00044672147699596087,True,False,-1.1024701139243598,0.0009001680154545205,1.0560387684251538,-0.0003942243539206339,True,False
2.4666642,-1.7930405745186735,-0.002851276590598917,2.354403458106497,0.00933822986736588,True,False,0.6619270977140348,0.004386294850681818,-0.17540295351992938,-0.0013325901819421302,True,False,-0.6053739521569598,-0.0003176692483763329,0.9770625892446307,0.0011834297997122885,True,False
2.4999975,-2.305525118005652,-0.008732591818255588,3.098336600274017,0.015985085578366913,True,False,1.06613151594812,0.0018425542515706406,-0.12688054427912493,-0.0013367819374162883,True,False,-0.19782482174173077,-0.0015913186535919115,0.893442245019004,0.0023641532489234985,True,False
2.5333308,-2.118573162424294,-0.007234310583276928,2.917951360946289,0.015512241370542558,True,False,1.1301012747923518,0.0008899870303599209,0.0666738202215106,0.001168057335797837,True,False,0.026165477570401413,-0.0011487891338741376,0.7552523623672494,0.0012635016518386395,True,False
2.5666641,-1.245657595023506,-0.002216816833727011,1.8288261972863111,0.008076986536713482,True,False,0.8569689356511533,0.007987166037884396,0.279191826918137,0.0025613163084130613,True,False,0.07687528710377964,0.00030198836406632054,0.4796919186235548,0.004074226695805683,True,False
2.5999974,0.008958428736185024,0.0020114657460099583,0.22202816056023703,-0.0012071257583366754,True,False,0.35831925194859127,0.005902660841780992,0.38186115074772264,0.0008188216372185201,True,False,0.04475199524679489,0.0023101895734920215,0.024666706351946996,0.00019543117244472756,True,False
2.6333307,1.1798312493073368,0.0025629727067208756,-1.2989444082706667,-0.005067626054423036,True,False,-0.17073325601155248,0.0005398411568298034,0.3027358437152757,0.0005529238326941948,True,False,0.0569221376252397,0.00020851592320362793,-0.5633808659262983,-0.0008097930819895612,True,False
2.666664,1.835024293103331,0.0015943446785284454,-2.1730324834730252,-0.007177299323170204,True,False,-0.5205456306937856,-0.005234390897096445,0.056136127488011715,0.0011290224890111136,True,False,0.21740041529944837,-0.001841039038774427,-1.1548597035276613,-0.0024022083842466496,True,False
2.6999973,1.7431262285914657,0.002688448298933493,-2.110162557008136,-0.005846853168597697,True,False,-0.5628472024497453,-0.0014883304788977992,-0.2643928697324478,-0.0018373273960866237,True,False,0.545715967002022,1.9654109295293673e-05,-1.5861514329380106,-0.0019166092795407717,True,False
2.7333306,0.9584798345809207,0.0033428681255504907,-1.2026131652310157,-0.0042848638656828525,True,False,-0.31767549258444927,-0.00020529930942413715,-0.5221105671639801,0.00022267238125905215,True,False,0.950561915074384,0.0023366994644577403,-1.7221133475209462,-0.0020516903843982993,True,False
2.7666639,-0.19479841977860107,0.0026582309225244285,0.11705535613323063,-0.0030560087905277963,True,False,0.05535241644903303,0.004282257779577837,-0.58888209456865,-0.0029778426415262883,True,False,1.2660548165019392,0.004643670578425571,-1.5065995893336264,-0.0036446945787679584,True,False
2.7999972,-1.24380504177907,-0.006692107486675733,1.256054873382984,0.011471234247914318,True,False,0.3371354486382735,0.0023930105704604507,-0.3964657343817167,-0.0001443564326550278,True,False,1.3344525712691357,0.0030309681729830326,-0.986913132795123,-0.0013074156000083504,True,False
2.8333305,-1.7649604830222143,-0.0053095920443107176,1.7161083825242973,0.010073368839187781,True,False,0.35431558148834297,0.000436678219085632,0.02964216660484048,-0.0006003183071814248,True,False,1.0849248208202196,0.0017208750297207206,-0.30267921515015317,-0.0008382934377901594,True,False
2.8666638,-1.5767908403840143,-0.004377119993652588,1.3172228186539243,0.008833872679975797,True,False,0.060568353976112425,0.003361406519612671,0.5671068049830182,0.0006289476238188963,True,False,0.566565213900694,0.0010833178178594346,0.36237144620501605,0.0017498577153912467,True,False
2.8999971,-0.8246916267081911,-0.002140230002101647,0.2816749805387193,0.002481980497624196,True,False,-0.4348570671244758,0.004345004456654593,1.030102252310255,0.0016480545615216787,True,False,-0.07187173620580169,0.0022105272833178972,0.849504767977346,0.0012675866900462227,True,False
2.9333304,0.09157022092048375,0.001941686636623286,-0.8691637965321628,-0.004214757943025258,True,False,-0.9045882428836988,-0.0036841659715258013,1.2342944524134516,0.005045760548323823,True,False,-0.6402349606495885,-0.001739071499206474,1.0843928810207006,0.0032691575479894355,True,False
2.9666637,0.7101545768558506,0.0012337369374206125,-1.558413272308407,-0.007690604856264689,True,False,-1.103054191110358,-0.008326757919905422,1.0734632401548003,0.004788685168600026,True,False,-0.9824682225852001,-0.003326506728600914,1.0983218347475652,0.0006905451136771843,True,False
2.999997,0.7250220039624319,0.002467215006374932,-1.4224825957266864,-0.00538165528105665,True,False,-0.8881789887218668,-0.004701023764418355,0.5725900088838678,0.0007585707673641398,True,False,-1.0408754653160126,-0.001322171698058385,1.001200067647855,0.00028592107162480907,True,False
3.0333303,0.13095103553479023,0.0028169852635474436,-0.4808922019002613,-0.003978172288762119,True,False,-0.29368442298000424,0.00289858755929466,-0.1146734365365286,-0.00032319224806834297,True,False,-0.8759486777243229,0.0007479045318437441,0.9227389475275234,0.0005043683631327538,True,False
3.0666636,-0.7689323031242871,0.0002990364862319099,0.8688806798800599,0.0034881802178757396,True,False,0.4933132932099453,0.005691727435929259,-0.7674816648291343,-0.0029282157111422827,True,False,-0.6306569471465031,0.0001813849892476683,0.9554405793840094,0.0013040156694362952,True,False
3.0999969,-1.5045646923609939,-0.006446687236389837,2.0291427135415665,0.012034441084023495,True,False,1.2259399111280107,0.00351303910392254,-1.1888606975352143,-0.003991218451367455,True,False,-0.46437533277955884,-0.0010572840906107064,1.1256932293158137,0.0015377797273563771,True,False
3.1333302,-1.672363271060769,-0.0067765301915437975,2.472649464532587,0.01206489483646794,True,False,1.6975888090305387,0.004721255959198844,-1.2839612782210479,-0.005282436056670867,True,False,-0.49174630174327644,-0.0013322533422632935,1.395075290653644,0.0017691181337853236,True,False
3.1666635,-1.140553555091424,-0.00427535491260192,1.9797247307155545,0.012628916203481621,True,False,1.8021766201166933,0.004738141588632003,-1.0905253258866203,-0.0036957331970911386,True,False,-0.7412794707770007,-0.0005031381678045787,1.6771204420787469,0.0015777933558421737,True,False
3.1999968,-0.10479914436573025,0.0028785480771092416,0.7270886418510406,-0.0004989289082772247,True,False,1.5490382385391952,0.005700872016153621,-0.7477483285578184,0.0018919774849425503,True,False,-1.1333145777548366,0.0021102725066342175,1.8570331137906597,0.00021085029316923867,True,False
3.2333301,1.0379940564149286,0.008043315688125049,-0.8111192299089919,-0.008328082535260056,True,False,1.045110200333323,0.00422205050987128,-0.4212271648644145,-0.00196575745803506,True,False,-1.4869603855214355,-0.001823134120059367,1.814742630632305,0.002232288462900389,True,False
3.2666634,1.90698895681451,0.004814029060906154,-2.0884820898389544,-0.007968727663360748,True,False,0.4531863991589747,0.0009912020451396293,-0.22704696626740528,-0.0005626235718263691,True,False,-1.5756986364599832,-0.0026104334248005933,1.4580741136184179,0.000870354410240563,True,False
3.2999967,2.3023913238886764,0.001113076142851642,-2.7146532338077622,-0.00822001838826976,True,False,-0.06662742271926597,-0.003766085936251757,-0.19319660796456573,-0.000823089794415238,True,False,-1.2286058367858337,-0.003246615129673482,0.7633446391186118,-0.0008308580438982962,True,False
3.33333,2.237814882938736,0.0027748030854187348,-2.583785502430966,-0.007736970119281132,True,False,-0.414383029959685,-0.0015674869183614198,-0.2663069851671218,-0.002689229225889504,True,False,-0.43107175504529893,-0.001074938250789021,-0.19306671005872444,-0.0019089543565059288,True,False
3.3666633,1.8695207214261693,0.005869255545039949,-1.8715578086288023,-0.006489026571893136,True,False,-0.5802378887999254,-0.002924209264515647,-0.346531641203761,0.0002863306774070692,True,False,0.6376177233253448,0.0027904203487405716,-1.2308217701106625,-0.002608282223433031,True,False
3.3999966,1.3990320544875294,0.003395317105495538,-0.9295835199682735,-0.002244879689756172,True,False,-0.6317488244290987,-0.0026281511919395125,-0.3290606721549841,0.0004847487281865754,True,False,1.6606852390911404,0.005347623561928301,-2.101248489879599,-0.00540090140329382,True,False
3.4333299,0.994017314779638,0.0014944196758161752,-0.13107566720443264,0.0008891425176963765,True,False,-0.6675681185944775,-0.0038035558198145124,-0.14116420231445387,-0.0003224039423312721,True,False,2.310062019580238,0.004850813539516354,-2.5635336391336874,-0.006967382845985285,True,False
3.4666632,0.7368353221164249,-0.0001570389469344537,0.27328713237665064,0.0034647576140717563,True,False,-0.7616543084163018,-0.003485324814196688,0.22677824473707384,-1.2649046736319344e-05,True,False,2.3816623856032404,0.006699259107128565,-2.4813969753423786,-0.008838623546966917,True,False
3.4999965,0.6098257112030602,0.003664065400827682,0.23672061153096602,-0.000790505191319785,True,False,-0.9218774959836259,-0.002777647788400664,0.7017593211427142,0.0011034405979264967,True,False,1.8802800214398794,0.004476781508869622,-1.8951805401005688,-0.004316828055102319,True,False
3.5333298,0.5253455690404334,0.0033149984667713113,-0.09255837842025702,-0.002686927904694081,True,False,-1.0807238200693283,-0.0037162013404955364,1.1355054934757132,0.0014780120377415348,True,False,1.0206615789159668,0.0027406699487707905,-1.0235924580446776,-0.0027957351453985427,True,False
3.5666631,0.38189831447017203,1.7199236393003726e-05,-0.45672589397753016,-0.00036790096913728366,True,False,-1.1268598709520505,-0.006221035513694828,1.3511741479805246,0.005144969495934919,True,False,0.1440943299189671,0.0004869013839245875,-0.18606230969738763,-0.001662413768503667,True,False
3.5999964,0.10950014572539736,-0.00028457681360816986,-0.6044741218675582,-0.003609533907292292,True,False,-0.9684874813515859,-0.008675693568163636,1.2208364209461262,0.0062948126150394424,True,False,-0.4177626591462398,-0.0018143140995357957,0.3183715777279868,-0.0008675834150438134,True,False
3.6333297,-0.3123371829566245,-0.0016897127211613345,-0.39008633913785534,3.595118790029509e-05,True,False,-0.5953534645039703,-0.003968214105078695,0.7382843551398669,0.002486192634227521,True,False,-0.47647422267415007,-0.0022155233438788443,0.32310040799697115,0.001287820807964472,True,False
3.666663,-0.8507962719282823,0.0013720166686633907,0.17443524316470332,-0.0021936819430217465,True,False,-0.09780820583793143,-0.0009085982039706428,0.042316013652493045,0.0009358862782246375,True,False,-0.0601145218474856,0.0011323667815472459,-0.14487122329443028,-0.0018381191908746694,True,False
3.6999963,-1.4188469353830273,-0.0008997293131700415,0.9267157175675136,0.002204857341718584,True,False,0.373482509153933,0.0020019001244164225,-0.630772796096806,-0.002135546800964151,True,False,0.6056179590619709,0.0008710134557899571,-0.8767688414971216,-0.0008246030462197038,True,False
3.7333296,-1.8903153283108374,-0.003038999711101057,1.6194541436142749,0.005538826196165803,True,False,0.6811289106134468,0.0026879153169837183,-1.0452896192623544,-0.005131760692418874,True,False,1.1963859915677135,0.0021245237686190192,-1.5647045392176042,-0.002752032188727223,True,False
3.7666629,-2.1466915761845646,-0.007358072052263438,2.0236674322535646,0.010970662118866546,True,False,0.7600836926945802,-0.0007036217986579467,-1.0655465821892764,-0.0022277045458205325,True,False,1.4228804921358555,0.001360432911191972,-1.926956640370306,-0.0038631547533445206,True,False
3.7999962,-2.1370491362959156,-0.004975510391490524,2.025816229186742,0.008577371516492027,True,False,0.6309414286802311,-0.001793224132820677,-0.7077443456954458,-2.7559041679694572e-05,True,False,1.1484954695152774,0.0029537195909730184,-1.8288309411067363,-0.005078785304387026,True,False
3.8333295,-1.902104647948862,-0.0003670070386712781,1.667139635093639,0.0016755154651839055,True,False,0.3732960240038418,0.000497368567635185,-0.1242731923794594,-0.0008940967046054506,True,False,0.4512476187469891,0.0005961318957162181,-1.345109951905248,-0.0011219178696161157,True,False
3.8666628,-1.5359711275800327,-0.0010886813317994666,1.1035644112332197,0.002056055098183337,True,False,0.08764022290769287,0.0007925465254257694,0.46361952195326916,0.0027445299512250175,True,False,-0.3967640368874211,0.00031153954087336926,-0.7255122733315381,-0.00015712819117543895,True,False
3.8999961,-1.1181302801693929,-0.0009266029886108962,0.5167028020797206,-8.682979811572546e-05,True,False,-0.13452255285776402,-0.0006559403239302397,0.8510047613015146,0.002773523632764693,True,False,-1.0379296879703328,-0.0053619747659353414,-0.27015888246424286,0.004100723302404878,True,False
3.9333294,-0.6753723564138204,-0.0011354690460131673,0.03403305651073115,-0.001584924897364309,True,False,-0.23265772599191856,-0.0035551016276284897,0.9204572652077169,0.00275231100337895,True,False,-1.1923899807999792,-0.008112198394392554,-0.17584713654612213,0.0029299950419933753,True,False
3.9666627,-0.20073212092232862,-0.002307481162654943,-0.3009749908146606,0.0016308430256700953,True,False,-0.194227191173341,-0.001260823469437196,0.6769178486813159,0.002472397131646192,True,False,-0.7994065430757715,-0.0020470120487418426,-0.4358034714380669,0.0008067218230421789,True,False
3.999996,0.2958745480558445,0.0007510541753204242,-0.5072134697113302,-0.0012713001634816362,True,False,-0.05901173077947976,0.0005035783958835722,0.23735232443682477,0.0002262074736627654,True,False,-0.05559224231010337,0.00033264821138729857,-0.8442475848672198,-0.0011976889002736771,True,False
4.0333293,0.7537105287797321,0.0027898701679251944,-0.6218226195133574,-0.00321500438773147,True,False,0.09725374597488179,-0.0011488923684694133,-0.21837122922152832,0.0011163054317345096,True,False,0.6722501130313745,-0.0009955218416966406,-1.092906301970412,0.0025214744229785286,True,False
4.0666626,1.073545839562031,0.0011139557936108559,-0.6678684752593869,-0.0009638719846799782,True,False,0.19508882707685565,0.001351595233207358,-0.5176917209164253,-0.0032046853780281475,True,False,1.0071372260850349,-0.0009278165714472091,-0.9022475148656491,0.0025934823224814884,True,False
4.0999959,1.16868281514686,0.0048049162398322715,-0.6500053026472616,-0.005927204215831107,True,False,0.18550016891133572,0.0013764798525569796,-0.5627418923627298,-0.0019569545464370192,True,False,0.7191234947005092,0.0002742419244671815,-0.1352845365262731,0.0021254038460697703,True,False
4.1333292,1.02260246346544,0.0034212782081317794,-0.5714358086303459,-0.0031030253913743025,True,False,0.07206725606357262,0.0018567639038694916,-0.3684451984213623,-0.002420010092576434,True,False,-0.17416243894921754,7.034931348700296e-05,1.1350387021586004,0.0025391020586410695,True,False
4.1666625,0.7169908616537619,0.0016836896868159435,-0.4525725180173551,-0.0015772008887587263,True,False,-0.09030981507739214,-0.0008032357793622754,-0.05179625983094269,0.0020630326372713882,True,False,-1.3970782964144945,-0.005668567103913815,2.628083801839051,0.011383157242325683,True,False
4.1999958,0.40702976617539693,0.002243068506970491,-0.333860001240632,-0.004112362616907048,True,False,-0.22235363069580666,-0.0001070097949115021,0.2250630605681518,-0.0005015709568204349,True,False,-2.509500901927202,-0.007096420507858627,3.9405486651298767,0.010359611433153974,True,False
4.2333291,0.2500160763327986,-0.000976320333650478,-0.2591827588315349,-0.00015384509128355133,True,False,-0.26045996670686994,-0.0012446892625341782,0.33008503285978696,0.0015687062789241095,True,False,-3.077639656506687,-0.00932267963615155,4.688383652028518,0.01247840737163081,True,False
4.2666624,0.32416404506247315,-0.00023816675205831723,-0.2505521681963578,0.0003666740747126072,True,False,-0.18767158412693247,2.548775744544836e-06,0.21895721020297743,0.0011892479377877,True,False,-2.8528649638604984,-0.007582780746849045,4.646179841243265,0.010955680908470064,True,False
4.2999957,0.5857628327647835,0.0034271226758116483,-0.29205845501241784,-0.003969381977297732,True,False,-0.038326668282745634,0.002923750196834525,-0.04903080200653015,-0.0022731718705085975,True,False,-1.8815002950179507,-0.006593798175665203,3.832305541960689,0.01186459353670444,True,False
4.333329,0.8928478537146847,0.0031518694405777018,-0.33766799246846085,-0.0027137142888365826,True,False,0.12400527921005387,0.002486546627214089,-0.3407524414639781,-0.0016405650415999924,True,False,-0.49881917996990677,-0.0033181448594683262,2.5148049726566204,0.010000023885493113,True,False
4.3666623,1.0803511689393743,0.003678968469480557,-0.34010617072220917,-0.003548316252364594,True,False,0.23898865696559307,0.00055996493744884,-0.5089237235701938,0.0005043686853796462,True,False,0.7935378681011845,0.0007184871517149652,1.130011308058226,0.005731096647371366,True,False
4.3999956,1.0399689759411122,0.0025745420373979736,-0.2804356792630272,-0.0028578778524119774,True,False,0.2738429390851718,0.0031965009748885637,-0.4569117684184791,-0.005420908498846145,True,False,1.5228905744306775,0.0023395302547088454,0.12516016423767956,0.001328513227945989,True,False
4.433328899999999,0.7636948641007646,0.0026091038896592037,-0.17823591407616007,-0.0020937005378731484,True,False,0.23264727742635022,0.0022594273269330185,-0.18561197090636025,-0.00232327081481626,True,False,1.4384497433973373,0.0004070375345535265,-0.22569885290603575,0.0023706624337368316,True,False
4.4666622,0.3381102434308063,0.0016769026628434907,-0.0770643757208587,-0.0013189645996050416,True,False,0.15282481141735504,0.0020768400178958727,0.1986098931038843,0.000744253210118794,True,False,0.6244243587997402,0.002278344170953979,0.04903695154235356,0.0021522961484741047,True,False
4.4999955,-0.0999410503418091,7.123512023065924e-05,-0.01530552104644102,-0.0003898320664881489,True,False,0.09120479348900745,0.0024876088704617583,0.5256985533517542,0.003045796803724694,True,False,-0.5158092543465066,0.0009266103531769599,0.6136678062746292,0.0016158038334862315,True,False
4.5333288,-0.4237804024331933,0.00025962773538130496,-0.000984067207271538,-0.001686804928692712,True,False,0.1015531988688113,0.004062201426708756,0.6360311010333529,-0.002483974200624106,True,False,-1.4127251784544321,-0.0048211368586823615,0.9614629192297875,0.004369809857232382,True,False
4.566662099999999,-0.5671532539214704,-0.0011314044294800196,-0.006826734190952025,-0.0014479303798802853,True,False,0.20783903586591343,-0.0018362850542927604,0.4495137816087803,0.0018223209056169275,True,False,-1.5786583792054172,-0.011339325647546366,0.6470990873905693,0.007011920211870556,True,False
4.5999954,-0.5428536830197812,0.00025806691586424067,0.010793620351752825,-0.002458177561846718,True,False,0.383150616267949,0.0033644168562471603,0.0024292834784966012,-0.001130499703577244,True,False,-0.8445310834436154,-0.003489007528590948,-0.48243631751433413,0.003475145590070445,True,False
4.6333287,-0.42301097069799815,0.0015610006784527563,0.08087788841810539,-0.0032154064012535066,True,False,0.5503333426247116,0.0035053324330464085,-0.556681536991904,-0.001305856683023557,True,False,0.5492251313704294,0.003756351609389051,-2.177804599308841,-0.003196929014219146,True,False
4.666662,-0.29522087914168443,0.001052308416645043,0.19541159385947976,-0.0007818583567377156,True,False,0.6130419994537339,0.006071378766206763,-1.013128591062646,-0.003910618345285413,True,False,2.0688289834511178,0.006878556136041455,-3.870777248995125,-0.007366547252899777,True,False
4.699995299999999,-0.2233096977639734,0.00016179082314962266,0.3120975219473618,-9.268917399890153e-06,True,False,0.5027647110205463,0.0025157065865791402,-1.165925026855545,-0.005284959083475042,True,False,3.1372340557078755,0.006240257723510052,-4.918513667766215,-0.010115042599654076,True,False
4.7333286,-0.23428215082401718,-0.0018358007628696967,0.38171522290968,0.002376864886172095,True,False,0.21348279307370818,0.0005096292538803597,-0.9146636027748385,-0.005838138755591455,True,False,3.3745147406816374,0.003863450370574899,-4.88706345147007,-0.008629066743339495,True,False
4.7666619,-0.32701748902558675,0.0013946649232314688,0.3806060658362417,-0.0015446620168261215,True,False,-0.19232901572701885,0.0007998092994213006,-0.31323209799047813,-0.0017329287903171604,True,False,2.727477970829653,0.005623909924147927,-3.741330671725192,-0.006454061133696224,True,False
4.7999952,-0.4819875970918677,0.0006188860016270737,0.32516143757828303,-0.00049031667471396,True,False,-0.602158758216667,0.0015078615139025853,0.4411696215734584,0.0012281467870547088,True,False,1.46938474866129,0.005459140910708927,-1.8664840300139822,-0.004103277669539219,True,False
4.8333285,-0.6630953213932917,-0.0004050337030807674,0.2609880755584224,-0.0003538943742693027,True,False,-0.8869448869149431,-0.0016243840385642202,1.0832182665115484,0.0016429005842753428,True,False,0.09160829035631132,0.0031150085987198223,0.07831645981881384,-0.0025579595798350253,True,False
4.8666618,-0.8216879044367514,-0.0016656465499349758,0.23731728080162073,0.00023781034320690544,True,False,-0.9454191766700367,-0.003358021765831835,1.3847988411426653,0.0028662355381388438,True,False,-0.8856760688289802,-0.005271999028896663,1.4171131201525837,0.0050876822517598105,True,False
4.8999951,-0.9104769734354494,-0.0012572933405024809,0.28120118038808795,-0.0008997124611073274,True,False,-0.7498247675291635,-0.004511831336162155,1.2452354881486067,0.004366309000034602,True,False,-1.132789084702745,-0.005779583690929986,1.732441326226104,0.005679535892347881,True,False
4.9333284,-0.8987175496258878,-0.0028681974204288678,0.3805003098194955,0.0029464686624209777,True,False,-0.3689931972429828,-0.00042731802330858926,0.731000196456151,0.0015803658159196515,True,False,-0.6638439131910492,7.55184155117509e-05,1.0437545463449014,0.00011778863898304362,True,False
4.9666617,-0.775053909394517,0.0022912451731488545,0.4802347375199173,-0.0034164106118142203,True,False,0.0540720814619672,0.0030243677666432875,0.04804098832851435,-0.00290908642391358,True,False,0.16894568826897788,0.0030841042767195412,-0.2031444567239715,-0.00273682174160863,True,False
4.999995,-0.5384329330899946,-0.0011137847977700508,0.49606707160506397,0.002241173962390893,True,False,0.3650633101754059,0.004095319578758789,-0.5435117690307636,-0.001524092061130628,True,False,0.8474853464410732,0.0023322529232823854,-1.3399681839100681,-0.0024888876246080154,True,False
5.0333283,-0.19466083157508365,0.0001980938879379386,0.34802787202508867,-0.00021910797084296617,True,False,0.4651464289055747,0.0007828264721653804,-0.8343303374892667,-0.005603569424359217,True,False,0.936068718091176,0.0034165845239837586,-1.7791522674677644,-0.009343611747433337,True,False
5.0666616,0.22828427290458025,-0.002872866962056617,0.00834263970638885,0.005151939120111339,True,False,0.34359156551649844,-0.002832184440171819,-0.7438849730221011,0.0005738400414174165,True,False,0.28604569651342976,0.002966110693176425,-1.2786692067774879,-0.006347531601567952,True,False
5.0999949,0.6607152633994018,0.002692142169182862,-0.4613132137860878,-0.0028726346934142204,True,False,0.06946894720168122,0.0018558231771997355,-0.34305824085807557,-0.002651621786396987,True,False,-0.8881938006620934,9.014707043183243e-05,-0.047194484828728595,-0.00032167093114246617,True,False
5.133328199999999,0.9971059435603925,0.002722845965399269,-0.9142948949898502,-0.00357782347794057,True,False,-0.23690574128315706,0.002155715279218224,0.17879011419492416,-0.0010008571689569005,True,False,-2.09280647489709,-0.0035974729130221253,1.3631537546057977,0.0022948851705582598,True,False
5.1666615,1.1348620247976133,0.0015004719613530809,-1.1734729409564302,-0.0033561180295959914,True,False,-0.43831372435948635,-0.0005506514503816098,0.585521476868624,0.0016149893421620457,True,False,-2.7689482688765734,-0.006099311986513675,2.322632704358694,0.004694296727594038,True,False
5.1999948,1.0221757183380966,0.0008830608146094608,-1.110280152167907,-0.003400898102403026,True,False,-0.42505284452882836,-0.005162829929387326,0.6838513910610025,0.0018545440228165885,True,False,-2.5499534072014534,-0.009252412968486036,2.412065498992143,0.0033021777933386525,True,False
5.2333281,0.6888479481944721,0.0005521998471481081,-0.710083443539095,-0.0010648330160995822,True,False,-0.16613748335827025,-0.0018543152319811561,0.40429216713617355,0.004349958535749935,True,False,-1.4404023614204415,-0.0019852087560239275,1.5974695194277617,0.0015911025703248352,True,False
5.266661399999999,0.2512703841585054,0.002212598947847535,-0.09613056833968173,-0.0022934879817413686,True,False,0.2609083891216222,0.0012566677060012151,-0.161296610248744,-0.0011610104581981893,True,False,0.17746469044894017,0.0029911760859584265,0.2246062929852692,-0.0021904132024474637,True,False
5.2999947,-0.11194089143863412,0.0005813093331664946,0.5009144595585282,0.0010496555894438252,True,False,0.6897549565892344,0.0021586223240174928,-0.791373331413799,-0.0029385787432545936,True,False,1.715637810721649,0.006068399435172653,-1.1465444549531065,-0.004447191376526865,True,False
5.333328,-0.22069500968345848,-0.0032477207526524416,0.826916406579478,0.007192906019318006,True,False,0.9309209101394516,0.003689534978320633,-1.2277588018157313,-0.004793043113369046,True,False,2.6366477894167666,0.0070581307427907865,-1.983470526045733,-0.006996898922784897,True,False
5.3666613,0.019255743935095833,-0.003431874094700723,0.717290630878833,0.007230776230895377,True,False,0.8512913244008167,0.0012371375945627984,-1.2858332258441652,-0.0028526204185533805,True,False,2.663856985572647,0.004497913371930941,-1.9918155942054176,-0.006799712377169644,True,False
5.399994599999999,0.5482440726835198,-0.0005339702928561384,0.1861517732482898,0.0038436742196640635,True,False,0.43242642272943493,0.002505256421149694,-0.9291723314781768,-0.0027430977979682803,True,False,1.8602958946816168,0.0026755533903060932,-1.2092001843456155,0.0001167857175898361,True,False
5.4333279,1.1588699010873158,0.004046085056152076,-0.563913281880252,-0.0032197589263685982,True,False,-0.21413396429247558,0.00028123572025075694,-0.27885580568112517,-0.0008377143806035445,True,False,0.5695372359068592,0.0017038116453342352,0.04396116809071782,-0.002168356602977596,True,False
5.4666612,1.584727765288942,0.0034307758387704134,-1.2246262943490929,-0.00419490299397643,True,False,-0.8816471980062356,-0.004304536310974647,0.4403241318064308,0.004214949924627002,True,False,-0.732423981880549,0.0005719253052314925,1.3137521950381967,0.0014688583481083542,True,False
5.4999945,1.6179896613804425,-3.706766230136884e-05,-1.513532576279961,-0.002002950843636515,True,False,-1.344231002753103,-0.00590466491395665,0.9899101049686286,0.0025418426812485024,True,False,-1.6132744064175981,-0.004967037174475252,2.1867661300331727,0.002604305097735698,True,False
5.5333278,1.1897958082369584,0.0013903705767171644,-1.2877573745510362,-0.0037787599984146028,True,False,-1.445424481515543,-0.006912633863941138,1.205150133245223,0.003650438249737216,True,False,-1.8355623575100972,-0.0039716955941693464,2.4278347315399222,0.0018905878711070832,True,False
5.5666611,0.3875428678406119,-0.0007525821978287687,-0.5948193786181935,0.0008922484782438912,True,False,-1.158483246126062,-0.0035832187297619544,1.0470426210416353,0.003639012088089245,True,False,-1.4343564783222382,-0.0035458387942518617,2.04804784977894,0.005395818880116761,True,False
5.5999944,-0.5793028854468839,-0.0009918013270296528,0.3499555564720937,0.0025406859521215504,True,False,-0.5896988942827827,-0.0005703947071273236,0.6062290245289967,0.0034826308323610417,True,False,-0.6870660234172417,0.0006996136514513678,1.2871557651830834,0.001016131936361006,True,False
5.6333277,-1.4471604167611032,-0.004260935315047215,1.2447740826836888,0.00691345159792616,True,False,0.07241006714358478,0.000824548690410853,0.062361785975298234,0.00047714341959692163,True,False,0.015934717639923435,0.0013680014979805474,0.5104519851917092,-0.0022256158529665045,True,False
5.666661,-1.9850299690248598,-0.0054696364814829914,1.8111548888727353,0.008182062569052606,True,False,0.6315489686873388,0.002567597605195517,-0.3871596692860468,-0.003205531407745458,True,False,0.34100337166513206,0.0016789757095334592,0.05159288050139939,-0.0029477679130886078,True,False
5.699994299999999,-2.0755227001094374,-0.007390085702797471,1.893297395345783,0.011554430338945194,True,False,0.947193079527811,-0.001061899495291962,-0.6024681485651545,0.00022253365300213275,True,False,0.14467600803833577,0.00010176383606617547,0.0699429830625298,-0.0013568556441305377,True,False
5.7333276,-1.754730488701054,-0.004197930620398859,1.5094243804179486,0.00682768860235555,True,False,0.9703418902463001,0.0059008398957729495,-0.5473686547315193,-0.0009348935960904975,True,False,-0.47983663367006274,-0.0006728693961424311,0.49269080025964124,0.0012645555783957665,True,False
5.7666609,-1.1858139225960367,-0.00045493957472508546,0.8331407980138015,0.0011456468846389512,True,False,0.7518775013452995,0.003617366115997195,-0.28841713621467635,0.0003624403764302372,True,False,-1.2491428382290055,-0.0016802762057557075,1.0624857386658768,0.0009531421848198085,True,False
5.7999942,-0.5791994852779269,-0.0024493551189664112,0.11470137684563372,0.0028750025004187166,True,False,0.4239122791924425,0.002110729722662096,0.04431914610931939,0.0010473896577457534,True,False,-1.8020366732872948,-0.0024705337208121613,1.45315234191178,0.0006076963108620991,True,False
5.833327499999999,-0.10719375461804198,-0.0028033793095488314,-0.4175793574949628,0.0015137168056387508,True,False,0.15036873716820276,-0.0005507172818397972,0.31178806102781453,0.0006956514049437425,True,False,-1.8374301496103083,-0.003951150704702289,1.3966238523125936,-0.00016955712058075337,True,False
5.8666608,0.14557138778232073,-0.00019524736715043468,-0.633436233508522,-0.0017864586185019043,True,False,0.05690546736858622,-0.003164711597791175,0.41517141555315934,0.001583809050118097,True,False,-1.2340428374101948,-0.002799144794536289,0.7822267266387559,0.000253934100005829,True,False
5.8999941,0.18944132336664898,0.00012725240438868135,-0.5331835690491503,-0.0011352487757560201,True,False,0.1729030007128444,0.0028878644459967707,0.32756591845971816,0.0010434269360522206,True,False,-0.10877950434212338,-0.00010831507939149888,-0.2909751715993324,3.212175591086478e-05,True,False
5.9333274,0.10662608224472875,-0.00016666622505133807,-0.2325980425300072,0.00035615080290543974,True,False,0.4191857441565897,0.0019957911068405948,0.10219556393264854,0.002016722126202957,True,False,1.2146189491807413,0.003767136630741095,-1.5260849259680846,-0.003956500959644661,True,False
5.966660699999999,0.005704003720090892,-0.001037944687773534,0.09466443442438617,0.0018749335129461565,True,False,0.6471394507350687,0.002878023020368725,-0.14612957223835313,-3.3643096432867215e-05,True,False,2.32031846674102,0.00566870064815775,-2.518015456778009,-0.007087601494042474,True,False
5.999994,-0.034656878743733806,-0.003731204393363001,0.29684930686636946,0.006565687634696292,True,False,0.7049460311876913,0.0019596356420069428,-0.28555286462890517,-0.0014557191192190024,True,False,2.8539010710654344,0.005897959574273214,-2.904607670521121,-0.007093700498324352,True,False
6.0333273,-0.005222622317000648,0.00041610817507758025,0.30924757250178125,0.0004558041650610254,True,False,0.5003196332379908,0.0016594992439395064,-0.22557084837090075,-0.0014942018498776471,True,False,2.654015506215401,0.006613092999330888,-2.5213201949843564,-0.008748727902568873,True,False
6.0666606,0.04006311431319969,0.0005287502899480586,0.1697902124112475,0.0005394172478967485,True,False,0.039956400795169586,0.0025041949328768703,0.03628291609071254,-0.0008196671732860429,True,False,1.813867951682537,0.004947919885505103,-1.486175609053944,-0.003210977255915028,True,False
6.099993899999999,0.0353862256966442,0.0009365890834184627,-0.020911280076007257,-0.0009284378492228619,True,False,-0.5652669762995202,-0.0012363719899276592,0.40589501402395733,0.001150926879129041,True,False,0.650198156554301,0.002402567031088562,-0.1691340227991995,-0.0020697404019849887,True,False
6.1333272,-0.03866354133992737,0.000779683038196854,-0.1654697456462017,-0.002234366869837046,True,False,-1.1349454251852649,-0.003563221541820522,0.7306169817658016,0.0033965280141534065,True,False,-0.4134446018871505,-0.0006191688849121073,0.945506683009019,0.000563106978196255,True,False
6.1666605,-0.13416170659597643,-0.0016490095964224868,-0.2196662575695046,0.0006558008489676438,True,False,-1.4863564304166084,-0.006625507003127106,0.8662494172310554,0.0016447476903133451,True,False,-1.0102717880648864,-0.0035587390891669303,1.4463101917463763,0.0014496466269508321,True,False
6.1999938,-0.16612837593739113,-0.001227045293736038,-0.20162024666791298,0.0003524910489607446,True,False,-1.5072279814047491,-0.005978120564429705,0.7398615327561515,0.0014619190129648912,True,False,-0.9753150567910499,-0.0015617720046186814,1.1565049529085722,0.0014832899193352508,True,False
6.2333271,-0.06916640236213834,-0.0008276206083326872,-0.1648099369647728,0.0005412638549998258,True,False,-1.1978494897262082,-0.0029782240215516106,0.38057437007531164,0.002652007676719369,True,False,-0.40669826815880494,0.000965846861117487,0.20867933020859203,-0.0006072697206645211,True,False
6.266660399999999,0.1606501240531564,0.0012461939245989439,-0.16014344062449098,-0.001344923358923738,True,False,-0.6615436972690705,0.0006548684517117524,-0.09275037315322744,-0.0017421168886579865,True,False,0.3839222950140797,0.001726900792168909,-0.9983294440470353,-0.0018806938856797389,True,False
6.2999937,0.46335530705525413,0.0018441275059063822,-0.21123328303225625,-0.0017944863263411812,True,False,-0.05450882567510606,0.0010186644228318107,-0.5217027111676578,-0.0038541120602819333,True,False,1.0043605345956834,0.00180884375283428,-1.9508590197219389,-0.005209639637923378,True,False
6.333327,0.7458444572280348,0.001357131691482863,-0.31023382355526236,-0.0017714676492601095,True,False,0.4717209974682103,-0.001973739158549793,-0.7751406519662114,-0.0013754302098487534,True,False,1.1395239110265107,0.0034550350899907297,-2.2288703281845894,-0.0072266403592583925,True,False
6.3666603,0.9225674032487022,0.0010418772488995458,-0.4273894713232944,-0.0006404951441582464,True,False,0.8102402651354487,0.0003958515577655862,-0.8014204653700546,-0.00333634855382749,True,False,0.676765874093898,0.002468653615525054,-1.6884679527486801,-0.005048280895207418,True,False
6.399993599999999,0.9482294842787988,0.004467906569851858,-0.5254628723211449,-0.005330470043314707,True,False,0.9215170644520652,0.007439128207657691,-0.6439284732901674,-0.0023358503053925173,True,False,-0.24270295937133213,0.0008513857650459816,-0.53344703788614,-0.0008906952627961139,True,False
6.4333269,0.8338680599027037,0.0015054466531668868,-0.5733253717778026,-0.0011946179315570013,True,False,0.8450004485980718,0.0036069112444308557,-0.41790692861219264,-0.0018411176629575439,True,False,-1.268884554028971,-0.0016147902964546324,0.764766767489594,0.0017924391939657671,True,False
6.4666602,0.6393308938266427,0.0007041233449322463,-0.5539872669888283,-0.0016507218311793438,True,False,0.6875954886036355,0.0013372762327584441,-0.25991680655881483,-0.0014976858224274709,True,False,-1.977005100681579,-0.004218743715893424,1.665210056513493,0.0038414047975218663,True,False
6.4999935,0.4427862029413875,0.0008704954792515528,-0.4660659592951794,-0.0029437117797851678,True,False,0.5750566271897859,-0.0015172808596255107,-0.26746780107036694,-0.0003712570871408372,True,False,-2.0443624610589763,-0.007013709921751067,1.7838013648842648,0.004548795540117252,True,False
6.533326799999999,0.3046601505245659,0.0016865054739953098,-0.3234185446565146,-0.003336132591739766,True,False,0.5831632510971715,0.000388157924302764,-0.45079553047273274,-0.0012081051142882478,True,False,-1.3948988781058902,-0.0018100444311795402,1.052086640813585,0.0005831837664118047,True,False
6.5666601,0.24697286486711312,0.0005036539945031542,-0.15493942241079164,-0.0004017274843874973,True,False,0.6914778901938294,0.002299048994961862,-0.7183935664135654,-0.0018020114234846378,True,False,-0.24092343388071202,-0.0010986236326840017,-0.2508969642416604,0.0028240812289106326,True,False
6.5999934,0.2536780420914949,0.0018066892222243188,0.00030893602619819736,-0.0018704732638999788,True,False,0.7905314307666466,0.0013890215920350836,-0.9081460606972804,-0.001791594114322484,True,False,1.0011272384981487,0.0037612980850579856,-1.6009112015102915,-0.0025650466218172115,True,False
6.6333267,0.2834600088218686,0.0009840441313935836,0.10570114083273521,-0.0011114020899810268,True,False,0.7379389516188938,0.0028882566466577977,-0.8576897199576357,-0.004972096392329783,True,False,1.8803358408462398,0.004187876031927172,-2.4284919958949778,-0.004832206237250763,True,False
6.666659999999999,0.2847314312159985,-0.0006242297788020368,0.14347209914102635,0.0016980279651512258,True,False,0.43272025665322483,0.0004010255296131401,-0.486582709850786,-0.0030385460017299626,True,False,2.08848632608703,0.003188729911932197,-2.3468396449982234,-0.003973471986922903,True,False
6.6999933,0.20970602467789148,0.0005003517131250462,0.12640616011456443,0.00026155388833540164,True,False,-0.12758897110348322,-0.0008461524125805952,0.15096208546337872,-0.00030030304492969064,True,False,1.5730735936668878,0.004458273881087735,-1.31715399024769,-0.003131016426429201,True,False
6.7333266,0.030904778098582362,0.003012962105177295,0.09528605440383435,-0.0045506983008096035,True,False,-0.8316212464938151,-0.0037947442441408075,0.875690617699539,0.0045874700729830915,True,False,0.5488496765807753,0.00026101454721980463,0.32499168825659847,0.0033417253026848492,True,False
6.7666599,-0.2432799405272201,-0.0007916171464012284,0.10114841336528924,0.00044338640541330095,True,False,-1.4872968727156322,-0.005176441500876276,1.4539609147331325,0.004079231036738229,True,False,-0.5906077142420871,-0.0015063106397437908,2.0004303187903245,0.006224479552222322,True,False
6.799993199999999,-0.5689521007876909,-0.003200422160948453,0.18498221510775675,0.0033167702941102333,True,False,-1.8916856443324317,-0.008820577994990631,1.6924566202486797,0.004268693659499509,True,False,-1.4272810617787721,-0.0030650259074623746,3.118750206818352,0.007731446447590878,True,False
6.8333265,-0.8874804042654659,-0.0017321927995632268,0.36501051454067834,-0.0005546965936974093,True,False,-1.9106776837765354,-0.011657241790548785,1.5122285813039211,0.005570833993374817,True,False,-1.6814790491818146,-0.006077837138871846,3.31107912055177,0.008960578531519629,True,False
6.8666598,-1.146584186624064,-0.0014223084360399014,0.6268799266043746,0.00016098639662705738,True,False,-1.5318395022622056,-0.005520306773833451,0.9753333183137464,0.0027167918237263394,True,False,-1.3187317048566303,-0.003018633309326457,2.5679196029601665,0.007003436042944723,True,False
6.8999931,-1.3028280830314254,-0.0014640526229603278,0.9139699426234534,0.0014039487084948107,True,False,-0.8613252646096076,-0.0005977150915287855,0.25888865373403114,0.0008305678271724131,True,False,-0.5547440483420978,-1.804445139953088e-05,1.23171184270044,0.0028561977095517602,True,False
6.9333264,-1.3142124803203818,-0.0021714671086954236,1.1309484278934367,0.003251855319418664,True,False,-0.06934889652032308,-6.12341580672081e-06,-0.411858152367752,-0.00012124265713774022,True,False,0.24399161904096878,0.0009264095040530884,-0.1471325451498599,0.0020418545165625745,True,False
6.966659699999999,-1.1457287484504977,-0.0029040543441101866,1.1734377153551157,0.004069659813490342,True,False,0.6754989945727501,-0.000691550393128746,-0.8463257424880767,-0.0026084326471259196,True,False,0.7160244117069463,0.00110271110201157,-1.0299931204330308,-0.0012590521682287266,True,False
6.999993,-0.7941618447259715,-0.004259349864185241,0.9759470813627362,0.006351979736350086,True,False,1.2445617066867223,-0.0017156945536261953,-0.9559928547966398,-0.0034903763232209013,True,False,0.6478199667696398,0.00023788265171695297,-1.0991790541371556,-0.0011141244749471025,True,False
7.0333263,-0.3117828543836131,1.2333336652800098e-05,0.551235751616041,1.1554657471480316e-05,True,False,1.5588139612879337,0.003084575964444225,-0.7789402145394302,-0.0017612845104749296,True,False,0.05245256570245158,0.0015920898454217544,-0.37744482046399497,-0.00013050910237048715,True,False
7.0666596,0.19792674154871415,0.0014420667353564386,-0.004547703796433432,-0.001592220213146245,True,False,1.5948972649614404,0.00699180574596518,-0.44882413890290895,0.0028741789270204632,True,False,-0.836099442777929,-0.0015753944525096625,0.7880109131352261,0.0033928869904217866,True,False
7.099992899999999,0.6156822917690519,-1.2799761687691441e-05,-0.544342783292405,-0.00025713908571451267,True,False,1.3972582685787835,0.0059038394153834795,-0.12356682594714667,0.002558154370374607,True,False,-1.6496608891625086,-0.0046447684501298,1.8712844965912623,0.007103129702236312,True,False
7.1333262,0.8492429908759348,0.00047761179469024787,-0.9215404076862773,-0.0022545365495584713,True,False,1.074485170192048,0.000853331969348709,0.08426591982728977,-0.00042343885954219,True,False,-2.026526920939236,-0.0036353828095617075,2.381285296659561,0.004950021613335019,True,False
7.1666595,0.8614537072938339,0.0013633015848571062,-1.0395383066074944,-0.004715118643378958,True,False,0.7573131264910391,-0.0024463507576931247,0.13724851326885948,0.0006654125734213767,True,False,-1.7542007732174507,-0.0052342934099269475,2.0515596490247776,0.004975872839177782,True,False
7.1999928,0.6791641876341057,0.0018424678405267068,-0.8862229892943972,-0.004399451186070474,True,False,0.5327448915758168,0.0002220185758299503,0.06052378676893983,-0.0007660695087543524,True,False,-0.856092286793619,-0.0014157182124280273,0.9336692850287884,0.0023713914945228875,True,False
7.233326099999999,0.3848728775948054,-0.0020873145363736927,-0.5411623457586677,0.002264391397139959,True,False,0.398466790423506,0.001421636270177171,-0.08573506265825857,0.0028496944080576144,True,False,0.4136568431632178,0.0012749973657841852,-0.6299993604439119,-9.281929942349867e-07,True,False
7.2666594,0.0919912971262877,0.001546824231976873,-0.1487550994057001,-0.002479117888446645,True,False,0.26829451738261145,0.0005559015387228129,-0.22550661737590502,0.0022524872869906874,True,False,1.6640311198701205,0.003923544691924601,-2.134587605772505,-0.004304024293841754,True,False
7.2999927,-0.09013751476867049,-0.0006711651797858779,0.1330120542486053,0.0006241396651247283,True,False,0.02154062517224574,-0.0025113542640278633,-0.27952057864073854,0.0010457151408251315,True,False,2.510107062254957,0.003987194474294418,-3.095831059972378,-0.004358739016504298,True,False
7.333326,-0.09184582060458515,-0.0024164594708242326,0.18870858107704166,0.0037597664165303344,True,False,-0.4319626010730137,-0.001744542265214915,-0.18648298808942332,-0.0006951801271966493,True,False,2.710046451589556,0.007056444718763171,-3.226396416959051,-0.008914702961897742,True,False
7.366659299999999,0.0903441659440266,-0.00035252807264297167,-0.011516730821229388,0.0006529294601306308,True,False,-1.0962879992719743,-0.0026150124962603543,0.06527997570522777,0.0004965951467487374,True,False,2.2484534759587995,0.005629582398537644,-2.5416422434531634,-0.006426997081802891,True,False
7.3999926,0.3885179719974234,0.00278329687120283,-0.39777105115520756,-0.003890253373497465,True,False,-1.8622083946275352,-0.0058611070787164595,0.41631015117616516,0.0014837126632031726,True,False,1.3360856311003704,0.0019872606341363465,-1.3469606956888416,-0.001421076643711372,True,False
7.4333259,0.683869855260123,0.00024072013935593306,-0.82155169997182,-0.0008917160651031544,True,False,-2.524534971315377,-0.007847763094139348,0.7481262799755268,0.00463320280340871,True,False,0.32277261659305145,-0.00031150189840711454,-0.10363496346520921,0.0017070438554991046,True,False
7.4666592,0.8399695913964227,-0.0011602810718512832,-1.1014111410740501,4.899185720726073e-05,True,False,-2.847974282019535,-0.009212360839390633,0.9312800132908632,0.0028870633800244148,True,False,-0.44190649513494284,-0.00014336699446033306,0.7653229100354279,-0.0004163136466939268,True,False
7.499992499999999,0.7375492324386361,0.001006279789907959,-1.0784113729476277,-0.0034792286634840086,True,False,-2.661740915046127,-0.01271603248748341,0.8863864271564995,0.006761006856183582,True,False,-0.7400178685774123,-0.002094432330607038,1.0338534948625688,0.00014855036767592481,True,False
7.533325799999999,0.3163500454084061,0.000568547336217395,-0.6747336933833143,-0.0017580336910616213,True,False,-1.9412768979181299,-0.008560555080588327,0.624414825290381,0.0030932708416105104,True,False,-0.556453810065436,-0.0009708815151540271,0.731866087803086,-0.00038252242832222615,True,False
7.5666591,-0.37625638950055856,0.0014516643567092347,0.05624167801994861,-0.002087444405018141,True,False,-0.8316925096933842,0.001391550040189505,0.24158245221188188,-0.0019382549067102491,True,False,-0.06740948246992762,0.00042310650092885186,0.10104813167434648,-0.0009370337966961404,True,False
7.5999924,-1.1589860403633057,-0.0002634206253468804,0.9161387540301371,0.0009471433706908736,True,False,0.4045045974307462,0.0033669028983863004,-0.1286294447506129,0.0010125915338611029,True,False,0.4437909374985204,0.003721538813986813,-0.5180758664757127,-0.005118859073590643,True,False
7.633325699999999,-1.7532093175910386,-0.003825945007645773,1.611570078887152,0.006715774702654221,True,False,1.4851618230188015,0.005001676201887645,-0.37515091811038487,0.0013315426471791263,True,False,0.7045173404227201,0.0008093503374541724,-0.8208789723235573,-0.003015800719830259,True,False
7.666658999999999,-1.892330090088068,-0.005802243757370053,1.8664637111922322,0.009985221171522474,True,False,2.1975857412141497,0.006599951737374561,-0.44793480836064925,-0.0016625512129846453,True,False,0.5529636091287566,0.0005477421872857323,-0.6463480715317095,-0.0027937356808623143,True,False
7.6999923,-1.4570478789227856,-0.006979559396869769,1.550908851153794,0.012135702706907893,True,False,2.445774058224522,0.0060342189595022485,-0.366414242426543,0.0016169536263874284,True,False,-0.01273144176631197,0.00020233718550059866,-0.024001080357978998,-0.0015498955397288516,True,False
7.7333256,-0.5520680057794253,0.002493362070110651,0.7533742490531965,-0.0016342777953144323,True,False,2.2574516356026333,0.009342004559386404,-0.20569544804415396,-0.0018590447895347768,True,False,-0.8383908576228645,-0.0008689925559196741,0.8436766613773492,-0.0017532996375612937,True,False
7.766658899999999,0.5331133152924238,0.004200753077572571,-0.2527532232212846,-0.004737159673086535,True,False,1.7656791196377006,0.00785293576535986,-0.06871564074302859,0.001661939637401473,True,False,-1.6588886299082926,-0.0016609888991569776,1.6469830171101225,-0.00022681323514417415,True,False
7.799992199999999,1.4542604213808,0.003599708966451543,-1.128087197134545,-0.0036447869061902328,True,False,1.1703310411918453,0.00629038907792793,-0.05059674778607748,0.00013965279014015942,True,False,-2.176151115815772,-0.0035115625187226427,2.065742128294195,0.0018628793222715805,True,False
7.8333255,1.9478025709484175,0.0019223055235347976,-1.5989142935978737,-0.002843995838128628,True,False,0.6768515767409098,-0.0002764497750073089,-0.20351733770049293,-0.0011817689739193919,True,False,-2.159724699235476,-0.005016955459748496,1.8785645427761601,0.0005517387722675614,True,False
7.8666588,1.9065375073744406,0.0035570547478531796,-1.5416708128583207,-0.004741022684427454,True,False,0.42241973275700745,0.00025089592476829645,-0.5122520769001028,0.0008791009502003847,True,False,-1.5427394617653234,-0.004601822790433235,1.0542148690935738,0.0018354369513439057,True,False
7.899992099999999,1.391762086595334,0.004490345602862509,-1.0076121355362053,-0.004656432734732732,True,False,0.4218306549532179,0.003354513056152934,-0.8891344274125497,-0.003015177561961093,True,False,-0.4698553264332171,-0.00037395855238458634,-0.21337450128265595,-0.003201613174087573,True,False
7.933325399999999,0.6034233634815521,0.005829916241682108,-0.1983085355099483,-0.006603965321751589,True,False,0.5651820044941129,0.0037399359675114614,-1.193551437401144,-0.0030969092116152693,True,False,0.7371998575499666,0.002313304433620713,-1.552230224271624,-0.005214512259836667,True,False
7.9666587,-0.18688126319484988,-0.002369897889183933,0.6032275016777966,0.0055369850302522845,True,False,0.6693883133099905,0.0011548640740607294,-1.2743412520918815,-0.0013666546196192883,True,False,1.6913819076734826,0.003578972656550684,-2.533521534415933,-0.006489378509137818,True,False
7.999992,-0.7381949151594323,-0.002921840569745769,1.1371373032534628,0.006100009834977225,True,False,0.5569858746165537,0.0024970800693929016,-1.0249690526470612,-0.0037530816043970143,True,False,2.0829453427773004,0.004137438745604939,-2.8231316707576553,-0.00728356620083943,True,False
8.0333253,-0.9396130745952539,-0.0018431682496185492,1.2690443443863177,0.004935984007309642,True,False,0.1318101415741054,0.0017744104348873615,-0.43549811797434074,-0.0028263332609743145,True,False,1.794945037208938,0.0033463960629174995,-2.3066760089525618,-0.005825648059621913,True,False
8.0666586,-0.8435990279987173,0.0024875202244267996,1.0341594759004187,-0.001578068652125681,True,False,-0.571589092618149,-0.0003120805872786641,0.3796566135686163,0.0007178544764461864,True,False,0.9509305722496708,0.002671336104660434,-1.1428857892562607,-0.004735264053718888,True,False
8.0999919,-0.6088871141389052,0.0015350118186267642,0.5985662410290075,-0.0009706313863427142,True,False,-1.3841517252381765,-0.002366657764840037,1.1995599875538507,0.0030637758768343112,True,False,-0.12064299453850294,0.0002208062534497208,0.27649429323064073,-0.000971464127738304,True,False
8.1333252,-0.39851418639380937,0.0006684562291836283,0.16900980084272568,-0.0006258682088072306,True,False,-2.0546099697540545,-0.007922595293729505,1.7650084616524933,0.004610007124487572,True,False,-0.9980234775829174,-0.0017060015057100775,1.454776731143667,0.0008112869393179326,True,False
8.166658499999999,-0.3032996864866153,-0.00034505312057165585,-0.09378749808511132,-0.0017354074617504328,True,False,-2.345398425753431,-0.009578514140359306,1.874849503966302,0.005362521085223471,True,False,-1.3233251267228985,-0.004162246924582711,1.9704514298519409,0.0038886651548128482,True,False
8.1999918,-0.3244451824039937,0.0002380226602332714,-0.1238820396027759,-0.0022161887230866036,True,False,-2.132298842892829,-0.008478267681022634,1.4712486675425522,0.0046943773584214,True,False,-0.9515527447325369,-0.003092684110564797,1.6471593000417288,0.0027689271472267772,True,False
8.2333251,-0.40096029565506347,0.0009202969514146602,0.04342279948365069,-0.002076608734496259,True,False,-1.458234980454432,-0.003798232024785315,0.6763512851836981,0.0026318008169496053,True,False,-0.027610948630119588,-0.001805802009501382,0.6428541170580223,0.0028066449439365353,True,False
8.266658399999999,-0.4512333850439735,0.0008002339362694593,0.29756130918963924,-0.0006632669551527753,True,False,-0.5139598954023302,0.00041586824534122597,-0.24127741496443356,-0.001509775752512567,True,False,1.0536221214914367,0.002519795607086023,-0.5921410687428744,-0.0014284763601263035,True,False
8.2999917,-0.4094552154514093,0.0011809883747984564,0.49827016036722466,-0.0018962447242881191,True,False,0.4395603910831811,0.00343362979371583,-0.9643120749236807,-0.006108416666233771,True,False,1.8004573477587136,0.004256818669618471,-1.4890689616026618,-0.004896933968495059,True,False
8.333325,-0.25127747313241994,0.0006286674013694811,0.5269909811956061,-0.0012472942561525427,True,False,1.162828679319303,0.00017245780885135912,-1.2500072853243986,-0.002960225990478561,True,False,1.830965566837849,0.004657946168609369,-1.6034456233462617,-0.00512444940382679,True,False
8.3666583,-0.005416776366899632,-0.0005340023837043494,0.33079768559479045,0.0009229103516250777,True,False,1.505107631357906,0.0023515385600856014,-1.0244384123810928,-0.00423245239810726,True,False,1.0421973239117928,0.0025196676621923614,-0.8171171459625638,-0.0020832504629170255,True,False
8.3999916,0.25692981430568745,0.002208105028174098,-0.0548213955882911,-0.0017953443275705208,True,False,1.4377613142097054,0.007855385444836476,-0.407819617354006,-0.0027960782078167872,True,False,-0.33436294615043716,-0.0013759869247640549,0.6004658654850672,0.0015062360136247172,True,False
8.433324899999999,0.4599209763821729,0.004941240346769345,-0.5176638086378669,-0.006663964732224339,True,False,1.0589948394953599,0.004927958552823151,0.33580792581745184,0.0013430612817207366,True,False,-1.8155977216356418,-0.004393503525787977,2.102831837887181,0.006633508470081921,True,False
8.4666582,0.5718462398383192,0.002713849679381227,-0.9161307372784767,-0.005934977097767761,True,False,0.564329694948688,0.001929385034326788,0.9023691394224769,0.0023961668096901955,True,False,-2.851761274357974,-0.005882546855115916,3.093306323046709,0.007181471392424753,True,False
8.4999915,0.6275453160051276,0.0030248924045381013,-1.1402296959720701,-0.009023894684683112,True,False,0.17407607744235737,-0.002726873729061347,1.0643692371184919,0.001631423763444821,True,False,-3.0384379345212267,-0.0074150280555397305,3.1617850609397395,0.0047229643223634776,True,False
8.533324799999999,0.6996255890410971,0.00017548311470141377,-1.1529391454380697,-0.004438099761218926,True,False,0.0370050979903684,-0.002260011684650101,0.7551373651317139,0.002077524482324401,True,False,-2.2744532711510272,-0.005957578822905768,2.2363360195797743,0.005836902094212819,True,False
8.5666581,0.8359350310483146,0.002111464987034889,-0.9926036453548535,-0.005263263821204329,True,False,0.15967106766065228,0.0001911948646587346,0.09008824860495063,-0.0006574096375376535,True,False,-0.805943096789078,-0.0019905782233493917,0.6062604130566147,0.003299010125948007,True,False
8.5999914,1.0109298241538323,0.0036786168357149404,-0.7432186427291743,-0.00522109634089075,True,False,0.4044797709638238,0.0036679873956585816,-0.6802394535599483,-0.003996122569276342,True,False,0.8631746306495618,0.001570735823670674,-1.1798775812022981,-0.000897226835384917,True,False
8.6333247,1.1270393988714473,0.004323182042651823,-0.4945699424640324,-0.00577852893553561,True,False,0.5581472996984864,0.0012701434543162323,-1.2660441035265722,-0.004792480945069258,True,False,2.1628194404543235,0.004460386586337459,-2.509576430241136,-0.003534451554886113,True,False
8.666658,1.0627845411971277,0.0015517669443607931,-0.30957571815191465,-0.0004928196257719137,True,False,0.43278476851113423,0.0003187734080139441,-1.4463925498059214,-0.0036586255966233826,True,False,2.6758500563761456,0.006164877182052603,-2.9353898343640075,-0.005937133646975472,True,False
8.699991299999999,0.7363081450188833,0.0041586352601328475,-0.20580106784927843,-0.00533560267368012,True,False,-0.04636287447673754,0.002720363924679035,-1.1504180414769134,-0.008179651208578923,True,False,2.2964686520289384,0.0057451454360806726,-2.3521072110910715,-0.005265688721745834,True,False
8.7333246,0.15227504618704885,0.0024501070289634583,-0.15390451890206958,-0.003385281707197179,True,False,-0.7981518591723945,-0.0021134580941384383,-0.48324773514423314,-0.0012494866120650661,True,False,1.2615330558339652,0.001487397939812712,-1.0407409823777922,0.0003430274796678626,True,False
8.7666579,-0.5900302238518401,-0.0010702608718738272,-0.09122045602391686,-0.0011282481185245026,True,False,-1.6038997887913802,-0.004496206102105034,0.31519227688258666,-0.00016401685123485486,True,False,0.039647629104319335,-0.002389054154560556,0.4514411911966615,0.004169476566461765,True,False
8.7999912,-1.3352258993931432,-0.002918625529548699,0.05674667393308003,-0.0007342680627849173,True,False,-2.1853915026971666,-0.007091574626695486,0.966254657156489,0.0015485100415429096,True,False,-0.8724906839557782,-0.0027341071853859773,1.5451396388880496,0.005208616159034895,True,False
8.8333245,-1.9372526102524985,-0.005680558736096532,0.3505597204700349,0.0020776180786822337,True,False,-2.315293629450151,-0.009754700718039926,1.2638156434035732,0.00572538390454016,True,False,-1.1526587640367536,-0.004235787220899845,1.8670261782576634,0.006780171170937071,True,False
8.866657799999999,-2.3076885410483223,-0.003289258260411393,0.8042269237703122,0.0005936233579167469,True,False,-1.9123516060008097,-0.005636680956269414,1.1503413437503718,-0.0007879453616957032,True,False,-0.7663575893994746,-0.0007221516472616615,1.382990547421394,0.0027100304707150798,True,False
8.8999911,-2.4133097753681767,-0.001724331993275525,1.3498753803206955,0.00035431263456148194,True,False,-1.0766653927333438,-0.0009106098202695771,0.7254125957452652,-0.0010499665541326734,True,False,0.04770808411797009,0.0003796176716857327,0.3770179967663283,0.0018538482247372778,True,False
8.9333244,-2.234505429808038,-0.0017251202932595186,1.8219299352265783,0.002445270284264964,True,False,-0.04957961485119582,0.0009132353679532001,0.1911786823131785,0.0019831996049556695,True,False,0.8977895503662919,0.0018369250030455116,-0.698544603038927,-0.0013470186573972106,True,False
8.966657699999999,-1.736125185948559,-0.0030947968046569152,1.9916415301778643,0.006621511172116469,True,False,0.8791942800415604,0.005926841875445133,-0.23289886636025056,-0.003250535234080437,True,False,1.403539302280989,0.0024568944442104335,-1.42310621489205,-0.0015166142696591569,True,False
8.999991,-0.8931411695809329,-0.005090794412821585,1.6609586758202466,0.009906334305203487,True,False,1.4736955206857276,0.005351761057051407,-0.3932707362957709,-0.002293075422807211,True,False,1.3390531919619981,0.002207326380515769,-1.5704980470900345,-0.0020988833064978962,True,False
9.0333243,0.24315444875387798,-0.0020396139590213996,0.7779247119544173,0.00604635167775841,True,False,1.6246778531062045,0.005743577428011362,-0.2601623071834756,-0.004516924400397026,True,False,0.7093570163381233,0.0018712883520037296,-1.174359364935536,-0.0010082328595604508,True,False
9.0666576,1.501042582500332,0.006200945904474945,-0.49595637751390165,-0.0049047189373758624,True,False,1.3745290024565828,0.00796749038040141,0.06162534372393308,-0.0012820966878775793,True,False,-0.25788205457589886,-0.0018533870111933754,-0.48210603629431303,0.0017559966621351337,True,False
9.0999909,2.6141592188967393,0.004941884051788718,-1.8148581009687466,-0.005693121892354696,True,False,0.8932217030142449,0.004965814972678285,0.3811519800015851,0.00370171958194066,True,False,-1.1982059419143465,-0.001046278144638529,0.17161230609151015,0.0016323232823734128,True,False
9.1333242,3.303070668302319,0.00439007254233476,-2.7632637395662543,-0.006422985585500415,True,False,0.41378782089110777,0.002963066906063986,0.5110686153288515,-0.00026013722597389587,True,False,-1.74492194052151,-0.0033576261938437256,0.5120230877937159,0.002108895053904228,True,False
9.1666575,3.3635595953818846,0.004514220230591963,-3.002930910200442,-0.009823187554840691,True,False,0.14425685843598754,0.0003591108304328668,0.3526053108548056,-0.0008007131804558694,True,False,-1.6700259547848735,-0.005897030099672321,0.43129074990881966,0.0021481508325463584,True,False
9.1999908,2.7327131512321916,0.003516306111083545,-2.3989220134498916,-0.005354909479123446,True,False,0.1862905737344468,0.0018951574980458808,-0.06504316504274903,-0.0006614057321947575,True,False,-0.9827295210098668,-0.0025254429938157716,0.019442631873451542,0.0009549834326251495,True,False
9.2333241,1.5294291938796474,0.004266949305688581,-1.0873834563950726,-0.004160673345081088,True,False,0.4959758452558132,0.0037720492487152107,-0.6003285263351424,-0.0016333831867444363,True,False,0.05993725797782274,0.00044370018895393355,-0.4848464601325449,-0.000529412942276322,True,False
9.2666574,0.05802898448670546,0.00234919000463705,0.5406928751587444,-0.00043497287459091764,True,False,0.9054729537842386,0.006832739646283503,-1.0559224128933389,-0.004170872867636834,True,False,1.047215148297927,0.0024457457624762332,-0.8002041108316175,-0.0005756919176803062,True,False
9.2999907,-1.2542332735735913,-0.004244764242569533,1.9508444060121268,0.009660187694295462,True,False,1.1932049257302741,0.006523873074475726,-1.2549340717211004,-0.00552753312325203,True,False,1.579267060218384,0.0046725937246751255,-0.7232873786714215,-0.0014945882232313158,True,False
9.333324,-1.9983394734344448,-0.007893462874423506,2.65271521637618,0.014640637875327732,True,False,1.1684958711759375,0.002525601088442448,-1.1099726115976365,-0.0020009994873014907,True,False,1.430577805709822,0.003500270772905819,-0.21774876291933903,-0.0003088439468811227,True,False
9.3666573,-1.9574220918605434,-0.006918659897782957,2.4004091948901967,0.014501435800921988,True,False,0.739787847562667,0.004479775207259861,-0.6573106726213253,-0.00466496371323369,True,False,0.6410235147141446,0.00180688940233442,0.5647245484246903,-0.0009191245121967501,True,False
9.3999906,-1.2189469431290956,-0.0037520202522418793,1.3122184814206792,0.007515690511728753,True,False,-0.046945726242663674,0.0037447726758787917,-0.04168224131225266,0.0014790573059022358,True,False,-0.5022345554265273,-0.0016778315937958637,1.345043083408656,0.006412849057968492,True,False
9.4333239,-0.15076146247973113,-0.00015096432854127222,-0.1604710459509002,0.00039685627729363815,True,False,-1.0060380083537241,-0.00012084968511567914,0.5414155085703571,0.0027393356832629127,True,False,-1.5799276401634745,-0.003394711534247808,1.8369728679156458,0.00492503237575157,True,False
9.4666572,0.7539380708620315,0.0012683319961267394,-1.4114950511904476,-0.0040817369829827775,True,False,-1.8565465172170856,-0.005474037180417821,0.9195397308684101,0.00397081004184767,True,False,-2.2007135735637653,-0.0035681890796611946,1.8674166039045361,0.001940976927333612,True,False
9.4999905,1.0846472273673358,0.0005560717111533543,-1.9267365591957244,-0.005975308372845774,True,False,-2.3132212246917883,-0.0071465112489527294,0.9986935821910258,-0.000705836465705597,True,False,-2.141856627161587,-0.004439388932083559,1.4347518007516025,0.0031801852220064764,True,False
9.5333238,0.6792260318977741,-0.000761960989974192,-1.4912652610910453,-0.0020946696238019562,True,False,-2.1952056083423894,-0.007814698227374994,0.7809604457131781,0.0022761945978203996,True,False,-1.4226270527711578,-0.0017603431350900725,0.6879389429154394,-0.0004298485322516755,True,False
9.5666571,-0.31488080407680813,0.0007700921776123197,-0.27337213792810106,0.00014408296174744738,True,False,-1.503718869597923,-0.0054261510390878715,0.3524905017626399,0.004550510313334621,True,False,-0.29161077934927837,0.0004777774623594926,-0.1437485848323594,-8.414253650046268e-05,True,False
9.5999904,-1.5001288033531424,-0.004669669463308289,1.24252822437334,0.006245070983443023,True,False,-0.42930467567497343,0.0010359531767243659,-0.14332258424442004,0.0006142916577392733,True,False,0.8618109185458525,0.001801765790915158,-0.8293716141654597,-0.00042439715136194085,True,False
9.6333237,-2.388398124468486,-0.008262260184414295,2.445332354738862,0.01302005639440555,True,False,0.7169640637369354,0.004827478787341317,-0.5474543509450229,-0.0015933524782925732,True,False,1.6401654858426868,0.002858867707795803,-1.1993014180521022,-0.0006252061843533707,True,False
9.666657,-2.602458018736893,-0.00863441985847819,2.837047541618015,0.015008190212906072,True,False,1.6156557060578076,0.0048904634126941396,-0.7416636587301138,-0.00345778670239009,True,False,1.775276008392743,0.004893090599964889,-1.189013565554217,-0.0043489325359579835,True,False
9.6999903,-2.029965557585808,-0.005717741367065841,2.2283806920574967,0.012736704078043098,True,False,2.044534283760009,0.00461809933737017,-0.6966314445951244,-0.0023311638965335677,True,False,1.230953377727751,0.006075176856088291,-0.862127774806113,-0.004734279897163393,True,False
9.7333236,-0.8536389030634762,-0.0017950705992472679,0.8072229453012001,0.0030015546127210514,True,False,1.9413774349777977,0.009122903465323514,-0.47823890559212123,0.003037755081227376,True,False,0.23127996103297116,0.0006870483589355935,-0.39418888068426383,0.0011153345764314652,True,False
9.7666569,0.5506588850375717,0.0045449981166105265,-0.9479483158577919,-0.0067900353054893845,True,False,1.41201058844135,0.0042344800311677885,-0.20398144965217133,0.0024395863856151727,True,False,-0.8120115362154295,-0.002283059035247474,-0.0013942041695458416,0.0029772077186691645,True,False
9.7999902,1.7787970085950688,0.0018263404190303712,-2.4616832182662485,-0.006031751931763124,True,False,0.6844712415667787,0.0003678024111240846,0.01925451639308325,0.000612742853174349,True,False,-1.4563623784991966,-0.0014148601944145504,0.15748394367434146,-0.00047531896576362805,True,False
9.8333235,2.531457626702877,-8.95504602028601e-06,-3.267471016510086,-0.00804935358574003,True,False,0.021382794945473134,-0.0008360097908466476,0.13457805626935218,-0.0008872780566715159,True,False,-1.4049510219387262,-0.0034129620507293507,0.04347252834679541,-0.002479976217256745,True,False
9.8666568,2.6680776231741112,0.003395806279021362,-3.1466635665863887,-0.007851596985814507,True,False,-0.37903857935597357,-0.0023805648657999716,0.13945566103812165,0.0011827690487687338,True,False,-0.627761486431489,-0.0007532544596370656,-0.2686310394201902,-0.0014936895451480295,True,False
9.8999901,2.2043657870258007,0.0033049685425153674,-2.1731486015039194,-0.00567729637493281,True,False,-0.45416771249394505,-0.004165064168457483,0.07372125388422261,0.004335119535762022,True,False,0.6208319003006357,0.0018179702812962852,-0.6393787287497603,6.767969432757177e-05,True,False
9.9333234,1.29422763738478,0.0045608896893722176,-0.6740890554129776,-0.0042712574703720405,True,False,-0.2925305959925641,-0.00231899127426619,0.006796293486787791,0.001981291373103819,True,False,1.8949359809075141,0.0046362322100607575,-0.9168225591634054,-0.0014948843446228794,True,False
9.9666567,0.19976187897751999,0.0010628760377107236,0.8749267428750925,0.0015604550855895256,True,False,-0.0873476636470558,-0.00113825536097304,0.017833729880117246,0.0004925332217019787,True,False,2.726131317448525,0.006861213852325394,-0.979336623508346,-0.002583974051021956,True,False
9.99999,-0.7747823968703036,-0.004258447692114024,2.000883031962228,0.010097285546213764,True,False,-0.04524306099334436,-0.0005090140568809089,0.16089650631510985,0.0001295437598515739,True,False,2.803619807011802,0.00716086174418174,-0.7730924880235722,-0.002385775231892617,True,False
10.0333233,-1.386233525459588,-0.004560529468569658,2.3947261372907858,0.01181477650163697,True,False,-0.287978464413382,-0.0010705828332748834,0.42952721974849056,0.0018435190082573985,True,False,2.093850135749975,0.00600933811353631,-0.33602970681726807,-0.0019316614384779591,True,False
10.0666566,-1.54650457270294,-0.004392481233324175,2.022823015214095,0.00792160997179757,True,False,-0.7911475972683264,-0.004251386486291147,0.7475695081076672,0.005406088144483775,True,False,0.8496467774974454,0.0012409936617512002,0.21032049536541683,0.0010672002946084216,True,False
10.0999899,-1.3470125405997757,-0.00016283593578044273,1.1308601014829418,-9.745826692120148e-05,True,False,-1.388293159684332,-0.005512826553482087,0.9966777096441862,0.0024784414280515903,True,False,-0.49562322485092847,-0.002371811179658676,0.7062066357261689,0.0020112481664492756,True,False
10.1333232,-0.995791472137969,-0.0008204244916027919,0.1317841417060458,0.00038116149867146423,True,False,-1.839452617727892,-0.008635006349055724,1.0651137931811225,0.004799233526499997,True,False,-1.5006662041515706,-0.0021437474664070116,1.0150085674584373,0.0012406857733841487,True,False
10.1666565,-0.7077806601600227,-0.004025885487822855,-0.5691476315496793,-0.002518432506677583,True,False,-1.9346486381485266,-0.009688866875001026,0.8936581134989268,0.0027100688009591076,True,False,-1.8789067268452433,-0.0031150511826300233,1.0684931720325768,-9.634385772069366e-05,True,False
10.1999898,-0.606679296452597,0.0012789608055050145,-0.7350440934835548,-0.005070466541515081,True,False,-1.5868256869080206,-0.008153720348277027,0.5023733856926115,0.0025561037508553207,True,False,-1.5896042761435067,-0.002433148197877368,0.880910127948897,0.0015427318671765813,True,False
10.2333231,-0.6738846345137472,0.0004991692431074727,-0.38386735826109153,-0.004274154183571614,True,False,-0.871806142925879,-0.003116082814747161,-0.008602145946567922,-6.861637168232144e-06,True,False,-0.8358584521564695,-0.0028126160344657983,0.5397644121153522,0.002020411524767372,True,False
10.2666564,-0.7594789470388041,-0.000252160640955176,0.22891687161807828,-0.0001203987841060321,True,False,0.0026531024817766373,-0.0010923485758646439,-0.4851498048504652,0.0026154128035526256,True,False,0.02036509189851962,0.0006642333290783992,0.1816391630506835,0.001172307654385415,True,False
10.2999897,-0.659668830991573,-0.0026905727555656895,0.7274826659789083,0.002694961391016486,True,False,0.781411566444946,0.001908534758293976,-0.768873073257341,-0.003740149797154098,True,False,0.5977384840088984,0.002581236454175562,-0.050949700418156975,-0.00219000971802124,True,False
10.333323,-0.23522743851649627,-0.003112064225961071,0.7877115645357627,0.005854864381950953,True,False,1.2593912168049697,0.00308024920260508,-0.7601339159545945,-0.0038769895931587157,True,False,0.6437212861774808,0.00100156418028033,-0.06885768615798195,-0.001227304414670635,True,False
10.3666563,0.4942611224445234,0.0012753822766353984,0.2875516297129645,-0.0003422059178175036,True,False,1.3518084892579212,0.0028188716388445113,-0.4697169297913539,-0.0009056847904589607,True,False,0.13495538799808704,0.0017962839211874153,0.11605986288841813,0.00023702428186876323,True,False
10.3999896,1.345011248743043,0.006276655861020864,-0.6358490744834312,-0.005119026347592523,True,False,1.1143473065048768,0.0026564684476016688,-0.026871268217604605,0.00019446836152977492,True,False,-0.7124949889169392,-0.0022934537951525553,0.38895568299730054,0.0009115000697625209,True,False
10.4333229,2.0579645362363066,0.006847941152646615,-1.645906649166877,-0.008548498860030446,True,False,0.7112800821371851,0.001874946872739958,0.36897510517583626,0.0009984707425761165,True,False,-1.529343744491913,-0.0025229115370388397,0.5816402692335081,0.0017288412969295149,True,False
10.4666562,2.417905238201869,0.005246903410046799,-2.347001956878112,-0.009492180233467103,True,False,0.34601753812316344,-0.0007816713807913913,0.5317412296782678,0.002681371047334451,True,False,-1.9432212212931887,-0.00504001329020377,0.5471440407852954,-0.0003181046765214092,True,False
10.4999895,2.327038531785053,0.0003728185030347018,-2.439035001027179,-0.007683418241133195,True,False,0.17952725290753654,-0.0025427824646289602,0.36820358307815243,-2.5565671657300467e-06,True,False,-1.734465474644898,-0.004493578004322106,0.22485339970080637,0.0003465405958331374,True,False
10.5333228,1.8124865298484292,0.005048131413792811,-1.8296865008500112,-0.009893386323193447,True,False,0.268161391336119,0.0015612531396488327,-0.0807416865190916,0.00011238727421429795,True,False,-0.9342638256576264,-0.0036978107633643537,-0.32505425036479774,0.0007302622560626784,True,False
10.5666561,1.001698574050079,0.005169437737370481,-0.6734359360863335,-0.004730704574481122,True,False,0.5468967499997931,0.0016079285836420394,-0.6529256998778021,-0.0020043442549861905,True,False,0.17957200524623973,0.0009082042665798174,-0.9278939087648526,-0.001314199752611071,True,False
10.5999894,0.09280817471241205,0.0029839565736860686,0.6745166959275728,-0.0016319612551372487,True,False,0.8621351166835153,0.002665261463970575,-1.1265722901997752,-0.003791843312235384,True,False,1.19321604784764,0.002913766787910374,-1.3472021820706168,-0.002109117034881255,True,False
10.6333227,-0.6932296611217219,-0.0028246826498692363,1.7828021656109883,0.008188875430203068,True,False,1.0345318475050254,0.0035941470368947735,-1.3080249223555476,-0.006690195438728998,True,False,1.7282461377736058,0.0033846510656642846,-1.3766894517797885,-0.0032631033834783583,True,False
10.666656,-1.190816221415606,-0.004916348412459619,2.3092047026879547,0.00990694277753863,True,False,0.9251481984616894,0.00030691500404357325,-1.1104883901088176,-0.0037766838098589398,True,False,1.5977438890288567,0.004398386636362844,-0.9383197953445291,-0.004913885902737294,True,False
10.6999893,-1.3620606926490104,-0.002410327320602648,2.137268591305715,0.007173683793877119,True,False,0.4865868487492229,0.0013156299287739035,-0.5884063783988858,-0.0005814588694818149,True,False,0.8791386105433235,0.00024842151365840685,-0.13498634367635656,0.0019331994837671442,True,False
10.7333226,-1.3042505867568341,0.0017212449831647146,1.4161552264923518,0.00035083719809120425,True,False,-0.2096828522094231,0.003157725548114792,0.08711722937628852,-0.002151185926530637,True,False,-0.12402874893799055,-0.0014984380807702628,0.7793182303482391,0.0024408649132218454,True,False
10.7666559,-1.1798672550415839,-0.00025653166427504567,0.4851476181288139,-0.0016793603590966682,True,False,-0.9790882323621596,-0.002422758816832475,0.6964541823390011,0.0023866215825587033,True,False,-1.0090394132031582,-0.002438420115101826,1.50007818082521,0.0037707656752276456,True,False
10.7999892,-1.1230219547110434,-0.003991938701297926,-0.27272891833583274,0.0015239379345625896,True,False,-1.575122527496944,-0.005791655954866532,1.052126844121738,0.0028831031021515027,True,False,-1.4315025513049702,-0.004606326829526799,1.7875904073781572,0.0034668356549369048,True,False
10.8333225,-1.1840329835609058,-0.004061778945249831,-0.5785117974616888,-0.003780574963204267,True,False,-1.7818560579185363,-0.009112710404199168,1.0620732148053407,0.0016194637957762028,True,False,-1.2302095932176544,-0.0022283369308485064,1.5426474739818954,0.0005796930909034681,True,False
10.8666558,-1.321999731108997,-0.0026599837638880777,-0.3571263770634351,-0.001037404020691926,True,False,-1.5098481542316196,-0.005643160450639128,0.7539845537077925,0.0016648030106414828,True,False,-0.477311138923941,-0.0012655054977690858,0.8258513416951858,0.002720591904643929,True,False
10.8999891,-1.4176107432212708,0.0009668630331992467,0.23313543361764347,-0.003074103835707724,True,False,-0.841887734780506,-0.0015683915435766426,0.25476786654940514,-0.0006644976045727587,True,False,0.5561969284942148,-9.329115685496182e-05,-0.16604603520514857,0.0021204818652209977,True,False
10.9333224,-1.2970985436710805,-0.0006625819456192081,0.8517212735333463,0.0006519162793412299,True,False,-0.0007110636504870899,0.002211082473347963,-0.2626607071721426,-0.0002806115466224252,True,False,1.5009895010832903,0.002689238239679687,-1.1544810059093014,-0.0015516195729561803,True,False
10.9666557,-0.7908764921793693,-0.002684232424489123,1.1050239366892756,0.004119912536807648,True,False,0.7422192345244393,0.0031829686606888305,-0.6431266584018751,-0.004277940179480674,True,False,2.020586269495205,0.003512664832720127,-1.8622563716239449,-0.004999261905679391,True,False
10.999989,0.1654650441841441,-0.006591503233643843,0.7205792255624666,0.01052063438948327,True,False,1.168874517867881,0.0023165760021267856,-0.8005174285063872,-0.0018858825482044152,True,False,1.9312171590033573,0.004447453640974852,-2.1089306491033994,-0.003998133735069719,True,False
11.0333223,1.4412348040208152,0.0021044664501135434,-0.306533964031609,0.00015331269866580542,True,False,1.1861717677769017,0.004432834427835946,-0.738476243226729,-0.002045535084078233,True,False,1.269042739949645,0.0014109028310073715,-1.87472584783895,-0.00225566354777323,True,False
11.0666556,2.7144298952833394,0.009994015585426626,-1.6780097065518496,-0.010593923481819706,True,False,0.84963720191218,0.0040595428555794625,-0.5347836543124675,-0.0008586402450118867,True,False,0.2778259834130342,0.00041592872632757754,-1.2953386644826876,-0.001206487358129926,True,False
11.0999889,3.5899256554220873,0.007443157784402473,-2.8973680157809727,-0.010163082756997848,True,False,0.33855915388998614,0.002544247082310694,-0.3007624912143234,-0.0009053654159522918,True,False,-0.6806223052356453,-0.0017348632979238162,-0.5925067874805936,0.0008271279417004412,True,False
11.1333222,3.7563913698645646,0.003824593189789135,-3.4626334891081947,-0.009460738920475832,True,False,-0.1119598499087262,-0.0010128915734375773,-0.13556928648751565,-0.0019420201092432332,True,False,-1.2611712525391736,-0.0036210168242740725,0.018731371980332846,-0.0007083443560091067,True,False
11.1666555,3.090185083528159,0.000980880338329578,-3.056551979896158,-0.00798043903026965,True,False,-0.3051728932533023,-0.0045941095330060905,-0.09011372445175508,0.001720569694743585,True,False,-1.2664417445032938,-0.0042063300739005795,0.4035252859028118,0.0021309437210812335,True,False
11.1999888,1.6862799329660307,0.0033119405876062256,-1.670794003048157,-0.004793476912378537,True,False,-0.16680668178331134,-9.755303942412196e-05,-0.14778133903613694,-7.055928189173947e-05,True,False,-0.7241451548620875,-0.0017884495019133747,0.540168503498495,0.0018771110879912856,True,False
11.2333221,-0.1527266229344451,0.005003054674623783,0.3631491822613148,-0.005960570943233109,True,False,0.22290749233907212,0.0014999580410477147,-0.22812394406182715,-0.0004452311185503542,True,False,0.12288257872294539,-0.00041342166426692995,0.5103095952221715,0.001089966084254397,True,False
11.2666554,-1.966751962211011,-0.004587408487264492,2.4520625432228247,0.00799492551343812,True,False,0.6662029051141076,0.004090862956428117,-0.21738453349809653,0.0005853013845962882,True,False,0.9126981044958805,0.0027601726596257112,0.45423310885912616,0.001292685690581033,True,False
11.2999887,-3.2601628059220595,-0.011820637482415968,3.9301265873565665,0.021166185162653995,True,False,0.9313423911485118,0.0025103532157535694,-0.018642338756732022,-0.00021687934552749332,True,False,1.3065762521632571,0.0023644920702923853,0.5081682635488398,0.001982587158114564,True,False
11.333322,-3.6853184449351994,-0.009230483055628727,4.31019426168263,0.017145509774158095,True,False,0.8415534531266711,-0.0005333030906108295,0.39742898880974875,0.0008161204430179883,True,False,1.118892701999503,0.0003278913623122888,0.7464042530074727,0.002318746788922478,True,False
11.3666553,-3.196632331173105,-0.008195031806870812,3.4881098637692083,0.015452429532038552,True,False,0.3400621257217312,0.002137708195432274,0.9640499745609851,0.002612338607007008,True,False,0.3868359701858886,0.002352651874666716,1.1465593343160143,0.00134326293847206,True,False
11.3999886,-2.0751324236861244,-0.003802702012133006,1.7931081436018068,0.0045807678770261985,True,False,-0.4792756388527182,0.0009692982075984891,1.5291084994891733,0.006104596044103689,True,False,-0.6399386725782473,-0.0018648680469182924,1.5880682723703645,0.005194362433759725,True,False
11.4333219,-0.8038379994654012,-0.0004093700980109959,-0.14402512625905006,-0.0010839222871141894,True,False,-1.3839887916146556,-0.003559082922644011,1.9050394613702077,0.007358773136044364,True,False,-1.585615450287654,-0.0026547719314228124,1.8865049933333942,0.0025589205370213997,True,False
11.4666552,0.13762239987262978,-0.0009452418206372458,-1.6416427634138342,-0.004781835798314157,True,False,-2.0690672883907255,-0.006271031003567085,1.936386175672816,0.003359576291500757,True,False,-2.0866816040221092,-0.0064614349942784125,1.8561857946454823,0.003442078140449407,True,False
11.4999885,0.45988722475281035,-0.002289575617559613,-2.227655370485786,-0.008407660297996094,True,False,-2.270271464813296,-0.01278845306684617,1.5570472606646308,0.006118678981572031,True,False,-1.935527930064228,-0.004465806264516508,1.3846547135873746,0.0035226060367048147,True,False
11.5333218,0.16248288554913085,0.0005215422658639967,-1.809714121049053,-0.004906475709770867,True,False,-1.8809747588453993,-0.00841772724769821,0.8203742477329374,0.004777856411445043,True,False,-1.168880554356809,-0.0036589784052118495,0.4969783180697912,0.004201176775383985,True,False
11.5666551,-0.4760168587248285,0.0006019009456302372,-0.6972791503456347,-0.003874600175013696,True,False,-1.0087320868534009,-0.0017194545601445328,-0.10540486085662873,0.00019964854266601827,True,False,-0.05808735828475487,0.0010789539052211575,-0.6202340986744865,-0.0017677321694366897,True,False
11.5999884,-1.008011488535093,-0.003155463763926896,0.5297192146881735,0.004269536675825225,True,False,0.06604602299075545,0.002255297264582237,-0.9818324202238995,-0.0006879226144575814,True,False,0.9968279203213162,0.0017821166092039304,-1.662348888493132,-0.0012736131440721653,True,False
11.6333217,-1.0028251016811915,-0.004820309354566406,1.2589695998839372,0.0071943595292635835,True,False,1.0079624455347205,0.00308341258657255,-1.579052984662619,-0.0049104180680584,True,False,1.6224172777366426,0.0031782500650067913,-2.3142212175306565,-0.00542804948270114,True,False
11.666655,-0.24899531002364125,-0.005863734969539838,1.1015781054869733,0.00909050491641706,True,False,1.5581220333182242,0.005308468397134685,-1.7615637888105447,-0.0067334373721576945,True,False,1.611663360508432,0.0032625377278926036,-2.3775731985137893,-0.00490200330885689,True,False
11.6999883,1.1240593836622468,0.00025114357287309353,0.06011499456828547,0.0043177335399743316,True,False,1.6215100157223525,0.004886741629389637,-1.5405744101781575,-0.002271810077865158,True,False,0.9972846229356634,0.0017219980606283812,-1.8567251679795855,-0.002951714336588036,True,False
11.7333216,2.684441286398443,0.009531337778952122,-1.4688052693782667,-0.008065187504169225,True,False,1.2843686325880317,0.004866555050552866,-1.0633214771278718,-0.0003567594950962573,True,False,0.0357647328187052,0.0013019332130196942,-0.9584446697413062,-0.0013087712655188866,True,False
11.7666549,3.8854057830468687,0.00954715149350292,-2.8621998470318286,-0.011743801051422502,True,False,0.7641703216293213,0.002867858024198685,-0.5442191065034856,-0.0009174268668204887,True,False,-0.891967205075308,-0.0023552066281640957,-0.004259175425976706,0.0016285433998484975,True,False
11.7999882,4.293511745515745,0.0041432526587944635,-3.529456121305931,-0.011436260025109562,True,False,0.31322069833916016,3.0489013455892375e-05,-0.17510506166763817,-0.0025119865918635264,True,False,-1.4304530366831354,-0.0056182492487931324,0.70213691509918,0.002251000968456295,True,False
11.8333215,3.7377464910065683,0.0049372872488348185,-3.1442280380191834,-0.007500424297605422,True,False,0.11110566699305623,-0.0029411960687394647,-0.0533838936852162,0.003914283394456746,True,False,-1.3924488277800844,-0.0033624144760637477,0.9900882619996785,0.0013695211485375046,True,False
11.8666548,2.340319757360411,0.004442112363931445,-1.761869745096802,-0.006676363330809392,True,False,0.19035457449127519,0.001179527594677068,-0.14956670190417373,0.0007925073474301184,True,False,-0.829085830024358,-0.0011961111283600103,0.8716620366752497,0.0027211494594938804,True,False
11.8999881,0.4611461135220449,0.0027942356467194817,0.2039520049565089,-0.0002573840723235059,True,False,0.4312631616261449,0.003484777942024604,-0.32592995848226614,-0.002209088681002339,True,False,0.006805708047721565,0.0012743969239154263,0.5123250035234578,0.0001331805896352069,True,False
11.9333214,-1.4105484878040957,-0.0016742746843539538,2.1271024852967946,0.006487907916470204,True,False,0.6278395175136424,0.0044415243062818415,-0.405642582556363,-0.002593157930615696,True,False,0.7807296613716351,0.0018099955467117206,0.1423717076012949,-2.925682300839908e-05,True,False
11.9666547,-2.8045333683833293,-0.007420311747620013,3.392726685560463,0.015583964072463437,True,False,0.5870745413362032,0.001957329476953598,-0.2627815291678496,-0.0022410826749599765,True,False,1.2167565298329557,0.002377937183281415,-0.050474119871585815,-0.0012443771182983569,True,False
11.999988,-3.428732577043687,-0.009601910069718668,3.6271111743451314,0.016370238608217364,True,False,0.21198706013553684,-0.001580410056769665,0.11534609615402672,0.0015391710755096658,True,False,1.1976521682127341,0.0023571143773876892,-0.00037835284667961025,-0.0009083163272141223,True,False
12.0333213,-3.273364463320607,-0.006174910003484718,2.8422904978114545,0.01148994725220689,True,False,-0.45891922508952954,0.0007716599726981354,0.6245259881330357,0.0019366209391771883,True,False,0.7939311250810864,0.0017223584786525698,0.21997126524296534,0.00226705077965457,True,False
12.0666546,-2.5953331225162173,-0.003376551778927265,1.4245135374103293,0.003136626505512993,True,False,-1.2567748406682393,-0.0012091431587330404,1.091305232955082,0.003913707457424609,True,False,0.2211399552337472,0.00034281378103769207,0.4478080273076388,0.0011401729987642827,True,False
12.0999879,-1.7801906164692483,9.745315021093381e-05,-0.03548540344303782,-0.002506733109751489,True,False,-1.9273886981964599,-0.0036995233419197604,1.340209937882793,0.00011142319363461627,True,False,-0.25348315753913636,-0.0012914293441912551,0.5111616181721582,0.00016531065313754082,True,False
12.1333212,-1.1553457591274938,-0.003296351939804845,-0.9939557646742673,-0.004458643665098552,True,False,-2.2138889986512376,-0.008926002764099486,1.2529602364153358,0.00153535597044862,True,False,-0.41884427498407717,-0.0014716122864996534,0.2998968733244831,-0.0007642347579048104,True,False
12.1666545,-0.8519773295654657,-0.0004709401969924471,-1.174310847737014,-0.005461244525373392,True,False,-1.9586916710818587,-0.00846568285960078,0.810251940594415,0.00430233854563373,True,False,-0.20103206524153328,0.000666958748171208,-0.19418477147313895,-0.0010692408541582677,True,False
12.1999878,-0.7727724842843913,0.0006418226936852883,-0.6647679772046932,-0.003977005487600261,True,False,-1.1798720652478785,-0.0018750043963548064,0.11156784281589384,-0.0009168318071471508,True,False,0.311352638861991,0.0009262676026874223,-0.8661457468543754,-0.0015992134479745628,True,False
12.2333211,-0.6662603834818572,-0.0008295459056238482,0.14089871554510666,0.0013684461357866757,True,False,-0.07658270664683188,0.0027958872151418257,-0.6413945512047021,-0.002114678818676044,True,False,0.9007301710198139,0.0008359792556222033,-1.5122166897381266,-0.001080748289310529,True,False
12.2666544,-0.2723314290011112,-0.001180823890262652,0.731203456363714,0.0032332053722997378,True,False,1.0427205214399213,0.006350865699157774,-1.2082428379416235,-0.006254402066400269,True,False,1.296394698934041,0.0021512208182486838,-1.8773860398786955,-0.0033617945483787387,True,False
12.2999877,0.5217182484555655,-0.002006322438118893,0.7141840555912554,0.007053808238266005,True,False,1.8707480581804299,0.005682979714032154,-1.4028994941037605,-0.007774496713456147,True,False,1.2717197218046756,0.0019357199923339952,-1.74302212878124,-0.004421216953679893,True,False
12.333321,1.5933086465090467,0.002890637355471434,0.00011630376279471724,0.003586440954781761,True,False,2.2010241481425012,0.00813737934338497,-1.1720808313836546,-0.005711579179929719,True,False,0.7397583217487985,0.00278284873325039,-1.0356793317685076,-0.004387122857918065,True,False
12.3666543,2.6241584451569957,0.010198497876981029,-1.156928214985533,-0.008912500804940646,True,False,1.9872610311348524,0.009583914978650406,-0.6165090818550706,-0.001572790667147451,True,False,-0.18518036652992045,0.0023218361814625298,0.09552541704661409,-0.0024574075275902068,True,False
12.3999876,3.253483524729219,0.010309946854371843,-2.27994960186256,-0.01293120942219542,True,False,1.3525914499875777,0.007615251065288644,0.05568639851719314,-0.0006767505812723195,True,False,-1.1987577958300404,-0.0010749818764290812,1.2927335327445126,0.001079394888066308,True,False
12.4333209,3.250288396672709,0.00629149235012395,-2.886598144798816,-0.010923787751932909,True,False,0.54534135578359,0.002295498041198973,0.6137283581274717,-0.0010557933136262157,True,False,-1.9123326153772755,-0.005046951352338958,2.1161453002171946,0.004262828242084535,True,False
12.4666542,2.6009037619553523,0.002444549440167151,-2.690522462443543,-0.00922241205936002,True,False,-0.15136394424642657,-0.0006230235337731172,0.883216935222842,-0.002437968716008907,True,False,-2.0254411023487107,-0.008335062555190703,2.2392572178038117,0.006717009655522996,True,False
12.4999875,1.4845205157726227,0.002549496213571859,-1.7019765318572362,-0.004410499343381967,True,False,-0.5256944646799577,-0.0002080814040311657,0.794963381491978,3.633116352891079e-05,True,False,-1.4802059899711997,-0.0034713338091371484,1.614319905151411,0.002670493413051311,True,False
12.533320799999998,0.18934131843161084,0.004887830520486497,-0.209810670937143,-0.005702139096019061,True,False,-0.5139053284290701,0.00044620586372069943,0.4030182147345154,-0.0005188390702426288,True,False,-0.5019866931720791,0.001452327830461538,0.51090687944055,-0.00124637299782618,True,False
12.5666541,-0.9735276231639683,0.0011506363503107496,1.3281784269127026,0.0019977914146374473,True,False,-0.21645380220200308,0.0018882588420581358,-0.12610628076575564,-0.0026754439954517445,True,False,0.5053291705902443,0.003077920086331783,-0.6020439056544137,-0.004085264830938293,True,False
12.5999874,-1.748440418143497,-0.004056261808456293,2.447710468923809,0.009560382495371805,True,False,0.14749438049935087,0.0012142793090742612,-0.5585654102822486,-0.004152738486867974,True,False,1.1474888502496086,0.0030702038260033366,-1.2686795051214539,-0.005219070525843306,True,False
12.6333207,-2.0124839946047457,-0.0049726517777969196,2.8461215583545156,0.00945363688277253,True,False,0.32617931693760577,0.00046831176446571134,-0.6717250360061066,-0.005009228267981654,True,False,1.2068676361300132,0.001673063437225439,-1.2419871173793238,-0.0026161647126122225,True,False
12.666654,-1.8245655471949835,-0.0035734477803664286,2.4941956935588547,0.009766595373191862,True,False,0.13592585625523812,0.00309759433590094,-0.3452193024927225,-0.004467897347220492,True,False,0.7158079113947449,0.00175768324665675,-0.5739616251207299,-0.0022516191023944226,True,False
12.6999873,-1.3989277282853252,0.0003844259188656759,1.636812206185811,0.001410778753320983,True,False,-0.45101656769980425,0.0046258551684989655,0.3713738969209227,-0.004834239858079686,True,False,-0.07600390738283887,0.0010454626099123821,0.424257219258436,-0.00134962052659742,True,False
12.7333206,-0.9962448787458849,0.003168384557152802,0.6749556057398168,-0.004899906830893368,True,False,-1.2672191749490769,-0.0012644664533887067,1.2500438845301896,-0.0003601116027174043,True,False,-0.8121483318660832,-0.002941816804044302,1.3194660857100027,0.002986780533913788,True,False
12.7666539,-0.7924006337154271,-0.0008396294522934789,-0.014228468621702038,-0.0033378736832924217,True,False,-1.9943086562769305,-0.006005519845469632,1.9536714429412103,0.002659292530010091,True,False,-1.1731480264916287,-0.002284676635619318,1.729795364821973,0.0014702028364090257,True,False
12.7999872,-0.8071151398728056,-0.0025564889054579404,-0.22871962129883225,-0.0019322405062088463,True,False,-2.291138744006308,-0.009960595022868243,2.167371981986105,0.005116095899457489,True,False,-1.0003475453693726,-0.002060605105628819,1.4686188688340236,0.0005746445982813999,True,False
12.8333205,-0.9252756936116882,-0.0026112657927776497,0.0015710882998155628,0.0002122759702042629,True,False,-1.9515301755503576,-0.0066467237100021215,1.7378297090610726,0.0029675566172274593,True,False,-0.35272096060223207,-0.0006339241270722016,0.609046781888068,0.0009544318666794455,True,False
12.8666538,-0.974380894952223,0.0014035205199015284,0.4575346338191051,-0.002421541526788231,True,False,-1.0096048722796473,-0.0021166959952591815,0.7525353435168286,-0.0010455796915423714,True,False,0.5228208871856181,0.003259869718370385,-0.5472798336285122,-0.004882036915912522,True,False
12.8999871,-0.8026385471566625,0.0008279201322743474,0.8345452313507177,-0.0004512311986862233,True,False,0.262753225002286,0.0023183956293480247,-0.48336799679656267,-0.0037482186872234012,True,False,1.2890023145489222,0.00268332855065737,-1.5783766403149773,-0.003862612737772414,True,False
12.9333204,-0.3353536704317458,-0.001327760944583018,0.8636325046370664,0.0009152446003255821,True,False,1.4627275863692502,0.008035817874618507,-1.5646648931735205,-0.009533258557042847,True,False,1.6393617928839868,0.003051210720447499,-2.0850750244669958,-0.005067263721075182,True,False
12.9666537,0.3889002039371367,-0.0010802497664070413,0.4161478873881764,0.002813453811595188,True,False,2.2143678694882394,0.007411896940681899,-2.1458871209180685,-0.008724060881400993,True,False,1.399977679266849,0.0009987361130354725,-1.8232975694074383,-0.0020841921143386994,True,False
12.999987,1.2148906879096457,0.002585257293192869,-0.44112857615191853,-0.0028026158015526407,True,False,2.308609151481112,0.0076067470012318415,-2.0741514305736892,-0.008377462202222664,True,False,0.5898209042512346,0.0035925362725417144,-0.7949724044768969,-0.006098348351506776,True,False
13.0333203,1.92182535563386,0.008543479406296154,-1.4677863493027934,-0.012400701574336512,True,False,1.774235579754791,0.007929399799745027,-1.4414523110095587,-0.0057200268069278045,True,False,-0.5676956040855992,0.00019006867667525717,0.721143969417894,-0.0011894845643832487,True,False
13.0666536,2.314964033413079,0.006276511392300657,-2.3430415775437385,-0.011087608961694154,True,False,0.8595496314825827,0.004696938903541944,-0.540522988866883,-0.004556364582819041,True,False,-1.6928149775878392,-0.0011079263743287763,2.2222427296829435,0.0005612142827743755,True,False
13.0999869,2.2987628404667126,0.0022583156444495687,-2.7829337396226475,-0.008595810753321,True,False,-0.06805842004091037,-0.002761632017408722,0.25413612089721266,0.00027049372777203005,True,False,-2.3652395811362856,-0.005715506754198891,3.1330834327084744,0.005797576299439551,True,False
13.1333202,1.8849800834991444,0.0009167455551701235,-2.628283244046204,-0.009137995639278668,True,False,-0.6710499479243608,-0.006020648142789753,0.63433966485281,0.0030770684131843406,True,False,-2.284445208224317,-0.0058949811107405084,3.0249589579280345,0.00587582053453787,True,False
13.1666535,1.1540917772851482,0.0014984380147798836,-1.8851522267971184,-0.006200120796642553,True,False,-0.7780745176548968,-0.004633195459401319,0.4776259986919087,0.0016567390514509951,True,False,-1.4094013564645227,-0.004304779082783141,1.8134088470781733,0.00459409336356512,True,False
13.1999868,0.22636976458297595,0.003297155209997289,-0.7280473964121686,-0.007692807509379502,True,False,-0.4418995651741843,-0.0002082931300260088,-0.11389936993573499,-0.0033900595887237013,True,False,-0.0014476771459831816,0.0007064471821578274,-0.16897870320835845,-0.0013051852399509813,True,False
13.233320099999998,-0.7344483697521579,0.0004909141575593094,0.5296228931899103,-0.0024493389430873392,True,False,0.10748243392224052,0.0029694375227730272,-0.8710360104625909,-0.004854711462801595,True,False,1.4652821868644361,0.004320784223283804,-2.2787229972502256,-0.006407636359841284,True,False
13.2666534,-1.5192111196446523,-0.002738999150567037,1.5097933160263775,0.003823015467855313,True,False,0.5803165707931256,0.0009023255889195755,-1.4753023051819094,-0.00392023015729527,True,False,2.4913696374023977,0.005949279886874076,-3.8108522953373005,-0.009058383564623648,True,False
13.2999867,-1.9173314577352512,-0.005127958279768033,1.8918869133455922,0.008326541151106606,True,False,0.7485208904431138,-0.0014895142813683964,-1.6760517763591367,-0.00148434861506506,True,False,2.751198363531446,0.006538140215660432,-4.280158438001181,-0.010489207474890646,True,False
13.33332,-1.8047519912717127,-0.00497419906994392,1.547989915177535,0.006669754150715911,True,False,0.5220293468751248,0.0001862067983689214,-1.366132244947262,-0.003051060059833615,True,False,2.2149181602333785,0.004530590402940123,-3.6064221882254204,-0.006915134259090152,True,False
13.3666533,-1.2242788223078342,-0.003540609266595756,0.6241778203133528,0.003882961943124049,True,False,-0.030613872732227012,-0.0006022366348731663,-0.6097281548989739,-0.0016561912138168993,True,False,1.1450776859496763,0.002064153563658805,-2.124155851533873,-0.0034760235698568574,True,False
13.3999866,-0.40021089258908743,-0.0013627009878156829,-0.48820733882052125,-0.002179131862592095,True,False,-0.7089492716317313,-0.002779414085652255,0.3730478055449003,0.00010111747619131673,True,False,-0.024128234002082454,-0.0008840001971377502,-0.42107726046856736,7.880891678915182e-05,True,False
13.4333199,0.3347610081464638,9.171720596197286e-06,-1.2962745596857008,-0.005143579354564889,True,False,-1.247496152569088,-0.007271180321939055,1.2673640585388162,0.007574147521124248,True,False,-0.8691946047998442,-0.0044687440937265085,0.9139783470713957,0.005580580975171924,True,False
13.4666532,0.6750808267451863,0.0005387504117738128,-1.4104557288044453,-0.006552374881681139,True,False,-1.411206032463283,-0.005605053557054286,1.7672251422912064,0.003350735512307267,True,False,-1.1415651135361025,-0.0014344505013781084,1.5178691984727835,0.0009800847189981102,True,False
13.4999865,0.48379052936639577,0.001581774035719676,-0.7230888602070146,-0.0023720049374033633,True,False,-1.0909841350833693,-0.009562563554163798,1.6935472615410656,0.012661156586028807,True,False,-0.8453349186582115,-0.0025215520956164686,1.3600101668939655,0.004052990400842361,True,False
13.5333198,-0.12425768885573715,0.0028431378646404043,0.520723092386096,-0.0034414497426003285,True,False,-0.35962918720692116,-0.0037292735657814624,1.0787665229747885,0.006029240254912623,True,False,-0.20473641758321814,0.001678046689738907,0.7014335045648348,-0.0016391542466083642,True,False
13.5666531,-0.8091110036691676,-0.0031602052444144007,1.8022785296024713,0.00872492119924876,True,False,0.542975069348798,-0.00012208231497582036,0.17119423003946171,0.00294523296206322,True,False,0.44857797107280317,0.0006232103244686798,-0.04901878674405951,0.0010600067624727254,True,False
13.5999864,-1.1545596534888891,-0.0059200928565612786,2.541994238100598,0.01409300040198689,True,False,1.2974029477584799,0.0032297206069519836,-0.6573490770417515,-0.00036207581239848193,True,False,0.8092875718308384,-0.0003748222401951807,-0.5024482422778305,0.0022982681765641114,True,False
13.6333197,-0.8815399124670288,-0.007016801284064654,2.362480277710445,0.016792309926292125,True,False,1.6303405068845847,0.0011758846845268097,-1.0659354401232004,0.001568281669285433,True,False,0.7030670450919286,-0.0002526207305065567,-0.4208406698231452,0.0017715540726771862,True,False
13.666653,-0.008658522857253013,-0.0015304013115085568,1.2743213954200479,0.0067692231571099565,True,False,1.4249069364022595,0.004591504536736033,-0.8907387252188244,-0.0026453960198160654,True,False,0.14159321090830004,0.00157010433099231,0.20918516814665522,-0.001162923929821488,True,False
13.6999863,1.143735497951096,0.003071291868081637,-0.31918823099507326,-0.002393979246818213,True,False,0.7707852007296929,0.0026461104279020963,-0.21694207899901366,0.0013094167317913884,True,False,-0.6763610956757661,0.00033133585553585655,1.1649123376403228,0.0010777821739462387,True,False
13.7333196,2.1129783335811805,0.009105128963401895,-1.8041652215805146,-0.012658943905665703,True,False,-0.06888545087182006,-0.004290525751214369,0.6589247377456247,0.00784469224696927,True,False,-1.4263678002901992,-0.0038232309923722616,2.056310160512578,0.0061235680095099556,True,False
13.7666529,2.5160478716745196,0.0009712544996561311,-2.62306435085202,-0.0028689996198373153,True,False,-0.7676747234437038,-0.008240736244602066,1.3651795961259703,0.010668104855574952,True,False,-1.7827110372334865,-0.006290476379455175,2.4810163573173827,0.009158206500250066,True,False
13.7999862,2.2041678312199875,0.000910883795840237,-2.4897963756169075,-0.003290258922436185,True,False,-1.078138919630938,-0.00733997612859915,1.625527105408637,0.009323992461233513,True,False,-1.5657589420422773,-0.006263629541374161,2.2119736125309175,0.008733207621802427,True,False
13.8333195,1.2904916048997725,0.0013868992712209778,-1.4738884056476496,-0.0032808632224512854,True,False,-0.9363851212686498,-0.005076802497386798,1.375994598070557,0.006915338987555042,True,False,-0.836161740944082,-0.0015375152889148635,1.315527074100432,0.002861514647416824,True,False
13.8666528,0.07959971201670632,0.001765650002361593,0.04528214857773705,-0.0016530951573414986,True,False,-0.4779838034901165,-0.0018636997301419195,0.7735314556992632,0.005026796111757918,True,False,0.12343983427594035,0.0009541251673916051,0.12563457032515316,0.0005232562993923088,True,False
13.8999861,-1.049271294165419,-0.004040275786200333,1.5192852010754765,0.009119911928219784,True,False,0.03428526338818052,-0.001040014308777282,0.10511660140317015,0.0024624190564064537,True,False,0.9325861766199328,0.0011340421566546082,-0.9106369106879492,0.0006499108584332512,True,False
13.933319399999998,-1.7738336321322938,-0.004748040489091588,2.4279334000923773,0.01256544238802553,True,False,0.3279005952340315,-0.0017624007175991894,-0.34804396976156915,0.002509388579413568,True,False,1.2777670270850272,0.0010537505973444443,-1.429772159271386,7.427649937436498e-05,True,False
13.9666527,-1.944174957822103,-0.006502813861822258,2.475474669567281,0.014523797528471777,True,False,0.2314997059570496,-0.0007320138511099249,-0.4282299194155309,0.0013715507508352026,True,False,1.0430667014381634,0.004098192433546549,-1.2996973609222595,-0.004288629424789385,True,False
13.999986,-1.6353269826221577,-0.004030699327726957,1.7066800573464733,0.008885599777089175,True,False,-0.2568234075595816,-0.000911358301398684,-0.15691120239198825,0.003058402314132614,True,False,0.3571547166375196,6.720350019045351e-05,-0.6629933236336063,0.0020289099920943812,True,False
14.0333193,-1.1031098608485967,-0.0010902194333147384,0.4837726710066773,0.001204792891044247,True,False,-0.9622375195510084,-0.001772019434611459,0.2860788204532686,0.0022849944249890247,True,False,-0.46209338994613897,-0.002943666481643675,0.14083891233851084,0.004830622276588989,True,False
14.0666526,-0.6576678668375264,-0.0006734451501468537,-0.6706314205881191,-0.0009842511114738818,True,False,-1.5932379214185213,-0.006817307712720685,0.6469776632113182,0.006331840012233457,True,False,-1.0460229091042217,-0.004203559508595925,0.7389925879520974,0.004880206578985122,True,False
14.0999859,-0.5163772133843302,-0.0023727301471785957,-1.2936767978988566,-0.0026963888361557164,True,False,-1.8567832222767793,-0.009357563689933833,0.7119308285731372,0.0049344002192064805,True,False,-1.1349094268839242,-0.0026476477330785175,0.8898641755373143,0.002874344871459536,True,False
14.1333192,-0.706154906717291,-4.2279284886322973e-05,-1.1703889208907674,-0.00419531378518772,True,False,-1.5865760796737454,-0.007549145539413905,0.40352512491190434,0.00376605719067552,True,False,-0.6842329400284121,-0.0020828927150357618,0.5662426379233032,0.0018021837840915998,True,False
14.1666525,-1.0546130187222063,-0.001755131302891703,-0.41645963933993396,-0.0010432058518155742,True,False,-0.8235029825264732,-0.003162459004631584,-0.1822629759975391,0.0022721415740402837,True,False,0.12505717420137274,0.0002878951993816206,-0.06567144567816927,0.0012614352905149322,True,False
14.1999858,-1.2705172326390821,-0.003611551192481808,0.5739675499409936,0.004313919614790004,True,False,0.19562973720301643,0.0021355625657068955,-0.8164111222072511,-0.000476839179375967,True,False,0.9664366635050757,0.0015774396142422388,-0.737421827155976,0.0013296156398476338,True,False
14.2333191,-1.081925450831224,-0.0026573157642380356,1.2961456321329707,0.0070300110750046736,True,False,1.1370879143209804,0.004992115861224704,-1.239071818656714,-0.003647576865261698,True,False,1.4986830346842988,0.003048370851333552,-1.1907535132449345,-0.0017205552404668577,True,False
14.2666524,-0.37401228339596104,-0.0025623403068253518,1.3523514782503265,0.008883637177681456,True,False,1.708218469788753,0.0069759812213939535,-1.2806811854092288,-0.00371957339885076,True,False,1.4969974287414336,0.002389713856034986,-1.273397598875286,-0.0016208502660139724,True,False
14.2999857,0.7389646945425662,0.000920560793165161,0.6277996467584167,0.005877140398190836,True,False,1.7716077360935198,0.007108520861946259,-0.945532813551911,-0.005897079801427156,True,False,0.9389099900872232,0.002921740751248245,-0.9892226987389064,-0.0015916653649448139,True,False
14.333319,1.9468501444515574,0.005917485175326307,-0.6532745624957382,-0.0030747588131841024,True,False,1.389614224391569,0.005724876602936823,-0.41118243154061157,0.0021791855409210035,True,False,0.015875712882542026,2.6847843893260314e-05,-0.4828414783751985,0.0013259145855515715,True,False
14.3666523,2.8682740452000832,0.00824484424854601,-2.016948197792318,-0.00944730496908657,True,False,0.7858048840192463,0.003399720717148791,0.0635042998619061,0.00431166733543482,True,False,-0.9358074827689439,-0.0014793259301687886,0.036448279090815563,0.0015940080051167738,True,False
14.3999856,3.2022619651105027,0.005767710333912151,-2.931271246751628,-0.008645000634765147,True,False,0.24271505633007578,-7.885221882012437e-05,0.27258210659786875,0.002232227975172405,True,False,-1.5639482276663523,-0.00408214615250602,0.3934905539444456,0.002434026126948377,True,False
14.4333189,2.832727335039465,0.0023032939957419985,-3.0138089463779894,-0.008332961347491504,True,False,-0.01966559901975137,-0.0006147182032739529,0.15921740163898568,-0.0014731187265729433,True,False,-1.6415841137192002,-0.00494457289961188,0.5172213907458579,0.001115376999526413,True,False
14.4666522,1.8549937835331485,0.005840262232012176,-2.17630556986823,-0.008748323479249568,True,False,0.06831392374421039,0.0024477507001734035,-0.17763000837466894,-0.0025827308406057305,True,False,-1.1591673263476665,-0.0026264162290022806,0.4491375722279694,0.0007618293423651466,True,False
14.4999855,0.5410640188337956,0.004572004198754665,-0.664463875918847,-0.005620168611286097,True,False,0.40881873981951883,0.002974856393834584,-0.5528483839803056,-0.0026843416139858095,True,False,-0.32210668194584974,0.0015889079525034523,0.29560020507945184,-0.0015898438090477358,True,False
14.5333188,-0.7371476836548696,-0.0009933404798742182,1.0186877249007111,0.0028215869731352343,True,False,0.7911866633824901,0.006035778018801206,-0.7872781006020299,-0.0028576489035095375,True,False,0.5456280850359541,0.0025484897215354916,0.16071690371728678,0.0008509985514122908,True,False
14.5666521,-1.6228747460903281,-0.004302599216104569,2.2909182095927574,0.010043819856284534,True,False,0.9862159667829802,0.00480913546816313,-0.7750183099685618,-0.0022113413017803367,True,False,1.1399696861408148,0.002249909395459839,0.10118880319418283,0.0012932680137512109,True,False
14.5999854,-1.903865466582843,-0.004351318822841071,2.715492912824495,0.011308042054614534,True,False,0.8373155087827467,0.0010239573107088831,-0.5087150360720119,-0.00019830716711756577,True,False,1.2894132101035696,0.0029249549919948435,0.11973980547475062,-0.0011775562488890714,True,False
14.633318699999998,-1.5958432455419802,-0.001228781410169147,2.1811917290766814,0.009783950036109428,True,False,0.3192763410712582,0.0039026098917123416,-0.0702439174884022,-0.00342761620224844,True,False,1.0015755671256952,0.0008666611846410272,0.18353118573298102,0.002463987234873471,True,False
14.666652,-0.9282320991709624,-0.0010499223569987387,0.9517455590555376,0.001979786998156072,True,False,-0.44515157255145305,0.0031838500168022556,0.39886559664113175,0.0006821008521231996,True,False,0.4426147920356892,0.0029499559818014225,0.24472341671491352,-0.0020152106999232686,True,False
14.6999853,-0.23633983935289873,0.003617965073823736,-0.444414038405941,-0.007191700209102564,True,False,-1.2149487126951275,-0.0022744452746438727,0.7395817645622303,0.000359756288571057,True,False,-0.13088789447158458,0.0005810419046475864,0.2514514824266839,-0.0007901173455075462,True,False
14.7333186,0.1830431461403813,0.00024057818727530168,-1.4352060687631911,-0.0044124381983480865,True,False,-1.7099762085254158,-0.006267701393475825,0.8263015487649704,0.0016175431293149007,True,False,-0.46614947561350767,-0.0012299708420204993,0.15445264584397603,-0.0007491104166399366,True,False
14.7666519,0.1843672274310274,-0.00016254179444935403,-1.6366986647814483,-0.007576828387837347,True,False,-1.7222017361875528,-0.006962824319206553,0.6151780798264455,0.002230142382416869,True,False,-0.410902445516853,-0.0012290433755834606,-0.0769732078094691,-0.0009153619966113698,True,False
14.7999852,-0.18434918900691719,0.002413051444650369,-1.0006263883934972,-0.00667247077172734,True,False,-1.210785111393234,-0.0031921373818058797,0.17008838667954262,-0.0014180621302859273,True,False,0.020717254982334905,0.0004660819948547462,-0.4268210527754625,-0.0011207266593394746,True,False
14.8333185,-0.7108357063659805,0.0012984342172074486,0.17358311716216188,-0.002528038062518421,True,False,-0.32933242991532524,-0.0003688618338656369,-0.35003645487982293,-0.00015814180507911507,True,False,0.6455263905448929,0.0013465666002062844,-0.8096274339503825,-0.0003001689195189813,True,False
14.8666518,-1.106022149906558,-0.0015540272291785179,1.3649527304357025,0.005531923434307431,True,False,0.6318386777370678,0.004499923056841965,-0.744188550007766,-0.0016847524937599174,True,False,1.1798109734466344,0.003255379305733579,-1.0798228126871303,-0.0027781528178949513,True,False
14.8999851,-1.1294261742718437,-0.0040972002889532975,2.0506447103009977,0.010123691563499092,True,False,1.3604583152525946,0.006198563260243896,-0.8480576136697018,-0.0048239828707439735,True,False,1.3541013085122435,0.0027677356817615694,-1.0880285206916556,-0.0036236470809321458,True,False
14.9333184,-0.706736338503806,-0.002259269328143447,1.9295211032618584,0.008587753105911125,True,False,1.6405463170064487,0.005226270180567823,-0.6102746337997803,-0.005523306479955669,True,False,1.0288675618997736,0.0044326323470149824,-0.7668000012157893,-0.006602085070285978,True,False
14.9666517,0.026679638927491974,0.0010358081175734434,1.0461085803311632,0.0033507037616409214,True,False,1.4250298898847193,0.005280013743735359,-0.12682309831444855,-0.001050555895393429,True,False,0.26330430035773333,0.0007884372813556329,-0.19286575744143092,-0.00022173738546678824,True,False
14.999985,0.7934636744381434,0.005413337682495741,-0.24469941391563652,-0.007427698373147091,True,False,0.8392833677874256,0.0036674110049418032,0.3973853415339278,0.004275527971160058,True,False,-0.6959378767808054,-0.0005334818989621903,0.4280106134604645,0.0008693243985459962,True,False
15.0333183,1.3180763120163803,0.006368362408997937,-1.4474925457431056,-0.009615821767869622,True,False,0.12045313500874388,-7.243610818712494e-05,0.7491351600803844,0.0027919891726322726,True,False,-1.5076912431322123,-0.0036321911405764002,0.856494691128703,0.0022872136074165855,True,False
15.066651599999998,1.456305085918405,0.0012947505708133637,-2.1359727264475965,-0.005849330972000649,True,False,-0.48195654867093835,-0.0051149153114403,0.8125164741521301,0.0036296648836332056,True,False,-1.8740896453984506,-0.004666131989073393,0.9371897701121631,0.0006165161647308197,True,False
15.0999849,1.2348866993236696,0.0008786279299981284,-2.1023783668289404,-0.005966634892042718,True,False,-0.8039342031464385,-0.0036362770980536414,0.6171748220671849,0.0008185462155147447,True,False,-1.6621602267996414,-0.0034290106369411037,0.6672852806916729,9.77004873337042e-07,True,False
15.1333182,0.7991131454796918,0.0016118691197469477,-1.4026986707966895,-0.00447183985306488,True,False,-0.8197780346729736,-0.0016819971961125936,0.307154925517916,-0.000954737308361092,True,False,-0.9543386522726577,-0.0003831273896095062,0.18553232612665643,-0.001145025830341804,True,False
15.1666515,0.32597451657255216,0.0023234395670283896,-0.3124952614710101,-0.004794767915184517,True,False,-0.6284621094897188,-0.0012087013753034018,0.05687718622578012,0.0005439963923473694,True,False,-0.00943570105125593,0.00127479191232489,-0.29985767580551903,-0.0030071200953678723,True,False
15.1999848,-0.04392576754395086,0.0005611603565499691,0.774011539858085,0.0016819666917087073,True,False,-0.39037700793000585,-0.0012121886279033332,-0.015338347855482168,-0.0012347718691035252,True,False,0.8402556230995859,-0.00024002160394503603,-0.6009019417420699,0.0009446638580868945,True,False
15.2333181,-0.24154747156650502,-0.0009411501349929848,1.4756997844638562,0.005479575249292454,True,False,-0.2540782683407288,-0.002220831331291714,0.10624133689193845,0.000729643546493957,True,False,1.3090857151686017,0.004605042853367637,-0.6186060850077804,-0.004737883296842961,True,False
15.2666514,-0.2772951022142066,-0.001565142695977261,1.5568311351357524,0.008102124357577034,True,False,-0.30471373481449526,-0.0038617915786626827,0.3438306225658397,0.003661121516314992,True,False,1.2555804158381447,0.0023339083615277665,-0.37140340187273535,-0.0014468112945868763,True,False
15.2999847,-0.2220339614073992,0.0008638511275216575,1.0138141611333085,0.0037872777432305803,True,False,-0.542642392300438,-0.0019188272782699118,0.5766837755074774,0.002948685248521199,True,False,0.7296617458214407,0.0021458821560909353,0.022660615154423396,0.0008974682331133407,True,False
15.333317999999998,-0.1634873352134458,0.002679132281269127,0.07447569677029538,-0.005100680524859785,True,False,-0.8860493464696295,-0.0025656112875557984,0.6995760844900971,0.0011602543683969504,True,False,-0.047773963827652956,0.0010726650524802157,0.4041282536092397,-0.0003824409984808692,True,False
15.3666513,-0.16093350938956724,-0.0008953925061370642,-0.8923195182371586,-0.0025604692507014064,True,False,-1.19355560166868,-0.0034474333089815033,0.6591073692139906,0.00229360820994602,True,False,-0.7704891420306323,-0.003114203138494943,0.6444963085283641,0.0021346318640234996,True,False
15.3999846,-0.23048601426459234,-0.003579703016765999,-1.5123235669547983,-0.002749622674792855,True,False,-1.3086316338588515,-0.007677005631398529,0.4603924313479009,0.002221335266893709,True,False,-1.1679428250280834,-0.0023835312244062106,0.6960449574974324,-0.0005168202147090893,True,False
15.4333179,-0.36372380958945466,-0.0026113445957518027,-1.532670594869715,-0.0029279703469510614,True,False,-1.1194356459208998,-0.004286954197437561,0.1542487683393457,-0.0001638181239975808,True,False,-1.1117937293333986,-0.0032588817367639675,0.597735849877151,0.0013997814455742358,True,False
15.4666512,-0.544166214396709,0.001989931586461323,-0.9094615777270876,-0.007169478434373646,True,False,-0.6105667459648173,-0.004572903494255127,-0.1835815757928134,0.0008326299555002811,True,False,-0.660350617881957,0.0003055275341008523,0.44179024670039413,-0.0009750164443995974,True,False
15.4999845,-0.7350994521702777,-0.0001284453465348804,0.16047562912133237,-0.0036770642489170986,True,False,0.12029002036589428,0.0017596506985134805,-0.47355648361901,-0.0012242883003783078,True,False,-0.023603730749398314,0.000729614849246692,0.32314506611165755,0.0006669518876358728,True,False
15.5333178,-0.8608223240249196,-0.0022449427518800766,1.2869748963108292,0.006131917728893779,True,False,0.8904240661514526,-0.00010950635800185054,-0.6498501303181444,0.0015825539563331925,True,False,0.5285870476338673,0.0005906884453954888,0.29672285050796815,0.0014074693267460126,True,False
15.5666511,-0.8230785871565119,-0.0019661036874372055,2.0231446813372442,0.00856322940597982,True,False,1.4926509263646965,0.005056332837011636,-0.6755919914691602,-0.003104284432506319,True,False,0.7715727953123864,0.0019666282527451024,0.3570084695013466,-0.0010994327579931032,True,False
15.5999844,-0.558206646223815,-0.004666038840884935,2.05052059232549,0.011147502814747646,True,False,1.7658016945125408,0.004304652303151638,-0.5577550000798132,-0.00223874878053535,True,False,0.6065593479792236,0.001960814615886442,0.4425040603006442,-0.0002456272810219435,True,False
15.6333177,-0.09432912566522371,-0.0005468371038393925,1.326816362913506,0.005956663609424585,True,False,1.6521733494156008,0.0063284617805832374,-0.35364028951488935,-0.0020376559173221303,True,False,0.09488253591057949,-0.00048499479056581776,0.4642866858563321,0.0029489203125494566,True,False
15.666651,0.44028256302055746,0.0005869523040766544,0.11766597932575809,0.000995885395874214,True,False,1.2214176501095158,0.0033599623352855543,-0.15386961732212973,0.003752302767184408,True,False,-0.5623547812554613,0.00029749651474956243,0.3515408080336692,0.0015713562181382814,True,False
15.6999843,0.8712529034751424,0.00487312060958739,-1.1087028532817844,-0.007649767149776074,True,False,0.6474940920613748,0.002819240730482497,-0.04177211299798545,0.00026017803081278176,True,False,-1.0935980544447683,-0.001307990137470603,0.08997666350488802,-0.0010849830048802434,True,False
15.7333176,1.059013250171228,-0.0010596787474261742,-1.875248837187298,-0.005022547079511282,True,False,0.14160992370628936,-0.0032309808177739883,-0.05421786813824456,-0.0004869200257580991,True,False,-1.255932469616041,-0.003524982199341353,-0.27236660035377025,-0.0011767484789185292,True,False
15.766650899999998,0.9539336604759043,-0.00014616299979298392,-1.8894827463495405,-0.006336917019984545,True,False,-0.1337947052397856,-0.002012802486924841,-0.170399446181677,-0.0010403651222504154,True,False,-0.9330580260426925,-0.0028751937456469347,-0.6500961813698043,-0.00037135870246154614,True,False
15.7999842,0.6041838988402966,0.001618715914591474,-1.1567526944691635,-0.005299348901327483,True,False,-0.12974257036274947,-0.0009738171513647755,-0.3297243083160384,-0.0004791239019504821,True,False,-0.19216531353849706,0.00023981323679813385,-0.9524020732970975,-0.0017914394257566501,True,False
15.8333175,0.13186921189616183,-0.0005052049884780738,0.02481942258575246,0.0006225363052868008,True,False,0.07819386405573851,0.0027159708472699095,-0.46032880315263636,-0.0013364927912271954,True,False,0.7321312851290959,0.0017739503787863324,-1.1057983860717626,-0.0006699114692044686,True,False
15.8666508,-0.3046685197133498,-0.0016216124670614047,1.181834055042747,0.0067632734278619735,True,False,0.33288798679475784,0.0012971667765659912,-0.5024342437980656,-0.0009507177156383219,True,False,1.5254050949559799,0.003224143941028458,-1.0689708415283792,-0.001090313130085973,True,False
15.8999841,-0.5575445066689095,-0.0010092312936481132,1.8512471314362307,0.007330249859154595,True,False,0.46363919357756067,-0.0013852478680528428,-0.42221077349846325,0.0001959676921555706,True,False,1.9157331573896426,0.004079190070579352,-0.8462898256300341,-0.0017039341034649322,True,False
15.9333174,-0.538868242921463,-0.0020617104250072508,1.7624053265752788,0.007085477926185724,True,False,0.34880662162624926,0.0001882035270882719,-0.21903457683888441,-0.00087838538116728,True,False,1.7809423583009987,0.004551049507081535,-0.49882607690531766,-0.0021330064966113833,True,False
15.9666507,-0.2589484586560533,-0.0020650065547129924,0.9442205980223088,0.006011789160936761,True,False,-0.03900077181474934,0.002038470145988451,0.06996065393230612,0.0003004050294532346,True,False,1.1990558740372759,0.003074957321061792,-0.13950290440453278,0.0006767409357537686,True,False
15.999984,0.16386697855857266,-0.0021010508089448466,-0.2836157935839177,0.000397966254959465,True,False,-0.6106195215058924,0.00046457682150139996,0.36957910142302985,-0.0013735617142687693,True,False,0.41923858926557384,0.001147218496930177,0.10156640792037867,0.0016162464872840835,True,False
16.0333173,0.5359116044804761,0.0023168920082307655,-1.4337309015288755,-0.007892349243230385,True,False,-1.176141246004545,-0.0030947823963385253,0.5797944015017814,0.001454226346515507,True,False,-0.2409338284660344,-0.001907053452106126,0.1341954928648789,0.001630900897350716,True,False
16.0666506,0.6622711292997021,-0.0010799953098665936,-2.0431745915963253,-0.0057036151857902066,True,False,-1.5112166682273553,-0.00787717564078281,0.610649518331357,0.0030510625947788904,True,False,-0.5322579464710401,-0.001959288011226936,-0.04383034107065623,-0.0002748944822381731,True,False
16.099983899999998,0.436357244942465,-0.00021375790899859644,-1.8585548775647807,-0.004821290688733427,True,False,-1.4554781741350091,-0.006918088052281786,0.4302714603244736,0.0028270472500565957,True,False,-0.38303628305186516,-0.002091744554488973,-0.33780644842758367,0.0008596491069502385,True,False
16.1333172,-0.09346235037433707,0.002870373200087355,-0.9414778112246324,-0.007215410766871213,True,False,-0.9923841954530395,-0.0029044398821864346,0.0974539926176796,-0.00014355191465607788,True,False,0.07276179987680766,0.001426839111608096,-0.5914501717470749,-0.0014835121400259637,True,False
16.1666505,-0.7151675984260419,-0.0011643081276435535,0.34575491642595985,7.777164590953159e-05,True,False,-0.26283948605608143,0.0013191923384576832,-0.2494445291571983,-7.904771487663874e-06,True,False,0.5617313577057176,0.001382565652929284,-0.6492868039407242,0.0011100357239014948,True,False
16.1999838,-1.124815649643002,-0.005399026561884146,1.4754179930955982,0.008935382683125761,True,False,0.4941884630092278,0.0033123312050668987,-0.44978611772862814,-0.0036602095080922,True,False,0.796370381405377,0.0029432748767983987,-0.42133418012371765,-0.0023676654309959166,True,False
16.2333171,-1.0651847176706581,-0.0036820107766147607,1.9684113496619844,0.009063730677464138,True,False,1.0380029330565848,0.002913660670957992,-0.3965218799587523,-0.0011235002625979101,True,False,0.5980648063815842,-0.0008800829692484965,0.07373037807740816,0.001748451556008941,True,False
16.2666504,-0.4644559935129592,-0.0041828851055624346,1.5999753611114151,0.010107506614409265,True,False,1.2124069858795168,0.003547610352329737,-0.09023078843557737,-0.002500923464899476,True,False,-0.0328106086269825,0.0005742099795369452,0.7062712242032408,0.0007274923936839065,True,False
16.2999837,0.5097445634622296,0.0011976393356861459,0.49928895296381837,0.0010743869027830064,True,False,0.9934175683087514,0.004611994253263818,0.3584761875394635,0.003258811056800107,True,False,-0.9176591363548166,-0.0016621189449725982,1.280878477759555,0.003825755322076071,True,False
16.333316999999997,1.5186946449236525,0.006962924863670038,-0.9069760181993133,-0.008437430237259696,True,False,0.4916181575084305,0.0026955654723876477,0.7793215596589678,0.0039606571493768,True,False,-1.7630280408893513,-0.003615662833035956,1.6135678231547452,0.005233301887982139,True,False
16.3666503,2.2019124853471026,0.005513749919351484,-2.075399096021512,-0.008497437448270785,True,False,-0.08813234444386887,0.0005957405044489534,1.015354987518362,0.002428430386011437,True,False,-2.2657559189713776,-0.0049133167842199165,1.6054912537594361,0.0030952120892178536,True,False
16.3999836,2.3162409679616145,-0.00039395535639846085,-2.5581605664594345,-0.0060557488592045934,True,False,-0.5205214665131883,-0.0020312463898716146,0.9783157385729964,8.635293341908243e-05,True,False,-2.2276307951440972,-0.006759097181319561,1.2761425178030954,0.0024579761928999184,True,False
16.433316899999998,1.7992898420358887,0.0016144912308723657,-2.156720148005343,-0.004949355543441505,True,False,-0.6454701963608614,-0.002369142280199429,0.6674988303378534,0.002012466814652074,True,False,-1.6355762200701938,-0.004245533258276098,0.7426444839211033,0.001716197653768641,True,False
16.4666502,0.7656359785214588,0.0027129193451054428,-0.9787974922299364,-0.004494679096522524,True,False,-0.43293148188127395,-0.0015829557792717546,0.1617002449863677,0.0014785635054162076,True,False,-0.6681942925081544,-0.0003758489353206621,0.16347379791334266,-0.00016935348705898306,True,False
16.4999835,-0.5235259282789113,0.0034697593617912257,0.5960555679945855,-0.004477006460428785,True,False,0.0025399257550906234,0.0006938590433733863,-0.40220863400546153,0.0002716444579435667,True,False,0.3778519935161105,0.0016798079313533223,-0.32069499951453556,0.0004975954446640612,True,False
16.533316799999998,-1.713684849968669,-0.0021463019172495586,2.0314677913347743,0.0049846778798575565,True,False,0.4467434114968434,0.0030398115045448355,-0.8643504164306429,-0.0031327573583529635,True,False,1.2042723980063887,0.0004318301875516365,-0.6250000077447592,0.0009236424725698764,True,False
16.5666501,-2.4600491901182164,-0.007833656484454362,2.8178966170539352,0.013563292672975435,True,False,0.6731561448101949,0.002960211136850477,-1.0922513715803992,-0.0037584985128102564,True,False,1.6147878011623489,0.00301635982759994,-0.7326085548667207,-0.002269086856557993,True,False
16.5999834,-2.568065198931081,-0.007481635294158335,2.677966653961616,0.01375904041894129,True,False,0.5374172344887265,0.0016564697259948062,-1.031623589995639,-0.003758337085814151,True,False,1.569328880782546,0.0032017438093011083,-0.6886677073820202,-0.0021727015479075266,True,False
16.633316699999998,-2.093269162266709,-0.003986430229890535,1.7000338881507842,0.007731585887714661,True,False,0.04279708159803544,0.003521845095514117,-0.7307153364256007,-0.0014379395718602654,True,False,1.1798092789065138,0.0009957519863041412,-0.5787404212714674,0.0008457653285447341,True,False
16.66665,-1.319390453547265,0.001820754218271174,0.3130635709506789,-0.005217666971731149,True,False,-0.6486964389194875,0.0008942403243582922,-0.3211427338641949,-0.0014572731711309669,True,False,0.6547841374772723,0.0007123989303460997,-0.4906381954135924,-0.00012631723763772864,True,False
16.6999833,-0.6142848165856374,0.002272335898980726,-0.9018421986027256,-0.008805725653505948,True,False,-1.2707559564814204,-0.004753235352658665,0.038547304776106364,0.0014402956199216115,True,False,0.2134173333413713,-8.205812810079339e-05,-0.4727714825997521,-0.0014912718135392312,True,False
16.7333166,-0.2515781633560847,-0.002351792252420907,-1.4683740000932624,-0.005250409607252846,True,False,-1.5613343632585712,-0.007492345259664001,0.23124351638693763,0.0008574941169692648,True,False,0.00044334595200632766,-0.0012869467713367388,-0.5125038780874891,-0.001167274169505817,True,False
16.7666499,-0.29731165315317526,0.0004778554656078329,-1.2112380891193042,-0.0041194758375364465,True,False,-1.3807332089191358,-0.006309165509873154,0.2302180871476848,0.0027371321496657943,True,False,0.03379329583857508,-0.0015042755024210156,-0.5443874396887383,0.0005273847544102652,True,False
16.7999832,-0.6001149365267837,0.0024397283794493434,-0.31228637568191653,-0.005136859289693892,True,False,-0.776503294308505,-0.00030723358489055143,0.10483057232084295,-0.0017808605379433535,True,False,0.2059504437756405,0.00016234653319390286,-0.481297446970855,-0.0015187478400458755,True,False
16.8333165,-0.8679398499049641,-0.0010341437581469464,0.7776429438274425,0.001186571561183448,True,False,0.0423229032184182,0.004046164561774215,-0.020566626110033195,-0.00013885438213035822,True,False,0.3411801672030549,0.001637600677738374,-0.25809379397897103,-0.0013288441320606637,True,False
16.866649799999998,-0.7995261827177567,-0.0012881566412795856,1.5279106870899428,0.005190732505281317,True,False,0.8031533071492873,0.004390304640963569,-0.03254205441851086,-0.001078663805090088,True,False,0.2836637525611445,0.001220970835049919,0.12702855031021534,-0.0016059009184549952,True,False
16.8999831,-0.22875252458636589,3.130841694776255e-05,1.5499625586213337,0.006679322164663181,True,False,1.2814567392873626,0.003248252022459485,0.11567354420056511,0.0012555663121763202,True,False,-0.02779652566011902,-0.0028030392265068482,0.5969175181838051,0.0026741929158816506,True,False
16.9333164,0.7784388470089197,0.0007520256996267242,0.7669296873834749,0.003619727461335476,True,False,1.374192681288417,0.00445913288812776,0.3840923476871533,-0.0006795709861523457,True,False,-0.5326023291140048,-0.00020858825678676446,1.0204433035729028,0.00069718316891268,True,False
16.966649699999998,1.92886809927365,0.004886346836054748,-0.5447949396739374,-0.0029930785909516224,True,False,1.1186077444109601,0.005354786196798339,0.666211630414903,0.004100214735233026,True,False,-1.0716784201267187,-0.002092711121734465,1.2656287902434846,0.003374533726991378,True,False
16.999983,2.818731039519265,0.011117622909916806,-1.8673406652874502,-0.01317288737059141,True,False,0.6652851368933101,0.0038169193077273707,0.8367722912339279,0.0022593229093272127,True,False,-1.4449391783886374,-0.002632834718399766,1.2502409301457562,0.0006397887420468113,True,False
17.0333163,3.1102225755836814,0.007748136222426714,-2.658787436973435,-0.011056870017969803,True,False,0.21841457723069485,-0.00023216366582883084,0.8035964079671178,0.0027159538788601133,True,False,-1.4856753154749969,-0.004062507590297658,0.9661428500376555,0.0015096904797303472,True,False
17.066649599999998,2.6771521595982666,0.0039805228255326095,-2.5769096097909143,-0.008656027280976515,True,False,-0.041196441962106096,-0.001035904395789913,0.5403136871786928,-3.123406608923982e-05,True,False,-1.130833683485385,-0.0033567873428725606,0.4738612038042327,-0.0009632642289892852,True,False
17.0999829,1.6509446444250533,0.0049956690448548354,-1.6155224823228045,-0.008282924855661851,True,False,-0.024327560344044208,0.0014813622599821926,0.09127042203272173,-0.0007751750759842151,True,False,-0.457225792840291,-0.0014697697075553248,-0.1206720991455825,-9.40934751675257e-05,True,False
17.1333162,0.3638393186097202,0.0032784121452079265,-0.10989886522550306,-0.0038677555767585403,True,False,0.23515692866866283,0.0011782752013223844,-0.4429221706454705,0.0003354180577664722,True,False,0.3398268526404216,0.0021153852258094085,-0.6927555573529645,-0.0021147576453508644,True,False
17.1666495,-0.7722052127726815,0.0004628831744535245,1.383056984098421,0.0021839132774192707,True,False,0.5961190952879089,0.002185791419236917,-0.9277835980936162,-0.0023459002979616455,True,False,1.020554441391357,0.001485466897498385,-1.1230707022475612,-0.0007241052833710111,True,False
17.1999828,-1.4115671124552915,-0.0024076491902856453,2.2922098907254673,0.008827485015282162,True,False,0.8628696978567544,0.002635699892029851,-1.2236873201146348,-0.003190625706279578,True,False,1.393000366298898,0.003336587586853638,-1.323071480790024,-0.003970273920714145,True,False
17.2333161,-1.4053711891879261,-0.005308617204650446,2.25906585803981,0.01219832815787768,True,False,0.8559521926798771,0.001162254340398519,-1.2238920842848477,-0.0023796193407565115,True,False,1.381973251702688,0.00281768947313694,-1.2637196235826234,-0.004627130649025434,True,False
17.2666494,-0.8616979964129766,-0.00034529078754938806,1.2918342069174193,0.003013658205316723,True,False,0.48263224702691515,0.0032015609500766168,-0.8964191830862319,-0.004582727608440987,True,False,1.049008230295215,0.0017194468059493772,-0.994791697815348,-0.0018885537081799702,True,False
17.299982699999997,-0.09220712438359,0.003938329938681621,-0.23037436577238835,-0.0029460194571372263,True,False,-0.212466642280154,0.0013894391317660593,-0.31279665881342883,-0.0012010508503206706,True,False,0.5600761823874004,0.0013510797852551413,-0.6331230685778136,-0.0012745059802427466,True,False
17.333316,0.5378534283698683,0.005672224212703249,-1.7118514817546957,-0.012615482169075393,True,False,-1.0404606099858156,-0.0006211099556476384,0.35736082009325926,-0.0014451362824678597,True,False,0.11629783366308558,0.0007416379182222473,-0.31481656996439195,-0.0017075555010249092,True,False
17.3666493,0.7710880418412881,-0.0008259349025095524,-2.5793249776760816,-0.006859349302271773,True,False,-1.723963282119224,-0.009303801631074369,0.897690682953539,0.005062652498334641,True,False,-0.12626895345514466,-0.0013326605489976354,-0.13352648007035192,0.0004524667160327026,True,False
17.399982599999998,0.5430551284160268,-0.0005075598377877144,-2.497174767585425,-0.007920215672005144,True,False,-2.006405649144651,-0.008200628089647784,1.1298633203480437,0.003255178529894129,True,False,-0.11821563150993249,-0.0016112517433306934,-0.09709405947760148,0.0008507418769833032,True,False
17.4333159,-0.027124626292374308,0.0011479777859336427,-1.481650797419316,-0.006022784053851608,True,False,-1.7666642565575452,-0.008118916816477785,0.9929634108865542,0.004308822191176026,True,False,0.0673705953410548,0.0019124109790797335,-0.12679106604276652,-0.0026900222576822044,True,False
17.4666492,-0.6989724482385927,0.0020986263696333323,0.10838186241323444,-0.003848577943005938,True,False,-1.0771540357255949,-0.002822072698097532,0.5733827271927071,0.0008182325030306112,True,False,0.2756516918117904,0.00130499547488217,-0.10329117501074724,-0.0006448946053888998,True,False
17.499982499999998,-1.1909844787999588,-0.0027266286578177964,1.6933627307793124,0.00621837985673814,True,False,-0.17382114903435053,0.001136519135715688,0.06594313797140024,-0.0010966267620486892,True,False,0.34702150636920515,0.0011384282174753716,0.06493639272862105,-0.00026643415359088097,True,False
17.5333158,-1.2742549547154538,-0.002006638889623666,2.677686539763161,0.009863037666978734,True,False,0.643035924712148,0.0020245280995436405,-0.31508910054348627,-0.0012154826071356488,True,False,0.1892884050289746,-0.00017215976323315104,0.38936668523887696,0.0009928254842567113,True,False
17.5666491,-0.8666473421261961,-0.005395169132273009,2.676726093460503,0.014437581791825322,True,False,1.125663975022611,0.0026244971643361236,-0.43087128174686407,-0.0034821143359795377,True,False,-0.18609484414441843,0.0007570665452303888,0.7895093403359655,-0.0007427310582941535,True,False
17.5999824,-0.08464993021932656,0.0019264134347109268,1.677829533597026,0.004746233393885368,True,False,1.164423607848544,0.0035715130996278014,-0.27360320362725277,-0.001494681875686624,True,False,-0.6708435391708645,-0.0016108963417802472,1.1237216256293785,0.002550375969019843,True,False
17.6333157,0.788373440557924,0.0010612504303197682,0.05890094703328953,0.002283372018817074,True,False,0.8168823522386353,0.0029774378511199513,0.04156871794992331,0.0038980783593231872,True,False,-1.1013378430094782,-0.0017674098993037232,1.252074186093315,0.003748709584453455,True,False
17.666649,1.4131848786763337,0.0046823674273488635,-1.5522296816355687,-0.007094499292972541,True,False,0.2775950627341742,0.0004030644671032625,0.338915818885869,0.0004957328358293682,True,False,-1.3193062292722504,-0.002255549957375342,1.1058949946489092,0.002828290070842607,True,False
17.6999823,1.5314994029086917,0.0017584086484986568,-2.522162088827432,-0.00959734894482832,True,False,-0.19969299618606415,-0.001454896294276982,0.4603784666705882,-0.0008964511378849461,True,False,-1.231061842408298,-0.0031186031703329957,0.7254966690033635,0.0010407661643180679,True,False
17.733315599999997,1.064998100847201,0.0019483587125089256,-2.4600917741974047,-0.009820003129790963,True,False,-0.40205680052054016,-0.00306564143819452,0.3228740631228008,0.0003522377404113991,True,False,-0.8434722176207212,-0.0021951822159484787,0.24032321039349103,-3.073089551050575e-05,True,False
17.7666489,0.1413784236195831,-0.0011965658035961815,-1.3702554684696333,-0.002275078474612559,True,False,-0.24273105166139275,-0.0032718346502939007,-0.055955170809509056,0.0018005793269370595,True,False,-0.2610179467535585,0.0015279452900461116,-0.19634669201399907,-0.0021687160252186265,True,False
17.7999822,-0.9516646098917765,0.00054639847810435,0.34961422324117,-0.0010811961082477087,True,False,0.20422349636217604,0.0021874666669560506,-0.560071917786228,-0.0024167387784169245,True,False,0.35516989762611456,0.000989627319699318,-0.4757165451845308,0.00027491204490981424,True,False
17.833315499999998,-1.86449881440508,-0.004371172011240235,2.0607479005077045,0.009079806654695644,True,False,0.7356502867128913,0.003287969255138478,-1.0072266985821228,-0.0013199197513269472,True,False,0.8446087019685226,0.0010187944447862733,-0.5655987410333864,0.0010190223173680807,True,False
17.8666488,-2.309741933104791,-0.006585093084729593,3.129109686697525,0.015912481334323384,True,False,1.1011216802250268,0.0020012284749484875,-1.2110726426393943,-0.003355443124107695,True,False,1.0947744017987981,0.0010872252317284347,-0.5002706029085379,0.0006504776842884884,True,False
17.8999821,-2.174235440886063,-0.006672969230352496,3.171485149537481,0.013727741844416384,True,False,1.0982130584580716,0.0019502597514982946,-1.0573787191038801,-0.005429464553443309,True,False,1.0682921062193376,0.0032487252819762267,-0.35318323012800534,-0.0027531049355786984,True,False
17.933315399999998,-1.5664163765053996,-0.0022774853756082165,2.201737399765674,0.007937563186763422,True,False,0.6494299342154227,0.0029016052810296854,-0.5629737019235809,-0.0027013742531139143,True,False,0.8119830857446949,0.0022942119046921224,-0.21401774754141326,-0.0005084795322218882,True,False
17.9666487,-0.7649909383259667,-0.0005774159355292256,0.6149868379861642,0.0036858650256455434,True,False,-0.15787019209631797,0.0019583959776495585,0.11630642187578569,0.0023863567966858775,True,False,0.4443458385106078,0.0008618429314296039,-0.16474013252552125,0.0020031953723696093,True,False
17.999982,-0.09057362482356246,0.0008209929197206863,-0.9794930065831084,-0.005452568230010501,True,False,-1.0842831869075102,-0.0010663421715255467,0.7418598128259069,0.0007952542194604827,True,False,0.11474744108703504,0.00021540016805014837,-0.24501958678670407,0.0009348451950307741,True,False
18.0333153,0.23133927426226172,-0.00044713018520742715,-2.0009674989895627,-0.006689165414952464,True,False,-1.8149912397557249,-0.009213292389070165,1.0906172216952306,0.0038043124403884902,True,False,-0.05810489171761043,-0.0009316911466972999,-0.42275019840310324,-0.0009519852000813992,True,False
18.0666486,0.15095609200733529,-0.001076171640829855,-2.11530359128277,-0.004999837755843434,True,False,-2.0840339105761125,-0.010228881350990461,1.0511907614639022,0.005315096172009888,True,False,-0.04153159357232371,-0.002453068554575209,-0.5972301396398104,0.001345725545622208,True,False
18.0999819,-0.20448827984529266,-0.0008740074451368392,-1.3480400229002834,-0.0035965948174901466,True,False,-1.7907608635255734,-0.007076536098797771,0.6752095886279595,0.002705211064790869,True,False,0.09464138751555431,0.00100977163126174,-0.6423195831954956,-0.0014376226221950136,True,False
18.1333152,-0.591053436075144,-0.0012381465054187148,-0.06093877652955665,0.0007016023433069719,True,False,-1.042751574661307,-0.00151216866100671,0.1568166644546272,0.0005871358039806292,True,False,0.21675650564925705,0.002547471572681261,-0.4708494899346433,-0.0020539927480367516,True,False
18.1666485,-0.7383990295912791,-0.001901899523172013,1.189068751327705,0.007107988287271037,True,False,-0.10037088868314757,0.00390349990830223,-0.25742865992290515,-0.003147088964237537,True,False,0.20171380870445568,0.00016097709543133352,-0.08706400341156069,0.0011895621105738705,True,False
18.1999818,-0.4432216401488716,-2.7808468489068762e-05,1.8555448370045682,0.006426380833101848,True,False,0.7400482522585496,0.0030659357712657753,-0.38756120060540095,-0.0023870431657499534,True,False,0.00034495482439326336,-0.0007619567960127243,0.40504618624972305,0.0020871309352052613,True,False
18.2333151,0.3548084563590765,-0.0007119197592126759,1.6037278155946555,0.008007433698634674,True,False,1.2572711248844586,0.0012978092614605533,-0.2055362487271246,-0.0008576307095216775,True,False,-0.3449788858063147,-0.0021957731147249056,0.8448426174510054,0.003000387057870872,True,False
18.2666484,1.5333748375771858,0.0020826888548978652,0.4408058499537635,0.005061595843044183,True,False,1.3651688939486035,0.0041619828237860965,0.1596107244872866,0.00143398303355041,True,False,-0.7252843745532709,-0.0012065921334917962,1.0833376400394112,0.002202474819218249,True,False
18.2999817,2.8020418129627758,0.003063973096024133,-1.2710407872405185,-0.0006513043427803807,True,False,1.1190628376671092,0.005721575836544354,0.49713092098346623,0.004652492932175781,True,False,-1.0075136749282252,-0.0011345511580771953,1.0404306967212364,0.0026117629281572677,True,False
18.333315,3.7811708810058478,0.007764056909623487,-2.932429318111904,-0.00987013386901158,True,False,0.6848250491540758,0.00436503507217514,0.6243991767152339,0.004587659934089841,True,False,-1.0775741985661755,-0.0022464487024961015,0.7308366450258598,0.0019451880546513694,True,False
18.3666483,4.131300679080018,0.009953822274711002,-3.9238762078319556,-0.014738544608148404,True,False,0.2790784063076314,0.001196642543413056,0.4679283071714078,-0.002049993134359162,True,False,-0.8800293072788934,-0.003850878306524649,0.2563662875176644,0.002273156201683503,True,False
18.3999816,3.684744053584985,0.005614287795401571,-3.8433814828525605,-0.012152684334428692,True,False,0.08705871697723527,-0.002577029639453226,0.07733632677878544,0.0009556192706528081,True,False,-0.4462294645946855,-0.0023975048333139937,-0.23088062000047707,0.0003841121692422022,True,False
18.4333149,2.5172687412868346,0.004506841711420735,-2.6669312648697554,-0.008986026821551925,True,False,0.18385476100937365,-0.0003375414111279297,-0.41750619237314884,-0.002111475855145267,True,False,0.10803345615324855,0.0028594803776229075,-0.5850636813339221,-0.004014565020638449,True,False
18.4666482,0.9259176469356548,0.0016781501769431906,-0.7642494823858338,-0.0014284924504696377,True,False,0.49959810534455934,0.004174136853980713,-0.8664295324850955,-0.0026747695640403565,True,False,0.6228746201277809,2.7495955697668735e-05,-0.7202458256292954,0.0010389350047285452,True,False
18.4999815,-0.6740187216228241,-0.002080906030236873,1.2366252829977606,0.006960333552450284,True,False,0.8515050733358783,0.004357689416288762,-1.1439554293616727,0.00046022520970684074,True,False,0.951757674582911,0.00012352134548139848,-0.6316315649027281,0.0017792327369960217,True,False
18.5333148,-1.8902273251682977,-0.004986633497278948,2.6824971944794327,0.012821429688019288,True,False,1.0252492622487748,0.0037842773963068957,-1.1721864991489443,-0.002859473501287931,True,False,1.007843141297321,0.0012500855366802427,-0.37880004574538667,-5.178163072772584e-06,True,False
18.5666481,-2.4819583883509506,-0.004608679433988666,3.135884113470639,0.01004391083830979,True,False,0.8635432149440916,0.0011445571053042335,-0.9321650118144523,-0.0034995948983437544,True,False,0.7895876954436503,0.003035901063357691,-0.05715203254646991,-0.0031701403159305748,True,False
18.5999814,-2.4313562398601065,-0.004970979088544687,2.53337367731045,0.01200893312085052,True,False,0.3287430045717002,0.0016952182906958232,-0.471829908634743,-0.0010432859061209174,True,False,0.38441718198857106,8.27868995092835e-05,0.22413088858942876,0.0015249190916399257,True,False
18.6333147,-1.9350693046597407,-0.0047297232051371025,1.2058537490270498,0.00820526929884698,True,False,-0.4733813618061906,0.0022148549918292494,0.09692486253183454,0.00016809229375712884,True,False,-0.05727405225855884,-0.0019845076591216513,0.3692868274265896,0.0038027612304459453,True,False
18.666648,-1.322832877389053,-0.0024794081373184593,-0.2469855638246502,-0.0024465875708614016,True,False,-1.314955035718983,-0.0024398225904141693,0.6241290944108905,0.001689238502705953,True,False,-0.377148554644905,-0.0008320714773560178,0.33392275083128836,0.00055420849467523,True,False
18.6999813,-0.930846915410684,-0.003744109202074175,-1.1886436541441645,-0.0028003511408857817,True,False,-1.9179165756121184,-0.008696510382221374,0.9688285978920731,0.004196521934573041,True,False,-0.46983718008284603,-0.002014272089929822,0.14780630196764888,0.00022912136505133808,True,False
18.7333146,-0.9690631114126043,1.9809317370008122e-05,-1.2022400511361093,-0.006535434002416946,True,False,-2.062620682716105,-0.008633811443831978,1.049853540053324,0.002686337212159151,True,False,-0.3205038944336648,-0.0006981831288743686,-0.10131605258936181,-0.0010504613930353245,True,False
18.7666479,-1.4276924057899658,-0.0022566844545722146,-0.26869860197286455,-0.003381286131943293,True,False,-1.6862295610882048,-0.006778338294521254,0.8773894917902471,0.0033624521910247777,True,False,-0.0055900050307727146,-0.0004447473795112149,-0.3110179260000581,0.00010725844709424973,True,False
18.7999812,-2.0660470563199786,-0.004083574687433181,1.2137698673958963,0.004977866256543588,True,False,-0.9156279164514408,-0.00081944231199398,0.5494781428433712,0.0015972572545616915,True,False,0.33879666154544297,-0.000125661349887201,-0.4042511635980384,0.0008548811829552308,True,False
18.8333145,-2.5035399243113288,-0.005908759569094555,2.587923043400665,0.01172680468338749,True,False,-0.014140351013269598,0.0007190604908125049,0.21253765243604048,0.0009008040803343029,True,False,0.5670948682604453,0.0009459972601247624,-0.3506597295355432,-0.0010607406574417177,True,False
18.8666478,-2.386276639190045,-0.005793115047168883,3.2144480722629933,0.01409029216891094,True,False,0.7291125526844348,0.003607956302907812,-3.562981632151092e-05,-0.0005729817838333979,True,False,0.5765427415798032,0.0010995916504315314,-0.17233171080110468,-0.0013213189963153836,True,False
18.8999811,-1.5587772823850363,-0.006578583375462838,2.749434080299964,0.014266274079372525,True,False,1.1123806006578396,0.0038323243020514453,-0.026708771522161178,-0.002480398588282859,True,False,0.3451442619778237,-0.0005331935626727633,0.06311698838342564,0.00147900674849251,True,False
18.9333144,-0.15836488015408898,-0.0014606730469896132,1.2981144301199627,0.006884968518298044,True,False,1.08974049616992,0.004202406137942144,0.09400877521052456,0.0007390758978734784,True,False,-0.05649847718615412,-0.0006216536297964084,0.2647254047819273,0.001581138818691806,True,False
18.9666477,1.4215874558117754,0.0027944403022141123,-0.626542190208036,-0.004542746440325,True,False,0.7730279889970394,0.0026262090696090334,0.24437859767787698,0.002064332556930813,True,False,-0.482321563709996,0.0010412545995503674,0.34938447689764096,-0.0006244622867143908,True,False
18.999981,2.690838811008618,0.0083939776135922,-2.3225465940584633,-0.012911548176666085,True,False,0.3721510383127885,0.000501342460747715,0.28920480775281965,0.001754938710232058,True,False,-0.7543405404647789,-0.0014231676999979673,0.2670625501179473,-0.00021082749493009449,True,False
19.0333143,3.266736451258592,0.004047776042246776,-3.191746032917421,-0.009682435580659147,True,False,0.10029811148023927,-0.0009174310402432244,0.14426519049382222,-0.0008034537716715664,True,False,-0.7282704018849486,-0.003853876519935089,0.014807200024608164,0.0011531292858148784,True,False
19.0666476,3.021941884352624,0.005295899132529736,-2.972324164022078,-0.011049974921650952,True,False,0.08343807839121498,-0.0001793478547469359,-0.18406231868432113,-0.0009735083013457087,True,False,-0.363426308279729,-0.0009338632517468054,-0.3556990892580333,-0.0010750202592271234,True,False
19.0999809,2.1143780123716085,0.0029598419670527616,-1.818748129209494,-0.005114718197711876,True,False,0.31171886634512935,0.00041451503137515644,-0.6007471440969081,-0.0008418392679942966,True,False,0.23989913095907617,0.0011588587248755554,-0.7392274970228756,-0.001146713119023215,True,False
19.1333142,0.9054361490626449,0.00032111018426796487,-0.21552822878374595,0.0010484541683655093,True,False,0.6517038388929577,0.003715850660989932,-0.9578938508122192,-0.0028338954440985885,True,False,0.8650482891944781,0.001132594335681035,-0.9964258506144694,-0.0003752286046791381,True,False
19.1666475,-0.18541706364552193,-0.0003695262105616864,1.2239697006807744,0.004881724069925876,True,False,0.9102631074763575,0.004943554042683183,-1.1100580041522654,-0.005413838288446047,True,False,1.259769676588381,0.003755428229682129,-0.9955130384918792,-0.0032736543706020508,True,False
19.1999808,-0.8320426890272946,-0.003200570134720687,1.9896845055348542,0.007798849946906274,True,False,0.9177358993383715,0.0014697814369252836,-0.9708694555325919,-0.0015037697096277,True,False,1.238019813631895,0.002616537114965094,-0.6675142494852652,-0.0013375770461582157,True,False
19.2333141,-0.9084491842448643,-0.003069713047408716,1.8529908546162812,0.007439704440850007,True,False,0.594201347620697,0.0013715535659824304,-0.54884819439869,-0.003267136385472004,True,False,0.7609991046979203,0.003116184850810249,-0.0525075836537146,-0.0017800767975887587,True,False
19.2666474,-0.5157162748365501,-0.0021305606595174516,0.9314587644519579,0.004246633950166352,True,False,-0.020753690134216414,0.0019249617421828351,0.052485151115517326,0.0009494331644000083,True,False,-0.03600823088465536,0.0010575222175962455,0.6917956196340118,0.001534813919062264,True,False
19.2999807,0.08076276347408186,0.002941790047543209,-0.37710052449862197,-0.005055214505555532,True,False,-0.7768583101067049,-0.0015119327370718548,0.6683735371096304,0.0013992817445693275,True,False,-0.8861688869071191,-0.0008967157478286871,1.3341122869690234,0.0019275699511399939,True,False
19.333314,0.5753347929787586,0.0016474860105016316,-1.5605295937139763,-0.00582718550845546,True,False,-1.457621329228826,-0.00429079751919824,1.1252190712627705,0.0032007817763047243,True,False,-1.4913791345513705,-0.0037229866886840835,1.652714906050227,0.004076776591406564,True,False
19.3666473,0.7467317353235574,-0.0008783374283829131,-2.188953220754677,-0.007092850765521291,True,False,-1.8526381121434106,-0.007113084979120278,1.292255958096497,0.0013664103676867424,True,False,-1.640393728584133,-0.002537725327632378,1.520747410068158,0.001900120275227211,True,False
19.3999806,0.5301970285183475,-0.000541318447944062,-2.066923382595074,-0.006801215377800284,True,False,-1.834879168813056,-0.006876697371838198,1.1179651150573364,0.0044653772675609755,True,False,-1.2920699217753948,0.0002007455580167532,0.9555792629431934,-0.0005364377949515247,True,False
19.4333139,0.027201268177647606,0.0022451263972555315,-1.2937031655163143,-0.007245415663273642,True,False,-1.4090506611241618,-0.0025929131435062317,0.6447041790228576,0.00013239869449433237,True,False,-0.5886192813776714,-0.0007323091032671768,0.11602872414508313,0.0012685541858162132,True,False
19.4666472,-0.529882831178012,0.00040145922591112846,-0.2193235396969763,-0.0013092900897045056,True,False,-0.707883353515076,-0.000591948567248977,-0.0007306842236525101,0.0003586594989612817,True,False,0.20006747470409028,0.0020822152171258083,-0.7440188415973329,-0.0016239640158717881,True,False
19.4999805,-0.8509539874083006,-0.00019753937704763874,0.689624517272307,0.0013753492259243017,True,False,0.05897668057829172,0.0005477123780459959,-0.6399551443873381,-0.0016193215012092657,True,False,0.7748759909120465,0.002971728064044828,-1.3502288836461098,-0.0034123434060000213,True,False
19.5333138,-0.69870268933812,-0.003095485148179298,1.0344326017046994,0.006344163345257072,True,False,0.6775998416437679,0.002392924951438055,-1.0931570139989135,-0.002686996587833093,True,False,0.9160699806945957,0.003568024749201752,-1.4962403116579739,-0.0028624951980568006,True,False
19.5666471,-0.008729012841471458,-0.0003287434619139012,0.652641164516774,0.003033085622207207,True,False,0.9975151301875199,0.004631656149692146,-1.2352613931211414,-0.004305026897290512,True,False,0.5684168497768622,0.004145654005585093,-1.122623804480469,-0.0042245290049143635,True,False
19.5999804,1.0408321765604645,0.0014022813881338456,-0.30232196530876015,7.750026555761471e-06,True,False,0.9773936129477334,0.0049026428338775335,-1.0421773894101762,-0.0036331436373361822,True,False,-0.12894173853278879,0.002324304934727275,-0.35382629972775304,-0.0021072308392733156,True,False
19.6333137,2.0633403994158352,0.006193338125891473,-1.4128540766613733,-0.007194202393005456,True,False,0.6965210019435008,0.004333512618680693,-0.6076416911556256,-0.002298617122259903,True,False,-0.887274305254585,0.000795496474164162,0.5330372282664444,-0.00046481292256358786,True,False
19.666647,2.60368129586783,0.006177879212667078,-2.1653539223464713,-0.008984065294480073,True,False,0.3241842210098146,0.002195559622294396,-0.11614847534620247,-0.0004326260684945809,True,False,-1.380646144436042,-0.0026493054732645294,1.2088326083529353,0.0037842487375906973,True,False
19.6999803,2.3282655050255157,0.006729022297084836,-2.165339188515624,-0.011022776962634904,True,False,0.05187907218668281,-0.00026769577654193327,0.22554176406490423,0.000784688701583983,True,False,-1.384610521111278,-0.001239956072790124,1.427167145642381,0.0011599535592757462,True,False
19.7333136,1.181353733861241,0.005705959186647792,-1.3073577014942175,-0.007013866411584605,True,False,0.011855467687743678,0.00224078948460998,0.27554128012109885,0.0006670904358169397,True,False,-0.877788509139859,-0.0005233796536664536,1.1315448511276323,0.002953535687106743,True,False
19.7666469,-0.5638278655783373,0.0018072641629703515,0.17396182032659777,-0.0019483731488782541,True,False,0.21664599847447621,-0.0014956418324654937,0.02766139863750469,0.003705307648464581,True,False,-0.05428347987907311,0.002002201686621208,0.481372450420601,-0.00011114151778283637,True,False
19.7999802,-2.391475872727246,-0.0018538476949476923,1.7963336945789763,0.0043497726926423124,True,False,0.5487088459498177,0.004374562232338888,-0.36896797708217033,-0.0012837615499426344,True,False,0.762091580073852,0.005087200025429934,-0.21785250375421422,-0.002197299210464061,True,False
19.8333135,-3.744052922159817,-0.007988628946884667,3.0303509220309746,0.013221423284451419,True,False,0.8094379268250008,0.00412185116490552,-0.6615587990525981,-0.002183659804756124,True,False,1.2615013204171237,0.005539441360542194,-0.6491803109449825,-0.0034276981884497912,True,False
19.8666468,-4.255550755813579,-0.009204334613230223,3.522458122414324,0.015176743388804339,True,False,0.8098679318249962,0.004715819819569004,-0.6045045750141025,-0.0020916975982645807,True,False,1.281515966351466,0.0037038323843034326,-0.6216521301102994,-0.0002814159532826219,True,False
19.8999801,-3.902592989925704,-0.004024983207712833,3.235893074845137,0.007792102918725334,True,False,0.4631193526428164,0.004569931069046401,-0.08168038749118318,-0.0023836629586088194,True,False,0.8710004644265911,0.004112918587894288,-0.15007498291086177,-0.0017324027741789075,True,False
19.9333134,-2.9894542710716006,-0.001658364443847109,2.4390608360690424,0.0045051329367464385,True,False,-0.16468654253276505,-0.00011385315174093833,0.8196282051691625,0.004036726913233965,True,False,0.2629952791542883,0.0021696952574023955,0.550375506594678,1.4501311562185674e-05,True,False
19.9666467,-1.9749515410039107,0.001895320362143562,1.5513964125498274,-0.0009027905116024907,True,False,-0.8696350029947603,-0.0010425910151143196,1.8213256297332503,0.0044438622378683845,True,False,-0.2258787746471098,0.0012082801884443026,1.146640517002009,0.0015199161764551448,True,False
19.99998,-1.2404686165443202,0.002363958743804487,0.9336846411907528,-0.0017658301123820996,True,False,-1.3860259871517806,-0.0049418626427628785,2.550883657688823,0.008635805477037408,True,False,-0.3289293495521774,-0.0008004961792795259,1.3181980645342237,0.0035775846749122315,True,False
20.0333133,-0.9235249180439656,0.0014176536506946083,0.7312681465379504,8.66341338755377e-06,True,False,-1.4916641264058663,-0.0030818096845452907,2.682678437351506,0.006633439074488268,True,False,0.054810804599238504,0.001646433165926227,0.8908142726230383,0.0005410650101764245,True,False
20.0666466,-0.8926154625396497,0.0003658827706217983,0.838866564832049,0.0018081732361845029,True,False,-1.1001374431039606,-0.0041362207444637445,2.070547547057095,0.008178383424840587,True,False,0.8094996742624447,0.0019019019468069305,-0.07843050273852288,0.0008996998575449167,True,False
20.0999799,-0.8570647832452524,0.0002405394941342798,0.9870355703072351,0.0021083108271166954,True,False,-0.30400461125913086,-0.0019013470471135616,0.8222304412871078,0.005093370795283696,True,False,1.6397192329832362,0.003559784729007908,-1.3021499703744293,-0.0012773568037265084,True,False
20.1333132,-0.5389884017861062,-0.00035406373159099417,0.8925694643000619,0.0038190378612392027,True,False,0.6507590320209826,0.002429223974476788,-0.7186905201702869,-0.00024584040804753114,True,False,2.184680962623047,0.005238839618114584,-2.3562911830936764,-0.0034820391430086736,True,False
20.1666465,0.1862318564621863,0.004195024463055448,0.3942323583153653,-0.0019693868589556484,True,False,1.4552775461067664,0.008766607614111693,-2.0898541390843195,-0.008304158160544493,True,False,2.1676346215510915,0.006061879595984911,-2.8412229409391068,-0.0060044369212345515,True,False
20.1999798,1.2457468815295556,0.005433872508268062,-0.48613709257538845,-0.004339979022929164,True,False,1.859258005052403,0.007986507584356494,-2.8874976574517723,-0.009770571990523256,True,False,1.5206005407663368,0.004611074881125074,-2.553922880547174,-0.006868084474423151,True,False
20.2333131,2.4269612628935433,0.010309902971618974,-1.5726993210109077,-0.01146963353469274,True,False,1.7668897703140345,0.006920477238887897,-2.9239275991562534,-0.008513857668418834,True,False,0.4257052723281029,0.0015844343275243822,-1.59236826519691,-0.004135046732443407,True,False
20.2666464,3.487570830802863,0.009176218507129656,-2.623965159381836,-0.012113861115651117,True,False,1.2599379003378586,0.002387099590893202,-2.2863964453238323,-0.0035113952827696055,True,False,-0.7545551562886932,-0.005385985001864723,-0.32720903793751166,0.004868104618861445,True,False
20.2999797,4.249099895274108,0.01231712294918694,-3.4258881771039094,-0.017403173279645714,True,False,0.5422988878406206,0.0010465314026663391,-1.2729017030404732,-0.001956338957944199,True,False,-1.6295807843689871,-0.003489771774573166,0.7579505672183758,0.0019293738654048687,True,False
20.333313,4.629597883120035,0.00675186053060718,-3.845017681556021,-0.009489939091852015,True,False,-0.15711286744508324,-0.002482907256800357,-0.24797782166979931,0.0026422604420430853,True,False,-1.9399903979893391,-0.005047385291799362,1.276739854197316,0.004210287470490344,True,False
20.3666463,4.6194324748843325,0.011710963775252967,-3.8318250935076716,-0.016065048217905723,True,False,-0.6715500095374054,-0.0007316762179839849,0.5048289573648611,0.00045741666065467147,True,False,-1.6494001782009202,-0.00446504622786232,1.0953604060562516,0.004395834415763518,True,False
20.3999796,4.240042879607087,0.011283878711616778,-3.39858951785524,-0.015568316410334453,True,False,-0.9380602682630523,-0.00451136744724698,0.8700223352563905,0.0055993197398946735,True,False,-0.9383857987599242,-0.0013908863702154668,0.37089935738700436,0.0001550619462633055,True,False
20.4333129,3.52053145790038,0.007126268569398456,-2.6010274938791373,-0.010205191419940024,True,False,-0.9874712941180575,-0.0012966684154224906,0.9019477229222878,0.0003989875058675038,True,False,-0.11844130024898192,-0.0024079255623618056,-0.5280463637259055,0.0015859190766991783,True,False
20.4666462,2.4974033359746177,0.003532661041043048,-1.5317886835555852,-0.0047810392210615,True,False,-0.9013564094898151,-0.0005611482684193663,0.7571686729979576,-0.0014979166661456143,True,False,0.4905402827349638,-0.0010672980466297209,-1.1757518566108736,5.937763843409764e-05,True,False
20.4999795,1.231141309253593,0.0041306464273415016,-0.3207096959299148,-0.004656231665505849,True,False,-0.7662537793294443,-0.004394403139411263,0.603264956204752,0.00359799607311106,True,False,0.6740992295951383,0.0004115837165350902,-1.2581954085379135,-0.0018149683301050862,True,False
20.5333128,-0.16427180223435828,0.004363342366429778,0.8631037881238495,-0.0047733430804798044,True,False,-0.649443212690086,-0.005082901495759571,0.5547172661635611,0.004009690295264013,True,False,0.3940836236832712,0.000560696276781396,-0.6973986031293933,-0.002213436745250853,True,False
20.5666461,-1.5010521782826411,-0.0016581770606514587,1.8215760523194122,0.0032499184820931957,True,False,-0.5964300330016328,-0.004739003250644772,0.6546371425675215,0.0049587584315489595,True,False,-0.20685886856364472,-0.0035084662346864335,0.3179918147545655,0.0038788371736950765,True,False
20.5999794,-2.547858346918257,-0.007355819793331266,2.372871799590327,0.009906943082631493,True,False,-0.6284724246304096,-0.0006812660528831194,0.8799681332241075,0.0009702191579912819,True,False,-0.8728428286591773,-0.005398939256198502,1.4173788289108682,0.006903725629317638,True,False
20.6333127,-3.1203075641127853,-0.009945670795363609,2.428163714534962,0.01142480438071419,True,False,-0.726454855875162,0.001440988998786851,1.1445367835646194,-0.0021841103084347386,True,False,-1.3462064164638028,-0.0054683789048627345,2.2121599049429697,0.006847979754009751,True,False
20.666646,-3.175742293640468,-0.007285232144186174,2.0510441887816855,0.006536008139707686,True,False,-0.8178031245965692,-0.005598197703107297,1.3082300377523823,0.006740648071075182,True,False,-1.4683748046922886,-0.004133170530359877,2.4545986322823765,0.005269854268309062,True,False
20.6999793,-2.83504127260082,-0.003900858951011043,1.443121849793241,-0.00030004919465457754,True,False,-0.7952288588175904,-0.0037194689793030146,1.219011867460281,0.003135179966739356,True,False,-1.2260956860483727,-0.0057034700699411115,2.117737858619597,0.0073783805820166306,True,False
20.7333126,-2.311028684818916,-0.0036261529624597253,0.8512556650127139,-0.002465974559348062,True,False,-0.5696451205619092,-0.00516850304812745,0.7859807661247119,0.004874588478024191,True,False,-0.734626030045138,-0.002399787301512831,1.3765331912139827,0.002249711198918049,True,False
20.7666459,-1.7997386013169983,-0.005728461877643576,0.4554317686244023,0.0021740255448057166,True,False,-0.12473085886907291,-0.002082554084102549,0.04142890102733706,0.0011349502310532805,True,False,-0.17791015339671623,-0.0018343718042281125,0.5175593076033804,0.0017253401354492496,True,False
20.7999792,-1.4099318425393212,-0.006271150811502939,0.30823810582905675,0.003334197262075082,True,False,0.46409470683523435,0.002234275976068319,-0.8528290095664051,-0.004137118990770015,True,False,0.26341080309630555,-0.0032554721518353214,-0.17412688259798706,0.003790559929310906,True,False
20.8333125,-1.1593077785462629,-0.005346794397234793,0.34922820417447703,0.001794233656831887,True,False,1.0570871933028914,0.004348011028728807,-1.6635431600881319,-0.007142210559759021,True,False,0.46960936236264317,-0.0018878799059474892,-0.5069942649252961,0.001577291688487175,True,False
20.8666458,-1.011721652988551,-0.004123432943625059,0.4637973729111091,0.00034120956117223805,True,False,1.5033857103256976,0.0030287806262200103,-2.1749184478199366,-0.005823433377074376,True,False,0.4141757115276539,0.00038143962208758063,-0.43524406904145874,-0.0014960185531891713,True,False
20.8999791,-0.9167626429136492,-0.00569308001725446,0.5441552585611965,0.0035486471936015617,True,False,1.6889282906817666,0.0020971450264830297,-2.2593614626588896,-0.0038441910962349174,True,False,0.16976875302614927,-0.0011452439328065612,-0.06905986045497602,0.000655284009599745,True,False
20.9333124,-0.8321653828018127,-0.0038001752000386,0.5293506482185948,0.002356015461619347,True,False,1.5635776882750896,0.005642338081393595,-1.903805661205325,-0.007060430673206405,True,False,-0.11699420335769738,-0.0030945502526123596,0.36470087169771603,0.003467354574837718,True,False
20.9666457,-0.7286525617926154,-0.004994396790536683,0.41769876285405483,0.002495864428216491,True,False,1.1505360524739963,0.0022042644283030498,-1.198309651750144,-0.0022456680451539567,True,False,-0.28267084320292346,-0.0022530492656254856,0.6120368942335803,0.0023032372798457864,True,False
20.999979,-0.5858636245984038,-0.002582741773168476,0.2523704124601452,-0.0014058809065839394,True,False,0.5423021882202297,-5.283053541972935e-05,-0.3049324608290495,2.3827719312801442e-05,True,False,-0.21639028179390443,-0.001965626467432393,0.5000117034752896,0.002042718383141209,True,False
21.0333123,-0.3914376084865801,-0.005894126656691486,0.09112115966658624,0.0025432048635998473,True,False,-0.11851935844486762,0.0001639967335828406,0.5807034005948588,-0.0019804871176465513,True,False,0.09085421649350543,-0.0031844151133191985,0.012732297130362273,0.0032850832481997657,True,False
21.0666456,-0.15023580554499263,-0.003627448481376667,-0.020606117808775498,0.0004911557619930941,True,False,-0.6735580658378134,-0.0033661758124630334,1.2696172865598703,0.0029038370690470773,True,False,0.5405928603822535,0.002339525172475757,-0.7007266887135113,-0.004574814593570209,True,False
21.0999789,0.10362689098651222,-0.004275129768014615,-0.06060333326018045,0.002477829488738246,True,False,-0.9927961184180227,-0.004602995441070101,1.6219369264308368,0.0046067989023113815,True,False,0.9678137099029395,-0.0009287225859919825,-1.388342414419544,0.000737005509387439,True,False
21.1333122,0.309095762976994,-0.0038913467938777994,-0.028399981697025112,0.002682103233807956,True,False,-1.017800978451129,-0.005740321025141139,1.5891408709391677,0.00534111543903834,True,False,1.2098200596529975,0.002640153642372637,-1.7968667048970637,-0.004280770609958049,True,False
21.1666455,0.405109692850186,-0.0010727393862103324,0.056563738772370045,-0.00048367059886834067,True,False,-0.786907340910866,-0.004557307211367506,1.23817261846093,0.003795012895791258,True,False,1.1725325762491527,0.002812101534779593,-1.7699015797528461,-0.00508542774696,True,False
21.1999788,0.372208273427613,-0.0006647612651599609,0.1521290660496661,-0.0015785555790293513,True,False,-0.4248973790198169,-0.003235284422905526,0.7333800803550239,0.0013539863727703048,True,False,0.865916272915652,0.0006823383273436184,-1.3048681965138909,-0.0022323821990184907,True,False
21.2333121,0.25892773541467307,-0.0030371183668751406,0.19665443166865768,0.003292461017377175,True,False,-0.09298555854330579,-0.00035487920123755326,0.27127216181998914,-0.0008974849770272735,True,False,0.39300367189183966,-0.0007100170556441379,-0.5456470311435291,0.00035830363899947554,True,False
21.2666454,0.16461650946415898,-0.004543266409089217,0.1324553039677679,0.0038128501718235454,True,False,0.08339246621529375,0.0008561573158622537,-0.006275678088423706,-0.0024177765765948473,True,False,-0.0999610735614597,-0.0007386194677434283,0.28406003014114395,-2.465867913255634e-05,True,False
21.2999787,0.1837574191024982,-0.004578329975689221,-0.05766756893868217,0.003988318116405473,True,False,0.07471510919766129,-0.0012338444485694578,-0.07674874867963935,0.0007116332443436156,True,False,-0.48259548627537974,-0.0008728439597877024,0.9680401274396675,0.0011666589364255696,True,False
21.333312,0.35385519281239863,-0.001288777472168225,-0.331535607145015,-0.0012360969759482865,True,False,-0.0378705110294201,0.0015707871203815673,-0.04424182076066945,-0.0043490609131811376,True,False,-0.6787055756958863,-0.0015192549753580754,1.3612838700408632,0.0021045083746693448,True,False
21.3666453,0.6466522198599568,0.0008315102747919909,-0.6091904833433693,-0.004422212499127864,True,False,-0.10584190244149908,-0.004178987127050561,-0.08150456584513976,0.0011795777317581732,True,False,-0.6732200931956072,-0.0005842203290744157,1.4103189463461685,0.0001466190869993894,True,False
21.3999786,0.9999780881777743,0.0008390357998298235,-0.8210845289889561,-0.0032614806496512093,True,False,0.002710707359020504,-0.0038737384275771385,-0.3292621184162399,0.0008501042706819462,True,False,-0.4961006043145398,0.0012380513024077536,1.1383238672079985,-0.0016526918111006532,True,False
21.4333119,1.3510729989766677,-0.00097686082128408,-0.9423731906362914,-0.0003597415484295753,True,False,0.3218055766384369,-0.0012819345854462646,-0.8002124877284993,0.00043517036057983386,True,False,-0.20099160078749959,-0.002119383808421716,0.620150831483529,0.002782748877427827,True,False
21.4666452,1.641703969978424,-0.0013052033599604352,-0.9869653108377674,0.0016124640679810688,True,False,0.7573627000361473,0.002801374474264789,-1.3448929436933799,-0.005468501236712966,True,False,0.14720464737355976,0.0006591177486069645,-0.032049552260087724,-0.00047523066582266885,True,False
21.4999785,1.8067690974364525,0.002702432564353498,-0.9752448623399625,-0.004078628324082628,True,False,1.1278279319447682,0.004011918362408274,-1.7102469362587556,-0.007602756138571022,True,False,0.47773215248223805,0.0011507037796876364,-0.6791964520237619,-0.0025110034522593775,True,False
21.5333118,1.7786038487284515,0.003556199392049349,-0.9102618948064802,-0.003989499634925794,True,False,1.2513322666987179,0.0014981696145485472,-1.664656630618357,-0.004099958961881864,True,False,0.7241709475736249,0.0038213637857450722,-1.182850679822978,-0.007193259564969268,True,False
21.5666451,1.5153564595635478,-8.146761419118322e-05,-0.779003262979856,0.0007775302254460101,True,False,1.0322659141558312,0.0048481136579660205,-1.120925412573809,-0.006963855451396185,True,False,0.8406856794873274,0.00021416347663541792,-1.4466365928311895,-0.0011264968446967156,True,False
21.5999784,1.0313771324692607,0.0009450122963016984,-0.5691506258310335,-0.0012309406859913493,True,False,0.508252956685012,0.0012030077859604062,-0.1929036198598438,0.0001227899426488477,True,False,0.8132947818692999,0.003059276353059026,-1.4424160755973274,-0.004239324104014356,True,False
21.6333117,0.4090691625659412,0.0005506462575181425,-0.2882750425227665,-0.0013333785590935571,True,False,-0.16133288469226062,-0.0019356090202070134,0.8413774072758418,0.0023901512190721793,True,False,0.6601208739855401,0.0013546571230606274,-1.2068771897330823,-0.002623437174949555,True,False
21.666645,-0.21260106800078601,0.0010220619709284656,0.022099609355115145,-0.002679076312139325,True,False,-0.7619189757160564,-0.00470370756712729,1.6526217482490753,0.005387364057236737,True,False,0.42401570458728227,0.0025067342505561948,-0.82220590355597,-0.005302371570901021,True,False
21.6999783,-0.6760274580838234,-0.0015990491965302799,0.2900174842521619,0.0011106460392204618,True,False,-1.1170316636274054,-0.00481632411202657,1.9972995958060777,0.004186558426988792,True,False,0.16002967660701617,0.00018927888543387986,-0.39319473821905204,-0.0012838832654228397,True,False
21.7333116,-0.8695832467584175,-0.005617190256733877,0.44568831621273564,0.007582190769764541,True,False,-1.1645775050403273,-0.006198174343867149,1.8185707781916733,0.0074034464909618885,True,False,-0.08202509242360746,-0.00030353574233181555,-0.017695301776600086,0.00026524864760743983,True,False
21.7666449,-0.7934446470518731,-0.0026167769129019375,0.4695315088872882,0.003360901774257697,True,False,-0.9795416387648404,-0.004302979557944354,1.2690660562482758,0.004490245279305804,True,False,-0.27346530545582903,-0.0008895102689572759,0.2460291699890786,0.0013209230543552535,True,False
21.7999782,-0.5764014723659192,-0.0007954551051134042,0.415246533200524,0.0011023575392154971,True,False,-0.7313125942781342,-0.0021001384678050006,0.6421504887008936,0.0011795786750359455,True,False,-0.40958873840728605,0.0020343237960343125,0.39280097968743866,-0.003995443684751354,True,False
21.8333115,-0.413199921427065,0.0007320919006026679,0.37871643335541216,-0.000730380975269135,True,False,-0.5941423624446895,0.00039077739845287673,0.23304364757742774,-0.004336360488141749,True,False,-0.4978314475936611,-0.00046560213729568314,0.4520138983548295,-0.0009897677798527452,True,False
21.8666448,-0.4517091427629092,0.0032124720762935566,0.43037615148857566,-0.0031841300010082424,True,False,-0.6543147747006992,-0.0024793687799765443,0.1909409865779203,0.00027090404845048704,True,False,-0.545943868627952,-0.001985195715760999,0.4591221209094475,0.0024109429902789384,True,False
21.8999781,-0.7044463008981666,-0.0017279706174354516,0.564139027897865,0.003751772551375731,True,False,-0.8624067721576198,-0.002723098340676894,0.44079790451397527,0.0010019963535965468,True,False,-0.5628513989718815,-0.001395898936141327,0.4464063053156676,0.00142786582476629,True,False
21.9333114,-1.0464024292222704,-0.004874764899239685,0.704269444103338,0.007511347646596009,True,False,-1.0559737948558152,-0.0024377096766210627,0.7210682644503513,0.00044488023765080413,True,False,-0.5646640324450257,-2.0490219099519898e-05,0.44795956934191467,-0.0013382401509407108,True,False
21.9666447,-1.296083281788766,-0.004006054473885656,0.7613005347920322,0.0055082854530110375,True,False,-1.042063832748835,-0.005677704988548615,0.7208970076155125,0.005108885303289573,True,False,-0.5705183311843736,-0.0015358718059268858,0.49336851362538137,0.001822468573965051,True,False
21.999978,-1.314849698434424,0.0023953649585393773,0.6866702271488545,-0.004729309136456428,True,False,-0.7007864174439209,-0.005701809214980846,0.2498826489579885,0.005704390770123788,True,False,-0.5874532805843468,0.00025705112577062786,0.5859749598255458,-0.0010890376950898049,True,False
22.0333113,-1.0628094931552403,-0.002325768957937586,0.48835574351809397,0.00272376982542227,True,False,-0.05784714732121885,-0.0019593339655546984,-0.6469777828165807,0.001144793667696627,True,False,-0.5978640896499504,-0.0008161238900617256,0.6864191994417013,0.0011511617457887844,True,False
22.0666446,-0.6036482239011343,-0.0011493180715797574,0.21704078180742653,0.0020553710600938408,True,False,0.7168862577560962,0.006981085291007165,-1.6981896066087783,-0.01081174101844764,True,False,-0.5629846218153355,-0.0012997226710612594,0.7215662455692886,0.001390134767024523,True,False
22.0999779,-0.08043493051718581,-0.0006381675143521768,-0.05054609811380205,0.0022382574788203683,True,False,1.3873595986604572,0.00532964640497119,-2.538710442021254,-0.008584005936598926,True,False,-0.44503931182398754,-0.0012057375832215237,0.6215134413007666,0.0019124974698697822,True,False
22.1333112,0.3305288791023717,0.0007525441652937814,-0.22907160394983567,-0.00044373615885097694,True,False,1.7584662881131916,0.0090795321203845,-2.883440618846073,-0.010638715974430713,True,False,-0.23578388147307625,-0.001997354192211953,0.36569614383051263,0.0032745404987561664,True,False
22.1666445,0.48998794235735377,0.002745957312530977,-0.25617413681855455,-0.002635463554615694,True,False,1.7493372568696899,0.002641446808410499,-2.6348235762391434,-0.0017818481331367529,True,False,0.029789140050039086,0.0007018415504257987,0.005842759339495762,-0.0008939596634452558,True,False
22.1999778,0.37067869298850686,0.004697706868019521,-0.13293887134598,-0.004282633818607046,True,False,1.401836209034698,0.001979798648749018,-1.8796356143020558,-0.00024101212091103894,True,False,0.2876947276441958,0.00265256172069969,-0.3549107720342927,-0.003051866472756413,True,False
22.2333111,0.09173247203633614,0.0013205265756485339,0.05698549478011283,-0.0002500370888932808,True,False,0.8409994236875288,0.003934377886846694,-0.8148641335304749,-0.0024491663204642953,True,False,0.4775347390587225,-0.0009205861177031629,-0.6127689878637489,0.0022156908999492147,True,False
22.2666444,-0.12710861131382492,-0.001748032662839274,0.1778663550077421,0.003286196035257513,True,False,0.2255845040894456,0.0031905319175663614,0.3265233634005293,-0.0014676584617133116,True,False,0.5687806293646392,0.0016986363695099928,-0.7068192348763258,-0.0017833404684877783,True,False
22.2999777,-0.0825187019872023,-0.0011659569394029882,0.11552947863363276,0.002466751391474847,True,False,-0.28977582471625124,-0.001593118178226249,1.3172602809930214,0.005555200554886886,True,False,0.5660413871361538,0.000810386714049946,-0.633493853183932,-7.45250699406786e-05,True,False
22.333311,0.29057600967965225,0.0015766617341432421,-0.15044987051558303,-0.0020113834407643155,True,False,-0.5841329071925958,-0.0011273492789855384,1.96168116127857,0.004005001563831793,True,False,0.4972681584260881,0.001268429370478798,-0.43644154435870824,-0.0015343581579388603,True,False
22.3666443,0.8684634039612723,0.0027472945447139544,-0.523499555399631,-0.0026762857797690215,True,False,-0.5969637233265398,-0.002039222602761232,2.129514227948986,0.006774187851054372,True,False,0.394001693936861,0.0011025363220154767,-0.1802499256764258,-0.00026320543284539735,True,False
22.3999776,1.3887207656115839,0.0011439553532316433,-0.8294300092687281,0.0008370573456032517,True,False,-0.34609780874180196,0.000280212363552671,1.7978179401774845,0.006516951070358351,True,False,0.2707994700608546,-0.0022134372539634427,0.0868019149757117,0.005421893418298699,True,False
22.4333109,1.5746690776250798,0.007336755664209285,-0.8981715074801643,-0.008033926313736787,True,False,0.07172068894570664,-0.0001580888949090124,1.081530127438005,0.006313689776786918,True,False,0.11533389707480822,0.00013156072767639694,0.3616737067276729,0.0015525506655831183,True,False
22.4666442,1.2760826649575054,0.004896141821942001,-0.6524217235244538,-0.005236339769096831,True,False,0.500594894893775,-0.00029660041225107556,0.22518061686945154,0.00283549893688727,True,False,-0.09676801792368585,0.001478908969665672,0.6748853434622593,-0.0013032233262203772,True,False
22.4999775,0.5563742105136721,0.0013984889121970556,-0.16042827512241867,-0.0011196160166908713,True,False,0.7664597122584809,-0.000508353546108889,-0.4650289414887769,0.00177976794790903,True,False,-0.3646442401199869,-0.00014312250519036255,1.0329592023281635,0.0014353274998237897,True,False
22.5333108,-0.32578125628514876,-4.939048565389371e-05,0.3830877091390668,0.0011348705521182242,True,False,0.7385601591237888,0.008873615888131976,-0.7408507779918334,-0.00974957732494748,True,False,-0.6311683493039689,-0.0009687315147790077,1.3622286730803614,0.0026704804335391384,True,False
22.5666441,-1.0358113115944918,-0.0034046946851952306,0.7468694501138753,0.004854031335049706,True,False,0.3946868293436093,0.002753614028313194,-0.5316173661175437,-0.0009498858322277098,True,False,-0.7897778136599031,-0.0024283478958508375,1.5118981019714812,0.004529241469767338,True,False
22.5999774,-1.3194957195479096,-0.0021897262525332594,0.7773162593246465,0.002995258868249311,True,False,-0.14975163715804832,-0.001497595554778466,0.012183190361513663,0.0024909939019837984,True,False,-0.7318399752204574,-0.002343237373201858,1.3244572770920569,0.0040136421849112985,True,False
22.6333107,-1.115020108347119,-0.0018582762223969386,0.4745928901133159,0.0013973222680252987,True,False,-0.6814302106803658,-0.005733328740062562,0.5910457409562138,0.007381987728297678,True,False,-0.4063815579446372,-0.0005030002651160093,0.7278718287662865,0.0014368917417439335,True,False
22.666644,-0.5695685623069364,-0.000242595864255151,-0.008556639741570553,-0.0015389450006976421,True,False,-0.9832106801740231,-0.0016288180513630967,0.9033468088559515,-0.0004017895735710402,True,False,0.1427556569784234,-0.0011356761523021424,-0.20679007749742395,0.0015889559791768286,True,False
22.6999773,0.03954396441432197,0.0025588332773471855,-0.44150439949262116,-0.004600083441516806,True,False,-0.9299566882804764,-0.004969883030925146,0.7805963148376188,0.004330825933128558,True,False,0.7813149160681153,0.003978975785774995,-1.2715701238447346,-0.005913114365579885,True,False
22.7333106,0.4348245785074486,0.0005013890269753754,-0.6234447124654353,-0.001571049082007731,True,False,-0.5397024731100059,-0.002260871995473653,0.25067185075252774,0.002365094979214926,True,False,1.3259743659065286,0.0012957880640716121,-2.1829234125008816,-0.0014674845093863916,True,False
22.7666439,0.45792127998204507,0.0020260419418557055,-0.4724953187342743,-0.0031868487680081574,True,False,0.03618564808309271,0.0004650734084572236,-0.4831248485536191,-0.0019216121648122412,True,False,1.602278972430005,0.0009530670973566956,-2.6666993800449923,-0.0010272884472925128,True,False
22.7999772,0.1298551956265046,0.002131023069317864,-0.0598776065957426,-0.0032376709549298928,True,False,0.5749552826058548,0.0018593727720746728,-1.130733866748958,-0.0042071842110326585,True,False,1.5011715563841357,0.0034941756934339816,-2.5438490277680503,-0.005832879866198017,True,False
22.8333105,-0.3680322141642735,-0.0009182548955155634,0.4222293849699092,0.0015497041704220743,True,False,0.8701533198969708,0.0025483272149130166,-1.4356959126379594,-0.003996370424054162,True,False,1.0252580962872135,0.0045985130015152,-1.808378668542113,-0.007621962174113461,True,False
22.8666438,-0.7832195003918806,-0.0038891778141430847,0.7471813053981171,0.0061973489088051475,True,False,0.8097356159323362,0.00474776402930395,-1.2763772212242634,-0.006613091012349428,True,False,0.3087187375546591,0.00026636473273893696,-0.6692654261299283,-0.0008397924051521799,True,False
22.8999771,-0.911204270091889,-0.0007806092750917171,0.7580476082430134,0.0009734538869253688,True,False,0.41339792218851185,0.000576200504329118,-0.7038826522654709,-0.0011832397910312056,True,False,-0.41526259024550816,-0.001370648786989092,0.494891517203025,0.0014845952938282165,True,False
22.9333104,-0.6858847421163368,-0.002291010617170413,0.438072156798616,0.0024764315528925294,True,False,-0.18566953927279015,-0.003413286693212331,0.09732519169489946,0.0033543971013406983,True,False,-0.9032877228564851,-0.003808583681503685,1.2803401071656288,0.005383489319408616,True,False
22.9666437,-0.19881074552690753,0.0002825503054053533,-0.08730495615055806,-0.002126013755003559,True,False,-0.8033444440420884,-0.004050719793831529,0.8991512138767468,0.003439559619437398,True,False,-1.0069815958063923,-0.002299144208717064,1.4351828470233297,0.002505284958132113,True,False
22.999977,0.3533232568684419,0.0016440150309432805,-0.612264036003448,-0.004179365739554348,True,False,-1.2768980940474064,-0.0027214709712404125,1.5156311903041182,-0.0012766823163092391,True,False,-0.7372623839825752,-0.0014797960774835357,0.9703247901868615,0.0009685440462172347,True,False
23.0333103,0.7598158806933696,3.6612331995422494e-05,-0.9408833487821692,-0.0014878525207036447,True,False,-1.5128588740440372,-0.006695911025174506,1.8445178204002428,0.006221254292852846,True,False,-0.2545645724230154,-0.0015267814964911306,0.14787546863159357,0.0016797632679543244,True,False
23.0666436,0.8824600096742516,0.002981001128670913,-0.9641708800490874,-0.0061003980676340675,True,False,-1.4983426880151616,-0.0038175427319366018,1.8660171216937065,0.0031311059724395724,True,False,0.2074814067447953,0.0014071864635622805,-0.6409605604620217,-0.0028992252418492933,True,False
23.0999769,0.704404075399085,-0.0009270898029526886,-0.6955411248819912,-0.0003501468249058491,True,False,-1.283368395637028,-0.004168244536879413,1.6212775914249569,0.0022621320774146216,True,False,0.44759654190245174,0.00242010162877761,-1.0494790478885325,-0.005172760506075184,True,False
23.1333102,0.3283477317752524,0.0012783219572801506,-0.25639017622081334,-0.0028175051873980234,True,False,-0.9482895463286029,-0.004075957059005108,1.1858353165350954,0.0025723740331839587,True,False,0.38137773616066656,0.0015492424665958906,-0.9210607409621105,-0.0038688498617907735,True,False
23.1666435,-0.07031722321312708,-0.0005421576663036578,0.17952669518882275,0.000994331753878621,True,False,-0.5700393293271429,-0.002104969715349738,0.6445242342340936,0.0017790916914097548,True,False,0.062353347095413424,-0.0031497388424425797,-0.3347763650938092,0.0038581183863364414,True,False
23.1999768,-0.31701436548501616,-0.004113776736723332,0.4610047444964756,0.0059433080736792975,True,False,-0.19715382033937162,0.0013934358670327552,0.07103113685112654,-0.0039632188533039875,True,False,-0.36666983801328407,-0.0010899108894347005,0.4666684204313177,0.00033883250299703894,True,False
23.2333101,-0.3095637848600543,-0.0022297315964292636,0.5213013720228488,0.0027990343224339772,True,False,0.15953913930682773,-0.00030354594894284516,-0.48625025279660145,-0.0024009769490424006,True,False,-0.7529129621888747,-0.0031522108434936225,1.207956357291793,0.004192961761560565,True,False
23.2666434,-0.0534023673454094,-0.0004305023080555508,0.39420551210438737,-7.039951339753298e-05,True,False,0.5158775759507358,0.000999166853238183,-1.007121448733988,-0.0035362297622825592,True,False,-0.9918364259207544,0.0001763308137902738,1.6858212146070783,-0.0010368164752195437,True,False
23.2999767,0.3583561035172735,0.0015186926728692637,0.17464674305527997,-0.003076362525376092,True,False,0.8872295689902004,0.0022884313771799657,-1.487329623272186,-0.006788989548305268,True,False,-1.0424417495517713,-0.0018484064760335946,1.8072521141705167,0.002156031026850704,True,False
23.33331,0.8003659166517494,0.0004662521797416583,-0.04579696966922981,-0.0005558574108502695,True,False,1.2615806912691356,0.0049439404393266115,-1.9172892042854037,-0.007269751351502618,True,False,-0.9148151070633072,-0.003321712711082631,1.5805149099831528,0.0048547816764091,True,False
23.3666433,1.162392107901278,-0.0004966232619785963,-0.21947286654534612,0.0018185781862875288,True,False,1.5892834188932676,0.0054720921178772735,-2.2628882310205056,-0.0072456133502066655,True,False,-0.6535417586032961,-0.0009747683006810877,1.0925554293099513,0.0005109378890099991,True,False
23.3999766,1.36322268132135,0.0002362718269800042,-0.3358906864611148,0.0015609039094865084,True,False,1.7938601000510073,0.004595324283423401,-2.4570138485521187,-0.0067314038477600474,True,False,-0.32456513768991424,-0.00040824435661685,0.48219580753436947,-8.862858293096059e-05,True,False
23.4333099,1.3432834150413488,2.88463159303288e-05,-0.38818695933339015,0.0007690724561959729,True,False,1.798450030700981,0.0069676820612163985,-2.4104514994240103,-0.008400314535416472,True,False,-0.0017210439027330476,-0.002219659713958188,-0.09545961699773851,0.001974009464836564,True,False
23.4666432,1.0640013726294486,0.0008284252883699408,-0.35216617667452327,-0.002635812599963996,True,False,1.5592045749058172,0.006535328713142977,-2.047649459169469,-0.008262182702304114,True,False,0.2490736748066392,0.0012511494138620822,-0.5098930861364818,-0.0026563439328371216,True,False
23.4999765,0.5260684828686344,0.0005470940735244948,-0.19734278108877934,-0.002369117452780487,True,False,1.0929642001314237,0.0037313619706783128,-1.3566875091310717,-0.006321414477915248,True,False,0.38711267964527296,0.0011983130637369785,-0.6917060191201639,-0.002676649658649016,True,False
23.5333098,-0.20760015610832225,-0.002096539984074219,0.08457337936639245,0.0010483875373862109,True,False,0.48360816156913533,0.0037181529051965767,-0.42455648493186643,-0.005239376702060689,True,False,0.4102150530069976,0.0005051826709518315,-0.6520799557681966,-0.0010108530809669319,True,False
23.5666431,-1.0089137207695045,-0.005377897916063048,0.46174828301301035,0.005487559557449521,True,False,-0.1411247295542675,-0.002824790948883459,0.5711174638060779,0.0035045408811209037,True,False,0.35361321906542925,-0.0012196197213738844,-0.4711369559855961,0.0016631005776835594,True,False
23.5999764,-1.7111301520880686,-0.004750805005542714,0.8654165947624206,0.0032079030468043527,True,False,-0.6536000252256671,-0.002713592100008923,1.4178176167850498,0.004213873621633042,True,False,0.2723478436137293,0.0009039951778923668,-0.25909589068288513,-0.001658788252978928,True,False
23.6333097,-2.1518634829650463,-0.0037918149490247075,1.202754702177724,0.00030481687889694835,True,False,-0.9684072914077467,0.0006212710137844376,1.9423140488547201,-6.478360015899259e-05,True,False,0.21975670004514264,5.5971705036108966e-05,-0.11653175795237747,-0.00044632102995851935,True,False
23.666643,-2.2176675243410546,-0.004892750490284523,1.3720701651169747,0.0026568482891652324,True,False,-1.0631781206232966,-0.0046596701838723786,2.0655004638047942,0.006837493713483356,True,False,0.23348882898778925,0.0015595149564299148,-0.11228819433678225,-0.0022811528051815268,True,False
23.6999763,-1.8868552751663978,-0.010193123154831509,1.29048052463122,0.011743852860884056,True,False,-0.9761609299656672,-0.0022999403273996524,1.8218378464756566,0.0031725546872631784,True,False,0.32740611986036794,-0.0016392322190529685,-0.27183745560411,0.002635264964712743,True,False
23.7333096,-1.2587669821209087,-0.0037825387409784732,0.935174487288353,0.003632424143964484,True,False,-0.7890120157901744,-0.0023052931773922094,1.3462800203073721,0.0035708836174653826,True,False,0.4854256302306043,-0.00011821087744725183,-0.5664880157316159,0.0002938422148920088,True,False
23.7666429,-0.5375555495458962,-0.00104859875999391,0.3690975079924432,-0.0014523522223374547,True,False,-0.6000146631410146,-0.0024364860285982703,0.8321343008234723,0.002745716970572544,True,False,0.663765836167783,0.00227837721860215,-0.9152990376230089,-0.0032072091259665028,True,False
23.7999762,0.044247173291455354,-0.000210906933003231,-0.2768191266807186,-0.002968637585372076,True,False,-0.4908575311255592,-0.0010561417122985153,0.4650878784617526,-8.574733947032997e-05,True,False,0.8086284708083618,0.0019452245726968875,-1.2145218271350533,-0.0032325645110490527,True,False
23.8333095,0.32598766788977407,-0.0021259271516678507,-0.85275884659087,-0.0004916973191009783,True,False,-0.4946870122773532,0.000656668023792332,0.3508612585291008,-0.0021890930197792664,True,False,0.8795779786897103,0.0006335005195972087,-1.3801478118085442,-0.0010275611883721653,True,False
23.8666428,0.2858233844517771,-0.0016770868094734932,-1.236317014508179,-0.0010936209630317802,True,False,-0.5786978338460401,-0.001326288459206906,0.46731499178678326,0.0004813891145382294,True,False,0.8600034381227275,0.0009861809394433635,-1.3713383951555682,-0.0016534070020692716,True,False
23.8999761,0.047219100643268966,0.00017517904130823266,-1.3618377913891373,-0.006740752353151644,True,False,-0.6546682546075255,-0.0030443542137604364,0.671635653090999,0.0036454377906948556,True,False,0.7509531041736466,-0.0006403612902106895,-1.1852525640304177,0.0009065738418318326,True,False
23.9333094,-0.16897993771883552,0.00015678060425215948,-1.2380915078780836,-0.00767977705694258,True,False,-0.6189953434963372,-0.0007952731306816154,0.7677204508047037,0.0005664508098508735,True,False,0.5628581625656918,0.0015964578085002432,-0.8447835988485217,-0.002316611512112734,True,False
23.9666427,-0.1337721830729831,-0.0024134058889883725,-0.9488940243976423,-0.003490785599323513,True,False,-0.4055818703829731,-0.002850888211621222,0.6030234557380354,0.0036098817093147507,True,False,0.3174029922699321,0.0024226805391955953,-0.3993398071201847,-0.0035314295010084925,True,False
23.999976,0.278742140169155,-0.0026175566231669617,-0.6198282633659977,0.0008752715601928908,True,False,-0.02555346766888232,-0.002930406047644383,0.1473654452530219,0.004800272499843456,True,False,0.052190528891834495,-0.0011566481797219876,0.07178392192490698,0.001989797337886812,True,False
24.0333093,1.0022222755657546,-0.001220951265328812,-0.35569481776210965,0.0012956640785566466,True,False,0.429083382022735,0.0019357135223134624,-0.48723947403145257,-0.002013559853627219,True,False,-0.1899905601581895,-0.0017711570634057912,0.48144533624997726,0.002919954050398703,True,False
24.0666426,1.7708321127071787,0.0017681610423386869,-0.18795188546418415,0.0012150480632244875,True,False,0.8259039709172209,0.0073599493737603675,-1.1020208627313508,-0.008697260505117219,True,False,-0.3880911871291581,-0.0030097177907616878,0.7823723121003804,0.004728106129319705,True,False
24.0999759,2.223300592230149,0.006639367400661142,-0.07366066391087693,-0.005934824544005254,True,False,1.0561755339841628,0.003534960527438654,-1.5122724628159832,-0.004040176478395245,True,False,-0.560036875864975,-0.0016170272051342649,0.9981214215455674,0.0024557742652697835,True,False
24.1333092,2.078747593896311,0.0060306075813923036,0.053425048769598554,-0.004210167485706967,True,False,1.0795939690759853,0.0026459387814887158,-1.6253961515918025,-0.0035514929384498272,True,False,-0.7454169133346558,0.0005181214027714135,1.1971342757430632,-0.0010873892403357713,True,False
24.1666425,1.2876490629483415,0.0017818586905830288,0.22562778833934685,0.0027168774447730473,True,False,0.921486382360817,-0.0024653021225588974,-1.4482015208406875,0.0038379236218795275,True,False,-0.9618893107535456,-0.0012743791709025356,1.4237464612016586,0.0021162139088821788,True,False
24.1999758,0.06893700458990006,-0.003254888656992451,0.42606869591297647,0.006664384073807144,True,False,0.6373570950917373,0.003943727450757951,-1.042058546022628,-0.005026147882635722,True,False,-1.1738886486665774,-0.0034699035061254283,1.6478391454640973,0.004817168480866711,True,False
24.2333091,-1.1816455007911035,-0.002699267158459738,0.6150252853959133,0.0011578390203917962,True,False,0.28295706876620397,0.0007185307576244756,-0.4831176344696855,-0.000707322291646022,True,False,-1.304164322981534,-0.0053411193185136764,1.7793152567565969,0.0076543375967387485,True,False
24.2666424,-2.0502820908734427,-0.0033694489476615882,0.756579819896971,-0.0009314722515024051,True,False,-0.09073564700279686,-0.00024492750717246904,0.14214574457197013,-0.00019820238037132322,True,False,-1.2781072101947513,-0.002148558405187547,1.7282833556854127,0.0023379620034349536,True,False
24.2999757,-2.252706448908016,-0.003980051894909865,0.8200419549320177,-4.972668430770236e-05,True,False,-0.42923285463810845,-0.0006202011561079762,0.7249484806801741,0.0005556054484129153,True,False,-1.0636925574939144,-0.0011512593349175693,1.4535095548127825,0.0007142061430106196,True,False
24.333309,-1.725381852726686,-0.004122970080716444,0.7735280785792071,0.004109180247065582,True,False,-0.6732260742793308,-0.0034317010548558695,1.1400494980560496,0.005285565153605722,True,False,-0.6841208711586606,-0.0025203974025985276,0.9715145014581376,0.003316368357411278,True,False
24.3666423,-0.6450277809216964,-0.002524430027013329,0.595454726926407,0.004612797444014582,True,False,-0.772301731873937,-0.0038414840734948682,1.2819824493292302,0.005600626662927531,True,False,-0.20894800713731793,-0.00021394316205226383,0.3459289601916772,0.0005225472026791667,True,False
24.3999756,0.6281279241114667,0.001834988420071194,0.29857746052727185,0.0007419400969930093,True,False,-0.7066171328632397,-0.002442490567044275,1.1137390357790402,0.0031814496122444633,True,False,0.2637748619263139,-0.0012170304013049617,-0.32074980457655033,0.0022897184243742355,True,False
24.4333089,1.6735961164886497,0.004021403066472643,-0.06151700033866611,-0.0017322331373117329,True,False,-0.5020318190830223,-0.003467555650747245,0.6953006114471824,0.004366734797982115,True,False,0.6322581135726255,0.0008761818164177252,-0.8998052405291597,-0.0009023389550523086,True,False
24.4666422,2.161562889400959,0.0052182394606266475,-0.40694824519015665,-0.0031391574335791128,True,False,-0.22732009313139934,-0.0013542052305826455,0.17018435500653056,-0.00019245411128462255,True,False,0.8236079907215862,0.0030993611032239846,-1.2705369248953609,-0.004958461166400551,True,False
24.4999755,1.9714350279619002,0.0036475896641425193,-0.6710027417434004,-0.0012637333306146335,True,False,0.028583335668271544,-0.0002619415216076061,-0.28735906971469566,-8.298730028922939e-05,True,False,0.8243850536813006,0.00190888529010936,-1.3698422605526106,-0.002590946333073099,True,False
24.5333088,1.2282028935013207,0.003600868023775301,-0.8193076006190334,-0.0037837285886036525,True,False,0.19132986462580798,0.001369754052555027,-0.5411684755088759,-0.0026550354804193905,True,False,0.6884532520541716,-8.071820601974501e-05,-1.2229814369486827,-9.227651067339743e-05,True,False
24.5666421,0.24306658964883748,-0.00011747861894365917,-0.8487491884644471,-0.0007687937117698568,True,False,0.2318579626098645,-0.0008950878623219239,-0.5461492581902733,0.0007465487447238664,True,False,0.5109147714291723,0.00025281120530079316,-0.9293823557814177,-0.0011783452206411468,True,False
24.5999754,-0.6159010672414685,-0.0018803644183506057,-0.7724099412275105,-0.002954730785467904,True,False,0.17681228508938834,0.000927677207290563,-0.3614326841843677,-0.0020303952146781,True,False,0.3828997348748002,0.0013586057907329896,-0.6160053840922249,-0.002491415798896313,True,False
24.6333087,-1.0694518531155508,-0.002867552251374758,-0.6055210623008465,-0.0008007692708671314,True,False,0.0927933139513563,-0.0002065810826172217,-0.11928606087343838,-0.0005141500903602248,True,False,0.35461759145975974,0.00021872448612455356,-0.38993560028169916,0.0004630747072159803,True,False
24.666642,-1.0278415987630725,-0.0013330619939235023,-0.3630149482834391,-0.001328162687880928,True,False,0.05174901020660927,-0.0031728511769697617,0.036871485294739305,0.004119440672957095,True,False,0.42140636994085423,0.002359673084204836,-0.30672675825305806,-0.002538341325497888,True,False
24.6999753,-0.606176076790708,0.0005397686460070762,-0.06873181358074544,-0.002667631181318791,True,False,0.09437000229103334,6.752940620626859e-07,0.019300337172482224,0.0006875315364027814,True,False,0.5296260112529835,0.00047733275556819955,-0.3547296717248385,-0.00010294274252031575,True,False
24.7333086,-0.05698087198706301,-0.00023330343571562468,0.23453584090924495,0.0025931621333452845,True,False,0.2112675530235254,0.0006078628980267496,-0.1657748844212965,-0.0003694636073813866,True,False,0.5941297497405221,-0.0007706814176338873,-0.45575518753321625,0.002169620740926868,True,False
24.7666419,0.3413930221806245,0.0007279500457999047,0.48758567488434773,0.0022492627834527663,True,False,0.3512212799561592,0.0034691403227973686,-0.4289769887272051,-0.005211248604470455,True,False,0.5257957656225942,0.002426739113968785,-0.4901850951171338,-0.003041182300733066,True,False
24.7999752,0.39392438449114403,0.0027891164749546194,0.6330870928973065,0.00021248552250072777,True,False,0.44604144936598367,-0.002287620480792064,-0.644230470947205,0.001796924628058909,True,False,0.27075784515533347,0.001873928607268203,-0.3523919674442197,-0.0030362581202907977,True,False
24.8333085,0.05964295612102774,0.0002399676515407096,0.6404363304317068,0.004559043472862761,True,False,0.43447021326234997,0.00014230633648563225,-0.6973818689392194,-0.0005525056857366057,True,False,-0.15115787001595582,0.0012156844862349354,-0.015628717681886995,-0.0014129282927763346,True,False
24.8666418,-0.5386812210402325,-0.0007421399677261384,0.5250331508004877,0.0027729755601991956,True,False,0.2806351263694114,-9.44740486529488e-05,-0.5201592788741086,0.00032582207313592204,True,False,-0.6366754014576806,-0.0025012030938203374,0.43979658114703396,0.002415807516500953,True,False
24.8999751,-1.1685102649406756,-0.002368265788487417,0.350546569900618,0.0026555642681160463,True,False,-0.007111539443208418,0.0012756612612139144,-0.11641248990350749,-0.0015396827602325565,True,False,-1.0329839845180584,-0.0027885793588584245,0.8600088685952582,0.003447608837276154,True,False
24.9333084,-1.5806958021515514,-0.0030287732132542556,0.20512431854425273,-9.645464152761454e-05,True,False,-0.3611608587410445,0.00043716416331057327,0.4176845169637192,-0.0018533484279976082,True,False,-1.1969243663071738,-0.00045019737479847296,1.0853836511799366,-0.0009069738329555309,True,False
24.9666417,-1.6012317224473793,-0.002392429466389465,0.15609112279313567,-0.0017539069528022813,True,False,-0.6622231518798979,-0.0024697254788018674,0.9011230163188036,0.0011463021951822565,True,False,-1.0463050257699904,-0.0014477754199923617,1.00625157109673,0.000604972274872666,True,False
24.999975,-1.1880039930505193,0.00041176678963129626,0.20840062141973556,-0.002508314953400225,True,False,-0.7825614250304898,-0.005689801786827147,1.1275577531916259,0.007243318681109513,True,False,-0.587242417578253,0.0009885269521173693,0.5919143140592729,-0.001794809539238211,True,False
25.0333083,-0.4407779939442594,-0.003147192624315084,0.298877910859582,0.0067599325332329836,True,False,-0.6509102232063307,-0.0025530572371504213,0.9662714799125909,0.003807961770997828,True,False,0.07860714266574198,-0.0019937247004825735,-0.09030636870477873,0.003277160676806441,True,False
25.0666416,0.43037511255401795,0.0023264194480552185,0.33567641548290295,0.0011662852761143568,True,False,-0.30173343052132645,-0.0024367436654017306,0.44974750825459414,0.003154906931132414,True,False,0.766076642047154,0.0001605664635213485,-0.8630302757458753,0.0007581097854520081,True,False
25.0999749,1.169952418971534,0.0028945671237414635,0.2550988737950848,0.0007842671817995626,True,False,0.12454177011986388,-0.00048206931342668815,-0.2136042538547018,0.0005394719142459148,True,False,1.2512671289376014,0.0037732896533801065,-1.46633360283633,-0.003930800587938663,True,False
25.1333082,1.562225023946573,0.0041954748675997345,0.05558688152338913,-0.0005981089685939379,True,False,0.43691599940104814,0.0005348121808532666,-0.7223164494183442,-0.0020354777567764813,True,False,1.3550890565738074,0.005464842250179514,-1.6527009828118888,-0.006576936450925842,True,False
25.1666415,1.509055288309606,0.0037584487164077393,-0.20693300675788448,-0.0005321334462035588,True,False,0.48312845922122016,0.005383295188499015,-0.8264084885454237,-0.00731729348755903,True,False,1.0337680227780872,0.004706477987758835,-1.3155347805475062,-0.0055514289301376585,True,False
25.1999748,1.0667769848772422,0.004410190874169767,-0.44982384103138784,-0.0038646715681692144,True,False,0.23189889688076495,0.0003878044469263738,-0.46161628506287,0.00026697177822855556,True,False,0.4159226455813445,-0.00026912655096214473,-0.5633909437283438,0.0007854276309887165,True,False
25.2333081,0.42260383173437666,0.0009752008629995779,-0.5994156410314669,-0.0015706692537875747,True,False,-0.19698085558552253,0.0007562318600512021,0.2014890565168375,-0.00036860168725379226,True,False,-0.24985658568936825,-0.002325809356375753,0.32207089321862997,0.003312622661207922,True,False
25.2666414,-0.18370438990840973,-0.001308990635278786,-0.6152134305050002,-0.0013242159086941654,True,False,-0.578657169687353,-0.003034321214108785,0.8263300695312242,0.002851340291916857,True,False,-0.7097317031840152,-0.00048385234778752626,1.0186999436312776,0.0007693773963102564,True,False
25.2999747,-0.5589127090898875,-0.0003043695109916691,-0.4971552441977979,-0.0026533616206257035,True,False,-0.6889518385707737,-0.005206889697626355,1.067007754390843,0.005656777281180727,True,False,-0.8135326699780456,-0.0007566531516243702,1.3018419190182897,0.0013919457542621028,True,False
25.333308,-0.6265846376324781,6.831480747895657e-05,-0.28116185052992526,-0.0015956787401680405,True,False,-0.4183380743886658,-0.0037208031438610016,0.7388856173025838,0.005519612832419919,True,False,-0.5659837562220532,-0.000248696267853369,1.1216580689653362,0.0017028584935843858,True,False
25.3666413,-0.43565595198033796,0.0008424687192670714,-0.029503055320134412,-0.0009453717532149928,True,False,0.16624533078383816,0.0011186822551638343,-0.07979525931217978,0.0007248380333187887,True,False,-0.11179944334354577,-0.0010397790333933773,0.607127625924367,0.0028286761028998852,True,False
25.3999746,-0.11341450561592278,0.002200727373003125,0.1830997235698789,-0.0012250698940622577,True,False,0.8464463827419191,0.004982308688440399,-1.0701096750100256,-0.004464327140365488,True,False,0.327603309492441,0.0022330986994952826,0.010281452550712085,-0.00048078123469721116,True,False
25.4333079,0.201678889241484,0.0023640225687353443,0.2892550195166951,-0.001141369484707305,True,False,1.3500324215678845,0.005906215995660227,-1.8119154824758836,-0.00703522683560793,True,False,0.5416350987972341,0.001672512927390609,-0.3929193262433291,-0.002010323399102545,True,False
25.4666412,0.409285847354976,0.0009646495245740803,0.2538469326750451,0.0009783361906031906,True,False,1.4679102376520508,0.0025846865387806448,-1.9710578834948809,-0.0045981527093088715,True,False,0.4133608578584172,0.0005389523812359971,-0.4156501489308205,-0.0009057079801200518,True,False
25.4999745,0.4609992072037379,0.0013131451313448663,0.09724555327379157,0.0010576255116683392,True,False,1.1370536156345987,0.005372247971933556,-1.444014294057781,-0.0053682471242889095,True,False,-0.0323715125435113,0.0016725925603203226,-0.04026539395856077,-0.00115120211091316,True,False
25.5333078,0.3494651719954576,0.0014046678944132072,-0.0986947553580789,-0.000471346227787732,True,False,0.46312811749476984,0.002084765596512639,-0.3999113022092585,0.0009915127465156537,True,False,-0.6339580708003064,-0.0005746174457360015,0.5740098826192251,0.0022631526573804795,True,False
25.5666411,0.09761712757903739,0.0016793469187399426,-0.21772838842241296,-0.0023962149242602714,True,False,-0.31827155626885406,-0.0004265725542409457,0.788418401960618,0.002134334267383413,True,False,-1.1517116731860424,-0.002936797119545384,1.159505761438,0.0031172530847897056,True,False
25.5999744,-0.23892614920451424,0.003170343524126415,-0.1671737439199072,-0.0062506126669823366,True,False,-0.9287953644468467,-0.002834423901567119,1.6896678548188093,0.00397297912165337,True,False,-1.361014056446164,-0.0036621362246575515,1.4499261875077154,0.003142834529089491,True,False
25.6333077,-0.5672871265081031,-7.000750609906859e-05,0.06308663023882298,-0.0009462949694167663,True,False,-1.155831264200188,-0.00559666034224956,1.9793605227352926,0.007299273258509337,True,False,-1.1419654345829409,-0.00030016607517150215,1.2811297313112493,-9.665861532918024e-05,True,False
25.666641,-0.7727271331616428,0.0005672259871626451,0.3815321656398949,-0.0010981562951628287,True,False,-0.9411531717462148,-0.004786313847620232,1.5668573376264658,0.00784635245001073,True,False,-0.526996441376885,-0.0006257215352502109,0.6488463200550478,0.002135234565004581,True,False
25.6999743,-0.7616144867898583,-0.001285240540122881,0.6351390495031355,0.003164531789965086,True,False,-0.40846230095575725,0.0007414382220886286,0.6351049444307366,-0.00024466792712194763,True,False,0.30788079138606556,-0.0005731001020681414,-0.2831810414560743,0.001676942382249081,True,False
25.7333076,-0.5123410732197594,-0.0007693095731770485,0.6880817732178752,0.003031709094765855,True,False,0.18734582821535983,0.003255376455289829,-0.4292470188698531,-0.0029706766769110817,True,False,1.0993283659651316,0.0020133175422511764,-1.2237172730042933,-0.0011994871206051439,True,False
25.7666409,-0.10005328023857227,0.0017732743092713137,0.49233532232498656,-0.0008442197943402941,True,False,0.5665734421658113,0.00047096218854166054,-1.1893346937823976,-0.0010113570626438804,True,False,1.5853691621312127,0.004106433947315777,-1.846507565061149,-0.00480547329659358,True,False
25.7999742,0.3271904640434154,0.002572869773548324,0.11043210694443417,-0.0019296256217096253,True,False,0.5381651287869197,0.0025920496750367686,-1.3295535875901678,-0.0053490896128759405,True,False,1.604159919916514,0.004717030038192336,-1.9180641473939006,-0.00496382544356426,True,False
25.8333075,0.6125881853297133,0.0026521764651206044,-0.31717416558711625,-0.0019284514880424965,True,False,0.0770051109661433,0.003870264114185223,-0.7788668717926819,-0.004449353729911219,True,False,1.1643682316426371,0.003506478279634828,-1.405625910483148,-0.0035511688001072955,True,False
25.8666408,0.6612590643054811,0.00307585648728294,-0.6372735191567769,-0.004524549592865583,True,False,-0.659457144587664,-0.0016199586564472383,0.2570808613084547,0.0011259290954840134,True,False,0.4472808881370211,0.0005921906237764834,-0.5012697843296697,-0.00013149627491536648,True,False
25.8999741,0.48136287768765873,0.0037421350467283405,-0.7488861090626567,-0.0065612548751219964,True,False,-1.3843678141305684,-0.0038870317355440814,1.3701064029017385,0.004666094265325804,True,False,-0.2693901957729251,-0.0017525508267086298,0.45925583405432985,0.0026520765888656357,True,False
25.9333074,0.17567753270068454,-0.00025163932860315126,-0.6401835622805078,-0.0019086258775006652,True,False,-1.7913415016189853,-0.006807604013109032,2.106184023678323,0.005604863642246301,True,False,-0.7315567520045536,-0.002102116077293903,1.1417351676865812,0.003060265147962167,True,False
25.9666407,-0.11193595736060807,-0.0012618056533148594,-0.38251566984563895,0.0006238979791593997,True,False,-1.6788336612730508,-0.005685056541347845,2.1430389429620282,0.006678965051443328,True,False,-0.8124725961191892,-0.000595865896486346,1.3464833214780185,0.0022828299039523224,True,False
25.999974,-0.26379336863964203,0.0021469382017880387,-0.09018675937625037,-0.0034027260282210535,True,False,-1.0341450548325217,-0.0032888684552151754,1.417782405381873,0.0051068913841013554,True,False,-0.5528694049677315,-0.00047322148103108,1.0682525516615893,0.0005281963516752942,True,False
26.0333073,-0.2300233847251285,0.0010646056120584496,0.127008541974249,-0.0010809596029345836,True,False,-0.039426640270133186,0.002249187269297899,0.15543763212887562,-0.00028075667946569514,True,False,-0.1287373155097709,-0.000931065435914768,0.4704886295435992,0.0015421574348974724,True,False
26.0666406,-0.031138855701296302,0.0013712268154239956,0.19821180806042182,-0.0005835652173273762,True,False,1.000839757084801,0.006191409661892837,-1.213742835186528,-0.0032636663149364395,True,False,0.23009613151083316,0.0022228143072238423,-0.19711532908305315,-0.0009549615943323542,True,False
26.0999739,0.26123648943927796,0.0004774583927511405,0.11037885248351653,0.0005798046582802763,True,False,1.7753461823602952,0.005822153548526845,-2.2182969248662836,-0.008677277837419096,True,False,0.3358403657265036,0.0005955097627326376,-0.6967264294171241,-0.0019777267538568766,True,False
26.1333072,0.5470408876128012,0.0009761096521368133,-0.08741770799291551,-0.00015168386868015272,True,False,2.0747073252750337,0.007494288135510435,-2.526643519230409,-0.009051324947459215,True,False,0.11844814611190228,-4.625591499094553e-05,-0.8821602826462477,-0.0005935174211224211,True,False
26.1666405,0.7226283183205829,0.0019875345596550528,-0.29927868245388917,-0.0014696535654696785,True,False,1.8565261652914788,0.008254318119789791,-2.071225480021021,-0.004450738610830059,True,False,-0.34504770449342675,0.0010336914987027952,-0.7377734238691621,-0.0028873169069317042,True,False
26.1999738,0.7121453837313921,0.0033231658698177967,-0.4190252179936878,-0.004112913412283854,True,False,1.2518887616918242,0.006545168043223515,-1.0661333486914775,-0.004082555408335249,True,False,-0.8571278338849435,-0.0014843322748548681,-0.3684979784339243,0.0008966364218936954,True,False
26.2333071,0.4976198695851225,0.0009443637218532864,-0.3753328582775093,-0.0012938405442101332,True,False,0.5132273871333479,0.002736144947294642,0.08356992945920565,-0.00020851965437838994,True,False,-1.1750649377068394,-0.002109286870194055,0.05007180101437946,4.114438524343771e-05,True,False
26.2666404,0.12979796936877888,-0.0003040649296085773,-0.16284999176853016,0.00016078505578771626,True,False,-0.08324171611503979,-0.00032867874701455584,0.9405997678036448,0.0023651104485163245,True,False,-1.1117414564514936,-0.00365020200161776,0.3393416726493546,-5.53379809185897e-05,True,False
26.2999737,-0.28906972286400856,0.0005982176888981607,0.15601182616804773,-0.0008906843431244724,True,False,-0.34763213430410006,-0.0024677342507870366,1.2034134094802234,0.00486925605067235,True,False,-0.6226159694949112,-0.0005420023027152123,0.37916707420627616,-0.0016616782568571152,True,False
26.333307,-0.6412404837911804,-0.0015196529691696692,0.4766941890896123,0.0024817496030936433,True,False,-0.252003456925369,0.0010224850195055815,0.8229994813180361,0.0032771483733047306,True,False,0.16269454813508308,-0.0003476663880257986,0.15069122271844065,0.003086986962101968,True,False
26.3666403,-0.8325946317848126,-0.001695415378291326,0.6927196103578028,0.002806172208166174,True,False,0.0650936060106161,0.0031760083533123283,0.0208913509499866,-0.0009670138659030685,True,False,0.9830747915661286,0.0022366598589011384,-0.24600659698325925,0.0017314982753833372,True,False
26.3999736,-0.8226769605503902,-0.0014225353475572499,0.7351771084111518,0.0024117039078755966,True,False,0.366265710752247,0.0020012928363431796,-0.8048968551379736,-0.0015178079084947407,True,False,1.547501586610161,0.0040731263885300404,-0.6171555973361578,-0.0024117921386351566,True,False
26.4333069,-0.636359215202565,-0.0020089681370886597,0.5968490636070991,0.0032679970343554806,True,False,0.42083847999243224,0.0033010320686077147,-1.2511165770329045,-0.008055463137213366,True,False,1.6540082988726934,0.0038136082674759273,-0.7566749201431429,-0.003891494708979295,True,False
26.4666402,-0.3517525509452581,-0.0007842840874835139,0.3316951468011988,0.0014216291707101515,True,False,0.10320581879686468,0.001189902277048741,-1.0846110446234407,-0.005166177384858534,True,False,1.2752314608981226,0.003483584417042239,-0.5535744268890824,-0.001689291660877615,True,False
26.4999735,-0.06737786634803454,0.000791484282891668,0.03026878230626703,-0.0009507379878096106,True,False,-0.549952418050261,0.00022792600191883812,-0.34182803226496467,0.0020117819715126527,True,False,0.5716477359281122,0.0007705376120496383,-0.058546895210729005,0.0011244157688640572,True,False
26.5333068,0.13746133914710945,0.0007386005011029839,-0.21738772363979766,-0.0012651612294311545,True,False,-1.3414022143161493,-0.0002902877212033814,0.6917804386518118,0.0005535064790935224,True,False,-0.17527804910991357,-0.0007812699267070301,0.5347421759079424,0.0009258761108484353,True,False
26.5666401,0.22815761374232496,-0.00113534346948451,-0.35265414179216753,0.0009682184894964114,True,False,-1.977501989255091,-0.006526893257560354,1.6051630670033992,0.005324744031147808,True,False,-0.6812892709792121,-0.00217187955002005,0.9793585553584301,0.0025208366635936174,True,False
26.5999734,0.21383657552792498,-0.0012500155837977466,-0.35961583416231135,0.0011326086076014388,True,False,-2.1801424750720217,-0.006551868905730719,2.0276766896248257,0.003596525019135021,True,False,-0.777232958747575,-0.0010373828133664429,1.0851299661421718,0.0011289782792933715,True,False
26.6333067,0.12949344733695925,0.0011951004095765122,-0.2596818989055832,-0.0020960184891750436,True,False,-1.807255437850739,-0.009579250227539225,1.774313777813708,0.009009928280189972,True,False,-0.4773682923234997,-0.0023546910012242064,0.8014200686238939,0.0027148301253083033,True,False
26.66664,0.020363365761461662,-0.00018615435313865645,-0.10116806090707053,0.00010551839080138808,True,False,-0.9254859070965287,-0.0011592221911439317,0.9209987244783944,0.002754633958136027,True,False,0.02868227398442878,-0.0006533143547416955,0.24386863015275384,0.0018579186119110401,True,False
26.6999733,-0.06657621600565056,0.00012270654432755936,0.052826872008120966,-5.207754445083395e-05,True,False,0.20756407932489923,0.004973417485321357,-0.2214200247920459,-0.0016232547841347142,True,False,0.4587559903675303,0.0021099441212178837,-0.34741632131315053,-0.00016188707883169043,True,False
26.7333066,-0.09405210256013913,-0.00012236357223960467,0.14373925073811514,0.0004654131584971615,True,False,1.2458551991918323,0.006111101815352525,-1.2312651411834783,-0.004744146044431574,True,False,0.5653212625828757,0.0024848474685474613,-0.7107333387716875,-0.004343752237351323,True,False
26.7666399,-0.05397291112383708,-0.002846907216657112,0.14405074205005866,0.004520250484274334,True,False,1.8880513015665141,0.005265536998918104,-1.7473042801844474,-0.006000097401305322,True,False,0.2518554141753793,-0.0004242210172807607,-0.6864084297266466,-0.0010772363861777377,True,False
26.7999732,0.017544966549256035,-0.0013540497732817932,0.07708256463185677,0.0025067584893923634,True,False,1.9799885910139285,0.006690070198512394,-1.6102729071103639,-0.004567700434776705,True,False,-0.37760892956305325,0.0005842279116227145,-0.29614452800754737,-0.0009277882204117559,True,False
26.8333065,0.05199458965418305,0.0009722708246332248,0.009256196617384378,-0.00106897423233304,True,False,1.5559910738680671,0.0077633438312023064,-0.9151448596525932,-0.000975801099211695,True,False,-1.059850501728837,-0.003303009650985719,0.2685955561416746,0.0022832856058213296,True,False
26.8666398,-0.0062150142866290205,0.0026655034344100228,0.008435062964838319,-0.0039409241648266985,True,False,0.8169406607767233,0.004317199184334272,0.03984143420530736,0.00015539696409146492,True,False,-1.485590628573345,-0.00438023694012203,0.7403770139091115,0.0029728389668064945,True,False
26.8999731,-0.15030377201141115,-0.0010392097188806977,0.09371113477950621,0.001240252661624206,True,False,0.053037540637785124,-0.00019647384342834788,0.877666010420587,0.0030434177317647487,True,False,-1.4339057507978465,-0.003679542411133765,0.8961074713476904,0.00173441181115973,True,False
26.9333064,-0.3024141222824346,-0.002111975971936824,0.2174286207262657,0.0028171836338727095,True,False,-0.4689867154254062,-0.003776450334102316,1.288923904752494,0.003202078076090786,True,False,-0.8681676077893077,-0.0016353886013656595,0.6439477587673942,-0.0013598572561990094,True,False
26.9666397,-0.358639132787379,-0.0012476659056063794,0.29524934505569506,0.0019565484081502135,True,False,-0.6125278662586442,-0.003398191319193738,1.148982679845888,0.006907397127607557,True,False,0.046739519260441696,-9.500638069432813e-05,0.0504645211161221,0.002569738751341061,True,False
26.999973,-0.25445269555696043,-0.0009853578076326947,0.26014940963544403,0.0017023921971413476,True,False,-0.42072427492941966,-0.0009394302195754582,0.5651323964952567,0.002666334972727537,True,False,1.007392011170663,0.001474980259837941,-0.6837826869432143,-0.0008612287333089951,True,False
27.0333063,-0.005598519326679221,0.0004222605741280723,0.10276517179806526,-0.00018274744477351284,True,False,-0.08195579928312935,0.0018107776224624331,-0.1698948298461362,8.090971174801562e-05,True,False,1.6845348403210618,0.0029334873907355618,-1.2865913322613647,-0.000787672177293203,True,False
27.0666396,0.2962666197691404,9.843055110550696e-05,-0.12263590942342442,0.00018896799957439264,True,False,0.17013799589125309,0.0019844232340776253,-0.7081695306795437,-0.005063902959622802,True,False,1.843647308171025,0.002663342737602268,-1.507326061962709,-0.003313983538300268,True,False
27.0999729,0.5260671855868683,0.0009391816917098565,-0.324839461874922,-0.0009744417649212686,True,False,0.16893759791573165,-0.0001510229051336507,-0.8054992089176756,-0.0040099401048659935,True,False,1.4337341572810196,0.005175650461675828,-1.2202231537584203,-0.0053711940024528775,True,False
27.1333062,0.5848747995960326,0.0024273017362568894,-0.4203907787217288,-0.003223996678344427,True,False,-0.11377121684198548,-0.0003911653924717212,-0.4292336250480363,0.0005880926594179534,True,False,0.6114203433611891,0.0009818926882379248,-0.4911887407867755,0.00018035892977657126,True,False
27.1666395,0.4503729316543019,0.00215243178327976,-0.3758971544465936,-0.003118553193702852,True,False,-0.5625967678329717,-0.001352108370693068,0.23947551127169486,0.0039526662855350015,True,False,-0.3173412775261755,-0.003618240296080588,0.4371686862801047,0.004248878637276067,True,False
27.1999728,0.1917676397999143,0.0002058257524573792,-0.2259556368025853,-0.0006933114739073665,True,False,-0.973838917271238,-0.005287373392749252,0.9000975199736782,0.003521785640394223,True,False,-1.020730114347412,-0.0026926809332736908,1.2411849831059638,0.000159353575834557,True,False
27.2333061,-0.06382437839963119,-0.001356510782282909,-0.0541764062338743,0.0014605121605717794,True,False,-1.145213126371831,-0.005340281036970852,1.264425315959175,0.003356874560812144,True,False,-1.2725480894473709,-0.0032657272675078943,1.6405814824582752,0.003697180838946475,True,False
27.2666394,-0.19718661018986264,0.0002749469192746295,0.05278880112189396,-0.0007944273381148959,True,False,-0.9627904083856335,-0.004022829856009544,1.1644172696463304,0.0031661319933911592,True,False,-1.0296478642310753,-0.0007701721123642593,1.4967151701044672,0.002162884247938749,True,False
27.2999727,-0.1566969969712015,0.00014476326182964364,0.05027360239594378,-0.0004263035136332596,True,False,-0.44906802010458124,-0.0029703063262510173,0.6058291705171333,0.003639356846778374,True,False,-0.4309398277089365,-0.00126482772838453,0.8593617268237725,0.0030674681337925862,True,False
27.333306,0.019453640170626767,-0.00019661256340045442,-0.044641038417423264,0.00012538744729712384,True,False,0.24616702719834024,0.0004052975218402885,-0.2375011243455074,0.0006617426932529251,True,False,0.2651646981558868,-0.0007951687518011517,-0.046037637669568074,0.00010581122222071089,True,False
27.3666393,0.22537098483454765,0.0010243219585973319,-0.16542399749324388,-0.0014771261356203748,True,False,0.9050583722998853,0.002759223349294418,-1.0842775658972503,-0.002518755388494462,True,False,0.7741951640370794,0.0015000631724155574,-0.8926473285180787,-0.0016543212555826475,True,False
27.3999726,0.34134808032151615,0.00218716989577858,-0.23263957313781813,-0.003182487495386221,True,False,1.3243319648691798,0.002604797568230721,-1.6462594994216146,-0.0049664912328918915,True,False,0.884010428117225,0.0015536339675451855,-1.3716637609442988,-0.00387645592481498,True,False
27.4333059,0.2953909026805401,0.00146493953310485,-0.19740868628487082,-0.0019192582697987969,True,False,1.3886616214651752,0.0023775864927162486,-1.7356765176774578,-0.004073345767123073,True,False,0.5334220978146182,0.0021039066650012333,-1.3140431507108232,-0.003072605367491587,True,False
27.4666392,0.10215460385894672,0.0014681589919483824,-0.069123437430799,-0.0020226301979450003,True,False,1.110189131771552,0.003814715734943044,-1.337341698711395,-0.0026773319858408927,True,False,-0.15677945261215076,-0.0007997928246569337,-0.7610343651043902,-0.0012296919192658347,True,False
27.4999725,-0.14317935813675178,0.0002078804377578779,0.08922502643558605,-0.0003702212686378008,True,False,0.6230266748407396,0.0026231242845470254,-0.6161921648365997,-0.0019914247921418754,True,False,-0.9194003398519499,-0.0013616847454188837,0.049730749117467644,0.0004988240962203746,True,False
27.5333058,-0.3151499954083951,-0.001888165621370705,0.19657564026408375,0.0023582111184586676,True,False,0.1314802141702325,-0.0028735865149331994,0.14292962172882237,0.0006662413808709313,True,False,-1.4372115830536722,-0.0024917681593177713,0.7762626731669586,-0.0008103531056010067,True,False
27.5666391,-0.3253930380000511,0.0006586881186986642,0.1995759134799452,-0.0016151315368414362,True,False,-0.175807089663288,-0.00450461015095958,0.643753507984128,0.002284070365567305,True,False,-1.467900464153006,-0.00437137242415987,1.1056488072267268,0.0030022527213757005,True,False
27.5999724,-0.16948377409353124,0.0003444160391481917,0.10185130256799131,-0.0007124035420062053,True,False,-0.2112875162258185,-0.0038835429047959324,0.6997407378224376,0.005903326019687995,True,False,-0.9500629456922502,-0.00279024312629087,0.8823505778366213,0.0023427007641115397,True,False
27.6333057,0.0701499874844709,0.00045212951987056533,-0.03767515286742315,-0.0006255009152272797,True,False,-0.02796385644007853,-0.00043377281254447275,0.32043163755945797,0.0018978647283860975,True,False,-0.0426884736123389,-0.00035422178982168385,0.18379285218786148,0.0002960574468661867,True,False
27.666639,0.2625529580603868,0.0010506067989337847,-0.13302194750988144,-0.001347447520496903,True,False,0.21091271025227043,-7.738088189360229e-05,-0.28229252119343395,0.0015570825074095818,True,False,0.928237504203067,0.00211960710642444,-0.6960287588656482,-0.0004391613233382888,True,False
27.6999723,0.28848153874698895,0.0020738108800189784,-0.11181981789541176,-0.002683216099492323,True,False,0.31418683981888473,0.000783903512953569,-0.7833807935522403,-0.004897333579672267,True,False,1.6009373646640097,0.004830286618137824,-1.3621393267356752,-0.005001562090095087,True,False
27.7333056,0.09764525414566978,0.00125243244337815,0.04802109272973949,-0.0015387386484690025,True,False,0.1525952898088507,-0.0022899519009211985,-0.8945356498845823,-0.004205762067810001,True,False,1.7304200784539059,0.005604649211939277,-1.4908569747032838,-0.006568717849638853,True,False
27.7666389,-0.2626168823267804,1.6526827391646903e-05,0.3026680547645476,0.0003610777233326777,True,False,-0.28431703920762075,-0.002462945867922717,-0.5013976596077167,-0.0006672575203670572,True,False,1.2901996621081697,0.0026594445066017453,-0.9771440169599693,-0.0020422835944634674,True,False
27.7999722,-0.6629363753819857,-0.0009295313786064569,0.557787822260364,0.0013501908750881756,True,False,-0.8813193484902557,-0.003852528619635485,0.28190423274969273,0.0014857383678869337,True,False,0.47392278803449167,-0.0008462820895264224,0.01985716442102724,0.0020989644056813575,True,False
27.8333055,-0.9459937562216351,-0.001287255695630492,0.7089865913806251,0.0013806053848678757,True,False,-1.4373487584742852,-0.004273264729799801,1.164052438963018,0.004054608772895231,True,False,-0.39817238741790967,-0.00089059472654185,1.150285248088707,0.0009831153208891752,True,False
27.8666388,-0.9937509240481218,-0.0030840169965063225,0.6875844442227045,0.003876021502077629,True,False,-1.7389611041632236,-0.009361219976962357,1.8024900919222673,0.006313789419894087,True,False,-1.0133119034471398,-0.000647006014536228,2.0147517006700837,0.0007800501818043381,True,False
27.8999721,-0.7763048659451455,-0.00026166374041924065,0.4896141320340201,-0.00038360082977751157,True,False,-1.6457531467760933,-0.007495622764444718,1.944794742989998,0.005837240783129879,True,False,-1.1782142317678401,-0.0019784506824856466,2.306568628841902,0.003793703128526638,True,False
27.9333054,-0.3597972895117737,-0.00028965894162022237,0.1743575356231248,-4.151451559915843e-05,True,False,-1.154918832518208,-0.005165319396168738,1.5290137074160262,0.003052722503840423,True,False,-0.8749585162171645,-0.0013750016832099132,1.9157450324804126,0.004051552933228906,True,False
27.9666387,0.12792170361735605,0.0006014495401748442,-0.16537074310382505,-0.0011306006997581508,True,False,-0.4125647226275632,-0.004181678160304891,0.7086292406010462,0.005393217400614279,True,False,-0.2542838781295421,-0.0012558515738525225,0.9708165389804851,0.0025864565677871315,True,False
27.999972,0.5537239937144122,0.0018164414735141376,-0.44444992477632567,-0.0026794578975037637,True,False,0.3391141953963511,0.001944731496438371,-0.2047363887429071,-0.0004150693674657669,True,False,0.4273388474642618,0.0035358850716739948,-0.2051583066629431,-0.0033611119237494853,True,False
28.0333053,0.8301312380332708,0.0019306984420861186,-0.6179585313038186,-0.002876625869343885,True,False,0.8592715516658206,0.0031455021940166375,-0.8639698767411989,-0.00559318351665781,True,False,0.907272551483211,0.0019966817874244127,-1.222366050018686,-0.0046621079771761885,True,False
28.0666386,0.9397027843354068,0.0017354997097137588,-0.6910569161845423,-0.0023268327103337853,True,False,1.0083126849666693,0.002980629635144851,-1.03209372253343,-0.004226845939807496,True,False,1.015868247128273,0.0026972885958085665,-1.7823869872462703,-0.005530103615777715,True,False
28.0999719,0.924982245519543,0.002117781054268486,-0.7028095945010603,-0.0027283900558622803,True,False,0.8046756162502217,0.002649226144294132,-0.6862029971323107,-0.0033164493021998797,True,False,0.7357665776415006,0.0022777759491718207,-1.787072103801261,-0.003149017315494957,True,False
28.1333052,0.8511280252362113,0.0010542486044603982,-0.6925132524282381,-0.0013939050613538692,True,False,0.41259524561345784,0.0011098287839294086,-0.024941687146488593,0.0018433150680302705,True,False,0.2013464117103193,0.0015013186734132984,-1.3491035369547595,-0.002272840134723028,True,False
28.1666385,0.7605618518840599,-8.475513760537032e-05,-0.6666375935071029,2.0281453736422882e-05,True,False,0.06664583162543161,-0.0016597691327527872,0.6249364038636993,0.003360512775299215,True,False,-0.35813694397266255,0.00032815569253682254,-0.7154694165230634,-0.002579649264009642,True,False
28.1999718,0.6448231480911728,0.0004312634325516786,-0.5871139650280344,-0.001203570456018612,True,False,-0.03384499740435544,-0.002012568812171993,0.9524948368126981,0.0022270582452906945,True,False,-0.7117593101642987,-0.0020909143900433034,-0.15405680143287276,-0.0017365169975330096,True,False
28.2333051,0.4542316106366097,0.0008130286434326221,-0.3939595426008225,-0.001559126070223006,True,False,0.18624823728928433,0.0006206605446340911,0.7878352749329666,-0.0005464612282486193,True,False,-0.7229418690898664,-0.001325351176160591,0.1480818531036986,-0.00015173314749961385,True,False
28.2666384,0.14508885480907902,0.002491348445280791,-0.05501145082595598,-0.003356811368416083,True,False,0.6452420323425159,0.0028467599492007834,0.16310798412938105,0.0020832223658637664,True,False,-0.4076599953590918,0.0004618570835971007,0.1462425125303616,-0.0005368293272896473,True,False
28.2999717,-0.2661931265704659,-3.165235225983378e-05,0.3883885974144977,0.0006555019320940254,True,False,1.140251565438284,0.00418127505324853,-0.7005768339083304,-0.0007743517376815802,True,False,0.07304324130834494,5.482426935944416e-05,-0.055434070823216254,0.0006086151709299451,True,False
28.333305,-0.6863512612310767,-0.002760307023130392,0.8172419049197724,0.004859318548958711,True,False,1.4312412663561092,0.004920544564250839,-1.4724440662861593,-0.0030382310222228067,True,False,0.4836093018825788,0.0024508192098307143,-0.25764974389552453,-0.001825504438668615,True,False
28.3666383,-0.9860335710373864,-0.004150511801751236,1.0847249339847214,0.007052371559571598,True,False,1.3373694007707757,0.006484200378576133,-1.839856458338026,-0.011809224154545548,True,False,0.6170632874944013,0.0018559192899639937,-0.26578030351898485,-0.0038137299978631767,True,False
28.3999716,-1.0711272615547147,-0.0038866760736869805,1.091477526808683,0.006572408382111576,True,False,0.8102523150875165,0.0018063959623379187,-1.6419248890686073,-0.003296431136808835,True,False,0.388190753279298,0.002586797730757441,0.00659520626979796,-0.0010714775420525042,True,False
28.4333049,-0.9318413141600301,-0.0010185885177700575,0.8367906095194239,0.001975696614718182,True,False,-0.04012805541009512,0.0008279338846088571,-0.9447079646782421,-0.0042036004672106435,True,False,-0.12275147150381038,0.0014253186884539254,0.48741104886023556,-4.089537973456357e-05,True,False
28.4666382,-0.6375580479363542,-0.0006438981970545803,0.4148794221429351,0.0009954420558651574,True,False,-0.9740791463204925,0.0001324596131759885,-0.015358628593097176,0.0008487714640663067,True,False,-0.6984450515113724,-0.002688899800678674,0.9807277188916336,0.004220448593614233,True,False
28.4999715,-0.29086773516454756,-0.0012477064273038539,-0.0342809279653299,0.0010079435210260538,True,False,-1.696855986996124,-0.005084809954753696,0.7911947626835151,0.0034622090667680767,True,False,-1.0767437395403967,-0.0010509032359684808,1.2637256674147488,0.0009001797888850162,True,False
28.5333048,0.02044339664346806,-0.0013087828643546916,-0.3848171735385212,0.0003255101116516742,True,False,-1.9601109148834204,-0.006838693082546992,1.1763829632032172,0.001984384889760024,True,False,-1.0658758782842417,-0.002342235686996762,1.1877416601242574,0.001180273867520391,True,False
28.5666381,0.24742670615782417,-0.0009483928952659926,-0.5664489770988563,0.00016688661763767504,True,False,-1.6588315462990393,-0.005369413941813219,1.0114094957061868,0.0011887755143344509,True,False,-0.6301892470204987,-0.0014603137810861493,0.7364920962369997,0.0013848077704125845,True,False
28.5999714,0.3808786774064938,0.0007825761762599012,-0.5783423522408235,-0.001931658046219036,True,False,-0.8828048985826531,-0.0033774742338216024,0.38193230980305176,0.0041659934070629534,True,False,0.0899713782069331,0.0011347942979553212,0.030247949804145427,-0.0007398403173148869,True,False
28.6333047,0.44075222798334157,-3.79599622860813e-05,-0.4781042508498211,0.0002477689558519616,True,False,0.10771522860601618,0.0032587430926889903,-0.4454559107560074,-0.002773837722298809,True,False,0.8312893115708643,0.0022065179005590347,-0.7136793178452613,-7.633443078130594e-05,True,False
28.666638,0.45965137004115375,8.402805356754358e-05,-0.3513396453979569,0.00015809489539939567,True,False,0.9784319828146024,0.006559832805336999,-1.124037120405676,-0.004158316170185906,True,False,1.3109373462667036,0.0031767178496701918,-1.2511108439122884,-0.0014002617660642416,True,False
28.6999713,0.46244299093362823,-0.0014292931611871041,-0.27111921460028865,0.0027607389939584876,True,False,1.4484380099943992,0.005675015937439583,-1.3632101175098745,-0.004475536513294323,True,False,1.3384519086417728,0.002716420365243059,-1.3974713008195763,-0.004165979788251789,True,False
28.7333046,0.4508089561899512,-0.00023398908687200957,-0.26435848518382765,0.0012084366293265809,True,False,1.3923351535357584,0.006521643988297624,-1.0469485421670497,-0.006244757763376214,True,False,0.8927490488457898,0.004098241406907401,-1.1049750392198496,-0.004723369155871807,True,False
28.7666379,0.40503082013139924,0.002634028015672597,-0.3029090216272824,-0.00321335943035975,True,False,0.8772164227772671,0.003844578359196276,-0.281036085249773,0.0007205996237517944,True,False,0.13437955489959194,-0.0006030572771643522,-0.49076156931957915,0.0019719782815022986,True,False
28.7999712,0.30194960322321085,-0.0014530495940810527,-0.3225476561517957,0.0024126907010461455,True,False,0.1271045774505866,0.0015591516668289577,0.6537931820451811,0.0041654348747263556,True,False,-0.6549997489137369,-0.0012163620766254743,0.21172311409946107,0.0019296436837957618,True,False
28.8333045,0.1313496327179797,-0.001070087338961589,-0.2547600214122256,0.0010556024479351255,True,False,-0.5658619446864936,-0.00010619536925435991,1.419166733278176,0.0023965319972327113,True,False,-1.1843140863764072,-0.0029117863987437667,0.7569713472915133,0.00209635618200765,True,False
28.8666378,-0.10138845744346915,-0.0017602943549324067,-0.05507524057777471,0.0017851702996396872,True,False,-0.9501566444815255,-0.002562438585969949,1.7507652391520856,0.005256288983620965,True,False,-1.26875304025708,-0.0032033660942409783,0.9872280410046503,0.001650340723850481,True,False
28.8999711,-0.3778328118502941,-0.0017591045653597352,0.27616106641611166,0.002908675222845673,True,False,-0.9064730154612725,-0.0030978768438667766,1.5520614194902316,0.004895460450753922,True,False,-0.8995946007707065,-0.0019210366319807937,0.8809647105125875,0.002617670242978945,True,False
28.9333044,-0.6617630226855886,0.0005859220498468259,0.6812853912203526,-0.00011367471750375534,True,False,-0.49008032772455157,5.0792684513125074e-05,0.923383862111761,0.002789819290686164,True,False,-0.24023961819267697,0.00027205754890698847,0.5430295164999136,0.0014140408263802126,True,False
28.9666377,-0.8931727600806243,-0.0017986174235481885,1.050267748384889,0.00413938431597013,True,False,0.09316971038979353,0.0019202823394376615,0.12136282736874975,0.0011121338477536255,True,False,0.44636074118839797,0.00026554020909365394,0.15292375717867668,0.002559898093272688,True,False
28.999971,-1.001322952169368,-0.003925176526644367,1.2551451775453086,0.007522001728705052,True,False,0.5691582334073646,0.003288330228972211,-0.5386632861808843,-0.0016478906271704013,True,False,0.9054975576796428,0.0023725821668510757,-0.1092174564449791,0.0005673244405639035,True,False
29.0333043,-0.9424310311936156,-0.005319674804898889,1.2085640793270183,0.009659796353875897,True,False,0.7042956974941429,0.0023444758066666197,-0.8056006002710578,-0.002708755181445712,True,False,0.9895769953316763,0.001710733004188109,-0.1386408411003485,-0.0008130005470599556,True,False
29.0666376,-0.733376507920065,-0.0019439741368869128,0.9124831616840502,0.00436010241573899,True,False,0.4010293057825589,0.0032255518513755977,-0.5958274901684796,-0.0029090543974796797,True,False,0.7109910798042406,0.0018732416640984398,0.04361351294618656,-0.00010382461850108969,True,False
29.0999709,-0.44297029424490103,0.001980442185467135,0.4576940668512611,-0.0021470443322039907,True,False,-0.25278195317546653,0.0030925755642535625,-0.03310131373183825,-0.0004088933455927052,True,False,0.2292306333713275,0.00016343930694514574,0.2970930576273611,0.0024673992217340724,True,False
29.1333042,-0.1408531065048966,6.249679040731544e-05,-0.02884302041529762,-0.00010549236679300577,True,False,-1.0024767589951487,-0.001722439388260543,0.5978997598603439,0.002790185852661264,True,False,-0.22331401066563814,-0.0034009237784815593,0.43414893545103445,0.006123049451324813,True,False
29.1666375,0.14916929520788827,-0.000606795940165728,-0.4475109874992153,-0.00031229737377303353,True,False,-1.5183911580208307,-0.006280570002832325,0.9712133976716426,0.004011232940179885,True,False,-0.4447038807768422,-0.0008853095322024215,0.3209001380839751,0.0005313241634974069,True,False
29.1999708,0.44781321801216983,-0.0015666352168305414,-0.7558297973976577,0.0005962142326625649,True,False,-1.5344806402224218,-0.0072515220817538535,0.8632608753312047,0.004041760501506565,True,False,-0.34756395583727034,-0.0014503049602543699,-0.05570668989120487,0.00030575605319035036,True,False
29.2333041,0.7769725706411893,0.0009598620799011755,-0.956834173699066,-0.002518862230019937,True,False,-0.9732766790964812,-0.0036335320722225444,0.2570397387166568,0.0017675882697500318,True,False,0.012024264119299008,0.0002763029092331615,-0.5874842890897183,-0.0005280916742294566,True,False
29.2666374,1.1170608338302042,0.00266091377992997,-1.0698980460141394,-0.0040686576763872715,True,False,0.007359520060649754,0.0009072649246244261,-0.6404152732922423,-0.0006800208981167338,True,False,0.46438687055121475,-0.0011461303091792631,-1.0927133932125104,0.002239425736024836,True,False
29.2999707,1.3978631661381342,0.001873262888745809,-1.1076690874158868,-0.001997468802856822,True,False,1.0723937655063993,0.0034983111090557887,-1.4776743794176168,-0.0029679042748181135,True,False,0.7950433629885677,0.0009378733928867376,-1.379591923193556,-0.0007708258463639315,True,False
29.333304,1.523607170260781,0.0022230607924462174,-1.0670532845516925,-0.002579654313245427,True,False,1.8461866653724384,0.00864236244329971,-1.9056706498172706,-0.008874983128591368,True,False,0.8282554849185666,0.000491055930057403,-1.3123583846761462,-0.0019144680730640747,True,False
29.3666373,1.4152768650130954,0.002983967214440034,-0.9338575429787633,-0.0036078442113235084,True,False,2.0656446100567747,0.008540543003178528,-1.7299841098788955,-0.005864020111370103,True,False,0.5011820802345921,0.0014990533705656292,-0.8708207975626678,-0.001325497033945097,True,False
29.3999706,1.0521531759257916,0.0030320707621633285,-0.6982109779423781,-0.0036018706540442537,True,False,1.683232926092075,0.004317793778795152,-0.9971347182179966,-0.001596539887185704,True,False,-0.09907795177392029,-0.00010121133811056055,-0.1756275776726931,0.0013388014730603688,True,False
29.4333039,0.494043843512222,0.0005507511301323426,-0.3714568940124499,-0.00020917904716169226,True,False,0.8775771244587864,0.002442565237243655,0.028271424791988544,0.0027486655681416903,True,False,-0.7593381942114761,-0.0035805497202588666,0.5481389689970144,0.004489429575374572,True,False
29.4666372,-0.1315055194410481,-0.0006202248915471348,0.008147408752990234,0.00024467489031495236,True,False,-0.027161887646402563,-0.001218399069672219,0.9793236481820254,0.003929175580615263,True,False,-1.225063079458304,-0.004452717568239061,1.0602734828428146,0.004293940864982645,True,False
29.4999705,-0.6756114087662554,-0.0017780993229494226,0.38488088234541973,0.0009285588850225189,True,False,-0.6935007892558263,-0.0029523182673051145,1.532687310866663,0.002342796774487175,True,False,-1.3102604996591884,-0.004652138089809505,1.201048543201389,0.003091998528302087,True,False
29.5333038,-1.025158648437258,-0.002686334241194678,0.7027203461278387,0.0031537265536523483,True,False,-0.900354966737393,-0.00487399969475223,1.522034003845759,0.005053946910315222,True,False,-0.9778499839554695,-0.002073175572156647,0.946451539933915,0.001951111238879063,True,False
29.5666371,-1.140878121373483,-0.0022953913876608547,0.920041278244893,0.0033048685090970808,True,False,-0.6231412716261707,-0.003540916521448748,0.9877953072741843,0.0035985467799508394,True,False,-0.35293688075654034,-0.0019065109741850637,0.4095184256851656,0.003644257964939618,True,False
29.5999704,-1.058572638332223,-0.0006493700044481043,1.0153761376079757,0.0015587471462998295,True,False,-0.036236508266464115,-3.9298187883714414e-05,0.15779749267965204,0.00024265648842486596,True,False,0.3306650638352652,-0.0007281117576892846,-0.1993341529212059,0.0025745368020282247,True,False
29.6333037,-0.8582158106478692,-0.00028677735467232444,0.9844640283478349,0.0010736910560382512,True,False,0.5620809380719356,0.0015895064148249494,-0.6340054114358942,-0.0011294405624365333,True,False,0.8226865189205742,-2.5431515056123517e-06,-0.6407764319788929,0.0005273306249328611,True,False
29.666637,-0.6250442208140945,-0.002351984140024694,0.8368800221320457,0.004098369107331437,True,False,0.8715190026043087,0.0022855650605596435,-1.0689587547375687,-0.0033936929286981863,True,False,0.9529302956734909,0.0016297975198810563,-0.7352940856957824,-0.0020118123255243887,True,False
29.6999703,-0.4251412553687731,-0.002796909343881079,0.5993124449574204,0.004931469641080202,True,False,0.7099679176308139,0.0015933137412298811,-0.9664727718056039,-0.004478737596928018,True,False,0.6999446534644249,0.0011794832401016266,-0.44555997533373215,-0.0003643068841388467,True,False
29.7333036,-0.29551945929351253,0.0019426588419883266,0.3181834312351444,-0.00274482552588446,True,False,0.08729222053185336,0.0006601842638216583,-0.3618844200554082,-0.002616560948853741,True,False,0.20327746718575668,0.0004905761381605202,0.09453226492685061,4.6882589128107845e-05,True,False
29.7666369,-0.2366511851663601,0.001225729326769667,0.04843969629453863,-0.0024290915227928654,True,False,-0.7932441482347353,-0.0030317698651606195,0.4973674662660074,0.0013129730271492313,True,False,-0.2951583369337375,-0.0037424536954874963,0.6365548445756851,0.005347831916046209,True,False
29.7999702,-0.21123782958678378,-0.001945883478734078,-0.16734157799237992,0.0010789911342193189,True,False,-1.6078093253005574,-0.0075637890793609375,1.2447580354194347,0.004791933640972907,True,False,-0.5623117822978636,-0.004124208995390107,0.9402422090105022,0.004758655512132808,True,False
29.8333035,-0.16346872821812256,-0.00125494419802963,-0.3111425325479623,-0.0007621657669023643,True,False,-2.034770112108771,-0.007284451887781359,1.5434243103110703,0.0017764028532458727,True,False,-0.483322375625054,-0.002309991250109385,0.8923633461703161,0.0026624520203135005,True,False
29.8666368,-0.05206967305123162,0.0012009000666449708,-0.38697082840106706,-0.003564696092153959,True,False,-1.881413905953238,-0.009176384751733858,1.2293888480259865,0.0070154806088334265,True,False,-0.10900863480371743,0.0005039190191607023,0.550650026800545,5.3138162760564803e-05,True,False
29.8999701,0.128177391405432,0.0012780253039333773,-0.4131339942506507,-0.0030602038976534425,True,False,-1.163793592839427,-0.00593220909426281,0.3891432033397117,0.0011889427360786313,True,False,0.378955625382148,0.00030581677628769964,0.09565868232116816,0.0007219134820820795,True,False
29.9333034,0.3470793796829025,0.0006272505626247289,-0.4139345690644879,-0.0014108045631406481,True,False,-0.10532306859062805,0.00030633322114389665,-0.6656378853521044,-0.0025029988719925374,True,False,0.7545860633060747,-2.8809076425205128e-05,-0.26692198195185113,0.0005489577193121441,True,False
29.9666367,0.5511445123234213,0.0006629108925219056,-0.4076114594807949,-0.0010039738147380772,True,False,0.9479279452316437,0.0019059514562686764,-1.5250796103454751,-0.0058837434113219456,True,False,0.8376788233424508,-0.00017694090912398895,-0.3964320655088187,0.0004892925881993328,True,False
29.99997,0.6784788914921275,0.0010595784537619892,-0.3943879502904376,-0.0013567542216604354,True,False,1.6612737825822441,0.006319323016237288,-1.8597394476346638,-0.010278867797951416,True,False,0.5574243382395847,0.0007215695952512924,-0.26723572679542823,-0.001310104673294697,True,False
30.0333033,0.6790539935922525,0.002539350217546008,-0.35642461246938056,-0.003324042163844927,True,False,1.8391425736842426,0.007329399541404825,-1.5665323418317558,-0.005736090875814993,True,False,-0.020264888203875425,0.0002160728423676967,0.02975622343274346,0.00038779086618605794,True,False
30.0666366,0.5392519133926243,0.0031879461510486975,-0.2734990184186073,-0.004362690923038394,True,False,1.4935978695805,0.00541007880791128,-0.8072489315159226,-0.00033140255320905133,True,False,-0.7079715539215025,-0.001327464138050503,0.3317099085821051,0.002030744536501502,True,False
30.0999699,0.29538002751757564,-0.000516735549636422,-0.14164266816776463,0.0009685563244072938,True,False,0.8247387947484693,-7.252350568358097e-05,0.07811261878279238,0.0007991587087015687,True,False,-1.2590389795026282,-0.004348756578115307,0.4787863989476981,0.0026279768225029336,True,False
30.1333032,0.020893792595051783,-0.000996292750774756,0.021444935379373517,0.0010260590787100842,True,False,0.12275504393256123,-0.0003303457748548861,0.7315450790410627,0.001568902814167147,True,False,-1.4628536146614748,-0.0049513367224224905,0.38354055857710045,0.001450944316118284,True,False
30.1666365,-0.2056827274972589,0.001353713984762333,0.1844537548671589,-0.0024867956267064987,True,False,-0.36099472989263226,-0.0021815928639264187,0.9282247571263256,0.0007655014798520963,True,False,-1.232769879406848,-0.002872659752089948,0.05746957785712808,-0.003530152728716475,True,False
30.1999698,-0.3286369882606988,0.00047242439107279637,0.3119229497448289,-0.0006650881695438663,True,False,-0.5141502756524348,-0.0029216231670482267,0.6574848877917427,0.003712264557775176,True,False,-0.6413028702376752,-0.0016077023308703753,-0.4106730359288042,-0.0003784124800486943,True,False
30.2333031,-0.3270399244036059,-0.0007737916239694433,0.3711831210539332,0.0015796168800002093,True,False,-0.39397411805514165,0.00032786207580949784,0.11235997824074641,-0.0026091232499660497,True,False,0.11469118386829052,0.00034120289433959194,-0.89469909461679,0.0008204907406369118,True,False
30.2666364,-0.21696858879020955,0.00021059677720422992,0.34247228165527893,0.0001379387488154219,True,False,-0.18215774885253086,0.0015000078113303252,-0.4010157007206571,-0.003237431833380617,True,False,0.7972561870043834,0.002547665171077048,-1.26283814353786,-0.0028265185517932397,True,False
30.2999697,-0.048700259894923145,0.0006422251812004377,0.23135944575522693,-0.000441138723572548,True,False,-0.09069963658693293,-0.0005305659081652334,-0.5958516480629683,-0.0022776080989291886,True,False,1.2166702489894463,6.0739595483554836e-05,-1.4062229536301303,-0.003571169398128667,True,False
30.333303,0.10514955447984238,-0.0013830066116475306,0.0737288474904949,0.002417945118930674,True,False,-0.262758436202506,-0.0011045751415498595,-0.3247488781790116,-0.0007172547840644585,True,False,1.2909274243340094,0.0029706704759099034,-1.2732461416682497,-0.0036386599656535474,True,False
30.3666363,0.1744846456800885,0.0024784784509227086,-0.07466240060861919,-0.0031878094818782125,True,False,-0.7055801329850011,0.0007717743261095385,0.3563728088383081,-0.0008980402587148798,True,False,1.0613903369171558,0.0021490120749403153,-0.8948391831927591,-0.0011611972120781548,True,False
30.3999696,0.1258840044089413,0.001040866407241917,-0.16376992584244754,-0.0013515869231978648,True,False,-1.2757655423397198,-0.0007847494229937975,1.198028313403319,-0.0008289469318749757,True,False,0.6676977269745108,0.0009535234201148426,-0.37858343565605423,-0.0010327722887526133,True,False
30.4333029,-0.010629819125296064,0.0030923581723111757,-0.17775179709557642,-0.0050860023443761605,True,False,-1.7258265251569107,-0.0049584787754055025,1.839729740539667,0.0053624122744813565,True,False,0.291034659783828,0.0004411180022314103,0.1288938665261747,-0.000841170373149486,True,False
30.4666362,-0.14744862008108794,-0.0014767409901930673,-0.14481035624651095,0.0009132010028923511,True,False,-1.8055813494519264,-0.0068704868446085796,1.9488511634499768,0.00498846086510267,True,False,0.08181363676445698,-0.0006738884661273047,0.49278880730892066,-1.630281712946034e-05,True,False
30.4999695,-0.18735498965918648,-0.0021747011681810457,-0.115633651541997,0.0022699710114780338,True,False,-1.381893010594603,-0.0067605349359833545,1.371227317420471,0.007081799005182368,True,False,0.09762063625861168,-0.00017066372548894972,0.6361076014538118,0.0005643318650215482,True,False
30.5333028,-0.08626537362409446,0.0007797805203762006,-0.12481610461107887,-0.0016433487495665752,True,False,-0.5160059571093462,-0.0010581219521260013,0.2244506419374652,0.0001761900344739483,True,False,0.27781500103702395,0.0004959572261708565,0.5689380906287799,0.0005901515401476313,True,False
30.5666361,0.1163413104099546,0.001335640628351814,-0.16746568877537393,-0.0020220919658436153,True,False,0.5495926034284054,0.006951274683099958,-1.123038112425359,-0.004944380447316189,True,False,0.46759269941510273,0.0006786460716870491,0.39043899953578814,0.0003881040876456784,True,False
30.5999694,0.3210816215530809,0.0031506098766818495,-0.20810417119522248,-0.004134242244603443,True,False,1.4916331081104908,0.00823460871501075,-2.189826507540773,-0.007456098928687262,True,False,0.48381867033006837,0.0010042266363594,0.25522590150883506,0.0007702000839384374,True,False
30.6333027,0.4236645038071365,-0.00021651305289717795,-0.20782016834939052,0.0010246759770904967,True,False,2.0378234443396304,0.00755131817903666,-2.576622808831276,-0.009931296776746205,True,False,0.19818519120145928,0.00046388396976313314,0.3066532813861752,-0.0022466634290989732,True,False
30.666636,0.36281531780773296,0.0007977671798855775,-0.1452654754111889,-0.00025290990159721995,True,False,2.0631119985977686,0.005875589921519646,-2.1297025260691123,-0.006925010638354862,True,False,-0.39409658381595286,0.0008992044699341333,0.5996776442222062,-0.0026040107700098145,True,False
30.6999693,0.1423203647028509,0.002534838601384362,-0.02299253070566498,-0.002921975774859141,True,False,1.6185904909938345,0.006091593477628621,-1.0018539020335273,-0.002276683053933208,True,False,-1.150335603932894,-0.0020962261692120754,1.055907647299054,0.0025629817746298917,True,False
30.7333026,-0.1721610550086294,0.0006613342829002534,0.1355456252406832,-0.0006347012763296019,True,False,0.9012070876600369,0.0076370331205477095,0.4101804240159803,0.0028440276241393113,True,False,-1.8190614267329914,-0.0039616126252309475,1.4862246250581153,0.00408796499455158,True,False
30.7666359,-0.480087743100894,-0.0013409087521202771,0.29622611140537036,0.0017163288795367642,True,False,0.18455059454276063,0.00023948847480546184,1.617072670025248,0.005034330249934782,True,False,-2.133409527918962,-0.003651200921485361,1.6715096844867299,-0.0004963384126592442,True,False
30.7999692,-0.6913908426903932,-0.003364055613546814,0.4313401367924306,0.004242923032423251,True,False,-0.27326324972932564,-0.0006137609933064548,2.2096807499336553,0.0033063641739815857,True,False,-1.922253670484619,-0.0060678793350361585,1.4540168492515946,0.0014662521355685567,True,False
30.8333025,-0.7652231435312037,-0.000453410333091175,0.5314557446521859,0.00043604159961350335,True,False,-0.32185823123141677,-0.002009040054730962,1.9917856506858123,0.0073749249510901786,True,False,-1.1890421356604688,-0.0016211593473269266,0.8015196680981446,0.0008308931595712973,True,False
30.8666358,-0.7116975226866016,0.0015199011852088308,0.5962366918276234,-0.0018596451900955448,True,False,0.024447275895340733,0.0019400323130268373,1.0399549235203587,0.0019326625792128154,True,False,-0.1203771327033806,0.0011148310007449978,-0.16701008317333418,-0.000412318561562,True,False
30.8999691,-0.5578046994944391,0.0012865633085196193,0.6099609741094238,-0.000951674719930191,True,False,0.5926796632796664,0.002990165524655009,-0.31890743641173847,0.0006404942019291383,True,False,0.9797372287732891,0.0019110055173767692,-1.2010335624343293,-0.003045331872573282,True,False
30.9333024,-0.316612052930486,-0.0015044281069256885,0.5315783807575739,0.0034153737815861623,True,False,1.1181600403231642,0.003609168943140756,-1.6079704880657275,-0.0009951110508684103,True,False,1.7974844620165071,0.003997328516352481,-1.990177140667699,-0.0045031657407233324,True,False
30.9666357,0.005970358161401571,-0.0016417731562693937,0.32019332218330454,0.003513184677067078,True,False,1.34415863266297,0.0040067397662306966,-2.3592795744341735,-0.007312116797962761,True,False,2.113370146258577,0.003267021799899738,-2.2746213085766955,-0.006218537027380684,True,False
30.999969,0.3781994104285,0.0003175976492562841,-0.02110293423901523,0.0008027672252924551,True,False,1.1192414901029188,0.004916902533427693,-2.28953129402895,-0.011043503752654844,True,False,1.870714412164368,0.004548667842278503,-1.9535110751361349,-0.005778673884075502,True,False
31.0333023,0.7262636269916505,0.003317274175408461,-0.4235718064263242,-0.0039027946229220037,True,False,0.46148520406704036,0.0037889180927318028,-1.425747522295135,-0.0047427594656819245,True,False,1.193212517440849,0.0041213723284700375,-1.1403378439250806,-0.0036183859043558775,True,False
31.0666356,0.9589209091877695,0.002614343524596702,-0.7754810756898947,-0.0035374114808141128,True,False,-0.43597106837998945,-0.0009406305158414846,-0.1099796185285411,0.003677462829127348,True,False,0.34497813199493954,0.0005776997814476246,-0.13125397430520105,-0.0007323180466714152,True,False
31.0999689,1.0132588209914068,0.004610870564585639,-0.9725104192999321,-0.007110523700017303,True,False,-1.2703079303244742,-0.005388335642686276,1.13749602828552,0.0032098448985031914,True,False,-0.36261425313511303,-0.0013886949516572085,0.7075311499001792,0.0013563109098830449,True,False
31.1333022,0.8819436760767729,-0.0011185032682519806,-0.9596199978640605,0.0006206835934086998,True,False,-1.7483629558387612,-0.007622694696642836,1.8372857096954789,0.007904545828896062,True,False,-0.6891400779981477,-0.0022200292530789576,1.0846075753848101,0.0018766972911968612,True,False
31.1666355,0.6034267860968934,0.0006231002840445909,-0.741972739469753,-0.0018606176678613745,True,False,-1.7112607201121333,-0.00673893441006593,1.7507278192919606,0.006992114298003976,True,False,-0.5583528234709746,0.00028128888254640746,0.894880438991527,-0.0011869629051982809,True,False
31.1999688,0.23348949933004845,0.0016635964156591465,-0.3718435117371466,-0.0031283189223649268,True,False,-1.206517231888778,-0.00704191091081451,0.9751523704140971,0.005660690397648674,True,False,-0.08346625783336033,-0.0001102678260243741,0.25319616511766957,3.658937856045787e-05,True,False
31.2333021,-0.17163710344547842,0.0001855169418548421,0.06866314827141881,-0.00032249994962920764,True,False,-0.4713315111244715,-0.00020868343310549578,-0.10410542763689795,-0.0011372122336293967,True,False,0.48382011508236505,0.0014397618686991774,-0.5539912714384985,-0.0008466075853232227,True,False
31.2666354,-0.5534176885373049,-0.0012012870400054626,0.4820109191405157,0.002200011200277816,True,False,0.16894981470371145,0.0016495765392464151,-0.9862674924511075,-0.00306576157760631,True,False,0.855405450238961,0.0034239267292894655,-1.175478828244808,-0.003348116688985134,True,False
31.2999687,-0.8464591233134754,-0.00022104203593041832,0.7727362947889929,0.000533942808034437,True,False,0.44247709907332206,0.0009970343814396181,-1.2778525306202262,-0.0062095486639124646,True,False,0.8198833985268189,0.0005881476631297112,-1.3281828928722212,-0.004776055769025816,True,False
31.333302,-0.9860369622615003,-0.002108037068507063,0.8707499355314008,0.003352476192441808,True,False,0.24786762639774473,0.0022020586566816745,-0.8637341510547116,-0.0024358226361775063,True,False,0.3274414783434233,0.0028949234755229914,-0.9134354040900792,-0.003633429388874267,True,False
31.3666353,-0.9295439446610633,-0.0025757981450653727,0.7550240086411865,0.0039097763962726,True,False,-0.304957040570554,-0.00218185884897093,0.052646133052964485,0.0034394279443616185,True,False,-0.48160989148996947,0.00044454481364725813,-0.06608651825321091,-0.0014141609149804105,True,False
31.3999686,-0.6814639804859465,-0.0019404881687351092,0.46720108441494934,0.0024558233611275686,True,False,-0.9452653170767195,-0.004145960961085237,1.053365148466099,0.004817642160180153,True,False,-1.3176263616477304,-0.0011892505305395322,0.8947268312923163,0.002035567672226003,True,False
31.4333019,-0.30351328668253286,0.00038055263852313794,0.10288339623501178,-0.0014420323479364876,True,False,-1.359461381342449,-0.006770679964913116,1.6960544718346775,0.007466887993102325,True,False,-1.8461131706621503,-0.003756354027485559,1.596463949840376,0.002855989864442759,True,False
31.4666352,0.1024161212459777,-0.0010701251447990713,-0.22277888499966889,0.0006633094058063733,True,False,-1.3250260386875023,-0.0049440869036250275,1.6976963628681243,0.004018271841670251,True,False,-1.8236365388437976,-0.0035944356370578652,1.7661108589297712,0.0013590924808562894,True,False
31.4999685,0.4325220544924735,0.0026381177132607514,-0.42125798159883016,-0.0042345339514511205,True,False,-0.8041211017531946,-0.003323446460445369,1.038855764018132,0.002796578758786556,True,False,-1.2094906633020088,-0.0007491711655084936,1.3395646847582898,0.0012333533806624766,True,False
31.5333018,0.6206285765939807,0.000661302151705423,-0.4650443590884621,-0.0006816581642171772,True,False,0.039127489413667456,-5.089232778193311e-05,-0.03805644589388444,0.0025260866070503803,True,False,-0.20080213395710558,-0.0007346294148868424,0.49002897588511557,0.0029060629530496583,True,False
31.5666351,0.6584368041546437,0.00046612245122517975,-0.3925433190501188,-3.862341411790027e-06,True,False,0.9007087064681568,0.0031732569501387842,-1.123264013564168,-0.0021172307361140385,True,False,0.8294040212104381,0.0025311283335035712,-0.43163010386965345,-0.0016876892399379458,True,False
31.5999684,0.5877974734365561,0.0007633744453177412,-0.2824178232002476,-0.0005065613450343976,True,False,1.4520627890960518,0.005312328118919687,-1.7935716250703906,-0.005825081533426718,True,False,1.4729503180586072,0.0048435017797343865,-1.0319251453644218,-0.00385217984801383,True,False
31.6333017,0.47373695488829104,0.0004955192654340367,-0.21352363153169937,-0.0003361213028168323,True,False,1.4659236552711234,0.004710859067993204,-1.7776622440827339,-0.007860331594143495,True,False,1.456552414794664,0.005585447643906593,-1.04418237521867,-0.005023322660725004,True,False
31.666635,0.3753884572307344,0.0004009246146223192,-0.23130490751622887,-0.00028522345603040965,True,False,0.9080901192549197,0.004903514612036315,-1.0692625663367274,-0.00369219289246254,True,False,0.7715865942394452,0.0051109251944697264,-0.45755755972229034,-0.001953691962204415,True,False
31.6999683,0.3260381023225185,0.0016419845450857012,-0.3323061689792394,-0.002535674011901496,True,False,-0.03809583574988704,0.0013484964753909272,0.067535158938263,0.0024885647697832245,True,False,-0.3023117407478365,0.0009765623789800557,0.4672209283396668,-0.0001426485913485736,True,False
31.7333016,0.32308117690655663,0.00012970720763559612,-0.466508023516613,-0.0009379322597018583,True,False,-1.0277327970885848,-0.0020908049201488195,1.2083319074310561,0.005482652574551786,True,False,-1.3054815641890531,-0.0028390702813778724,1.3133058749982542,0.004059942357443711,True,False
31.7666349,0.32457542980118054,-0.0015567489103277064,-0.5514363368326342,0.0008861472183578038,True,False,-1.6781331694545245,-0.005060393765160146,1.940297327395124,0.0028679963249039274,True,False,-1.7981446389311262,-0.003706134646482032,1.7000704095171661,0.0028242005188066177,True,False
31.7999682,0.25648803137952964,-0.0014806534230537203,-0.49570782394179536,0.001276101310912996,True,False,-1.7194146970031041,-0.008260605736707047,2.0174238873804304,0.006568819256881467,True,False,-1.558034208509216,-0.0027116472099512163,1.4566417065469062,0.004818747103221611,True,False
31.8333015,0.04377606664796658,0.0016423631488359136,-0.23601248918148696,-0.0033013057362528053,True,False,-1.1107767230963856,-0.004082521556447421,1.4432306351421849,0.004215591324748904,True,False,-0.6786885331753508,0.00043325832570354335,0.6916572376414775,-0.00020603810425965066,True,False
31.8666348,-0.3344267021997209,0.0009391957988819634,0.216878878257327,-0.0014808565054016912,True,False,-0.06538977044558235,0.0015052561628709925,0.4603441036781325,0.002084885357803147,True,False,0.4765739605291728,0.003916111526253795,-0.2718334247474604,-0.003213183577356894,True,False
31.8999681,-0.7990233497814898,-1.372469938707514e-05,0.7507506179519761,0.00031666413107381253,True,False,1.0356138752146058,0.006996343711288577,-0.5481483048915193,-0.0027070140848750694,True,False,1.437029258681569,0.00477101313310741,-1.0572676284682572,-0.00203316381909228,True,False
31.9333014,-1.1818097153910212,-0.005140618892659999,1.178049721038277,0.008202447288923291,True,False,1.8032701174477574,0.00857852296602784,-1.214626131871777,-0.006915480939285619,True,False,1.8245974038254844,0.0054095792710182325,-1.4052451856575217,-0.0036809780211609915,True,False
31.9666347,-1.3042912562452393,-0.003907934279869648,1.3185453617265688,0.006657513465733038,True,False,1.9999623038263354,0.008409820022528054,-1.3393715660657586,-0.007119716645266152,True,False,1.5066426871930974,0.004867515086381996,-1.2737061845510749,-0.003087959419613102,True,False
31.999968,-1.0785114331260144,-0.0034523395121614253,1.0944448663177493,0.0058687383483088575,True,False,1.6273287771597222,0.0076584791595628,-0.9682083933639246,-0.0018772650597445898,True,False,0.6456425192710861,0.004147719746049699,-0.8320150899108986,-0.001431218658087843,True,False
32.0333013,-0.5623740449012667,-0.0005997602638214151,0.5778662773999204,0.0015729488296844954,True,False,0.9107407720430502,0.0034539636159641686,-0.35563251541429813,0.0004474864460011868,True,False,-0.3696643561873768,-3.0491200666715503e-05,-0.3616395221731434,0.0008833526735508773,True,False
32.0666346,0.06460489249907722,0.0009756498196206784,-0.03880611063513594,-0.0014055684727009145,True,False,0.19351996097851099,0.0008058275641960218,0.16353986059201245,0.0008236506552350477,True,False,-1.0868403805916418,-0.001553608443648148,-0.11370048318544575,0.0013921951381033726,True,False
32.0999679,0.585375899665209,0.0010568057978401308,-0.5306601123886957,-0.0022240909750798035,True,False,-0.21164568763004343,0.0003951867849510332,0.3239722458712998,-0.002657439723763677,True,False,-1.1834129747860578,-0.003728708315010049,-0.19350125888822375,2.5608775770175657e-05,True,False
32.1333012,0.8392781030304012,0.0011934118352387552,-0.7376591063579571,-0.0019857233996050357,True,False,-0.15274349920994104,-0.0011337844982680558,0.03500840936189672,0.000666147089666317,True,False,-0.6080795212993287,0.0006897395043072976,-0.527064612932952,-0.0034566300731743464,True,False
32.1666345,0.7818371936990745,0.0022266309508371393,-0.626160256291166,-0.0032165467827903874,True,False,0.30149812345925997,0.001047045868327649,-0.5882333545734556,-0.0013648880182582858,True,False,0.3965339542913419,0.0008494507705685137,-0.9150060350046852,-0.0007761582288351895,True,False
32.1999678,0.490530784845017,0.0013312039263830382,-0.2919758579709237,-0.001416414405787954,True,False,0.8950451517014054,0.005110875191562995,-1.269370824900552,-0.003672877667779995,True,False,1.401402278504781,0.003483956628882256,-1.1317906146113088,-0.00021222538865980496,True,False
32.2333011,0.11855925972793611,-0.00127007764964513,0.09242286406537895,0.002693016014493389,True,False,1.2981466253038807,0.006739314428906264,-1.6791373078210534,-0.004902293154074795,True,False,1.981393114116063,0.007790512640583045,-1.021412928220448,-0.002463094363186569,True,False
32.2666344,-0.18182409550411574,-0.002387253240895413,0.3617066753968397,0.004392451849245908,True,False,1.2525752253551727,0.005673069806457683,-1.5768589090008045,-0.009488590136740556,True,False,1.9036107557472697,0.006205839826862219,-0.5611924847333218,-0.002515079595858513,True,False
32.2999677,-0.326199616818703,-0.0009932630997492153,0.4301511922593479,0.0024346645186618687,True,False,0.6849559654950368,0.002424720554409311,-0.928344029407668,-0.006159866499520664,True,False,1.2247399715198908,0.0020139998068124314,0.12457299139411797,0.001136564766920881,True,False
32.333301,-0.31606782214063395,0.001903561537123891,0.3132266328839607,-0.0027273066252166424,True,False,-0.258603781961817,0.0006686621977549436,0.06327443945356587,0.0033901819063330975,True,False,0.2482111181519812,-0.0008746422528094613,0.8148272338003107,0.0032284085420407373,True,False
32.3666343,-0.20439525478434556,0.0012308514385653644,0.09252083951352084,-0.0022677756439523646,True,False,-1.2674685906018026,-0.0030736051854691423,1.0399403952564514,0.0025891113031474805,True,False,-0.6320079617742793,-0.0031769048861471504,1.2908740397154048,0.005588588710908942,True,False
32.3999676,-0.046967003148266614,-0.001130705620287056,-0.14100577287042043,0.0010616981437193125,True,False,-1.9886418419821645,-0.008888392284974992,1.6442768038822162,0.004691118633649554,True,False,-1.1124265800612552,-0.002324915194066047,1.43140068937235,0.0027524401113107437,True,False
32.4333009,0.11891391101665973,-0.0010437828666682934,-0.3232484802216974,0.0004741073479803592,True,False,-2.170113874739229,-0.00898547025416074,1.6690201494261185,0.0035156763968869323,True,False,-1.0952366377152403,-0.0017239865569050848,1.2488997134270388,0.0009804049216243344,True,False
32.4666342,0.26508387924586135,-0.00010880192642747188,-0.42176297690577447,-0.00031900556122075745,True,False,-1.7664778323611585,-0.0072208168084823094,1.1366106086728556,0.0046756719426633555,True,False,-0.6972760212803275,-0.00014867060390774575,0.857522528728633,0.002073699580481461,True,False
32.4999675,0.36143826393651274,0.0017058741482282778,-0.42841712178653396,-0.0029439637935146294,True,False,-0.9576958616818265,-0.003407786897543717,0.285186448347666,-0.00045397124992927726,True,False,-0.17134679602262376,-0.0022121580673045357,0.4088639200003042,0.003460235070426905,True,False
32.5333008,0.38378051967143884,0.0025560326930346555,-0.35729675514604126,-0.0038282165760118356,True,False,-0.0700150265150027,0.0005803708871511447,-0.5294538637128477,-0.0010488237340906365,True,False,0.2108510520447787,0.0010730051464570578,0.03579907064141256,0.0002877519310146067,True,False
32.5666341,0.33112359513007505,-0.0007101421363146043,-0.2443323810600923,0.0012554399616053165,True,False,0.5647984242293403,0.002639984383425606,-0.9793663868209274,-0.005774023812630967,True,False,0.2669999938696415,-0.0005761939849619448,-0.18260800173211736,0.0005865282020298911,True,False
32.5999674,0.230796380218447,0.0010054961266263483,-0.13674903960218093,-0.0012754250480992101,True,False,0.7474396405798794,0.001969847039288348,-0.8996876040955694,-0.003891903345960804,True,False,-0.02970513407704053,0.0002947825754021225,-0.2362478956673064,-0.00023716752498308634,True,False
32.6333007,0.12551673623384121,0.0001514859479704546,-0.07301723322712018,0.0001609748052119226,True,False,0.4861624961912649,0.0007881288565083889,-0.3537191632550554,-0.0014135269382201908,True,False,-0.546374243406821,-0.0033615591265088117,-0.1757828985329816,0.0022257286483085732,True,False
32.666633999999995,0.054247582584077275,0.0005106435138641005,-0.06661841974446439,-0.0008292951837664047,True,False,-0.019697718302736596,-0.0008835637392621832,0.4037540523729214,0.003872993346370511,True,False,-1.048520909530034,-0.0024318944355433973,-0.08180574749445949,0.0017000068068287176,True,False
32.6999673,0.03836448797104262,0.0005897182064600583,-0.1035753816873899,-0.0013600209827813042,True,False,-0.47669179844955156,-0.0035998173869438294,1.046179786617363,0.0026746729294535774,True,False,-1.2969304306693983,-0.0038826056908458388,-0.028261764328359824,0.0007839374327145333,True,False
32.7333006,0.0756662770666031,0.0004939668215924015,-0.15228403459778378,-0.001359355431878058,True,False,-0.632289329057156,-0.006962999822549945,1.3178860432987347,0.004843885423779047,True,False,-1.145845292578293,-0.00425220088287572,-0.06062701045374145,-0.001589914647406553,True,False
32.766633899999995,0.1405836931388571,-0.00025290930973760796,-0.17750937482952472,0.00014481085207147023,True,False,-0.3893852717407597,-0.003494162530092045,1.1348401863851818,0.0042961199606598045,True,False,-0.6066520300876521,-0.0019148929932612873,-0.18969341589195096,0.0007703639495245944,True,False
32.7999672,0.1905357538363782,0.0009454962750584544,-0.15189302877342167,-0.00127808738823674,True,False,0.1522832294282108,0.001895359637058787,0.6059658756872018,-0.00015491911661696974,True,False,0.14692381270074056,-0.0023746471943588577,-0.3853222520453418,0.003849619329833092,True,False
32.8333005,0.17986393663676103,0.0009458151469608304,-0.06368141979920551,-0.0011230333832831995,True,False,0.7453368598198247,0.0007855528583092876,-0.025488722385409283,0.0007673527695113276,True,False,0.837866658282399,0.0002487637396427113,-0.5695585674723739,-0.0005218270361843656,True,False
32.866633799999995,0.07866982315007572,0.0002907996704143845,0.0789546015553679,9.188799647816205e-05,True,False,1.105381805612092,0.0024601601703164743,-0.48965977985574766,-0.0014324544290769705,True,False,1.193041943820153,0.0019615285106737864,-0.6333724837209267,-0.0008176761447275994,True,False
32.8999671,-0.11209816204194904,0.00012192286368904028,0.2489600641911257,0.0002591315829919362,True,False,1.030304461015898,0.002622524811016663,-0.6007392038994804,-0.003847990235516688,True,False,1.0608526215545002,0.00232441933454801,-0.48960400920492664,-0.0011910229382893962,True,False
32.9333004,-0.3569564177047594,-0.0008079588739286383,0.4080524703834243,0.0017926822153223165,True,False,0.4836691457882748,-0.00023656185207273785,-0.328083978775712,0.0007869481525510352,True,False,0.48726097081293357,0.0015988511282104337,-0.13305493940266017,-0.002317791870945217,True,False
32.9666337,-0.5943729166808185,-0.00025472676593262054,0.5179344485606003,0.0005413668597507539,True,False,-0.3827034933844724,-0.0005330793073185288,0.19748043855498676,0.0018993660102128327,True,False,-0.2942003881806928,-0.00408231277010638,0.3406888406542235,0.004420323586840746,True,False
32.999967,-0.7541691350407322,-0.0004169735062429647,0.5505495961971403,0.00031447447045177484,True,False,-1.274310886009033,-0.0029184237284005598,0.7400528992056623,0.00035949446310437773,True,False,-0.9620625138861982,-0.004808320277326932,0.7774099576133328,0.004666121110673806,True,False
33.0333003,-0.781028310250333,-0.002528480900773162,0.4960674532333155,0.0029723369129514036,True,False,-1.857970675135834,-0.010434696956787165,1.050613104462359,0.00513611170526022,True,False,-1.245887440062612,-0.0030350919541481296,1.0356218566752764,-0.00045341741957900155,True,False
33.0666336,-0.6586906059824177,-0.0012198325231111428,0.3685503115414885,0.0009911672775069597,True,False,-1.8927411594986472,-0.008206745569000203,0.9604104139173683,0.0002846114840377267,True,False,-1.0324149064161026,-0.001959912001354559,1.036198591343802,0.0011013956282305193,True,False
33.0999669,-0.4217868585840101,-0.0013232282215844982,0.20484216259602073,0.0016237119524867305,True,False,-1.3341736390526169,-0.007215051304680302,0.44741081553644174,0.0055923304235177725,True,False,-0.3973812769696406,-0.00037214693233915197,0.77493676849571,0.0017166057830217132,True,False
33.1333002,-0.1419267784456336,0.0005033387767889311,0.05035127316413294,-0.0009329061381881321,True,False,-0.3586665914578009,-3.309041248995526e-05,-0.34675059748163295,-0.0009884755924120753,True,False,0.4309891145115339,-0.002673026958266255,0.31948775150504094,0.00298836914260263,True,False
33.1666335,0.10962223643396618,0.002155100389581421,-0.06580362568560406,-0.0030185795099638454,True,False,0.708122732476055,0.004714035517189665,-1.1625418824514369,-0.004474874992831957,True,False,1.1518317036697514,0.0017411457796323842,-0.19965359412891445,0.0007867235435440631,True,False
33.1999668,0.2995645161167824,0.0007167255105861805,-0.15032598259966592,-0.0008305322352054355,True,False,1.5228856865531295,0.004772989775476376,-1.7206468955093566,-0.005694438743590271,True,False,1.4956534808530841,0.0036541121710826183,-0.6213644402373756,-0.003109659263177658,True,False
33.2333001,0.44232776118718214,0.00018868006462365356,-0.24104095298491898,0.00029226893096012305,True,False,1.8526359116324256,0.004470906999163858,-1.8317365445885272,-0.0035591235660934997,True,False,1.328506070121791,0.004166416377770248,-0.8154349052101055,-0.003523686343606308,True,False
33.2666334,0.5739562835536474,0.00040663332097285403,-0.37540894779552636,-0.0001062618327099702,True,False,1.6488712523316327,0.005598531432211975,-1.4685661174016713,-0.0052539298339074735,True,False,0.7133316769274607,0.0011254407371054096,-0.7412426930327747,-0.0004498484770897041,True,False
33.2999667,0.7110579165534977,0.00221446190415549,-0.5529459236890274,-0.0028302059208265666,True,False,1.0515800589533078,0.0064202911492717285,-0.7729620059941801,-0.0016708396245627012,True,False,-0.11071514412935364,-0.0021415093750429964,-0.4610884098282295,0.0007632827274617014,True,False
33.3333,0.8249575736329636,0.0003946619079435781,-0.7186823460116986,-0.0004958063886836451,True,False,0.3297086017864936,-0.00021115417376094654,0.0002331251390573715,0.0022606941229347736,True,False,-0.8277174796995942,-0.0011667666833559515,-0.10294660099697327,-0.00012015927071622599,True,False
33.3666333,0.8470813099043166,0.0018932937334950662,-0.7804015692955317,-0.0034726007635972967,True,False,-0.22416684062778625,-0.001262947960046371,0.5786399084884014,-0.00019469337196552854,True,False,-1.1743567360623883,-0.0030132853309390944,0.19347674472101659,-0.0018833604218880388,True,False
33.3999666,0.7035194779889506,0.0015322544707668194,-0.6533782122315396,-0.0027003865961500208,True,False,-0.41076301421061645,-0.003550237188701209,0.7718077384762534,0.002906211244591823,True,False,-1.0405611057566235,-0.0012315372944756247,0.3182370451415686,-0.0014452252983542776,True,False
33.4332999,0.3633111091808115,0.002604627661632294,-0.3121045911462353,-0.0038528442805075345,True,False,-0.20360885529411427,-0.0002320787576958248,0.5416995149711044,0.002451687069016007,True,False,-0.5058206901552235,-0.0009011155453932295,0.2218165204626699,0.0015781550753217286,True,False
33.4666332,-0.1259718428780228,-0.0004416709093082303,0.17943000015049726,0.0010984866476485319,True,False,0.24701030821005737,0.0036731793817473975,0.022768817398851164,0.0016712469638914063,True,False,0.1952298027172183,7.866481331703054e-05,-0.05702483395747392,0.0015864137273169639,True,False
33.4999665,-0.6411150612175772,-0.0016365506852529218,0.6809921340615751,0.0031586987589229515,True,False,0.6859296310694549,0.0025918681535692287,-0.5199393526614989,0.001208848523006268,True,False,0.7635387254232759,0.0012807652235035587,-0.3844285671152374,-1.0663911133482028e-05,True,False
33.5332998,-1.0286359494800232,-0.002823007051474172,1.0306718355174673,0.004856630014817505,True,False,0.8636881393745434,0.0025875139919404578,-0.7924920531142313,-0.00410349435398271,True,False,0.9543847596917435,0.004805212396980185,-0.5767618753965617,-0.0045728981352606834,True,False
33.5666331,-1.168424868856031,-0.0012757423195644162,1.1127052152949761,0.0025335768121457483,True,False,0.6385512016813312,0.0030342277835931778,-0.6039267241342166,-0.005452979967125265,True,False,0.6829810563206826,0.001967493839746637,-0.49469536012874044,-0.001810772909461327,True,False
33.5999664,-1.0224254610111343,-0.0029962806921593897,0.9047745450960747,0.004773650111993259,True,False,0.03617985777562908,0.003363948022663116,0.032027377449004114,0.0005329806202264656,True,False,0.0695329151349568,0.0017139659236939254,-0.13194096131694627,-0.002070998562721815,True,False
33.633299699999995,-0.6485240184014832,-0.0003697077526917423,0.4859285869385706,0.0002956319357096433,True,False,-0.751560641745099,-0.0025989623022456628,0.8866739783915049,0.005693004937640377,True,False,-0.6052941510604193,-0.0017941230133990875,0.3635487309407595,0.0017919570686770697,True,False
33.666633,-0.17775463029129304,-0.0012612499468558286,0.005244137119598603,0.0013217794270123386,True,False,-1.4330816475677657,-0.004943495567614451,1.6106611125573733,0.005008082236285247,True,False,-1.0205014036584967,-0.0017947548122979886,0.753547921934116,0.000518062541607624,True,False
33.6999663,0.23557256356870596,0.0002146853600752114,-0.375661018165366,-0.0011264375251844449,True,False,-1.7294314040601388,-0.005222612281546026,1.8837539479986825,0.004614994236347208,True,False,-0.9565948823393693,-0.0028020043785494993,0.8233220037948638,0.0018850314265051443,True,False
33.733299599999995,0.4741803148281961,0.0023200713853429823,-0.5457515096692835,-0.0038557067311156914,True,False,-1.488525827913183,-0.006440124404267962,1.5491759427986598,0.007102021253916075,True,False,-0.3943439175378989,0.0007395364741643394,0.4878194399385365,0.00045164075869758073,True,False
33.7666329,0.5051463633413956,0.0029727531849739917,-0.4886301024798118,-0.004521386401229831,True,False,-0.7524104853111451,-0.003754256653734864,0.6814989710840931,0.004418142880214041,True,False,0.47241258179320095,0.0001894758162994382,-0.1576090805028133,0.0025805599525045133,True,False
33.7999662,0.38735917791058166,-0.0013733448015178526,-0.2838760257936028,0.0023308094564123923,True,False,0.2532603883181406,0.002989506021121464,-0.43617583842558,-0.0016835200551515413,True,False,1.3132491573481437,0.0036026019278193894,-0.8676328874254321,-0.003396760830736757,True,False
33.833299499999995,0.2280027869382933,-0.001486071116100595,-0.05924424668287629,0.0025142676242749865,True,False,1.205447222628907,0.00659370999087232,-1.4217768414420096,-0.005011621308409546,True,False,1.7946557904313947,0.00437179867524212,-1.3536931919154653,-0.004637788429624928,True,False
33.8666328,0.1143384783784806,-5.612908170251949e-05,0.07966242366283517,0.0005160712184948627,True,False,1.8068230855350456,0.005635393022809799,-1.9475299722738286,-0.006717284161431322,True,False,1.7177389184626606,0.004797916618144347,-1.4204245645323565,-0.0035312455945395883,True,False
33.8999661,0.06939638657372116,0.000977521031836536,0.09759629024983472,-0.0007768260735423693,True,False,1.8897856262846153,0.004700187632451,-1.8663696265450118,-0.0032072672714516643,True,False,1.1033012368021307,0.0035700944552148274,-1.0572064367919993,-0.002340026749928487,True,False
33.9332994,0.057933078587041054,-0.0007850334154144128,0.030855729360041318,0.0016706213391088941,True,False,1.4632189112021439,0.00575379473173058,-1.255166587980136,-0.002004522476129921,True,False,0.18447433213225817,-0.0009368340647585205,-0.43209754641264475,0.0006455599299460756,True,False
33.9666327,0.028571929645826707,0.0008053426558261554,-0.049125326038954066,-0.0011583306231442085,True,False,0.6958174492775044,0.004908671011150911,-0.36546486811948997,-0.0009684766105266473,True,False,-0.6932775101394689,-0.0021527650308279353,0.20317699261018043,0.003448402611419929,True,False
33.999966,-0.04033843942944656,0.00013551399449330016,-0.08383155658804982,-0.0007091580193573184,True,False,-0.1523350925803649,-0.003463921982879709,0.48550808089448017,0.004414336589933606,True,False,-1.2194251351419871,-0.0021943405786587255,0.6357151751622716,-0.00020107560825452584,True,False
34.0332993,-0.11845532690204269,-2.6079093247416213e-05,-0.06233046001147638,-0.0008966192704125285,True,False,-0.8290389426565117,-0.004593154212308711,1.035112687106834,0.002226548171362092,True,False,-1.2455081477150352,-0.004677619919844903,0.7732275305408065,0.0015298030306148255,True,False
34.0666326,-0.1385831709171158,-0.0006241219467409876,-0.02462061950756836,0.00017196088036917125,True,False,-1.183710592172833,-0.0037587430073311645,1.1633759840138025,0.004652036618456558,True,False,-0.8377736360102942,-0.002300988070961172,0.6555991056831125,0.0020821223136777006,True,False
34.0999659,-0.043608383676789715,-0.0026330130483315254,-0.03048833793706516,0.0035704007223150047,True,False,-1.2133859868233825,-0.004402688789394166,0.9219354481869639,0.003409827992496598,True,False,-0.23479745202705513,0.0013064828016922027,0.4115185152661991,-0.0004982910387096466,True,False
34.1332992,0.16270337119559128,-0.00035994861943261514,-0.11252457673465692,0.000755391864358442,True,False,-1.0418221129733063,-0.0029364731220131667,0.4990904866742623,0.0016947492404441645,True,False,0.26885786488312224,0.0003846452533114485,0.19294915361514356,0.0016923033553505073,True,False
34.1666325,0.39826165286888954,-0.0002637548371002016,-0.24602531236590724,0.0006710689768893922,True,False,-0.8475810866514917,-0.002254422329702881,0.13622111612015214,0.001595523036348625,True,False,0.45546932539642476,0.0005911940104322678,0.11579386523974987,0.001570033866139132,True,False
34.1999658,0.53815484637453,0.0017028212334554464,-0.3591907635508904,-0.002222923217186613,True,False,-0.7772573147501651,-0.0031703525132294598,0.02569931280048061,-0.0027694422420251456,True,False,0.27024015431654524,0.00024247938586160572,0.22337322396540066,-0.0006083305783230843,True,False
34.2332991,0.48658743748840727,0.0015915857932547227,-0.37831885179012786,-0.0020585298828940364,True,False,-0.879953937619974,-0.003418161418154344,0.22926992374214752,0.00333158584356581,True,False,-0.17201098129346196,-0.0017917598881424404,0.47796380572202984,0.001744989144863326,True,False
34.2666324,0.24129876117737306,5.792997199025359e-07,-0.27753343162584093,-8.772169840943344e-05,True,False,-1.085903962149593,-0.002625396005848886,0.6509408092787612,0.0011294216356578428,True,False,-0.6516417859424576,-0.003438183451264536,0.7801334708143667,0.004442329795719003,True,False
34.2999657,-0.09178311890558938,0.0004243025704653322,-0.09997984304554422,-0.0014746815668835625,True,False,-1.23525380274186,-0.0037090759490154006,1.0755173386677606,0.0025841981627584385,True,False,-0.943845479739333,-0.0025282702164209033,1.0076241385700135,0.0011549582550993524,True,False
34.333299,-0.34710173076208395,-0.003644476340566774,0.06359709953112558,0.0040255837277672095,True,False,-1.148602172040694,-0.00542770089976912,1.2567091933291192,0.004525110434029282,True,False,-0.9075012076786859,-0.0029315861349629114,1.0548057366307362,0.001645668096876737,True,False
34.3666323,-0.3868911409819937,-0.0018955772545292044,0.1266338602431117,0.001940991515529912,True,False,-0.7158438070674138,-0.005647124909854575,1.0225637821589328,0.0033796910385319404,True,False,-0.5309492847431591,-0.0013134092590011183,0.8603327078129503,0.0016375967902588716,True,False
34.3999656,-0.17820491818282025,-0.0007867535028335772,0.057898533458468966,0.0008731217031363518,True,False,0.03566221890247599,-0.002047183657127022,0.35936714322948404,0.0032498144750626634,True,False,0.07216205217850752,-0.0008032739146119596,0.4278313173951788,0.002914525972377132,True,False
34.4332989,0.18435420214846804,-0.0008359380824736394,-0.09843266584199266,0.0014088224311092673,True,False,0.9330432353238779,0.0036876498189569785,-0.5634578443137336,-0.00044656503013761707,True,False,0.7048497380122318,-0.0004127670965259745,-0.1589284780041047,0.0018509478066938846,True,False
34.4666322,0.5213847990283179,0.0010239289167074622,-0.2443463978790149,-0.0008843239271966499,True,False,1.7215476170711839,0.0066664931141331915,-1.447714570073569,-0.003710944719342992,True,False,1.1496098640154397,0.0006126530693886844,-0.7442192931438358,-0.0009513173298908717,True,False
34.499965499999995,0.6533519390618016,0.0013120064565023768,-0.27831758933400585,-0.0012404459113179737,True,False,2.1692740721899204,0.007222747390042106,-1.9861128048241783,-0.009583864093654379,True,False,1.2379673239248714,0.0015808807670737522,-1.1488227434539247,-0.002992164030572699,True,False
34.5332988,0.4859619511320656,0.0009446951892582202,-0.1479469851326361,-0.0005694308440611514,True,False,2.1591705686728018,0.005378725501472742,-1.9952447750427171,-0.005896649959737379,True,False,0.9119702618372305,0.0018396955582639703,-1.2446584001397962,-0.0026067859571874256,True,False
34.5666321,0.056052915267862886,-0.00021629041135241812,0.12232689916124342,0.0012600561713085167,True,False,1.7273606370169623,0.00375615312197375,-1.4940572297801993,-0.0027138285441306604,True,False,0.2566614490427538,-0.001110102458360154,-1.0132197148965647,0.0004395934652457431,True,False
34.599965399999995,-0.48408959849193234,-0.001583554601673514,0.44293442638496006,0.002538492580388613,True,False,1.040224198571531,0.0029867290338879884,-0.688184755032205,-0.0005947462106824121,True,False,-0.5162195730497008,-0.0009688959831460945,-0.5543420431223431,-0.00014686327530700027,True,False
34.6332987,-0.9364598373814932,-0.0038896728237683116,0.7031786210487577,0.0050388835139018534,True,False,0.3285804269275871,0.0005342860901107222,0.12370636337179955,0.0021222709044637976,True,False,-1.1359880137155447,-0.0032418713428817494,-0.04801227659595525,-5.5191758098315074e-05,True,False
34.666632,-1.1462951714477898,-0.0028117702952871024,0.8227447938068951,0.0031164939217123307,True,False,-0.19492593863802177,-0.003344065389131667,0.6678540461665602,-0.00016695925674281676,True,False,-1.3720601067042417,-0.004231386710703044,0.3063185211485909,-0.001424261556435778,True,False
34.699965299999995,-1.0655746130375445,-0.0029700183219390137,0.783191418868173,0.0037469493923028116,True,False,-0.40940924063893996,-0.0029097485583782084,0.788185167559187,0.0013010710016854504,True,False,-1.1281793896359955,-0.003557216055427685,0.35710964520638283,0.0007444138636119782,True,False
34.7332986,-0.7616569403370264,-0.0004395373284452206,0.6256206104764973,0.000732762799202515,True,False,-0.325115221644462,-0.002898300900280972,0.49245267199694537,0.002214672232167803,True,False,-0.4917353761535762,-0.0018695735328601354,0.06868515456936518,0.0033472234142033147,True,False
34.7666319,-0.3741713121949538,-2.9453884438976928e-05,0.4218308973701916,0.0004307045007287289,True,False,-0.0715287753400233,-0.0016983575559247639,-0.05088541690576728,0.004907684654569959,True,False,0.28928039170845204,-0.0013797989048719597,-0.43356488026304374,0.002549048957689315,True,False
34.799965199999995,-0.05018006253539147,-0.0026509418982652868,0.23990424438546423,0.004579263663645932,True,False,0.1627722723632437,0.0007932282006843412,-0.5688308149385186,-0.002669078856228375,True,False,0.9013732580790664,0.0021523427293567857,-0.887343989627014,-0.0022594987377074736,True,False
34.8332985,0.11111832458979398,0.00032012839908125685,0.12088932737836319,0.00024418650267232756,True,False,0.21348068147872526,-0.0011442851153182737,-0.7920763147526887,-0.007046001674925662,True,False,1.0999946634719466,0.004750059109548063,-1.0111103893950473,-0.007515248431744601,True,False
34.8666318,0.0911195350039894,0.001468031896941524,0.06817773316190918,-0.0017470325547409296,True,False,0.011494173303664541,-0.00046242865132699226,-0.5795466473226781,-0.001558941525412672,True,False,0.8240601212383649,0.001980139933011621,-0.6636912350483712,-0.001536707183310664,True,False
34.8999651,-0.04156506129411453,0.00031235821738996074,0.046709123051228485,-0.0002507824999898751,True,False,-0.3877031865771785,-0.003177307266609209,0.008837879979179931,0.0020788623866820413,True,False,0.22822173898676884,-0.0005361184211306061,0.06100240118776472,0.0006325178357207419,True,False
34.9332984,-0.1588220832179409,-0.0008064833399873951,-0.0026023020883893873,0.0006496352316856297,True,False,-0.8265256022332788,-0.0042486791122878995,0.7364566094144112,0.00321423472153805,True,False,-0.39061832606865926,-0.0019148816632367871,0.8734796234701038,0.0033870964916447033,True,False
34.9666317,-0.1350936655444916,-0.0020030597828135416,-0.13022013772238053,0.0015998576733659371,True,False,-1.109532490514762,-0.0048312709632989575,1.2940543449536175,0.0028828915054162066,True,False,-0.7345633610648484,-0.0015418561506145593,1.433905367262653,0.0021023178700795057,True,False
34.999965,0.08351863031616101,-0.0006968349957689856,-0.3425763846888578,-0.0003238435246531915,True,False,-1.0852408630782389,-0.005499079608571448,1.4286876207367485,0.0031317969951319452,True,False,-0.6405016319973785,-0.001953047385494625,1.5127809349303674,0.003217267970414688,True,False
35.0332983,0.44583058112197255,0.0011360577211231287,-0.5898335455816629,-0.0023894974644308605,True,False,-0.7156592152947526,-0.00624114509305995,1.0489586206483903,0.0065253803207014965,True,False,-0.14882130873574564,0.0006595744656078354,1.087764059812629,0.0017104959249966193,True,False
35.0666316,0.8213025764951719,0.00339429243600589,-0.7891410965898531,-0.005316399478907761,True,False,-0.10501047767246448,-0.0026887162790678954,0.2734029361214364,0.003898301939445317,True,False,0.5182594612264834,0.0019160466145199998,0.34344725524369957,-0.0006375873424919408,True,False
35.0999649,1.0678376286971785,0.0026969699237111068,-0.8689470881863576,-0.0037724170461327527,True,False,0.5309174788230641,0.0006801690454310665,-0.6035082508030788,-0.0024596605427499394,True,False,1.0525221773649005,0.002297824852359938,-0.41532401671221064,-0.0009375649166287162,True,False
35.1332982,1.0971423542697134,0.0022771446392013616,-0.8037904059443781,-0.003192158586062103,True,False,0.9497262504599818,0.003427797987234978,-1.2300377851844462,-0.006038479455026981,True,False,1.1876292465463667,0.0033303838566159922,-0.8952171730856433,-0.0031380701143131546,True,False
35.1666315,0.9016748128974661,-0.00033852991666727633,-0.6181839145771335,0.0009296234269616136,True,False,0.9866387037352398,0.0018977622833170093,-1.3538920947116724,-0.005313842214817527,True,False,0.8105894992006933,0.00361713039577072,-0.935660813200943,-0.004543860826894832,True,False
35.1999648,0.540964247250787,0.002386306044807826,-0.36419409603956343,-0.0031260018039307004,True,False,0.6286385567439725,0.002348023000106442,-0.9355565736969044,-0.0011712449589731367,True,False,0.016137685253974143,0.0009051266400578837,-0.5684700169871885,-2.5402337343410068e-05,True,False
35.2332981,0.10997795791665559,0.0007902056997766606,-0.09477581499077191,-0.000953550149939029,True,False,0.02281080967474665,-0.002589458461110971,-0.15840717398720855,0.002566593596529289,True,False,-0.9199474650894583,0.0003137182522037692,0.010436108499261108,-0.0015065835201970904,True,False
35.2666314,-0.29139494007069894,-0.0007501189743175854,0.15098474163862646,0.0006556068537432355,True,False,-0.5848779833959,-0.003720882538199836,0.6605540924201931,0.002858576403621475,True,False,-1.6447551978219597,-0.00428981801832938,0.5407595554814801,0.004260410549595059,True,False
35.2999647,-0.5835948471396692,-0.0006077996178803478,0.3504193681128237,-0.0002830045030937263,True,False,-0.9526306214064968,-0.003168730227402097,1.2047481291858835,0.0007575826589472594,True,False,-1.870699140355634,-0.003969948280303766,0.813754389656869,-0.0010013918990461775,True,False
35.333298,-0.7257050740963078,-0.0021561919899373075,0.4935513172517119,0.0027593098426455746,True,False,-0.9437984675946881,-0.007460083540707604,1.27806402340484,0.007401949509789825,True,False,-1.493762965951797,-0.00135787938232465,0.7453924106957837,-0.0005625874898565291,True,False
35.3666313,-0.7199806187594527,-0.00021988846714856935,0.576424307809438,0.00045637922636654197,True,False,-0.584558912543475,-0.002812952901144035,0.8748418484016356,0.0032978346242346465,True,False,-0.6329826929161776,0.0006780214633288438,0.3842817057531824,8.425901632686662e-05,True,False
35.3999646,-0.5993788692008631,0.0001840953662032124,0.5937447596312433,0.00011974301434644829,True,False,-0.05309667685605787,0.0008819127764380105,0.1802364794986674,2.8584998212802465e-05,True,False,0.42185601228931907,0.0009468234626522921,-0.1261493239732189,-0.0004986289698251606,True,False
35.4332979,-0.40714958211836483,-0.0009125417335436551,0.5358680194398565,0.002084216039739545,True,False,0.39721358775116994,0.0017602253291546484,-0.5036382274030995,-0.00028778461429536964,True,False,1.324333929403874,0.0036296786431163123,-0.6027455079062486,-7.722917252951307e-05,True,False
35.466631199999995,-0.1832012534934602,-0.0013296130138710513,0.3952653943789384,0.002676412157092285,True,False,0.5460232250764405,0.001321558806563545,-0.8816336856747302,-0.003911337498149023,True,False,1.8009236034845126,0.005667309078997047,-0.8832178934514591,-0.0030627055968155347,True,False
35.4999645,0.038981343699976044,0.00022521796165734148,0.17882166694147686,0.0004658672778341086,True,False,0.29734009517807414,0.001054497436754109,-0.7894463109864724,-0.002744957354305725,True,False,1.7510638104988645,0.005483853736451204,-0.8859794288670312,-0.0038993548703101337,True,False
35.5332978,0.23481165475887222,0.0016942775936452297,-0.08663657822379206,-0.0019270879992926383,True,False,-0.28025612400927974,-0.00037331068911779003,-0.26504513702639976,-0.0013221717785347898,True,False,1.2787774054307932,0.0038851246568405912,-0.6476885091609679,-0.002665859293623921,True,False
35.566631099999995,0.3958800321129928,0.0018274007120402667,-0.3621448213024451,-0.0027182537808947515,True,False,-0.97494908731254,-0.0013893762888987722,0.46409692453553014,0.0014985119695863907,True,False,0.6370639574166659,8.525788625201873e-05,-0.3087437301641712,0.0009402452683529011,True,False
35.5999644,0.5314849133612136,0.0011744679425491071,-0.6087936031021641,-0.0022048623254347253,True,False,-1.506751277027194,-0.005507753171551353,1.0745916721045747,0.004738465074118409,True,False,0.10716480169876376,-0.00014352183314270166,-0.04235912009197502,0.0006561733364115102,True,False
35.6332977,0.6528005031612967,-0.0006812763558819851,-0.7915184654105508,-0.00018453288465816137,True,False,-1.633075833865622,-0.0061645098231336735,1.2818944539918096,0.0035174487903695886,True,False,-0.12721948278272596,-0.00030403648333704225,0.03410806440588551,-0.0003363355110905679,True,False
35.666630999999995,0.7479903207406529,0.0017010651021855715,-0.8752029549441679,-0.0034425242221314952,True,False,-1.246689876505541,-0.0033051447098013053,0.958837085212403,0.0009216005582874332,True,False,-0.04839843220643942,0.0023443021281035177,-0.08747437124162946,-0.0015766670866266634,True,False
35.6999643,0.7730585536745969,0.0015250351019754636,-0.826527688173376,-0.002799059151223577,True,False,-0.4246320064926819,-0.0016416751309420113,0.19165611579819397,0.00366071845530743,True,False,0.20858450087800312,0.0008791044844530766,-0.3113653323058367,-0.0006200005321688016,True,False
35.7332976,0.672735119551057,0.003327455025934237,-0.6291218390388209,-0.004851406003399115,True,False,0.5952329492809363,0.0035535896537784682,-0.7458653896660757,-0.0014765698902987534,True,False,0.4297200353372196,0.00028898697475779794,-0.487547536473565,0.0005305523219027682,True,False
35.7666309,0.41718210078610973,0.0007942604593131344,-0.3015147546543723,-0.0008700389866083053,True,False,1.5020086399656747,0.007965005332551579,-1.4949718462750583,-0.006926275268538798,True,False,0.4166198372530943,0.0014520117117289275,-0.4792610865012654,-0.002448833224831449,True,False
35.7999642,0.025531033108081726,-0.00133418341964493,0.10023407440039092,0.0022487751807859124,True,False,2.0277464874298,0.00848646015738125,-1.7590383731958357,-0.008716365215911362,True,False,0.06977032256482077,0.0012938529773878482,-0.22626211095371265,-0.0025548500234228067,True,False
35.8332975,-0.4382839316330603,0.00029623441512690766,0.5005602746874932,6.494311780880781e-05,True,False,2.0431128899767295,0.008101129952439199,-1.4316983935897873,-0.0044856033498563395,True,False,-0.563606848490202,-0.0005909043736131727,0.22137160101002631,0.002038716526760671,True,False
35.8666308,-0.8876605713988893,-0.0026529021385098155,0.830483091594347,0.004627269845310898,True,False,1.5953110205467185,0.005627860323390069,-0.639426115915325,-0.0007838094484370407,True,False,-1.2971430805107014,-0.00241675626022589,0.7215349243913108,0.0007785327299053861,True,False
35.8999641,-1.2364111572593737,-0.0013420191738221401,1.0454713027830314,0.0022173411694434513,True,False,0.8792673227128841,0.00550407476983755,0.3215915078476481,0.0019176066318998624,True,False,-1.8723481641470892,-0.004407757413681837,1.1050566330646154,0.003961291025440825,True,False
35.9332974,-1.414791835063256,-0.002831686825839341,1.1280984664927658,0.0038369800149745843,True,False,0.15965614654883975,0.0005272061943927362,1.1132631596833218,0.003715535277360053,True,False,-2.0610552389725747,-0.004884835686632418,1.2495298793991365,0.0030633825589436886,True,False
35.9666307,-1.3796124491353834,-0.0007709814818160636,1.0792253045216225,0.0004186438875778893,True,False,-0.3256147866017198,0.0003893504123045322,1.481220720486088,9.76565293146104e-05,True,False,-1.7592258210973672,-0.00425605767038678,1.1204538451266168,0.00026122246007848917,True,False
35.999964,-1.1230942110540545,-0.0036996112549226284,0.908585255112601,0.005359112920118231,True,False,-0.4473016759543501,-0.0007718867737574385,1.3312964408477523,0.004284555289486562,True,False,-1.0305672838683242,-0.0021798707515483986,0.7652854968449398,-0.00010441936780595097,True,False
36.0332973,-0.6817596395747605,-0.0010843524377482277,0.6340515769945787,0.0019295894456073785,True,False,-0.224583826620092,0.0014529240298210512,0.7458862530623909,0.0006295691962960828,True,False,-0.08212300788517289,-4.425289081757665e-06,0.2812047523249114,0.002027429219282372,True,False
36.0666306,-0.1376624602472842,0.0007009799721117199,0.2871362014001904,-0.00043243569694384877,True,False,0.1893895130204193,0.0012017462794187126,-0.05095952134558233,0.00129762477771708,True,False,0.8141660886468572,0.0018443922143824196,-0.21266044090990288,0.0012881168961460508,True,False
36.0999639,0.3968708529848878,0.0014048369644135055,-0.08519655743888964,-0.00147776120302153,True,False,0.5688479503362446,0.0016707552030137953,-0.7691988354966843,-0.003033419077151188,True,False,1.4173524987857415,0.001585278160307924,-0.5928294791964327,-0.0008111069305864312,True,False
36.1332972,0.8075616086629815,0.0007620725041237498,-0.4258608864179695,-0.000400767112736068,True,False,0.7031987743165082,0.003869006182300628,-1.1543068617453325,-0.005694402475458022,True,False,1.5930302850523,0.0017537066467987416,-0.756059651505153,-0.0014953563932115887,True,False
36.1666305,1.008027314005791,0.0020633373966060585,-0.6768343461898887,-0.0025448308305765065,True,False,0.48417546188957944,0.004972545523291587,-1.083995951920968,-0.004537327582939672,True,False,1.3477447596913972,0.0027512807293697565,-0.6568736150345528,-0.0014075414152264433,True,False
36.1999638,0.9647990195640107,0.0028435210460787275,-0.7919342369055274,-0.0038386356034480528,True,False,-0.04041039590415554,0.001749422681549247,-0.618705846408743,-0.0009445697609537302,True,False,0.8193031496077773,0.001098219968221191,-0.3381916004694382,-0.0009927780585625154,True,False
36.2332971,0.7135556941738534,0.003259859915216917,-0.7536108775588499,-0.005348974699444427,True,False,-0.6764907238852018,-0.0027447937719772258,0.021094641065466203,-0.0013639427973926729,True,False,0.22779384088016383,-0.0006468505862911433,0.07083393813391421,0.0014312229254946818,True,False
36.2666304,0.35513280368102085,0.0008076755885863185,-0.5852249373714163,-0.002741338024772757,True,False,-1.1630787336621322,-0.0037047970246461524,0.5434421191102294,0.00042564337904092383,True,False,-0.20167982160806378,-0.0010469585304411296,0.39748488707158836,0.0005641321727177817,True,False
36.2999637,0.02046467165585261,-8.774509391722804e-06,-0.3454741359124053,-0.0016593415766406627,True,False,-1.2895141032317718,-0.006222809885910758,0.7045925043077984,0.0035576798888764076,True,False,-0.321769964398869,-0.00204533946534249,0.49289053458333576,0.0004032016567920784,True,False
36.333297,-0.18634578036565458,-0.0010866238927339338,-0.1028285663734986,0.0004191816609722332,True,False,-0.9956689436655064,-0.0044609178746501475,0.4156244496487492,0.001197050484303254,True,False,-0.12070844053519526,-0.0012743964498580904,0.29755162646830935,0.0025085513811610866,True,False
36.3666303,-0.23522257710208327,-0.0007652031716230088,0.09415234946946119,0.0007626455617369897,True,False,-0.40614932170090245,-0.0024298433257965726,-0.20768403821272824,0.002495113790011919,True,False,0.2697819092838233,-0.0015346194444737814,-0.12127050905943479,0.00215552381518279,True,False
36.3999636,-0.176075892781409,0.0023208482962519114,0.2289939009028989,-0.003503488795062358,True,False,0.22094302787522827,0.0010979513607775307,-0.8823685288460346,-0.001359836954232367,True,False,0.6251811197320428,0.0014990098865134954,-0.5842991844900499,-0.001643983362352717,True,False
36.4332969,-0.09941938061500732,0.000985283572601834,0.3053861986797391,-0.00144699849811228,True,False,0.6102269968201489,0.004760428762470886,-1.2806868461641736,-0.010677289711638756,True,False,0.7232319182551732,0.0009890972612838056,-0.8760005553695808,-0.002937945201616958,True,False
36.4666302,-0.08013632001414228,-0.0006406915768343209,0.32741135990405384,0.001399463379593727,True,False,0.5959684450834087,0.0018998116797337811,-1.1862919814943325,-0.0033706777209186536,True,False,0.4457239638149219,0.0012717936006564014,-0.8511472367723119,-0.0033760538057981933,True,False
36.4999635,-0.1398810455775358,0.0009743638732091386,0.29317906372555924,-0.0004895933280816285,True,False,0.19743451038265816,-0.001353887602391181,-0.6000381350461689,0.0003249492480439735,True,False,-0.1602209424106337,-0.00041541767856315094,-0.5092115522031327,0.0005695510113866279,True,False
36.5332968,-0.24274352481226102,0.0006528922359962693,0.2051043396795359,-0.0002853071081614614,True,False,-0.39201785164677966,-0.0027524275598201737,0.26359014595161934,0.003417797709058608,True,False,-0.89313306176814,-0.0035577596933037913,0.01057392334255254,0.00212829845817347,True,False
36.5666301,-0.3188778102785499,-0.00048802880750779614,0.0832822352075727,3.1821781462966514e-05,True,False,-0.8910846647028912,-0.0034411931768389267,1.0766143179397367,0.0016361337876551793,True,False,-1.4774441364468667,-0.0035522322963311985,0.5038012574311043,0.001601773129159546,True,False
36.5999634,-0.3044635600516735,-0.0002736122794988924,-0.031313286220361766,-0.0019293502968400576,True,False,-1.049548028371786,-0.0062891537459628674,1.5326630913265207,0.005052141562567518,True,False,-1.676065335020644,-0.003986808537315031,0.7917625039398672,0.00046566907923702535,True,False
36.6332967,-0.18057412492971128,-0.0022077659650773583,-0.08865368930287114,0.0007358830722997213,True,False,-0.7524475742728736,-0.00471813087473918,1.4612985821822755,0.004711320574255046,True,False,-1.3861166972949812,-0.003088237779882444,0.7822770423554146,0.0006179706350627097,True,False
36.66663,0.01321452238556996,0.00045428502593097066,-0.05436836434088712,-0.0009229012935746317,True,False,-0.07072029856620671,-0.001620727614699412,0.8902212753892068,0.004967859631301603,True,False,-0.6819322249023811,-0.001633022419754135,0.49099918724547065,0.0017212749545318547,True,False
36.6999633,0.2058473548331512,0.004401019913254868,0.06116357834412578,-0.005692818374994704,True,False,0.7619340820107917,0.001541321634135553,0.03786662118620804,0.0004173574769051994,True,False,0.20701574234484463,-0.0013544226446022094,0.03357006024691868,0.0026610373747343766,True,False
36.7332966,0.3465131576512505,0.0010105008012533771,0.18727044703815446,7.15969397023643e-05,True,False,1.4374509727289686,0.0045995791703105394,-0.7660135784133794,-0.00346161062020502,True,False,0.9760870316042988,0.0020997651000975795,-0.41002366149852626,-0.0015002808733003393,True,False
36.7666299,0.43751425743138694,-0.0005862326025920767,0.2129974401687903,0.0025012951684866957,True,False,1.69061098441254,0.005154234247978285,-1.205969096641867,-0.0019289859980650265,True,False,1.3601770564092464,0.0037410069645107194,-0.6627273803898851,-0.0026622650717155402,True,False
36.7999632,0.5193779815891584,0.0007418572288850573,0.04501929457945259,0.00046891253528958044,True,False,1.3979412531662077,0.0019556965818779675,-1.10244072648497,-0.003412594673784726,True,False,1.2425999969750194,0.0038088754108179506,-0.6297149469196404,-0.0026334404930335076,True,False
36.8332965,0.6252203688096957,0.0005516566508694966,-0.32831088971005784,0.00014210821841393622,True,False,0.6229602346835457,0.0018203909287384105,-0.4807240364137099,-0.0015000348937600468,True,False,0.7081243489357083,0.0011236887878037299,-0.3437200852119829,0.0010311840959710164,True,False
36.8666298,0.7444909113738689,0.002269877160828692,-0.8094871502300016,-0.003995635794669438,True,False,-0.403370665359091,-0.0016131779233850355,0.43714052207962345,0.003222304126681169,True,False,0.00817551937710808,-0.0005699582759807528,0.05610044019258365,0.0009983782565247644,True,False
36.8999631,0.8189591370693805,0.0008903515428568854,-1.2200836514723592,-0.0035037713800642536,True,False,-1.3575973356108215,-0.004232238260906484,1.31274420603997,0.0022906406567983575,True,False,-0.5493888577229665,-0.0019295532560829082,0.39683351749005374,0.001264264783072435,True,False
36.9332964,0.7675962709037987,0.0007335932948535953,-1.3714166680702236,-0.004964302501522213,True,False,-1.9326339743203234,-0.008489428748092628,1.8147230334725093,0.006699079429253425,True,False,-0.7328963074364733,-0.002288001264212211,0.5487047484161807,0.0008708877205199513,True,False
36.9666297,0.5267657844625047,-0.00029107078528176533,-1.146289123034115,-0.0021492233130407795,True,False,-1.9478173092240727,-0.00859763539730386,1.7419881878876866,0.0064191248593545875,True,False,-0.4796451950502603,-0.0001246567323662659,0.46783284904552175,0.0006996264794961244,True,False
36.999963,0.0934034054679276,0.0006754461006284215,-0.5599507679161804,-0.0023969355847126158,True,False,-1.4183691162521523,-0.005119837630844641,1.1023198123853977,0.003153265554029275,True,False,0.08910879076776503,0.0006210156510988161,0.19621021077128495,-7.251670531388983e-06,True,False
37.0332963,-0.4441544354518557,0.0015507828255911515,0.22340948666943586,-0.0024218643754102213,True,False,-0.5506273736545982,-0.0013941834319467171,0.11394593527264528,0.001473848980258158,True,False,0.72904444949814,0.0026880940269111047,-0.16770891867841026,-0.0007091155658199652,True,False
37.0666296,-0.9125815563526944,-0.0025545662196447424,0.9334256510577079,0.004201178234888125,True,False,0.3392079193230861,0.0034644858795844294,-0.8751066054882832,-0.0029563871111820315,True,False,1.1752360497686785,0.0025788570272386817,-0.5079085883823061,-0.00028388401812896527,True,False
37.0999629,-1.1160001545324865,-0.006666569378894598,1.2941146076474366,0.011371252874502198,True,False,0.9478149060725639,0.0034545736372338957,-1.5208174035059039,-0.006886680461449501,True,False,1.2416940869631705,0.0028011830908562774,-0.7238869461285793,-0.0017147620483189004,True,False
37.1332962,-0.9342187745483106,-0.0022784642231053883,1.1471705210902239,0.005305941764126149,True,False,1.096496894695705,0.003227048573504017,-1.616078085587932,-0.003997704444109686,True,False,0.8839700602048518,0.0022936788399148212,-0.752048534627808,-0.00020393118681393327,True,False
37.1666295,-0.3968238764956365,-0.0011143917728245489,0.534239469483408,0.00237918458936302,True,False,0.7910381180202973,0.004287810226004556,-1.1666495708680136,-0.0037117646646690266,True,False,0.2095453665856873,0.001421276768893393,-0.5767964663753351,-0.0019839411602692717,True,False
37.1999628,0.31555830419467906,0.0003666397984212835,-0.3095302845160558,-0.0002164833392442876,True,False,0.21451050823566956,0.0038307557524588027,-0.38025475337596815,-0.0012689371890466342,True,False,-0.5626736415346146,-0.001356837412594246,-0.23386951662361966,0.0005347176428622314,True,False
37.2332961,0.9388474670917858,0.0012815132689145935,-1.0452028272542724,-0.0025942980636035336,True,False,-0.3423675686067414,0.00018814563631636903,0.4211751628835883,0.0017260820740303366,True,False,-1.179203198084884,-0.0008561960263296581,0.1942816703026905,-0.0004395915158045454,True,False
37.2666294,1.2220412583357732,-0.0011357401560008083,-1.357811892492308,-1.9079998477253702e-05,True,False,-0.5950873311741913,-0.0018997645392376536,0.9269245412724708,0.0013029014852354978,True,False,-1.4399557920725736,-0.0031181642095717238,0.593701470537715,5.403729928770936e-05,True,False
37.2999627,1.0167811076707134,0.0011686763907071557,-1.0741277621484195,-0.002242980862315484,True,False,-0.38672440788297036,-0.0022901087569872163,0.9529006963330982,0.0029890564328504603,True,False,-1.2681518822710256,-0.0016603114921505747,0.8478229206883423,0.0014848582847191638,True,False
37.333296,0.3403824960841341,0.0026521154936461015,-0.23656678704772044,-0.0033896942998611276,True,False,0.23554164161694005,0.001553917398208162,0.5073708498596007,0.0004471622979794948,True,False,-0.7381467034236312,-0.0015405916056730523,0.8787116816160486,0.00322167809493858,True,False
37.3666293,-0.6078420780718241,-0.0007763343907679607,0.8926903957644122,0.0029438887368064895,True,False,1.0311661295403072,0.008165441543614116,-0.21458424259513967,0.00013828164668261856,True,False,-0.0495163052352989,0.0005240684364857275,0.685512754186847,0.0018832967205859663,True,False
37.3999626,-1.5036910864169462,-0.00437799971604762,1.9156722984917363,0.009206727777711692,True,False,1.664595066579227,0.01021295235554412,-0.9070333609552537,-0.005139752607831855,True,False,0.5465269871997332,0.002086832513516417,0.3529601318574711,-0.0002529939420214194,True,False
37.4332959,-2.029472686438865,-0.008864033041063259,2.4568925400121286,0.01655433699763071,True,False,1.843260063657262,0.007080964875474041,-1.273925664487864,-0.006518913448734695,True,False,0.8431292909255058,0.0027385165489950784,0.015299997618559083,-0.0015199466298492588,True,False
37.4666292,-2.0220532968254643,-0.006508877456343152,2.3295490059932975,0.012678685092699715,True,False,1.4313511362352633,0.004618123103548899,-1.1475406309077443,-0.002213029748706237,True,False,0.7586946290826526,0.0023835013931748574,-0.2059853384221948,0.0005126684733276341,True,False
37.4999625,-1.5470057385867775,-0.0018479402194026562,1.6181498028515018,0.0046709282415101855,True,False,0.5011514303988794,0.00721629269478792,-0.5557941210903691,-0.004365244309299009,True,False,0.368264254606736,0.0018607732987909037,-0.25365935274096885,-0.0010304310697621154,True,False
37.5332958,-0.8491238624394797,0.00020094570497038833,0.6275765629354421,-0.00010423261558156276,True,False,-0.6836816551080594,0.002393089477853384,0.28638625518343414,-0.0006650176203827754,True,False,-0.12964961352315177,-0.0006927716791540137,-0.1519317855465057,0.0003061785686246448,True,False
37.5666291,-0.21592155172823696,-0.0009636056167126434,-0.26804157242733834,0.00013593806586320549,True,False,-1.7473154729221154,-0.003004384905072394,1.0555656343766326,0.0023603933130754455,True,False,-0.49830344386255304,-0.00028690240358678266,0.01024742285679768,-0.0013603351544638506,True,False
37.5999624,0.1574441699142969,-0.0013191621888937754,-0.7886453116951458,-0.0002605914171867881,True,False,-2.330156897826099,-0.008153644735314212,1.4406462376590332,0.002793486707650599,True,False,-0.5643420304052011,-0.002145515194713212,0.11868712089159349,0.0007653684683869625,True,False
37.6332957,0.23561027170220314,-8.846925903129962e-05,-0.8481341797138375,-0.0017898452877730996,True,False,-2.226935910735934,-0.006676372418039313,1.2645192474458713,0.002329000337051841,True,False,-0.29186691763895195,-0.0006119960304267884,0.0836329553015255,0.0003935641325163029,True,False
37.666629,0.1316091598476976,0.0013867445840061929,-0.5636704563210673,-0.003109308561914887,True,False,-1.4721417237909573,-0.002161624248463546,0.5615199918388498,0.0020230957296733555,True,False,0.20401456700923962,0.0011824919229556628,-0.11716275553099986,-0.00018353989243393606,True,False
37.6999623,0.03748099054046512,-0.0007297574643155474,-0.1846617016665049,0.001813509838208395,True,False,-0.326934342727643,0.0038118637460094005,-0.42208031013176367,0.0007519420561260856,True,False,0.709854960372693,0.0028273915773888206,-0.42176895752275856,-0.0007014254806592108,True,False
37.7332956,0.12509625407914635,-0.0024302277987013994,0.028138987091944734,0.004822946295338233,True,False,0.8264914210589138,0.006037121053601143,-1.3143307947441651,-0.007671690880440888,True,False,1.0060354293543219,0.001867589117600034,-0.7051742629903048,-0.0008471232917652454,True,False
37.7666289,0.45600856476455426,-0.0007233606116096426,-0.07622857145393006,0.002651325125072231,True,False,1.6301633649488194,0.007359296185114959,-1.7663275975463848,-0.010954293091451,True,False,0.9545531680440912,0.0017821536839326283,-0.8320678188026711,-0.0034278462723374738,True,False
37.7999622,0.9483332406760803,0.0027411164725192508,-0.4761814989406461,-0.0023420002341992636,True,False,1.8723905644584107,0.008651788502509146,-1.5986851078945,-0.002054004771023897,True,False,0.5481890306089919,0.001363842686598952,-0.7181323787525441,-0.002209549987621336,True,False
37.8332955,1.424532889081951,0.005208117735857505,-1.0048432043562983,-0.006614284845943041,True,False,1.5462685374587735,0.0070707334602506215,-0.8712456242607384,-0.003499745198146819,True,False,-0.09023237440195397,-0.00011458061528388094,-0.3681441363811443,0.00026430461560324973,True,False
37.8666288,1.7093784430240988,0.004410891873550457,-1.4438855722465207,-0.005789460541779713,True,False,0.8339543607177429,0.004271888088818894,0.15224175962864436,0.0022121334744172163,True,False,-0.7524936430028597,-0.0016694417852923654,0.12905754778759196,0.0016241539741575267,True,False
37.8999621,1.71197522120227,0.002372217420123638,-1.623168425411378,-0.004295360934647015,True,False,0.029027935866105057,0.0018084848695296535,1.111836962332214,0.0007145728291477285,True,False,-1.21753679027554,-0.0026649772344070756,0.638364435744733,0.0004501739670584162,True,False
37.9332954,1.4460297417013697,0.0010400275583774235,-1.4763045223484597,-0.0028824941436476443,True,False,-0.5742272599810723,-0.0014600196250727335,1.6778900746890637,0.0028579698808132944,True,False,-1.327925115426985,-0.0035765283121235816,1.0199523160503898,0.0009048833492361272,True,False
37.9666287,0.9963429943089291,0.0019303478397455927,-1.0434775628301673,-0.0032236774021823966,True,False,-0.7863821490695169,-0.002089530013010663,1.6586982026033548,0.003934588789206175,True,False,-1.0432981300648752,-0.0016179238912814708,1.1592907558241088,4.118741390458112e-05,True,False
37.999962,0.4725456260119924,0.0033264762834396577,-0.4424720169939097,-0.004550273982343106,True,False,-0.5863550320924027,-0.0016971480408647622,1.0686818338481057,0.005957804248477034,True,False,-0.45210396317855345,-0.0010001571169740377,0.9940663298179326,0.0027784200065179157,True,False
38.0332953,-0.021982087168616642,0.00021312017071175926,0.17215299253505376,0.0008795333983948377,True,False,-0.1197805649366664,0.00047209795965784125,0.13670635586649635,0.002715244831276696,True,False,0.25975138389613384,-0.0005450461460280758,0.5457357059962085,0.0035075435891904557,True,False
38.0666286,-0.4089145894072843,0.0001385596218096633,0.6553686192838883,0.0009636085043542219,True,False,0.3665685849523436,0.0034617160967680867,-0.7657417679508467,-0.0046800433550431625,True,False,0.8695229810267102,0.0018330628163099592,-0.061911317568504834,-0.0014164130566607978,True,False
38.0999619,-0.6521682075604487,-0.0025278896312690593,0.9176931829745082,0.005358694386358058,True,False,0.62709337630607,0.0010742730768298794,-1.2688019313933336,-0.005333236290832794,True,False,1.1885697793841952,0.0002740948210414343,-0.6280836436048652,0.0003938975208550249,True,False
38.1332952,-0.7671876525480326,-0.0016417067692232074,0.9534845833638507,0.003688223400496189,True,False,0.5156429438859154,0.0007974740600905562,-1.1642896780718957,-0.002971885744604085,True,False,1.1253083035429832,0.0033870375103019854,-0.9508181907241957,-0.004153204451372552,True,False
38.1666285,-0.8056914627375503,0.0017443445461480572,0.831744280770282,-0.0022675495700879363,True,False,0.04549973053363236,0.002002723810058745,-0.502506059231308,-0.0024202952094280437,True,False,0.7214503215027618,0.0016540784658193493,-0.9196279331736432,-0.002334916809774234,True,False
38.1999618,-0.815943889656673,-0.0005069493949988906,0.6500767549819378,0.0008084461485125304,True,False,-0.607751572139985,0.0006643187573749764,0.4236011716649482,0.0013065728051001757,True,False,0.1430867353906428,-0.0011746527939344442,-0.5726235613875922,-0.0005932835794047149,True,False
38.2332951,-0.8063466676099951,-0.0009009586327001434,0.48099203393836115,0.00036842016814950013,True,False,-1.1677723941726692,-0.005793993907836956,1.2014924023589293,0.006021777050094394,True,False,-0.3800405865339006,-0.001238824309305536,-0.08288428612445212,0.0005398352082497519,True,False
38.2666284,-0.7426552509682174,-0.0016493613686616112,0.344927168806245,0.0013184297727151313,True,False,-1.3731309852841602,-0.008544990505670903,1.4774285044075326,0.005785663865802988,True,False,-0.647510961190537,-0.0031589325121379316,0.32012252391925156,0.0007099048378231561,True,False
38.2999617,-0.5798158696014647,-0.00013320416837353633,0.21984468957636302,-0.0011332358439585133,True,False,-1.1034778744185691,-0.007691522883163117,1.1133758659123865,0.005734641894834756,True,False,-0.5721956564938868,-0.002296975401458346,0.4532796237103734,0.0020011656124652418,True,False
38.333295,-0.3029079298299153,0.0003548251538055927,0.07227214352234343,-0.0010976569000272372,True,False,-0.44908100705535314,-0.0035179435667949096,0.2515533531511116,0.002945704874210057,True,False,-0.2156681486506968,-0.001257288704918355,0.2588205659479613,0.0008402480919285317,True,False
38.3666283,0.0481741306097924,-0.00011023503703803273,-0.11048200905440217,-9.57555870780202e-05,True,False,0.3230098408344597,0.002188689555264539,-0.7456059992360394,-0.001852502129837564,True,False,0.24165219155637657,0.00040672340758265865,-0.17306006076558053,3.913692526855288e-05,True,False
38.3999616,0.382012447424682,0.0008462834811964046,-0.30205595074122343,-0.0012712921893470695,True,False,0.8942529778676948,0.002713047529717329,-1.4571309049150065,-0.005054917671429826,True,False,0.5816086249338573,0.00019626324294566967,-0.6460445286137416,-0.0007391909883949695,True,False
38.4332949,0.5879183549060588,0.00326090985020349,-0.4428286971948965,-0.005040913447289215,True,False,1.0453686444594061,0.004272755617568031,-1.5947697799065124,-0.007181972759495449,True,False,0.6438387567857959,0.0010564662841954348,-0.945389874068886,-0.0026436372039023623,True,False
38.4666282,0.586516500724167,0.0018652491499868964,-0.46950594571617427,-0.002558153342335777,True,False,0.7541902592241004,0.00013135468571970262,-1.131587618937932,-0.001362602046516639,True,False,0.3951262960478766,0.0006148378532399167,-0.9328290735954751,-0.0017621855969814381,True,False
38.4999615,0.3735756898145271,0.0023394502411422397,-0.35207497261336856,-0.003982714553426965,True,False,0.19482071440821913,-0.0026561915471780334,-0.30331576835776664,0.003054106754304683,True,False,-0.05554665443854915,-0.0005622303390540623,-0.6057624986914784,-0.000497345241984216,True,False
38.5332948,0.030420081421261676,-0.0008307130319954544,-0.11555843252014503,0.0004885525291545901,True,False,-0.3543874327165289,-0.004664575376359256,0.5132461381655831,0.004512151981498079,True,False,-0.503748453739022,-0.002167028003551798,-0.09477168272523297,0.0012631930715878703,True,False
38.5666281,-0.3065563022112731,0.0015543721614482695,0.16474963965412165,-0.0035199400406662642,True,False,-0.6431838310998371,-0.005578769982953066,0.9747628165025622,0.002890019698192923,True,False,-0.7409211788436157,-0.0025129498721381204,0.3956339424431028,-0.001272615021161036,True,False
38.5999614,-0.5021690043109034,-0.00035373208542458596,0.39101485783742085,-0.00023543763107897913,True,False,-0.5584577590914889,-0.004574034366144832,0.9135689160118043,0.004086309335155837,True,False,-0.6517893568286368,-0.0024820978876000273,0.6755480129995074,0.002967880151772054,True,False
38.6332947,-0.48106876552620886,-0.0015812496793429524,0.4834024753687234,0.002613835786036431,True,False,-0.16449755190014778,-0.003421694853571715,0.3956712725346357,0.004615905006663212,True,False,-0.273874210884722,-0.0019296932713828412,0.6551518208606227,0.0031062844927916547,True,False
38.666628,-0.26613655884358095,-6.036704564572564e-05,0.41876041533750535,0.0003337955394095403,True,False,0.33651650028399277,0.0015642657960662242,-0.31600406857062857,-0.001954620931528145,True,False,0.2106063965318641,-0.0008805728604958319,0.3927766063476628,0.0029653352137027473,True,False
38.6999613,0.024009345216096715,-0.00014580118304848775,0.24646290166850363,0.0007403563746565545,True,False,0.6996966366884897,-7.715943090777228e-05,-0.874584249250027,-0.00032694435066967615,True,False,0.5528393953229618,0.00203565582002572,0.07275988028691634,-0.0020686356119288857,True,False
38.7332946,0.22687823627563936,0.0026909052570359654,0.06581234894123679,-0.0036601763761687214,True,False,0.7425299826648436,-0.0005637258460838836,-0.9953973756231869,-0.0040480283148684746,True,False,0.5554496294953806,0.0023224754910908967,-0.08903021946806333,-0.0015398131552515312,True,False
38.7666279,0.21848353969095916,0.002006367276165538,-0.02724530433741163,-0.0026968880805599868,True,False,0.41688656213835085,-0.0005358660540040962,-0.576608013126678,-0.001022471258474434,True,False,0.17454066759102502,0.00039157481884396464,0.037634677072580024,0.0008719910591589266,True,False
38.7999612,-0.016993215438002814,0.0014614427502185558,0.00691258407999769,-0.002157488804194938,True,False,-0.17346879313741081,-0.0019094351856636664,0.25613090939140953,0.001589263580050763,True,False,-0.4487795982907993,-0.002263198477974386,0.42708761966528447,0.0012653232336895647,True,False
38.8332945,-0.37224908193993883,-0.00031302664110621157,0.1316579151915106,-0.0005970895340549129,True,False,-0.8104711563154122,-0.004910917150370206,1.1991861927062957,0.006253348305574541,True,False,-1.0449090313140192,-0.0018179778412493956,0.9089936368032688,0.0014403254752722223,True,False
38.8666278,-0.6684913379774357,-0.0014955413719705635,0.2583092659374745,0.00024879741323379374,True,False,-1.2417941708349403,-0.0064240490100055695,1.8911052095934873,0.004966981616880845,True,False,-1.3305569930241052,-0.0038009108617632803,1.2460212372966417,0.0026275748863497815,True,False
38.8999611,-0.7460650874449392,-0.002017481373430842,0.29790330950797717,0.001348115321391259,True,False,-1.2778743483481414,-0.007673770895015027,2.051266987416652,0.006725305616941125,True,False,-1.128517151765099,-0.0015916495687444663,1.2391264396764552,0.0025281163917232436,True,False
38.9332944,-0.5437078265271637,-0.0007480375485881437,0.2089757223223575,-1.5283606984950382e-05,True,False,-0.869537823364722,-0.006735317663841589,1.5842893066761556,0.006460913525269578,True,False,-0.44556839083916405,-0.0004475386014799525,0.8195287958105539,0.0021423351735807786,True,False
38.9666277,-0.12388203869215866,0.0015307091654305058,0.01442886956797958,-0.0031413642256260923,True,False,-0.13188030524538502,-0.0005441537932556504,0.616154270148746,0.0010784262738984286,True,False,0.5170157133565696,-0.0012265015884906723,0.09141630544742624,0.001068481956318938,True,False
38.999961,0.3649086150079822,0.0018119377461577012,-0.21853553029874173,-0.0022664046604218887,True,False,0.6984386296072198,0.0016233634812402125,-0.5488529713274665,0.00011715476696760662,True,False,1.4247351045241012,0.003659012750513231,-0.6973305840853102,-0.0004162545654356609,True,False
39.0332943,0.7610600463831338,0.0033136908207552153,-0.41754121781865394,-0.004874932463735168,True,False,1.352909678553847,0.0015110881061849435,-1.5362107471354278,-0.0043278433500277755,True,False,1.9292513954182369,0.004394705620606889,-1.2537469828679864,-0.0045647737206964,True,False
39.0666276,0.9554080568758169,0.0010238477328328808,-0.5361979204047468,-0.0007330948225516843,True,False,1.6280927167534769,0.004102814111737241,-2.0366507790484083,-0.007871994166432831,True,False,1.8095550725142555,0.005259563632856398,-1.3704049266792,-0.00524173520908322,True,False
39.0999609,0.920657776023303,0.003141438803894016,-0.5616007522850128,-0.004115985776424059,True,False,1.4545094607249789,0.004190595306096965,-1.9189406416973558,-0.003928948120595949,True,False,1.0766008732656862,0.004884495962519873,-1.0221140740167594,-0.0020324692291755404,True,False
39.1332942,0.7021089563322398,0.001658361841745803,-0.501855218599553,-0.002051383974354588,True,False,0.9178814740197261,0.0015004993134337802,-1.2752477045935013,-0.004692242684106842,True,False,-0.014541085775486969,-0.000851860516840711,-0.3712297414445521,0.0019453669953961653,True,False
39.1666275,0.3842998759268039,0.0003319112674756388,-0.36848539316610823,-0.0005787099507297675,True,False,0.22638898341251454,3.9773525143217886e-05,-0.38043013775827383,-0.000594649962206258,True,False,-1.0623220496125496,-0.002500853994736523,0.3190475430039715,0.00048290473458924895,True,False
39.1999608,0.05289079858619219,4.166129150529159e-05,-0.16811188531809343,-0.0012775561719566904,True,False,-0.3676350909374574,-0.0021917738726572916,0.4180233817077656,0.0009058945157628872,True,False,-1.6858493290647911,-0.0032195082633944584,0.8040153403065226,0.00040019750874068844,True,False
39.2332941,-0.23004556522631425,0.001206664338042156,0.08923890480764915,-0.0027739797332934474,True,False,-0.6657944457172497,-0.006169391301248784,0.8366242420876173,0.004123116501882727,True,False,-1.6823873148244164,-0.004232264002007754,0.9435837189918223,0.0014731168305380086,True,False
39.2666274,-0.42863186307317946,-0.0005229532502852896,0.3707375406930747,0.00046189045713624407,True,False,-0.6035989946966479,-0.002876425588509906,0.7662564201953278,0.0021266173801318786,True,False,-1.1028880587187588,-0.00023484321982018402,0.7293502918538904,-0.0004783928681348287,True,False
39.2999607,-0.5223041391513976,0.0007783684136654756,0.6091360850757499,-0.0006296379932432899,True,False,-0.2762927138494127,-0.0009786016789817484,0.3108160522129003,0.0008103250051965349,True,False,-0.2168268964263999,0.0006510693883445252,0.26371402325010423,-0.00016574489177891463,True,False
39.333294,-0.4993315097480034,-0.0015643500474050009,0.7168713122606425,0.0033606091952252588,True,False,0.10344138543564628,0.00028909232903905145,-0.2636678291038344,-0.0021375252439768152,True,False,0.6103957100509123,0.002577720418308683,-0.28634540108412554,-0.00020338736443991571,True,False
39.3666273,-0.3636418063319226,-0.001781654419243498,0.6253357438379666,0.004124776680542546,True,False,0.2972151688139772,-0.0010716726263011358,-0.6481879946606032,-0.0022547752780891156,True,False,1.0696729435012524,0.0025674134425784888,-0.7434873811712744,-0.0009720592213893299,True,False
39.3999606,-0.14552274236031862,-0.00016106393722865729,0.3267360274205072,0.0013486414527555464,True,False,0.14407205341804352,0.00041479593858605824,-0.6273240847376607,-0.004482594653092358,True,False,1.0284363198027509,0.004129478127870373,-0.9743110990037551,-0.004355015041764771,True,False
39.4332939,0.10130853163095249,0.002370905415125541,-0.11077608570667397,-0.003236100052385815,True,False,-0.36183824688979105,0.001733917223493865,-0.17559055669439505,-0.0017397943603742563,True,False,0.5761958716295943,0.0027563843987692726,-0.9349944552769516,-0.0020606610909416887,True,False
39.4666272,0.31929544738065757,0.00019506343103304358,-0.565690764272255,-0.0017327604124155332,True,False,-1.0488359521281987,-0.0023560486409604916,0.5277658922497895,0.0020662051508933883,True,False,-0.021090079763897297,-4.3595268167568065e-05,-0.6889215667983085,-0.002573023792825021,True,False
39.4999605,0.46599273800912555,0.0005240945019175572,-0.9069361137439306,-0.0026302839924213805,True,False,-1.62014279999064,-0.0064629348777123525,1.1722790855179186,0.002791996662059061,True,False,-0.4427852520156621,-0.0002664877713939047,-0.3789608641148763,-0.0012749502482063716,True,False
39.5332938,0.5178103583578545,-0.000617562425878169,-1.0344473468425215,-0.0013197425452820607,True,False,-1.773544048948125,-0.006557190743508062,1.4461624019971127,0.0005928255227176053,True,False,-0.46211304684111065,-0.003105612762920843,-0.16029927670283875,0.0010918327333795928,True,False
39.5666271,0.4653096024388254,0.0013107180438437038,-0.9060041965402293,-0.003078281886275891,True,False,-1.341514539941725,-0.007787383576665311,1.170528678321501,0.00693150210733314,True,False,-0.0528554138293376,0.0007398278791016633,-0.12541688501356135,-0.0015454806294306525,True,False
39.5999604,0.3155970102434844,0.00010051937576435453,-0.5517045222705546,-0.0011771590818921687,True,False,-0.38384566392926245,-0.0021383496397307696,0.3874544761058312,0.0018532458621802188,True,False,0.5995320881255997,0.0028846252557278187,-0.2601898278299088,-0.0005124938907072724,True,False
39.6332937,0.10357256977359042,0.001374848097200721,-0.07462381030940338,-0.0018400230720744164,True,False,0.8183836089539408,0.005718168406131394,-0.6383666124458427,-0.003489360117670693,True,False,1.1876155742740868,0.003948944874734122,-0.45310425264127385,-0.001110839029374551,True,False
39.666627,-0.10335178407246516,-0.0003826192869931288,0.370951335680439,0.001838694571851256,True,False,1.869905547222205,0.007811979688488618,-1.5181108333070592,-0.005795348868612227,True,False,1.4233340591368773,0.004255813964223967,-0.5510301454102309,-0.002328052541179484,True,False
39.6999603,-0.22361105259469893,-0.0017331674967136115,0.6291181151943653,0.004438446958274662,True,False,2.4187422849303832,0.009093135447082585,-1.9013370894809405,-0.008760418125444923,True,False,1.1597724085215064,0.0019750148865205074,-0.43411117397486426,-0.001532651930289075,True,False
39.7332936,-0.20178352020526483,-0.002135755650800447,0.6078521721406672,0.005234696314585451,True,False,2.2912280441299413,0.008715116922127767,-1.626227170938551,-0.005069533620948376,True,False,0.4437870100564849,0.0004977536532519535,-0.07479740468691565,-0.001628578732685821,True,False
39.7666269,-0.04689170211043203,-0.0009136005717145869,0.3290973922645639,0.0027723466167344727,True,False,1.5511352966275567,0.0057539697932233996,-0.786569968751173,-0.0021944690281684646,True,False,-0.5087477277234439,0.00034453088339357596,0.44798041414890066,0.0014274456975424505,True,False
39.7999602,0.16054419049316115,0.0006452215222510652,-0.06871554384012019,0.00018911180591135382,True,False,0.46760860772563884,0.0029071366279317364,0.3102785857024493,0.0006151182857418593,True,False,-1.3933501956878847,-0.0025703704465220335,0.98617783707725,0.003284355867337009,True,False
39.8332935,0.30119962130859684,-0.0002763934803408079,-0.38368518006903934,0.0005101061233606644,True,False,-0.5898980781114861,-0.001807985075629307,1.2680993035106138,0.0038149024629541895,True,False,-1.922683713597145,-0.0035237133051096744,1.3876053823546528,0.002488629723030227,True,False
39.8666268,0.27105353128996895,-0.0010138949310215075,-0.43642249695400226,4.110603980730888e-05,True,False,-1.2891716040695829,-0.0035351791801407945,1.7531019287304446,0.0025459056667568912,True,False,-1.9267093296824342,-0.0052142654135326925,1.5493116434447638,0.0013605536877122342,True,False
39.8999601,0.030980726487259153,-0.001226058427138958,-0.1522942638801776,0.0013510454412197902,True,False,-1.454750695306687,-0.005681866431773349,1.6153526546675119,0.007607003853224644,True,False,-1.4139503360089434,-0.002060540676545346,1.4372603077973036,0.0013151688757475737,True,False
39.9332934,-0.3648498838478352,0.0012957339116053566,0.3927566442538478,-0.0011720143965226713,True,False,-1.1241567319108117,-0.0020738159493754044,0.9397662277303087,0.0007803986564893418,True,False,-0.5674174701571902,-0.0015038295380870748,1.081765227494075,0.0036161319439158993,True,False
39.9666267,-0.774290231383799,-0.0007162851022316494,0.9858733793304787,0.002597178528468715,True,False,-0.5188355963161979,0.0025647920540538102,0.008575149382775548,-0.001950136835945667,True,False,0.3261512089366194,0.0015389299667350035,0.5671034210483795,0.0017217535516826433,True,False
39.99996,-1.0194744247247098,-0.0056193491576947575,1.359196976739599,0.010598430956498714,True,False,0.05555223323127618,0.0006258951282226362,-0.8114107864683906,-0.0007757143697741015,True,False,0.9848804431018003,0.001547980052586401,0.015389725426915244,0.0006836451894758214,True,False
40.0332933,-0.9772676267954293,-0.005590755015134407,1.3166069009581878,0.0112452168295891,True,False,0.3342936477039365,0.0029171262020196726,-1.2122627929428174,-0.006220760104616021,True,False,1.2343145534130426,0.002629425613692579,-0.4463134200302196,-0.0022491290104884134,True,False
40.0666266,-0.6560559529776868,-0.00251955225726805,0.8401927093313836,0.006045170932146946,True,False,0.1950594713406706,0.0027085283349275097,-1.063872654488133,-0.004204483465478851,True,False,1.065808246313774,0.002298536356849148,-0.730950120530092,-0.00012389494677037636,True,False
40.0999599,-0.1971079030473816,0.00256672804698359,0.1058721991887143,-0.0039378378598137346,True,False,-0.2963627150765882,0.0024933479123125644,-0.46357773746582465,-0.002421995015394055,True,False,0.6305829884741517,0.0016579271573277684,-0.8242385008278241,-0.0020589266893135823,True,False
40.1332932,0.20627837997247753,0.000541133890418753,-0.6054611235836267,-0.0019378054809330797,True,False,-0.9096183852923454,-0.0005865408358016288,0.30496036666559145,0.0028730680329208855,True,False,0.17100377614444542,-0.0012535329455603949,-0.7842379591612675,-0.0002843124493922718,True,False
40.1666265,0.41100939040918155,-0.0004971971542685963,-1.0417336372583696,-0.0020478281368468726,True,False,-1.3390715794392376,-0.003032362213031573,0.888792088559193,0.0005534853894361066,True,False,-0.08579156315398064,-0.0014332353001588775,-0.707414670839901,-0.00018090844299777708,True,False
40.1999598,0.3799451522314569,-0.001639886892246151,-1.0797345204771596,-3.097032266097407e-05,True,False,-1.3314562165267394,-0.005546483164363274,1.010089014688699,0.0024160731520348555,True,False,-0.0266967508261797,-0.0011195330308409572,-0.6795286302645258,-0.0004469914744081156,True,False
40.2332931,0.17470674593050084,-0.0006119854173137381,-0.7540154452587802,-0.0005736340039779415,True,False,-0.8006534695855211,-0.002146410982906163,0.5819383290664191,0.0033657393929965003,True,False,0.30173504446752003,0.0017581146607372168,-0.735595873640399,-0.0020852232039125476,True,False
40.2666264,-0.08580818963056625,0.0007029788691887563,-0.22506928170671786,-0.0012031795557279606,True,False,0.1253660614289562,0.0030365747017043047,-0.24621099946209987,0.0004599386681617417,True,False,0.7189748892338161,0.00017622407633866363,-0.8446432174600629,0.001152145182324455,True,False
40.2999597,-0.27222474812502895,-0.0003209647352928436,0.28719352697240025,0.0009704549380893669,True,False,1.1513640434528776,0.006910229464387589,-1.1358818410408356,-0.0029915512257449603,True,False,0.9893897059108554,0.0022252240137847342,-0.9220000160519366,-0.0010378150308522874,True,False
40.333293,-0.2895616276684837,-0.0019290152238000792,0.584876064760269,0.004716146212532551,True,False,1.9332180020954133,0.009732477418483614,-1.6930450615311399,-0.008678177651523513,True,False,0.9176472894491359,0.0014273790965814938,-0.8657945170396608,-0.0024279905601644488,True,False
40.3666263,-0.11744510239163149,-0.0030015797860880214,0.5685626389621409,0.006888481637714272,True,False,2.211048396380866,0.0094168904894579,-1.637683513671866,-0.007739480331392339,True,False,0.42615997430577984,0.00034060505626403603,-0.6062637453664487,-0.001818682894871001,True,False
40.3999596,0.17342085926232945,0.00025452144786679466,0.277858578486935,0.0011853382385458374,True,False,1.9001850299633614,0.006131780020751725,-0.9285703427245365,-0.0012459076689201173,True,False,-0.40931789296110455,-0.0009524392144717037,-0.14204243191915916,0.0024253406268170893,True,False
40.4332929,0.4511700864593439,0.00302990214204422,-0.13155498129377988,-0.0033336277437880026,True,False,1.1111648336985542,0.005730421062608618,0.21974005418089285,0.0015711589275534898,True,False,-1.376053964935213,-0.002768428920037818,0.45846971600202974,0.0022935974951507876,True,False
40.4666262,0.5907807125182153,0.0019851504794024446,-0.4668129881359074,-0.0026309029975967453,True,False,0.1032528702447653,0.0022860501839366645,1.4286567049434924,0.00488266622667396,True,False,-2.1877074947122375,-0.004137138200883039,1.0830260252809438,0.00206117894279156,True,False
40.4999595,0.535901128241028,-0.0008482959229157157,-0.5860812536563714,0.0006701687812414454,True,False,-0.8050592330214703,-0.0008199415038598595,2.3011376125974263,0.005261861929069511,True,False,-2.5769038813213543,-0.005838261115866798,1.6030261068180596,0.0031736632961819945,True,False
40.5332928,0.3159922761355855,-0.0013741666922481059,-0.44957376899067725,0.0013525879644771806,True,False,-1.340809971051874,-0.003472714114928434,2.5563191316477054,0.005353874785325118,True,False,-2.3890747137510817,-0.005339508367768301,1.8925155682100445,0.0015646097799505725,True,False
40.5666261,0.022783456132157404,0.0015185515296517096,-0.1229943532802947,-0.0024666421980759786,True,False,-1.3672286644377325,-0.004895419469804252,2.1135661549727867,0.006623646208574347,True,False,-1.6441335049190242,-0.003883992243572211,1.8515583960131,0.004595447649232755,True,False
40.5999594,-0.2250386639721573,0.001295370235151377,0.25078878856355685,-0.0015038349682419616,True,False,-0.9297755020066147,-0.002782935446313757,1.1123568530422372,0.0033235688739786384,True,False,-0.5389962237430687,-0.0009909002336662778,1.445463808243449,0.004332836039876755,True,False
40.6332927,-0.31667035398939936,-0.0006838359805138128,0.5012024651841942,0.0022089866438970455,True,False,-0.23635546164655685,0.0025232692227565644,-0.13299775810229264,-0.001122052727710051,True,False,0.6145564181461008,0.0013563115625527952,0.7456135742003606,0.0029886092498506434,True,False
40.666626,-0.190436895473769,-0.0020611799408045903,0.49729260142334736,0.004488997161665093,True,False,0.4238225756367575,0.0027343263515550954,-1.2340377521368024,-0.003064200051159736,True,False,1.495198441823285,0.002370733749927453,-0.06450925831217437,0.0008148315899495076,True,False
40.6999593,0.12634114942176253,-0.0018287759061287182,0.2128990117074277,0.004149554138305848,True,False,0.7889352164515101,0.002086646269687023,-1.856678029806894,-0.005718230450415561,True,False,1.8823201496289965,0.003724451827037077,-0.7437874311871125,-0.0025432804265233494,True,False
40.7332926,0.5119871391326949,0.001818758642491461,-0.25034304915303435,-0.002153157480657152,True,False,0.7174496017835835,0.0029208163422788373,-1.835940137309272,-0.005854088616655852,True,False,1.7329586322818622,0.004451217727392545,-1.0930780003114888,-0.0026462917320659515,True,False
40.7666259,0.8030052813022768,0.004786726513376547,-0.7081903023300167,-0.0071194768100645905,True,False,0.2362580510190801,0.0024075629679449367,-1.2362905013624728,-0.004093564804221816,True,False,1.197396290103602,0.002770631473839008,-1.0476032309642247,-0.0019395716986778024,True,False
40.7999592,0.8805084157264899,0.0025216203347498568,-0.9856473571560073,-0.004640375895981849,True,False,-0.46715958974450483,2.8822512289235544e-05,-0.33234617520430326,-0.0012421338095559185,True,False,0.5616477396511375,0.0005556354052404753,-0.7084576587784422,-0.001138411388751034,True,False
40.8332925,0.7304558417322493,0.0007512915389749061,-0.9970537138037764,-0.003133967237014924,True,False,-1.1091041135117055,-0.0035934576291663392,0.48984101976318517,0.00028535780384703405,True,False,0.13119401224310817,-0.0008465437900623505,-0.29410370579691353,-9.471458104844612e-05,True,False
40.8666258,0.43635753451765397,-0.0004535870472601922,-0.7679945780177307,-0.0008226619769097562,True,False,-1.416661033621662,-0.006774385814175841,0.8813393574854193,0.0054806295217629955,True,False,0.1006740143388734,-0.0003405045118209605,-0.03582160295156822,0.00131976042105708,True,False
40.8999591,0.11851007419441018,-0.0002316529140158716,-0.3995778239931362,-0.0005000818286830198,True,False,-1.2408182037189686,-0.006367057584675858,0.6750074446972013,0.0028899591590446127,True,False,0.4675117495379535,-0.00020912551387122932,-0.06792489678106489,0.0010868665452373803,True,False
40.9332924,-0.13156492334101297,0.0017562507596583837,-0.010349820236167798,-0.003095911078858103,True,False,-0.6249958189987255,-0.0032645058908849344,-0.035953644580297865,0.0027477480584153415,True,False,1.030518417828887,0.0024596371756620238,-0.3656823525313934,-0.0016125545067925903,True,False
40.9666257,-0.2852708250811535,-0.0006689743154225938,0.3107502795764916,0.0012009090364984048,True,False,0.2081135392752395,0.0021607398183331647,-0.9291501602955864,-0.002904058898338964,True,False,1.4765888856027383,0.0030398037771826943,-0.7606657984990179,0.0004186450170150607,True,False
40.999959,-0.375658022726011,-0.0019374109661299808,0.5281908517371617,0.0034797789201414663,True,False,0.9487009207140058,0.001870589943583579,-1.5904454520659568,-0.0065243492456074055,True,False,1.5190363828720315,0.004390189516253404,-1.0251910791380894,-0.004162661572752577,True,False
41.0332923,-0.4710077179510304,-0.0007232894833327192,0.6596122465085347,0.0018158204830997224,True,False,1.3286939820010077,0.003099070655867029,-1.6992265173331922,-0.006307567084436558,True,False,1.027214505117829,0.002212908480559682,-0.984798821950428,-0.0031532018766133696,True,False
41.0666256,-0.6306505545812873,0.000752236488324529,0.7508302795837858,-0.00039292851170422914,True,False,1.2319859071476178,0.005200673423019909,-1.17265777808747,-0.0032873875247679783,True,False,0.09040449512915229,0.0001376694971625113,-0.6031817640806771,-0.0005662831028351656,True,False
41.0999589,-0.8574417978840955,-0.00019762320791220293,0.8347814536785182,0.0006064632417095587,True,False,0.742977412881891,0.003041655852919612,-0.19862830055815944,0.002489097390833914,True,False,-1.0109250601862307,-0.0021113509016366058,0.0032562411843664782,0.0015062166124686178,True,False
41.1332922,-1.0774197255303812,-0.0014702357311908948,0.9006320233335693,0.0018168190580705647,True,False,0.11207337376314701,-0.003424306879730128,0.8523521448657658,0.0058197375767440615,True,False,-1.9122315754195034,-0.0044111313624295885,0.6220009986744373,0.0018745088288909147,True,False
41.1666255,-1.1709019830160408,-0.004302927668815947,0.8983329999963313,0.005437468008026843,True,False,-0.353290955638147,-0.0031356859770807254,1.5840982339122631,0.0017934105077973123,True,False,-2.3050040403487455,-0.004791857251314203,1.0323187288003697,-0.00043919352689962115,True,False
41.1999588,-1.042368936422654,-0.0027129050901837336,0.7766106527503773,0.0032514853335058416,True,False,-0.42720867124864903,-0.0051021414938758995,1.7276565424440722,0.006694284680582239,True,False,-2.054779963583314,-0.004530839182531254,1.0828893047621555,0.0013110209559262292,True,False
41.2332921,-0.682209792438184,-0.0014731820559613468,0.5241745295665676,0.0020157098775406023,True,False,-0.06919280239911496,-0.003729324132454914,1.2392139827803332,0.006722364181887469,True,False,-1.253265615755519,-0.00239008711214163,0.7440773053520062,0.002606195951419942,True,False
41.2666254,-0.17745549569601637,0.0015585181605460286,0.18276437433097784,-0.002217142365377129,True,False,0.5559103983666,0.001194032164111083,0.31844242930709726,0.0031922213079743434,True,False,-0.18616430082123367,-0.0017301968785713333,0.13033031090327407,0.003059724910124733,True,False
41.2999587,0.3312977132013654,0.0019453568618820376,-0.173252821868762,-0.002631156180404727,True,False,1.1510483893925805,0.004495311002927644,-0.6631032123696271,-0.0016809155640707086,True,False,0.7724008343512669,0.0023853198804383176,-0.5253911166358457,-0.0021177564139913474,True,False
41.333292,0.7116086769398778,-0.0004882925020883142,-0.4694243487037116,0.0010735227452158909,True,False,1.4172619472235306,0.0024926575728040578,-1.308286300341105,-0.004831647553066635,True,False,1.3020741017840918,0.0044190069056601455,-0.9593654150130408,-0.004703293557015826,True,False
41.3666253,0.8826702831478923,0.0015753969237154116,-0.6532214793204256,-0.002248181253399425,True,False,1.1801107189013293,0.0014261982406637119,-1.3591424932271692,-0.0038286519508600957,True,False,1.2591847321889826,0.002735148145226191,-0.9970569985667825,-0.002642980966335083,True,False
41.3999586,0.8310200049151567,0.0019346370642055856,-0.7023379718661166,-0.0030064759252589157,True,False,0.4609672178227344,0.0015423373872763678,-0.803950624030526,-0.0011011961945724576,True,False,0.7250756131886965,5.772843887877914e-05,-0.6357341027425591,0.00014151125057497161,True,False
41.4332919,0.6073761436625703,0.002545672469655236,-0.627384792308019,-0.004286968373473708,True,False,-0.5282169585391427,-0.0026308626531440235,0.12317783743130484,0.0035491372792582974,True,False,-0.04163556229437609,-0.00018123306888976538,-0.039392476516555426,-0.0008295622503559902,True,False
41.4666252,0.3077150605247522,-0.0006445044919821283,-0.46886745868385477,5.222007347614727e-05,True,False,-1.4623690104031561,-0.0069170142626266045,1.0446956725531442,0.003569234595448502,True,False,-0.7209807777660161,-0.001834957173723858,0.5446459100925567,0.002000730539517851,True,False
41.4999585,0.03704129412247389,-0.0007270031757153723,-0.28219472007136137,-0.00018635214252776016,True,False,-2.027814569055018,-0.0104462207505545,1.5933885628310078,0.00448891375137061,True,False,-1.0602938001269582,-0.0033156468011360427,0.8973871537820093,0.0019677661968310325,True,False
41.5332918,-0.13181495879044583,-0.0013597198383638663,-0.11520799044273622,0.0014439566785145485,True,False,-2.0473080916147244,-0.008248124631711658,1.5561760686511048,0.006383562947651566,True,False,-0.9646049292662321,-0.0011286935897323177,0.9159415439406029,0.0011440200405833083,True,False
41.5666251,-0.17944985149350262,0.0001843787236613736,0.0054921298500113765,-0.0007587246350637941,True,False,-1.5513346074954075,-0.008408553588095937,0.9599990811748188,0.007295485858141946,True,False,-0.5190498354383332,-0.0018639649994212583,0.6442080627676956,0.0016679757621003116,True,False
41.5999584,-0.12789687787599563,0.0011318913415358162,0.06931278144845239,-0.0018093016721632581,True,False,-0.7617408245712117,-0.0021785567356219803,0.06736674794175761,0.0010771249965979154,True,False,0.059577724143837815,9.609665054776684e-05,0.23957200331773468,2.758394585471203e-05,True,False
41.6332917,-0.009353672188013635,-0.0008649781246155077,0.066498085060992,0.0015562603975011655,True,False,0.006151251460655791,0.002030299452231351,-0.7288887500380524,-0.0038610230199552144,True,False,0.5195278300995229,0.0027705900954148417,-0.10577136845220432,-0.0019054420934809585,True,False
41.666625,0.15622591940366853,0.0006312905582197788,-0.017661084528082252,-0.0007156164132790052,True,False,0.4775418578401089,0.0014803163945498,-1.077423003476665,-0.0060047333311386885,True,False,0.6792776542296756,0.0006959197899382175,-0.25261581352176526,-0.0004407469785630886,True,False
41.6999583,0.3590124688726664,-0.0008844977516939269,-0.190011515241012,0.0020070761336266727,True,False,0.5258465595132851,0.00010004998642800485,-0.8261945355684509,-0.00031031017287039714,True,False,0.4977641086061927,0.0018878533403736389,-0.17064936995893545,-0.0023646215407560774,True,False
41.7332916,0.5804043117851081,0.0011538124441482563,-0.427774238252537,-0.001214517372859712,True,False,0.21008376266735662,-0.000507386893840824,-0.08606117531528058,0.0007770648848773567,True,False,0.08169976839339267,-0.0006422519134555574,0.06372737374245703,0.002950754973530483,True,False
41.7666249,0.776785337997467,0.0009494292863066115,-0.6665650717286328,-0.0012682697736862694,True,False,-0.2624789424525022,0.0012921631171330372,0.8247554354749932,0.0026255578028047915,True,False,-0.368607448134058,-0.0005427469236774733,0.3209329093864978,0.0007326577665218149,True,False
41.7999582,0.8805144652915268,0.00028240212957710394,-0.8111376895382885,-0.0006336335485126557,True,False,-0.6245706758894054,-0.0023401622458522416,1.5179494313192472,0.00610315754072552,True,False,-0.6476774036711167,-0.002240593578787033,0.48518438557010873,0.00041813731802642465,True,False
41.8332915,0.8213547030465905,0.0019809109830573276,-0.7688220134881969,-0.0032883609809710177,True,False,-0.6567532906436496,-0.003894692332912677,1.6896382146796287,0.003818565292115381,True,False,-0.6292563194992749,-0.0007984610969209266,0.4951820515603855,-0.0011759077466473448,True,False
41.8666248,0.5612536227425117,0.0008728079938782514,-0.49355187257735106,-0.0012222894004127085,True,False,-0.28004727421800923,-0.00130123102250189,1.2343549130500666,0.002709781106629299,True,False,-0.3136269316787712,-0.0005971866512519753,0.3495147223228699,0.00034912486033467413,True,False
41.8999581,0.12616062413382742,0.00042571659818033873,-0.02008897079027215,-0.000232855323266368,True,False,0.4042400098880815,0.001722335563773814,0.2841024551096092,0.002219734483920229,True,False,0.1773552587935641,2.3624267754600704e-05,0.09566778927490868,0.0016835246601452898,True,False
41.9332914,-0.3857425028132343,-0.0004883842745873042,0.5324722362321109,0.0016172913543476503,True,False,1.1499251125577623,0.005713783402624076,-0.8359253461175022,-0.0007551197848155894,True,False,0.6520153469730369,0.0012088635421075961,-0.18391036677172487,0.00010250561578038082,True,False
41.9666247,-0.8317884622765473,-0.0022089983793121535,0.9972505241432451,0.0045182826133905495,True,False,1.6644081456497344,0.007913568686616803,-1.723356942305583,-0.006659881009262623,True,False,0.9271157868444742,0.003290132621631117,-0.39560351939601035,-0.0024737139959181364,True,False
41.999958,-1.0820290134430965,-0.0033483661313461147,1.225829378175339,0.006326872271294557,True,False,1.7269566059756956,0.007292336635316539,-2.054001479638603,-0.009436649970915336,True,False,0.9027634332059224,0.002333793316702183,-0.47240269088318987,-0.002712772656676311,True,False
42.0332913,-1.0792036334612962,-0.0049935624005456,1.1550055989417412,0.00899297102341768,True,False,1.276685391462326,0.004430124662383532,-1.7178845565210346,-0.005574006287358988,True,False,0.6013474980838214,0.0007572307684394595,-0.40534991071580606,0.0005971663450578263,True,False
42.0666246,-0.865493575423131,0.0009372802931952504,0.8370922845820421,-0.000869899292067787,True,False,0.4384557289068551,0.0036875155743205973,-0.8703076227510307,-0.003473951342307331,True,False,0.15227703771546622,-0.0009010770537574539,-0.24312806421734043,0.0008977018415117873,True,False
42.0999579,-0.556345094537202,-0.0015763701222229949,0.41301775553877673,0.0024971899651632374,True,False,-0.5174750959380399,0.0020553965956666034,0.1318389854436804,0.0008912299825508526,True,False,-0.2664247302292078,0.0002784767213002247,-0.06278242568363977,-0.0015286962987353353,True,False
42.1332912,-0.27871325461475416,-0.00033197679054001355,0.043789022898170354,-0.00041797874638403634,True,False,-1.2671343001951958,-0.0026348761619685254,0.879829484621657,0.0022962256384367694,True,False,-0.4985028588231462,-0.0007822753436990455,0.06234433787024709,-0.0005639290060844209,True,False
42.1666245,-0.11398630810045582,-0.00045627420058022084,-0.15897641045187194,-0.0002665754518642114,True,False,-1.5498678836321877,-0.006482971708983808,1.0806210670738765,0.003246698390464957,True,False,-0.4643762816838085,-0.0021778671732208387,0.08253273550717112,0.0007508019559315373,True,False
42.1999578,-0.07392952722458987,-0.0005933167044304486,-0.16986891317062267,0.0005097545588179284,True,False,-1.2708375048626195,-0.0037768984859972163,0.6713250132913271,0.0007077779749116472,True,False,-0.18635890321769336,0.0005965780439425636,-0.01638292422583074,-0.0004686128306700164,True,False
42.2332911,-0.11215242393386558,-0.0007351133691859258,-0.04453371079069512,0.0009583212975678615,True,False,-0.5414863560550924,0.0008394404652785764,-0.1628797677813287,-0.0009229837787614476,True,False,0.22139220851140826,-0.00016740247257187172,-0.20609279332571542,-0.00016070681271713265,True,False
42.2666244,-0.15766370630128781,0.0003837489381209173,0.11686166627220719,-0.0005376389737527112,True,False,0.36748714412606237,0.00569388800981921,-1.0699267139946265,-0.00486308641977583,True,False,0.5946619904050487,0.0010743248619006225,-0.4194754991758734,-1.8343454202996327e-05,True,False
42.2999577,-0.15309064355904736,-0.0016512929057036158,0.21795657925735673,0.0029337140241650285,True,False,1.1389076741545745,0.006195482029280216,-1.6754072094272616,-0.00722603946849825,True,False,0.7784999539419429,0.00012147313637986775,-0.5703894916259157,0.0006840519205598658,True,False
42.333291,-0.08179158611664682,-0.0008206070561329356,0.20655471411972837,0.001729331268396931,True,False,1.5310237010522714,0.007009035708804165,-1.7308450333736287,-0.00766442461023713,True,False,0.6857981163585435,0.0029944267478814396,-0.5892683544751816,-0.00497348390577746,True,False
42.3666243,0.028980128270874574,0.0002886651597691034,0.09073313909650067,0.0004597651367311119,True,False,1.455590008745239,0.005931318496535387,-1.2041958548665517,-0.004187202232744376,True,False,0.3362317982195641,0.0008182706531218349,-0.46093549990899035,0.00011286085280465467,True,False
42.3999576,0.13286317332179087,0.001985768023687058,-0.07686927722904896,-0.0027020291796228833,True,False,0.9899135101827204,0.004760808553759863,-0.2769165188222006,0.0015218108880090497,True,False,-0.14397646662503988,-0.0016263651550858867,-0.23703155264436,0.0015123665681592968,True,False
42.4332909,0.2015255913764835,0.001714080922079334,-0.23586210372344626,-0.0027847884554402804,True,False,0.3309261540968426,0.002491828616953905,0.7416171942794533,0.0004513731375804592,True,False,-0.5695529764661298,-0.0013245508916194533,-0.008128840695429573,0.0003296394253320815,True,False
42.4666242,0.2438101124007886,-0.0006477268244147316,-0.3492237923170868,0.00026087628136627723,True,False,-0.2842833733773299,-0.0003642221581953334,1.533293114397305,0.004434712506132869,True,False,-0.7729271830506563,-0.003265551156477076,0.14373868389041783,0.0015055213303770696,True,False
42.4999575,0.2892952197379557,-0.0003377716155258474,-0.40804027763197903,-0.0002640811964552036,True,False,-0.6622679606363565,-0.00016344562669857736,1.8725794079473135,0.00013642875831173105,True,False,-0.6738598198056646,-0.0011995345133767891,0.1778164348777003,-0.0010292983998812187,True,False
42.5332908,0.35220345671584286,0.000200065661214927,-0.41502055551942135,-0.0007177317135756136,True,False,-0.715250599014952,-0.0008281125148897338,1.6859374127838416,0.004883608486324399,True,False,-0.3112074866581651,-0.0009606562438958614,0.10049086701081487,0.0006327298922027902,True,False
42.5666241,0.41077068744031864,0.0016436715208621507,-0.37020507778954737,-0.0024286532544916723,True,False,-0.4851260473745722,-0.001770395022195589,1.0694083198191588,0.005190347484282503,True,False,0.17272064943128349,-0.0009212078766921987,-0.04360412278008684,0.0014281193913347394,True,False
42.5999574,0.42122493385961185,0.0028694626931905424,-0.27422813742832697,-0.003929613502734684,True,False,-0.1248133670338367,-0.00029228070484356336,0.263963090290826,0.0009978239081360407,True,False,0.5853219086018174,0.000604506500827727,-0.18292260723371706,0.0013389065586891593,True,False
42.6332907,0.35216406651795595,0.0013178796613404302,-0.1416490022158608,-0.0015397536845801413,True,False,0.1587980699319493,0.0015042403926794341,-0.41981329939240586,-0.002670852658023843,True,False,0.7552961109533131,0.000963309327546187,-0.2360835508737525,3.138307160097807e-05,True,False
42.666624,0.20825465785010475,-0.00044804050761642277,-0.004951237443929781,0.001341238898116834,True,False,0.1860471163060407,0.001738767526752814,-0.719040963214695,-0.005067095543283525,True,False,0.599874035431818,0.001678229804157919,-0.14194956455307559,-0.001725957454515412,True,False
42.6999573,0.02687675363613027,-0.00011098899073023178,0.09867505585356713,0.0006186586664898953,True,False,-0.11710199890194617,-0.0006240729078955775,-0.532161673276867,-0.002174414651189065,True,False,0.16243245017190222,-0.0009994463802135217,0.10726061698959866,0.003142024100082439,True,False
42.7332906,-0.14147816097725102,0.001619890162759517,0.1452425417083781,-0.0025399349519697367,True,False,-0.675340124542053,-0.0002917414192784058,0.03120172245681341,-0.0003235215475625518,True,False,-0.3981981712188827,-0.000943818309475264,0.452444459535571,0.0007153582160985398,True,False
42.7666239,-0.2507100418564371,0.00016470257084975494,0.130864492806198,-0.0005295274542793673,True,False,-1.2771100380964144,-0.002991753347548278,0.6944163204983678,0.0030868167760530825,True,False,-0.8659203835733433,-0.002294463660102542,0.7837462825872451,0.0023696668993931154,True,False
42.7999572,-0.2701183244594499,-0.0015560660682001945,0.0670826528011397,0.0015436543647680382,True,False,-1.6477229029057014,-0.007039979909594287,1.1320135239517901,0.004001507892674999,True,False,-1.0513681050161765,-0.0034781979301610204,0.9772206285386725,0.0025357388379412577,True,False
42.8332905,-0.19236487215215664,0.0019126627389536679,-0.0269055952740175,-0.004087330532082101,True,False,-1.5619492416517486,-0.007582874287832105,1.1070279272980033,0.0029281471093755007,True,False,-0.8691927316641219,-0.0027118184851332426,0.9382676335368253,0.0023010298624119717,True,False
42.8666238,-0.036470993405754645,-7.395910910004473e-05,-0.13074657889342178,-0.0003289918145376532,True,False,-0.9511928704753312,-0.005506643026450803,0.5696980263714959,0.002649957643731983,True,False,-0.37708593271285085,-0.0005881785890689632,0.6401751840702815,0.0023593982195348764,True,False
42.8999571,0.1566151927434827,0.0005063729206103891,-0.226344223813803,-0.0009847584270816047,True,False,0.04777496032294264,-0.0016306082205321405,-0.3189252759389939,0.0009896275390137018,True,False,0.2411543981051398,-0.0009293640133177713,0.1450004272069873,0.0020417252109575326,True,False
42.9332904,0.333330771680137,0.0017208993793012947,-0.29675499915079967,-0.0026574055715752123,True,False,1.1328376439398273,0.004131455173488326,-1.2465434034283194,-0.0029014840819361885,True,False,0.7431457770809595,0.001606882395127137,-0.40599744818846256,0.00043396656658190524,True,False
42.9666237,0.4396327964271307,0.0004979250265846312,-0.3239778439776012,-0.0006815638926239252,True,False,1.9516342260014703,0.007202025212792049,-1.8726437683950026,-0.00846033843504212,True,False,0.9210223541142105,0.0019650562753317983,-0.8376317703142929,-0.0016812087322501887,True,False
42.999957,0.43587866446360296,0.0012022689424684276,-0.2914633292431092,-0.0016971570123289594,True,False,2.239499142991891,0.0057407726974688395,-1.9668585432445538,-0.004913400463688724,True,False,0.685422813644553,0.0020005808136897185,-1.0086113699061503,-0.003086042727649996,True,False
43.0332903,0.3125548571280932,0.0018051084232374379,-0.19302157780132362,-0.0026049713870261925,True,False,1.9184459011192443,0.005127438183787491,-1.4995521495854165,-0.002852764466010917,True,False,0.10605194712767076,-0.00035670385714569875,-0.8684815677253875,0.0005919153875060671,True,False
43.0666236,0.10102776075857188,0.0011145694392314081,-0.04351860053663942,-0.0016302234394471832,True,False,1.1188010542929854,0.001460292949376649,-0.6435798508315242,0.000804330530977713,True,False,-0.6106635379590575,-0.000953358635470148,-0.4716777582431898,0.0004420989099316863,True,False
43.0999569,-0.13051891301275928,0.00032634834433182067,0.11847810404660547,-0.0006335185005626582,True,False,0.12226012879715573,-0.0010331667908516045,0.30423883125137247,0.0015065360987250186,True,False,-1.1991889688712538,-0.0029526210650243833,0.05310077872403175,0.0014209295632330162,True,False
43.1332902,-0.30255769415006534,-0.000840168676317367,0.24416214766380537,0.0009948816043752072,True,False,-0.7463553603108202,-0.00434645677666097,1.0376213715278746,0.002556337582335374,True,False,-1.4360994825970048,-0.00279098597372445,0.5514793651428531,-0.000633871270571041,True,False
43.1666235,-0.3626907367692787,-0.0022058443333054733,0.2998242534548526,0.0032346654258070804,True,False,-1.2382301921027308,-0.007185074507459483,1.3467017207316652,0.003959848951610348,True,False,-1.2249952827566415,-0.002073407713543681,0.886825951813353,0.0013511506831695177,True,False
43.1999568,-0.3133340356850991,0.0004894855609934906,0.2864370672221199,-0.0008425942561616057,True,False,-1.2684675510050305,-0.007749301212057426,1.1877756750888124,0.007455072227828401,True,False,-0.634067748627005,-0.00028817268680596535,0.9769764462248233,0.0027899945629855567,True,False
43.2332901,-0.20703466081806302,0.00013140828043579791,0.23640814321236084,-0.00013899746167487503,True,False,-0.9387637955377048,-0.005176418637334138,0.6984536244687994,0.004433222539447965,True,False,0.1255724970336591,-0.0018074464921716358,0.825672513604932,0.004239911094611694,True,False
43.2666234,-0.11125167321593808,0.0012422444976140225,0.18859979877775118,-0.001725754716403571,True,False,-0.48259604592679745,-0.0011760005761954513,0.14359692499399784,-0.0006027145584480766,True,False,0.7749021098697122,0.002681806798147703,0.530465952441901,0.0004049165444984202,True,False
43.2999567,-0.06863491895241208,-0.0006895402212849236,0.1619778289111072,0.0013651650866979262,True,False,-0.15487198463301066,-0.0019702387530215085,-0.20007890294387462,-0.0009519840182512612,True,False,1.0760321908167327,0.004414715602049397,0.24325606239052383,-0.0009538831248190666,True,False
43.33329,-0.07997590259775976,0.000379082642053602,0.14842980153563964,-0.0005158881035488068,True,False,-0.11658853173703185,-0.0014630437410214439,-0.17274844158573374,-0.002128249829284314,True,False,0.9378292586567633,0.003955032458936469,0.09153194151808612,-0.0016731262509101015,True,False
43.3666233,-0.11640162188812977,-0.0019767504024643507,0.12758232212057963,0.003193970408245018,True,False,-0.36645348738373135,-0.002608120137189112,0.19373269204209917,0.003769956290116721,True,False,0.46575956346895653,0.0015502268011491549,0.10752888334180563,0.0008643156281526096,True,False
43.3999566,-0.14578272526622058,0.00019571554106789492,0.08878914218500815,-0.0006156732581496754,True,False,-0.7462645177366404,-0.004278220227033016,0.6943197131870915,0.00460319205401057,True,False,-0.07940344580433537,-0.0007124462657623998,0.21196487155392288,0.0007456211030120833,True,False
43.4332899,-0.1518634166250367,-0.0003137139619609162,0.04160491996227118,-8.441816513170717e-05,True,False,-1.0143909677899483,-0.005062761039906068,1.0472500196388694,0.0031660150898139886,True,False,-0.3994136671216942,-3.745780152349517e-05,0.25870858890770276,-0.0005185370002689057,True,False
43.4666232,-0.13522145738501118,-0.00043868172209382273,0.007364181806172949,1.7815639556423447e-05,True,False,-0.9562920910387568,-0.0062055141996118545,1.0170398960773421,0.002188692878258361,True,False,-0.2946967646328358,-0.0007464992219416283,0.11019927680885461,-0.00016685639983274203,True,False
43.4999565,-0.10148846159709192,0.0006025431696641941,0.0003313526234897412,-0.0013776163503464883,True,False,-0.486854821599691,-0.005613538070334578,0.5157647290928482,0.004717497155301007,True,False,0.24484343012241375,0.002115710944621552,-0.29209384750478984,-0.001246707760065005,True,False
43.5332898,-0.050606127539344244,4.056628341860261e-05,0.014081636997599503,-0.00040734444659324965,True,False,0.3006172546607293,-0.0010449953395552164,-0.34715260763929406,0.003935547338936547,True,False,1.030346537029816,0.002645884746490308,-0.8866822352738151,-0.000963310295260961,True,False
43.5666231,0.02194727452424793,-0.0013129163840873421,0.024326948126157846,0.001979726253638525,True,False,1.1647818678645616,0.0048284709822993275,-1.2886077227114938,-0.003469816850401519,True,False,1.745011165751527,0.0037954004803892705,-1.4971471064652266,-0.0019652474931114226,True,False
43.5999564,0.11240930524176508,-0.0007686512833814535,0.007059995370747136,0.0011909431028288393,True,False,1.8147404647313268,0.005139094563168323,-1.9567864564813957,-0.006393854525757312,True,False,2.066912153865733,0.005673768130775789,-1.892003047477127,-0.005286417786047234,True,False
43.6332897,0.19830734771689756,0.0005358514937404186,-0.042365047075833794,-0.0007303490268892787,True,False,2.029671124348411,0.004872567868488944,-2.0832817890391406,-0.007594616644279611,True,False,1.7999867141017385,0.0056934879532912815,-1.8856306421763411,-0.007511572990899825,True,False
43.666623,0.2446444040649804,0.0009741256347728541,-0.10472611760097215,-0.0010721691516615381,True,False,1.7454427900323368,0.005511644567377545,-1.6073752668189913,-0.0027370158143632524,True,False,0.9639734727961256,0.0034709706509379913,-1.4328402518157763,-0.0025492907552767275,True,False
43.6999563,0.22407424516889066,0.00032999037903067366,-0.14827434413845156,-0.00035876939005076344,True,False,1.0762642978043115,0.0026021109877596895,-0.7057718847804962,0.0017923084997986496,True,False,-0.1975644360009549,0.0003244797862010915,-0.6594418301941348,0.00014264031260955362,True,False
43.7332896,0.13357778805189263,-4.4570141248432494e-05,-0.14425076613787105,-0.00019366844776977206,True,False,0.26796395044707716,0.00030226653583134797,0.28258745424626436,0.0002760137691652939,True,False,-1.3016378545163947,-0.0017046015820670391,0.18893396815420807,-0.0010434194098594997,True,False
43.7666229,-0.005200204339174514,-0.0018945183140109654,-0.07693286818201751,0.002196481518862381,True,False,-0.39838762400907707,-0.004233176042658556,0.9928724474903469,0.0032278137407675545,True,False,-1.9718412742416465,-0.003069849655637279,0.8439076608641218,-0.0008941889372091435,True,False
43.7999562,-0.1579787709387557,0.0007622018252487515,0.05132599029035138,-0.0022853561527324253,True,False,-0.715961923932889,-0.004240219747874921,1.1741845076996589,0.004146128299763232,True,False,-1.987978938593563,-0.0037418873009813546,1.1106392657828614,0.0007214692352139076,True,False
43.8332895,-0.2897543978325564,-0.0008257017053524244,0.2165834838957829,0.0009010165826936,True,False,-0.6295659630327731,-0.00222210469921389,0.7881664360554136,0.006297015522569737,True,False,-1.3796695281277211,-0.0036606518025139585,0.9392339793034811,0.0031598919570896026,True,False
43.8666228,-0.371623275194175,-0.0010939071969360387,0.37464569603881326,0.0017779735856847706,True,False,-0.24814489008573803,-0.0004339419965029669,0.03228160464349421,0.0019559434376464017,True,False,-0.4221159114784424,-0.0008755689672973033,0.45406927478669584,0.0022202664759612247,True,False
43.8999561,-0.38645449873381493,-0.0013028931456748698,0.47334850696436903,0.00233369086897141,True,False,0.20886695694768903,0.0016608056712658793,-0.733200959344074,-0.0037464861874216757,True,False,0.4745869067358773,0.004167875530478244,-0.08473637399882086,-0.0033841694076873477,True,False
43.9332894,-0.334577763943922,-0.0004368167190215311,0.4728782303611937,0.0008801550779372055,True,False,0.5026399213369328,0.0008387128389903303,-1.1377254550625946,-0.005549032101927214,True,False,0.9429849950086282,0.004381625620825248,-0.3932524389911832,-0.0031198249693378337,True,False
43.9666227,-0.2341633837683154,-0.0029463741190320298,0.36247811141390895,0.004808106720919629,True,False,0.4655225791268068,5.302058680683426e-05,-0.9659480067007489,-0.0031668034734920686,True,False,0.8196896674406546,0.00304081113724992,-0.3007663436790231,-0.002661322914618699,True,False
43.999956,-0.11099386776035376,0.0017291052540441554,0.16299445333276244,-0.002282321524244114,True,False,0.06379146511832405,0.0011668166126201354,-0.2532643213751146,-0.00024384211836918278,True,False,0.2079389492125064,-9.042352715041047e-05,0.16759801187517057,-0.00023180904146091738,True,False
44.0332893,0.020150917655829954,0.0011352480177823376,-0.08662156781247048,-0.001939263337939553,True,False,-0.5814994088637658,0.003199445113996709,0.7332922749752258,0.00412573685012127,True,False,-0.5866205606174344,-0.0019434099882497113,0.8105487191407678,0.002814590389626406,True,False
44.0666226,0.16699039350380387,0.0002866538250212275,-0.3473487669559053,-0.0014266106357256538,True,False,-1.226561832372799,-0.0029672698718908787,1.6108184041027989,0.003920325582096299,True,False,-1.2046202712231768,-0.003056739922869687,1.3538394581511866,0.002698278847144383,True,False
44.0999559,0.3457513170323425,-0.0025955615350916417,-0.5852419871490034,0.0025155969690201807,True,False,-1.5950832769076138,-0.007765033396916764,2.034457165449864,0.00346699900314472,True,False,-1.3873685121421222,-0.0019262041449017238,1.5730938070286735,0.0003075951746902444,True,False
44.1332892,0.547746324694296,0.0012104431819774813,-0.7623643610064711,-0.003258075710463302,True,False,-1.5026126673999112,-0.006255610795606242,1.8300494129066955,0.006257208489185261,True,False,-1.0705169728988477,-0.00164759730202282,1.377411071677338,0.003295148043387978,True,False
44.1666225,0.720415809990151,0.0005678358649261014,-0.8334829529709892,-0.0015886297217498578,True,False,-0.9545133305887722,-0.0029380749244253632,1.0654173472646247,0.004874597639534516,True,False,-0.3910397509694592,-0.000837778011154626,0.8315936005301963,0.00043421913164346583,True,False
44.1999558,0.7883733091921334,0.0030985326565723796,-0.7641385016620655,-0.0047862113003519415,True,False,-0.15735739789098255,0.002079857142627099,0.03530482933986085,-1.0911730780871695e-05,True,False,0.38064539179665924,0.0007969402291009241,0.12291457802573792,0.0009593945283988015,True,False
44.2332891,0.7020483580617762,0.00229765464350486,-0.5598638090694281,-0.0033905383153038046,True,False,0.5687889651437521,0.0046450928064711355,-0.847612561555636,-0.004006558577488216,True,False,0.9511232303951186,0.0031100547212053816,-0.5127526844844068,-0.001997458541529735,True,False
44.2666224,0.47509333138390586,0.0007368472633369269,-0.2794247729499343,-0.000758084856941337,True,False,0.9333994421913281,0.007192088408425709,-1.2247323164552628,-0.01031691224153962,True,False,1.1159528013905184,0.002483658293404728,-0.8822172068508746,-0.003646748271127949,True,False
44.2999557,0.18032212101629314,-0.0016536940929565557,-0.013757047212156063,0.0032892562007190286,True,False,0.8033155159313327,0.005340927869838867,-0.9503973209458499,-0.003903646546402436,True,False,0.8316758262620608,0.0011217990065144133,-0.9071903232877413,-0.0025740727953074568,True,False
44.333289,-0.09180857660790726,-0.00027028140045377554,0.16015858206286235,0.0009122337490792354,True,False,0.256739768273927,0.001939881656894922,-0.15377591247170067,0.0012441654772157539,True,False,0.22210660015974162,-0.00017347728979024798,-0.641121209828812,0.0012138206683351303,True,False
44.3666223,-0.28012002291213983,0.001187343753200649,0.21956218054535592,-0.0015967023980331737,True,False,-0.45647739948891874,0.0005714006231229174,0.8272866291128154,0.0019619488306593757,True,False,-0.47714253306639315,-0.001152435448641941,-0.2243539223760997,0.00106247757270892,True,False
44.3999556,-0.37730256169304344,-0.0018869457454993989,0.20593447125811606,0.0025648714847100154,True,False,-1.0242963187561982,-0.0020504898990678323,1.595368975482339,0.004007268358624366,True,False,-1.0078834077426821,-0.002164821757219902,0.1858860216341399,0.0001260647532191451,True,False
44.4332889,-0.42690864921037075,-0.0032315383403613675,0.2036463548753367,0.004432754039382556,True,False,-1.2007681583493757,-0.0032144946300179294,1.8454470954454918,0.0014432542446059583,True,False,-1.1783501584824847,-0.0037000437786876435,0.4633625272542664,-0.0010906272887077448,True,False
44.4666222,-0.49551720896734264,0.0006656309536184113,0.29669903386816165,-0.00127154157032757,True,False,-0.9001877398417263,0.00019833682070051093,1.4619666333583543,0.0024717797838269455,True,False,-0.9236674726521101,-0.0018195066354476058,0.5257958956440296,0.0005072156355062591,True,False
44.4999555,-0.6229859882632423,-0.0001458085275616215,0.5139986608417458,0.0004702201769327706,True,False,-0.2225908643953457,0.002806401740746769,0.5438090522618425,0.0005672300802133808,True,False,-0.31967105766712306,-0.0011942452363006863,0.33660219061393615,0.0026862314963935693,True,False
44.5332888,-0.7724545090382867,0.001186198656977547,0.7868331765629606,-0.0010479002488099735,True,False,0.5928983626154716,0.0048211894787293,-0.6362290957014402,-0.0030070588948684675,True,False,0.4517690779389864,0.0009860087863107349,-0.08460996280630081,-0.00026866369346952284,True,False
44.5666221,-0.8227359180188003,-0.0011673951688856911,0.9552239663041532,0.002847191549023985,True,False,1.2608818018246373,0.007929280909376007,-1.7228767445569173,-0.007274658077690329,True,False,1.1690199285339757,0.0012879589946754502,-0.6519046914803179,0.0003759862159333962,True,False
44.5999554,-0.6300543439528347,-0.0033934654618254273,0.8418723661313663,0.006604248274795986,True,False,1.5501847213658986,0.00607884803466804,-2.3966264157469848,-0.008400588083709316,True,False,1.642242439067959,0.002098565517719765,-1.2242545239913403,-0.0023250730504238795,True,False
44.6332887,-0.13352623459399468,-0.0037768403544473973,0.36463510215301825,0.007558726958297474,True,False,1.36007462687729,0.006207915395081086,-2.481331100964391,-0.009787327093157012,True,False,1.768351969964554,0.002650444000401458,-1.6439528305818452,-0.002192533858825222,True,False
44.666622,0.5682484846182377,0.0022177173949059063,-0.38307474789587587,-0.0021382534341637853,True,False,0.7551724941746898,0.007387792519977063,-2.0016532229127155,-0.006691623135842713,True,False,1.557170206097397,0.0031591301819462025,-1.7881117356849228,-0.0030869256879704327,True,False
44.6999553,1.234857771570994,0.004889579642075187,-1.1474277077834152,-0.007287997323108405,True,False,-0.047897286503307344,0.004931550953091672,-1.1678351395433322,-0.005534617152093006,True,False,1.1220484005083649,0.002208585183126585,-1.6104688659185875,-0.002773860348132135,True,False
44.7332886,1.5939816645498688,0.004359742479607927,-1.6254970667949962,-0.007291370549368354,True,False,-0.7460397775150165,-0.001368437736145717,-0.29324151155907185,-0.0011464970600521642,True,False,0.6325818906700184,-0.0009928623654846557,-1.154334212319963,-0.000785037851222289,True,False
44.7666219,1.4735765035798276,0.002679363947730385,-1.6066478073012789,-0.00527620082873599,True,False,-1.0589770956032403,-0.0036230258924252728,0.32412154407459065,-0.0009058796962427808,True,False,0.2414032072281991,-0.0020302772524898567,-0.5309677886605472,0.0002097640371542826,True,False
44.7999552,0.8803152205687794,0.001940700913481698,-1.0659922114166105,-0.003576643842065523,True,False,-0.8450992679204664,-0.001321028861831222,0.5118067885501141,0.0006409210559306737,True,False,0.018170197653106342,-0.00032900968045508156,0.12451869634798898,0.0012641415889974776,True,False
44.8332885,-0.00498161689181284,-0.00036981597915415403,-0.17243417534490274,0.0007631686907402042,True,False,-0.16813403737857688,9.60352847608207e-05,0.2838935887285652,0.002179055009216589,True,False,-0.07252835907349213,-0.0009868417237077363,0.6969129312127554,0.0019568919465070057,True,False
44.8666218,-0.8985267825776257,0.0007458750252028869,0.779460704406887,-0.0006850577923295508,True,False,0.7226971448121348,0.0062993507244184154,-0.17192707988624936,-0.003488374976527014,True,False,-0.1388286135022016,-0.0005385203872828005,1.1160882189123458,0.0023849640895017153,True,False
44.8999551,-1.5183170457062105,-0.0030726846847095287,1.4809434092286609,0.005954504711039722,True,False,1.4917275142555264,0.007500176799889081,-0.5796899139967767,-0.002988366994267929,True,False,-0.29738797813007944,-0.0013172925308300473,1.359670701785818,0.0032888403795595183,True,False
44.9332884,-1.688896015515414,-0.005622474507328307,1.7252631921359656,0.010071442784736545,True,False,1.8488707871358276,0.007530945405386186,-0.698697349000715,-0.004987647795787585,True,False,-0.6120899496411937,-0.002646889733354806,1.4405177447600535,0.0031018511880293465,True,False
44.9666217,-1.4081929477103907,-0.0021756492555392304,1.4858712986799303,0.004675952608373059,True,False,1.6575661451108272,0.006266014821608161,-0.4282680716100732,-0.0026748402580868374,True,False,-1.0603261603509535,-0.003135008608992198,1.3891773119177897,0.0029609278242907176,True,False
44.999955,-0.8398691834931387,0.0010610582962477045,0.9180123839385412,-0.0003268409394158816,True,False,0.9798613096513766,0.0040393779951312,0.15538306927283324,0.00215800303999553,True,False,-1.5341159998822393,-0.003729796793743912,1.2391642477906455,0.0031615587500125166,True,False
45.0332883,-0.22829736729314,0.001293903823138086,0.27852706448476977,-0.0012080040474225385,True,False,0.04921613653530839,0.0026132852234151084,0.8420133487336978,0.0019093701679589528,True,False,-1.8714186578681506,-0.0037123640584675113,1.0188215001024725,0.0030620610675259033,True,False
45.0666216,0.2161640154007053,0.0007668857965071663,-0.1927461286676267,-0.001176977316975948,True,False,-0.8160886575655112,-0.002957383249324349,1.3809957945285811,0.0035046134785460537,True,False,-1.9091696738776647,-0.005117766948444188,0.7480131950704427,0.0024907127138541064,True,False
45.0999549,0.3987286179202515,0.0009848328790337268,-0.3686462276982194,-0.001863757455648895,True,False,-1.3313132859237833,-0.006947161245177972,1.5799130195442943,0.0040460872435348835,True,False,-1.5463366588464817,-0.0032725507261499517,0.4355795232978357,-0.0021436633325552313,True,False
45.1332882,0.35734375759419246,0.002138162097477001,-0.2699621201383105,-0.0030672150557946487,True,False,-1.3540471373602894,-0.004434128649379879,1.3730993564213674,0.003153743056766143,True,False,-0.7984795668415682,-0.0025451251704345737,0.08211819353523117,0.0003029864307873489,True,False
45.1666215,0.2224477037158955,0.0005822767937421093,-0.036608948013498205,0.00014990689808584752,True,False,-0.9376078272619642,-0.005308488878977993,0.8435301135904959,0.005264393414286254,True,False,0.1789263238279844,-0.0026818609307334897,-0.29900455855073343,0.003500125895269937,True,False
45.1999548,0.1436075156086886,0.0017187185841202408,0.14736199935750963,-0.0017539150554874026,True,False,-0.3027807180238843,0.00038607373103206996,0.19331552939744356,-0.0012964973356736124,True,False,1.117947626851088,0.0014029187327718518,-0.6480399939778306,-0.0001301003192544586,True,False
45.2332881,0.21192871443927758,-0.0010539890713177481,0.14428907603486998,0.0031638414505274722,True,False,0.26031169980399577,0.000900702433557329,-0.3313457868265227,0.001866990654853812,True,False,1.7228326873667679,0.0034355445068114236,-0.8516904594381671,-0.00015764878693131997,True,False
45.2666214,0.41080387096138093,-0.000594559112625735,-0.06974052485985804,0.0021491238994198083,True,False,0.5152088468501967,0.0013781595444201334,-0.5381482290308763,-0.005348774163716917,True,False,1.790081044931809,0.0047453367680072465,-0.7960779378551285,-0.005015731921237587,True,False
45.2999547,0.6248717580149163,0.0035315180103888968,-0.3966337811979745,-0.005071575198369782,True,False,0.3724470526572026,0.00016678278957629134,-0.36969610707496836,-0.0023361993576871414,True,False,1.3095511829008797,0.0043696207106685035,-0.45639077907124515,-0.004995466935423298,True,False
45.333288,0.71175249185805,0.005241279221959194,-0.6771008984089578,-0.008233244581062671,True,False,-0.08392584948366597,-0.001767585823534117,0.07451385358918712,0.005235034102181627,True,False,0.48558524640840234,-0.0006817944309511104,0.05136741439904097,0.00361048390353224,True,False
45.3666213,0.5949346591113562,0.0017892460262748653,-0.7844584891715041,-0.003755667416060849,True,False,-0.6423315042581091,-0.003451067313208727,0.5894319292980401,0.003229301656107359,True,False,-0.3456848552608387,-0.0026070460011391947,0.512757829545356,0.002874562915961354,True,False
45.3999546,0.3118460977716341,-0.0005284914510820309,-0.6886542653621487,-0.0010456148313824707,True,False,-1.0595479020966112,-0.006258902312041283,0.9571183475491841,0.0018220513986314099,True,False,-0.8651266724900849,-0.002293826678718179,0.7269265802756586,0.0008072782820425016,True,False
45.4332879,-0.014215664460098415,-0.0008118986488375115,-0.45479566373238256,-0.00037975795066371934,True,False,-1.1666888506660387,-0.008368609616465851,1.0290576231327615,0.0023851247285057403,True,False,-0.9079327650611708,-0.0019701729786477757,0.6065328601641694,-0.0008364020708895242,True,False
45.4666212,-0.24817053780072354,-1.3623294219672376e-05,-0.1938401625286446,-0.0018554508047286154,True,False,-0.9403853031211821,-0.005103997072571101,0.7709196648400959,0.004021133283569722,True,False,-0.5237514485997327,-0.0015248195095650169,0.20886553449823925,0.001208201385623982,True,False
45.4999545,-0.30823333245758994,-0.00028618246531855973,-0.007686807078987097,-0.0005020582051508243,True,False,-0.506218609057572,-0.0022446699966536393,0.2700886850114887,0.002307518040809437,True,False,0.06020718405645205,0.001414216680837778,-0.2994940451123312,-0.0018357270668820788,True,False
45.5332878,-0.19001940220017308,0.0001090346272751213,0.04401060950013129,-0.0007121513218844659,True,False,-0.07326862977964604,-0.0014426188104369048,-0.29213086195184185,0.001548257842491643,True,False,0.548657329109057,0.001804252228910643,-0.7154505128375421,-0.001510979845763095,True,False
45.5666211,0.04816037458973519,0.0016682777166872964,-0.04757075069765786,-0.0031938433220662435,True,False,0.16593131290343244,-0.002212525046614388,-0.7049293521972549,-0.001976467916179736,True,False,0.7090989436637092,0.002751912952852181,-0.8813068134456615,-0.0033640424471022387,True,False
45.5999544,0.31843048628170867,-0.0005796184166727332,-0.24645588443493902,0.0010218057492083358,True,False,0.12244968933513047,0.00015405805994421313,-0.8154191609664398,-0.005655097995356912,True,False,0.4678726769159855,0.0006227343400370732,-0.7474439227436199,-0.0027277433325264638,True,False
45.6332877,0.5340413046211693,0.002293298120367055,-0.4822029253649646,-0.0034730658140804723,True,False,-0.14999392892994495,-0.00288674227697357,-0.6013763387645951,0.0013345395889710837,True,False,-0.06545940301319585,0.0010696375166078635,-0.38954714490259207,-0.0007361719624856685,True,False
45.666621,0.6274202407627494,-0.00043990668524857723,-0.6619690529611261,0.00020055406990001373,True,False,-0.47728235715319073,-0.002627763205036512,-0.18717172935415935,-0.00016341506989160878,True,False,-0.6493750995627612,-0.0005185700475221741,0.028616043911580527,-0.0005668387727574132,True,False
45.6999543,0.5579977000370483,6.185852582439121e-05,-0.6896783687930406,-0.0011609144851661502,True,False,-0.6400516799402038,-0.006045565538652451,0.2088188464861429,0.0028216170679191727,True,False,-1.0131416790598373,-0.002638895698182801,0.3283363665324383,0.0012285189911523063,True,False
45.7332876,0.31922889414634337,0.00046456428185317214,-0.4977189347496043,-0.002176885443535992,True,False,-0.4721180538455722,-0.004494987553080919,0.3669520506512428,-0.0001821283110171653,True,False,-0.9702921591861565,-0.0019269680128534577,0.3879964192366951,-0.0009530645357834491,True,False
45.7666209,-0.04920336113974774,0.0012399146152381685,-0.08632834398961389,-0.0031126988054736688,True,False,0.06049493859248992,-0.0017450414831492432,0.15699839891809445,0.0017352640174743274,True,False,-0.49685537121105633,0.0004586241677932097,0.18248584935027456,-0.0017629201464771638,True,False
45.7999542,-0.45329340030946613,-0.0005871891212332797,0.4508260353514721,0.0007197035708945413,True,False,0.8357665443244949,0.0016111763463405337,-0.40372815175310184,-0.0005278446577074675,True,False,0.2582133545090094,0.0008230063712161012,-0.2171038113303331,-0.00016388581090896428,True,False
45.8332875,-0.7621630572554955,-0.0020347438992752306,0.9431426257761946,0.0038290116913318956,True,False,1.6164511712919214,0.004442236770290367,-1.1417268838152148,-3.2676881778541253e-05,True,False,1.031765777527864,0.0031473902664164075,-0.6707849367965948,-0.0015477846667761468,True,False
45.8666208,-0.8599799732667791,-0.004225187403283671,1.209723721782117,0.008231916586107611,True,False,2.1351051814864883,0.005840549525543019,-1.7770479776453918,-0.004437069284086566,True,False,1.5470431068208523,0.0037801663802810442,-1.0122563198538046,-0.0017651562605165592,True,False
45.8999541,-0.7089713183117357,-0.00302081155587405,1.14652607686133,0.006276124443334889,True,False,2.1881284734717488,0.005057523821294559,-2.025658840519249,-0.00840748257086576,True,False,1.6172068359182976,0.0043018144231402305,-1.1028747987459249,-0.003699251409838137,True,False
45.9332874,-0.3796786878366063,-0.00183639357734088,0.7818943269096353,0.004360930344700913,True,False,1.707202705313438,0.0037446600874762063,-1.7208093849678674,-0.0036554579429742507,True,False,1.2154528612114328,0.0026987755968844104,-0.8869100296447778,-0.0018680670203554855,True,False
45.9666207,-0.020473431074543115,0.0022748013237066152,0.26427985037016183,-0.003173270999876558,True,False,0.7896456396917974,0.0034600172507098363,-0.8979161577190289,-0.0037655396003730057,True,False,0.4873152579415518,0.0030089042522541817,-0.42441871794960634,-0.0032595923011226333,True,False
45.999954,0.21790160114723128,-0.0009043248920705397,-0.20913982784296506,0.0016866446218154374,True,False,-0.3200108432915926,-0.00030999609408615346,0.20189163527050344,0.00042681902653104537,True,False,-0.30093685438339235,-0.00016990888512593888,0.12245862510846003,0.0004058978905402,True,False
46.0332873,0.2536070508615539,3.7449734975962103e-05,-0.47766656020931314,-0.0012998134565804522,True,False,-1.2985230353859925,-0.005078113173669559,1.2161933261029114,0.004125872721784591,True,False,-0.8635179406151211,-0.002063889731279622,0.554855792349314,0.0019693404400637493,True,False
46.0666206,0.09975865017271518,-0.0014956919640115348,-0.47234745297457037,0.00026516435960967203,True,False,-1.8510601857933233,-0.008369765034426602,1.8017611431098541,0.004991299690771947,True,False,-1.0105671422660745,-0.003044374451924192,0.7284361849269068,0.00191284250753956,True,False
46.0999539,-0.15850470938126404,-0.0019321660813243257,-0.2263644401654309,0.0015216629691804356,True,False,-1.822196428785814,-0.009307759568426523,1.7754187511657045,0.008519385622122322,True,False,-0.7276955800631622,-0.0012384520786418544,0.6222702529370546,0.0012289780468578023,True,False
46.1332872,-0.41021809040743384,-0.0025555621351319724,0.14928138222305928,0.003326914757346111,True,False,-1.2600378668222607,-0.0039014338942448532,1.1942792036838854,0.004089028166072282,True,False,-0.1784998090760475,0.0003956262666125053,0.3451606735638842,0.000556836265133496,True,False
46.1666205,-0.5586424792195219,0.0009869411342723375,0.5061348268947007,-0.0018510876994678501,True,False,-0.3972187091807707,0.0016414353858634303,0.33364336652935167,-0.0016314262268482629,True,False,0.37369417603556054,0.0021721823441549367,0.07550772451522093,-0.0010504003362378667,True,False
46.1999538,-0.5428906544144821,-0.0028172946865958628,0.7017501191676344,0.005109129560590384,True,False,0.4435976581257736,0.0022594557440583996,-0.4328562040653074,-0.0031242930503289057,True,False,0.685491440910634,0.001997501011506289,-0.031937278894681995,-0.00011693641292394456,True,False
46.2332871,-0.3483344674954945,-0.0021540202948990145,0.6430035144211408,0.004878668865384886,True,False,0.971602867792539,0.0006983819365423239,-0.7935380624712478,-0.0016322555532513445,True,False,0.635619754122933,0.00211790179000331,0.07707776073394496,-0.0015092762155951781,True,False
46.2666204,-0.012835184764909113,-0.00044463198271023563,0.32273644789622347,0.0018734478697989352,True,False,1.0258617240741401,0.002483635571798444,-0.622938473701359,-0.0027064002894332433,True,False,0.2644814668410099,-0.0006479702647580279,0.3355890420793973,0.0022148466643432435,True,False
46.2999537,0.3779851450988079,0.00019284578743786895,-0.16837872245438823,0.00034544785656490606,True,False,0.6246364220689666,0.006452302690192716,-0.02089583830153405,-0.000695879271490244,True,False,-0.2590340829670802,-0.0012832829366497477,0.5999151531952582,0.0029364748634399754,True,False
46.333287,0.7134823010179677,0.0009138427287100365,-0.6680414284172427,-0.001530392531893768,True,False,-0.040866437373726604,0.0011782502998383994,0.7394099986475029,0.0034346411962619516,True,False,-0.7183423495560267,-0.0011740749838594765,0.7304702991477756,0.0015895597067757505,True,False
46.3666203,0.8920887800798233,0.0010421391343305606,-0.9989006377517391,-0.0028805424236651583,True,False,-0.673767169731843,-0.002967912273154166,1.3269722299281594,0.004139712115263249,True,False,-0.9368401297041197,-0.0020874968586542717,0.659933770641653,0.0016110946480423116,True,False
46.3999536,0.8533975216770905,0.0008506184483216712,-1.0330514190593785,-0.002838379598401629,True,False,-0.9899885282571027,-0.006195821762743657,1.4842272542120019,0.0027322033713824533,True,False,-0.8400977523490019,-0.00228744882630099,0.4152827973370092,0.00026491030667495733,True,False
46.4332869,0.5987168417433812,0.0016215555901181542,-0.7407941213859915,-0.00325413517839616,True,False,-0.8424512514729691,-0.0037880717594935337,1.124033524902193,0.004846632970435212,True,False,-0.4767012463621984,-0.0022367290997968997,0.09416874953845432,0.001846204349707953,True,False
46.4666202,0.1945260173669567,0.0003747696764843687,-0.20577358859033235,-0.0006943678431563063,True,False,-0.2876187314068299,0.0007066780488986792,0.35969238158798794,0.0011317989987263022,True,False,0.00640814325116382,0.0007267404614185962,-0.1831823715504315,-0.0012083560302096523,True,False
46.4999535,-0.24585909184475876,0.0005470114127105024,0.40185651536808575,-6.0655164846678484e-05,True,False,0.44118570691081177,0.003459785591780713,-0.5402261029779948,-0.0036347324145283564,True,False,0.42578908752941064,0.0006141878719478776,-0.32414112659607874,0.0006276278207323685,True,False
46.5332868,-0.602863338505252,-0.0025205535179210195,0.8888040367734615,0.005044222490355597,True,False,1.0362820292246226,0.004812925636539748,-1.255413304066429,-0.0029060923758293202,True,False,0.6353696167410648,0.001297381436745874,-0.29809930886350694,-0.0009667357616526621,True,False
46.5666201,-0.8007533146752015,-0.0031790392670572403,1.1158316057340796,0.00630416699186104,True,False,1.2409880817860044,0.00255520492624457,-1.5356443851621226,-0.005556179911628571,True,False,0.5794119410095919,0.00026166060869216615,-0.14281226220355672,0.0003516722744550332,True,False
46.5999534,-0.8389453452754798,-0.001535832070318726,1.0521871351660128,0.0035843671650404962,True,False,0.9471189315705946,0.0028585548132107797,-1.2935835947189593,-0.0036713271685861813,True,False,0.3040272175052976,-0.00075654511022853,0.05901342686330539,0.002105077299651871,True,False
46.6332867,-0.7784861225603185,0.0013375851807784886,0.7757654898847678,-0.0016529029853474969,True,False,0.2379044554096867,0.005022087737770835,-0.6356751137075558,-0.0026819721926177867,True,False,-0.07044430252189297,0.00028485215545621847,0.2198487996508556,-0.00025015929094356423,True,False
46.66662,-0.6892785768776843,-0.00011378683059336745,0.41964646465289984,-1.4475729209806052e-05,True,False,-0.6330577410323014,-0.0005884134477584154,0.17798134853598013,0.0004434476139162487,True,False,-0.3985154016057615,-0.0025035240133129016,0.2820598214015084,0.002648667873666296,True,False
46.6999533,-0.5987377022618076,-0.001147356415973177,0.10193441870511538,-0.0003011505546890381,True,False,-1.3284972084222604,-0.005538579420668219,0.8302799811753104,0.002383317961193901,True,False,-0.5603399521136081,-0.0011554851207129513,0.23002865406218065,-0.00020284169645657282,True,False
46.7332866,-0.48057697310972136,-0.0014194824487852023,-0.1192800011979277,-9.958746434539766e-05,True,False,-1.5611297965144275,-0.007643241116476844,1.066176826669359,0.0027675117004990722,True,False,-0.49897171749365393,-0.0005314740227433823,0.0787240531793847,-0.0024003275556626087,True,False
46.7666199,-0.28477396724988097,-0.00027878054718550167,-0.2512701843469854,-0.001415902903210933,True,False,-1.2213810002791303,-0.005782911934948814,0.7911042943468803,0.0022015927119561503,True,False,-0.23614941316371682,-0.0012380268149461294,-0.14397787795948622,0.0010052276806455736,True,False
46.7999532,0.02076226235442467,0.0015740886718374025,-0.3443395651499627,-0.003630994397138508,True,False,-0.43329521472018223,-0.00064492858095885,0.11214705715004987,0.0012587371558843688,True,False,0.13345024799489502,-0.0013813025864183568,-0.39917929302068617,0.001682449910582875,True,False
46.8332865,0.4237185699159465,0.0011248061290215635,-0.45911166074276366,-0.0019402939405415256,True,False,0.49523124321767786,0.0036799502229030163,-0.6959007924540869,-0.0019807047905615353,True,False,0.4682628647757668,0.0007170494000851483,-0.6244197242955258,-4.527492170887212e-05,True,False
46.8666198,0.8631011909162228,0.0027556320827348056,-0.6340346772052015,-0.003961440264942899,True,False,1.204800837109659,0.004947770811972901,-1.2931511044724262,-0.003063123754019734,True,False,0.6260582349088427,0.0020503896563114393,-0.7362711241140288,-0.003554614379455608,True,False
46.8999531,1.2428206217871764,0.001177171246647323,-0.8610799140352008,-0.001043620859617008,True,False,1.4351470660566858,0.0054935709615437775,-1.4128453569023345,-0.010170737279891883,True,False,0.5198904355448564,0.0007751415715671035,-0.6656185160464373,-0.002710055500008101,True,False
46.9332864,1.4599575984548032,0.004944222011643463,-1.0803442631647096,-0.006797055237846577,True,False,1.1273478927228848,0.004532515966659425,-0.9784342294621061,-0.0014369095776934687,True,False,0.15893990775715514,0.0003605887471052525,-0.4009769209309416,0.00016277409068041505,True,False
46.9666197,1.4431475870371266,0.004850790848631219,-1.2006835985814681,-0.006530073602469321,True,False,0.4390369640108531,0.0020060426605324616,-0.14065543261645444,-0.0007907407305003825,True,False,-0.34778611181612823,-0.0008951282579194208,-0.0015004601698780378,0.0011584211275628324,True,False
46.999953,1.184824889487074,0.0022957827704640135,-1.1383841604528824,-0.0041270807853294586,True,False,-0.3285559938549609,-0.0034540900157639482,0.7868563576598944,0.00467450010402329,True,False,-0.8276033219182299,-0.0010265669656616039,0.4267648070469275,5.450784997421729e-06,True,False
47.0332863,0.7459924844980058,0.0008376723376829259,-0.8536382804974745,-0.002932560657690954,True,False,-0.8590214637524098,-0.0028072075749099594,1.4583275393091764,0.0015782553819938627,True,False,-1.1054210242223999,-0.0029501841128785514,0.7666263563696968,0.0007855519989708084,True,False
47.0666196,0.23088240365713888,0.0006554439951006199,-0.3704500085923294,-0.001956946500731173,True,False,-0.9500451804439562,-0.00563943082799224,1.629458056460771,0.005332731550122731,True,False,-1.0676254866067876,-0.001508356656128745,0.9177078478995262,-0.0003197431550931849,True,False
47.0999529,-0.2474691122763134,0.0013404314924058411,0.22104881687556396,-0.002405827071649218,True,False,-0.5897618389625473,-0.000874733169154656,1.2438683688900731,0.0026393628246754418,True,False,-0.7056482760647365,-0.0006879618502583752,0.81912032751172,0.0007152322582682096,True,False
47.1332862,-0.5919622157857564,0.0007484919374619605,0.7794527223295685,9.645690033661319e-05,True,False,0.048414013228969995,4.263396840252949e-05,0.44965979983786164,0.0024172572673558167,True,False,-0.12373845517891877,-0.0007838698582648233,0.4750701068170855,0.002806724328036352,True,False
47.1666195,-0.7391074321535428,-0.001456939451916057,1.1493456141424274,0.0038797580712590803,True,False,0.6843669779301965,0.004232318192486056,-0.4558373369320075,-0.0029156637197044477,True,False,0.4921777051317939,0.0008585159693177267,-0.025755841135139557,2.1124358513269087e-05,True,False
47.1999528,-0.6792083157114146,-0.00259511698540517,1.219070824548743,0.0060405225734656565,True,False,1.0452151945379125,0.002287649511024101,-1.136167631399464,-0.0023170242509963435,True,False,0.9377431439634809,0.002553744292749271,-0.523629018943442,-0.0016243923896511329,True,False
47.2332861,-0.47087673468193564,-0.0013111981756140489,0.9753958166321548,0.0045113309647815845,True,False,0.9679356744297546,0.001983069647146557,-1.3441489852825346,-0.005416920557429875,True,False,1.0691013253483828,0.0038455253475814,-0.8483483033598511,-0.004089183843649051,True,False
47.2666194,-0.22698502673798732,0.0015427321158673329,0.51926738559029,-0.0008979221410866664,True,False,0.4578540553565015,0.002105123586778816,-1.0216150087153923,-0.004445018556568737,True,False,0.8676783879854499,0.003268559847918756,-0.9012789008439807,-0.00360806535413961,True,False
47.2999527,-0.06580150364747725,0.0021183692289583117,0.02598233055770498,-0.0030592076077094648,True,False,-0.30960248058988205,0.0017998664415120075,-0.3288748799270268,-0.003226774836253441,True,False,0.45574763697354326,0.0014153501860388518,-0.7058728593156319,-0.000881252778829778,True,False
47.333286,-0.05546529086472109,-0.0018371718205560366,-0.3286945834547517,0.0011417926125920387,True,False,-1.0450856002150357,-0.003340436193688155,0.41662311150798503,0.0031361784808868923,True,False,0.04612391198967093,-0.0002919080182128219,-0.3910840000248197,6.201132671970878e-06,True,False
47.3666193,-0.1887099508339279,-0.0008793765400935048,-0.4356724205178939,-0.00138180347832064,True,False,-1.4508656171889875,-0.006953508778363784,0.875965949227674,0.0028176230491389056,True,False,-0.15482200179336408,0.0005130149581617847,-0.11979500267956553,-0.0018271234301711033,True,False
47.3999526,-0.39582862335751523,-3.743708275309367e-05,-0.2871027015099416,-0.0022837911620843658,True,False,-1.3443476162927588,-0.007114768581818018,0.8416600841845284,0.004624703204637982,True,False,-0.04429466760757621,-0.0008628522144989018,-0.007528437437424383,0.0011469786167194187,True,False
47.4332859,-0.5765170133643194,-0.0011289356755245505,0.02528289358975984,0.00015640993802418712,True,False,-0.7445687970284995,-0.002266126125522309,0.33454895813692725,0.0005770405708595669,True,False,0.32656282400106473,0.0012581779384063902,-0.0728977748204897,-0.0008697057539818946,True,False
47.4666192,-0.6340097866327513,-0.0007885961116578841,0.3447887278243295,0.0010207947982138986,True,False,0.12678107441457656,0.0005176376108153789,-0.4042025413775335,0.0004557122715531358,True,False,0.7733006291349884,0.0027291119100327265,-0.23840018455206524,-0.0015381905545338746,True,False
47.4999525,-0.5078829743717548,-0.0013019540513939764,0.5105003845324603,0.0023739434592567415,True,False,0.9358298151398778,0.005966492763943814,-1.0249564907935793,-0.006994290059417682,True,False,1.0614522633787409,0.0027902757316031535,-0.3770598404590729,-0.00029131011239521133,True,False
47.5332858,-0.2015092177893337,-0.001978869283623491,0.42556370946353456,0.004374171915942664,True,False,1.3758604485311683,0.005777668914509653,-1.233396706280602,-0.006497262270118862,True,False,1.0146810808328248,0.004307779520043743,-0.3806999124071466,-0.003301858963811416,True,False
47.5666191,0.20831340540710175,-0.00033486962206477194,0.10375204004809195,0.002136878601906484,True,False,1.2906475780069273,0.003510852180885643,-0.9247843695082532,-0.0024900517019292552,True,False,0.5972237729873323,0.002284102202171324,-0.2150339687669911,-0.0013897919792519174,True,False
47.5999524,0.5924329555852403,0.0029579336388725988,-0.33136278200243136,-0.00424503231232282,True,False,0.7311222152928818,0.003064964242483486,-0.220842236779358,0.0020804991011344363,True,False,-0.06872738754630851,-0.000684482812003096,0.06834196548260482,0.0016015424795672334,True,False
47.6332857,0.8174179571222261,0.0007757732474697768,-0.6972909345922799,-0.0008785379770069243,True,False,-0.06984342541087146,0.002252268430259657,0.600385901393788,0.0018917203902174612,True,False,-0.7581081199264588,-0.0012980060576223379,0.36931403249557254,0.001146684950974675,True,False
47.666619,0.7957224454421971,0.0006502883649331079,-0.8269815038421459,-0.0018090209163811382,True,False,-0.7891061994124594,-0.0027061763851090096,1.231332021094019,0.0034604632407477455,True,False,-1.2404103529430082,-0.002927105459724511,0.5981350843954395,0.0021743827035369083,True,False
47.6999523,0.5133390042967644,-0.00046669950607454815,-0.6318073206697081,-4.0870104823596526e-05,True,False,-1.1392835261254537,-0.004895393671382751,1.4530237200381093,0.0015743551601130094,True,False,-1.3705851474900368,-0.0016082619615132288,0.7136482214035593,-0.0010786380239195088,True,False
47.7332856,0.03228209398590926,-0.001016291519586496,-0.135045205258017,0.001422757244120222,True,False,-0.9849416290730219,-0.003457770194814618,1.20563321472955,0.004181955149389066,True,False,-1.1360716035248237,-0.0010974055047057057,0.7224697343002833,9.820345975558001e-05,True,False
47.7666189,-0.5209832272229599,0.0018623774733955976,0.5262573492145781,-0.002912621574359192,True,False,-0.40042964172560036,-0.000547823445993672,0.601886289512833,0.0027986612387780533,True,False,-0.6503465775544446,-0.002170201856515483,0.6570232248727922,0.003134291885558981,True,False
47.7999522,-0.9801479538790231,-0.0016129034734077418,1.1340095649742097,0.003531099740899524,True,False,0.3593758524417214,0.0038833853501881437,-0.11485705643266675,-0.001241779845119644,True,False,-0.10443954543105259,-0.0001751702910565486,0.558014484922026,0.0019501943633536715,True,False
47.8332855,-1.1888589441109887,-0.004518188985967243,1.4624254414389484,0.00883236505176963,True,False,0.9636734487210405,0.005315236609140729,-0.659697726360978,-0.002432303833945719,True,False,0.3059154114150769,0.001455339975376274,0.4633926129511255,0.00021339235903740342,True,False
47.8666188,-1.0718468839248825,-0.006148686133507176,1.3772831775618268,0.011808640034681503,True,False,1.139258490438461,0.004060025688145061,-0.8172805558527072,-0.0031839853374891506,True,False,0.45638327118338723,0.0017640993217343396,0.3917819658417694,-0.00014879422617364643,True,False
47.8999521,-0.6845970517300276,-0.001447573298582193,0.9085911677141474,0.0038096367939181273,True,False,0.7791531109403916,0.004411147622751386,-0.5320523969106185,-0.00476581114097892,True,False,0.34446690874303415,0.001326488887098159,0.325284950583764,-7.667657831359665e-05,True,False
47.9332854,-0.19114327592904362,0.002638001312732111,0.23933773409700423,-0.004158493576242526,True,False,-0.010513105409636047,0.003403969911448881,0.06394687249139026,0.0015134242749819849,True,False,0.08716693559301285,0.00034186023868568876,0.21393841467277497,0.0010569467716858589,True,False
47.9666187,0.2271239441678705,0.0018474723448921925,-0.39111314844977,-0.0037540578619033767,True,False,-0.9402397038824712,0.0006653515888571889,0.7026801651462476,0.002952126740170689,True,False,-0.1386704329472361,-0.0025529318212756495,0.010889883164322897,0.0036911078923954834,True,False
47.999952,0.46602551863427827,-0.0011923803246229798,-0.803138794917972,0.0005030142158622581,True,False,-1.6397635343706782,-0.005721544125276703,1.0896476429885493,0.0014961541444533132,True,False,-0.18534876341089068,-0.0007027072908308323,-0.28517379928864656,-0.0012905333988555525,True,False
48.0332853,0.5314266818327341,-0.00011172236536428888,-0.9397748911806,-0.0016006664124507874,True,False,-1.8050322966114798,-0.006636754903853866,1.0224131851195848,0.002146227482640425,True,False,-0.005515467726404105,-0.0001467666746457314,-0.6176271145519899,-0.00203041492099516,True,False
48.0666186,0.5044827230826144,-0.0002775543007096214,-0.8572990795432022,-0.0006943497373186407,True,False,-1.3313493766086957,-0.005344090385532749,0.47229992640339147,0.0022076269826739755,True,False,0.33017042401347163,0.0010459324782544728,-0.9001368812234705,-0.0019756588786079498,True,False
48.0999519,0.48103248330799864,0.0019640205368774938,-0.6734764216393336,-0.0038173522206854287,True,False,-0.36645052442224013,0.002142844977733742,-0.3961785628795758,-0.0004837288074887282,True,False,0.6707588912734136,0.0010373726805348938,-1.0575248973429316,-0.0008253925489357429,True,False
48.1332852,0.5237291073064487,0.0008343915417468677,-0.5089781964130307,-0.0011115826505224751,True,False,0.7481858377759839,0.0064546027437849315,-1.2770334967227293,-0.0026456155529789526,True,False,0.8523045786486859,0.0016507398640534855,-1.0474239180766731,-0.00021153075873019844,True,False
48.1666185,0.6382023858716559,0.00015411846668767794,-0.43976882883796165,0.00027614988129456435,True,False,1.6196871522221998,0.008089110341787034,-1.836437691964246,-0.00868508415353553,True,False,0.7635808413534694,0.00042697607472184365,-0.8604833358617298,-0.00027755492055949816,True,False
48.1999518,0.7714619697164438,-0.00014771774526549117,-0.4694513387827687,0.001305372725606472,True,False,1.9599127739827458,0.00857836665748104,-1.849400220553275,-0.008972830055857325,True,False,0.38888023963193935,0.00039283251992404297,-0.5184219776591578,-0.0019306990444808143,True,False
48.2332851,0.8346568570385565,0.002871591067248346,-0.5328885888796766,-0.003567812420746233,True,False,1.688072225039293,0.006858912592824521,-1.295778987637771,-0.001691035639124252,True,False,-0.18156115892562674,0.0008308050837680415,-0.07950697505493382,-0.0014151524105703072,True,False
48.2666184,0.7484148696288281,0.002888576677194198,-0.5350250838872838,-0.004087853097445956,True,False,0.9467643504557486,0.006293196927417473,-0.3646816833446321,0.0009024736381670239,True,False,-0.7763667879138034,-0.0024669842562811714,0.3627609150096668,0.0028358287182860837,True,False
48.2999517,0.4888437371090879,0.00011635402811873888,-0.40541458018523924,-6.148290709842887e-05,True,False,0.03516618748811094,0.00027078273559864825,0.6294618616997186,0.001396275130619133,True,False,-1.2005236577299556,-0.002886274101554131,0.7047981479005168,0.0023238407569438164,True,False
48.333285,0.10324118373252009,-0.000795675893256491,-0.1350529824569874,0.0005755970155884437,True,False,-0.710966982928736,-0.0014095201630029196,1.3671207163627794,0.0026749551238524393,True,False,-1.3094704729399105,-0.004302076053848592,0.8728761224938786,0.002434797808339222,True,False
48.3666183,-0.312980226910694,-0.0011791426617643885,0.2220380557119219,0.0016221807581980935,True,False,-1.0465628031976826,-0.0034534351036933095,1.6269887089435098,0.002911150701704485,True,False,-1.0679060893358834,-0.0022483624217443307,0.8488424310841007,0.0006628609119847339,True,False
48.3999516,-0.6568750626603492,-0.0009453817462254889,0.5734355905059043,0.0016267671186992953,True,False,-0.9027892762575649,-0.0008205441077226843,1.3486287774099157,0.0033168566808712946,True,False,-0.563315939666323,-0.0005131736689380863,0.6665830133420071,0.00042675524541097243,True,False
48.4332849,-0.8505773948831737,-0.0012460488138238157,0.8210638850510611,0.002525185361596993,True,False,-0.39959561379784153,0.0004929643134579771,0.6501043066761911,0.004904437250529764,True,False,0.03152024518147169,-0.00033879193190688935,0.3920195102779156,0.0021021854670825323,True,False
48.4666182,-0.8580235036187612,-0.0006613912898329556,0.8917394228225078,0.0016395010159827865,True,False,0.2136657557380228,0.0018518531279317792,-0.2041549572927147,-0.00027117330280129927,True,False,0.5258917410622279,0.00045157844322897024,0.10547511924990771,0.0021262327778669783,True,False
48.4999515,-0.6917719509065455,-0.003141657346672013,0.7622927440192562,0.005534742801099475,True,False,0.6605467109040213,0.0030094057537837253,-0.8896877519889261,-0.003411003121437182,True,False,0.7786847303756479,0.001579206959585755,-0.11303900258228088,-0.0013822991491805137,True,False
48.5332848,-0.413010794539991,-0.0014866580078711166,0.47360228834343965,0.0027643888982862804,True,False,0.7436774310815184,0.002873935406272929,-1.1456825723569317,-0.004863194657162442,True,False,0.7443896861537613,0.0011381265533904653,-0.20614229194771877,-0.00022909169980365462,True,False
48.5666181,-0.11703398649489805,0.0005953639770284717,0.12201956989525684,-0.0007586282432042132,True,False,0.4201801952371652,0.0044115909399960185,-0.8870916832011017,-0.0035201791490646734,True,False,0.48548226890268414,0.001744864026640185,-0.16516106383840262,-0.0008281371393286783,True,False
48.5999514,0.10121870451062893,0.0010344112568073838,-0.17702545107708348,-0.0020346122474782266,True,False,-0.17917164798852164,0.0008791078649352023,-0.247653266772133,9.313684496537441e-05,True,False,0.14620093042249296,-0.0003643828730418748,-0.03991220208430756,0.0005822922485526297,True,False
48.6332847,0.18749301680169056,-7.729741118398191e-06,-0.33778133513576253,-0.0005790335599005623,True,False,-0.7995163007485496,-0.003209632903987082,0.473539828009686,0.0015007412698156732,True,False,-0.10641415399982997,-0.0006539739785396525,0.08048798328248548,0.00024427668862370984,True,False
48.666618,0.14869749584095596,0.0005240823817593405,-0.33717635676961955,-0.0018673397581165532,True,False,-1.1685362224723002,-0.0058411218931332404,0.9416701421318082,0.0027702435060463406,True,False,-0.15327160303509105,-0.0010474826522474392,0.10810071776291445,-0.00032790210533234455,True,False
48.6999513,0.04084931871045257,-0.0008400586198003889,-0.21485923689582628,0.0009086024593650055,True,False,-1.117445261154649,-0.0059411430505373515,0.9370173650625088,0.0070539523076964,True,False,0.024901170610041306,-0.00015798328892687886,-0.0010320748552374635,0.0009100949751799325,True,False
48.7332846,-0.0654236338469226,-0.0010225294902340934,-0.0450982204187016,0.0013609217140645301,True,False,-0.6580624537394955,-0.0036713853639697602,0.46056178382580754,0.005044941834417683,True,False,0.33923205798357453,0.0007574324906759657,-0.22009975595214984,6.788105155612227e-05,True,False
48.7666179,-0.11942489295584093,0.00015767864335938136,0.09978687993684943,-0.00026793459172385454,True,False,0.0243999521078496,0.0015871659894488314,-0.26112600275677667,-0.0016287241342634355,True,False,0.6322394520442354,0.0014163550602411957,-0.4547986389160708,-0.0006377936390272449,True,False
48.7999512,-0.10649784471542179,-8.804278616655088e-05,0.17460748652729743,0.0003536025237376482,True,False,0.6589674510324661,0.003343796628791999,-0.8856065377539224,-0.005434365864437676,True,False,0.7474177520045019,0.0017846467249872631,-0.5820168813573638,-0.001471344459204198,True,False
48.8332845,-0.042773181549504956,0.00012357431161988627,0.1679564518626658,0.00018046762701553584,True,False,1.0100717559504966,0.0015968548444149975,-1.1260406922996098,-0.004790363456042568,True,False,0.5987630170895604,0.001756451608082304,-0.5114105880041109,-0.002636547980518514,True,False
48.8666178,0.04044588747742636,-0.0002421320210647527,0.09658435200695287,0.0008293061259419776,True,False,0.9727696044775104,0.0010077691342727769,-0.8877256827353881,0.0005476201728850048,True,False,0.21118994492210572,0.00045653098179048026,-0.23875329083530214,-0.0005292170293977682,True,False
48.8999511,0.1110007020301091,-0.0009021798743301513,-0.004295746138112385,0.0018758457727508042,True,False,0.6055636677414635,0.0019162796475072485,-0.29742373456117027,0.001651931542802642,True,False,-0.285133079831892,-7.22270058740063e-06,0.14186716935970892,-0.00018943383909520564,True,False
48.9332844,0.1463398023346563,0.0002105652331679888,-0.0935253519909343,-0.0002677222577622661,True,False,0.09747855212991058,-0.0012329310757218102,0.37437865974060813,0.003625753286733702,True,False,-0.7050240287715709,-0.0021608594400794046,0.47751448509121575,0.0030698596281397007,True,False
48.9666177,0.14309086409766017,0.0013634278995365873,-0.14134247463119823,-0.0026183549109549515,True,False,-0.3135469187166428,-0.004380047930944093,0.8413759378007962,0.0031870381408704153,True,False,-0.8830324466713775,-0.0015625572518645568,0.6249606506592738,9.602380439144436e-05,True,False
48.999951,0.12320235710479951,-7.574141837573306e-05,-0.1461369103210555,-0.00017846173993434016,True,False,-0.4416097765928419,-0.004923320758647682,0.9160450235221403,0.00299283431910485,True,False,-0.7418914094546524,-0.001176544579923462,0.5097839315206523,-0.0013066333647096522,True,False
49.0332843,0.12663646394469366,0.00047630362624461,-0.13663782672356212,-0.0009641617709303599,True,False,-0.23339835747406207,-0.0031066407099326248,0.5740258530195634,0.0031376178325104413,True,False,-0.327076375867668,-0.0010946729979443627,0.15337541791937828,0.0010938328220378235,True,False
49.0666176,0.1862855371067142,-0.0008323547833843579,-0.15156012888446246,0.0012751205165288386,True,False,0.20771420406218397,-0.00228839773268687,-0.041466863143608416,0.0026975687006250736,True,False,0.205629755801204,0.00035339376043561614,-0.32982672539881486,0.0006506153857178059,True,False
49.0999509,0.29779900772859796,-0.0007350489167272837,-0.2075037241207997,0.0014214397660914165,True,False,0.665728842814594,0.00020198194394547458,-0.6716688327816377,0.0010255129516385253,True,False,0.6464823884828467,0.0007004485438048201,-0.7611016107109336,-0.0003926432420212618,True,False
49.1332842,0.40772637095605296,0.0015582817271318908,-0.27897884630208464,-0.0024162779970309553,True,False,0.9051773637485313,0.0014467757027853674,-1.0397473873669703,-0.003416659937959957,True,False,0.8152001503807194,0.0029867952414690422,-0.958480788141567,-0.003607603168771208,True,False
49.1666175,0.4349094011237857,0.0004610691226504504,-0.30819672975436846,-0.0005711441709040568,True,False,0.7740484567064954,-0.0003031523102641729,-0.966361865720108,-0.004046630582054868,True,False,0.6410570794603898,0.0032040300328754026,-0.82066582603879,-0.0047345816354024545,True,False
49.1999508,0.31682581870019255,0.0013483293058273065,-0.24067969630837374,-0.00202939565307612,True,False,0.27405569599439794,-0.0005450513400335723,-0.45450259406956073,-9.878576251277361e-05,True,False,0.20027760834579394,0.0010848666244739646,-0.38853060346124196,-0.0016495126976952506,True,False
49.2332841,0.053369454093664524,0.0017860342378055428,-0.06386550244416779,-0.0029737401327975255,True,False,-0.4309453610764937,-0.0028735666976580816,0.30414210275165804,0.0035850301711247436,True,False,-0.3173134244523991,-0.0033640784280508946,0.16755867229853336,0.004113180276876761,True,False
49.2666174,-0.28081742881295985,-0.0015625158915829973,0.17696754020773692,0.0019967055853060914,True,False,-1.0750067736990192,-0.005934570196035647,1.0104179448894803,0.004190791675878211,True,False,-0.7008317964496978,-0.002250783286230411,0.6363996676088508,0.0016194231896304349,True,False
49.2999507,-0.5674407268973681,-0.0019056807191487502,0.39780260544536905,0.002255820221072256,True,False,-1.4000840374376569,-0.009797269008792929,1.3867358431095587,0.005280815098248924,True,False,-0.8165209376433825,-0.0010459008731459514,0.8697707417558556,0.0001576248266057385,True,False
49.333284,-0.7027400730923725,-0.002105338413244636,0.5189422083911204,0.0028681126903797034,True,False,-1.2729891411148258,-0.008888056160458017,1.2938566184834532,0.005182663972461505,True,False,-0.6560908382631081,-0.0007227227680183496,0.8351897452729723,0.001026800771561241,True,False
49.3666173,-0.6463565101591862,8.140980579569867e-05,0.5035044462232031,-0.0004900611965815385,True,False,-0.7532141122301541,-0.006472848923756568,0.7879911214285976,0.00557975808325743,True,False,-0.3199665692681164,-0.00016215117272538795,0.6030995888964986,0.0006444841274786384,True,False
49.3999506,-0.43337530128529783,-0.0008340547843743807,0.36886913211370054,0.00114582122507157,True,False,-0.07122248552319276,2.8563679006500287e-06,0.09591487289345872,-0.000635611114417993,True,False,0.04049140048645255,-0.000667639341856851,0.2969478358631826,0.0012974049779527746,True,False
49.4332839,-0.1504092793749579,0.00040938219667562204,0.17102590296372056,-0.0007157172920838281,True,False,0.47752750611869277,0.0016227335339629712,-0.48449915226986645,-0.001710411287281972,True,False,0.2887731417001657,0.0007671693963168947,0.036397596546466925,-0.00042920138247963486,True,False
49.4666172,0.10448004153883286,0.00038414006958802105,-0.023040914781861894,-0.0005236025774342427,True,False,0.6692321545858982,0.00011147687607831994,-0.7169920414370213,-0.0028244361746289624,True,False,0.3538879062936179,0.0019458946645621083,-0.10872743347982379,-0.002515652621580695,True,False
49.4999505,0.2584086077697585,0.00110578037168751,-0.16019137237896333,-0.001519821776489413,True,False,0.4502064948883966,-8.746789330690136e-05,-0.5308217768028299,-0.0019380665712970455,True,False,0.25108823118012197,-0.0004917634048167979,-0.1383705072005218,0.0006072553715878527,True,False
49.5332838,0.28518196747610586,0.0006260903966563064,-0.2153181565919134,-0.000803698276649059,True,False,-0.04547129724908218,-0.000737030962767475,-0.04623453065052478,0.00014374581853635808,True,False,0.06541046167246656,-0.0013766032781774382,-0.10439050750532662,0.0026744003305360464,True,False
49.5666171,0.20717975849733455,0.0016411457727665679,-0.192972081042406,-0.0026976864698660635,True,False,-0.5600043419845632,-0.004893583397551285,0.48820386891845463,0.004680293254253093,True,False,-0.09225554419795355,-9.776124760873988e-05,-0.06759272704950002,0.0001440693187034755,True,False
49.5999504,0.07870890860650501,0.0004114864309800485,-0.11818423865805511,-0.0009308386432825562,True,False,-0.8265318836127308,-0.0047696268106204405,0.8115994898829426,0.0037179492513789974,True,False,-0.13153065460782123,0.00046891358547415505,-0.06629088126213843,-0.0023290683401455043,True,False
49.6332837,-0.04270992591364105,-0.0009955241604889995,-0.02056862056273736,0.0012120050938546727,True,False,-0.6858378882820795,-0.004511108923780966,0.7603625612843168,-0.0015442510045126276,True,False,-0.012336817563498212,-0.00010663777939207645,-0.11683449421679154,-0.00198270939120963,True,False
49.666617,-0.12382294121611177,0.000819006792362108,0.08039518233772847,-0.0014574950043949096,True,False,-0.15568625405438014,-0.0015031046645631566,0.3245952329856844,0.002391447588672866,True,False,0.2430340249543361,-0.0006298213990757521,-0.22478359711562185,0.0014495235035235884,True,False
49.6999503,-0.1656496120740124,0.0003129518294298153,0.17875976931787504,-0.00035671272206103626,True,False,0.5763134774938425,0.0017104004490893893,-0.35791057924195174,-0.0013670145991847371,True,False,0.5521987637757255,0.0001949792136634817,-0.3772643617222027,0.0009425279328533355,True,False
49.7332836,-0.1903651833976123,0.0010719451781966876,0.2716351329542482,-0.0013197934202533168,True,False,1.2309783980202798,0.0068099824608845606,-1.053899659736865,-0.004375148702231797,True,False,0.7938309352589389,0.0007643785499944007,-0.5239836078682217,0.0004224839362719735,True,False
49.7666169,-0.21737463737481252,0.00045405114982314686,0.3454694209682991,-0.00026826008699181727,True,False,1.5498734944415056,0.004422328674035397,-1.5136400108359624,-0.0021756392882252354,True,False,0.8512812729818012,0.002749845567820214,-0.5822769204948127,-0.0019881976429220963,True,False
49.7999502,-0.2477183063637988,-0.0004121695851197904,0.3735992213698201,0.0011641663373021269,True,False,1.3924378660600638,0.0035362276311214727,-1.5566010328258353,-0.007001946148823136,True,False,0.6657275388250834,0.00184191552618356,-0.4810368347875441,-0.0033695779819354183,True,False
49.8332835,-0.2657797313358068,-0.0005127719235225002,0.32947004869819096,0.0015234944738589378,True,False,0.7836633235523909,0.0033087366962851208,-1.1398257122652484,-0.004777777888308439,True,False,0.2701752138580633,-0.00027791163673583847,-0.21371325616155734,0.0005596810279468817,True,False
49.8666168,-0.25195525671563146,0.0012021877063849802,0.20574681666750605,-0.001571927991383918,True,False,-0.09465561604602406,0.0018820299606848276,-0.38403239839306014,-0.0010627889452154732,True,False,-0.21867836545374245,-0.0015673275165999127,0.1453997503344169,0.002345370662959739,True,False
49.8999501,-0.19473359982084776,-0.0003173108839897503,0.024879565746325157,0.0004696281329871881,True,False,-0.9603389411351267,-0.0008251107068532947,0.458901133604483,-0.0008044219537498227,True,False,-0.6470635516839636,-0.001315522913236194,0.4751185150740199,0.0007563416250078422,True,False
49.9332834,-0.09679600208996142,-0.0004205009609241575,-0.16583818516910595,-0.00021811983647430293,True,False,-1.5225437815000178,-0.003944273432475302,1.091521733258675,0.0024514113545514977,True,False,-0.8828704935035823,-0.0024057031080474594,0.6624308831081422,0.0021543794862782834,True,False
49.9666167,0.025707021909357478,0.0013337077680748409,-0.3129221280839878,-0.0032625840030849167,True,False,-1.5875077329652727,-0.006820955984891462,1.2806092277510837,0.0021927565971636208,True,False,-0.8600582025521343,-0.0009575371494158971,0.6429152034663027,-0.0002709042994378787,True,False
49.99995,0.15188886997485077,6.190698968139726e-05,-0.38238818360160626,-0.0008096400446391159,True,False,-1.1404220593425862,-0.0028361965892659473,0.951960967357138,0.0031041940285392875,True,False,-0.5972547789520282,-0.0009653828661405074,0.41591936159143306,0.0004936958848743516,True,False
50.0332833,0.2701069390290148,0.0020365682719542593,-0.3808012573305125,-0.0034167075912600936,True,False,-0.36122217256896083,0.0006218940973538542,0.23288410336363755,0.0006737478498207398,True,False,-0.1918358369092226,-0.0025118696374785963,0.04406668815801413,0.003069847330560795,True,False
50.0666166,0.38745822889091686,0.001159071968662006,-0.35805595145558416,-0.0014055766246492685,True,False,0.443045847914933,0.004842782367166875,-0.5827175196946428,-0.0007077575132899609,True,False,0.2070108196283064,0.0010451641280850652,-0.3573286073640477,-0.0011936433352803255,True,False
50.0999499,0.524873417381767,0.0005714951754953631,-0.38534233570962995,-0.00048412821719551977,True,False,0.9634643933275344,0.006655207347163753,-1.1461473653397694,-0.008032398189033096,True,False,0.4449127255067258,0.0005227244753728495,-0.6488158240662724,-0.000832265485246099,True,False
50.1332832,0.6974002685626197,0.0010839015291116973,-0.5154598145992317,-0.0010092533281832014,True,False,1.0155259379323216,0.005731126024604307,-1.2039099840930323,-0.008022397738255688,True,False,0.4202421180305112,0.0014217601523170379,-0.7158668500166061,-0.002091916376561783,True,False
50.1666165,0.891969767205829,0.002102124704333847,-0.7451064822721141,-0.002226567142033481,True,False,0.6111105372450022,0.004567422770410204,-0.7143321846280442,-0.00208431692184955,True,False,0.1309270382805802,0.0008996007720604632,-0.5181077698649302,-0.0008144019041918875,True,False
50.1999498,1.0581547244486045,0.0024759102983322005,-1.0002702247837163,-0.003522196900302951,True,False,-0.05134700057487872,0.0015916775657733389,0.13380998740426603,0.0015475107832724642,True,False,-0.3153921298973075,-0.000500868696744909,-0.10940607130337726,0.0006271766341100022,True,False
50.2332831,1.1175277924364062,0.000785140190820062,-1.1540852694084867,-0.001566444286551954,True,False,-0.6706284167247333,0.0008840959872972355,1.0083957348525467,0.0026418214818809465,True,False,-0.7390918896897387,-0.0014802054565180465,0.3831781059083258,0.0011774655885541357,True,False
50.2666164,0.9878588025287642,0.0014069260007278388,-1.0721903315876464,-0.0033063765103713894,True,False,-0.9658143831512899,-0.003890075690260539,1.573715450071552,0.0020671517924192922,True,False,-0.9621228410239699,-0.0031861185007783675,0.8087456725241753,0.0017294504489969715,True,False
50.2999497,0.6180532920954873,0.00014622812390242883,-0.6722158652277906,-0.0006235840014442716,True,False,-0.7907685852463345,-0.0015194303388000325,1.6162701177731715,0.003171373736817358,True,False,-0.8848098905410045,-0.0019338006760677225,1.0457018730775571,0.002013564064471493,True,False
50.333283,0.027776697012635812,0.0017310856802161222,0.021991977004840933,-0.002241495933823968,True,False,-0.1934691424817849,0.0025570655106909937,1.116972135429707,0.002684901285178951,True,False,-0.5283150360679786,-0.000432163166429322,1.0390302124111277,0.0019363872467388506,True,False
50.3666163,-0.6666861112937679,-4.055990337619511e-05,0.8574908859929324,0.0013038922322136184,True,False,0.6051715332603933,0.003033224592101714,0.25698164013133623,0.0018440527975678571,True,False,-0.02273837832306773,0.0006485060117947829,0.8130493438382274,0.0018277634014957315,True,False
50.3999496,-1.2696225918062607,-0.0018555533566001902,1.586321694700172,0.004690959119582566,True,False,1.3023380261771147,0.007083261101366852,-0.6444723866686773,-0.00045063438205583,True,False,0.4497491873205064,0.0004315186900808789,0.45868519153874626,0.0020675149691830367,True,False
50.4332829,-1.5814560634443513,-0.007982673002784726,1.961279302829998,0.014939329695362297,True,False,1.6340161884054218,0.009064230779170991,-1.2505122417506178,-0.008181812620383797,True,False,0.7285739482032991,0.0014879653867599062,0.09780613129812524,8.85490340915175e-05,True,False
50.4666162,-1.5029572855877757,-0.005710633449760111,1.8552198107744726,0.01085447858955223,True,False,1.4761525715789914,0.0048329494192300825,-1.3482371843765506,-0.0070498259599099675,True,False,0.7375339760070988,0.0026721458020279296,-0.16748286409219118,-0.0014477485935162884,True,False
50.4999495,-1.0972785943259429,-0.0020450082712342066,1.331074777547019,0.0046931474353929465,True,False,0.8879440593977647,0.003950592642926212,-0.9454644427951324,-0.0028182131735240874,True,False,0.5160875961642744,0.0018479278020220194,-0.30084557647623494,-0.001220080525994564,True,False
50.5332828,-0.5555970114241668,0.0017974421105125867,0.6092273138846528,-0.002321010317048877,True,False,0.08528760985282528,0.0015817148476660523,-0.26487683651159927,0.001795745487826873,True,False,0.20464000249307152,-9.626804097077835e-05,-0.34541647205530357,0.0008378335713712473,True,False
50.5666161,-0.08700698596935741,-0.00029106883039825934,-0.04852679793753361,2.0015834719811555e-05,True,False,-0.6401996891293683,0.0010712036205716105,0.36449033401468117,0.00033784589213562875,True,False,-0.016297962475785095,-0.00012180897197299757,-0.3921478719750978,-0.00022823879357996223,True,False
50.5999494,0.18695081228317803,-0.0019267470845382873,-0.4605215272518411,0.001765347889796626,True,False,-1.028143597544197,-0.005881055302706489,0.6584990550633893,0.0029324922335169797,True,False,-0.009269285051238203,-0.0005477219318390068,-0.5210460578355189,-0.00036433290490355186,True,False
50.6332827,0.267987967996959,0.00021776234599679212,-0.5841442877889106,-0.0021032387121826114,True,False,-0.9494759855424816,-0.0030512202342284625,0.4990835277647821,-0.00041323343978099606,True,False,0.2532936868235639,0.0007778727165132167,-0.7507407263538263,-0.0020255207396417943,True,False
50.666616,0.2440710385720597,-0.002524717538288975,-0.49864296219669063,0.002987820332036736,True,False,-0.4619885600177264,-0.0033232014413528284,-0.019598682870159024,0.0036361048397064214,True,False,0.6697213555490464,0.0006196085984786265,-1.0208920186563466,-0.0003983386008173185,True,False
50.6999493,0.21981701724903452,0.000852318566526023,-0.34052074700578433,-0.0016800360759033936,True,False,0.20887160238523397,0.0017434749889216794,-0.6322348723832851,-0.001222638889097581,True,False,1.0467611154065033,0.0016296143236108097,-1.2122088257777495,-0.0006291451503594075,True,False
50.7332826,0.2566968374371963,-0.0018261108524375179,-0.23051145648238608,0.00292741813633363,True,False,0.7636069803741768,0.00403356322156011,-1.0183907680314805,-0.005177825112871732,True,False,1.181262217453707,0.004204567843378332,-1.198164901954797,-0.004305381768668827,True,False
50.7666159,0.3477134047412146,-0.00028141787148951294,-0.2232795223683946,6.619507428377915e-05,True,False,0.9575957192766312,0.003883526304383718,-0.9528706197425028,-0.0062671702332566985,True,False,0.9536740871149805,0.0019088975647679302,-0.911635271895233,-0.002147666556019787,True,False
50.7999492,0.43234519194206,0.0006927265789187506,-0.29650933110149846,-0.0006496331859592093,True,False,0.7061047526086813,0.002732626053866543,-0.4201843833719421,-0.001500183411642055,True,False,0.3901498110684495,0.0016351152396836862,-0.39208932443170136,-0.0009677333467477645,True,False
50.8332825,0.4407217473654569,0.00116423210821174,-0.37803462085823203,-0.001385212545410634,True,False,0.11746615557306817,0.0007341829029808303,0.3732772841586103,0.003225894018326957,True,False,-0.3397512644626479,-0.0019274561391493304,0.22089297343079284,0.00262626379460994,True,False
50.8666158,0.3405349122781164,0.0008876875153158149,-0.3919858094153724,-0.0019300827983243561,True,False,-0.5592939152203564,-0.004405910598534049,1.100041470358081,0.0066939877913380534,True,False,-0.9904151274717535,-0.002167296730658996,0.7476641191516935,0.0022225763166400813,True,False
50.8999491,0.15635885172118844,-0.0015728501906432835,-0.29721888965671195,0.0009745152142138562,True,False,-1.0474440791313988,-0.005766629275598465,1.4666065958968992,0.004011601507471366,True,False,-1.3400262991981664,-0.0033735165165282473,1.0435976286070197,0.0015120550278951885,True,False
50.9332824,-0.050077210564159876,-0.0011465478023421466,-0.10060162646847827,0.00040927146016170757,True,False,-1.1638707051350587,-0.005651713084868974,1.338529385547487,0.002740538317391471,True,False,-1.2780891471098759,-0.0020307670205953125,1.048211616226623,-7.771015937415382e-05,True,False
50.9666157,-0.2206059678549035,-0.0009843133560223556,0.15348886227005393,0.0007145608583486398,True,False,-0.8933695078735353,-0.0032920368323359653,0.7836340863918421,0.002558624415031645,True,False,-0.8471249426121444,-0.002886305235631606,0.7974656300722224,0.0034558936089014764,True,False
50.999949,-0.3314569423955993,-0.0005797441965236648,0.4041912614905822,0.001362343361083151,True,False,-0.38593930393296816,-0.001205558940754469,0.03261496253583933,0.0012851171384945746,True,False,-0.22643169697103185,-0.0009513399918222403,0.4108955014212839,0.0016934256918838594,True,False
51.0332823,-0.39709869244508406,0.0003377603513706676,0.5944292260453559,0.00011359220523296389,True,False,0.11456863831480182,-0.0012426283377989752,-0.6153956539832516,-7.18699274106277e-05,True,False,0.336093905552321,-0.00045605290901803297,0.05785738989489987,0.002108083105782799,True,False
51.0666156,-0.45254689237013196,-0.002471159098619796,0.686674892095871,0.004595850708913818,True,False,0.37490600277618935,0.0016634883118765939,-0.9096010389754171,-0.006166997717831556,True,False,0.623664076441129,0.002324139342510273,-0.10392555604932617,-0.002535952596338793,True,False
51.0999489,-0.5285994914955848,-0.0009484450944328066,0.6721020835813208,0.002312388955158877,True,False,0.26812816063648687,-0.00025586996501339096,-0.7488534917243576,-0.0012554048305628144,True,False,0.5461499453901552,0.0018447145704407809,-0.006407770202016157,-0.001357124415044971,True,False
51.1332822,-0.628399544450375,0.00019909115630671487,0.5673155718090797,-0.00040495259736528347,True,False,-0.17346427249243546,2.92373510307622e-05,-0.22508978563366286,-7.11584619797243e-05,True,False,0.18632172232426766,0.000982766308675821,0.27790497087587995,0.0002827944301423611,True,False
51.1666155,-0.7114186376903898,0.0011898942761832188,0.39704436095174706,-0.0029374140494629847,True,False,-0.7674359849652373,-0.0025691358215864843,0.41494169268792064,0.0014005820141019193,True,False,-0.23542002377971774,-0.0026232920957705687,0.5577134816597291,0.002387065130500141,True,False
51.1999488,-0.6993075695455973,-0.0023632205915821163,0.1765764115157421,0.0018960891816646296,True,False,-1.2517828631408534,-0.005421730548759637,0.8737750410764455,0.0031882184518381546,True,False,-0.46918676683245125,-0.0031815579608372854,0.6179928098309869,0.002710341171027568,True,False
51.2332821,-0.5144192998658136,-0.0010266766028088053,-0.08748492606768674,-0.0011603405218026518,True,False,-1.3932825072465627,-0.0063821985600684685,0.9278885411253026,0.002165598547639652,True,False,-0.36208447656465176,-0.0013636272185774112,0.33646441596158777,0.00013573768927250605,True,False
51.2666154,-0.13435361169743534,-5.100593219017602e-05,-0.3788600104468965,-0.0015663244093010154,True,False,-1.090350694999483,-0.006514660298877436,0.5235995098344662,0.005771072056662604,True,False,0.06482499579325447,7.065648096647542e-05,-0.24340266222122417,0.0001867976545870839,True,False
51.2999487,0.37571076972902057,0.0014695082533204213,-0.6566822325345264,-0.0033800051259987394,True,False,-0.4226140662723288,-0.0016492125219648925,-0.19473221673803442,-0.0012950747006555637,True,False,0.6251645400799883,0.00047957543556825403,-0.9174887585548576,-0.0017375383839989492,True,False
51.333282,0.8787565589677592,0.003537954241470172,-0.8618415191841066,-0.0056957857561197355,True,False,0.38023448731848414,0.0030990970846049366,-0.9419926944640364,-0.004312327582850901,True,False,1.0504859043187915,0.00028027962149814676,-1.3992645731547917,-0.0002162028395219651,True,False
51.3666153,1.2222784372446007,0.004425059471216381,-0.9425909920268898,-0.00650455828984229,True,False,1.0372406764597775,0.005385313876751845,-1.4152331792897122,-0.004942697783477928,True,False,1.1090705669587873,0.004725869295091048,-1.4418352969450234,-0.006001531889386739,True,False
51.3999486,1.3031697699609013,0.0027007907847027444,-0.8813741154984341,-0.0033702593698538216,True,False,1.3329763369742393,0.0038861146202201786,-1.4237173393191647,-0.006773591445420212,True,False,0.7123301435954104,0.001408141609475814,-0.9581443107618196,-0.0039778180680157885,True,False
51.4332819,1.1081014591197522,0.004754858087646232,-0.7041682422301608,-0.006435014725012074,True,False,1.197182299505234,0.003136494760311334,-0.9612568830028373,0.00016019725361463052,True,False,-0.03896325585158643,-0.0009544555215319473,-0.079474811011746,-0.00036362187117390543,True,False
51.4666152,0.7137712417878717,0.002079191348385953,-0.4665033185492735,-0.0019653456387521626,True,False,0.7199360938836374,0.0021689645205497793,-0.19178539920867002,0.002128177877591449,True,False,-0.894558565157444,-0.0035115187578736184,0.8924209900142179,0.00463961130903124,True,False
51.4999485,0.2510655003973928,0.0014860537699362445,-0.22483530789364706,-0.0016246927027028935,True,False,0.10889519046959713,0.0023805510580177814,0.6293053838768937,6.178395923423032e-05,True,False,-1.5609032085478554,-0.002811134647183644,1.6219648309078594,0.0033118906266348894,True,False
51.5332818,-0.14912088763166323,0.0007974733706164917,-0.01035977117443898,-0.0019506031337803357,True,False,-0.38902122041273246,-0.0011644420843262145,1.248324533009114,0.0029673003405259095,True,False,-1.8191609746044866,-0.005140601427571759,1.8850855653448646,0.004060664219721914,True,False
51.5666151,-0.40306604806768204,-3.1515449669195785e-05,0.17774742196596047,-0.0012901739598758098,True,False,-0.5774469870994694,-0.003986764511082244,1.485393800397078,0.0028719841390536243,True,False,-1.6030077642194507,-0.00296819415888005,1.6432195338003828,-0.00025931521958009475,True,False
51.5999484,-0.49244328948234095,0.0010098671193633922,0.3543863235080562,-0.0019423832621959102,True,False,-0.3846307862895903,0.0006430397843756049,1.278489707686836,0.0020775510671361295,True,False,-1.0104422889161118,-0.0006201876206867202,1.0247869927867688,0.0004617899742626986,True,False
51.6332817,-0.4480981746224505,0.0015579273574009968,0.5182937728087341,-0.0014317046106718358,True,False,0.10730447930598479,-0.0017824590613714007,0.7017649507643349,0.00662817970676248,True,False,-0.25396809057222236,-0.0019677420395045426,0.25087611069631344,0.0024936450590769695,True,False
51.666615,-0.31517865396839834,0.0025869382180015764,0.6323347440144159,-0.00227223234372025,True,False,0.6936288109399557,0.0038859824514391834,-0.04884385285969665,-0.0014598935523026453,True,False,0.42415214058987555,0.001897719015817342,-0.44765163094128624,-0.0018884052760479123,True,False
51.6999483,-0.12771813171630036,-0.00022973373835947082,0.6332874515665723,0.0025573223081571785,True,False,1.129070612940703,0.0051176975935797705,-0.7146094429255171,-0.0017329709671721142,True,False,0.838564561622294,0.0020457063757519907,-0.9001178175454057,-0.0024975094814411554,True,False
51.7332816,0.0894513740696627,-0.0003365349361177316,0.4713944745177839,0.002392721164682066,True,False,1.2279780473093285,0.004962443107611107,-1.0707263313020612,-0.005630064885911341,True,False,0.921083381099612,0.002754071954121755,-1.0456994065721343,-0.004680617638588291,True,False
51.7666149,0.30265736505758895,0.0021269792011586147,0.15456235043641303,-0.0012071121716101668,True,False,0.9402869876977202,0.002639366597687548,-1.0210211760628911,-0.004481049311208914,True,False,0.7338386631375622,0.0010742329866551326,-0.945139341307913,-0.0018170365378502333,True,False
51.7999482,0.4632689038347226,0.004053406154826011,-0.23692204975884582,-0.0050068250314934774,True,False,0.3718790587941383,0.0013123693253932244,-0.6390134873904142,0.0007556924228353485,True,False,0.430706159159336,0.00034600372005300984,-0.7384847669773006,0.0005554138515595318,True,False
51.8332815,0.5234709552632104,0.0017427408103254526,-0.5770962906796528,-0.0033036795328324027,True,False,-0.2563772976149454,0.000363958636717827,-0.13077748475089426,-0.0006179675965638181,True,False,0.1864320888216645,0.0008719648641265151,-0.5662094134808757,-0.0009469319563565081,True,False
51.8666148,0.45620223627339873,0.00048241930277399174,-0.7432586884318317,-0.0020343854527506704,True,False,-0.6940362735100519,-0.0030266516482220797,0.25989395218749384,0.0011973855422703409,True,False,0.12698108235836372,0.0008370139665380517,-0.5032240696288566,-0.0021502025051369817,True,False
51.8999481,0.2623828064913744,0.0021189355261905926,-0.660739344264361,-0.005123136989335076,True,False,-0.7617228163544296,-0.005737463745410513,0.3569810226220174,0.0013754699056613667,True,False,0.2872462272540921,0.0021942546612593187,-0.5437965590917859,-0.005314352635854678,True,False
51.9332814,-0.03142224328807573,0.0005051511338058935,-0.3300118572242329,-0.0021120298480675308,True,False,-0.42949581992021113,-0.0033826830540089137,0.12558266116924552,0.0013049365054756958,True,False,0.6033341819884888,0.0007978416433395922,-0.6278282490262749,-0.0003081983787837039,True,False
51.9666147,-0.3765208580877907,0.0003123340544630911,0.16913576603669025,-0.0004736931729465725,True,False,0.16462897061292528,0.00037495620927491035,-0.31230899037816545,0.001852253038712806,True,False,0.9343090662774363,0.002190738290159131,-0.6704659017907699,0.00019999648629533687,True,False
51.999948,-0.7081968772256558,-0.0005693171376577809,0.6997092215170084,0.0012832835028454093,True,False,0.7706033053080443,0.004578681047641622,-0.7274421554441421,-0.004634916856578585,True,False,1.1077058330896956,0.00212448002129961,-0.5799692404982453,-3.282516558102434e-05,True,False
52.0332813,-0.959656792733273,-0.001205899502912662,1.1118354052130766,0.002321273413406709,True,False,1.1310508520410614,0.000910472373007284,-0.8831716130835533,-0.0013677878114914594,True,False,0.9828982844292711,0.003278306615842071,-0.28449459527452636,-0.003455579298316355,True,False
52.0666146,-1.0825967294381615,-0.004121836943440171,1.2949026429865262,0.00756525920736693,True,False,1.0839222269453408,0.0019046577255367654,-0.6444813358254247,-0.0018356272824677587,True,False,0.5162953651789334,0.003227467327783374,0.22019226869297429,-0.002171444843767605,True,False
52.0999479,-1.0634264323146434,-0.0010221786335848626,1.2165028420022956,0.0028854630389292756,True,False,0.6220553102231728,0.0011137594416891243,-0.046427335102781596,-0.0016175119850175656,True,False,-0.20085115011468285,0.0005503997624581005,0.8334416109425221,0.0009709687351370429,True,False
52.1332812,-0.9213467954822551,-0.0008596146700532819,0.9283961940606362,0.001756390918321026,True,False,-0.10521041944224481,-0.0010033870715684475,0.7102516664518518,0.0030765266334682154,True,False,-0.959582804680282,-0.0011669820552305487,1.3686388082275784,0.002988390828147808,True,False
52.1666145,-0.6884857319444766,-0.0009256541910184573,0.5356683945493728,0.0011585653721492447,True,False,-0.8452798311764442,-0.005721194162452269,1.337358512080948,0.007646909049524628,True,False,-1.5079830323061858,-0.0032591433988945944,1.6330354509616891,0.005255296477847383,True,False
52.1999478,-0.3908836442599469,-0.0023937329829356695,0.1480945140297153,0.0016621928168921315,True,False,-1.3348639552862795,-0.007110816624355708,1.5783796511114512,0.004441461933985771,True,False,-1.6524666677777387,-0.0032674579867929747,1.519822867252591,0.001890629734076267,True,False
52.2332811,-0.04636244137684956,-0.0004651080896878652,-0.16028805070858992,-0.0009662009322068214,True,False,-1.4005488885805393,-0.0075881013235841975,1.3137250020981497,0.003915924271320727,True,False,-1.3374275658667991,-0.0013897041910201596,1.053324447400042,-0.00045407575693972414,True,False
52.2666144,0.325348810402765,-0.0007075480350199852,-0.36946378871292584,0.00046114796012700353,True,False,-1.0275469491968754,-0.006181766112828515,0.6075721472175671,0.003566073945646576,True,False,-0.6672533018431235,-0.00012626988226053593,0.36874152153641826,0.00028105956258727446,True,False
52.2999477,0.6952191754104688,0.0016986985800657565,-0.5088330028216852,-0.0024145147474000836,True,False,-0.36785940104053394,-0.002763411733439306,-0.3147385947909568,-0.0012879323528057198,True,False,0.1342624961018851,8.581831358736248e-05,-0.3451650784933461,0.0009896673547939397,True,False
52.333281,1.0261046630766157,0.0014648821697690678,-0.634313660972216,-0.0017367119642947592,True,False,0.315296504574206,-0.0013235415105228277,-1.1433220584754262,-0.00056129482112134,True,False,0.806293012426847,0.0013139605717521737,-0.9057689632424414,-0.00042065104610371185,True,False
52.3666143,1.2767297523432162,-0.000914560371523852,-0.7944090104643301,0.0020676312194047547,True,False,0.7447164647974202,-0.0008763740750960188,-1.588474119932325,-0.0013688376293852199,True,False,1.146168946560989,0.004842566593553396,-1.1884969243985508,-0.004364312723844656,True,False
52.3999476,1.4050358319708336,0.0020739026192624264,-0.998526114760335,-0.0033312882320024207,True,False,0.7331395969328056,0.0009473117554241228,-1.4846427857116122,-0.00781247312257633,True,False,1.0862832823065511,0.003679117281011511,-1.167953993452146,-0.003244213672601941,True,False
52.4332809,1.3769558306285261,0.003357091171041184,-1.2050145281068367,-0.005140985935958006,True,False,0.25933712150050936,-0.00014308583438523592,-0.8608914807780387,-0.0013414949760980552,True,False,0.7186450700280383,0.0011280709318942186,-0.9273364977686905,-0.0003221078328096784,True,False
52.4666142,1.1816892750257062,0.00013993559942897065,-1.335717905705218,-0.0012686306013878616,True,False,-0.5115700904906124,-0.001987026467267471,0.056719988202430086,0.003135244185182623,True,False,0.24791966630686382,-0.000831484671310395,-0.6162923908745676,0.0011857456688439915,True,False
52.4999475,0.8404106655737379,-0.000941794560238806,-1.3061398105828101,-0.001047078357603669,True,False,-1.2791736933842928,-0.006554561972567359,0.9243856078194359,0.003034021960717131,True,False,-0.10652812015604707,-0.00016531009414777142,-0.3750374708217389,3.267913788734432e-05,True,False
52.5332808,0.40022895209024467,-0.0003420177182086238,-1.0583977335467183,-0.0036836671050121824,True,False,-1.7215137658139723,-0.008390425165591322,1.412338212362751,0.004207771288938317,True,False,-0.2072263372038611,-0.0007776521499679342,-0.2731384366453732,-0.0006003290671193379,True,False
52.5666141,-0.07696858487792581,-0.0007463843549322276,-0.5914456554523367,-0.0011969150492480202,True,False,-1.6309374568888204,-0.010111192331875766,1.3345025318100696,0.005901482868668198,True,False,-0.0478144225603105,0.0014318069946309402,-0.2959365694685407,-0.0017160690413954025,True,False
52.5999474,-0.5206299292074731,-0.003916289991602329,0.020621322177535296,0.00411086350640278,True,False,-1.0115371797460413,-0.004832151365285477,0.7279479015985819,0.0042399927997109595,True,False,0.2578734458146983,-0.0004750919636765095,-0.3706306315839665,0.0011671346226885674,True,False
52.6332807,-0.855560202290829,-0.0004913454062210423,0.6358596062984991,0.00026648363737827687,True,False,-0.08804893946672318,-0.0009248821426498422,-0.14898966735627633,0.002435836513163877,True,False,0.5310080251748613,0.0007870451504633317,-0.40381191247833953,0.0008631775065990932,True,False
52.666614,-1.0125303833972619,-0.002959747277541718,1.0823778720638844,0.004857986842256244,True,False,0.7832288339653998,0.0018323726372769977,-0.9108364497689689,-0.0012867255174464607,True,False,0.6021649743055916,0.0018605983153741567,-0.314992998517384,-0.00030368083147722276,True,False
52.6999473,-0.9512291759011404,-0.005569770836934501,1.2195233301431534,0.009742210423440902,True,False,1.2635241397539334,0.005455761656040523,-1.2080030555597108,-0.008327873969875617,True,False,0.3807464693304968,0.0004461036684107896,-0.06662000584990524,-0.0001678884340894481,True,False
52.7332806,-0.689646929382555,-0.002579122674552127,1.0024027813454242,0.00542324746856799,True,False,1.1759783314750971,0.005275417194906949,-0.8916683299823743,-0.005450887146256629,True,False,-0.10435521270254326,0.0005227879502329536,0.31445371421743773,0.00014649145682377822,True,False
52.7666139,-0.316801195640526,-0.0020713693528423296,0.5164716995648163,0.004751811876151034,True,False,0.5834426646384516,0.002287328249682152,-0.09179363370228001,0.00359653814762769,True,False,-0.7109375446017857,-0.002573809529735148,0.740475199992688,0.0036790044694721444,True,False
52.7999472,0.0314105303236023,0.0016057057115718583,-0.04472327887088525,-0.0025066123342445267,True,False,-0.23492368370999173,-0.00013553300078146776,0.8428339362477634,0.005112668659609443,True,False,-1.236343477473198,-0.003468124506296201,1.0976345530882206,0.0039471135491542944,True,False
52.8332805,0.222910503025473,-0.0011277017459313586,-0.45177429422843324,0.0007625165362218865,True,False,-0.9004687569633325,-0.0037088664185306506,1.5083678889790866,0.006143213821006783,True,False,-1.4944322748534027,-0.002703212602794669,1.2923399519093426,0.0023012399284818796,True,False
52.8666138,0.17419394538165933,-0.003090266224776373,-0.5244647196811307,0.0026044137190356794,True,False,-1.096529702505056,-0.005156621729202288,1.6195301036782526,0.0019262446706404014,True,False,-1.3840100995504907,-0.0035178846509094364,1.2797708509765267,0.0015056084330328887,True,False
52.8999471,-0.12891130777623613,-0.001285330294406503,-0.19480711365843087,0.0007614981455360037,True,False,-0.7046354840025052,-0.0024940279649556772,1.1139765893843665,0.0028600212330665937,True,False,-0.9245347617047185,-0.002007561399475558,1.0673728059154324,0.00198974337482285,True,False
52.9332804,-0.6248568670098,-0.0005013007174310177,0.46439121185952964,0.0014492367539178405,True,False,0.14533940535792172,0.0030958966360512354,0.16431042862695416,0.0010592280442531684,True,False,-0.2508756512844315,-0.0017251090036670557,0.7095186408922387,0.004092243553242161,True,False
52.9666137,-1.1759623891046695,-8.163165536617105e-05,1.2484793638893403,0.0012660175777849945,True,False,1.1324352389037269,0.007476211609837765,-0.8872172411646326,-0.00038929309420296913,True,False,0.42975592466771895,0.0001689986507505679,0.3027240669121106,0.0018209694351418338,True,False
52.999947,-1.5913143459576973,-0.004155056130133006,1.8765154352767333,0.008945397365076924,True,False,1.8787661794646886,0.008950257357951213,-1.6486640428603307,-0.0051930612532232485,True,False,0.9076913278340468,0.0013146548556262827,-0.03236303717277607,0.0005884481778609165,True,False
53.0332803,-1.6926938221076093,-0.005787141141880575,2.0936318835373866,0.011544759329527195,True,False,2.0974208863845147,0.007812203674003146,-1.8251886546217064,-0.00738165560102988,True,False,1.0472630002996623,0.0018800608994751673,-0.19597620221852985,-0.0011803769718993998,True,False
53.0666136,-1.4034616821881394,-0.005544632606968536,1.7850622108825254,0.010995972886688517,True,False,1.6958308745610566,0.008678984415562528,-1.3449146053332943,-0.0101204810542802,True,False,0.8415295968231048,0.0027666915207603775,-0.16510578204470822,-0.0021705165300861845,True,False
53.0999469,-0.8011146426896102,0.00010191960908296864,1.0383403131595579,0.0020775524822905724,True,False,0.8051000200268774,0.005644767354297066,-0.40154578891255127,0.0027946156247044603,True,False,0.4175506604590539,3.070084817217122e-05,-0.018336944214994256,0.0008180115647090378,True,False
53.1332802,-0.08766271833913096,0.0006266059981204982,0.10940753046859485,-0.00017340701667178254,True,False,-0.26735489299870935,0.0034321799675050457,0.6220665146589973,0.0019175599890885638,True,False,-0.01894057714730509,-0.002075199935543857,0.10102906565127875,0.0028364579041451365,True,False
53.1666135,0.5083821387630112,0.0015491649642738318,-0.6924204302092092,-0.0025777150592165314,True,False,-1.1470731498848579,-0.0014964655441372556,1.318096693399397,0.0038184484013371526,True,False,-0.27868934998869055,-0.0023767804226001938,0.06797614234210493,0.001756847241820419,True,False
53.1999468,0.8381801814625208,0.0018131944976362594,-1.1382926433179534,-0.004256364347444561,True,False,-1.5318157756716688,-0.005163570146164834,1.4226208784486365,0.002064720236978584,True,False,-0.2752088512225431,-0.0004990906730774615,-0.15114847289537783,-0.0019616793601489172,True,False
53.2332801,0.8912694285652387,0.0014620448088991406,-1.168660745717259,-0.0028833722297302677,True,False,-1.3103623697199147,-0.0035380177686907158,0.9147891258299501,0.002433170342462466,True,False,-0.0564969003755119,-0.0013407242753343757,-0.4831697296205816,0.000248005869993831,True,False
53.2666134,0.7868380340158402,0.0024182712157794868,-0.9042295041678154,-0.003778337739726717,True,False,-0.6062825450149637,0.0013413269928150358,0.016647927451244833,0.0009539433573004586,True,False,0.22984393815993662,0.0010556354562267748,-0.7913838664049453,-0.002336212641838722,True,False
53.2999467,0.708945478301739,0.00181322109955408,-0.5811639405677993,-0.001719867350832059,True,False,0.27980140462653347,0.006389777381699194,-0.8992284651569206,-0.004255253827439364,True,False,0.4145233459214954,0.0004228954774160934,-0.9447223865752729,-0.0007888451014079363,True,False
53.33328,0.8139047349479048,-0.0004456524153143694,-0.43921909559417094,0.002176543693657152,True,False,1.0033765094875846,0.007955540730177159,-1.4621203283330515,-0.008236146802270557,True,False,0.3874813449052641,0.0009661730494601018,-0.8785004081783202,-0.002804734381729636,True,False
53.3666133,1.1487533783865786,0.0008153665984159962,-0.6096493749506328,0.0009123272218730062,True,False,1.317808438095422,0.006904983241234055,-1.45720671095842,-0.007682993185902736,True,False,0.14547031362378507,-0.0007281071209283687,-0.6236405192907741,-0.001734147501386761,True,False
53.3999466,1.622985668629952,0.005488956391689008,-1.0550906894388896,-0.006042276349134145,True,False,1.1596912850067387,0.005028462469461227,-0.9101781197996501,-0.0011980025681423655,True,False,-0.21143720433078117,-0.0007500561216416381,-0.29166917605718995,0.00012612797616639974,True,False
53.4332799,2.052346132213424,0.0063809972219311855,-1.5910158414135411,-0.008195726131022424,True,False,0.6506208099513341,0.005848592498959892,-0.06075790488672738,0.00034406354234596314,True,False,-0.5280640875872165,-0.0015759929229575646,-0.018979799920092324,0.0006870699239181315,True,False
53.4666132,2.2458688825918163,0.003590727009367197,-1.9713860601697701,-0.0047055179669183225,True,False,0.028894185970775196,0.0011737119160028229,0.7537798715852095,0.002175921009976702,True,False,-0.6631452681883794,-0.0030005059926806587,0.1025078008041952,0.002241081654290529,True,False
53.4999465,2.081621256427904,0.002788094297402054,-1.9893428771940025,-0.005671401009727886,True,False,-0.4542177731537548,-0.0003234457271004178,1.238698885578013,0.0018065994058135222,True,False,-0.5489904045888823,-0.0014077082715998252,0.06709439004948664,-0.0010474014344307853,True,False
53.5332798,1.5413178630381934,0.0029846679028318,-1.5532492628355856,-0.005799140399114369,True,False,-0.6336739813220257,-0.0002592740957142028,1.243726804545072,0.0012353971941848295,True,False,-0.21649914765362535,-0.0003379915261948182,-0.05671642755676266,-0.0018007568284322479,True,False
53.5666131,0.7113060467732453,0.003616347188621465,-0.7226824262646788,-0.005245523143841414,True,False,-0.4892785373329331,-0.0006108207906115483,0.8002580351796983,0.0026110325471141167,True,False,0.22290994640537723,0.00018122736646017685,-0.17906255558248363,-0.0006091676729049855,True,False
53.5999464,-0.23806616994243932,-0.00013078243905340867,0.30306151357518213,0.0011642607717536307,True,False,-0.14362221048690288,0.0025127285683544573,0.09673728781602178,-0.0009737026485222117,True,False,0.6251403919539583,0.0011083140366636476,-0.240482153215871,-7.9488699034672e-05,True,False
53.6332797,-1.0974905171772755,-0.0023578687467633516,1.248210772529297,0.005363745928468665,True,False,0.19558925024516774,0.0020149079689529025,-0.5930588122402182,-0.0015889245240158431,True,False,0.8666320707657134,0.0010440926554487976,-0.23034084616076472,0.0008559766974903635,True,False
53.666613,-1.68587745603823,-0.004741591674782228,1.8594844878471741,0.008550741039132411,True,False,0.32219248138828244,0.002638446960642675,-1.00804523236767,-0.004923074808751783,True,False,0.882994572228375,0.0014468504260484064,-0.173344301332462,-0.0013947365878621723,True,False
53.6999463,-1.9133587288420042,-0.0026085100572494383,1.9992474898095454,0.005062504150285489,True,False,0.11317653453482203,0.00016828123492979255,-0.9941473191026162,-0.003850814291389869,True,False,0.6840029473409059,0.0004145662963549526,-0.10532819011414837,0.0008932471128251261,True,False
53.7332796,-1.8060460620406493,-0.0032891857228830213,1.6899785084613417,0.006139075131742505,True,False,-0.42105315839356094,-0.00044707057947701204,-0.5603464421994552,-0.0018788366829933971,True,False,0.3451489016825719,0.001001385209447027,-0.05431251643619113,-0.0006947800144420093,True,False
53.7666129,-1.4812707292028353,-0.002199605915935756,1.0942673412570165,0.0029583953898006258,True,False,-1.1303166700969123,-0.0009625585629890819,0.12636918687239163,0.0008460686630788979,True,False,-0.01897168619747893,-0.00043652761113081124,-0.03106808466256337,3.72763952775066e-05,True,False
53.7999462,-1.0915644150321506,-0.0014505894626826129,0.4456191878483336,0.0002989717142208496,True,False,-1.7652993487681694,-0.0042209283824396855,0.8039692933338607,0.0014383664938989564,True,False,-0.2920241918672652,-0.0018416546608629107,-0.028482111950996227,0.0014972192126947936,True,False
53.8332795,-0.7664076255703371,-0.0031658154391479925,-0.03915891349738257,0.0017781956167364913,True,False,-2.06090072018679,-0.008055380459921914,1.2099952304146309,0.0023915534409123637,True,False,-0.39355552764519075,-0.0004926741008859282,-0.029114512137752655,-0.0009744765518753895,True,False
53.8666128,-0.5719900217614515,9.174171633019095e-05,-0.2350363664701519,-0.003428194725386274,True,False,-1.841703274181911,-0.00786104431200632,1.1752944053595022,0.002979375344812073,True,False,-0.30412147726661976,-5.474175583166277e-05,-0.01902513496598529,-0.0012001065320614592,True,False
53.8999461,-0.49590739948597634,-0.0012110056379966564,-0.14807245380696726,-1.6514397642605036e-05,True,False,-1.1070473091918838,-0.006374268667299904,0.6894340246693524,0.00491337672664014,True,False,-0.07058768892327477,-0.001962145048603297,0.0010788346930754873,0.0018953728217366921,True,False
53.9332794,-0.458958571831726,0.0014672521779765589,0.09456740124602715,-0.003443825491919369,True,False,-0.04897539940746435,0.0015370042804373598,-0.08558672558151506,0.00015072727537437147,True,False,0.20759276773810292,0.0005785872777318337,0.018802089614049833,0.00016390500113226764,True,False
53.9666127,-0.35695469029976307,-0.0023233924466192196,0.30556843809405776,0.0035099743061866367,True,False,1.0146072998241584,0.0043615621875077665,-0.8689280041640796,-0.003149802748190119,True,False,0.40834066109138273,0.0012575192227176912,0.025430897895861625,-0.0003141273281608784,True,False
53.999946,-0.12496160845008299,-0.0027970193356784126,0.331031368296848,0.004470667598310394,True,False,1.7623309469292425,0.0065215094816649995,-1.370596998730201,-0.00802528336417797,True,False,0.42743056594761325,7.28326495501076e-05,0.029937633329438898,0.0007135556525845524,True,False
54.0332793,0.20844781414936062,-0.00047968198408108564,0.1333345826866725,0.0018354720281882938,True,False,1.9888732922976449,0.004241147745774989,-1.4087249069509309,-0.0013417454601006534,True,False,0.21607797602264314,0.00020084900009139988,0.06270311894571937,0.0004918632943773108,True,False
54.0666126,0.5205261830649694,0.002189666823779631,-0.18687382390107687,-0.002434034799995288,True,False,1.672376037179423,0.004260239375840592,-0.9758849004141242,-0.00025689774558574437,True,False,-0.197904741627058,-0.0010225664387255725,0.16734624769254325,0.0024305458445300528,True,False
54.0999459,0.6600569026731751,0.003375061712786139,-0.44794336977579197,-0.00507389499149043,True,False,0.9730655278142111,0.0046237188142634646,-0.23075564584610284,-0.0016822485879598836,True,False,-0.7104003283745831,-0.0002175764683035177,0.3782478550293929,-0.00033924625338048757,True,False
54.1332792,0.5388372391149355,0.001598081480297291,-0.4892820658068035,-0.0031186202672062488,True,False,0.17167156857844273,-0.00016242535747005313,0.5653971441967128,0.0016129539338146247,True,False,-1.1634040055568047,-0.00210457792320912,0.6860017914220217,0.00066200627953622,True,False
54.1666125,0.1859818260192907,-0.0010998035396006763,-0.2556235027271498,4.999175541652068e-05,True,False,-0.4333069694363635,-0.004164607480801075,1.1371729530344108,0.0027032277084538653,True,False,-1.3902750739324625,-0.002498424308310539,1.0106646581746621,-0.0006958765798202771,True,False
54.1999458,-0.2668650462524218,-0.0009163553754849835,0.18003716226291533,0.0004535211984699511,True,False,-0.6392230003670989,-0.004355354785096818,1.2876392563386867,0.004577625300423379,True,False,-1.2779028634357616,-0.002240813117739607,1.2153717049860648,0.0022506967297672474,True,False
54.2332791,-0.6504667999958286,-0.0013973324874144973,0.6553275135782624,0.002404584910335459,True,False,-0.41978382763613653,-0.004340423484996492,0.9733655120719303,0.0060743327707452515,True,False,-0.8255590235824822,-0.003962936969853834,1.175007112495699,0.006965623330163543,True,False
54.2666124,-0.8297973504137917,-0.0010968385427139228,0.9898168071390878,0.002675509581201221,True,False,0.0671808533097263,0.0005529117068184145,0.3315875791721688,0.000875675492741799,True,False,-0.16878945454371197,-0.0015408062910801537,0.8652027040037062,0.0032928901521640224,True,False
54.2999457,-0.750863332827141,-0.0007017589822771498,1.05536244459397,0.0022567329037380484,True,False,0.5522855520005008,0.002804282177676828,-0.364094810387495,-1.5719241901420664e-05,True,False,0.4593343379543749,0.0025801968293297406,0.399144487395651,-0.0011967085252006981,True,False
54.333279,-0.45266045757689216,-0.0028199020217934325,0.8215719150089996,0.005882752977696164,True,False,0.773739473678098,0.0012066768820294279,-0.8127729903621917,-0.002633726847126625,True,False,0.8277305526529289,0.0035729887295509193,-0.03186449651589108,-0.0026200149323426848,True,False
54.3666123,-0.04540479931042433,0.0010139100946285093,0.362095190817724,-0.0011220246715496738,True,False,0.5878220963241136,-0.0003974997168997411,-0.8168831237082046,-0.0045017998929779025,True,False,0.8207990808313425,0.003069561239551292,-0.27594013863074224,-0.002712188332977335,True,False
54.3999456,0.3392024357750296,0.00276902718246151,-0.1815996549502771,-0.004160101327490309,True,False,0.027005251351882132,0.0010651083005044457,-0.37384745222402066,-0.0016138483019446704,True,False,0.4987857066502237,-0.00022750750329211935,-0.30705496229030144,0.002138183320094553,True,False
54.4332789,0.6066244991175835,0.001372669242143282,-0.6624269403447227,-0.002406370747457486,True,False,-0.7101630975157603,-0.0031239254199161392,0.3186433304472026,0.0041590423996896225,True,False,0.0684248916379816,0.0008401909564747236,-0.22344314528784703,-0.0008719318430282074,True,False
54.4666122,0.7347825795127759,0.0015269336162138344,-0.9820079863657722,-0.004084967101358665,True,False,-1.3318275766827514,-0.005814196104304458,0.9492277296298922,0.002920971765088822,True,False,-0.21775620960444486,-0.0005835039409851027,-0.17436712031359303,0.0002555307732325943,True,False
54.4999455,0.7657090044503277,0.0009098245874899123,-1.1111571201577015,-0.0031934581953998314,True,False,-1.5662996721212676,-0.006811007765201043,1.2285295797254003,0.003344352080232897,True,False,-0.18076720721733378,-0.0014952666061541868,-0.2723980169503561,-0.001077696011532539,True,False
54.5332788,0.7648486460695602,0.0016238542190858112,-1.0771711899626135,-0.0040169984579375905,True,False,-1.2762424661428402,-0.00824032403478667,1.0111800922371548,0.005110412809490253,True,False,0.2008802000212171,0.0012739131170680692,-0.5373190588942426,-0.0010522027316490555,True,False
54.5666121,0.7785789155411599,0.0006092544411609902,-0.9365199411892972,-0.0017497847803025052,True,False,-0.5247112589489427,-0.003214127333846855,0.35631278976093295,0.0023054859589781997,True,False,0.7779634639090669,0.0011622797056936123,-0.8888027791015697,-0.00135370588376979,True,False
54.5999454,0.8147368695363888,0.004261735144271072,-0.7512699007816337,-0.007029134987070006,True,False,0.44145036978118246,0.0013384978791434866,-0.49529467320576037,-0.0018477564487392338,True,False,1.2933802106109318,0.004297238637473218,-1.1842530694750797,-0.004059356951929408,True,False
54.6332787,0.8502326349455629,0.0015737773595070766,-0.5757274366748776,-0.0017091193621528405,True,False,1.2885043951532795,0.0049315972374946474,-1.2204374076801836,-0.004388251122592932,True,False,1.4926903169961625,0.003998811920532097,-1.2836875768523064,-0.002198721564805333,True,False
54.666612,0.8501271583387945,0.002136134051009037,-0.4467308566023766,-0.002501557008036026,True,False,1.7298518539866299,0.005289878981960763,-1.5483699772955417,-0.0062564662261804975,True,False,1.23289099886964,0.002892763937317935,-1.112547184640379,-0.003723419108360113,True,False
54.6999453,0.7806809782998558,2.623432758734357e-05,-0.3709541756774919,0.001411710116820097,True,False,1.6360444848017015,0.005142715712757445,-1.3697107418569732,-0.003354730871515799,True,False,0.5432417553301733,0.001188498866479064,-0.694235452481336,-0.0005620899432704872,True,False
54.7332786,0.6153172830274483,0.0020669877333737117,-0.3166630985447929,-0.0020176796336035313,True,False,1.075394973634759,0.0009487974245910643,-0.7703503991418863,-0.0007527349339063022,True,False,-0.38281809128247857,-2.8968840417724763e-05,-0.14039066422612093,-0.0011311313771929627,True,False
54.7666119,0.34362137747234267,0.0019301115218734468,-0.22475343691177305,-0.0025513788369883445,True,False,0.27559620080107894,-0.00017115560772487412,0.017320931264909422,0.0021052957353634425,True,False,-1.2558042994764822,-0.0015387140637504863,0.3923056485743905,0.0005720512107809627,True,False
54.7999452,-0.01593076502627209,-0.00017177304080983238,-0.04042931585820101,-0.00030327022937255964,True,False,-0.46971059412750155,-0.0027602054403688446,0.7118576652952989,0.0008271942277001514,True,False,-1.7919622565429636,-0.0026599509591224784,0.7582091559641133,0.00010266444415132046,True,False
54.8332785,-0.41209083511322253,-0.0010199244821019944,0.2525299010257794,0.0005387293804544221,True,False,-0.9094213244913357,-0.0033434958609316026,1.0818824146566983,-0.00030481319534594366,True,False,-1.8163353968735216,-0.005061694239206752,0.871856309929357,0.002118151729569462,True,False
54.8666118,-0.7735380050704911,-0.002061268000601613,0.6154688787645596,0.003009722195149509,True,False,-0.9213864423464684,-0.0047293441571935576,1.0184464056344804,0.00457204711878527,True,False,-1.3315021713597301,-0.002442771908705098,0.735421164416882,0.0018214574866512935,True,False
54.8999451,-1.0299400980169566,-0.0016867069727597415,0.9628883959767357,0.0032309977297521595,True,False,-0.5513573066056112,-0.004006405738593629,0.5719174317644649,0.005186873604548498,True,False,-0.5199024909833093,-3.8819314070694164e-05,0.4330988818913132,-0.00043246930510682093,True,False
54.9332784,-1.1283825473323104,-0.0012705495507892056,1.1882257176915523,0.0025010524407325057,True,False,0.007941233138699268,0.0006928182166513025,-0.05830726132599967,-0.0018774010773973222,True,False,0.32863268589621514,0.0012935137794057106,0.09057590911170595,-0.0011499101348742455,True,False
54.9666117,-1.0423446332984216,-0.0020888142458082163,1.1985927389036577,0.004825278671436774,True,False,0.4927135853845775,0.0013016151011983476,-0.5954725755975353,-0.0022365662669538047,True,False,0.9348319798571454,0.003313169953385071,-0.18202419508115328,-0.00036912477800823534,True,False
54.999945,-0.7791634113977925,-0.0027425668139727014,0.9512377056539988,0.0053173210516882586,True,False,0.6721756743536498,0.001389440712319559,-0.8034190452299902,-0.004970603219705501,True,False,1.1398786796913647,0.003027822948119412,-0.33233644762044945,-0.001219724301532633,True,False
55.0332783,-0.38662173732274924,-0.001656715736322705,0.4799908701320371,0.0034540793420542205,True,False,0.44080284789215396,0.0018981838933429032,-0.5962777114485406,-0.0035554058666988704,True,False,0.9590891585875431,0.0017427525599672906,-0.3728925426569292,0.00047123743070974717,True,False
55.0666116,0.05091936099326963,0.0021132904604225654,-0.1046757373194788,-0.0037148802756839473,True,False,-0.13586610308739824,7.067615656617059e-05,-0.08013698569083616,0.0005475000416250361,True,False,0.5594554646831714,0.0010975769776382957,-0.3576009464638292,-0.0003510683385884852,True,False
55.0999449,0.4321626032950394,-0.001015494479032875,-0.6474862304354786,0.0008070212384713095,True,False,-0.8395888279416538,-0.0020279586134502522,0.4967788304587091,0.0028421123361198246,True,False,0.17620940269822521,-8.92742467327533e-05,-0.3480637944851597,-0.0011353119585187231,True,False
55.1332782,0.6657119350183511,-0.0010119589140999584,-0.9979695664583657,-5.908686413612151e-05,True,False,-1.3797074891036805,-0.005196239741453295,0.858185321125272,0.0015019053969171133,True,False,0.008020954456377063,0.00011779643120092049,-0.38790855194352786,-0.001175616435849496,True,False
55.1666115,0.6954574867531327,0.0025502954093153314,-1.0594039003390305,-0.005593778910045861,True,False,-1.5101784103055615,-0.0077912452115230105,0.8202342384458597,0.0025898119304844616,True,False,0.13413556598673618,3.482679081945511e-05,-0.48853788387185454,-0.0013640523837809844,True,False
55.1999448,0.5232876195246015,0.0018104321416432879,-0.8256645681227489,-0.0038630138774407106,True,False,-1.1372278042415047,-0.0034886920107584482,0.36718886820780033,-0.0012192213927022977,True,False,0.4830207500605184,0.0014191797133992128,-0.6197231094116826,0.00019851623721760402,True,False
55.2332781,0.2189190207305737,0.00020141645905849691,-0.3911121746889502,-0.0009185844334318724,True,False,-0.36804223663432034,-0.0026758231117657103,-0.3406066138708503,0.002753365693187349,True,False,0.8611575613279671,-0.00016007553833067426,-0.7055968561084659,0.001981469700417014,True,False
55.2666114,-0.1027393597945251,-0.002167997439313996,0.08304163851629895,0.0038404229290487928,True,False,0.5252615523678105,0.004289244920338466,-1.025267344251474,-0.005000238499063406,True,False,1.0316726399981182,0.0031156871361304756,-0.641897486247069,-0.0020642534281871162,True,False
55.2999447,-0.33586035118422464,-0.0026119872060928837,0.4388088750641286,0.004324723390451914,True,False,1.2121707488734417,0.004254577164638361,-1.3993186892592062,-0.0055226012616440435,True,False,0.8170288979789829,0.0034304154284083236,-0.34679705908284486,-0.0032684225734173466,True,False
55.333278,-0.43608709676864116,-0.0010590691008782853,0.5899277678824276,0.0023800832129701453,True,False,1.4345533922723657,0.005858951735373585,-1.285652825825945,-0.0076073793497043385,True,False,0.18508636002142725,0.00026412850237496566,0.1769110705658236,0.0005713753047452668,True,False
55.3666113,-0.4341069175639004,0.00025649519365295416,0.5493619702902349,0.0004192052181155223,True,False,1.1078926379366785,0.004493411421974708,-0.6943073436804377,-0.0002915604689050467,True,False,-0.724512485497014,-0.0025792384604774376,0.8191008265117264,0.002944356592721746,True,False
55.3999446,-0.405349013865903,-0.0008846221164664448,0.40728825429168736,0.001934084872380094,True,False,0.3552465071233946,0.0025831703018004792,0.18480620496156377,0.0026331564907454805,True,False,-1.6489701925174745,-0.004068496052878302,1.4058704019821802,0.0055435506876306715,True,False
55.4332779,-0.4230420530199648,-0.002324092663196056,0.281717353371806,0.003677357064221324,True,False,-0.5371921475185035,-0.0007401583481441217,1.0643379674253126,0.0027705447514169324,True,False,-2.29931161571962,-0.004039997433913936,1.7783238968595019,0.0044071543547535815,True,False
55.4666112,-0.5229738006671796,-0.0017114903124089398,0.2676668429101043,0.0015477602380508289,True,False,-1.2273234686185923,-0.005126335039629318,1.6661467559841179,0.003929231744653009,True,False,-2.4602384679098894,-0.005219174174286068,1.8486776089606642,0.001539694254049195,True,False
55.4999445,-0.6872389431771797,-0.0009722493032838589,0.3973051494131298,0.00035512229307341805,True,False,-1.448343440429025,-0.004241645720429354,1.8043398239936264,0.0006678564678193078,True,False,-2.0589678810971668,-0.004296681928782421,1.6066755611072874,0.0012019852886952095,True,False
55.5332778,-0.8432310950014867,-0.0008749864141747739,0.6186795060087747,0.0008727055803446345,True,False,-1.1126951837656889,-0.0038363454227607827,1.4309005518260585,0.0041565429005184324,True,False,-1.1878040731833703,-0.002295243604320524,1.1000778358398229,0.0035053863154781866,True,False
55.5666111,-0.8813227162777697,-0.0006954891120591539,0.8063639805435282,0.001797843043808227,True,False,-0.3460430154679223,-0.0010008905010487766,0.6518522555746222,0.005734504368028995,True,False,-0.0777669553655641,-0.0008081619348818069,0.4262078210576661,0.002971708072450901,True,False
55.5999444,-0.6987659309434973,-0.001807219256252233,0.8130054131215556,0.003644107212333618,True,False,0.5632891408889744,0.003999139719704222,-0.28842963577390784,-0.0007666567519693676,True,False,0.969097305080071,0.000781074319164781,-0.2642392229740064,0.0016436477140352361,True,False
55.6332777,-0.2620280300875424,-0.0034904294078200843,0.5476794345139897,0.006492491507240545,True,False,1.2792921666790036,0.006310592496056456,-1.0727855572177447,-0.0033307682381295773,True,False,1.6716951534532138,0.0034831553301380735,-0.7855816419327339,-0.0006098943262650109,True,False
55.666611,0.346622468076949,-0.00046636676914460533,0.04003747961017287,0.0020562631384813987,True,False,1.5503494738294619,0.007037355527569878,-1.4263178098772322,-0.007520120891788834,True,False,1.8614537478161244,0.004261137197198557,-0.9810854128389116,-0.004448775525365574,True,False
55.6999443,0.9417397764310375,0.003576529277853511,-0.5561408649944313,-0.00463189615665397,True,False,1.303887364906919,0.004304008138186346,-1.235838369011196,-0.004663073283025112,True,False,1.542248477427534,0.0029629259217357875,-0.8073775621201705,-0.0025903432671903286,True,False
55.7332776,1.3174262139191901,0.005503288103475099,-1.03326085879049,-0.007829896836096941,True,False,0.6675575627303678,0.0036998434478697517,-0.6072520933262684,-0.001776972520104409,True,False,0.8902302641424039,0.0013478581645966774,-0.37794318528565374,-1.6512391740476056e-06,True,False
55.7666109,1.3537506130555619,0.003307387919175263,-1.2335240785747885,-0.005147156382181831,True,False,-0.0866992773422745,0.002382168510873463,0.17684752714121382,0.0021919045818475326,True,False,0.1867092949260942,-0.00039117114728413313,0.0785240821073852,0.002546694189152267,True,False
55.7999442,1.0751154581879079,0.0011617409529912084,-1.1197635359175948,-0.0028295317213459714,True,False,-0.6527103022619112,-0.003448831894608655,0.780655277894589,0.0018832644101814716,True,False,-0.2914647928332005,-0.0012391508608305835,0.3274424825807909,0.0015026959689152862,True,False
55.8332775,0.625206521232921,0.0010231765981785332,-0.775705716108417,-0.002638491584000676,True,False,-0.8147804290937617,-0.005517372411876827,0.9592483119993265,0.004685436194817067,True,False,-0.379621329405749,-0.0012021236995300947,0.23931614308521115,-0.001286599371806662,True,False
55.8666108,0.18430823641279492,-0.0007039143421586743,-0.3491456915219095,0.0006013935341458274,True,False,-0.536515324721779,-0.0009447518585117031,0.6583839280269305,0.0015638381018261984,True,False,-0.08833894909746637,-0.0009825256173884487,-0.15543903282185756,3.329847558593445e-05,True,False
55.8999441,-0.11395763361326224,-0.00019887316266108167,0.018968988418289527,0.00024383223434335042,True,False,0.030223402301600342,0.0027064392170897816,0.029892362469647528,0.0008654235342911176,True,False,0.40298626237684504,-0.0007836765233248599,-0.6822252485352552,0.001503048109689951,True,False
55.9332774,-0.22214473846915028,0.0026125379594745188,0.2409714444361239,-0.003777465341594349,True,False,0.6217332192440261,0.004083200381549504,-0.6410032916282233,-0.0020674839933196775,True,False,0.8227885741972198,0.0026164254215873795,-1.0952720167704784,-0.0029324457206010564,True,False
55.9666107,-0.16775002981021078,0.0006457489403175836,0.29196107993534137,-0.00048607292686737033,True,False,0.9819860297541778,0.0031210925169743507,-1.0647550935968508,-0.00466365949804827,True,False,0.9284646678764462,0.0028087467419224744,-1.1876577407790223,-0.004923102202501331,True,False
55.999944,-0.017601625592617094,-0.0007687735588496157,0.1970388012310264,0.0018097757573993813,True,False,0.9663858307652033,0.003475424447934557,-1.0767020908545704,-0.0064929972896484445,True,False,0.6214943876765034,0.001928619660478875,-0.8988155522366523,-0.003920440129221004,True,False
56.0332773,0.15269536678440027,0.0009326133685586122,0.01567697634123224,-0.0008386932240581065,True,False,0.591033374523966,0.002895461362470501,-0.7058468039137774,0.0008845360200051188,True,False,3.72557129150485e-05,-0.00031229568941120795,-0.35786041353454706,0.0005519195460390949,True,False
56.0666106,0.2777201865380125,0.0009782567305409297,-0.17418179328601838,-0.001106569727549315,True,False,0.017757588962715665,0.0007533325263454979,-0.1493689834311494,0.0018108255176259125,True,False,-0.6799147999500637,-0.0023835913849077576,0.17486221509667513,0.002279721134132231,True,False
56.0999439,0.3174392972510855,0.0014457185271795085,-0.29915410215201094,-0.002400584982973366,True,False,-0.5151323396498639,-0.0023263823939383386,0.32827408242235623,0.0009898385143670768,True,False,-1.1170767865707323,-0.0009961433753914544,0.43758626333588974,-0.0007376902097703058,True,False
56.1332772,0.2692444045835126,0.0015772411647588182,-0.31779834094997683,-0.003374682048376153,True,False,-0.7917885653711138,-0.00396649029424442,0.5133947113572253,0.00014812315710120854,True,False,-1.0997690202203179,-0.00504791421132746,0.292386019494763,0.0008557404434690224,True,False
56.1666105,0.16817857749806148,0.0009234253026223419,-0.23801346876127452,-0.0019335914567743524,True,False,-0.7097922341733083,-0.003954348725839837,0.32645036983030834,0.0017120765490257024,True,False,-0.6054127468315662,-0.0006938177636144806,-0.2137891295909886,-0.0020664214866892776,True,False
56.1999438,0.06936588727254628,0.0002588684063195588,-0.1110741076558743,-0.0005154387034488317,True,False,-0.3239780806382712,0.0004062879395628081,-0.14932910696292118,-0.0003194538290401859,True,False,0.1787296081350672,0.00032809270473259535,-0.8665854815457197,-0.000875876933618435,True,False
56.2332771,0.017698727247424755,0.00020954418058856194,-0.002123948301316289,-0.00012120515839633324,True,False,0.17662302879669628,-0.00011466605930551585,-0.694588506784139,0.0009411065281912495,True,False,0.9258895053276016,0.0014360388480980917,-1.3643096468505058,-0.0023199893030959495,True,False
56.2666104,0.020493644789971503,-0.0007678119110588003,0.04681853062218333,0.0012815622313104224,True,False,0.5468607889486072,0.0021311842979449755,-1.0306484814205712,-0.004259777101172334,True,False,1.3037901670208156,0.0038595771849939224,-1.4337991436707909,-0.004796812506015889,True,False
56.2999437,0.040675043153780566,0.0016449063583849604,0.038893255004855194,-0.0023717013075662792,True,False,0.5845796332263331,-6.136150682678082e-05,-0.9298245330941147,-0.002999875671112623,True,False,1.1164428503994235,0.003995158297587174,-0.945454550646732,-0.004135450680333926,True,False
56.333277,0.01688570901089086,0.0004718574760517823,0.016971346867114292,-0.0007542215870755007,True,False,0.21457722940095814,0.002451614710723996,-0.32116454477403455,-0.003916197096185577,True,False,0.3921799815874257,0.0016910620914035552,0.02108053556306647,-0.0007939911512771587,True,False
56.3666103,-0.10121535388012987,-4.563192786501722e-05,0.03708379120045189,6.718287916158611e-05,True,False,-0.4706438467228449,-0.00037629233305774807,0.6589994774262615,0.0029003003903834224,True,False,-0.6244759701957924,-0.0032052296505280854,1.1994733068964667,0.004125630228495707,True,False
56.3999436,-0.3234787702253798,-0.0008381423438566772,0.13797981346981406,0.0007129844214978922,True,False,-1.232305948605755,-0.003817793901981902,1.7044344520671997,0.006047366047838039,True,False,-1.5745494827651545,-0.0033054636801814197,2.2403440004339576,0.0041573719134595875,True,False
56.4332769,-0.609055165276657,-0.0005561723933156958,0.32000266796943944,-0.0004657736320553353,True,False,-1.7719368086161964,-0.006797703125321843,2.4527987696232314,0.005471585434279393,True,False,-2.128147222561526,-0.004164858839078733,2.839568058337781,0.003422246719470737,True,False
56.4666102,-0.8766091743834588,-0.0012672536669889102,0.5388655661911541,0.0008688900603432343,True,False,-1.8568644830584329,-0.010629773993294279,2.6259898858631363,0.008232417071833196,True,False,-2.102709530160927,-0.0027762714821948607,2.8312097001543277,0.002888338480594492,True,False
56.4999435,-1.0310235425465875,-0.0024927423073105724,0.7178474569979624,0.003190818956954784,True,False,-1.4289524248711714,-0.007533486295666417,2.1398369648739632,0.007676127920351221,True,False,-1.5152937454640427,-0.002588514535942548,2.2239396474370334,0.00508601439809811,True,False
56.5332768,-0.9994840607366533,-0.0023649607709468803,0.7776373356196588,0.003331711718523412,True,False,-0.6370610207241449,0.00044967411899282536,1.141590791240233,0.0022430568716014015,True,False,-0.5651239562901033,-0.0008530295250738846,1.1906627190578356,0.0013117095917138087,True,False
56.5666101,-0.7630368173368252,-0.0018697999129734326,0.6717249318312518,0.0029961046964979573,True,False,0.2297111954532152,0.0010557961677971238,-0.04194760091624288,0.001029690565147883,True,False,0.43712745933983244,0.0002773374092048772,0.019726488274730235,0.0016106275657725374,True,False
56.5999434,-0.3675245415441909,-0.00040846111813678285,0.40844507773856514,0.0006199374393679027,True,False,0.8730630366843566,0.004918812240782008,-1.0301507331236157,-0.005156668264491219,True,False,1.171828405854317,0.003582281234196105,-0.970571196138862,-0.0035719749413136532,True,False
56.6332767,0.09214162429792368,0.00014304433893711903,0.04862240644804525,1.2483186284533855e-05,True,False,1.1113040056446863,0.002430789267057798,-1.5387965987092689,-0.007711499829118918,True,False,1.4187404426911758,0.003065610414733448,-1.5381429681909993,-0.005175365788484539,True,False
56.66661,0.5055519058794206,0.00012344320562225709,-0.3170779803037012,0.0002899993695345965,True,False,0.9425405354038041,0.0025013708120239946,-1.4888501009473638,-0.002422149747930645,True,False,1.1377832496641913,0.0039207912967184795,-1.6026689656318296,-0.0027306092328108953,True,False
56.6999433,0.7823046832897542,0.002792617263534799,-0.5984124384702451,-0.00421450468263919,True,False,0.5274356787949519,0.0014948170660747339,-1.0239557230852705,-0.0020030803299397114,True,False,0.48932625608679503,0.001139276663358217,-1.2653962777391488,-0.0007704026087862719,True,False
56.7332766,0.8757519788927668,2.657547670982694e-05,-0.7313407812052894,-3.90323149631677e-05,True,False,0.10984872849702972,-0.0005450230980193085,-0.4340974297189882,-0.0009894244012348264,True,False,-0.22094188077503696,0.0004953955213898712,-0.753047061093324,-0.0012077354792165873,True,False
56.7666099,0.7881799785345557,0.0003301279671566602,-0.6919062326331518,-0.0007966321785440911,True,False,-0.08785941765832903,-0.0014530216174066049,-0.029213496751152472,-0.0002483563551597069,True,False,-0.657942935512689,-0.0012395922040988642,-0.3209685542280914,-0.0013980704336175466,True,False
56.7999432,0.5613751055574809,0.0013029158215301139,-0.4983481699274198,-0.0022660086604874867,True,False,0.04557360146094612,-0.0014629434940566502,-0.01836247966857598,-0.0009430983424144164,True,False,-0.5927765143081315,-0.0013458682481157411,-0.1614817803650554,-0.0013544825083584113,True,False
56.8332765,0.2633610195774528,0.00111207881617816,-0.20668244285658305,-0.001719294166513409,True,False,0.469415389928962,0.002140450747392088,-0.4332188958549954,-0.00032914462636940683,True,False,-0.0045203339762322405,-0.0018089502556565,-0.3418304068757767,0.001367503295914195,True,False
56.8666098,-0.025086634604969925,-0.0009096608241858798,0.10002459623139064,0.0016187917445317057,True,False,1.013260626683658,0.004617727862255878,-1.114466311483349,-0.0034748741029154585,True,False,0.8989819327129025,0.0020868702054471842,-0.7803466970409756,-0.0015366702042449467,True,False
56.8999431,-0.22969523567300018,-0.0007480714213000655,0.33368839077672885,0.0015388104604132672,True,False,1.4486676418826243,0.006230781588795734,-1.7642897698995987,-0.003728997333643198,True,False,1.7607734325767395,0.005716972102229611,-1.2704417873564258,-0.0011862051992707514,True,False
56.9332764,-0.3073873442828022,-0.0012643201483162729,0.43184469767422096,0.002450474419179533,True,False,1.5747947715321668,0.0028145180143636897,-2.052964114981712,-0.004462999830269206,True,False,2.2263094426839785,0.006337443199853342,-1.555979870722034,-0.0032043358635778845,True,False
56.9666097,-0.2645498112806699,-0.0006149804118255263,0.3830475865025873,0.0013464646844196313,True,False,1.2848790297916182,0.00266708285597243,-1.7506542143251356,-0.008551385789522713,True,False,2.0947681074337487,0.0043795654225295575,-1.4378532705089424,-0.0030371973904988994,True,False
56.999943,-0.1563289762835585,-0.002062930198169402,0.23292909969507314,0.0035947231588175856,True,False,0.6013400698302456,0.0013847965948046563,-0.8390019537402982,-0.00300305079831613,True,False,1.3963999660462496,0.00247584844063087,-0.8683305300492429,-0.002666568927030707,True,False
57.0332763,-0.06282071090164501,0.001160718477367479,0.06517137011237768,-0.00168479141391361,True,False,-0.3183503006624546,0.004083226610063792,0.4500802284999203,-0.0004609887967145729,True,False,0.3672288645393655,0.00018154645918332793,0.01350899269745142,0.0004953950339629907,True,False
57.0666096,-0.04931316423737162,7.0611066288317e-05,-0.03728871731524998,-0.00036180015253472613,True,False,-1.210018930689874,-0.0020509443636386295,1.701155363375791,0.005609404775997117,True,False,-0.6539191836140787,-0.00024556136381141035,0.9292776679896942,0.0023476562636996143,True,False
57.0999429,-0.12990743972975818,-0.0004249328523576064,-0.03317789850954676,-8.393570462795756e-05,True,False,-1.7788796671487364,-0.008652847239228547,2.471993242438237,0.007997973887506418,True,False,-1.3555401025839826,-0.002433314221172701,1.5755346758115674,0.003685098111859875,True,False
57.1332762,-0.2572030867957253,0.000454470132057016,0.056953495267921456,-0.0013736891245099974,True,False,-1.8153096751335984,-0.009081677750159492,2.4767583643359594,0.007449729156836699,True,False,-1.563928136964273,-0.004208800731234025,1.7534145301855666,0.005082011214108541,True,False
57.1666095,-0.3465480220686439,-0.003628259059444654,0.16346435568206033,0.005168353879215693,True,False,-1.2993638535024714,-0.005526261103308789,1.7149065275311552,0.007971544527827692,True,False,-1.2994872937919626,-0.003167806617847684,1.4525849428267854,0.0036713085320894366,True,False
57.1999428,-0.32081245483431126,0.0013923567920605007,0.20489136588424028,-0.0024375876287623275,True,False,-0.42826484511689233,-0.0018388697509996244,0.48480143893653094,0.0019384141345788048,True,False,-0.7574207380141347,-0.00016605746681857674,0.8483906274675458,0.0006693933558007387,True,False
57.2332761,-0.14939818329614593,-0.0014555026862464976,0.12759169436496373,0.0023529904087958276,True,False,0.4602432193171384,0.004897398569002512,-0.7327882284169082,-0.004569568589023363,True,False,-0.21707798308335705,0.001596396044891486,0.21360293352051135,-0.0011506598025985326,True,False
57.2666094,0.13745140003287487,0.0006199448204085724,-0.07121903554548212,-0.000829578910875257,True,False,1.0334836553888138,0.006118581890059366,-1.476544597814298,-0.008496083290085605,True,False,0.07928997709734828,-0.0006120395160807978,-0.20749546233781493,0.0004916305287809332,True,False
57.2999427,0.46118797217634466,0.0011108149533829738,-0.343024726551072,-0.0014491807258282562,True,False,1.1033647365728338,0.00289420903320786,-1.4971530815018657,-0.0045025160975038,True,False,0.020730360037276258,0.0009613555903903169,-0.2963645891248601,-0.002493677085642477,True,False
57.333276,0.7253681351300596,0.0022466872457013957,-0.6064480034304787,-0.0031802346121444433,True,False,0.6924175213867816,0.00070804079067344,-0.8447908605876299,0.001905467659911026,True,False,-0.34271481323171077,-0.0007879719842563228,-0.08515015902485208,0.002347494815189717,True,False
57.3666093,0.8499243606193553,0.0015321472372419103,-0.7754078961694231,-0.002346184500946573,True,False,0.005655600786743254,-0.0005384830221009424,0.1814661137495934,0.0018558081356475767,True,False,-0.8366891315278101,-0.0023492900062168465,0.29012104105731057,0.002435013423391069,True,False
57.3999426,0.7945932089824804,0.0019016335604969568,-0.7854282253599216,-0.003224966986799909,True,False,-0.664086693282332,-0.001625460839969033,1.1753231646299396,0.004140232478862348,True,False,-1.2417833814425991,-0.002760313786173589,0.6682528027998753,0.001954813267961592,True,False
57.4332759,0.5647950758480311,-0.0003455694992063288,-0.6107831041304954,-0.0001102432880016776,True,False,-1.0511580581634385,-0.0042821300845056155,1.7771146145000953,0.0026390114837109074,True,False,-1.3797414046132754,-0.0027900375074714143,0.9220237043984403,-0.0008682905750662565,True,False
57.4666092,0.20568090034171646,0.0016117474310547275,-0.27284280332368493,-0.0030185090218431843,True,False,-1.012779776236093,-0.004776925069914779,1.786248530093522,0.005311796485049143,True,False,-1.1736457291981948,-0.0010767611518398828,0.9759907879321,-0.00010515386187632782,True,False
57.4999425,-0.2059784590041813,0.0009819753031512252,0.15820522450399788,-0.0015173460351299158,True,False,-0.5768383589543044,-0.0027383084137093893,1.2154197156034943,0.00641912071493989,True,False,-0.6664756401198125,-0.0021088506324529427,0.8048972181461942,0.003940450509925296,True,False
57.5332758,-0.5721347773196503,-0.00025619459967860507,0.5727774013492289,0.0008322352858268794,True,False,0.07436963301011762,0.0011518065693044781,0.28229190937260656,0.002223669562248283,True,False,-0.001415447128420807,0.00015861551027287183,0.440035293045664,0.0017003252220757566,True,False
57.5666091,-0.7959598729040664,-0.001534020666191828,0.8508875859589482,0.0028578316614445926,True,False,0.6788264423187944,0.0025177059152473504,-0.6659358282550543,-0.002385715258929902,True,False,0.6253508235841985,-1.2580961773996591e-05,-0.024676378615753693,0.00027337095975080085,True,False
57.5999424,-0.8181654004422455,-0.002524613207764738,0.9077090635150531,0.004583490163656422,True,False,0.9968209560416407,0.004012955135487758,-1.282314529672674,-0.00427221372646592,True,False,1.02868690849609,0.002753793218217405,-0.45554091218275733,-0.002614006446743756,True,False
57.6332757,-0.6483980963001458,-0.0008697138382838369,0.7337164492000691,0.0019979680109897093,True,False,0.8985881820296003,-0.0009185479739994013,-1.3580282184400678,-0.0036506403445820796,True,False,1.1003456490792147,0.0027323029967135557,-0.7333005614246693,-0.0028721906971794138,True,False
57.666609,-0.3661045223783182,0.00030574683652267716,0.4026756839430534,-0.00010003077720711169,True,False,0.40862812015983135,0.0022600426902439183,-0.9070394033579253,-0.003060365111210969,True,False,0.8532258753844946,0.0008395083249532728,-0.8048647123228841,0.0005649469653992106,True,False
57.6999423,-0.08388703964730686,0.0012467878182665989,0.03891469318653952,-0.0019824842074687788,True,False,-0.3003666453445718,0.0011297791600543455,-0.15776450499263234,0.0007377192423543729,True,False,0.4218578030184003,0.001590150113806222,-0.6991383861786566,-0.0019059080144156965,True,False
57.7332756,0.10577241808846895,0.0011915241345446111,-0.23804086447047323,-0.0025091142186180354,True,False,-0.9605968289365671,-0.003583925021241444,0.5453805054752581,0.004420012038811034,True,False,0.01349000674394311,0.00027868996241590347,-0.5050439633324774,-0.0023016779837592627,True,False
57.7666089,0.16804814532847653,0.0005301371729515268,-0.36035241712252664,-0.0017407558376482093,True,False,-1.302524940089512,-0.006267207713473505,0.8873616264051184,0.003138672262266688,True,False,-0.17524370239266038,-0.0019651642648240734,-0.3303510089334288,-7.102621675432358e-05,True,False
57.7999422,0.12830683088811887,0.0006416643726622408,-0.3280425823255948,-0.0018406520188850573,True,False,-1.164996009988253,-0.007356784747763819,0.7117666299152764,0.0024028141422734735,True,False,-0.045342582846622334,-0.0018668561911391187,-0.25686390342184845,-0.00012071105103457222,True,False
57.8332755,0.04438673914591934,-0.00030790048082086365,-0.192888798040579,-1.7323458964428057e-05,True,False,-0.5747210088244522,-0.003992882582411392,0.08221796724662377,0.0028371230233503876,True,False,0.3539794359517723,0.0005866898484164963,-0.30544598830467967,-0.0006379546585459486,True,False
57.8666088,-0.02994501802833118,8.508278733401756e-05,-0.02563962093781429,-0.0004036203841519143,True,False,0.2518261429744798,0.0007637708622837937,-0.7439921204932872,-0.0010553685284253695,True,False,0.8423254540309127,0.0015492818024559296,-0.42827361888029714,-0.0004140898035873914,True,False
57.8999421,-0.06795116337238932,0.0012818067985698677,0.11315225864398631,-0.0020264453775452047,True,False,0.9948156774505174,0.004200253843232451,-1.4193578132220117,-0.002838967720088163,True,False,1.1898856444758965,0.002451376933504459,-0.5371072041055635,-0.002083869448943915,True,False
57.9332754,-0.07025115609756308,0.0007726130913846002,0.18733644783649664,-0.001002527467789116,True,False,1.367665910466283,0.005075945915787862,-1.6505980848095838,-0.00799498437730102,True,False,1.2242147273129564,0.0032548524966756792,-0.5549161785415045,-0.0026495710134481916,True,False
57.9666087,-0.05077249040813832,-0.000671312552045845,0.1871633998574456,0.0017969666891264559,True,False,1.23833424346722,0.0031351294499204125,-1.3258238563063844,-0.002017289575703734,True,False,0.909469987005414,0.0013979599464388722,-0.4606998456655546,-0.0008260753504908497,True,False
57.999942,-0.02195265863975857,0.00019644842491933304,0.12608487607078878,0.00010854845419103055,True,False,0.6801902457229838,0.0018892927776112025,-0.5641975947793235,-0.0011493535976948009,True,False,0.36107780228679526,-0.0009045124913505337,-0.29877246703021704,0.0002564841657534099,True,False
58.0332753,0.01491639580875728,0.002827531679369943,0.03278377666803001,-0.004248165432818981,True,False,-0.06553836023019499,-0.003281111584898794,0.3373669124554404,0.004245263273093794,True,False,-0.20778811762956667,-0.0008444481373913634,-0.14842481289228213,0.0008233235124082607,True,False
58.0666086,0.0719852571337236,-0.0016198185877888426,-0.061742372309689056,0.0023067510148465286,True,False,-0.6936352604011603,-0.0038292955703504304,1.031732931539742,0.004969334797739466,True,False,-0.5784501974324987,-0.0022584077612241038,-0.07939059551586518,-0.00010442128095841187,True,False
58.0999419,0.16557895295984906,0.0006406824565289513,-0.13514260403157968,-0.0017106743851799033,True,False,-0.9575679521209093,-0.005298693292285308,1.2603066295405225,0.002200421263355778,True,False,-0.6153361854168043,-0.001322336157938096,-0.12367516885937423,-0.0033422327154501177,True,False
58.1332752,0.2991760110087331,0.000892810785412836,-0.1777020305408656,-0.0013292005723887382,True,False,-0.7610284002967869,-0.0025706220939064194,0.946594148925114,0.0030228958610470317,True,False,-0.31866186338686675,-0.0009038200989549262,-0.2699273482742477,7.743266137699886e-05,True,False
58.1666085,0.45274474113925806,0.0016870703688185579,-0.1922436033228933,-0.001978550479204188,True,False,-0.1873656923802349,-0.0025358067050191687,0.22060179102500602,0.0033903299533756073,True,False,0.17254591756412366,-0.0016909603397274589,-0.4636387423401673,0.0013605547910823697,True,False
58.1999418,0.5856484012284416,0.0019845747632389185,-0.19123213658811816,-0.002264000909766034,True,False,0.5369848935220658,-0.00020867053712259924,-0.6244560339552608,0.001697889714310614,True,False,0.6267886642771022,-9.986632057114958e-05,-0.6072380360502408,0.0009830395151936607,True,False
58.2332751,0.6467433502755294,-0.0005003076682744334,-0.18767251680420774,0.0018637497699429077,True,False,1.1284158027123226,0.0028690563972586605,-1.234751068249148,-0.003237021024473245,True,False,0.8063168229888609,0.002211759221741048,-0.5816672518895418,-0.002474103361654834,True,False
58.2666084,0.5865985148781027,0.00030175622454716816,-0.18259225640607454,0.0005161726892786147,True,False,1.3529502995239429,0.003897544283239999,-1.336658157997533,-0.00853039105716805,True,False,0.5693051445812162,0.0016004772240326883,-0.3048595294864247,-0.0026756524369315345,True,False
58.2999417,0.37725324671772376,0.002342433036692221,-0.1623415131433034,-0.0030445980357682546,True,False,1.1179273240405792,0.0032193378546079114,-0.8622265068340857,-0.0027187064603413757,True,False,-0.05456270244502314,-0.0004081929097654231,0.20182191160577093,0.0006340922801748032,True,False
58.333275,0.04045478280132324,0.0019913259242935405,-0.11408181832445007,-0.0029104400287600085,True,False,0.512644394988912,0.001973485761752212,0.011700770925131512,0.00285789537216756,True,False,-0.8578578549693118,-0.0016044588026995468,0.7940255952485472,0.0018484564891723156,True,False
58.3666083,-0.33651946134624683,-0.0005137638312430569,-0.046289742046626434,-0.00035588528280613746,True,False,-0.22317658624417774,-0.002051102454577301,0.9425158626382528,0.005369343932719934,True,False,-1.531147926349073,-0.00428558834161746,1.2571801488844043,0.003972371072744284,True,False
58.3999416,-0.6250369194917267,-0.0027126754240749543,0.009673557821363893,0.0016715964905067084,True,False,-0.7963221898924155,-0.006185417346505582,1.5762710598235483,0.006424134619960069,True,False,-1.7921378403092258,-0.004314749962923744,1.4041430995980522,0.0017379296277405545,True,False
58.4332749,-0.717203566846366,-0.0026549791233537686,0.022495168342568508,0.001459952511935712,True,False,-0.9847364500018786,-0.00472776294315134,1.6931380967059142,0.0019705105127668576,True,False,-1.5125074478326175,-0.004980490934874237,1.164698038535796,0.003996061364107156,True,False
58.4666082,-0.5860857196198468,-0.001371505459842199,-0.01262860455377132,0.00026114661893153745,True,False,-0.7346040756440031,-0.0048083494981874635,1.2816205709906443,0.004188836438113012,True,False,-0.7844718840131892,-0.0019095264408522765,0.6248531512241378,0.0013998592141070542,True,False
58.4999415,-0.3002190524799394,-0.0009525925069589364,-0.069402659334834,0.0004955785743387246,True,False,-0.18478064689572624,-0.001352315240602617,0.5292153601173347,0.003921545352343442,True,False,0.10754953757507717,-0.0003572213864575248,-0.0013347972848334947,0.0007676921458551271,True,False
58.5332748,0.018286820235814082,0.0028611947714082516,-0.11334838580853537,-0.004667579776914671,True,False,0.3926918197882919,0.0008830963013815546,-0.2530481479444209,-0.0005203629391361002,True,False,0.8029764572018318,0.0032435689399806784,-0.45922940265060963,-0.0018480864265002267,True,False
58.5666081,0.26212175359162027,0.0004843215775776205,-0.1330446565709232,-0.00044161345377499256,True,False,0.7097824813192137,0.0031590275488720555,-0.7486344937305491,-0.004413577231482517,True,False,1.018875648517079,0.002990182097494655,-0.5654996755880449,-0.002456614435323825,True,False
58.5999414,0.38647197608969097,-0.0003613138583863126,-0.15068618780363807,0.0012776767723381773,True,False,0.5869083612284184,0.0021320193601849858,-0.7612238962728737,-0.003902993058904728,True,False,0.6703150905623186,0.0018036187694429123,-0.29069985446475244,-0.0013284334625162943,True,False
58.6332747,0.4080804232870312,0.0016186517988562243,-0.19882969284778002,-0.001922271072795432,True,False,0.03155439756086659,-0.00017563206153978577,-0.29622033446193985,-0.001371151276189505,True,False,-0.09862361864787599,-0.0008961477350412447,0.2334602225376884,0.0014664280896906237,True,False
58.666608,0.36539361817688676,-0.0008755223828331344,-0.27918987154332564,0.0020379966364558375,True,False,-0.7613866511087071,-0.003504834130671543,0.4438119035206699,0.004357176679427163,True,False,-0.9828999526672006,-0.002949707851866174,0.787968751676767,0.0036821472818163274,True,False
58.6999413,0.27242015205434417,-2.0092258338340645e-05,-0.3345436550862961,-0.00018201963962765597,True,False,-1.4860708226832928,-0.0036047573598830696,1.1466697736325515,0.001213988682432971,True,False,-1.6444663991984998,-0.0026963019720531176,1.1763623353032266,0.0030385161546849647,True,False
58.7332746,0.09830056344219275,-0.0015299375163061498,-0.2586861265443278,0.0013573537581042117,True,False,-1.8478102682729773,-0.007814460436581934,1.5152744973067829,0.003228437937151625,True,False,-1.8393601042536152,-0.0036458308826139174,1.3031274710394656,0.0011125788158688223,True,False
58.7666079,-0.20895167752841437,0.0002966098453235232,0.048857945961931444,-0.0010487102416433787,True,False,-1.6844441794330132,-0.007928305380033073,1.3778512445901336,0.0036122821716248446,True,False,-1.495549670278806,-0.0022848332402267027,1.1813352400204178,0.00014493879351995623,True,False
58.7999412,-0.661291220173994,0.0017919939801634152,0.6032814538972591,-0.002940689846881579,True,False,-1.03822277369885,-0.0042792124491018435,0.7510079779620674,0.002561756058990817,True,False,-0.7222164118551968,0.0002211960177429915,0.8857381901187452,-0.0003564081071316611,True,False
58.8332745,-1.1721060979595401,-0.0003519042679308793,1.277469528338754,0.0013686472392550875,True,False,-0.14288219095355678,0.001908623803097045,-0.16160839514025818,0.0012596492566048496,True,False,0.24180519581322849,-0.00038576001494529985,0.5006223376877682,0.0038220184835856897,True,False
58.8666078,-1.5554334710082351,-0.0040103914635018795,1.8197079710216697,0.008000779847395468,True,False,0.6729697347261965,0.005672269712771366,-1.0416230630290146,-0.006773154665462189,True,False,1.1163209195547465,0.0034884884733069185,0.09504473692597307,-0.0005387054109624149,True,False
58.8999411,-1.6063806835880217,-0.0051783929546459495,1.9600338777864865,0.010584497239732902,True,False,1.1206137842415935,0.002345511652076316,-1.58156862708077,-0.004501992808145814,True,False,1.675836791797534,0.004360115338813281,-0.28161628300647484,-0.002101401482951278,True,False
58.9332744,-1.2216772055348288,-0.004025949209525185,1.5546253836946693,0.00842429783508909,True,False,1.0618203693958583,0.003906060136515147,-1.6142012248792872,-0.008334742519774578,True,False,1.8239412522342695,0.005868405757573719,-0.6028787994669907,-0.0026299134950122254,True,False
58.9666077,-0.4788264540062775,-0.001555819207033468,0.6800198097684768,0.0036915171054401627,True,False,0.5556559036463585,0.003879514151182796,-1.1842736733999133,-0.004799701976587782,True,False,1.6175191529830975,0.0037159684738072183,-0.8652650681109861,-0.0012577706731958032,True,False
58.999941,0.38481970197611903,0.003654154034847495,-0.3856547837373447,-0.005773124847179439,True,False,-0.16529791146198555,0.001824165405982275,-0.5251465254427023,0.0001459198708843388,True,False,1.2263234881306666,0.0018997593503924486,-1.0736170103836264,-0.0017419266488544662,True,False
59.0332743,1.0835579200012064,0.003913415915241274,-1.286477659976192,-0.007259984302988091,True,False,-0.7789625741128107,-0.0005869095913847817,0.05023015687679448,0.0004074036472122206,True,False,0.8453939958663771,0.0010775501401519229,-1.2192308897677293,-0.0013735989402755293,True,False
59.0666076,1.4159529645002153,0.0022330021328887764,-1.7458308931930908,-0.005497230682673502,True,False,-0.996591082736227,-0.00574617640162509,0.28950893606803246,0.0012389860250303897,True,False,0.6067461760820242,0.002584090656521943,-1.2745739084310377,-0.005306296975005085,True,False
59.0999409,1.3430325828634309,0.0023775202731324513,-1.673553541208564,-0.0053613893533368115,True,False,-0.6833135034195175,-0.003253107824844943,0.10421770564094275,-0.0018541792367470183,True,False,0.5352056367028275,0.002194026378960503,-1.2141920101769716,-0.0034261735693312746,True,False
59.1332742,0.9825755978169357,0.0013333307704897774,-1.181605313305923,-0.003109150761175908,True,False,0.07880169286548652,0.0025544635242640058,-0.40501657765800536,-0.002042123381024228,True,False,0.5615435499274768,0.0019236772199231734,-1.0420204678536171,-0.0021196546348964222,True,False
59.1666075,0.5409478064491876,0.0018251346529242333,-0.5193148170037203,-0.002387347732805647,True,False,1.0218423297911747,0.006372075035698029,-0.9996370930689492,-0.0023564276519078206,True,False,0.5736116888602832,0.0023850509969762066,-0.7977404768187422,-0.000835587456362949,True,False
59.1999408,0.22278716242446733,0.00035476761405274883,0.03320543235272747,0.00043406424227891027,True,False,1.8040372996117973,0.009135302109376494,-1.4015305587536153,-0.004704018789358876,True,False,0.47492745306128986,0.0019113627349125484,-0.538818305590437,-0.0017348213671569725,True,False
59.2332741,0.15214932708814322,0.00018287748975681116,0.27210309180377873,0.0009913330185992075,True,False,2.1460456189642363,0.0078698944144899,-1.4017785094355841,-0.008045529961917383,True,False,0.2257869290702955,0.0007646675864916732,-0.31733450901968613,-0.0029048367535290625,True,False
59.2666074,0.3283004968927767,5.5618951378578655e-05,0.14268065559807533,0.0016716051301277337,True,False,1.9310474897049765,0.006743871242481567,-0.941655482040754,0.00024218274158970302,True,False,-0.1453763044714736,-0.0010402185131968657,-0.16527118547377248,0.0008437767803290987,True,False
59.2999407,0.6308375703248222,0.001585158974055434,-0.24583878071092405,-0.0007956082185509946,True,False,1.2372472655094824,0.005531190420926199,-0.13478435413283407,-0.0004692290353194684,True,False,-0.5567870721895493,-0.00011907529156788803,-0.0870451426329569,-0.0002119085274558656,True,False
59.333274,0.8743152621140832,0.003079965917483894,-0.669999597474112,-0.0044680514229409295,True,False,0.30384208520890454,0.0033946463658543645,0.7744570098569021,0.0006083882406427613,True,False,-0.9005346661852305,-0.000639559790282829,-0.05952249082907208,-0.0006847651989125742,True,False
59.3666073,0.8905584613352381,0.0014699075211369917,-0.8876471878066178,-0.0025003343135937064,True,False,-0.5515957739408159,-0.000779200312635628,1.4935465136562522,0.004802893347719015,True,False,-1.0725891501038343,-0.0018726141929657869,-0.04601652711003513,-0.00045234828983545337,True,False
59.3999406,0.602006132425433,0.0012835885390531268,-0.7400618228949972,-0.003569016611003066,True,False,-1.04030758209039,-0.0024594755829413966,1.7770563680684706,0.0027668921049270154,True,False,-1.0044422513430011,-0.002505358858050106,-0.021239305880905127,-0.0014385070146720807,True,False
59.4332739,0.055961939803190607,0.000284945936035882,-0.2197714000467524,-0.0009781041723879531,True,False,-1.003659688405663,-0.003229838145138586,1.5118429224355627,0.006114173114960481,True,False,-0.6921481677343274,-0.00124561635572409,0.010730698143661888,-0.00023480554299082593,True,False
59.4666072,-0.5900475119540126,-0.00019180993884402193,0.52069971395779,0.00026148761798750207,True,False,-0.474239010189506,0.00012201234618094233,0.769808227885606,0.0020666908983914597,True,False,-0.2096878866520866,-0.0006688371613898114,0.022839049648219253,0.0007661173846417947,True,False
59.4999405,-1.1255916800779004,-0.001184170929025113,1.2231016939326262,0.0027370918569124053,True,False,0.3280896970043296,0.0014361888010348373,-0.19458452725996928,0.002710888957921959,True,False,0.30469349329872913,0.00015982114451199543,-0.005033820201156533,0.001172987997702462,True,False
59.5332738,-1.3713206139016076,-0.00547590284980569,1.6247699457600888,0.009999307171756412,True,False,1.067205926163925,0.004478849763021166,-1.0158003841925793,-0.0023555178260046303,True,False,0.6884482245242369,0.0008318150948176925,-0.055209841731224334,0.0009602721135467303,True,False
59.5666071,-1.2593465222732052,-0.0034790370249563984,1.5693775705239468,0.006836961119509811,True,False,1.4072123198579067,0.004394889108387384,-1.3484889857143982,-0.004809732856409296,True,False,0.8092742557755996,0.001214772360903616,-0.06871177897745122,-0.0002715129797236761,True,False
59.5999404,-0.8673341219964088,-0.0012012466281587381,1.0752788523079813,0.0030839577375950597,True,False,1.1382083613666707,0.005751246109862887,-1.015641478340364,-0.006271979329423673,True,False,0.6162382088840918,0.002010011156596197,0.02199626121298332,-0.0017389425368045752,True,False
59.6332737,-0.37949589439629333,0.0010190864770307096,0.32483734131400505,-0.001017441352116625,True,False,0.26950328555823766,0.005531013571021993,-0.10418311502742271,-0.0014190844926162158,True,False,0.16610829853246767,8.98768350212996e-05,0.24638812758642506,0.001097403226114021,True,False
59.666607,0.005088017434844462,0.0012277783106496715,-0.4166485475701357,-0.0024056472690590627,True,False,-0.9503051466226075,-0.0017189945803201341,1.052314392829456,0.007234827717405978,True,False,-0.39211008783348067,-0.0027539100457781044,0.5715440023009482,0.0036468276875791785,True,False
59.6999403,0.15971617369632443,-0.0017193982703180791,-0.9056495559417793,-0.0001877140149999409,True,False,-2.110134808658883,-0.007288262349378173,2.0075613254392644,0.007079850948558754,True,False,-0.872870649197301,-0.001835427561591991,0.9154882715754075,0.001613465899779541,True,False
59.7332736,0.06715449602865574,-0.0009790138313231713,-1.0021154456137746,-0.003093915449537029,True,False,-2.79271758909074,-0.012018225240746404,2.387712570130134,0.007952568549733374,True,False,-1.1253252125414217,-0.0032214703781360257,1.1815909884376137,0.0018703341469882943,True,False
59.7666069,-0.1949600573999468,-0.0015393325006337662,-0.7079935641814716,-0.0007848275789401048,True,False,-2.7449745273682753,-0.010030906776679257,2.0373184342762682,0.005125188399524222,True,False,-1.088449252313154,-0.0027690630918054964,1.2920422936646108,0.003142800594039266,True,False
59.7999402,-0.49179780393776357,-0.0005660417437590101,-0.16307858917874757,-0.0008317188082328907,True,False,-1.9807118908829966,-0.004862945096667364,1.0686442735218653,0.003784253978656053,True,False,-0.809866683440124,-0.0033163340546960365,1.2138668875183387,0.004343319796873827,True,False
59.8332735,-0.6699177307718848,9.47393041872332e-05,0.3972793939225298,-0.0003999847398710619,True,False,-0.7677913697955546,-0.00096593522201292,-0.19104781104531238,0.0001902631614519611,True,False,-0.42289542963238824,-0.0007459549863790921,0.9739232500560572,0.0024708483832270004,True,False
59.8666068,-0.5972985031468422,-0.0020433199950321275,0.7184133641558134,0.004180940840679755,True,False,0.4872240610938506,0.004264906249412598,-1.3247127169459136,-0.0031441452595392014,True,False,-0.08962934081144382,-0.00012080449606688676,0.6514171900215878,0.001538452088068818,True,False
59.8999401,-0.2116875582858603,-0.0029806879677044635,0.623160597317572,0.006391593657464179,True,False,1.397573335489841,0.005892976339714382,-1.977446117778975,-0.00829709604390388,True,False,0.0671150347925902,-0.00062600011880967,0.3440178755601763,0.0004594131862353594,True,False
59.9332734,0.4359118728434084,-0.0014387701502085533,0.09556507333102221,0.004639776828320962,True,False,1.729679685256419,0.00506215867753442,-1.981087995898199,-0.006109464453897496,True,False,0.0125772844452958,-0.0006733723811445545,0.12483823477645682,0.001032451510243993,True,False
59.9666067,1.176211239465601,0.003994443092532033,-0.6945229952307129,-0.004960658142324817,True,False,1.4665565163779974,0.005449518869554573,-1.4022653573379829,-0.0005446333127214247,True,False,-0.19052206656852938,-0.0006772564176870128,0.01616323462863752,0.0009105750146711139,True,False
59.99994,1.774288014800199,0.002041575950007886,-1.4497118773201898,-0.0025014355023042015,True,False,0.7917197207138604,0.0031958336943060757,-0.49675525214444444,-0.0017094759352618415,True,False,-0.41221064879891917,-0.0012946343891255226,-0.007843028304988653,0.0013732865751849431,True,False
60.0332733,2.017984453282859,0.003161402462880368,-1.86207223997754,-0.005590146523712513,True,False,0.010494867835435687,0.0029343764114520663,0.39973711452066857,0.0030735778902948956,True,False,-0.5110414154866142,-0.0020551467605628483,0.0018705330421267654,0.001355389612826408,True,False
60.0666066,1.7979580329504332,0.0025250062044274856,-1.7343860524012071,-0.004808825862201167,True,False,-0.563781750291965,-0.0022888425240933006,0.9907667493104381,-0.002274172149144594,True,False,-0.393884235310057,-0.001852924754828796,-0.006380970513643378,-0.0002520464450228186,True,False
60.0999399,1.1485220385347954,0.0008585830654898491,-1.0575689589105786,-0.0013033124777486979,True,False,-0.7261141997931361,-0.0043387308332395,1.1093208570110569,0.005523372100140379,True,False,-0.05573691942812791,0.0006393263948005901,-0.07113220767657158,-0.0015461126177520902,True,False
60.1332732,0.24078319241109875,0.0005952462535734725,-0.019803169978918827,0.00026366600938299234,True,False,-0.45897994336109094,-0.0004848921465081596,0.7645450806028772,0.0018965058882998,True,False,0.41655146740077725,-1.3951648190481676e-05,-0.2095696758159858,0.0016368176497688679,True,False
60.1666065,-0.6682244007788813,-0.0008948315269212335,1.054486759500258,0.0030786073012815905,True,False,0.0624084835705197,0.0012253945641267341,0.13742840463174189,0.0019238931244922096,True,False,0.8758746632341339,0.0007853795020117954,-0.4057016818831754,0.0019784858493316466,True,False
60.1999398,-1.320553788340939,-0.003858086196781488,1.8190979131462506,0.008625401113372858,True,False,0.546837099363425,0.00480497742269632,-0.4827710830962515,-0.003395953313257964,True,False,1.1686527746556066,0.002861595893960359,-0.6036653054023443,-0.0017299379345099908,True,False
60.2332731,-1.5554193461174812,-0.006586993425322247,2.039594362203714,0.013385360753569144,True,False,0.7132803188078644,0.002255794528616366,-0.8118526753276634,-0.0037996218277498357,True,False,1.1938292158829558,0.0022822181804415154,-0.7270748178684499,-0.0019865703804004355,True,False
60.26660639999999,-1.3798125499186884,-0.00493305772940648,1.693011818283642,0.009909292706451031,True,False,0.41225606862174613,0.0028034384393083346,-0.6928224962474504,-0.003451388440740676,True,False,0.9467653184428244,0.0024293603018594664,-0.7231850469396113,-0.0013695787239194363,True,False
60.2999397,-0.9646571874191179,-0.0006245872794055816,0.9781237425089666,0.0021970137924841393,True,False,-0.30423487397922383,0.0021550822809446087,-0.17108914449820187,-0.0035484210071836837,True,False,0.5273198912438863,0.0015674918158196896,-0.6000529358005663,-0.0013611488890338255,True,False
60.333273,-0.554936019537192,0.0017509587672990302,0.21971592150304453,-0.003965637544997666,True,False,-1.1893832575223928,-0.0018613698309739026,0.5164387980833017,0.0018302614874276093,True,False,0.10280107310692381,-0.00024837142206920657,-0.42654226145773877,6.674198148325338e-05,True,False
60.3666063,-0.3442095549228352,-0.0031309653082575058,-0.283043713229114,0.002937320698590604,True,False,-1.887524466575751,-0.006531240206621753,1.039421204737383,0.002451302639997385,True,False,-0.16274072532634867,-0.0011950331656156088,-0.2941733621952042,0.0007413569113525444,True,False
60.3999396,-0.3901990955334173,-0.001976547637652655,-0.3797358400542832,0.00026476086962207856,True,False,-2.074246841821338,-0.007969796247918754,1.1197440604626197,0.0014750388962991978,True,False,-0.1816097810529578,-0.0013493431193279588,-0.2665717722170913,0.00015995413481766633,True,False
60.4332729,-0.6090264186246163,-0.0019430170814940674,-0.10964706357636216,0.0012808517205466577,True,False,-1.595319520527429,-0.007695320804731875,0.6615416873809911,0.006207583025785339,True,False,0.019505463372224478,0.0011366028796516974,-0.34867752512857697,-0.0018861074306551352,True,False
60.4666062,-0.8297359281671697,-0.002021533816372703,0.3373028022394279,0.002467691259504886,True,False,-0.5390633729358286,-0.00036250895189293936,-0.19433442658589054,-0.0026423647129708433,True,False,0.31731077701288746,0.00020432299658360066,-0.4913092706184043,0.00046624202616033075,True,False
60.4999395,-0.8720947210527041,-0.0013263937618977278,0.7081444378180907,0.00232730439636807,True,False,0.7955407708758176,0.0052035043029816505,-1.1230970534375728,-0.005445937346139109,True,False,0.5548447107147206,0.002996776506408394,-0.6220507216846217,-0.0023033144513645537,True,False
60.5332728,-0.6214473198859833,-0.0024755307854148747,0.789316399379773,0.004449167555969305,True,False,2.0189216918787696,0.007762939028076332,-1.758382208151785,-0.006850378600891143,True,False,0.6149648572048542,0.0014197199388737885,-0.6817244297678353,-0.0006520568591781429,True,False
60.5666061,-0.08166314502240457,-0.0025732858354416297,0.49256887685074663,0.005625186883882242,True,False,2.798882528211911,0.00987173555225944,-1.8558983312251174,-0.010114050194489943,True,False,0.46738480745398575,0.0003086875708419564,-0.6486659541051549,-0.001864034700055161,True,False
60.5999394,,,,,True,False,,,,,True,False,,,,,True,False
60.6332727,,,,,True,False,,,,,True,False,,,,,True,False
60.666606,,,,,True,False,,,,,True,False,,,,,True,False
60.6999393,,,,,True,False,,,,,True,False,,,,,True,False
60.7332726,,,,,True,False,,,,,True,False,,,,,True,False
60.7666059,,,,,True,False,,,,,True,False,,,,,True,False
60.7999392,,,,,True,False,,,,,True,False,,,,,True,False
60.8332725,,,,,True,False,,,,,True,False,,,,,True,False
60.8666058,,,,,True,False,,,,,True,False,,,,,True,False
60.8999391,,,,,True,False,,,,,True,False,,,,,True,False
60.9332724,,,,,True,False,,,,,True,False,,,,,True,False
60.9666057,,,,,True,False,,,,,True,False,,,,,True,False
60.999939,,,,,True,False,,,,,True,False,,,,,True,False
61.0332723,,,,,True,False,,,,,True,False,,,,,True,False
61.0666056,,,,,True,False,,,,,True,False,,,,,True,False
61.0999389,,,,,True,False,,,,,True,False,,,,,True,False
61.1332722,,,,,True,False,,,,,True,False,,,,,True,False
61.1666055,,,,,True,False,,,,,True,False,,,,,True,False
61.1999388,,,,,True,False,,,,,True,False,,,,,True,False
61.23327209999999,,,,,True,False,,,,,True,False,,,,,True,False
61.2666054,,,,,True,False,,,,,True,False,,,,,True,False
61.2999387,,,,,True,False,,,,,True,False,,,,,True,False
61.333272,,,,,True,False,,,,,True,False,,,,,True,False
61.3666053,,,,,True,False,,,,,True,False,,,,,True,False
61.3999386,,,,,True,False,,,,,True,False,,,,,True,False
61.4332719,,,,,True,False,,,,,True,False,,,,,True,False
61.4666052,,,,,True,False,,,,,True,False,,,,,True,False
61.4999385,,,,,True,False,,,,,True,False,,,,,True,False
61.5332718,,,,,True,False,,,,,True,False,,,,,True,False
61.5666051,,,,,True,False,,,,,True,False,,,,,True,False
61.5999384,,,,,True,False,,,,,True,False,,,,,True,False
61.6332717,,,,,True,False,,,,,True,False,,,,,True,False
61.666605,,,,,True,False,,,,,True,False,,,,,True,False
61.6999383,,,,,True,False,,,,,True,False,,,,,True,False
61.7332716,,,,,True,False,,,,,True,False,,,,,True,False
61.7666049,,,,,True,False,,,,,True,False,,,,,True,False
61.7999382,,,,,True,False,,,,,True,False,,,,,True,False
61.8332715,,,,,True,False,,,,,True,False,,,,,True,False
61.8666048,,,,,True,False,,,,,True,False,,,,,True,False
61.8999381,,,,,True,False,,,,,True,False,,,,,True,False
61.9332714,,,,,True,False,,,,,True,False,,,,,True,False
61.9666047,,,,,True,False,,,,,True,False,,,,,True,False
61.999938,,,,,True,False,,,,,True,False,,,,,True,False
62.0332713,,,,,True,False,,,,,True,False,,,,,True,False
62.0666046,,,,,True,False,,,,,True,False,,,,,True,False
62.09993789999999,,,,,True,False,,,,,True,False,,,,,True,False
62.1332712,,,,,True,False,,,,,True,False,,,,,True,False
62.1666045,,,,,True,False,,,,,True,False,,,,,True,False
