time_s,forehead_logpos,forehead_logpos_raw,forehead_logchrom,forehead_logchrom_raw,forehead_observed,forehead_interpolated,left_cheek_logpos,left_cheek_logpos_raw,left_cheek_logchrom,left_cheek_logchrom_raw,left_cheek_observed,left_cheek_interpolated,right_cheek_logpos,right_cheek_logpos_raw,right_cheek_logchrom,right_cheek_logchrom_raw,right_cheek_observed,right_cheek_interpolated
0.0,,,,,True,False,,,,,True,False,,,,,True,False
0.0333332999999999,,,,,True,False,,,,,True,False,,,,,True,False
0.0666665999999999,,,,,True,False,,,,,True,False,,,,,True,False
0.0999998999999999,,,,,True,False,,,,,True,False,,,,,True,False
0.1333331999999999,,,,,True,False,,,,,True,False,,,,,True,False
0.1666665,,,,,True,False,,,,,True,False,,,,,True,False
0.1999997999999999,,,,,True,False,,,,,True,False,,,,,True,False
0.2333331,,,,,True,False,,,,,True,False,,,,,True,False
0.2666663999999999,,,,,True,False,,,,,True,False,,,,,True,False
0.2999997,,,,,True,False,,,,,True,False,,,,,True,False
0.333333,,,,,True,False,,,,,True,False,,,,,True,False
0.3666663,,,,,True,False,,,,,True,False,,,,,True,False
0.3999995999999999,,,,,True,False,,,,,True,False,,,,,True,False
0.4333328999999999,,,,,True,False,,,,,True,False,,,,,True,False
0.4666662,,,,,True,False,,,,,True,False,,,,,True,False
0.4999995,,,,,True,False,,,,,True,False,,,,,True,False
0.5333327999999999,,,,,True,False,,,,,True,False,,,,,True,False
0.5666661,,,,,True,False,,,,,True,False,,,,,True,False
0.5999994,,,,,True,False,,,,,True,False,,,,,True,False
0.6333327,,,,,True,False,,,,,True,False,,,,,True,False
0.666666,,,,,True,False,,,,,True,False,,,,,True,False
0.6999993,,,,,True,False,,,,,True,False,,,,,True,False
0.7333326,,,,,True,False,,,,,True,False,,,,,True,False
0.7666659,,,,,True,False,,,,,True,False,,,,,True,False
0.7999991999999999,,,,,True,False,,,,,True,False,,,,,True,False
0.8333324999999999,,,,,True,False,,,,,True,False,,,,,True,False
0.8666657999999999,,,,,True,False,,,,,True,False,,,,,True,False
0.8999990999999999,,,,,True,False,,,,,True,False,,,,,True,False
0.9333324,,,,,True,False,,,,,True,False,,,,,True,False
0.9666657,,,,,True,False,,,,,True,False,,,,,True,False
0.999999,,,,,True,False,,,,,True,False,,,,,True,False
1.0333323,,,,,True,False,,,,,True,False,,,,,True,False
1.0666656,,,,,True,False,,,,,True,False,,,,,True,False
1.0999989,,,,,True,False,,,,,True,False,,,,,True,False
1.1333322,,,,,True,False,,,,,True,False,,,,,True,False
1.1666655,,,,,True,False,,,,,True,False,,,,,True,False
1.1999988,,,,,True,False,,,,,True,False,,,,,True,False
1.2333321,,,,,True,False,,,,,True,False,,,,,True,False
1.2666654,,,,,True,False,,,,,True,False,,,,,True,False
1.2999987,,,,,True,False,,,,,True,False,,,,,True,False
1.333332,,,,,True,False,,,,,True,False,,,,,True,False
1.3666653,,,,,True,False,,,,,True,False,,,,,True,False
1.3999986,,,,,True,False,,,,,True,False,,,,,True,False
1.4333319,,,,,True,False,,,,,True,False,,,,,True,False
1.4666652,,,,,True,False,,,,,True,False,,,,,True,False
1.4999985,,,,,True,False,,,,,True,False,,,,,True,False
1.5333318,,,,,True,False,,,,,True,False,,,,,True,False
1.5666650999999998,,,,,True,False,,,,,True,False,,,,,True,False
1.5999983999999998,0.05914720602189801,-0.00040453547974293605,0.15317604445019808,0.0003656944625576485,True,False,0.17864437551310527,0.003701649372076964,-0.22930212904231714,-0.004940704579409354,True,False,1.3817280255540154,0.002810274179341685,-0.9604607733544424,-0.0016105940532669073,True,False
1.6333316999999998,-0.036127541374634455,-0.002562353467216567,0.24498593708236416,0.0039691192136865755,True,False,0.0022504760309739074,0.0017055901630884003,-0.12097295237011323,-0.002374181865878318,True,False,0.5547876438466793,0.003692128285141752,-0.008258022856259463,-0.004013740125541598,True,False
1.6666649999999998,-0.13496912223833235,0.003562816599694884,0.2300322424750885,-0.004358764820385392,True,False,-0.22416679086717,0.0005257565748101091,0.01861337839919481,-0.000785452238141621,True,False,-0.6337591912935764,-0.0016860292988547516,1.1592744096953014,0.002515418633339861,True,False
1.6999983,-0.2217637027668417,-0.00019257238267886945,0.16764617255839684,-5.2757253905920374e-05,True,False,-0.39904729385813564,-0.0009355120571417588,0.10424523223566882,0.0007051725568353377,True,False,-1.7656641735549319,-0.004259435282685869,2.143090399558202,0.005023028465108808,True,False
1.7333316,-0.2961635105475819,-0.001725534541258715,0.14360487692148485,-0.0011236250236569384,True,False,-0.4301958806055775,0.00039547127056988556,0.06977618055610563,-0.0024452765791310184,True,False,-2.4619438650509307,-0.007692552435882025,2.636422041030637,0.005958624414121514,True,False
1.7666649,-0.3647668400201225,-0.0013603804538552982,0.2199523056545462,0.0008375616435816761,True,False,-0.2821268684681936,-0.001664082135731519,-0.09568650055707546,-0.0007049612303052513,True,False,-2.5236853704628857,-0.00478536771243071,2.523807055165135,0.001930384005699241,True,False
1.7999982,-0.430808952141249,0.003056886189761754,0.39640760436261707,-0.004712307580829246,True,False,-0.0003293225774372029,-0.0005052755372579506,-0.3379496204039404,-0.0017093811118031451,True,False,-1.9952134322775539,-0.0038922006043922274,1.899711041107582,0.002671482121760157,True,False
1.8333315,-0.4812236158231052,0.0007692172982953068,0.5980398395884328,-0.0013942389777810032,True,False,0.30366269296726583,0.0023683190960575064,-0.5596616143294944,-0.004606007204265059,True,False,-1.129067708641202,-0.0025312113648501716,1.013554715115738,0.0006749065354183826,True,False
1.8666648,-0.48458598007074943,-0.0018294415386216605,0.7013556103504045,0.0022419709805548836,True,False,0.5054846658689719,0.0036524023878313537,-0.6661311179535928,-0.005133284875688878,True,False,-0.2735810200495336,0.0008945580533945474,0.17107812123722801,-0.0017358487248682734,True,False
1.8999981,-0.41207657793780295,-0.003355523463476425,0.5971453161347283,0.006258128025342045,True,False,0.5343671529154539,0.005348190445393638,-0.6139271664658607,-0.007440045471675763,True,False,0.27091148819799954,0.003698893584184212,-0.3764327411789175,-0.006400727403747326,True,False
1.9333314,-0.2654292561644656,0.0012002522834893743,0.25829752062802686,-0.002549509061749952,True,False,0.4120243134151199,-0.0007736566826393022,-0.4334780175690495,-0.0008629304660771373,True,False,0.3724159935989275,0.003634942295261142,-0.523772945923964,-0.006820125860448412,True,False
1.9666647,-0.08055308840628297,0.0033374012898833355,-0.23352600341308533,-0.0046515093362617865,True,False,0.23714003109105838,-0.000582489472661959,-0.20907720694261472,-0.0005603449561298918,True,False,0.11454055582923597,0.0007806969713052185,-0.3490392205965641,-0.003957006145931108,True,False
1.999998,0.09902515240690009,0.002633927180240278,-0.7212686531758632,-0.005921638576134303,True,False,0.12705326514240678,0.0011046375048370243,-0.02969659407952728,-0.0022158376491240176,True,False,-0.2519487494076981,0.002353181371678784,-0.07273804131715998,-0.00532775936699186,True,False
2.0333313,0.2509111773071325,-0.00241639097168186,-1.0428315765416993,-0.0021171593642914407,True,False,0.15529778785447876,0.0021011444319170365,0.05579747987799657,-0.0031413429569019254,True,False,-0.43296177512582024,-0.0015202149958760411,0.050495648841717734,-0.0017598894812112598,True,False
2.0666646,0.3806252950097658,0.001819085857575417,-1.1014846814351087,-0.00872731385707747,True,False,0.3157227713705742,-0.0015260124595302571,0.05532677412309547,0.00044015545925174624,True,False,-0.2353517366925889,-0.00042842895382803865,-0.13922095951607205,-0.0013212074942540845,True,False
2.0999979,0.5132345402550884,0.0040605687168965565,-0.9114958656732081,-0.007184432491305329,True,False,0.5217546154788443,0.0020645258110784485,0.021785165082853893,-0.00401291812442456,True,False,0.33405864648244615,0.0020320207050289253,-0.6202941828806533,-0.004934686165221354,True,False
2.1333312,0.6853339713173573,0.004802953957308189,-0.6020671550076899,-0.00742325108608816,True,False,0.6387702562251257,0.0019761113616816447,0.024133353130558356,-4.878859910382869e-05,True,False,1.0635609889940887,0.004821856586493908,-1.1939803915982776,-0.008723981756135814,True,False
2.1666645,0.9324862770509308,-0.00034434439023161206,-0.36650570147888045,0.0026670202257101,True,False,0.5411019080080718,0.0011040411452442112,0.11379030161927173,-0.0012755790261560942,True,False,1.6321211585209812,0.007010094246166942,-1.5836512521497208,-0.010129519069650815,True,False
2.1999978,1.2619101791201208,0.0036540420231713617,-0.3669459322840341,-0.00014891692484468195,True,False,0.17342448291375018,0.0002762863849306244,0.2976406182979645,-0.001625729346832928,True,False,1.7621394421870773,0.00836037428014845,-1.578220492694305,-0.011838561315559512,True,False
2.2333311,1.6241383955351105,0.0038482950270920706,-0.6411502982305188,-0.003041026791878586,True,False,-0.4096055060883804,0.0004284658729399046,0.5273880420688557,-0.0009630646278575815,True,False,1.3571100968080076,0.00746533859847352,-1.1422352032162317,-0.007528509868235287,True,False
2.2666644,1.911208162169071,0.006373750759617881,-1.0669747841323578,-0.005588032330525918,True,False,-1.046085986443662,-0.002256685543412665,0.7134428759251136,0.00010177651777322014,True,False,0.5572737176002424,0.0033434969952482324,-0.4346187750695148,-0.0038473296643400877,True,False
2.2999977,1.9898529979644812,0.006224889256846264,-1.4063412860644047,-0.005703629192736025,True,False,-1.5199837282406599,-0.007659295842567988,0.7649851733053348,0.005544168072284009,True,False,-0.3162683115751503,0.0007997128132190762,0.26978316614869785,-0.0031786947768494616,True,False
2.333331,1.7516080082707424,0.002784341393909338,-1.406353422683455,-0.004857413451478496,True,False,-1.649764708483892,-0.0076658897701426445,0.6400156209738944,0.0030099835517776127,True,False,-0.904149870530222,-0.0026795657110552937,0.7100346294540537,0.00029638229166092814,True,False
2.3666643,1.1566706350967955,0.001227378762561341,-0.9139681011214306,-0.004503531121104842,True,False,-1.370871710446358,-0.0033422457349343536,0.3729775721996833,-0.0023397009684151195,True,False,-0.9691709463827481,-0.0011355554345687097,0.7535398096839061,-0.0013373214472979073,True,False
2.3999976,0.2619076874460436,0.0020434345091695657,0.03884348444088848,-0.0012508531400027922,True,False,-0.7671812260736423,-0.0037978507660855585,0.05782382546034642,-0.0013672291636624933,True,False,-0.49743635235196804,0.0005193727689096297,0.442744025531267,-0.0019423173961967781,True,False
2.4333309,-0.769670331765035,0.0012328848759360265,1.2145393125744108,0.0018267669749399257,True,False,-0.03691532407154555,-0.00024838518512881674,-0.2012256925291552,-0.0019377403421377767,True,False,0.3043236783180379,0.004293685974391353,-0.042188983500090545,-0.007420929667242995,True,False
2.4666642,-1.691429509612376,-0.004981659645802665,2.2341049657026666,0.01124752145875578,True,False,0.5862227507884171,0.0005613311879219232,-0.3366597654765295,-0.0012840160736765649,True,False,1.1060205579565718,0.005369586652860786,-0.47883447142799135,-0.0044161522386278245,True,False
2.4999975,-2.2438526956690974,-0.0075999395246468945,2.7160100856093736,0.011993037374493153,True,False,0.9213183271313714,0.001984242830177519,-0.33762531744142543,-0.0008406752225012105,True,False,1.5941372700424068,0.005320728412375186,-0.7030245550002496,-0.004756486056687746,True,False
2.5333308,-2.260166182380103,-0.007328132754005142,2.440946155406757,0.015364264690360379,True,False,0.905278893451842,0.0019363753181397998,-0.24149490329757023,0.00024425214431615677,True,False,1.5927632593162506,0.0059823824339290494,-0.6680153320414149,-0.0053603047252374185,True,False
2.5666641,-1.755378853454247,-0.007119091979189842,1.467816859011528,0.010264139676952328,True,False,0.6121286635926954,0.0010265353705387883,-0.11054212962388893,-1.2145156145102036e-05,True,False,1.1235242851679117,0.0038967454795356834,-0.4467534460614963,-0.0022311219904577856,True,False
2.5999974,-0.9432644008466122,-0.00015976138560243767,0.13701760438260455,-0.0020858531337565166,True,False,0.21919697102106833,-0.0009137511446765276,-0.008728782497960151,-0.0015501082376676535,True,False,0.38998585093613497,0.0033356448008326936,-0.18865598267870956,-0.0038193104385583383,True,False
2.6333307,-0.16329575124020806,-0.00020722750777454953,-1.053093335275441,-0.005179977968197936,True,False,-0.06838024578428574,-0.002374929390374165,0.014836894726201972,0.00045117057406170955,True,False,-0.3052723968034027,0.0006171935389520101,-0.053268929490643165,-0.002898733313261438,True,False
2.666664,0.2512521388495353,-0.0007116212134430945,-1.6451736578944922,-0.006860243969058418,True,False,-0.105685081089156,-0.003007194713873158,-0.061610452930971255,0.0022410581505250683,True,False,-0.6844051348566262,-0.003608918853910512,-0.1430165926813997,-0.0013461530583226662,True,False
2.6999973,0.10762977195571638,0.0006676777560631252,-1.4085399852276979,-0.0038743549080403564,True,False,0.12869622337085898,-0.0007167287010857077,-0.22250781727461535,-0.0011777563614018217,True,False,-0.6143871010241424,-0.002562333863464473,-0.45417611560753285,-0.0008370469316741382,True,False
2.7333306,-0.5583872649929044,0.0006031149265978427,-0.4367492945638959,-0.002363651829220409,True,False,0.5223248320885987,-0.0007202277931634769,-0.41352839567755295,0.0008685801809819296,True,False,-0.16954943318882595,0.00012625051289885192,-0.8648577212979087,-0.003151599003347951,True,False
2.7666639,-1.4725951140651852,0.0011222095346007678,0.8755595786288836,-0.0038511545896671735,True,False,0.8762289780676537,0.0018288532055264295,-0.5548560665079013,-0.001535644662580143,True,False,0.3991627128943737,0.0009485697084180583,-1.1737480815224288,-0.004457315994240573,True,False
2.7999972,-2.208987690201835,-0.007406670804025912,1.9728078645596852,0.010899611365609713,True,False,0.9900273715725187,0.0004983558874224434,-0.567575069860381,0.0018767979312892147,True,False,0.7782394806741352,0.003055271897442602,-1.1825720629808112,-0.004800384643655118,True,False
2.8333305,-2.361630559904898,-0.007748588107795835,2.359426935723252,0.014678770149949859,True,False,0.7508867661021904,0.002577934227776627,-0.4059690367018611,-0.0022172032594300894,True,False,0.7360585939217014,0.002459038261892848,-0.7884171708630566,-0.0027997934855650054,True,False
2.8666638,-1.737368939486284,-0.006651521171089912,1.8219651754187915,0.01236498816670888,True,False,0.19058182504971677,-0.0002289525349928147,-0.08551326531851614,0.0014774305497310325,True,False,0.23102285187215674,0.0015395432683770142,-0.041881166463873465,-0.0008885121264787214,True,False
2.8999971,-0.47001626284696046,-0.0002657440176431674,0.544529837817942,0.0004924616371946861,True,False,-0.5161474050377731,-0.003218968071085714,0.30766017255584815,0.0011565806124462475,True,False,-0.5665897917970653,-0.0022358207697707323,0.8589129773775077,0.001939044910102206,True,False
2.9333304,1.0152822941331825,0.004766419538147645,-0.9548601040265965,-0.005075464995734614,True,False,-1.1175870837538997,-0.005560685702973783,0.6388458743603764,0.004322623980031145,True,False,-1.3510061120555916,-0.006000108889528721,1.6403501191349985,0.007440347829240765,True,False
2.9666637,2.179803984869057,0.010099933804658843,-2.0477565651251814,-0.015291566078041016,True,False,-1.3907856719589247,-0.008096719214343509,0.777531409734679,0.007743741542940974,True,False,-1.820931052845551,-0.008055803864378876,2.063162951231772,0.008179368810692868,True,False
2.999997,2.6075302672593206,0.01140645604779788,-2.2750952513442013,-0.014173951957722844,True,False,-1.238873254079996,-0.005932669271276486,0.6586406411915909,0.005150583861482228,True,False,-1.8148117047803618,-0.006125813352272019,2.020562276235608,0.006592063406032322,True,False
3.0333303,2.1867386316336797,0.009283236461517814,-1.5528468630553243,-0.01121446329926324,True,False,-0.7324210749176263,-0.0037167459756414192,0.31798101538517703,0.003299347410600144,True,False,-1.3753929128516453,-0.003942227349193302,1.5784002659500753,0.00484514910907802,True,False
3.0666636,1.1512093742457699,0.006052300760647159,-0.20922595998764015,-0.005771496895494324,True,False,-0.07496035080795742,-0.001058398192927367,-0.12063456230721005,0.0005428521486409831,True,False,-0.7180329598755151,-0.0029591034097537564,0.9421467318420914,0.004585847542040024,True,False
3.0999969,-0.03652658436679659,0.0006918910674939183,1.1639522548478667,0.005449811480146109,True,False,0.48861641048584437,-0.00041089206970239907,-0.499697348165769,0.001481628697115639,True,False,-0.12749988652422467,-0.0016217366963971734,0.3709535966240353,0.002299898191987309,True,False
3.1333302,-0.9017353761426028,-0.003904807529415306,1.979252755333892,0.010889838930587706,True,False,0.776144934063233,0.0029535028869926926,-0.69433713443438,-0.002102482560217613,True,False,0.16454956412110192,4.92919245212717e-05,0.07614242708672544,-2.9223638159250173e-05,True,False
3.1666635,-1.1664419342013395,-0.0016382530267914704,1.9160405253141373,0.009972604237031118,True,False,0.737983174586311,3.516777330156945e-05,-0.6594102149177571,7.769523678852135e-05,True,False,0.07057562300617434,-0.0017159788435410373,0.141978723725239,0.0028207494111024086,True,False
3.1999968,-0.8468141731681308,0.0027685641112376235,1.0492523999908738,-0.0037922999561972974,True,False,0.4634812132544306,-0.0021857389255668354,-0.438494508084182,0.0033849189290583773,True,False,-0.3260063090730402,-0.0025244135992332764,0.4979197854686628,0.002701236386674041,True,False
3.2333301,-0.19804655587288128,0.0073760637596632945,-0.21584053326346095,-0.01121220214264605,True,False,0.1260907162092283,-0.0019466933781312537,-0.13528040953916126,0.0019991018962964365,True,False,-0.8140816510323897,-0.004398703214146681,0.951761782004376,0.005166638485061474,True,False
3.2666634,0.44474140695275005,0.0059260414515926695,-1.3554347387711674,-0.012744347247703128,True,False,-0.10065659519090675,-0.0026120617722382167,0.13338181066367483,0.0027518614187661216,True,False,-1.1460443415586872,-0.005613952804989982,1.2676361356407135,0.006154764603516769,True,False
3.2999967,0.8290502723387899,0.005063746295164192,-1.9642258372547685,-0.014138515949924043,True,False,-0.11493626640829592,-0.0020841688016245926,0.2793592339749411,0.0021912114899011246,True,False,-1.1373687092033846,-0.003960147884181813,1.2564428658350746,0.0038187969369495615,True,False
3.33333,0.8708123524412764,0.00600543401242088,-1.9043489409299685,-0.013656416543650378,True,False,0.08017507642836809,-0.0007138276983587695,0.26877121430236484,0.003149036420051797,True,False,-0.7360751366602889,-0.003798495660836124,0.8465281082936369,0.004779006843112536,True,False
3.3666633,0.6455180258232592,0.004084496403742585,-1.3182116913426791,-0.007761332903511966,True,False,0.3865516585447562,-0.0020974187075078906,0.13100069472655865,0.004939040827015541,True,False,-0.039917807276473045,-0.0027276609200539248,0.11378444111431384,0.003823958531760385,True,False
3.3999966,0.31641651514969693,0.003090871309404967,-0.5258072201120372,-0.005901919417901882,True,False,0.6541108441111292,0.00014873923127205774,-0.04990183822404672,0.0023528882109505444,True,False,0.7413912381634645,-8.637184338843836e-05,-0.738581119095173,0.0007292251478110994,True,False
3.4333299,0.04817335651192784,0.003492419563481926,0.1302841051180641,-0.004008131123787854,True,False,0.7418012098573392,0.001280110992426861,-0.16565283755683904,-6.771036728812671e-05,True,False,1.3661591957013839,0.00338508235942405,-1.4508572427731452,-0.004338908118816984,True,False
3.4666632,-0.052948170860200545,0.002412987012748651,0.42014028606685366,-0.003533026410268999,True,False,0.5769409139642252,0.0014176797016048142,-0.13113213923549427,-0.0003049439430526164,True,False,1.6551363449204097,0.003388730528280385,-1.8091890885895372,-0.0050817644612803185,True,False
3.4999965,0.04686017242434512,0.00532744595723418,0.29265021834177957,-0.0062042126995166536,True,False,0.18875182554041858,-0.0013705234218307795,0.07304469884351,0.0025837838865630475,True,False,1.5611344945322043,0.002397247712531634,-1.7359130598566368,-0.0032740151725635658,True,False
3.5333298,0.3316005658850381,0.006735075641682447,-0.13785934187418625,-0.009404494534355292,True,False,-0.3021446237125986,-0.0031037433429946964,0.3877772570738726,0.0028481151914968297,True,False,1.1817557479557181,0.0011004588743744644,-1.321547427074031,-0.0016576686514278586,True,False
3.5666631,0.7642649710027308,0.0037276903031611647,-0.6605774130804113,-0.0057092057390307534,True,False,-0.7348442452680953,-0.004709490129629673,0.6994418662308867,0.004896684645824932,True,False,0.7111671032181084,2.9356295201583433e-06,-0.7821185968015862,-0.0002410670596763338,True,False
3.5999964,1.2924767795987362,0.006071086159496747,-1.0545516968938033,-0.012072413033551513,True,False,-0.9739768601382796,-0.0039119928021575595,0.8859806589894499,0.0026462097596973455,True,False,0.35581982679394447,-0.0006899335935655899,-0.3644079138438284,0.0012584157708780005,True,False
3.6333297,1.8290261925568467,0.004159315499703685,-1.161848298291739,-0.008332938760409785,True,False,-0.9594684796735173,-0.0034750546233473234,0.8637826568200835,0.004029650045558026,True,False,0.25101974350274664,-0.001037624393677262,-0.2425341921604967,0.0015877462312378192,True,False
3.666663,2.235181866462915,0.008762298278839089,-0.9313271320337684,-0.011261383661022487,True,False,-0.7228207357733025,-0.004816057184738372,0.6198985194892023,0.004790834143224362,True,False,0.40990505315337683,-0.00017237493323594464,-0.447733922797624,0.0003209139361485999,True,False
3.6999963,2.337552490442904,0.008088702884040858,-0.4253863849528672,-0.007832218791551873,True,False,-0.3687547544594092,-0.0018476749067156335,0.21998102578187723,0.000734397751973223,True,False,0.7217900460516589,-0.00026681195279094547,-0.8574319941160317,0.0005062912484209452,True,False
3.7333296,1.9835533977987434,0.007359168345796617,0.2118824172340762,-0.0037342771567565464,True,False,-0.0307750103455558,0.0006150340508977438,-0.21330238779287547,-0.0031976573966835207,True,False,0.9996358132010601,0.0015497626670915453,-1.2474010742944697,-0.002097654856828927,True,False
3.7666629,1.1118523422265028,0.0018458868197518265,0.8150012109311983,0.003833867650145241,True,False,0.18232264868929177,0.0006259393451795144,-0.5445151397450332,-0.001462196776644868,True,False,1.060078493902293,0.0023054729612348546,-1.3881828729550085,-0.0033394422950413223,True,False
3.7999962,-0.19449091555197964,0.004873285524927605,1.2591402935519498,-0.002223437555300727,True,False,0.2246790396972158,-0.0015277818672467303,-0.6717325359753316,-5.655807084616346e-05,True,False,0.8058151549912013,0.002027382402117459,-1.1482324267324342,-0.0031109796731110667,True,False
3.8333295,-1.6973209745253797,-0.004966143671375338,1.4919854273516295,0.0020060535551286863,True,False,0.11935389277380379,-0.0006826178507553172,-0.5574347537107393,-0.003979904509412015,True,False,0.27469909008036086,-0.0010208323085549008,-0.5583741294948449,0.0013085707826187886,True,False
3.8666628,-3.0506658743631716,-0.005289316771305923,1.5241149009121706,-0.0003972875132499561,True,False,-0.06330072100169166,-0.0007439765779302679,-0.2408948910009539,-0.0025049282857719283,True,False,-0.36914251668776565,-0.00038618815330225174,0.1945757018578872,0.00025578516228943636,True,False
3.8999961,-3.904169475372301,-0.01133889484570868,1.3961945813379253,0.001798029713738878,True,False,-0.23624523283639678,-0.0005117660607005388,0.16807104408547138,-0.0008920191676816232,True,False,-0.9015458017613841,-0.005170750933370666,0.8451830895839956,0.007042844015160527,True,False
3.9333294,-4.031446101491751,-0.012749059289476901,1.1511124403758064,0.0011167119078633332,True,False,-0.32173294994993396,0.00014886377875399526,0.5189162004199546,0.0005513580159201306,True,False,-1.1347841752327048,-0.0054645398233724805,1.1646290122045797,0.007481717833843091,True,False
3.9666627,-3.4281756768754983,-0.010324913194440946,0.8262239919252251,0.0012499760128664703,True,False,-0.2707933193269664,-0.0011585859186613995,0.6719096286708142,0.0020163776884633564,True,False,-1.0008273146914444,-0.002907671958773705,1.060960931834943,0.004148201700476049,True,False
3.999996,-2.3274992690442353,-0.005068451727300617,0.4623005407924162,-0.0013795104914863373,True,False,-0.0781886837944691,-0.00017089488452807822,0.553601102760617,0.0010599588366455267,True,False,-0.5818022373785727,-0.0017820472038881667,0.6170744489080024,0.002879634352873532,True,False
4.0333293,-1.1162996110911039,-0.0036988076078991834,0.11509561403384418,0.00029745690621237297,True,False,0.21085904187398496,-0.0014712634016867047,0.189769549018575,0.0018150632749651958,True,False,-0.07540079486098084,-0.002270630285867385,0.052688503564829195,0.003883754452769087,True,False
4.0666626,-0.18609262779073762,-0.0013554288985085582,-0.14500794389905322,-0.0005414964096605773,True,False,0.5118009703877345,0.00418698289283057,-0.3041966822380972,-0.0057834719447641125,True,False,0.28613038466433316,-0.000704263799530417,-0.3669319539401546,0.002021185061092506,True,False
4.0999959,0.21790326853188985,0.0019539900747817126,-0.25354913973419185,-0.006208981504366143,True,False,0.7335560885835657,0.00354143821796523,-0.7751258236599657,-0.005172622320534522,True,False,0.3318737027497779,0.0012035123973047175,-0.43931229321747783,-0.0005876740604977995,True,False
4.1333292,0.08831052154826477,-0.0004632088954336525,-0.1876666491047002,-0.0022058354858633983,True,False,0.8189865317796183,0.004303180281355284,-1.0998239360663038,-0.007930965517264832,True,False,0.029649483836075477,0.0019903300819043854,-0.11350330256719558,-0.0017884424693950087,True,False
4.1666625,-0.35037545404489323,-0.003687086933024078,0.005113354910755621,-0.0023603154911112606,True,False,0.767932831044711,0.0020979285699275567,-1.2306557769697068,-0.00473079160362345,True,False,-0.4896697232053662,-0.0034939616045324318,0.47941769444608834,0.006040568654274227,True,False
4.1999958,-0.7451004477169906,-0.004006695616695496,0.2107097121577922,-0.0008435093609036612,True,False,0.6287411094606385,0.0032830022836142525,-1.1962785127607023,-0.0057334137701819735,True,False,-0.9821525818669181,-0.003350912637490225,1.078618797376391,0.005696723118643095,True,False
4.2333291,-0.7704502410490202,-0.005672618378310347,0.29268711527572727,0.00409696788534106,True,False,0.4664888731117187,0.0023604968673862476,-1.0649237431122751,-0.005319559827817123,True,False,-1.199196523497953,-0.004915061860006132,1.4106287527141883,0.007955500120256483,True,False
4.2666624,-0.26881127234537894,-0.0028844753453803164,0.15812082071542466,0.0023768016142116325,True,False,0.32827610306403476,0.0011988316423713454,-0.8975148886915818,-0.0034945103945230507,True,False,-1.0033203466332805,-0.0032343760666116053,1.3137845367660281,0.005467668718700105,True,False
4.2999957,0.6833465890120058,0.0010958776865826706,-0.1902191047946995,-0.002775944457933572,True,False,0.22321612845002226,0.004467426694122527,-0.7170677545502419,-0.007729290735126463,True,False,-0.43644776213478437,-0.0029213422566040288,0.8110112583995832,0.005791209717063112,True,False
4.333329,1.8043726784081746,0.0010424776823733325,-0.6449370979268398,0.0009296431963258054,True,False,0.12404347390576276,0.0012839517586804663,-0.5055246876404871,-0.0028490414693647104,True,False,0.2897735038962334,0.0017010121638021992,0.10221032213326649,0.0005313990593757172,True,False
4.3666623,2.714099310114921,0.004098909955594936,-1.0337642466115138,-0.0018260094324450632,True,False,-0.014168310948587916,-0.0004565566555760393,-0.22295122347174948,0.0012423490512581306,True,False,0.8776541680137865,0.0019635979342263236,-0.5164834570695893,0.0011200352409054138,True,False
4.3999956,3.0786072422679784,0.006498411633367562,-1.1917591344654386,-0.00744217029787402,True,False,-0.22709311508288735,0.005184639231084476,0.1611445394516287,-0.007957307945241838,True,False,1.065845010264843,0.004473563856756451,-0.7720449644021625,-0.0023910329968555655,True,False
4.433328899999999,2.7456078106720208,0.006745944268873354,-1.0375591020422588,-0.0032853859296800717,True,False,-0.5151666090144604,-0.0003426782550673259,0.6349782929425614,0.0012892292034129274,True,False,0.7386435742727243,0.001118423530686318,-0.5255871986248993,0.0007167193579323388,True,False
4.4666622,1.819905125447959,0.0022195290654770075,-0.6180268586687058,0.0013302705390453341,True,False,-0.8318466035795355,-0.0003372261953780236,1.128238615104764,0.0016832891543263745,True,False,-0.0221471431510807,0.0007447614930957601,0.16622037920335797,0.0009080026309161742,True,False
4.4999955,0.6399212056543243,-0.0007338462062640939,-0.09539351386614213,0.0017144556009143464,True,False,-1.0969908906944883,-0.0026587039339356585,1.5291244949130065,0.0060902655586134264,True,False,-0.9609977903367847,-0.0008071386763539953,1.061262996056019,0.0021589307506091173,True,False
4.5333288,-0.3465954962288942,-0.0032046104429366094,0.31855137747895146,0.0034497374957192153,True,False,-1.2290104066777108,-1.6519398000533354e-05,1.7278086104421624,0.0021423499040444014,True,False,-1.738213765096113,-0.0034360897456284247,1.812353591949745,0.005691324609498861,True,False
4.566662099999999,-0.7632188953593682,-0.008924737852159107,0.45081005858674067,0.008500276818593555,True,False,-1.1771153584761525,-0.002027181400008759,1.66037698921042,0.00455509077566615,True,False,-2.055523865468498,-0.007010462546140173,2.095100961869466,0.008004669926025486,True,False
4.5999954,-0.46704464074023755,-0.0057340580896548385,0.24101071398273252,0.005425675020303031,True,False,-0.940525037138097,-0.00042113257938302214,1.3337340463057452,0.0027130254516966506,True,False,-1.7728370300048817,-0.0035382515368592325,1.7394611708653778,0.006503357154727357,True,False
4.6333287,0.3828911753092442,-0.0012293903092020046,-0.23080644747093407,0.0010592586531131573,True,False,-0.5710761519100617,-0.001170656225525844,0.8267110327019902,0.0031815989532097714,True,False,-0.9659970118171165,-0.0013154437041187977,0.808666367076167,0.0025820703529223004,True,False
4.666662,1.3881991047849487,0.001733734878835336,-0.775746376417457,0.0010986329560130578,True,False,-0.15838500652862633,0.0018656559515594212,0.26802586954688057,-0.0008291454242011802,True,False,0.10369944151471987,0.0019576911257280206,-0.41623709169704415,-0.00196752683578808,True,False
4.699995299999999,2.0768973744701698,0.002806846380667533,-1.1713375491217588,-0.0006022301582005883,True,False,0.2006742948922613,0.003080760161333308,-0.20553040863309222,-0.003403273158225733,True,False,1.0951322389462224,0.0057106999517820105,-1.5451715693908825,-0.007598560392918334,True,False
4.7333286,2.0958239899122195,0.0007984736521409423,-1.2464604065037326,0.00192789664160652,True,False,0.43759582877166414,0.003741323302074243,-0.49714453544353315,-0.004869285262528949,True,False,1.7202006093004356,0.0060897113415597885,-2.2335828507506723,-0.00820513004259495,True,False
4.7666619,1.350759184780251,0.004726761834655788,-0.9448879959283608,-0.004455355358832701,True,False,0.5349263571313444,0.0015588456225872893,-0.5807028805580605,-0.0008222697069664299,True,False,1.8476016455910407,0.007203767146853745,-2.3133094279284268,-0.008406487759498264,True,False
4.7999952,0.04322788802566233,-0.004062536527902337,-0.34657965911747535,0.004975204607471706,True,False,0.5240110477256018,0.0020333844775839625,-0.49764427426447405,-0.000980094279765858,True,False,1.537952231148844,0.005329603760857889,-1.8449110579439,-0.006195930410883761,True,False
4.8333285,-1.4115044435960042,-0.009018708972270742,0.3646571692765573,0.00831221919434528,True,False,0.4627838893159218,0.0023957329229411743,-0.3269888759671993,-0.001832301898940309,True,False,1.0013917796081764,0.004179094535806715,-1.0764678905292413,-0.005548618086459864,True,False
4.8666618,-2.555081304721094,-0.013381326857900624,0.9780246195362834,0.013404649266621488,True,False,0.4090108872434165,0.002313636055701652,-0.15153027000459332,-0.0021019910929280117,True,False,0.49950652165956566,0.0035751579149178696,-0.3329895421001237,-0.00374625929772071,True,False
4.8999951,-3.068561411426911,-0.011251821748640112,1.3399346631615936,0.009149675272247004,True,False,0.3996838604007972,0.0017769465503388554,-0.03547139429166486,-0.0008129507063900113,True,False,0.23248841759195682,0.001017031337117658,0.11827999409220684,0.0007215913810728499,True,False
4.9333284,-2.8811477376214434,-0.012690580878421513,1.4016992666123496,0.014279276500294183,True,False,0.43859977784522086,1.762221600998947e-05,-0.012518304290932215,0.0013471566994060534,True,False,0.256551569972382,0.0006068927493450485,0.1750364196256476,0.0006127612613169595,True,False
4.9666617,-2.162885612705883,-0.00613609264370079,1.2122226261214673,0.006236850853498065,True,False,0.49371860293337017,0.00025558666859773054,-0.08000235708998708,-0.00030024503884247224,True,False,0.4674530379388734,0.004720835888638544,-0.0675440191699977,-0.005193365954010318,True,False
4.999995,-1.2205888527470483,-0.008084014881100146,0.8707156503325502,0.011337742755047897,True,False,0.5100910910855515,0.0002779334958881695,-0.20186955805209186,0.0018522922833078442,True,False,0.660758293401067,0.004357766151396757,-0.37902690376114134,-0.0037705505145801646,True,False
5.0333283,-0.35708509494126617,-0.0004961409309722623,0.47267516153817557,0.0025240988106122048,True,False,0.4407727613914353,0.002009138598204593,-0.3254940908731032,-0.0031881220301791103,True,False,0.6409348714195676,0.004860737145871509,-0.521329371187733,-0.008600628937146389,True,False
5.0666616,0.23877178056911408,-0.002862640165493013,0.08072453362123515,0.008486581937851923,True,False,0.28381904509174055,0.0004185924783140531,-0.40822794349531116,-0.0009391530802652488,True,False,0.3235714866401048,0.0029926847282007014,-0.37327020843135916,-0.004353436607373368,True,False
5.0999949,0.5257670945509394,-0.00491285903946551,-0.26649417917276325,0.008404265530174086,True,False,0.10087352084420358,-0.001501564489183817,-0.43802086620127956,-0.0007298306697288397,True,False,-0.2190622855478104,0.0007513023921429636,0.013356669250523338,-0.001055732198571678,True,False
5.133328199999999,0.5656617468290974,-0.003844266860250917,-0.5229373065946571,0.0056607764380709235,True,False,-0.0013792367989813304,-0.0032958411955136004,-0.4327658808154871,0.001867548225572726,True,False,-0.7864204606827357,-0.00037225350137287455,0.44903520160070454,-0.0020160118913897804,True,False
5.1666615,0.44447949635460354,-0.004352378785681331,-0.6176466052330069,0.004591676667868612,True,False,0.07810172642481604,-0.002260003346267419,-0.4196362985899699,0.0016163090545260105,True,False,-1.1350351298443986,-0.00021878611287460634,0.7053376216563942,-0.0018041226109877556,True,False
5.1999948,0.21876402170273318,-0.0002247780881262912,-0.4776348580921556,-0.0018001578749317546,True,False,0.3778959915859639,-0.00040778754135294224,-0.4122978733634632,-0.003728547412036494,True,False,-1.0845000585465652,-0.0034935728510764484,0.6254167162914522,0.0007864702845837972,True,False
5.2333281,-0.08469732276637514,-0.004351386017300283,-0.08090664219578966,0.007386625749778798,True,False,0.8385351639709783,-0.0032274960819558053,-0.4014097364926606,0.00445650329943787,True,False,-0.6029912663355932,-0.0018228526104887499,0.20013938530664369,-0.001035757831213732,True,False
5.266661399999999,-0.43249929292135775,-0.0024586064838568325,0.4993989319059793,0.005621062392472165,True,False,1.3042444928426633,-0.0003220858487298132,-0.359451432523349,0.0016445306997120428,True,False,0.16505178296252873,0.002390306564572665,-0.4202975368218738,-0.005928652549499689,True,False
5.2999947,-0.7505165012753224,-0.0036322857967691414,1.093690609533708,0.007848041937842366,True,False,1.5676927598419899,0.0018192058294193556,-0.2560133836352794,-3.758075354844961e-05,True,False,0.9477568840661701,0.003872638038503808,-0.986269409453571,-0.005410795732640702,True,False
5.333328,-0.9237322979287445,-0.005232943663521245,1.4849678088030087,0.010833675932832607,True,False,1.4495532533318147,0.0006503955759304083,-0.08048759877814234,0.0011934647537927402,True,False,1.4532970361906161,0.004606973291217239,-1.2542133988417012,-0.007418438778972105,True,False
5.3666613,-0.8385578559469398,-0.00747803241729706,1.4918949008663211,0.014297415796693573,True,False,0.8830758743647249,0.001084692621806854,0.13943689709725385,0.004229705683327948,True,False,1.4871966128513021,0.005782900236728163,-1.0888050929221778,-0.007648073078904237,True,False
5.399994599999999,-0.4465776858875795,-0.005242250023961501,1.0516857342703512,0.010924346078429237,True,False,-0.03888553681598494,-0.0040611445255958395,0.33997580705966485,0.004802416280630489,True,False,1.0281395296492575,0.0025318875131130473,-0.5166359481944702,-0.001509288562662938,True,False
5.4333279,0.192040174972026,0.00020817055789712559,0.25993206807008506,0.001654182551562555,True,False,-1.0844655401478642,-0.008508954151485374,0.44677142026537214,0.0048873124141844354,True,False,0.23255951075109585,0.0009356440826852358,0.288748061489256,-0.0025299664874480236,True,False
5.4666612,0.916033170513296,0.0017041666206137035,-0.657153727083692,-0.0016988914396790966,True,False,-1.9671741723776461,-0.011917940503136812,0.409216344659165,0.0052729154300177935,True,False,-0.6304973347640601,-0.003073767219239484,1.0783632252153719,0.0020986556992290107,True,False
5.4999945,1.515354635472183,-0.0012433404490082049,-1.4224548923517655,0.002226300343385293,True,False,-2.4546261519625294,-0.012360355158853331,0.22578286376466902,0.0059128833287321846,True,False,-1.2838496415305307,-0.0029795822704234893,1.6214731399559825,0.002792364224034127,True,False
5.5333278,1.8001930381674867,0.0026975021116227215,-1.8008939679820923,-0.004000878055772581,True,False,-2.4495462707980424,-0.00977596607731776,-0.05098305816745201,0.0013580861632786227,True,False,-1.5423912306071517,-0.0032608513484568076,1.7846890607727839,0.002190851783636842,True,False
5.5666611,1.666568180277208,0.0037522183756694715,-1.677146198547308,-0.005559029736360049,True,False,-2.0112629218969924,-0.009591926643098526,-0.3314577006909939,0.00243970300622441,True,False,-1.3739723916971385,-0.004892210903510397,1.5714709623785363,0.004094293517192679,True,False
5.5999944,1.1453963026562997,0.0040951068909293115,-1.1023929230497662,-0.0056119360082659085,True,False,-1.3201690291132233,-0.01009627484234467,-0.5188485279852214,0.0043723980500728135,True,False,-0.9047728324967206,-0.0041789222033204575,1.112211077154204,0.0034946031969790843,True,False
5.6333277,0.4115211445531726,6.130628034307194e-05,-0.2903296606162132,0.0006807480461978871,True,False,-0.6073877141437599,-0.004534891354067127,-0.5395886234946562,0.0008661115624901696,True,False,-0.36803777875694027,0.0004819065090447601,0.6081107261251725,-0.0027683159435013018,True,False
5.666661,-0.2703239580179076,-0.00188734423269149,0.453413396524928,0.003520601773369552,True,False,-0.07350031034743135,-0.0020932083664167685,-0.3675662150574342,0.0015363962266080307,True,False,-0.010471258838701057,0.0006296793463451614,0.24710228327125697,-0.0018675852259058795,True,False
5.699994299999999,-0.6537013037448187,-0.006939110502471515,0.8531519694408514,0.011342137000037078,True,False,0.1788065100411334,-0.004552126377144697,-0.03732558123779818,0.0033407131692930318,True,False,0.008139948208221072,-0.0011993254323249057,0.12806149357474114,0.0011771383439482112,True,False
5.7333276,-0.6220025497171422,-0.003276312048696348,0.7826200388692378,0.0059299128844672,True,False,0.17294753357759168,-0.0015348383983353928,0.3620324985586041,0.005388064236850849,True,False,-0.32189004052917153,-0.0010980246880478478,0.22986120504770183,-0.000764849209671444,True,False
5.7666609,-0.23928531544298684,0.0008337623315575884,0.31765255054514924,-0.0006412200987288705,True,False,0.03662086691284874,-0.0030496957529303113,0.7150301247093463,0.005969717405551308,True,False,-0.8585461247399938,-0.0029325952564532745,0.43388731067010156,0.002209885079420309,True,False
5.7999942,0.2895146047043828,0.0008130891098946877,-0.3080365133713935,-0.0010343944965571172,True,False,-0.058634285900768954,-0.004079460969472568,0.9190097524178983,0.008613274520210138,True,False,-1.3629745214994586,-0.0034371313832307973,0.5793200807485656,0.0005524584360500207,True,False
5.833327499999999,0.721984707591036,0.001635593997209453,-0.8171313473483872,-0.0033104116627887046,True,False,0.02864876277741807,-4.967031060483243e-05,0.915764190080591,0.003830208165609698,True,False,-1.5879648369214638,-0.005196211843859817,0.5238634154074654,-3.013574824354975e-05,True,False
5.8666608,0.8871024804345927,0.00235354197605794,-1.0125086537863903,-0.004547683800940705,True,False,0.3497276711807288,-0.0024992138514086477,0.7031659198130796,0.0042584751227787675,True,False,-1.37036121504541,-0.004374066211677479,0.19217392009157197,0.0011157624990670147,True,False
5.8999941,0.7516918652893179,0.003170892109807943,-0.8565171233492146,-0.0055143719580470155,True,False,0.8394846188551395,0.0025619520663109005,0.329409114134135,0.0024566145181198623,True,False,-0.695847551852811,-0.0025965630292683955,-0.39599645381731413,-0.0012302726028457862,True,False
5.9333274,0.4224290257534846,0.0017122450570011528,-0.47683976595240357,-0.002672317495893901,True,False,1.332776531581185,0.0008934300675686849,-0.11818579663248562,0.00462762606498636,True,False,0.28861201385772733,0.00079264575737091,-1.1232490447512289,-0.0029460931194899547,True,False
5.966660699999999,0.08434175966582419,-0.0009108638086629714,-0.09721795875719666,0.0009832886342162994,True,False,1.620727592960275,0.005490567480069827,-0.5253615505315984,-3.461374269959252e-05,True,False,1.3205652561367067,0.003524035882035614,-1.8017124712792183,-0.005141008313429609,True,False
5.999994,-0.09868152563864828,-0.002946222827463691,0.07830299349397617,0.004507685447865747,True,False,1.532329794206568,0.006125839746770691,-0.7723213240075257,-0.0028249739543305895,True,False,2.109054224511033,0.0037224313245225902,-2.226811110434851,-0.003870109739354285,True,False
6.0333273,-0.07209803785554994,-0.0009450305085073141,-0.028277232503374577,0.0019240509247163372,True,False,1.012701332117888,0.003987598280535532,-0.7689349510752327,-0.0020485655986478635,True,False,2.4324473859829143,0.006713725520157615,-2.2448775719982224,-0.008859629350275386,True,False
6.0666606,0.08340003136762865,0.0017347366954145384,-0.3305308729869954,-0.003938954850472808,True,False,0.16240083130958058,0.004329456663861982,-0.49112711911955537,-0.0019842675144355225,True,False,2.216632079343741,0.006409411506861616,-1.8146838538227523,-0.003285385194620486,True,False
6.099993899999999,0.20498720930379702,0.0030173254295329565,-0.6301206206517204,-0.006140516290144718,True,False,-0.7865283414049216,-0.0023719692433145523,0.002216057822315985,-0.001049274352582712,True,False,1.5674407989286534,0.0058250382859963,-1.0384321520947102,-0.005114792145503847,True,False
6.1333272,0.14563345504944844,0.0027398086753957726,-0.7274136306477322,-0.007463759444532722,True,False,-1.5535651631598368,-0.0036667393991639966,0.5829732672397804,0.0034427207305336247,True,False,0.7380281841938788,0.002869799858937072,-0.14121538040522144,-0.002169915998426558,True,False
6.1666605,-0.14483023536735945,0.00043329976303584355,-0.5227948576324658,-0.0031350730823065695,True,False,-1.9160128518173736,-0.0032899343350862665,1.0933807412192456,0.0004741234604864046,True,False,0.031634934364963445,-0.0030753879963993378,0.6058127482721929,0.005537805721362972,True,False
6.1999938,-0.6012159968793284,-0.002340133138529723,-0.05335801063245087,0.0009250361398195861,True,False,-1.7892919882006781,-0.0006512043812482538,1.3962317267607278,0.002394424414349016,True,False,-0.3250969924662777,-0.001284849269384069,0.9955560285738908,0.005879825603028649,True,False
6.2333271,-1.0886101280561817,-0.0036494552104669965,0.5440991587211378,0.0035295798458669357,True,False,-1.2485673495623115,-0.0015251456557018974,1.4192698456296784,0.007291403244323211,True,False,-0.2763717849934366,0.0005369392964188453,0.9761322694229659,0.0029652591363758776,True,False
6.266660399999999,-1.4747864246361007,-0.0028179788697487765,1.108420318951393,0.003239626486583625,True,False,-0.4903413411786355,0.0021524492111622716,1.1787685893909148,1.8541542603243814e-05,True,False,0.05063603716315423,0.0014237771663367768,0.6687214338713653,0.001930713329160783,True,False
6.2999937,-1.6840211886274563,-0.0033971487209777944,1.5194907289202537,0.00511742590541165,True,False,0.24596471970692024,0.007759701175076899,0.7689585798057598,-0.002896238432027337,True,False,0.4173676519780232,0.0032444202379695304,0.29910962715491435,-0.0008930396696910256,True,False
6.333327,-1.7091354423017193,-0.0030218017253247154,1.725172805725342,0.0036685608883783687,True,False,0.7661210533491035,0.0053810325206564286,0.31883379149891755,-0.002195176514292229,True,False,0.5867899611592562,0.002828675967459865,0.08304517786085178,-0.0004775233637828685,True,False
6.3666603,-1.587731012434491,-0.002718314816808779,1.7311084935790255,0.004446467616995461,True,False,0.9844869889372796,0.0071078566204769425,-0.05987290882950014,-0.00205603480227409,True,False,0.42388677830626775,0.0020493550027514927,0.12769612957624005,0.0010627318372312578,True,False
6.399993599999999,-1.365017228419656,-0.000327926092005822,1.573800559589778,0.0028742835171111877,True,False,0.9396142938659975,0.007454460878667681,-0.30845776687658966,-0.005962157069740329,True,False,-0.054219636359322296,0.002128947755835276,0.39467352092791386,0.0009539735804341978,True,False
6.4333269,-1.0679560147059595,-0.001892984540341486,1.2994383523988406,0.005028931745651426,True,False,0.7628529117330349,0.006434128026735767,-0.4336051263854771,-0.007259886418695774,True,False,-0.6913615103505135,-0.0008902818443502535,0.7334451969604129,0.004143569754890359,True,False
6.4666602,-0.7062838277480816,-0.0032997223695915394,0.9583117203177789,0.005501951522180349,True,False,0.6176058741372589,0.006634547841115827,-0.49817123566799676,-0.006421161440676089,True,False,-1.2586907582015314,-0.0021095171818108424,0.9605942691019885,0.003520235340574427,True,False
6.4999935,-0.2949311659160516,0.00043309785147273495,0.6062157553871171,-0.0008161922637677172,True,False,0.6314042456043683,0.005594930235051946,-0.5907650446247735,-0.0054334041615695565,True,False,-1.546822434077228,-0.0031902602126366417,0.9440730365022411,0.0033779421043788342,True,False
6.533326799999999,0.12714602465841016,0.0005805823857604038,0.2967956151277523,-6.901787628369234e-05,True,False,0.8426911351248118,0.007612094862207309,-0.7810524607002265,-0.008393006097622396,True,False,-1.4475157028697532,0.0004558688092957034,0.656549143202342,-0.0014429305101859768,True,False
6.5666601,0.5031643095198999,0.003161935394336906,0.06117080034098845,-0.0020661383413074445,True,False,1.1800823691279108,0.006195016303150535,-1.079604012770208,-0.007737680966926935,True,False,-0.9957994215915783,-0.0032594811661065285,0.18365249284620058,0.004723713789808025,True,False
6.5999934,0.7870638447649029,0.004689001206835883,-0.11132244408365828,-0.003777089656060549,True,False,1.4834932736507471,0.005481139824000461,-1.4226807039658058,-0.0067718816443689414,True,False,-0.3607477059289405,-0.0002298577970781724,-0.30727017661080924,-0.0006830147202864023,True,False
6.6333267,0.9708756118045804,0.004171560755828858,-0.2732104094571716,-0.003819651865806,True,False,1.5664626878442682,0.0116113645722834,-1.692881779239544,-0.014463936818496339,True,False,0.21418886834034576,0.0032211581897051006,-0.6283031789202032,-0.002966122983587052,True,False
6.666659999999999,1.0862329688800891,0.0015060317295064016,-0.4913308968233286,-0.0005657351642515526,True,False,1.3028558957389955,0.009116299565429243,-1.770664029872739,-0.011983176461527419,True,False,0.5082567275766712,0.003937334336173506,-0.6491625113707609,-0.001366941672552179,True,False
6.6999933,1.1761397002467966,0.0009334156523070434,-0.8012997575131133,-0.0005422888397942472,True,False,0.6982852277651096,0.0068166357132220514,-1.591586566659581,-0.01051962056039346,True,False,0.4227953895663445,0.005779243705167696,-0.3639966786857369,-0.0046540875228682325,True,False
6.7333266,1.2607401947224997,0.006537573420930965,-1.1720737084527688,-0.009253558058581525,True,False,-0.09873495871713579,-0.0005439287772510714,-1.176825228255412,-0.005563888284991461,True,False,0.032585147310777364,0.0009328977533773087,0.09086155404797135,-0.0004118921460348539,True,False
6.7666599,1.3252473980581323,0.004245014739997421,-1.5074703597521248,-0.006848285666491413,True,False,-0.8576030828142663,-0.0007999702556084878,-0.6241179636003541,-0.008286283240544244,True,False,-0.4443885306533058,-0.00017335711417081927,0.4899204231003717,0.0026496824754081026,True,False
6.799993199999999,1.3333831437177135,0.00026056789856502736,-1.685609558050758,-0.003048901991909105,True,False,-1.3631439047844838,-0.0006446890516974238,-0.07129172867701017,-0.007123496085320272,True,False,-0.7480055183263344,-9.78015210458101e-05,0.6270868116826024,0.0040333619350898355,True,False
6.8333265,1.2511241970829705,0.0038376496917431322,-1.6153998795353692,-0.009290332677145182,True,False,-1.4982281802911563,-0.0040190385481007505,0.3516227514955071,0.0007537412394708836,True,False,-0.6979593203160149,-0.0020756218859778143,0.4258313776082374,0.0026030564453289403,True,False
6.8666598,1.071373342484814,0.00457155689958838,-1.2877120565790339,-0.008758140743854143,True,False,-1.2794627055245429,-0.001941127044230808,0.5706987407998458,-0.0007133108429776068,True,False,-0.2779951559694461,0.00010200611115511595,-0.013979056140466477,0.0006018659604580209,True,False
6.8999931,0.832668181411599,0.0018283364060880044,-0.7989846392115549,-0.0028252567820126278,True,False,-0.8398298098771897,-0.001549008281849555,0.5986801967380474,0.0009832005357764174,True,False,0.35598374564876256,0.0046421564505582,-0.4650342673994484,-0.005905527004547607,True,False
6.9333264,0.6149553062226399,0.000858638983473808,-0.3250101031960013,-0.00014523461987568033,True,False,-0.36904502718618726,0.00016271182463594775,0.5250828981380838,-0.0028699618676524077,True,False,0.9458945874897197,0.004107099041994426,-0.6923242851067752,-0.0029571869904108034,True,False
6.966659699999999,0.5017802578638871,-0.001416975678296764,-0.044752936447917877,0.00356772665068207,True,False,-0.035386783098714444,0.00128541450862854,0.4634198143850327,-0.002906280065553617,True,False,1.243522119856557,0.005036088284493327,-0.5752325875593166,-0.004351004613045342,True,False
6.999993,0.5265792707240542,-0.003162562414777182,-0.050389110046517395,0.005753198949481626,True,False,0.07911298326491276,0.0012305710842973178,0.48523409116511174,-0.0019400956970217617,True,False,1.1124629691275705,0.0032282831981558023,-0.1644742702473073,-0.00012271435989761337,True,False
7.0333263,0.6412625467702295,0.0019393231730277353,-0.29617411587226955,-0.0021606069089205194,True,False,0.0022794295655021012,-0.00023615519683779416,0.5834264268161563,0.00042118849858623634,True,False,0.5819620551884048,0.004192174874345473,0.3510465528927963,0.002762044484111257,True,False
7.0666596,0.734136934902252,0.0021779899800128113,-0.6181698362995808,-0.0027255581360708645,True,False,-0.15585351474934095,-0.00211349158985868,0.6881883916515312,0.003731178033818812,True,False,-0.16085486684619382,0.0006734265059597407,0.7400235301271328,0.0024301409501192857,True,False
7.099992899999999,0.6869228816735129,-0.001154849768422668,-0.8124490172507998,0.0006757187173877539,True,False,-0.26645272586348867,-0.0039050572706369243,0.7217413274599002,0.004942030332221413,True,False,-0.8356933042354727,-0.0017120335487844892,0.8302896201906752,0.0014138691222985594,True,False
7.1333262,0.43203738246513795,-0.0006953895644885516,-0.726410297001769,-0.001978769626398186,True,False,-0.24607241883386002,0.0003013653850557803,0.6512116591183138,-0.0009045070758394217,True,False,-1.1701701214279756,-0.0026587824490619917,0.5674968179435044,-0.0002847857191210646,True,False
7.1666595,-0.02141374810933237,-0.0018469468152355131,-0.3197398164145789,0.0005814295688080653,True,False,-0.08920764440507074,-0.0010978296559238045,0.5044792624854688,0.0019149229216061884,True,False,-1.001316714955779,-0.001495113528189336,0.017157894038623358,-0.0024380256176201177,True,False
7.1999928,-0.5984958996718184,-0.0046150871074334835,0.3262743276928107,0.0060178972105995885,True,False,0.13874575501134936,0.0004343895644396876,0.34671081627519407,-0.002051991996444598,True,False,-0.33923687093465044,-0.0002929703912924765,-0.6720123829107838,-0.0009652368126822824,True,False
7.233326099999999,-1.1939472549112276,-0.00884721305249371,1.0491906244264853,0.013854419835059343,True,False,0.33260141823049477,-0.0010567806226609575,0.2439825713679365,0.002835169043572279,True,False,0.6292321626927102,0.0017478505216034007,-1.3181315348663918,-0.003837960131724491,True,False
7.2666594,-1.7108250476692082,-0.005150156808137235,1.6704542206660158,0.008560349130142128,True,False,0.38395946574539463,-0.0008967054528790302,0.24027856182809645,0.004374573661926618,True,False,1.5966552278590571,0.003891896883413604,-1.755875375113897,-0.0069505432781631375,True,False
7.2999927,-2.0807665997482765,-0.0074259949697394025,2.0486651502510504,0.010811189704323642,True,False,0.2153553647237397,-0.0005000082103959826,0.3519505700073583,0.0011395791908044121,True,False,2.2340663022744804,0.004660415191010946,-1.8807568441131293,-0.004926586131580452,True,False
7.333326,-2.2622033960509027,-0.008275805671525426,2.1030247867632523,0.012078255082479294,True,False,-0.1894119622567305,-0.0019890044527652436,0.5662688414509632,0.003766310350384677,True,False,2.3051858942847803,0.008034993500610505,-1.6786165323065316,-0.008191469921312445,True,False
7.366659299999999,-2.232819024080382,-0.009096354873101127,1.8176655805163944,0.013110563858991411,True,False,-0.7642487828014471,-0.0011215444262692208,0.8358611088523559,0.00211355794470946,True,False,1.7585498695245312,0.006322386196744032,-1.2265596825079907,-0.0042006851206049575,True,False
7.3999926,-1.9909929361323864,-0.006211622418538881,1.2428240863742908,0.008711714781909154,True,False,-1.3618563649924909,-0.004148364147790701,1.077595038277956,0.004893548920521959,True,False,0.7565808276606419,0.0007190588355588335,-0.658619523958525,-0.0011419993146811768,True,False
7.4333259,-1.5660707530997295,-0.008079708510313652,0.4936020097069814,0.009503973756626503,True,False,-1.7891118035266154,-0.006470590838472476,1.189654006956974,0.006563259139909603,True,False,-0.38149574682897097,-0.002281992771924721,-0.10785979379899228,0.0013064411520582098,True,False
7.4666592,-1.0277763638396777,-0.006988494797007397,-0.2639968871367637,0.006301178548814241,True,False,-1.8742105583105497,-0.005752861372275922,1.0886059083002142,0.004770735758518337,True,False,-1.3038430876747507,-0.003908882989567017,0.3440862171068709,-0.0014135771108224466,True,False
7.499992499999999,-0.4809748018974818,-0.003346201504334955,-0.8491725341995906,-0.00041326276328769804,True,False,-1.5411270732015,-0.007547662643885388,0.7512928437730442,0.007592589476798107,True,False,-1.7612388547631306,-0.007182057436751787,0.6808785358198662,-0.0015316370848895166,True,False
7.533325799999999,-0.03499343194601446,-0.0004851737007837628,-1.1225820652237795,-0.0005053483323362775,True,False,-0.8541870160292043,-0.0036425885101642724,0.23734634324926682,0.003997477658790988,True,False,-1.6934901991316382,-0.00452601227590878,0.9288859101923743,0.0026188678992799396,True,False
7.5666591,0.24422165701332593,0.0003152169943421848,-1.0418900869839511,-6.286897483870412e-06,True,False,-0.0033972862621867335,0.002195944006193713,-0.32687138013250644,-0.002444450682160712,True,False,-1.233106104956865,-0.0030436439471713075,1.1242392917427049,0.002622604814275439,True,False
7.5999924,0.3685110521553939,-0.00012497238634145248,-0.6857335758300444,7.004344690681965e-05,True,False,0.7694516153231539,0.004789183917861479,-0.8008827931599807,-0.003158079899290824,True,False,-0.6316414365129971,0.0005147255917250713,1.290971674897247,0.0014492774047062556,True,False
7.633325699999999,0.4192578114393462,0.00026886531596761803,-0.2269101962086216,0.002470803012006393,True,False,1.2673437174703488,0.0038632039877298623,-1.089636911048899,-0.0003125382839846375,True,False,-0.15038838416779093,-0.0024574285097911912,1.432997557422213,0.00338462690729622,True,False
7.666658999999999,0.49532524540656814,-0.002549301245835573,0.13971657817246316,0.008438242469967983,True,False,1.406720226144234,0.005504404293337989,-1.1736620467697287,-0.003553044797495718,True,False,0.03237727105390185,-0.001976558617399997,1.5359490133510556,0.0030428607389245076,True,False
7.6999923,0.648576316929748,-0.0009500500785176795,0.28408376366872234,0.008334108690322934,True,False,1.2301305461103946,0.0017560679853578566,-1.0980401686656482,0.0017323878363459055,True,False,-0.1311038003921419,-0.0027891190937016294,1.575715690951227,0.0050993795706020485,True,False
7.7333256,0.8518687060610585,0.004231291293918343,0.1967331335721508,0.0021678148015785025,True,False,0.8709915050215087,0.0042189760372473364,-0.9378598059271148,-0.003169879010579121,True,False,-0.5527320958058102,-0.0003956945049963854,1.5275581972041514,0.0011509557482230633,True,False
7.766658899999999,1.0237954155969193,0.005688906018944026,-0.019962737039290655,-0.001287566575057508,True,False,0.49910645617965876,0.0027797743396783927,-0.7666197327454269,0.00025228308833914997,True,False,-1.0344115146739272,-0.0005121983094443597,1.370384168078033,0.0004097065816148111,True,False
7.799992199999999,1.0889177172180107,0.005025179551769844,-0.21641365262718343,0.00030056755315889565,True,False,0.2714206001825392,0.004250064689659458,-0.6425002473546235,-0.0029126767602939948,True,False,-1.3269664573392939,-0.005776821875536089,1.0904171792384942,0.0053009309652098996,True,False
7.8333255,1.0240032493898008,0.00022942116437835983,-0.271700030572294,0.003922346621524293,True,False,0.29538353973910725,0.002133084195382923,-0.6091234066659031,-0.0018200065198847948,True,False,-1.2230131826056856,-0.005810305940672954,0.6915085724035624,-0.0013737589028956295,True,False
7.8666588,0.86142681206526,0.0031904826524010894,-0.14136757878812686,-0.0010439758783318592,True,False,0.6019598062892693,0.003605620753080281,-0.6961756553827959,-0.0016715284442977351,True,False,-0.6549931160718755,-0.0046497898823108395,0.2069149348114761,0.0019102731747405021,True,False
7.899992099999999,0.664077699244195,0.005553961175239767,0.13198846636999712,0.00042954127541028846,True,False,1.1293479537558497,0.00608630648618301,-0.9079002497715886,-0.0030380170909064053,True,False,0.25561714038478656,0.0012499106834161927,-0.30114931501066305,-0.004969689372752271,True,False
7.933325399999999,0.4992003412734588,0.006221916230693444,0.43825005970897957,-0.0016092411516024537,True,False,1.7254450027910486,0.006135167292321395,-1.2010283170654228,-0.0010652300567667347,True,False,1.2336007840920855,0.003572879934916423,-0.7579702649364379,-0.0028744200355742483,True,False
7.9666587,0.415823204343426,0.0029075131170388457,0.6445871000287469,0.0037084714952730076,True,False,2.1766557913005298,0.006060383665767401,-1.4693471858112124,-0.0008157516267186968,True,False,1.954371606698088,0.0047602515731598495,-1.0978411924760936,-0.004985762971824441,True,False
7.999992,0.417466005030608,-0.0001790143871966961,0.6564526882891552,0.005301687386567503,True,False,2.2658566676846834,0.008839055257259872,-1.5596800479392279,-0.005260687810777983,True,False,2.1648618264416415,0.003752854863467419,-1.2774948808481703,-0.002926276783366048,True,False
8.0333253,0.44315554712761823,0.0031586410049401093,0.46762361116362217,0.0012658428187587037,True,False,1.853023042159861,0.01065728112140677,-1.331924321578261,-0.008623395725396844,True,False,1.7714986417971246,0.0034197445060590442,-1.2799989864275543,-0.0029104165166824302,True,False
8.0666586,0.38893030493235725,0.009287945035990458,0.16491047597217232,-0.00665750881750148,True,False,0.9517332402767874,0.006822113542122444,-0.7411310127669916,-0.004417129656303479,True,False,0.8728732988275291,0.001963800346437395,-1.1193999661778486,-0.006092747602075247,True,False
8.0999919,0.1749557882696741,0.006916839348368612,-0.12060580141567176,-0.005730431144281811,True,False,-0.24311804620041755,0.002336868503480307,0.11104069201217454,-0.00020013449320512787,True,False,-0.26412125339889225,0.0005635597304915805,-0.8518459259338252,-0.004908120897928436,True,False
8.1333252,-0.18887542880657082,0.004046322015111345,-0.28264962599058463,-0.004630866256187866,True,False,-1.4080653421891176,-0.0032969275770104163,0.998390656225869,0.004061544489985299,True,False,-1.2789556815101688,-0.003312392312898532,-0.5798510450140909,-0.0038636980136300693,True,False
8.166658499999999,-0.5965721937127787,3.558540607406297e-05,-0.28374829730525336,-0.004378318831683414,True,False,-2.2112010423361608,-0.005601271749311795,1.6619843932685519,0.006283952760721697,True,False,-1.830651192121385,-0.005568674557815349,-0.42728137922079185,-0.0011614082138145456,True,False
8.1999918,-0.9063559628240478,0.00042422821136799414,-0.15600024237623503,-0.004083088500684092,True,False,-2.4445341735713577,-0.0052658326331599765,1.924958191371706,0.00676659603153812,True,False,-1.7205047822556605,-0.00495289231132319,-0.48183571956139104,0.0011638364036260895,True,False
8.2333251,-1.019361488026029,0.0026825970500811533,0.027097623840647896,-0.005736858936563207,True,False,-2.105651487803371,-0.0039835460237658184,1.7726818748970385,0.007046211863488315,True,False,-0.9787291226905696,-0.0047662843775268535,-0.735192461141925,-0.0012493741293401483,True,False
8.266658399999999,-0.9218350015548518,0.00219925312594246,0.1838663677562531,-0.00266435209591672,True,False,-1.3932790965143969,-0.0023101441048662672,1.3591139609407754,0.003010816644525007,True,False,0.12828724590055665,0.00021434319353859943,-1.0652147379776042,-0.005085997405345915,True,False
8.2999917,-0.6732460603900328,0.005696009816354271,0.2476821326368189,-0.008738483981391336,True,False,-0.6219155447536721,0.002326193867764638,0.9344649979956543,-0.0018093928564827453,True,False,1.185970374531313,0.003942310604901377,-1.2812983168931253,-0.002998469917854202,True,False
8.333325,-0.36210872123695753,0.0034380854400809487,0.17823757465546208,-0.005240686597132709,True,False,-0.09325913398364878,0.0017142597551595069,0.7276158403711787,-0.00020036144119683487,True,False,1.7881813978169347,0.0053555707591271835,-1.2119231906048569,-0.0038245254161667704,True,False
8.3666583,-0.06380150134179116,0.003422254189422205,-0.03238423755285848,-0.0044020807890440645,True,False,0.022539968208591492,0.003911163930473537,0.8412897039074828,0.0001687738512224506,True,False,1.6997846864230235,0.005090423823092999,-0.789648947878387,-0.0026360476080925436,True,False
8.3999916,0.18001251705587762,0.0049029009203313,-0.3545986486653916,-0.006994376628127974,True,False,-0.2517483785814075,0.001167222089860371,1.2099316890195546,0.0018311501792639714,True,False,0.9556401726453898,0.003515706122802733,-0.09389890361777864,-0.0012279158991042546,True,False
8.433324899999999,0.3623940667223576,0.007438560429932739,-0.7235918000869284,-0.011599285981322364,True,False,-0.7197092217115486,-0.00019735550724619245,1.6349071610397503,0.0027305742224930044,True,False,-0.1470357940392488,-0.0007907672604106708,0.6693816480819018,0.004681233050982736,True,False
8.4666582,0.5006329794046864,0.006108220950918326,-1.0556666244740749,-0.011792527301034339,True,False,-1.1012647618526088,-0.0026596548432339926,1.8754907153558358,0.005846241972290631,True,False,-1.1622784621279265,-0.002843682792716608,1.2469394642599112,0.004904056253693818,True,False
8.4999915,0.6156605652846168,0.0038443640710097513,-1.271740137753566,-0.010136994949321165,True,False,-1.1542727135149347,-0.002339942442757444,1.7534995956447577,0.004235436476629191,True,False,-1.6719599024468978,-0.005960810541995516,1.443894397735924,0.005499738269107837,True,False
8.533324799999999,0.7069088871152602,0.002704597133108056,-1.3157047051405864,-0.007568892088054196,True,False,-0.7765269799282639,0.0009242841174840566,1.226020382790797,-4.2960169828020586e-05,True,False,-1.455768409214355,-0.005143389270336294,1.2089892078442985,0.007830474493046479,True,False
8.5666581,0.7436592399720415,0.008058970155750274,-1.1672839275594349,-0.013592592108514608,True,False,-0.04866957055980703,-0.0005019212674851581,0.39664811915462433,-0.001980003589395202,True,False,-0.5845794300017434,-0.0018567053253402384,0.6613853644686981,0.003177001448444857,True,False
8.5999914,0.6899496178713744,0.008465729469123218,-0.8557143015808203,-0.012599502819595787,True,False,0.7950607913807354,0.004211016432363621,-0.5336062141427451,-0.0067122916360383336,True,False,0.6038442851836127,0.0012831192273066977,0.04510362000671313,0.001420448918204676,True,False
8.6333247,0.5456264786763033,0.00633444203737296,-0.46601178736896715,-0.010181593153590476,True,False,1.456439034248935,0.0068808471986684175,-1.3475808741851665,-0.009709771352695235,True,False,1.6389750108830428,0.004371862044073644,-0.37176627201104673,0.0012627269587404105,True,False
8.666658,0.36085802019885205,0.00028684626984610363,-0.11666510572752742,-0.0001232957168113288,True,False,1.6917779366946366,0.008021105648136607,-1.8882841704193327,-0.009088330129473361,True,False,2.10710199864903,0.006356236690310253,-0.4090685030082925,7.928398909558981e-05,True,False
8.699991299999999,0.2044179078121563,0.0033922269688463954,0.09396694618615223,-0.005066640188434966,True,False,1.4125381987219412,0.008277082142225433,-2.101398315314858,-0.014399782015591235,True,False,1.8189152113079479,0.005860464912916495,-0.048453100539431644,0.0031854451513821723,True,False
8.7333246,0.11268784812743121,0.0037481887313965865,0.1415434188064751,-0.005371067985916934,True,False,0.7219745051599507,0.00147414785055133,-2.032648991063704,-0.006970386759965193,True,False,0.8854513623550038,0.0010173987917248585,0.5608669145113323,0.0049086980980341,True,False
8.7666579,0.06042834418303436,0.0022941152778765423,0.09342440131345162,-0.003896667585055107,True,False,-0.13030280677195769,0.0006693734252083673,-1.788308071141084,-0.010488823474078496,True,False,-0.3303751586854493,-0.001676181239422916,1.164142769280755,0.006219553802740692,True,False
8.7999912,-0.03093663101187555,0.002242853826130981,0.08121413349538532,-0.004305477979852942,True,False,-0.8517347684226739,-0.0008070252883881485,-1.4823046218539722,-0.010659653361477492,True,False,-1.3654192577806772,-0.006520165379493195,1.5040102329895984,0.009127936209150447,True,False
8.8333245,-0.25615871012130714,-0.0018713535211677343,0.24381587898220186,0.001882378935405675,True,False,-1.2180114926181917,-0.0024528290525903905,-1.1950608698421297,-0.005890169041330451,True,False,-1.8441123568037436,-0.006538653509433228,1.4233028540576045,0.008674073984405574,True,False
8.866657799999999,-0.6729293706057604,0.0021826255169842173,0.6604325725740907,-0.004299347037412633,True,False,-1.1473795818178398,-0.0017690643402650853,-0.9566255716588848,-0.007852871286390058,True,False,-1.6220162147299744,-0.004954623341838573,0.9268462243990726,0.006967428839096099,True,False
8.8999911,-1.247735742417864,0.0008493432146480174,1.2928939186661725,-0.0015116370032424169,True,False,-0.7164499385403461,0.0005520874725524533,-0.7538211271370172,-0.008654191274333143,True,False,-0.8293533451795099,-0.003196339853383686,0.17633830883705356,0.0027406859839329387,True,False
8.9333244,-1.8300355831595365,-0.0008390024083689205,1.9662133200526584,0.001384186462319402,True,False,-0.11902035467967358,0.00044307791698781993,-0.5530960711772086,-0.004017721965580675,True,False,0.19425264602589817,-0.000870990045876279,-0.5781144350675365,0.0015223266670553856,True,False
8.966657699999999,-2.1892732205583254,-0.007841393836037481,2.4173844605121837,0.0122164373582505,True,False,0.41303419210847403,0.002620550965353626,-0.3250817649343539,-0.004774710426685958,True,False,1.0396803591963604,0.0020871315142054836,-1.096252310074088,0.001201641843821823,True,False
8.999991,-2.1165965666675755,-0.008872896786466189,2.408766814424205,0.014120347175390442,True,False,0.6987605578271668,0.0046982235056841,-0.0602199480230798,-0.0020328814337681363,True,False,1.3862597153031706,0.0028784256197943456,-1.2328501717066207,0.0010133772363816256,True,False
9.0333243,-1.537424721356765,-0.003402476454827709,1.848929864033777,0.006276836805914599,True,False,0.6775029408688187,0.0043210808478261415,0.22489873473782646,-0.0036932228842199754,True,False,1.1189556877880493,0.001904924060335104,-0.981412716830905,-0.0002914487777127199,True,False
9.0666576,-0.5611822748569428,0.002593919147777234,0.8463291381258674,-0.0032932826170628156,True,False,0.43205974197215696,0.003395423922450314,0.48819257705061697,-0.002043960470918092,True,False,0.3619451699925475,-0.0015147399226161972,-0.46792796534038095,0.0029785894452974667,True,False
9.0999909,0.5596123342071085,0.0024380215152746054,-0.33244881530429177,-0.0032199708028275193,True,False,0.1514186457242255,0.0007051205627942633,0.6728021713281134,0.0009241109331108798,True,False,-0.5813361252482045,-0.0031648123766005527,0.10048091154821374,0.004009947416435633,True,False
9.1333242,1.5241038448821245,0.0028536213168380777,-1.3631814674010985,-0.004005740601219438,True,False,0.04413700159799814,0.0003278857990771428,0.730332880510351,0.0012182323875849746,True,False,-1.3537147393717757,-0.006293522769992684,0.5152552776487928,0.006213498656657207,True,False
9.1666575,2.0774061741119185,0.002953595096200007,-1.9673511951436766,-0.004692661874713063,True,False,0.23956148063845048,0.00027244093323078853,0.6478200778723584,0.002614235858168446,True,False,-1.6827308527996723,-0.00766967903160125,0.6449965107923861,0.0063475096252308206,True,False
9.1999908,2.0801165630108103,0.004248438218820033,-1.9905761146187504,-0.006157451446496843,True,False,0.7225409047342328,0.004404693336978275,0.46087913215898946,-0.0031003864972024785,True,False,-1.4769209812630535,-0.005154560460798561,0.4801448063317503,0.005170456843225535,True,False
9.2333241,1.5538731404721429,0.006663943223544782,-1.453420126926549,-0.009849708146593604,True,False,1.3307068832501017,0.0034682835759704063,0.24323468737277604,0.001679362234309984,True,False,-0.8444155175524539,-0.002794681473419347,0.12459989954287223,0.0012828198852908549,True,False
9.2666574,0.6949452846064529,0.005560115551997506,-0.5648894019499802,-0.00814995917700979,True,False,1.8134756858750345,0.005740058402890889,0.07974006640506481,0.00041207695079776923,True,False,-0.034010972931922887,-0.001999305802694255,-0.2584898545659661,0.0026566872665568283,True,False
9.2999907,-0.17142805184031157,-0.0034763371422315012,0.32797527553554917,0.006086281272617912,True,False,1.9281785505478979,0.007444490598812522,0.03642283072235115,-0.00035068111206023716,True,False,0.6678392390791297,0.00037006353850496605,-0.5167265101588049,0.0009596830608893336,True,False
9.333324,-0.709112375171986,-0.00445783420031679,0.8657983215647211,0.007372072875842139,True,False,1.5378174056901301,0.004664673808198832,0.13582391063212315,0.0003806170610783133,True,False,1.0399359446218435,5.245023596170044e-05,-0.5623662223100674,0.00283619508172277,True,False
9.3666573,-0.7209060232980629,-0.005965582977785057,0.8354328294948814,0.01022202957165353,True,False,0.6734046780811248,0.003339417507441499,0.3441756349984791,0.0002656180641324981,True,False,0.9957194148376324,0.0018030032765475538,-0.3952618251813811,-0.00045231797271492763,True,False
9.3999906,-0.24763477929647684,-0.000739203039324216,0.27667209236528645,0.0016902081937626864,True,False,-0.4657225019048078,-0.002279009715310659,0.5795973446086488,0.003313893137242373,True,False,0.6025586526381829,-0.0014559308403061686,-0.09615729131978568,0.0037466053892167635,True,False
9.4333239,0.4460540374084237,0.0019922854552532226,-0.5286813109226984,-0.0028873416654154336,True,False,-1.575992044918632,-0.006029392889935002,0.744938112011624,0.005006843671478939,True,False,0.049922807762259123,-0.0012538337749228344,0.20266124373974323,0.002144120157737722,True,False
9.4666572,0.9937562767469311,0.0030562325522821604,-1.1828807002799928,-0.005209058992023555,True,False,-2.3526155114351606,-0.007704353170869859,0.7730711222904337,0.007476072622195689,True,False,-0.4208351939777147,-0.00015687992047910853,0.36101158395727007,-0.0006363289096690096,True,False
9.4999905,1.091968568179621,0.001970601244606336,-1.3481764524810518,-0.004167580684979761,True,False,-2.590487980168239,-0.006856063688015531,0.6585893105049707,0.003369769390798447,True,False,-0.6039374178620126,-0.006367377911774988,0.279957665973583,0.006882885436572963,True,False
9.5333238,0.6298012091806302,0.00019590744683748457,-0.8908237758053731,-0.0011512944240895829,True,False,-2.247974475381465,-0.007961961489752598,0.4540681968953426,0.0013656269277888496,True,False,-0.4082914367256608,-0.0021711974605449972,-0.05475370890144409,0.0004269911420415954,True,False
9.5666571,-0.26409794024346306,-0.0011412636215898954,0.06135493353267268,0.0016649772760852445,True,False,-1.457955530912611,-0.006585963377474524,0.23413040547504532,0.0038767118172087956,True,False,0.10175977794969433,-0.0007653583396451455,-0.5536986036656673,-0.0008881158601457644,True,False
9.5999904,-1.2661512375518076,-0.002120555767750015,1.161566573318704,0.002806081136102334,True,False,-0.48561634315525504,-0.0029057147207765836,0.0543109173047003,0.0021098611546366583,True,False,0.7265662782046322,0.0004549291332310666,-1.0460025324904483,-0.0017123447177033386,True,False
9.6333237,-1.9764075302137878,-0.006776621038515736,1.9699250471676866,0.010844310504580533,True,False,0.35848448235692115,-0.00024830914311636484,-0.06923711307513461,0.002768914368646509,True,False,1.2077706631604161,0.0019697652447660976,-1.3385854282925735,-0.0022531286362174755,True,False
9.666657,-2.075118583907033,-0.009670687901200261,2.1240544825283387,0.015376106635505565,True,False,0.8273333968128074,0.0033052306098211256,-0.1526031194469245,0.00375140990210956,True,False,1.3308027435088943,0.003385685677371899,-1.2893073246906988,-0.00432635572430621,True,False
9.6999903,-1.4599287319427063,-0.008316438970882693,1.4927278660632124,0.01366332190511388,True,False,0.828688917651641,0.0006623889555915403,-0.2202732018052723,0.003301213595373369,True,False,1.013554493572853,0.0032910078410249496,-0.8673276872472394,-0.003683617906367107,True,False
9.7333236,-0.2965219558411548,0.0008156983398250453,0.23981109429817998,-0.0011783083123172251,True,False,0.457198603048503,0.0005490229526430345,-0.2823918762661758,0.0014074995776725697,True,False,0.34530439941267405,-2.762576571332428e-05,-0.17598106499473842,-0.0002703134041950697,True,False
9.7666569,1.0504543107934703,0.006189892348654935,-1.24050705557132,-0.009660724970557654,True,False,-0.05079658827030363,-0.003494234485919474,-0.3270175225162925,0.002227408981083283,True,False,-0.4437052322860135,-0.0020883155571204135,0.5776822643440271,0.002232290857357222,True,False
9.7999902,2.1675396328659433,0.0053507852907890945,-2.4820917657285957,-0.009003969409106534,True,False,-0.4210608918303815,-0.005415282378386406,-0.32966172885156886,0.005310524345830802,True,False,-1.0720057477784533,-0.002510338891183585,1.1594108375935679,0.002483187695259002,True,False
9.8333235,2.7377168617037477,0.0019300462077969098,-3.1117230434463177,-0.005530167428902599,True,False,-0.45631408794613665,-0.0030133300475861523,-0.27371583515713765,-0.0025269410317418336,True,False,-1.3186626980165728,-0.0046615831630041835,1.3986881446427346,0.004983474834845119,True,False
9.8666568,2.6199127457566296,0.004827877873822339,-2.952519233442592,-0.00877159423845338,True,False,-0.1116360787755853,-0.0002755313525536862,-0.17056173368064412,0.0006818637330054303,True,False,-1.1115656627023163,-0.003496307169142443,1.2551148807647763,0.00365878742303966,True,False
9.8999901,1.8633401564685381,0.005350308915188895,-2.0553776624217823,-0.008760644138017477,True,False,0.4945392427302245,-0.0019814886384484525,-0.06191478974445223,0.006000106059979334,True,False,-0.5568937490402182,-0.001176578490253656,0.8316331528133791,0.001217090662497755,True,False
9.9333234,0.6828279812596483,0.002569948271167177,-0.675833225104821,-0.003974208640661869,True,False,1.1269387568350768,-0.0008492501241423575,0.006204367596102097,0.00574298422290283,True,False,0.1033342173552751,0.001638741468401627,0.327991681091817,-0.0021681279464680144,True,False
9.9666567,-0.5979207882772547,-0.001152960576182417,0.7972000177657058,0.0025057459800216495,True,False,1.5179369195756047,0.002611613947240484,0.01977040935054741,0.004537381270995549,True,False,0.5888011996793676,0.001577699761005409,-0.04388810890844379,-0.000979939554858063,True,False
9.99999,-1.6402165145502594,-0.008283071475087125,1.9593219947812737,0.013783325609118616,True,False,1.4694102136381195,0.005036441597422913,0.007729831224746108,-0.0007500131508678285,True,False,0.6929963643522662,0.002307849557727375,-0.14274771610492698,-9.602377543470447e-05,True,False
10.0333233,-2.20266666310029,-0.009271024240252073,2.5278187349101877,0.016064984975856945,True,False,0.9397856034418391,0.00224907919834693,0.01487395389804712,0.00175399399022615,True,False,0.36623882885701015,0.0028628314946608033,0.05336632038953514,-0.0017715717776609176,True,False
10.0666566,-2.2214521599100703,-0.005156089441555499,2.439419283146591,0.008998576829237511,True,False,0.07345675341041992,-0.003715962644147621,0.061338172254827364,0.004389037580612622,True,False,-0.2605018804878867,0.0002782322534780323,0.4429333079641169,-0.0013935935683797238,True,False
10.0999899,-1.8135392465578635,-0.002923177114821773,1.8563770847544832,0.004685313384187023,True,False,-0.850147645594986,-0.0047917144880710106,0.12219514294046328,0.0013465948496586846,True,False,-0.9217304307294419,-0.0022375931805325997,0.8382125909516603,0.001541081280733715,True,False
10.1333232,-1.2059098217891095,-0.003611796854748816,1.0804895334774012,0.005135642675926155,True,False,-1.5259000226761348,-0.006780691138938312,0.1387050859227728,0.0031877568035418454,True,False,-1.3202131142901334,-0.002135014534751372,1.0358506529891365,0.0013545608765546332,True,False
10.1666565,-0.6375606012838138,-0.005398295301364182,0.42550786694120957,0.005658643462591287,True,False,-1.739122623606579,-0.007058996698531997,0.05136334611849141,0.0022555248263882214,True,False,-1.2486303401708942,-0.004209283943370671,0.9013215983634946,0.0031214365994442746,True,False
10.1999898,-0.27836520523416564,-0.0007842362619544509,0.10366086271836783,-0.0001041014700018749,True,False,-1.4413789153783567,-0.006724903517070724,-0.16225174269019002,0.003301088633141666,True,False,-0.6807497362979607,-0.0018287738689612087,0.4334356961733546,0.0018449224297667367,True,False
10.2333231,-0.18034431877664198,0.001686665779889879,0.1571988595786803,-0.0035147854657258497,True,False,-0.7614790949732098,-0.0029276797746277815,-0.46322203422014707,-0.0013632640151271234,True,False,0.20859255677002825,0.0009389156366961882,-0.22540785122268617,-0.0019528971491122504,True,False
10.2666564,-0.26716635845727543,-0.0008754660989534501,0.4511433162914329,0.0025346871524460045,True,False,0.04835742890377085,-0.0021826325635938113,-0.7553825481644613,0.0007757534624992388,True,False,1.108393183896222,0.004635756458193729,-0.8462643137230952,-0.005401770131376973,True,False
10.2999897,-0.3731697754585736,-0.0029114934678177965,0.7367056316815926,0.00491461778133007,True,False,0.7096869866324645,0.0016991917396073906,-0.9197123759375219,-0.003292081932469318,True,False,1.6966993044978205,0.006542857975658026,-1.214539638088564,-0.00576272879189769,True,False
10.333323,-0.3269100101708388,-0.005477595094515107,0.7681545212143653,0.009788217892110648,True,False,1.022257726013926,0.0029099177519201656,-0.8658577714384328,-0.001654610826870208,True,False,1.7708553905466398,0.004084813786497168,-1.2234880381154056,-0.0023851717978420643,True,False
10.3666563,-0.03807141979736883,0.00023026958791890116,0.4180853069517115,-7.344023773961621e-06,True,False,0.9361272429968537,0.002164427901554165,-0.5789006076918354,-0.0015154466900545224,True,False,1.3257315737877016,0.0049528008621447,-0.9147572060079434,-0.00409104822803466,True,False
10.3999896,0.46434981769853234,0.002575257651675345,-0.2700642046952677,-0.0036651390698953287,True,False,0.5620638117503469,8.555558870645372e-05,-0.1394470449230625,-0.0013017531726491137,True,False,0.5504262504852393,0.0012962839641312688,-0.4535556476730868,-0.0011535109896476476,True,False
10.4333229,1.058785924516262,0.003598772374370621,-1.1120907417258283,-0.006369211368990966,True,False,0.11523908669589587,-0.0008508758434379749,0.29699627250071015,-0.0001946181918357843,True,False,-0.2504568996098062,-0.0006735957484426685,-0.056240669275875566,0.0005783942947480072,True,False
10.4666562,1.5913856214398194,0.004774577258334438,-1.863926264733271,-0.009279176046897358,True,False,-0.1827861808035539,-0.0033251991430818893,0.5611476653908661,0.006216390773416691,True,False,-0.7784062636868861,-0.0021385081278790497,0.09910898081195507,-0.000661367154715439,True,False
10.4999895,1.9269088634061395,-0.000851722117235991,-2.3055541628273204,-0.0021629395748403372,True,False,-0.19986063221202552,-0.0015571575411027325,0.5505809113207251,0.003909462685199774,True,False,-0.8589256656653889,-0.004234502954088405,-0.05316008890092458,0.002774349934871666,True,False
10.5333228,1.9763267506984752,0.004432511246649608,-2.303231752557647,-0.010180683759230674,True,False,0.05462381867341896,0.00011578559798696571,0.28887851292243394,0.0014495082873091194,True,False,-0.5090397711488613,-0.0021124733738028577,-0.43531297356591736,0.000956816831983242,True,False
10.5666561,1.7171715217942392,0.007514147918448575,-1.8511224494772593,-0.013294824705542527,True,False,0.4405625610850311,-0.00015811768072215168,-0.07478330640388872,-0.0007726722904474239,True,False,0.07532609591786929,0.0010428584780432008,-0.8551078287403862,-0.003003733582142174,True,False
10.5999894,1.21429289174781,0.005464578603792706,-1.0883782469620982,-0.009853821381162788,True,False,0.7514647655342402,0.002219433996540684,-0.3304463228146203,-0.0017031253459480213,True,False,0.607583800347736,0.0030732103046874357,-1.0885907438518507,-0.004632350960699384,True,False
10.6333227,0.6152844070535841,0.0008675993370875928,-0.26559710688194693,-0.0002058284067958073,True,False,0.8032817651218714,0.0026569451093010604,-0.30404535400250504,-0.002807856553182087,True,False,0.8321255290093339,-0.00037984863954332093,-0.9799285108072776,0.0009103890992636813,True,False
10.666656,0.09341921107331957,-0.004644499071166732,0.3543599697871932,0.007967960460442916,True,False,0.5127444066642866,0.0009221795531382622,0.06106998111680523,0.0002554101981544299,True,False,0.6235042631056407,0.001216279643642461,-0.5081341393272315,-0.0009267500858339029,True,False
10.6999893,-0.24066559941939172,-0.0038457572159181276,0.621224586665175,0.0063903379757454795,True,False,-0.06482851571429615,-0.001074260372084098,0.674158754202311,0.0023662396126946706,True,False,0.027694694207929468,-0.001298798558282457,0.20729849887575674,0.004548658778741011,True,False
10.7333226,-0.39434263890052507,0.002052720980799242,0.5675235280680976,-0.004462920922814698,True,False,-0.7523915432950894,-0.0014571679156708303,1.3301136026701181,0.0029596526493367147,True,False,-0.759400386416423,-0.0039188623637444785,0.9546713857657871,0.005504544500096371,True,False
10.7666559,-0.47106305768000634,0.001587721097979057,0.3744041881225185,-0.0047182029463418975,True,False,-1.3156212503560163,-0.006185287302923832,1.7904208608163994,0.00974543067826015,True,False,-1.4618610439092632,-0.004943077109489263,1.505122410572928,0.006737499257543087,True,False
10.7999892,-0.5928097038295375,-0.003335878379412437,0.2620007639210932,0.002672263383222022,True,False,-1.5507389304899275,-0.0057828399937443885,1.8779994932324187,0.006806532978077973,True,False,-1.817660201922932,-0.007267343009080866,1.6852572051052903,0.008558158215883913,True,False
10.8333225,-0.8276370314649427,-0.0025388770988325152,0.3792308729764914,-0.0005081046550546174,True,False,-1.3620783921273445,-0.004326118142695958,1.5447232592025875,0.005565631603640314,True,False,-1.6667351534792576,-0.0063830826510472595,1.4262455951150972,0.006794763478172238,True,False
10.8666558,-1.1602491281055372,-0.004206783901687228,0.7450659242162823,0.0035716971730475255,True,False,-0.7986966071142022,-0.0032653894043867737,0.8821309376611288,0.0013635480057103,True,False,-1.005870006691214,-0.003958744599144048,0.779759651042802,0.0052677924758749,True,False
10.8999891,-1.502156256204777,-0.0027159673014573718,1.2477378259135883,0.0017437397429937963,True,False,-0.03723655227240466,-0.0013633111729597891,0.07590072771453289,-0.0003330865850749416,True,False,0.005305096949790225,-0.0032284608781026868,-0.09847249617681314,0.004762265101326208,True,False
10.9333224,-1.7245910394397599,-0.0035619403086674458,1.688136194699686,0.0036435519720079625,True,False,0.6802805563559352,0.0007863296351465396,-0.6677133846332413,-0.0015107823358866985,True,False,1.087073036625899,-0.00042084575907865344,-0.9897618636623281,0.00025359584793097886,True,False
10.9666557,-1.7055380369955062,-0.004319090531331856,1.8538768272569033,0.00577688476414976,True,False,1.1318355238287214,0.0029493746939458667,-1.189931522328855,-0.0038582629220120365,True,False,1.919470275917955,0.0008231432550683377,-1.6677304358929121,0.0008439737862542068,True,False
10.999989,-1.3834427639244797,-0.007888684401185524,1.6065595217929518,0.011815969615369614,True,False,1.195574919747753,0.0032915503727257655,-1.4211161597348507,-0.005268488974332725,True,False,2.2411857910451767,0.004073801931014673,-1.9564452791822855,-0.0007929311817093982,True,False
11.0333223,-0.7960482727034265,-0.0022751689813670876,0.9494155982587815,0.0032245562197156974,True,False,0.8949589865908146,0.0010240252380657616,-1.3892954606088823,-0.002855438806247104,True,False,1.9415996261016164,0.0010240797110993894,-1.7795843508707045,-0.0006620366330016176,True,False
11.0666556,-0.07539835172236543,0.004591991347794309,0.036435756268498855,-0.00909872449551944,True,False,0.3891303561040552,-0.001106952003374807,-1.198112092283246,-0.003353218040129352,True,False,1.1131396832353093,0.0012954268031316952,-1.1887319312163453,4.061381261138161e-05,True,False
11.0999889,0.6038340345594176,0.002711498271570282,-0.8854857976817904,-0.006512149931270942,True,False,-0.08874695237691912,-0.0014421571449135726,-0.9844886561221756,-0.004053376148435076,True,False,0.0370122717689912,-0.00324986386022584,-0.3584964453430683,0.0028565506307736137,True,False
11.1333222,1.0854783666314312,-0.00048590563554932266,-1.562425483081883,-0.002261983572131338,True,False,-0.3206849697740476,-0.0023769317817973067,-0.8698870988080746,-0.002302120272237379,True,False,-0.9031291865501657,-0.005464716116104134,0.4604174629937237,0.004566729932950843,True,False
11.1666555,1.2659423409752026,-0.00020268585488743244,-1.8023637561079848,-0.003264679800577449,True,False,-0.18849025312041826,-0.0033495809225904893,-0.9164765836107199,-0.000556624266598016,True,False,-1.3568606502614262,-0.006419409057312869,1.0254554280174417,0.008282599274582803,True,False
11.1999888,1.1074661638844796,0.004427741724635509,-1.522031471933947,-0.009456718889629123,True,False,0.2742904861045099,-0.0021410407825752376,-1.0988387166927698,-0.0027202915582566637,True,False,-1.145703217014459,-0.009329538716834382,1.1978850774624716,0.010236024852724693,True,False
11.2333221,0.6562558315162419,0.006131236127072649,-0.7861884297313922,-0.012133479457488813,True,False,0.883697932489527,-0.0008058830495370988,-1.304670853273401,-0.0007215841078728739,True,False,-0.3485251440623229,-0.004960024489385751,1.00655722334731,0.008670146675714616,True,False
11.2666554,0.057992978474830224,0.0008009338260198316,0.17713829776708614,-0.002336900331391891,True,False,1.3675556710166277,0.0020809047218679263,-1.3731289229017125,-0.005525451137048651,True,False,0.7110554577068415,0.000542126325223716,0.6392477819505881,0.0024022285096790994,True,False
11.2999887,-0.46834863585480424,-0.0031236169842454252,1.0284271972305736,0.007624777779488642,True,False,1.4730516040650115,0.0037197473995535073,-1.1620722045456973,-0.003935798526022723,True,False,1.5812467385006577,0.00021898863176425485,0.3556805239314732,0.0035008423151250932,True,False
11.333322,-0.7134843704472338,-0.002970508521464589,1.444629520058412,0.007270178084843048,True,False,1.0780560761345288,0.003295597525925943,-0.6154660852933511,-0.000659753365933831,True,False,1.8587142610244651,0.0014162363739876264,0.364592905854722,0.004287073853463826,True,False
11.3666553,-0.5778651242506343,-0.004412736534860541,1.2656153443469342,0.009907647287321948,True,False,0.2529221990225206,-0.0028245152685844395,0.20296007086916404,0.003921775323867594,True,False,1.3543854236004178,0.0040654874442651225,0.7276347239303704,0.003732526428473608,True,False
11.3999886,-0.12521130217104146,0.00045884243197123547,0.5731806179434361,0.00026312643568529283,True,False,-0.7615801746934211,-0.006347760558830215,1.1252992524201912,0.005474837033684546,True,False,0.18310420882877712,-0.0009101790509164188,1.3316144795369844,0.006416295620047027,True,False
11.4333219,0.44616343348957666,0.004323268322387298,-0.34563079409108766,-0.007292766234950593,True,False,-1.650048306888754,-0.008428597239741757,1.932992681229826,0.009090740465433992,True,False,-1.2650598820046612,-0.004918052403442488,1.9346470803956435,0.007157264215008426,True,False
11.4666552,0.8968270973250303,0.001442251980040506,-1.128772018268058,-0.0035898898060051257,True,False,-2.143324027727938,-0.008216143145633889,2.424329346175176,0.00867623648371732,True,False,-2.4730879384464863,-0.011215767408985871,2.2642421682851017,0.009087319753512993,True,False
11.4999885,1.0507625847643591,0.000508337314753913,-1.4917527726539508,-0.003433507140113549,True,False,-2.111481339253145,-0.009721780328809259,2.475282562095445,0.01258789776691966,True,False,-3.008696475308858,-0.01044237972444729,2.1279950489160835,0.008504030016391679,True,False
11.5333218,0.8641248032043376,0.003257202091244761,-1.3356676749187577,-0.006857993341395858,True,False,-1.599111437425424,-0.007162012484661853,2.0789262988499133,0.008712841530425798,True,False,-2.7037866139154354,-0.008644600082093282,1.4918054276490065,0.004977199300959991,True,False
11.5666551,0.44136604073526203,0.004071784210687497,-0.7797883427006607,-0.00832981875924073,True,False,-0.7987936816647652,-0.005313878604411666,1.3515035333483083,0.007541082354793197,True,False,-1.719179853620293,-0.005245978284902376,0.49349414038001893,-0.0006437059622595855,True,False
11.5999884,-0.003610528272341343,-0.0014045190017145663,-0.11194545677616402,0.0021675550312909076,True,False,0.023196231533498632,-0.001425156436239936,0.4995663139909626,0.0033608780594591545,True,False,-0.4698626788748997,-0.0010921470996254367,-0.6101647051637868,0.0006235211575636657,True,False
11.6333217,-0.23803731926132657,-0.002770155168433384,0.3347365696763445,0.005077458823884633,True,False,0.6213649661989773,-0.0014414025067158904,-0.24402251600194022,0.0014012357314966578,True,False,0.5508690384946694,0.002429893624630282,-1.5363428866835804,-0.006617023217531398,True,False
11.666655,-0.1239383014282299,-0.0032522635678868404,0.33699633740352186,0.006233348758152933,True,False,0.851870893370243,0.000780167691994363,-0.6940020995281722,-0.0028600201924981884,True,False,0.9718782850332363,0.003213665431076622,-2.072763560968283,-0.007038541891654352,True,False
11.6999883,0.30381534152125955,-0.002483216194319671,-0.10663986297944644,0.006062558086710421,True,False,0.7126309193286468,-0.0016131723424415217,-0.7698984717594506,0.0027546598017363926,True,False,0.6885132628165475,0.0026920272288488696,-2.1457185887536774,-0.008569481018769433,True,False
11.7333216,0.8470840161564395,0.005831397127520513,-0.7729435675890304,-0.00878356947336392,True,False,0.3322395331966742,-0.0008858389685467712,-0.5165686859500956,-0.0017457327104796875,True,False,-0.1038271162625185,0.0011721309944299158,-1.8350413958550853,-0.006781709114001807,True,False
11.7666549,1.2420627279292047,0.006449387936546582,-1.3257427485150677,-0.010727444487216655,True,False,-0.08471457620376051,-0.003120863813559125,-0.08369679426686026,-0.0005428853627826378,True,False,-0.9971987533239256,-0.0016655392498991603,-1.3288941659159141,-0.0044917949877099905,True,False
11.7999882,1.2848087946726527,0.00033554816859634426,-1.4755659681015532,-0.0013198468911002623,True,False,-0.3361763985735091,-0.0018600385527777076,0.32893139958013484,0.0023149419599180756,True,False,-1.544174781793851,-0.005200541010546482,-0.838305825903004,-0.0036613931732400835,True,False
11.8333215,0.9102578939830926,-0.0014769604849688227,-1.0965126105810354,0.0025559669385899456,True,False,-0.3004116836960891,-0.006076958971707459,0.5479641685276385,0.00951426418304392,True,False,-1.4461720665402604,-0.0037813143936591066,-0.5117410761747637,-0.004141345200463871,True,False
11.8666548,0.19804169449143813,0.0006707835033240657,-0.25730309430301473,-0.0014134331718236417,True,False,0.012929211911875174,-0.0024558241877118995,0.49803457316197675,0.003292137887423802,True,False,-0.676243909902142,0.0011340035748902578,-0.3880634155174447,-0.0037500507273238465,True,False
11.8999881,-0.6688589984289764,-0.00047057711906568203,0.8158085431300003,0.0014198079378648495,True,False,0.461997387388498,-0.00030750789211045045,0.22851575315872527,-0.0003445312587330862,True,False,0.5167235576607143,0.00301526570975303,-0.40371447254036413,-0.0049895262390449585,True,False
11.9333214,-1.4630241819103411,-0.005904788451915935,1.8148199637560685,0.010965057222242064,True,False,0.8297858903473494,0.0010955713983063454,-0.1240755288936795,-0.00031678125398775707,True,False,1.7188305019917975,0.007248495541347517,-0.44299921035475165,-0.005258550411934361,True,False
11.9666547,-1.9800825980682528,-0.005444943188526367,2.449856758655002,0.011487553652757408,True,False,0.9179076242591271,0.0018664061579699914,-0.4124070316512344,-0.0021429145695243384,True,False,2.5235167479595892,0.010092510898028371,-0.40327590801859076,-0.00567259768397883,True,False
11.999988,-2.104972712956237,-0.007969755746119273,2.5517700055411456,0.015291421167780348,True,False,0.635486889177916,-0.00026488211363402133,-0.5453278884983123,0.002397743100235024,True,False,2.6928396634587206,0.010083016195699067,-0.24408510597154484,-0.003563357733566304,True,False
12.0333213,-1.852387893468341,-0.0069906601865619075,2.137177167397193,0.012825222500241854,True,False,0.04475901051683153,0.0005387446367130506,-0.5157121642756557,-0.0029003656722088734,True,False,2.244333978227805,0.009119051857599541,-0.0010648231376857668,-0.0018911469628025267,True,False
12.0666546,-1.3571629906133595,-0.003815460047087762,1.3992826937210479,0.006144048712554188,True,False,-0.6551250522876029,-0.00410458278382234,-0.38977431011697844,0.000542980726740397,True,False,1.4306174231727842,0.005447299811163926,0.2337437585218966,-0.004689192082746005,True,False
12.0999879,-0.8117263465562101,-0.0008581328805525108,0.6203818930357173,0.0006636218069579702,True,False,-1.2010003770709383,-0.004673790393768738,-0.27259686293856933,-0.0023236169453746125,True,False,0.6234919950014474,0.0020543505894593805,0.34946211190012777,-0.0027978961718087424,True,False
12.1333212,-0.3780262748394922,-0.0021450103848907258,0.044920139676996394,0.001669555569880294,True,False,-1.3685041665061832,-0.00611551740053492,-0.26327643037115184,0.0008759215045397887,True,False,0.15603004060415646,0.0031367245481367214,0.25776291751375724,-0.0019841654547453486,True,False
12.1666545,-0.11918509412986493,0.0004961353434985821,-0.2235946478240117,-0.00222226700705501,True,False,-1.0637124733543994,-0.005165886945767549,-0.41220775070867544,0.000851630519483343,True,False,0.19230059424151233,0.003760324207462446,-0.0705955806810258,-0.003847634357602284,True,False
12.1999878,0.014588555096096864,-0.0012146496520877928,-0.251773298678811,0.0013932294630595744,True,False,-0.36418710602008764,-0.001913069958588311,-0.6969351393922937,-0.003896187249905058,True,False,0.6740079168832087,0.005085067056384308,-0.5842065520704619,-0.006917395281237354,True,False
12.2333211,0.14155629847167395,-0.0007811227747220385,-0.22140342025262866,0.001270997763255485,True,False,0.5097890097934986,0.0018514674565335437,-1.0297800744508507,-0.005256134635252644,True,False,1.3530017008013087,0.004955051882570845,-1.1528971380909296,-0.005528354301151686,True,False
12.2666544,0.37048240530649723,-0.001264159184435093,-0.32121689341685883,0.0028495198205255204,True,False,1.2816595810558054,0.005097687786574866,-1.2929204199390492,-0.00462651139380717,True,False,1.8879856637966888,0.007709866218040705,-1.5933198711278296,-0.005323612068307479,True,False
12.2999877,0.7307635901912258,0.0003109421888171208,-0.6412219137811461,0.0006358866500055236,True,False,1.7236517940892,0.002903078506330912,-1.3806999750585671,-0.00221865340834315,True,False,1.9718232774525408,0.007258082796212625,-1.7165211132677096,-0.006852717658636468,True,False
12.333321,1.1491651375831748,0.0034780586604005394,-1.1240721597492953,-0.004563702737278466,True,False,1.7362089706348576,0.006038328911384709,-1.2332764528609024,-0.0062072432634852695,True,False,1.4509392306845716,0.007528067300737072,-1.3961089608644819,-0.010221710993050552,True,False
12.3666543,1.4860497291897898,0.005474425476894631,-1.5973164067815993,-0.00970480261129734,True,False,1.3750830350212104,0.004935280858273398,-0.85880931498436,-0.004584546017650663,True,False,0.39545781142556097,0.0052707370532981464,-0.6389950762557589,-0.007279566874198138,True,False
12.3999876,1.6080938730847014,0.004808884862104684,-1.864289535777167,-0.009042268657135226,True,False,0.8211809268880509,0.0019905643467473997,-0.34100414539369,-0.002827099234213082,True,False,-0.9135710435939709,0.00022500141161829645,0.3840310429070582,-0.0027825167080372153,True,False
12.4333209,1.4534232906132685,0.003935814990236471,-1.799182901224881,-0.007581780617920154,True,False,0.3044291201501675,0.00018478165744636584,0.178848529102259,-0.0019106473539050712,True,False,-2.086963402258981,-0.004036330548573004,1.3862427073511734,0.0018780778124582041,True,False
12.4666542,1.0551211432614307,0.0014063786815411042,-1.3969412274615722,-0.003693825977698931,True,False,0.008895626750577208,0.00040143027213302416,0.5508409375097395,0.001734355489273496,True,False,-2.7852705650339473,-0.008970680536322493,2.083932293639626,0.008332544351701316,True,False
12.4999875,0.519954988782511,0.0006079393774959453,-0.764097522309639,-0.0016244237966297611,True,False,-0.002394400412014301,-0.0009215490043899462,0.6826794860765368,0.003999344834664934,True,False,-2.860083388971055,-0.005486436841756042,2.3254637483139424,0.003731114748193063,True,False
12.533320799999998,-0.015750532934093838,0.0028145628404992965,-0.07064209046547236,-0.005198632950963845,True,False,0.18938468677678735,0.0013656956561779283,0.5909868102534734,0.0009005467184114925,True,False,-2.4068516897802974,-0.0020588452989885463,2.154905166584133,0.0019247154451700603,True,False
12.5666541,-0.42986444350155595,-0.0008663352656074946,0.5092886939472858,0.001554251458517714,True,False,0.3979161467222731,0.0037212961259333512,0.40390820927340304,-0.0013406196734290672,True,False,-1.705153233541355,-0.0023204402544092285,1.77528596987614,0.0021629185153443325,True,False
12.5999874,-0.6493004153630554,-0.0008064911935441586,0.8526019916342255,0.002081199088171676,True,False,0.4158914986117275,0.0018233592234157283,0.30524729001420675,-0.0014985158485997187,True,False,-1.0855004921410405,-0.0007270025641610982,1.439292222675419,-0.0008943396156250893,True,False
12.6333207,-0.6743332983777981,-0.0022683660455224013,0.9297413999460358,0.00415816557948275,True,False,0.10738738232473458,0.0015199181269290652,0.4455885618264429,-0.0014924497963209567,True,False,-0.7910997964217646,-0.0003391615701658829,1.3299056040580954,0.002133609956362015,True,False
12.666654,-0.5829424848664755,-0.0026767194481952493,0.8188215112735984,0.005369995448447596,True,False,-0.5290469207739289,0.0010669762883516606,0.8645411487528538,-0.0005127907045999372,True,False,-0.8893978121982558,-0.00020470596821105225,1.4855168711725664,0.00129816148374471,True,False
12.6999873,-0.501229090699292,0.0007570462183949408,0.673646306035842,-0.0011739416257223665,True,False,-1.3490047497011992,-0.0023259224776079586,1.4609010361233092,0.002611447578502238,True,False,-1.2593109137435006,-0.002154296837694299,1.793649669486335,0.0024564443183486403,True,False
12.7333206,-0.5411682577422219,0.004211415902251442,0.6476357888871772,-0.007183259139411687,True,False,-2.1068963756336747,-0.004908674890941263,2.0248309617199713,0.0044304015322475885,True,False,-1.6522692425289205,-0.00546903067804245,2.0460395784369156,0.006107285351305865,True,False
12.7666539,-0.736900692142943,-0.0010988891533833226,0.8110823960148625,0.0013552956595819063,True,False,-2.543026666780016,-0.004919814167607452,2.319916668449874,0.004814694686572874,True,False,-1.7984812892827013,-0.0026579643024953865,2.025833923875515,0.0024036101676884487,True,False
12.7999872,-1.0244724948581918,-0.005099481228061924,1.11589299916591,0.008216556294290928,True,False,-2.4823890888117504,-0.007594919722664698,2.1821059685624,0.008230871183436465,True,False,-1.5132587053299913,-0.003060492723241438,1.5902687099218644,0.0005943534873020399,True,False
12.8333205,-1.2793254996883332,-0.0037360729339545183,1.4285490911273566,0.00614266505514372,True,False,-1.9066171745991833,-0.0038362717465261114,1.5935194090849334,0.0023970459858474527,True,False,-0.7651067158158843,-0.0008711588964874864,0.7230163596452043,-4.805291423889563e-05,True,False
12.8666538,-1.3773573535658465,-0.00031470929960136416,1.5968166853648325,0.0005441474148329632,True,False,-0.9678545448781396,0.000803385608942351,0.6965424356853179,-0.0034435809907829465,True,False,0.31052941561164055,0.0003259063497430536,-0.4506939990721355,-0.0018484042027113745,True,False
12.8999871,-1.2369864883892847,-0.0008358182191644069,1.5031218659962968,0.001812440244537405,True,False,0.06344524949549586,0.0022212591045138504,-0.25919030702860835,-0.0035597132111993145,True,False,1.4510194026228591,0.003227009811116165,-1.6866088651444344,-0.004701972341207525,True,False
12.9333204,-0.8347830125424907,-0.0008513813952061263,1.0930482924075033,0.0016265327330875039,True,False,0.8946883331829933,0.005623427645925838,-1.0102267021106393,-0.007851845803923183,True,False,2.34995189337809,0.007946999462577186,-2.68506813429631,-0.012206795969849,True,False
12.9666537,-0.21186388424648583,-0.0034309083388547297,0.3933261766373789,0.006103046903014304,True,False,1.311915491383408,0.00626954441970038,-1.3716209465795477,-0.008504549432286956,True,False,2.762049414889297,0.0062282444537661436,-3.1882994267941447,-0.008652208527622218,True,False
12.999987,0.5255331522098488,0.0011627868267478575,-0.48062346092246266,-0.0019087280868396795,True,False,1.2492305042313168,0.007586782951385443,-1.2957054564621584,-0.009168220861413418,True,False,2.593847413841165,0.007860189569758558,-3.0797841261309724,-0.013011687945865569,True,False
13.0333203,1.2281968650087478,0.0074923520800016415,-1.3481714888489786,-0.013170742734151211,True,False,0.8049558142042665,0.0036214068229845258,-0.8812687067294365,-0.0047361578028835335,True,False,1.9442901753257058,0.005334044530016998,-2.4424350040886056,-0.008733110947005865,True,False
13.0666536,1.7529866408553854,0.0060905456104007214,-2.0229329348752882,-0.011174090991074513,True,False,0.20058445618504872,0.0033319686900719655,-0.33390320139020063,-0.0055978288195928,True,False,1.0760875117453235,0.004054848518795191,-1.5440219273760765,-0.007702109796438031,True,False
13.0999869,2.009724910879312,0.004226956326854722,-2.374794909973226,-0.008400174978024578,True,False,-0.30103370421605485,0.0017595833014498942,0.1053491876131222,-0.0035623839636932894,True,False,0.32229184549909934,-0.0006725855375550619,-0.7444836866597402,-0.0010810313686106512,True,False
13.1333202,1.9731870136675018,0.002179520756063425,-2.355061996808702,-0.005290458084984333,True,False,-0.4879559522182338,0.0011505991026628769,0.2382259639236978,-0.0025714213356729547,True,False,-0.04198573063347503,-0.002217390009598842,-0.3541009597528742,0.00024269950777226721,True,False
13.1666535,1.6647478844612684,0.0010098956344852012,-1.9850001994087352,-0.0028941154620672066,True,False,-0.2716429786533034,0.002163447864959791,-0.027213390439465152,-0.0048216045345557184,True,False,0.08918300467049438,-0.0006481883377205415,-0.5027717450915186,-0.0014329164739251491,True,False
13.1999868,1.1393361901129047,0.005544696421492407,-1.3428575240710718,-0.010155794212141094,True,False,0.28133478565362935,0.0017033702267132565,-0.6429124209077,-0.004404267025987056,True,False,0.6108677209592522,0.0025913154608923376,-1.0839202491048594,-0.00505235517646814,True,False
13.233320099999998,0.4976399841488554,0.0044071999019199,-0.5701642549580698,-0.00816843992594615,True,False,0.96884208769314,0.005009709708937847,-1.4268536806161487,-0.007141568622118826,True,False,1.2554622151062205,0.0025387383038105245,-1.800247521376149,-0.004977555663990313,True,False
13.2666534,-0.10205163308020453,-0.00043481651261793647,0.12801254926223574,0.0005615588722436762,True,False,1.5226725265414756,0.00624605530704575,-2.112725131981966,-0.009114821918905837,True,False,1.705800972505425,0.003844015397438531,-2.287401893828153,-0.006767937574698086,True,False
13.2999867,-0.47680285020196955,-0.005328837759715292,0.5324308390377984,0.008763903707757039,True,False,1.7101199856465288,0.009143752986263944,-2.4370434411223605,-0.013085041163944322,True,False,1.722627453097339,0.005547740622668988,-2.26092695931777,-0.0087982220494427,True,False
13.33332,-0.5024344598802037,-0.005120529662050242,0.5096531449217677,0.008049236495341906,True,False,1.4310137689814382,0.007716435136870849,-2.2400203456873635,-0.012558820231776324,True,False,1.23656279759651,0.003286560480612728,-1.6283652679660334,-0.005198195278798353,True,False
13.3666533,-0.19532776739560054,-0.0038677579174461463,0.10218563359538566,0.006061486610524222,True,False,0.7660249713775896,0.0028555591030017813,-1.5392270826569585,-0.007556414311638643,True,False,0.3697070066684194,-0.0005273397333520974,-0.5221118080431623,6.022242289416253e-05,True,False
13.3999866,0.27222139299113074,0.0017292293122049597,-0.4628175350091046,-0.004021545562830431,True,False,-0.05056738148126393,0.0012461536386762782,-0.5369384021242711,-0.005919228065409634,True,False,-0.6206371263404658,-0.004728402476110371,0.7595816021534343,0.005937924873967493,True,False
13.4333199,0.6425560869193202,-3.003212938565402e-05,-0.865168556950115,-0.0007175745882069146,True,False,-0.7233479012745386,-0.002029115739353837,0.45025318193900893,0.0027213042133612114,True,False,-1.4468986900204341,-0.004364161377412629,1.8715298670592164,0.0064330189415563324,True,False
13.4666532,0.690079872931916,-0.0008389660261751546,-0.8360470845994031,0.0003182149984722263,True,False,-1.0123902559730047,-0.00012920769787711883,1.1141385044759156,-0.0010825247202636238,True,False,-1.894063641422154,-0.0032867224043341267,2.5422791741281054,0.004457891224993657,True,False
13.4999865,0.3245560216951211,-0.0021593514063111443,-0.28232701550311134,0.004158458120868915,True,False,-0.827600567436704,-0.0051403608897704735,1.2805636942066565,0.009602616353142347,True,False,-1.8826765156572727,-0.007464671549345935,2.6528390708164538,0.01206890343820264,True,False
13.5333198,-0.3620600277560743,0.0006384388168571315,0.6606755412417753,-0.00010494558083081776,True,False,-0.2666026498817682,-0.0016983404428548823,0.9846534143627071,0.004376845951868003,True,False,-1.4831476577954386,-0.004006011401486951,2.262086760161593,0.006454263714639187,True,False
13.5666531,-1.1221296617317533,-0.0048621834629212655,1.667834577658528,0.010182074599842324,True,False,0.4218754476350501,0.002300601680934359,0.4557226470291267,-0.0011551802354036046,True,False,-0.8868174951133014,-0.003905588092506377,1.5820268419293795,0.007294796051003162,True,False
13.5999864,-1.650814298646566,-0.010936205724601914,2.34940488472902,0.02091315435345328,True,False,0.9424691432343728,0.003970010314344216,0.008210383882530422,-0.0024937736299376306,True,False,-0.34101239595486604,-0.003007376136496339,0.9071354942711344,0.006166956264227454,True,False
13.6333197,-1.7246866869564377,-0.009015953476488925,2.42194319734839,0.017818313922538694,True,False,1.0835802849421048,0.003816936745235552,-0.11208907819811788,-0.002435943068823563,True,False,-0.061601732037377385,-0.0008552213860205906,0.5105477037433137,0.002883367132028115,True,False
13.666653,-1.3120863670835523,-0.006693207299691056,1.8439497249962569,0.013490782704326841,True,False,0.8105464900284819,0.003252952736840347,0.15468423735751952,-0.0021104879123101912,True,False,-0.1478894714821723,0.00148622501254459,0.5357332369989398,-0.0011590728815729743,True,False
13.6999863,-0.5900420713971134,-0.0022676445612356917,0.8399676882228674,0.005410101902687682,True,False,0.27387395866798087,-0.0022916023735296167,0.6641148372299731,0.00593170971051959,True,False,-0.5342569101032827,-0.0019855692720918074,0.927722785696566,0.003942895791950931,True,False
13.7333196,0.14110562059225787,0.0006507793418500284,-0.19938175265925812,0.000361919486533827,True,False,-0.271148586269979,-0.004476439784785882,1.1547961248341971,0.008694638608124992,True,False,-1.0099795749286857,-0.004794088754465532,1.4480317513572252,0.008079368591948995,True,False
13.7666529,0.5924571703372602,-0.0024005707535360906,-0.883598853677822,0.003914565809122448,True,False,-0.5902352860161586,-0.005533325211673101,1.388902813129718,0.008549224971847715,True,False,-1.3099721684068018,-0.003828787148709093,1.7814781997661733,0.006386692698787107,True,False
13.7999862,0.6005607360323881,-0.0018965991384965195,-0.9743255590954716,0.0028398865419213665,True,False,-0.5755017380581916,-0.002584648849553983,1.2661812789369953,0.004240949310417385,True,False,-1.2377756220707157,-0.006689380613071831,1.6871905136984144,0.010757921333045607,True,False
13.8333195,0.1795269140320489,0.0006097622076601402,-0.46938127284067227,-0.0013997802954768552,True,False,-0.28238164759010476,-0.001889048587605802,0.8560554624910971,0.0022735536015905202,True,False,-0.76110977970828,-0.0027632289208089004,1.1170280796832572,0.004632805677672029,True,False
13.8666528,-0.4943427075147306,-0.0015862118015365022,0.3995944577102669,0.0035214956577433575,True,False,0.106874992192309,-0.004153567955432885,0.3482298705333791,0.0056125994601329806,True,False,-0.03313634034696549,-1.2056517157021948e-06,0.2419225904680541,0.0006315892959190575,True,False
13.8999861,-1.1561018736684787,-0.007199855713864901,1.2554011130854408,0.013201041282012221,True,False,0.36554976158804225,-0.0017763717973141968,-0.039272314791140565,0.0019432682953777107,True,False,0.6710635582007095,0.0014189287650650426,-0.6247102460665229,-0.0010086932736278508,True,False
13.933319399999998,-1.5623306397826533,-0.007804826410676459,1.726949058942026,0.014982263405987337,True,False,0.31722214243428326,-0.0006462855004376538,-0.15378825539812752,-0.0006730375358568181,True,False,1.0729722236949426,0.0014156740839088074,-1.1660480880420399,-0.0007124527640228463,True,False
13.9666527,-1.591499085510311,-0.006822812342484751,1.6046760472045805,0.013069570761863422,True,False,-0.08710053352844048,-0.001841180399393494,0.026844916800843274,0.0011382034042584854,True,False,1.0123588035391848,0.005160917236130207,-1.1996192147680096,-0.006560967751894064,True,False
13.999986,-1.2805017068255236,-0.0011261757569194424,0.9239841000811214,0.004488490377234261,True,False,-0.7392944291903094,-0.005499937920054392,0.38261000888647706,0.004611542072108329,True,False,0.5226245840792463,0.0012496472033237218,-0.7584564506278868,-0.0011555274828200077,True,False
14.0333193,-0.7804727303088672,-0.00032064702570712373,-0.06246124818429365,0.00023499827665709647,True,False,-1.4105493705741303,-0.007384954112771304,0.703344935244052,0.004500972272407162,True,False,-0.17362190003631772,-0.0004345934333701976,-0.08240050272912673,-8.499853072325853e-05,True,False
14.0666526,-0.26900840063936804,-0.0031846808207016135,-0.9999431406835673,0.0020847621149394377,True,False,-1.8429922010707356,-0.010146138424388499,0.7842975978147272,0.0076881020251730525,True,False,-0.7526986410877242,-0.002887510278181719,0.4812190195640447,0.0030861599172274804,True,False
14.0999859,0.12609209489678908,-0.00029266973981630296,-1.5745858974166977,-0.004317214638313168,True,False,-1.8563379020148008,-0.008617489112995697,0.5203539912505312,0.005104957954654749,True,False,-0.9264815526483264,-0.00325831554214749,0.6266046274290666,0.0033222739001953576,True,False
14.1333192,0.36403297559049824,0.0019333505952752838,-1.6303569026105367,-0.005973294204675058,True,False,-1.4219561772476155,-0.006833547221963706,-0.04615481974416302,0.0002893833390882364,True,False,-0.566786775854092,-0.0006710439411785722,0.2210366071032861,-0.0006453278666138279,True,False
14.1666525,0.4918882599492573,0.0030421998488884966,-1.2264014844555664,-0.0054004529422840815,True,False,-0.6741907387866242,-0.004876934543159638,-0.7448536946823263,-0.0017037418200197404,True,False,0.23654513323316756,0.00026678737948983175,-0.638233364234691,-0.0017201502995387598,True,False
14.1999858,0.6158839830162544,0.0018500767097207017,-0.6140206089204818,-0.001540600414690064,True,False,0.14216339159138566,-0.002010437662147023,-1.3495543316627086,-0.0030476109422000073,True,False,1.20643963922285,0.003436818461520265,-1.661650138876293,-0.005495907051066637,True,False
14.2333191,0.8474829411094814,0.003096086859881171,-0.1323832340672928,0.0018336103735108868,True,False,0.7651149100024468,0.0011955522507314513,-1.6660859710704725,-0.005402630759456721,True,False,1.984928189510679,0.00699452744699093,-2.480163218254063,-0.0094077691097259,True,False
14.2666524,1.240687341071557,0.0022577670594325734,-0.05741681719987829,0.005214097080571328,True,False,1.0139605962853706,0.00021578324125354106,-1.6002773543128908,-0.0023920976601553845,True,False,2.273902130876005,0.007565859378623405,-2.7881648598916033,-0.009709598367615323,True,False
14.2999857,1.7510036820175454,0.006444654287087841,-0.4697970646880106,-0.0005701781014792826,True,False,0.8567353393508669,0.0030256951284938116,-1.1867186694890473,-0.005852041583661037,True,False,1.9541391645369113,0.0069648034825283,-2.461625627655187,-0.010139830086569206,True,False
14.333319,2.241705331477834,0.008703631484568973,-1.2081372586045596,-0.0059786494812033835,True,False,0.42066060069318334,0.0005663245999357074,-0.5737503356327036,-0.002289273441472747,True,False,1.13230430296002,0.003325402056440533,-1.6045383228329282,-0.005558310370115502,True,False
14.3666523,2.537024430403493,0.00962674252250719,-1.9334856269099774,-0.010091891201293342,True,False,-0.06144732133893275,-0.002638951729303107,0.030827082822047516,0.0016682843955299908,True,False,0.09606917415473092,0.001135715989369533,-0.5047602750686591,-0.003247594665591822,True,False
14.3999856,2.493814681688982,0.007805597256381018,-2.2742511600339275,-0.00951159567658352,True,False,-0.3506026821163834,-0.0031893974958008796,0.43834075441128634,0.002630400520409839,True,False,-0.8017740537372636,-0.0011745016547711367,0.481922326894872,-5.7025125188902475e-05,True,False
14.4333189,2.0571881514025545,0.006396058682195923,-1.9852889473309054,-0.010775131386224279,True,False,-0.30396491218843585,-0.001495441258985528,0.551982394903308,0.0031010758777253473,True,False,-1.2807299649857231,-0.0035447831433421807,1.0713074439352683,0.0033271363741766338,True,False
14.4666522,1.283109145169707,0.006878470886210392,-1.0566063874586031,-0.006629144351992922,True,False,0.06819573906370972,0.0012376804856002429,0.39866251970914723,-0.0010094682360752192,True,False,-1.2362116903513443,-0.0028722748242422584,1.156354005579982,0.002463534973934636,True,False
14.4999855,0.32796628846216835,0.005661845140080019,0.2689141515222273,-0.003911206710909794,True,False,0.6144647345992674,0.003228044226519968,0.1044323064210942,-0.002623428891431276,True,False,-0.7685807255731695,0.00016571175504004378,0.8344360836546872,-0.0011764735450855877,True,False
14.5333188,-0.593313135025094,0.0002756181617107148,1.5789423417851243,0.005665903334896905,True,False,1.1102063896663166,0.00463888007951764,-0.169444646295241,-0.002681151124878281,True,False,-0.12810521418565765,0.0023780393122585664,0.3467345583614928,-0.003326614179701314,True,False
14.5666521,-1.2770855543592061,-0.003346417661310107,2.450721086181356,0.012962708318538622,True,False,1.346208951732773,0.006478500659692822,-0.2928167195186762,-0.004353837257939738,True,False,0.3951993985432883,0.0020172200599610068,-0.035623535997307144,-0.0016348245806776498,True,False
14.5999854,-1.6059797780272018,-0.001798724117539588,2.622827912510875,0.00862765097103735,True,False,1.2027962666136163,0.0027465499665369182,-0.20508761859186198,0.0016306716224695386,True,False,0.585169716401853,0.001787608899415929,-0.12104888920682993,-0.0008710177740131447,True,False
14.633318699999998,-1.589793028718555,0.00110684018057989,2.1011486297608055,0.006661440135175725,True,False,0.6885511010199284,0.005949833603522169,0.07982140017556594,-0.002886833184767491,True,False,0.3735957853640073,0.0008959559861767824,0.138951447270993,0.0007979430010941934,True,False
14.666652,-1.3496218621008502,-0.0023936009900723853,1.1490188287253558,0.0010970502038777843,True,False,-0.061066403930703284,0.0029533379498252826,0.48686805514866993,-0.0019232467369367631,True,False,-0.14195239446573293,0.002949237827645719,0.6403588611531028,-0.003461646143443971,True,False
14.6999853,-1.0589394564746908,0.0017458708105648425,0.1701086959594419,-0.006366828906971494,True,False,-0.8222369030043062,0.0007960542635913766,0.8975754164193622,-0.0011787751492571958,True,False,-0.7352953815329331,-0.0017844988146199171,1.1634880761754047,0.002579601412400446,True,False
14.7333186,-0.8737789086368872,-0.00023967167493926746,-0.4577545330612347,-0.004118381705335584,True,False,-1.3521977367774818,-0.000767089343871152,1.1744465279556164,-0.000883830666429317,True,False,-1.135108462651487,-0.002649701148269911,1.4500685588738313,0.003345750328130889,True,False
14.7666519,-0.8780336890332662,-0.0017074582632229402,-0.5249836541359721,-0.0024819075552584926,True,False,-1.4732058193423274,-0.0015074538512975003,1.201037688387002,0.003211160614538208,True,False,-1.1327499893142365,-0.0036465282361777484,1.306630307921419,0.004524512936322525,True,False
14.7999852,-1.0565522953356363,0.0024878656242624036,-0.057908786331906666,-0.006778569728098573,True,False,-1.1420505234610414,-0.00020364693240246395,0.9322044561837971,0.0003264266203571768,True,False,-0.674132104068896,-0.002238627258013936,0.6974033941265476,0.0027627365840992056,True,False
14.8333185,-1.3001124250773004,3.021480870270001e-06,0.7026134077367697,-0.0011201781723701235,True,False,-0.47474606525943164,0.0005928825912092715,0.42936509891450425,0.0003859408989711852,True,False,0.1069527552075851,-0.00022930394638240596,-0.2198011624122775,2.409192139317145e-05,True,False
14.8666518,-1.4448194239676777,-0.0031604928245613333,1.3996287988682639,0.0063496117936471825,True,False,0.2906055063016966,0.005305666896909883,-0.1478070819477531,-0.0040475330363406595,True,False,0.9338204469382292,0.0026797104800686455,-1.140616264850694,-0.0035770308688738133,True,False
14.8999851,-1.3408877910878403,-0.0030153314875616464,1.7030090856942826,0.007297699031748452,True,False,0.8857208555661934,0.008715927704549705,-0.6019413915375926,-0.007704753249849386,True,False,1.4950425002602432,0.004361779440567089,-1.731052277346216,-0.005872727637089083,True,False
14.9333184,-0.9240249384228579,0.0001138495438092936,1.441300879924748,0.0024084259041860625,True,False,1.123447753208815,0.008293755901669817,-0.7875173098197421,-0.008008532658302023,True,False,1.5712081645117046,0.005286883639463569,-1.7657156800041363,-0.00696688465113716,True,False
14.9666517,-0.2511379499719165,-0.00025454318449844813,0.6644380190060221,0.0029829409414114947,True,False,0.9763932779420982,0.00798598468120014,-0.6832084166034317,-0.007418485846039668,True,False,1.1255248783369394,0.0010585656849473302,-1.2246881034017405,-0.00048677091678222704,True,False
14.999985,0.5192086515528078,0.004517376713335472,-0.38731245247747936,-0.006799472771246134,True,False,0.5828141635927698,0.004791768943251413,-0.4047542941748844,-0.0041684874773289604,True,False,0.31934448579073627,0.0014736068431040064,-0.3046799477618795,-0.0017631997410120666,True,False
15.0333183,1.189366218061656,0.006540439655706488,-1.3867408895490523,-0.011059419492820527,True,False,0.1768566467215831,0.0032827456185739053,-0.14770201975018543,-0.0018979888141461199,True,False,-0.5521915513385611,-0.00247654974028302,0.6588981134650624,0.0033836409104725674,True,False
15.066651599999998,1.594945123336172,0.0031855915394977704,-2.0436375763548136,-0.00594920894822596,True,False,-0.02138903801168552,0.0026401089746653237,-0.08928823983947112,-0.001243465089928233,True,False,-1.1765305525895582,-0.005791451107725223,1.3246556914094765,0.007963051911357417,True,False
15.0999849,1.6544857316957582,0.004431307916944257,-2.1970728519849296,-0.008613643354381707,True,False,0.09681091983400476,0.003997908220553451,-0.30188956768240044,-0.0034107941061240336,True,False,-1.3450246676692772,-0.004562681658179141,1.4785675518498025,0.006288538575030674,True,False
15.1333182,1.3854558937638077,0.00475149872301419,-1.8522536395199571,-0.008225970760626559,True,False,0.48599100075829194,0.005798945373744909,-0.722142387910987,-0.008185082203713018,True,False,-1.02949235036666,-0.002697959539792554,1.1122510074266272,0.003558515511458085,True,False
15.1666515,0.8946497795901478,0.005352618242387138,-1.1672765579697437,-0.009491440276274054,True,False,0.9700450989221313,0.005699739433934354,-1.1851989235546454,-0.0060453515792595934,True,False,-0.3842820198377777,-0.0015348308652916652,0.4142745844451852,0.0018026118550283586,True,False
15.1999848,0.34814250840083266,0.001224832925443423,-0.39927529221444014,-0.0011701560457933172,True,False,1.3152870361312068,0.00725036162979374,-1.4980710483583772,-0.00823665917529438,True,False,0.32059166884431584,-0.001552019543876993,-0.31461384562123507,0.0030103279677377516,True,False
15.2333181,-0.08137050927207706,-0.001461849137246121,0.1840319362750068,0.003733413502737527,True,False,1.3219034324859225,0.007491755627378901,-1.5141837164731693,-0.008197838664919696,True,False,0.8041453270467062,0.0025403745096407985,-0.7813699687191022,-0.0025036311686653765,True,False
15.2666514,-0.2789310417838369,-0.00253964230124465,0.4051656315584229,0.0059292222287241755,True,False,0.9015523701265084,0.004610675909449504,-1.181982975799568,-0.003928374770907739,True,False,0.8794251894699506,0.0021210736665624925,-0.8109519553236282,-0.002204088626333849,True,False
15.2999847,-0.23131709331974804,-2.176607929828603e-05,0.24489137358636798,0.001220828415296651,True,False,0.11528686762495222,0.003598414588316027,-0.5572480843554073,-0.004109836664690337,True,False,0.5225119534172048,0.00030974352031654,-0.40864862707353017,0.0014441578230016705,True,False
15.333317999999998,-0.022288019390341696,0.0028847293699413713,-0.1607890307848856,-0.005042521649342414,True,False,-0.8408942090559842,-0.0006406963910789292,0.21730895465063566,-0.0005738747825065474,True,False,-0.12203055486017096,-0.0007159596730838861,0.25101119924895915,0.001953910548581074,True,False
15.3666513,0.21575162025607497,-7.52502010697313e-05,-0.589870685308907,-6.43178750077494e-05,True,False,-1.6983913554883878,-0.0034950479796547573,0.954451050271256,0.0009560099395461036,True,False,-0.8027951750722117,-0.004031126317826569,0.9047378194152021,0.0062652872214472655,True,False
15.3999846,0.3593153949194867,-0.0013057133454303811,-0.8259775818256802,0.0018097610715209745,True,False,-2.2057537151185835,-0.005764958619662821,1.4760879449502406,0.0061231488518586254,True,False,-1.2638644826079757,-0.004781538989721962,1.3125952830839411,0.006580362180443849,True,False
15.4333179,0.33271736710300537,-0.0007794765759120558,-0.7316688047218263,0.0011387830393165686,True,False,-2.2149284926842587,-0.004515626510407813,1.6665726887339416,0.0040856210600641145,True,False,-1.343881074358038,-0.004027241043713844,1.3499501721826639,0.0053471087528563525,True,False
15.4666512,0.12707187946678242,0.0016970887279987707,-0.29219700261107606,-0.0026283663424432227,True,False,-1.733815799168677,-0.005225887999434538,1.5099202006398262,0.006170292486726513,True,False,-1.031840417811004,-0.0024554974182344263,1.0410367827830653,0.0028123563850167214,True,False
15.4999845,-0.19396228959292103,7.773375545328119e-05,0.37089248011013737,0.0007705215484584352,True,False,-0.9273232232282475,-0.002650275955601288,1.0965557879349541,0.0034170773518103358,True,False,-0.46219573633362,-0.002044717774432647,0.5286097410932592,0.002686321670894776,True,False
15.5333178,-0.5090016202480276,-0.0031671613749824764,1.0294651909315806,0.008593427403426048,True,False,-0.06483243357061898,-0.0019394275443002757,0.5943227565454154,0.0053857913528299155,True,False,0.14210362273469185,-0.0010547554617770984,0.004631642512716316,0.002578930411746829,True,False
15.5666511,-0.6838441197638127,-0.0028281629017211556,1.4314920190049878,0.009842455564067036,True,False,0.5738672318348798,0.003758835488961939,0.18908280226083496,-0.0012599958625404684,True,False,0.5556511356166373,0.002540196346512845,-0.3647101834145976,-0.0012669305141866885,True,False
15.5999844,-0.6338015633153268,-0.005314109758934031,1.4121122291643873,0.013767684578554481,True,False,0.8056588502286856,0.003692684703132388,0.01161471397111851,-0.0006737182126307133,True,False,0.637412992510091,0.0025464105789674437,-0.4953360497981992,-0.0008111147616713073,True,False
15.6333177,-0.3693553086845497,-0.0025635437214259872,0.9767555888021607,0.00829127809058383,True,False,0.6197543143675205,0.0025101964624226563,0.08084839817019947,-0.000464430377349889,True,False,0.386435314214589,0.00016429945352672935,-0.4076892534179155,0.0013652300916816166,True,False
15.666651,0.005284709101064733,0.000447486387710477,0.30601941173910385,0.0018859677317986324,True,False,0.18044398006944698,-0.0019882980699336885,0.29614590706449007,0.0035708606425012214,True,False,-0.05864167452092031,-0.0002237071793787827,-0.2093287853420811,3.376972321395923e-05,True,False
15.6999843,0.3422552547109565,0.001979084146957199,-0.3240924839855769,-0.0021235239948393246,True,False,-0.25090066531984473,-0.0032157329700134543,0.4891288985604061,0.004762040165225436,True,False,-0.47697042802734535,-0.0005740972254118659,-0.04698975812520101,-0.00046096385080290594,True,False
15.7333176,0.5172880119775405,-0.0029828760893645537,-0.6624830668496213,0.005333439329686498,True,False,-0.43717441188163375,-0.0033151018042040957,0.5095730222611141,0.004387654937528126,True,False,-0.6549347519233674,-0.002376926834576701,-0.04763417113581642,0.0017111230208897124,True,False
15.766650899999998,0.47581985368931,0.00042583877629286446,-0.5829622423140265,-0.0007474424012144975,True,False,-0.2706806010856797,-0.0024416461311767322,0.2993836866827921,0.003029509962235074,True,False,-0.47230225305587886,-0.0026004558967194853,-0.26769457011829306,0.0018856944880259038,True,False
15.7999842,0.24351062940666082,-0.0001435710195430695,-0.1274113229967135,0.001109543605404831,True,False,0.18388868861775864,-0.002432665002924262,-0.08189352134503133,0.002559974547735278,True,False,0.0485874622279701,0.0011443365275675811,-0.6687277789634457,-0.0021821086222751657,True,False
15.8333175,-0.09105233101463853,-0.002083876510079017,0.5140860492095155,0.005061404805162629,True,False,0.7224349268348559,0.0009269010204722064,-0.4886919684322906,-0.0017225287979820473,True,False,0.7517529838230989,0.003681007631634563,-1.132670930833587,-0.005109646363049108,True,False
15.8666508,-0.4109500137720689,-0.003957924620448506,1.0769484472113522,0.010878837440604923,True,False,1.0932259437464489,0.0037081832290182496,-0.7589576080986603,-0.0024640441301874267,True,False,1.4094274577543993,0.0028027853723952955,-1.5099095437112346,-0.0017136190917134587,True,False
15.8999841,-0.6116343296535436,-0.0031199707828787736,1.3244638671817754,0.008831104943078026,True,False,1.1070878024735546,3.589354750277372e-05,-0.7856393318986432,0.0013465027827140146,True,False,1.8074146115898122,0.004611465307700811,-1.674644358437494,-0.003558474582279366,True,False
15.9333174,-0.6318688793926753,-0.0011071163142004226,1.1367323304069807,0.004426599289665767,True,False,0.7181565431124494,-0.00018458680691635655,-0.5574375030149681,0.002089610429551739,True,False,1.821815624690301,0.005654334897411996,-1.5666617603071362,-0.0048344945840962305,True,False
15.9666507,-0.46544260754404304,-0.0036434961152890357,0.5504419150164754,0.005609596194998559,True,False,0.04393325832642077,-0.0004267810931985999,-0.15880784413233442,-0.0002474842442716814,True,False,1.4648504237908049,0.006105192414877374,-1.2125076246050854,-0.004623777555856416,True,False
15.999984,-0.1579193129276799,-0.00214372719154047,-0.25817484553743286,0.0008764968797690675,True,False,-0.6784885169451346,-0.004946296643634531,0.26071222063269267,0.0026355310634902677,True,False,0.8828807777954304,0.0027615031689949237,-0.7197481089779776,-0.002169373883488703,True,False
16.0333173,0.20503937369348896,-0.00014910954637377047,-1.0331605746895312,-0.004139991604894849,True,False,-1.182239533788842,-0.006770579580708995,0.5364865106005718,0.0048640764987023305,True,False,0.29850018897242353,0.00014535953077655464,-0.23697819434455666,0.0010602202034485043,True,False
16.0666506,0.5175730452825358,-0.0006368897086985814,-1.520711476540724,-0.0039695933689509,True,False,-1.2742945347114552,-0.006688707059615742,0.5486407822953345,0.006444162526284289,True,False,-0.08623677715806044,-0.0014628194137868062,0.11104622036092365,0.0028784252714120894,True,False
16.099983899999998,0.6817869890255178,-0.0010064147392860805,-1.5505124721423251,-0.002479812791624982,True,False,-0.9116363478768719,-0.005890299178740264,0.2722587342094554,0.005267848086425055,True,False,-0.18043668574598457,-0.0006288987833770028,0.28029101891064184,0.0013641514475548787,True,False
16.1333172,0.6398611517142297,0.003183673173210512,-1.0957606755739682,-0.009736211018450009,True,False,-0.21686071022722048,-0.0024106668027722472,-0.2089706231197506,0.00012654461251196758,True,False,-0.04102873522083014,0.0012514156336865582,0.3210731538110839,-0.0004896813528310464,True,False
16.1666505,0.4006651542048079,0.0012414527997596588,-0.2944964129655837,-0.004057232818321971,True,False,0.5730594327096111,0.000681441349382631,-0.7375461627505215,-0.0011413403793020197,True,False,0.16271671140470184,0.0013501147933062529,0.34045066044188876,0.0010854883949369379,True,False
16.1999838,0.0447361735506307,-0.002903781506669566,0.5844235398442991,0.005459306342868656,True,False,1.2004121485321981,0.002528589162700037,-1.1472080528381536,-0.0033159921465236355,True,False,0.23481784570089861,0.002191008750249479,0.4392945821899117,0.00031768183293071783,True,False
16.2333171,-0.3034503091787737,-0.001638563571113914,1.2329636503559875,0.003909378493154629,True,False,1.480300155092501,0.001975656762469326,-1.32190171891842,-2.5791173705134746e-05,True,False,0.04373731464300187,-0.00020555146131459066,0.6611894236255761,0.0038061919506526417,True,False
16.2666504,-0.5246906349890798,-0.0004613518807364662,1.4211124841087024,0.00292554972156794,True,False,1.356162020278783,0.0017397838433225368,-1.2225177217308003,-0.00015780289955210185,True,False,-0.420689879236662,-0.00035793201874518334,0.9750613696001316,0.002992208974055804,True,False
16.2999837,-0.5503191815281394,-0.004397753765045524,1.0871122514054103,0.00611890592734962,True,False,0.9024805140599507,-4.143640599961686e-06,-0.8820582154300727,-0.0009577872489341255,True,False,-1.0430926115203751,-0.0007357442145171771,1.2913886886060382,0.0018528255265721568,True,False
16.333316999999997,-0.3856097908733168,0.0005808922349785931,0.36247905895880633,-0.004060058319471288,True,False,0.28510279573712105,-0.0022021548413214973,-0.38668393728890577,0.0021415985156450794,True,False,-1.6290451379719766,-0.00510890930057333,1.5010227195580166,0.00611176344493392,True,False
16.3666503,-0.10633005327144203,0.0005905397329832503,-0.4760477592945548,-0.007457850768997914,True,False,-0.29740853108405824,-0.00013032533153367227,0.1446104386010163,-0.00016478693775702412,True,False,-1.9846996693736718,-0.0056214641985910885,1.5239633143308184,0.005563140737723168,True,False
16.3999836,0.16679037778045713,-0.002136063216835606,-1.106187921741476,-0.004901727146651022,True,False,-0.6709613833855764,-0.0026444353889262585,0.5826291417701395,0.004762170252494265,True,False,-1.9974252008262652,-0.006559775468707276,1.3496507234186748,0.006210799492274812,True,False
16.433316899999998,0.3057638439271362,0.00020005239894681115,-1.2725286955541333,-0.0072596443642973536,True,False,-0.7330636175510734,-0.003908508505236644,0.8192272145996256,0.0052796058364665025,True,False,-1.6788746126042484,-0.0029600615589912833,1.044875242210887,0.0019189211316832451,True,False
16.4666502,0.21944813128807372,0.0011212802290737492,-0.8779666842301719,-0.008421289902487139,True,False,-0.4860904754172678,-0.0038117464413742023,0.8047810071742134,0.006243683028211548,True,False,-1.149137855229853,-0.0010032084893471854,0.7191276824402052,0.00010277563749166523,True,False
16.4999835,-0.10173136635075024,0.004148611296908199,-0.03265944396715338,-0.013073189081915649,True,False,-0.04504963708561395,-0.001658139869114285,0.5750082427184474,0.005493141542393834,True,False,-0.5759628326469678,-0.0010170835485494056,0.4675768110459567,0.0012460184430874135,True,False
16.533316799999998,-0.5621588790639198,-0.001503519970229677,0.9629904421855923,-2.996623211728336e-05,True,False,0.3952197319989891,0.0006529814729641028,0.24595633736076536,0.0028360430670489128,True,False,-0.10703995871035357,-0.002074910410247277,0.32919264936419,0.0037968330452974918,True,False
16.5666501,-0.9864771001993531,-0.005691437796035977,1.7193034663245608,0.008960232405912243,True,False,0.6327015857628459,0.00250492301116993,-0.03059028251536879,0.0008605434477749747,True,False,0.17419064289621822,0.000979570065138586,0.28165693987102,0.0006529661356981316,True,False
16.5999834,-1.192482791438573,-0.0013366490373634382,1.9166317740834544,0.0037482383835326758,True,False,0.5446660789449398,0.0025590341489131908,-0.13556849704630713,-0.000659181807013265,True,False,0.2629946388582876,0.00038585345376677255,0.26402818848267734,0.001832936525540441,True,False
16.633316699999998,-1.0708561362332922,-0.0028492667344197065,1.445557642400698,0.0030502118049361942,True,False,0.14720586731002588,0.0033116087400453715,-0.040765735202594244,-0.0010213291235006451,True,False,0.22455387014863926,0.00015901310861070865,0.2056514292850076,0.0011403939091252588,True,False
16.66665,-0.6286431159988044,0.00017898373653577203,0.4523068654073394,-0.006887265953122682,True,False,-0.4060549434123934,-0.0026409771387405348,0.17778554357279477,0.003245170774188801,True,False,0.1671242349530353,0.0005928998286148972,0.04875106163471698,-0.00026489981681749393,True,False
16.6999833,0.016609522093454256,-0.0006481777185187674,-0.7278845590552024,-0.0075242086323578355,True,False,-0.891917292037744,-0.0034880987463973396,0.38270514146188844,0.005319381967514371,True,False,0.20211455323933505,0.000736999110961868,-0.23652248195844874,-0.0010340366020149643,True,False
16.7333166,0.681439800910403,0.001984905290411375,-1.7076225620237682,-0.010900489408679681,True,False,-1.120550868819928,-0.0023658340361300046,0.45098473231538094,0.0016742996752255872,True,False,0.4001594829786829,-0.0007863083296193685,-0.6412538487760147,0.00031383778054141413,True,False
16.7666499,1.1833140509697138,0.004608476178800845,-2.192604600010988,-0.012164028600738815,True,False,-1.020170638593682,-0.003332338733320089,0.3380599033401795,0.003728726268552532,True,False,0.7568682268493693,0.0006874331553599529,-1.1109454683826954,-0.0015249795734651604,True,False
16.7999832,1.409094027805247,0.0070930345244841885,-2.085381167723566,-0.01821952347415843,True,False,-0.6620122914282487,0.00033328219932415523,0.09619244788485364,-0.00022801221834616017,True,False,1.1849296482292964,0.0022906722552784625,-1.5508430971404499,-0.0038169188947689537,True,False
16.8333165,1.3561534822611014,0.0032833600841277472,-1.5148314030325811,-0.011119377400762647,True,False,-0.21786098763094075,0.0029725603266176014,-0.15733171642259383,-0.0022152994842716935,True,False,1.5430630884866825,0.0036578822199453812,-1.8520041377457006,-0.005185397434000684,True,False
16.866649799999998,1.1214262032224085,0.00198427688659628,-0.7748151779440513,-0.003500853234781038,True,False,0.12407856091798669,0.0038943078248702217,-0.3001985163117318,-0.002463804428730237,True,False,1.6932690507352264,0.005202656846019988,-1.9317990357444452,-0.006901383302918377,True,False
16.8999831,0.8422543520430198,0.0027326555926043897,-0.18841654936394486,-0.0011828400552709583,True,False,0.2407686962836458,0.0016294454242924744,-0.2595433801049375,0.000795793865181217,True,False,1.5592532860032369,0.0015468861198235507,-1.7666285633245553,-0.002020932974727964,True,False
16.9333164,0.6246849190202229,-0.00028160620964666277,0.040956915409471197,0.002708345962306258,True,False,0.11666655032944435,0.002716254264478903,-0.036329098565549146,-0.00018320791855099366,True,False,1.1583088145853588,0.00196834501843027,-1.397571592038213,-0.00262333731268392,True,False
16.966649699999998,0.5004496334281352,0.002297713353615244,-0.08677781487286787,-0.005466925995962371,True,False,-0.16229275062665607,0.0027568482432983594,0.30190040323079537,-0.0007943245518472144,True,False,0.5965856841296354,0.0011304704474942445,-0.9103961596006566,-0.001872887297789068,True,False
16.999983,0.43196245296480656,0.005084454550366528,-0.3924931614232137,-0.010540981529728701,True,False,-0.44942813882752225,0.00205279452645538,0.6470885327293256,0.00019538471446536217,True,False,0.034975901898877,-0.0006390691119806163,-0.4068720059869182,-0.0006957906336850939,True,False
17.0333163,0.35256551092975197,-0.0006760562670739628,-0.6254581735403345,-0.0011107366622936166,True,False,-0.5940885361088435,0.0004206571550358573,0.8854098350707692,0.0040731679226015845,True,False,-0.3626128901703275,-0.0018885754978870634,0.02000020058846944,0.000540455323708571,True,False
17.066649599999998,0.2096684148360659,-0.0007093287838730366,-0.5864139866382391,-0.0017110531072713733,True,False,-0.49720097027358207,0.0027828863512029266,0.9335088722250913,0.0012574908838954794,True,False,-0.4861954716701256,-0.003040039032871605,0.30552468363379964,0.002213433663772839,True,False
17.0999829,-0.011368253087823035,0.0018212532961251636,-0.2102777245434845,-0.004981718531538301,True,False,-0.14880370257628597,0.0041119009835171435,0.7648484724061355,-0.0018055440809595247,True,False,-0.32383040721416806,-0.003563883466619123,0.4277074147995046,0.004146685729891571,True,False
17.1333162,-0.28279420056298044,0.00026339406085343196,0.4101900752807907,-0.0009945820182960877,True,False,0.3635344319325767,0.003417164122135568,0.41723679188416624,0.0013278677537120005,True,False,0.028072265139506947,0.0006617236497263655,0.4108256842711458,-0.0005592487337892688,True,False
17.1666495,-0.5458778246854703,-0.0029687294310358297,1.060640592565579,0.00612432312615268,True,False,0.877181036092095,0.005513055518723271,-0.01700906671191315,-0.001469161539499643,True,False,0.3979654638024316,-0.0003641432844634511,0.31348684674710964,0.0024982143080526306,True,False
17.1999828,-0.7378911936010645,-0.0022008928364661263,1.493051455496157,0.006893884001503556,True,False,1.2047279837901506,0.0075000220690974164,-0.41481280139328514,-0.002609506715913228,True,False,0.6029876170350902,0.0005629829238496892,0.20744028202187945,0.0013400259554781635,True,False
17.2333161,-0.8233165644160446,-0.0047529808738370595,1.5332562610179594,0.010231523949521988,True,False,1.2034364202134908,0.008912177552524742,-0.6605784839972478,-0.0065097755446359385,True,False,0.5159319634271659,-0.002060944587761397,0.15845946981959896,0.005347101596681607,True,False
17.2666494,-0.8071706308943926,-0.0005229563316014327,1.1574386388974727,0.003585118870387302,True,False,0.841095520926722,0.008592626937205694,-0.6918198885279706,-0.0073608084944766575,True,False,0.11307452694415548,0.0010787938310571285,0.21055648787531042,-0.0009535248064975229,True,False
17.299982699999997,-0.7193521948492324,-0.0007348840176700478,0.5002244296064768,0.0021166193181393136,True,False,0.224843911664925,0.0030874004230769326,-0.5299654171016106,-0.002456225011293726,True,False,-0.5087782227107784,-0.000807730653233509,0.3685583371047421,-8.01658661392884e-05,True,False
17.333316,-0.5850990971945861,0.0008529649879716911,-0.20446554228871794,-0.005453199787802734,True,False,-0.4292246043710798,0.004130505074085553,-0.2744757591228493,-0.005298889596352799,True,False,-1.1563328909755635,-0.003331528138309632,0.5880381992328984,0.000753957770047583,True,False
17.3666493,-0.41216653737161196,-0.004110248777284996,-0.7130392912896882,0.0015556103930132099,True,False,-0.8775357162005955,-0.00018981883854252618,-0.05974843317225196,-0.00012824871170240968,True,False,-1.610100897723891,-0.00828536241351607,0.7938097310251832,0.0074712168058843585,True,False
17.399982599999998,-0.20906683474419535,-0.005043838282374913,-0.8495303307818123,0.003050358376393856,True,False,-0.9470857765775819,0.0007756568202954079,0.0034346074496123544,-0.004708245202820962,True,False,-1.719308901163372,-0.00800720893350106,0.9271183318504217,0.007866284610742874,True,False
17.4333159,-0.011190549789579587,0.0010373477426035146,-0.5534846796252941,-0.003954465841023582,True,False,-0.6083876801017083,0.0011602339282929465,-0.12555477912127205,-0.0006604342270695607,True,False,-1.470323968728275,-0.0019932855963661193,0.9836219985843668,-0.0006067850574254997,True,False
17.4666492,0.12265132387592459,0.003271680142902581,0.09613749851029565,-0.004212612097086566,True,False,0.007996917128615715,0.0031584646213431607,-0.4015877934988194,-0.004536811441281129,True,False,-0.9861039965176702,-0.0029139645390531114,1.0037323721810307,0.001598605475875055,True,False
17.499982499999998,0.14746926829872387,-0.0011006847951041579,0.8865259412738207,0.005021838661981208,True,False,0.6605028763165568,0.0055277225777267324,-0.7146235390142871,-0.005579420718796813,True,False,-0.46192464678370443,-0.0012947079766336004,1.0254046377405917,0.0027518515311324896,True,False
17.5333158,0.06679661475092011,0.0026600676176754567,1.5282555371247108,0.004383808542540573,True,False,1.0937079688595575,0.006695509114938599,-0.9382049384681797,-0.005222434563372666,True,False,-0.0807138279389414,-0.0016819696405201805,1.0471750429046902,0.005304503132440521,True,False
17.5666491,-0.06947115667498602,-0.0028526357071042307,1.7657206369123124,0.01287509471538884,True,False,1.145119925348792,0.008357648946619913,-0.9844957336285637,-0.007889838590945632,True,False,0.051773022266994775,-0.0002221328786618053,1.0310798141324464,0.003557803804304831,True,False
17.5999824,-0.20335092362653154,-0.0021393155255735844,1.4975645616702733,0.008033056010181418,True,False,0.8157902906358069,0.005780384262530352,-0.8407106355522296,-0.00469687670546235,True,False,-0.06441033061928726,-0.001337645490340768,0.9326471519028807,0.004617034182366171,True,False
17.6333157,-0.3125692136878893,-0.0011509828456646438,0.8411163630001965,0.004739142680336228,True,False,0.27065063891513674,0.0009664464277054997,-0.5700161845648207,-0.0016956581506472727,True,False,-0.33085412937093434,2.8555233055295816e-05,0.727889126618342,0.0001237215212926652,True,False
17.666649,-0.4248493027993321,-0.0006996033112044972,0.09577457991540271,-0.0017242146215367962,True,False,-0.23374379175352655,0.0006295187853457395,-0.2784758904142062,-0.0027820316373412257,True,False,-0.5886364241556257,-0.0013123169352697412,0.4210782013630946,0.00013692047325771618,True,False
17.6999823,-0.5898047025830714,-0.0018249246902370911,-0.38724577152187756,-0.0029528327694614666,True,False,-0.4594518792741247,0.0004523492205806739,-0.0676909358696303,-0.002362321752942341,True,False,-0.6776421535085685,-0.0028945236468124152,0.03916963939268403,0.00040428621450860425,True,False
17.733315599999997,-0.8260546474046485,-0.0006216668603433266,-0.37079089261529563,-0.004988903474099601,True,False,-0.2854736312995003,0.0008142999939249923,0.004502176235293162,-0.0006491449663790428,True,False,-0.5007347190142207,-0.0025060364014095646,-0.37353033758144594,0.00039635575868007946,True,False
17.7666489,-1.0773628786476337,4.148849645465192e-05,0.14421945417611629,-0.005089181494736904,True,False,0.24158101372789295,0.0012723784042001527,-0.05603408810455734,-0.0007103737675393286,True,False,-0.06647775399046152,8.198492936967668e-05,-0.7586548351455661,-0.0025587778608862524,True,False
17.7999822,-1.2103578570433067,-0.0016443280605136592,0.8987668155602989,-0.0006005472223642136,True,False,0.9167973789258774,0.0019662045627564344,-0.18176967149068843,-0.001332067657160203,True,False,0.5127325268832363,0.002848218956590384,-1.0549734678286673,-0.005384477252776128,True,False
17.833315499999998,-1.0695854976892933,-0.006373120730720073,1.4804967289102247,0.010265364571668949,True,False,1.4429118577812898,0.003419984748795638,-0.26726760941627997,-0.00014164519116502346,True,False,1.0670847631120985,0.0036363749387133986,-1.2195492037298603,-0.004972267928572261,True,False
17.8666488,-0.5695145684559952,-0.0029610823555742422,1.5140846461640625,0.008608875932648112,True,False,1.5380990401123704,0.005012712682931858,-0.2101956500315575,-6.900913803528042e-05,True,False,1.435092186679138,0.002880518120368282,-1.244567076368636,-0.002511638220758995,True,False
17.8999821,0.2336209583144345,0.0007307498901866708,0.843957658123701,0.0019705311010327843,True,False,1.0544440327398394,0.006060041674292389,0.04180823503645826,-0.0036711924614575148,True,False,1.5195528483601275,0.0035142735726038403,-1.1565776407627806,-0.003927971157734757,True,False
17.933315399999998,1.1441696349421668,0.005490092169312957,-0.3871310521031493,-0.006334589206220404,True,False,0.058578514705330126,0.001224809540779159,0.4579981862820045,0.0010849908408844826,True,False,1.3192447129643954,0.006435611851609802,-1.0023628266705857,-0.0052351655087036824,True,False
17.9666487,1.907441444104804,0.006690043267336283,-1.7996200732186853,-0.011204077803325826,True,False,-1.1728499819615397,-0.006661646009470294,0.92782821433178,0.006652377960257072,True,False,0.9315993880993296,0.003346342194861168,-0.8337007848406371,-0.0034622138503282484,True,False
17.999982,2.3193493362151583,0.00768152443515503,-2.9374664018947763,-0.017686957144221426,True,False,-2.254144798882744,-0.00819775134464709,1.3072521992597983,0.0049773677149017904,True,False,0.5202597430454906,0.002496133467959676,-0.6942495198235626,-0.0046759939678507586,True,False
18.0333153,2.30416143419033,0.006465291858717091,-3.445853383838661,-0.017585039427217737,True,False,-2.845190886690111,-0.01154944764330349,1.48467913858303,0.006419754375955157,True,False,0.24840406372234472,0.0006163030979485993,-0.6043996265456207,-0.0025734959002059027,True,False
18.0666486,1.9265722103826002,0.003796658103297391,-3.192518995204204,-0.012802687973269698,True,False,-2.786461357921756,-0.011866869868546986,1.4298506657341865,0.008104561387627812,True,False,0.2017223791963251,-0.002359693380119925,-0.5463689867168657,0.0019675608977017104,True,False
18.0999819,1.3446109374961004,0.003598177994775211,-2.2964233284723834,-0.012395588991825388,True,False,-2.153288295697494,-0.007082024114550825,1.2017794854644854,0.004708584580560974,True,False,0.34384970491848815,0.0024100064773882298,-0.4649023157652592,-0.004262981454209678,True,False
18.1333152,0.7372688022043329,0.0033833320144328856,-1.0699268310711576,-0.009597500881727762,True,False,-1.2087942857091418,-0.005146633822034227,0.913204136033863,0.004086328298523859,True,False,0.5375083244290046,0.005795871456730954,-0.29895204344595694,-0.007073665856011395,True,False
18.1666485,0.24255006280141697,-0.0013035705919129175,0.09424644458645655,0.002841665868582438,True,False,-0.28243344525880837,-0.0001322259554556673,0.6690654093163502,0.0006026247930441203,True,False,0.6223401883000454,0.003682991678483173,-0.03139369046700485,-0.002261263011037089,True,False
18.1999818,-0.07392816833948515,0.002415938282091405,0.8526455950650143,-0.0013721027730308553,True,False,0.3651832710572773,-0.0014454251787486983,0.5123444428292421,0.003011411003417655,True,False,0.4976863954919622,0.0010722373556285557,0.2862106419777675,0.0021113004528924106,True,False
18.2333151,-0.2172527118905732,0.002190340633014937,1.0175651625847406,-0.0010092728967928779,True,False,0.6294973681770587,-0.0019367583484913233,0.4095574294352981,0.004568733894303927,True,False,0.1604821203676933,-0.00027562025612062375,0.560738872706991,0.002127208714178883,True,False
18.2666484,-0.24123300798689168,-0.0030825713118562774,0.6101184675883592,0.0047412851536048585,True,False,0.5717010121190049,-0.0015376432530639435,0.2836023925921721,0.0036513960778718243,True,False,-0.3085896518038478,-4.637749116783287e-05,0.7130928755461312,0.0007217813563998491,True,False
18.2999817,-0.2240912396599875,-0.0007998580729758499,-0.15102897693922987,-0.0013541614137036763,True,False,0.36323439553339965,-0.002627292697146648,0.07017868550928134,0.002527253727072386,True,False,-0.7840779021464981,0.000374984310536089,0.7164559805452523,-0.0011180072415223417,True,False
18.333315,-0.24606588224909515,-0.0012072843435194714,-0.9236887746242767,-0.004449947430350259,True,False,0.20157697193362661,-0.002631215793890135,-0.238685787612431,0.002187273556489067,True,False,-1.1365935152069622,-0.0019415963799160687,0.5974714580954696,5.907464769850723e-06,True,False
18.3666483,-0.36092395586135656,0.001216541612095044,-1.3656644011427415,-0.010162016183322915,True,False,0.23335414358241852,-0.001200400832299492,-0.5879305563693062,-0.002015601423113224,True,False,-1.2699597387262065,-0.0037990908907842165,0.41482608885073075,0.001949656306442779,True,False
18.3999816,-0.5653731835087354,-0.00031625737241365646,-1.2688868347776978,-0.007687754036498265,True,False,0.5068477385840227,-0.0017306621451652394,-0.8896413454163631,-0.0020349822399897666,True,False,-1.151784013910738,-0.0031555121639766184,0.23540603425444584,0.0006982130376445725,True,False
18.4333149,-0.7894309015061747,-0.0011093567618133031,-0.6450153892908161,-0.005114156960344631,True,False,0.9605945744487211,-0.00012393564233672335,-1.0693755124894309,-0.0040000031989803715,True,False,-0.8253256372624401,0.00021907949130245532,0.11318438580606102,-0.002675594918585,True,False
18.4666482,-0.9273383719348897,-0.0036667992751948032,0.28305186541299654,0.0020562215245532554,True,False,1.4449152984135436,0.0013396999687419222,-1.0997475654986308,-0.0024827175179613224,True,False,-0.3934528310440168,-0.0005782501391593842,0.07071255488887926,-0.0008341350097737322,True,False
18.4999815,-0.9002372106875127,-0.0069052359954540656,1.1837870781544906,0.010676167972812161,True,False,1.7693573448148157,0.0002961887171868309,-1.0024321646408954,0.001132719740874384,True,False,0.016826945121624984,-0.00020515570165804216,0.09271620821852272,0.000814616114469293,True,False
18.5333148,-0.7107882495470659,-0.0017493542220578713,1.7628652342480169,0.010857780883371403,True,False,1.7665633864218053,0.002980511776917916,-0.82336166268978,-0.0001177966302508883,True,False,0.29174815280862265,-0.00019760114428837313,0.14088117571239783,0.0022167786021721207,True,False
18.5666481,-0.4465024185230776,0.0015432796964175088,1.8776259077701527,0.002928142180644347,True,False,1.3582136980124295,0.002416622231051672,-0.6055049004243702,-0.0028633723833192534,True,False,0.3613234751115254,0.0009663182549436661,0.1799958630502188,-1.430983216545484e-05,True,False
18.5999814,-0.2267351685474768,0.0017664889695592318,1.5710328160244849,0.0055460849241877035,True,False,0.6008115895168702,-0.0004969362992009411,-0.3800567062714062,0.0007485836719965522,True,False,0.22253055105648295,0.001534972393702671,0.1934947066707013,0.00040400310457526024,True,False
18.6333147,-0.1367186247343274,-0.002749365960566096,1.0313257305878312,0.00977310254502188,True,False,-0.3139523226566234,-0.002559950541323103,-0.17435396614220394,-0.0010643853292667742,True,False,-0.050316688989564116,0.00026634971365421085,0.17846581008088117,0.000281640964214803,True,False
18.666648,-0.1977561237263875,-0.001477022920331043,0.5149297121782189,0.002600765703903957,True,False,-1.1159935461231403,-0.00663585369219619,-0.019677361713001763,0.0013516599517531455,True,False,-0.3207798781495691,0.00027201938005924365,0.13077344545749203,-0.0012568680309975751,True,False
18.6999813,-0.38103779813717603,-0.00524101710674421,0.25948747019242735,0.008035778277913895,True,False,-1.5554194637678322,-0.007625810249910014,0.053376105806527505,0.0022800857790212952,True,False,-0.43832116803066945,-0.002262866932280807,0.03906116942331821,0.0007035156406208136,True,False
18.7333146,-0.633793948497119,0.0008947679771120747,0.398938750948147,-0.0014787982394055597,True,False,-1.5037763312994674,-0.008359379108947997,0.030641808765820375,0.0015570412636226891,True,False,-0.30697406108707137,-0.0035945992306695216,-0.10218130396300999,0.0033481694182405145,True,False
18.7666479,-0.889327779249531,-0.001956667730018315,0.9003145977724425,0.0031822588164193443,True,False,-1.012360633695719,-0.00586092258653391,-0.07042112326939037,0.0007566106160151398,True,False,0.05874284099723551,-0.0007633368334514364,-0.27022608625763495,0.0007168989524293772,True,False
18.7999812,-1.0645485656255913,-0.0029490684743423896,1.5556211933257054,0.009570674024258014,True,False,-0.29725889141588624,-0.0031725404212910517,-0.19828796621001818,0.0007909003503213704,True,False,0.5279808394636365,0.0020707765814240034,-0.4077138368723405,-0.002054551230575528,True,False
18.8333145,-1.068711855072001,-0.004099856640400622,2.0515789884118427,0.013155797659433782,True,False,0.347527600138969,0.00022964068546165055,-0.2817223798864107,0.0005969079224132483,True,False,0.909012589246307,0.0033213331526374705,-0.4471994226883418,-0.00198856990369822,True,False
18.8666478,-0.8338117309014008,-0.0028655848111206962,2.098469580556719,0.012686827894570771,True,False,0.6733822669187852,0.001306314709274268,-0.25667307043957177,0.0004090760918330037,True,False,1.0369992435402722,0.0027135922080365788,-0.3509707522171614,-0.0003322429163926367,True,False
18.8999811,-0.35212429548807267,-0.0007868079376966233,1.5597365338902367,0.008454726054147325,True,False,0.581932684887142,0.0004713790403466072,-0.09688970338524892,-0.00028495673424488245,True,False,0.8460439102493031,0.0007900501588380711,-0.13530628230733358,0.002159609495038749,True,False
18.9333144,0.30167834936098464,-0.0024530170701105533,0.5216592101692951,0.009840954588483459,True,False,0.16372499852869513,-0.0017520882312872525,0.16417426351590883,0.0009222909472078846,True,False,0.3935697397843432,0.0005696588427912219,0.13504020685786342,0.0009223618682182482,True,False
18.9666477,0.9791717220315242,0.0021533356787057627,-0.7283651300602693,-0.0015930717902446466,True,False,-0.345786949834658,-0.0032170809898401593,0.43391487253661526,0.0027708360927845904,True,False,-0.16464218788825485,0.0003344404989776053,0.37199466514646706,0.0006739842519600622,True,False
18.999981,1.5016476193353796,0.006040979112298906,-1.8089027238381514,-0.009888111021949298,True,False,-0.6714382507006599,-0.004021532510172879,0.590570658493556,0.0019662290189317723,True,False,-0.6324850418346917,-0.0012783067101219084,0.49368940777389886,0.00147819081236258,True,False
19.0333143,1.7252892830058437,0.001370151815758651,-2.393647847807854,-0.0029612211146916195,True,False,-0.6185236806364183,-0.004742328987256,0.5354925205713486,0.004336738297063006,True,False,-0.8455781020866636,-0.0037972385247453085,0.4522772246485794,0.0033650669170509737,True,False
19.0666476,1.5981347276031517,0.006827503584369653,-2.3368026140454807,-0.012289279436519305,True,False,-0.15835883733908002,-0.002947673055944696,0.2468474897668472,0.004211930671133557,True,False,-0.7354319914298316,-0.002910753398648606,0.255604267275199,0.002552168719768446,True,False
19.0999809,1.1802575989217992,0.001920814613279167,-1.720987174821655,-0.003237588430933658,True,False,0.5555739358915178,0.0011893709066147012,-0.1926786509535261,-0.0003525554216671827,True,False,-0.35883649566136716,0.0008036430424813318,-0.029118664074996314,-0.0017374897218883564,True,False
19.1333142,0.617131402327894,-0.0013817337183058772,-0.8118853511645654,0.0030243783684396138,True,False,1.2477664551467949,0.0018156307573365515,-0.6150765847309186,0.0003292915891283666,True,False,0.12442885880830998,0.0009149095458778365,-0.29802257000556914,-0.0010983862526227676,True,False
19.1666475,0.07942058570507515,-0.0005959773896341007,0.05546710376304689,0.004044863482103673,True,False,1.6316463053042674,0.0059872223025122335,-0.8318083545780653,-0.004855422612085873,True,False,0.5149424581660719,0.0023095739749603513,-0.44904153801937413,-0.0018178134338132142,True,False
19.1999808,-0.2994763527916636,0.0003382375682630074,0.6047420666109035,0.0020166074117447725,True,False,1.5242337317423276,0.0030046406780575336,-0.7166010788148767,-0.0013098221782037436,True,False,0.6471705603757562,0.0008582275513784762,-0.4142686250575081,0.0018456301816663,True,False
19.2333141,-0.46015234927891163,-0.0019320407515088529,0.7073758153430704,0.0058609405511870745,True,False,0.9172771141202803,0.002229822055226706,-0.2659900654184203,-0.002663178006616139,True,False,0.44630690779967475,0.001494539031467627,-0.17644357003803293,0.00010416638532593195,True,False
19.2666474,-0.42266529628176464,-0.003293435306861283,0.40855806087893165,0.0062254130711023835,True,False,-0.021717734371657933,-0.0008942883958999958,0.3937934505151774,0.0038601247669799886,True,False,-0.0433722367152206,0.0030601948844868293,0.22287562330413102,-0.003065208267399087,True,False
19.2999807,-0.2683847286530581,-0.00038650132178471674,-0.1074680626684428,-0.0003908417727942712,True,False,-1.014583042261776,-0.00552569055855575,1.058296010375358,0.007384235983186609,True,False,-0.6643321859496429,-0.00025162638656280024,0.6799123187527406,0.0006753536939974063,True,False
19.333314,-0.10419464321483239,0.00026270111133585357,-0.5979990985616204,-0.0024984287210386997,True,False,-1.7734731512357844,-0.005968637771667542,1.5271708024110193,0.0074602613113484385,True,False,-1.1919013355129262,-0.0024010581456852653,1.0445189144349536,0.0035633623253305538,True,False
19.3666473,-0.01851499574833527,-0.002570051321264289,-0.8599421523439497,0.00019017821516078106,True,False,-2.0961845000498434,-0.005512841011983001,1.6734960566735078,0.0018378627635087094,True,False,-1.414782726278658,-0.004088301127619974,1.1671278743431102,0.004228324748054619,True,False
19.3999806,-0.04509407963013063,-0.001536577697498283,-0.8076468785307381,-0.00028952379830205334,True,False,-1.9226828749185003,-0.006566102898570152,1.472180330784632,0.007164127201175446,True,False,-1.2195529135484768,-0.0008430017703604199,0.9601243284823546,0.0010161488241635151,True,False
19.4333139,-0.1452681762192026,0.0012621563695425554,-0.5040397283331433,-0.0036185740165322793,True,False,-1.3409664006970428,-0.003969016274901947,0.99197532180912,0.0033427165602174687,True,False,-0.6385482231115436,-0.0007127264300424796,0.43910028772719145,0.0011260282388729638,True,False
19.4666472,-0.21266050407272552,-0.00043952787231014555,-0.1380945169816447,0.0003825840810120318,True,False,-0.5486149971043494,-0.0005428773161685822,0.36936121461797217,0.0015333632962335302,True,False,0.16062602378310897,0.0036595761168650262,-0.2770243453417217,-0.003614010267131101,True,False
19.4999805,-0.10733610189776185,-0.00014181471000426348,0.04766888003512484,0.0012844658494646874,True,False,0.21378560799844573,-0.00015758491449586803,-0.22629972266511209,0.0006496771974659896,True,False,0.9353632767766422,0.0031022699008363573,-1.0028075959882548,-0.0029827106613850504,True,False
19.5333138,0.27815112534364655,-0.0018251153970838484,-0.13623421312885897,0.00420665484346589,True,False,0.7360932447555835,0.0016526278239662499,-0.6347488324263907,-0.0008552317483089413,True,False,1.4511671928571457,0.00510009798736788,-1.5422273136098321,-0.00406949664381856,True,False
19.5666471,0.94247921744401,4.4225655421262074e-05,-0.7239222655307558,0.0013556286373661687,True,False,0.899140776260358,0.003399236051228995,-0.7507835242660247,-0.0036115937463438823,True,False,1.5598189652557255,0.006107142106105303,-1.7473227130360753,-0.006296962203403456,True,False
19.5999804,1.733428671130875,0.0020006657599715757,-1.5484351491765052,-0.0018980581424652288,True,False,0.7089593265719,0.0023973676284515686,-0.5650438018434376,-0.002230387070704559,True,False,1.2510057414927769,0.00661981847011282,-1.5677401541816907,-0.008065233624973321,True,False
19.6333137,2.3782603044352655,0.008439391151150681,-2.288368288283343,-0.012428999505873489,True,False,0.2957101229160917,0.0022662215554585083,-0.1830181586565136,-0.002313334639083933,True,False,0.6594126444631118,0.004538545443984188,-1.0753408876083803,-0.005518896681022827,True,False
19.666647,2.585657876816218,0.007878077196738201,-2.595723027549487,-0.011762187501951338,True,False,-0.12712720086765902,4.185974770681074e-05,0.19551708321073494,-0.00013178091392423204,True,False,0.01635014380321928,0.00014499938714181715,-0.4439395124767243,-0.00024871047134929637,True,False
19.6999803,2.171149327052066,0.005248445761948128,-2.24469858032846,-0.007765487024269959,True,False,-0.33712037879514034,0.0005802031591322826,0.34233673625942246,-0.0006498382563582171,True,False,-0.44302496112689416,0.00072625560114963,0.1188406723570888,-0.0010773766855908878,True,False
19.7333136,1.1424235346035931,0.0013633503286358448,-1.2289187217528612,-0.0009539362940113311,True,False,-0.19087161147191603,-0.0002941967035411001,0.09726602994054961,0.0008698262231093312,True,False,-0.5782621632494256,-0.0005218467916372238,0.4588459256096711,0.000726156117917114,True,False
19.7666469,-0.29076397552680444,0.00044656411198093206,0.230525278128207,0.00018566499426602044,True,False,0.3049451725815097,-0.003044878171924886,-0.5397054418767182,0.004750624649308066,True,False,-0.40112138734251146,-0.00047019532954212077,0.5381899410191351,0.0023430691772777738,True,False
19.7999802,-1.7784154440876212,-0.0006329835003390238,1.7583420481933543,0.002107839185931902,True,False,0.9746951263452391,0.003820733459405576,-1.3699843672188763,-0.005102826763905023,True,False,-0.06426364426349464,0.0029512022080025128,0.443553734515131,-0.0018434807997271345,True,False
19.8333135,-2.9427886828362095,-0.010032836752796342,2.951572742054442,0.017065325631355314,True,False,1.5316292667767362,0.006922830118955141,-2.052414155936632,-0.009853171530347588,True,False,0.21376265727664429,0.0035203842519228377,0.3374991907753646,-0.0009805571591421796,True,False
19.8666468,-3.511813844222527,-0.012474526218575041,3.523898390923915,0.020641419942033647,True,False,1.7000441001559359,0.008230023273076098,-2.247111275466331,-0.012220172545086045,True,False,0.25154819788106747,0.0006961369080402788,0.3773193507262828,0.0026835631760687255,True,False
19.8999801,-3.4226694448032866,-0.005959314555104452,3.4139370260889987,0.010802879913455571,True,False,1.3442446845825458,0.00513144226247058,-1.7785151995069475,-0.007693366133294556,True,False,-0.011588505531496157,0.002823291103119083,0.6382730833182307,-0.000821399985612632,True,False
19.9333134,-2.8390264712161697,-0.006191215768505274,2.8005027368320388,0.010973576064916243,True,False,0.5359009234427097,0.002145456574328285,-0.7287734325968042,-0.002634703109477946,True,False,-0.4850544025253318,-0.00011294712647751591,1.0699253093601357,0.0019177408676674225,True,False
19.9666467,-2.067733447275107,-0.002588725574631255,2.012147172039281,0.005442321465117525,True,False,-0.47309989438943234,-0.001242142767971893,0.5868368918533182,0.0023282956980025253,True,False,-0.9588713357371276,-0.0015360898472476486,1.5010719763639762,0.0036854366039882186,True,False
19.99998,-1.4193925702382,-0.00048080164426784854,1.3783900942289644,0.002342537510179029,True,False,-1.3547180129402316,-0.0038660088363714406,1.746379693078338,0.006584593584939456,True,False,-1.1864033228784878,-0.0029281578309946986,1.6975384316676512,0.005176626389598244,True,False
20.0333133,-1.081566756477811,0.0009108703167396018,1.0947215880791767,0.0006570220388907444,True,False,-1.836033054570022,-0.005503580582890234,2.389259392432614,0.009328344751005765,True,False,-0.9881864451399998,-0.0014718789725201586,1.4583952238178315,0.003370665945206216,True,False
20.0666466,-1.0588047092066928,-0.002187164523051373,1.158224976710317,0.005372354534605801,True,False,-1.8025540431394298,-0.006794587546938235,2.354687542689019,0.011450363938873784,True,False,-0.3372253164394574,-0.0015892383377167163,0.7157174130628496,0.004017220273025655,True,False
20.0999799,-1.1979446739531037,-0.001597363885224741,1.3937944908125877,0.004722067127203785,True,False,-1.3320688574432722,-0.00459172047046922,1.7339297535435814,0.008029543998299258,True,False,0.6086749688705376,-0.0010714307735374335,-0.4042353991709201,0.00324467974654566,True,False
20.1333132,-1.275189118261766,-0.0010207727799225008,1.5480544312630902,0.0044807483491094684,True,False,-0.6441103702273924,0.000509560989034093,0.8120064851098577,0.00012166945720348261,True,False,1.5469982125820456,0.003507475542590026,-1.5942064265622797,-0.0027384775922637485,True,False
20.1666465,-1.096819915274514,0.0017047241760258299,1.4019131215304457,0.001168502486827672,True,False,0.012122426383308989,0.004743197775178902,-0.07606616370327489,-0.007017642236945162,True,False,2.1399277670652195,0.00697269809780626,-2.467522461441926,-0.008212585015610271,True,False
20.1999798,-0.5721711586999134,-0.002103830956515549,0.8560321379662782,0.006519556616102437,True,False,0.4721742137104704,0.00018457209518385047,-0.6990840605046753,-0.00029406211978762913,True,False,2.1557579051325972,0.006526528719359322,-2.7180021269719745,-0.008942176051168404,True,False
20.2333131,0.26161034200413436,0.005465620081575786,-0.038400557939255044,-0.006005428460151456,True,False,0.7090664018543593,0.0022857712024109537,-1.0074898497014875,-0.0033805616720444594,True,False,1.5748783874635996,0.005595144867643102,-2.261548602671264,-0.008899861963230228,True,False
20.2666464,1.2663716877995514,0.008450519542984949,-1.1117008017220384,-0.011698631894870831,True,False,0.8015818158266333,-0.001675949618706635,-1.0999243520610071,0.002794375569970179,True,False,0.599807302554365,-0.005137393890741832,-1.2777951603508562,0.005143551773086569,True,False
20.2999797,2.2641258829103745,0.012765365568782312,-2.150769407687857,-0.017944843205607484,True,False,0.8512606218025609,0.00184169007515184,-1.1168366666588527,-0.0025220666924589542,True,False,-0.4381988111378854,-0.002374605486425504,-0.1257483318866016,0.0017240183498562574,True,False
20.333313,3.094965932778403,0.004829417215086658,-2.9713620135933927,-0.006081852215018663,True,False,0.9072171165215692,-0.00015826283511545655,-1.137222537472483,0.0013438415874669565,True,False,-1.2212512479688609,-0.00507961333062134,0.8151229482565289,0.004828840216228647,True,False
20.3666463,3.6439936303629756,0.014247290537526467,-3.4526160286994614,-0.019495754374761528,True,False,0.9424727759903263,0.0033841786149712305,-1.1387887262915721,-0.004553570961962789,True,False,-1.5614039282061596,-0.007033717523486519,1.2924638799681867,0.008817977099295488,True,False
20.3999796,3.8452473906680154,0.016723945965977427,-3.540646672969946,-0.023032902349737667,True,False,0.8877949491631878,0.002812455697202613,-1.035121945321708,-0.0030744893865186115,True,False,-1.4471624555101428,-0.005362504276861426,1.2561355973020085,0.0062000665685034454,True,False
20.4333129,3.681326348111824,0.01156286997839006,-3.2441821435837057,-0.01605172280114356,True,False,0.6933571287746871,0.0026382069959582314,-0.7559298022752834,-0.00393514983861762,True,False,-1.0156316208929057,-0.004391952361249093,0.8429237674574629,0.004597485449811928,True,False
20.4666462,3.1773974000220497,0.007497692975391176,-2.6252378685856885,-0.010072761527465819,True,False,0.3734311414381669,0.00013987764973472975,-0.31202777170684715,-0.0005031986908442379,True,False,-0.4734676772490366,-0.0023791358130140932,0.28889432427730544,0.0019727302017652016,True,False
20.4999795,2.388182853847318,0.008064228982575928,-1.7822154309584133,-0.010417727052603517,True,False,0.0031196721760592024,-0.003306013235688838,0.2009978467140503,0.006676033218113087,True,False,-0.0064871669550643695,-0.0017288704857276614,-0.1833970959874624,0.0012656464326237262,True,False
20.5333128,1.3963597196216546,0.011767072426434553,-0.8385625533653615,-0.015424932519762893,True,False,-0.3291979166574634,-0.0049798586772241546,0.662481811885413,0.008837983939491088,True,False,0.2806086910311441,-0.0018516216349196255,-0.4458844443752962,0.001954883939407952,True,False
20.5666461,0.32831388240728104,0.004257100497202334,0.057964125042143495,-0.004743939176282077,True,False,-0.5772115109221638,-0.006145442753332609,1.0030248476430246,0.010662455743341173,True,False,0.37227575615393177,-0.004240493566752578,-0.4800190486032852,0.005533133751970505,True,False
20.5999794,-0.6441374550223342,-0.0009142035270675328,0.7486695448296568,0.001128493383897947,True,False,-0.7560733472660959,-0.0028541455713371145,1.2349761447616578,0.004902008954848084,True,False,0.307679712498874,-0.0027064257756823475,-0.3352006637204267,0.003554162917428815,True,False
20.6333127,-1.345983184553295,-0.0042851406699946125,1.108967690937078,0.004138648421222472,True,False,-0.908883887925704,-0.0018943153754496615,1.4103773655159904,0.002943525739108933,True,False,0.13746810092079473,-0.0027743793467024476,-0.07377587963429547,0.003656772379444043,True,False
20.666646,-1.6675298778089347,-0.0029932633400513073,1.1037183145693186,0.001648018991787842,True,False,-1.0470896930085545,-0.0038156334395574964,1.5423388170695946,0.006917876276506406,True,False,-0.09704746740374719,-0.0020413626970450945,0.2560132202257416,0.0029182424279075463,True,False
20.6999793,-1.6099935981504032,-0.00206287178004238,0.8092482871592948,-0.0018200641277936198,True,False,-1.116545274178244,-0.004809717965483751,1.5607620536629154,0.00711473944992681,True,False,-0.3561412004504876,-0.004479947748797276,0.6096761736327779,0.0063433054195077155,True,False
20.7333126,-1.2792238163291878,-0.0010646468562182138,0.38240829202155907,-0.003852985090495525,True,False,-1.0229594163845432,-0.008688625903826727,1.347358637132714,0.013444985697057238,True,False,-0.5824901623199081,-0.0009105507532575443,0.9196692590030149,0.0008996796581629961,True,False
20.7666459,-0.8396320141252258,-0.003090755826623182,-0.0028850196771253176,-0.0009516874309801078,True,False,-0.7027798137013447,-0.0071496169873722214,0.8299382597343816,0.010632947463237846,True,False,-0.6947078007196121,-0.0038381606074012783,1.0836627545699755,0.005265473251468718,True,False
20.7999792,-0.45863683084234713,-0.0014827071311576503,-0.21503247607060325,-0.002810407319597139,True,False,-0.18702881164554572,-0.004241222980758366,0.06527941672009012,0.005801342604011884,True,False,-0.6104972743594032,-0.005507982574980128,0.992122092179089,0.007953054786510738,True,False
20.8333125,-0.2616087319386618,-0.0013114631456793617,-0.19750911721327036,-0.0022411294035401988,True,False,0.39235115331632114,0.0009419809585936021,-0.7564531771935634,-0.0032312040606939075,True,False,-0.29509737687035087,-0.004746856795393879,0.5921684390541153,0.0070014808456042125,True,False
20.8666458,-0.3034822120690014,0.0005408712544845187,0.027819009812295403,-0.0043446877585294925,True,False,0.8614534653146053,0.0020551595080298933,-1.3950749753856895,-0.004853203187322639,True,False,0.1964009963322198,-0.001046171832519353,-0.05303545954126684,0.0016447299904614884,True,False
20.8999791,-0.561659995735019,-0.005692637818792305,0.3824684885402316,0.005107196070452997,True,False,1.0881473753513273,0.0005045668091883409,-1.6751057865495516,-0.0017641830190172497,True,False,0.7195277853053949,0.0004744282321782421,-0.7597501410278623,-0.000964320918803471,True,False
20.9333124,-0.9530689501179688,-0.005024587187127899,0.7700064472885859,0.004538577973992437,True,False,1.0367957994914874,0.00018044782089445433,-1.557938862853889,-0.002027793330999382,True,False,1.0923863719559495,0.0014377100320902714,-1.2882281910421356,-0.002292209961268976,True,False
20.9666457,-1.3648583963310106,-0.005864246378471772,1.1124571429363599,0.005116207428929468,True,False,0.7683563891424816,-0.002832480082520548,-1.1374819080736378,0.0036882026169994045,True,False,1.1734332768888243,0.0034200790790348467,-1.4439460618975208,-0.00524889594928831,True,False
20.999979,-1.6807922196014433,-0.00296153820847401,1.3632246714339986,0.0002887214471380199,True,False,0.3995602459969622,-0.0006317764746523518,-0.5797200938304459,0.0011710393803146875,True,False,0.925345949519075,0.0031244467434264366,-1.163091794838137,-0.004751223275120323,True,False
21.0333123,-1.800210211675268,-0.009800939010973448,1.496783937459156,0.010320591143903006,True,False,0.05277966233737387,-0.0007359016495179129,-0.05178706612651777,0.0005828429710920913,True,False,0.4324736472906908,-0.001494592253302271,-0.5393892970442397,0.0019027987646896658,True,False
21.0666456,-1.6615262222351261,-0.007297064809043221,1.497227754128396,0.006722751766694383,True,False,-0.18166550993072883,-0.003281570408659458,0.32674010851622304,0.005007644134929569,True,False,-0.13758868802476154,0.00021234407117267235,0.2203654587106533,-0.0008337087622220787,True,False
21.0999789,-1.2709118192187248,-0.008767174462692666,1.3608873354735045,0.009483007788522117,True,False,-0.2667530016318033,-0.003214633799696535,0.5045645019494244,0.004675760021903374,True,False,-0.6075182235361287,-0.002413953940300153,0.8864429002135865,0.003275830055931237,True,False
21.1333122,-0.7148640241366784,-0.007230068025279682,1.1053132378566517,0.009058029190232957,True,False,-0.22424323644567165,-0.0031744766543962567,0.49770695241696206,0.005051469005825593,True,False,-0.8612194873203729,-0.00109106408145815,1.29592965771604,0.0021116282911139545,True,False
21.1666455,-0.13515583913524662,-0.0007248678619446155,0.768549787963058,0.0013647590007026243,True,False,-0.12144116314157562,0.00040837046548094076,0.3703931334211203,0.0005058111113740684,True,False,-0.8817980361454633,-0.0018302223799556135,1.4046142173137883,0.0031225187167063517,True,False
21.1999788,0.3288052466459914,-0.0014834953764176464,0.3955710100111441,0.0020731116265184524,True,False,-0.04166953743490357,-0.001702990039975042,0.20400509258148292,0.00304140478078036,True,False,-0.7451908445065698,-0.0006373659114532016,1.2851970084850741,0.0014587321289318946,True,False
21.2333121,0.5949641639432651,-0.003332290388186711,0.027177108814455224,0.005210930027045625,True,False,-0.05194610300378938,-0.0037683251564485072,0.06804106146246702,0.005728589437882239,True,False,-0.5755606744314659,0.00032970477454277914,1.076835429576311,0.0002814545495805374,True,False
21.2666454,0.6546249655095103,-0.0054628204288880875,-0.2935200023199783,0.00654496499093836,True,False,-0.17992077899324554,-0.0003114014846550929,0.0022340542329509013,-0.0008698094696708258,True,False,-0.4818727497087055,0.0018857211533199714,0.9092476133409606,-0.0025751655774533836,True,False
21.2999787,0.5500417389366538,-0.007260816212958371,-0.5083394523434153,0.008122569364309842,True,False,-0.400811128275522,-0.0019079228786255547,0.006357740243706139,0.0022875433531954763,True,False,-0.5036986948523019,0.0016151610434724808,0.8370956266247532,-0.0014308430694633318,True,False
21.333312,0.3504984774177914,0.001326550934074003,-0.5578590628162376,-0.005288127672144802,True,False,-0.6346904975643531,0.0017200225584885378,0.036178013335578414,-0.0057690942347797015,True,False,-0.5930990795120417,2.2414919118626713e-05,0.8181643322895066,0.0007672664973835789,True,False
21.3666453,0.15320209168851742,0.0003522787132653531,-0.43295511708054624,-0.005707418373901923,True,False,-0.7651553098775505,-0.003246122579734589,0.01803820813150291,0.003372396946590808,True,False,-0.6426164552827346,-0.000385202832031554,0.7451670998408838,-0.00010977490699388871,True,False
21.3999786,0.0863386637649431,-0.0033705670946382526,-0.22192230650896763,0.0021350499078677224,True,False,-0.6883283743628192,-0.003756892752487087,-0.10724261828292841,0.0022846160275316056,True,False,-0.543692637096489,0.002926888826898564,0.5087551803914547,-0.0051590807999520516,True,False
21.4333119,0.269613883601161,-0.00797773829563086,-0.09113620665080428,0.01040897859587388,True,False,-0.37603368471984566,-0.0032462410748916645,-0.32929095239210243,0.0033695359655315435,True,False,-0.2454102456252618,0.0008453296725542023,0.0573015381461381,-0.002873543163934332,True,False
21.4666452,0.7329175237256695,-0.0049200053822984575,-0.19064147419380909,0.00690410833598683,True,False,0.08828508046778599,0.0012152052276356814,-0.5469991326107287,-0.006307345593357754,True,False,0.2115665808772896,0.0012746191524475978,-0.5681558515683848,-0.0021201225528571814,True,False
21.4999785,1.3563987549758758,-0.0007311552914126279,-0.5509327731531264,0.0025772667333193618,True,False,0.5350147600614671,0.004417837516668533,-0.6113835159644798,-0.0044960367950805605,True,False,0.7006928263919422,0.0047310779697470095,-1.2347924442619562,-0.007753948445195572,True,False
21.5333118,1.896141535574517,0.0048398563104881005,-1.0498416659994065,-0.004345055115919421,True,False,0.7882666016389357,0.004551457751514736,-0.41156853096007684,-0.0029558816495223357,True,False,1.0590120162940913,0.007648864507781774,-1.7624296360277818,-0.01241745519655654,True,False
21.5666451,2.0947069294454006,0.0004447314801822334,-1.4714861552622724,0.0010217449260196726,True,False,0.7544240342671806,0.00484524058228731,0.05170280066350932,-0.0032791912632528864,True,False,1.1625212950174781,0.005503232723025564,-1.9992374027707107,-0.008840131356716527,True,False
21.5999784,1.8132658803602708,0.004063619231694764,-1.6174949004193153,-0.006785328708430601,True,False,0.46900779637106016,0.002487142196639624,0.6490350146806027,0.0016166490705870435,True,False,0.9874475393206726,0.00556051378080784,-1.888693379536423,-0.008547424991686424,True,False
21.6333117,1.1125460078399751,0.0012992887372178497,-1.409941141524735,-0.004840282258435089,True,False,0.07903828302076323,0.002308007506047647,1.1697051796881988,0.0014548041359095413,True,False,0.6231138517076874,0.0018269970441870047,-1.4917217304969863,-0.0051855151626832895,True,False
21.666645,0.24042953125835156,-0.0005919116602075329,-0.9354331093747285,-0.004101454169313659,True,False,-0.22700615757827694,0.0013472511609735423,1.4100998871945358,0.00345691382823955,True,False,0.23301191804528468,0.005117230729221926,-0.9610146785324047,-0.010532707450623593,True,False
21.6999783,-0.4756929009685427,-0.0052888892528148174,-0.40265544985001855,0.003469461379625997,True,False,-0.3068956500835044,-0.001496454806474025,1.263356068300574,0.004485265418819661,True,False,-0.01364617662731779,0.00019554421617863765,-0.4852503722353345,-0.0020911199884167033,True,False
21.7333116,-0.7899766325731437,-0.009294433940322323,-0.025794816147293786,0.010458231914725185,True,False,-0.12913195375532147,0.0025838528359835118,0.7690956084507895,-0.0006550506426460473,True,False,-0.011447548885842233,0.0003197541094698089,-0.21976927757460488,-0.0008896838503447056,True,False
21.7666449,-0.6719030135376941,-0.00467006196172185,0.10354385495248718,0.005192413678542609,True,False,0.2168725682318961,0.0041568897317637975,0.09781132132236164,-0.003613698732545345,True,False,0.23756559107564737,0.00047895176540628195,-0.22525769908837628,0.000668934986390527,True,False
21.7999782,-0.3303363743172315,-0.002460932035532334,0.07248302185690972,0.0035866189022605494,True,False,0.5692990967108695,0.0049179496260617,-0.5247568376232492,-0.006338134625902128,True,False,0.6280116802051466,0.005203990992045499,-0.44763106746540454,-0.007831010956772154,True,False
21.8333115,-0.10103346511526302,0.0007230043095908918,0.08700957136628285,-0.0015835734255830586,True,False,0.7734728978186101,0.00760339941463546,-0.9158751089545837,-0.010570884283505133,True,False,1.0035005869835314,0.004069886495146087,-0.7551726182359072,-0.00511210282192047,True,False
21.8666448,-0.25482641238220255,0.00582362768555142,0.3303281100408432,-0.007695603464039385,True,False,0.7496771770618341,0.00522209412287298,-1.0064807455767528,-0.006738628283899162,True,False,1.2266603003325551,0.0017749987901443582,-1.004904577952638,-1.2897840823025867e-05,True,False
21.8999781,-0.8386118153934043,-0.004415796163418681,0.8333900880919928,0.007435707584272938,True,False,0.5170050960587489,0.002774646627815207,-0.8500119502465295,-0.0033581818284624974,True,False,1.2286031322777216,0.00231848038908653,-1.0937875907776518,-0.002062999653753961,True,False
21.9333114,-1.645202948244181,-0.009549703909847015,1.4450468004637593,0.014654994838994509,True,False,0.16879143899455346,0.004158721356475306,-0.5728684380716382,-0.00684666783280012,True,False,1.0221271252825235,0.004653314538699893,-0.9796487109962606,-0.00676932842824028,True,False
21.9666447,-2.3228645739537157,-0.007853086325628896,1.9141231653077853,0.010574637999970552,True,False,-0.17790746560967455,0.0018223189302479998,-0.3039674282774991,-0.004016020965944359,True,False,0.683845578654813,-0.0013573630627332258,-0.6811773196857885,0.001542217597431996,True,False
21.999978,-2.5461740081324833,-0.0021975538434020315,2.0166024827515407,0.0010493499552979633,True,False,-0.4285876304933227,0.0018020918546400538,-0.12437466390600825,-0.0036673435675718476,True,False,0.3148797413100113,-0.001488224593347139,-0.26094564639203516,0.001886987809981036,True,False
22.0333113,-2.1548574990018974,-0.009533732733814986,1.6534081371705711,0.013242689851914987,True,False,-0.5348101697170259,0.003541987592665446,-0.05563466686266205,-0.007297505347774969,True,False,-0.004257962711319247,-0.0018527603108924482,0.2045685195941743,0.0032062397670759163,True,False
22.0666446,-1.2151202663418252,-0.0015194017194349195,0.8910949415253904,0.002708610794786343,True,False,-0.493930604873047,0.0032334696022108616,-0.07987399965268406,-0.008025664177772866,True,False,-0.2413850553771701,-0.002337222146050374,0.6497682402649101,0.0020077731382002707,True,False
22.0999779,0.002709423542326433,3.585862224870495e-05,-0.053773259207925445,0.0009137730772500271,True,False,-0.33738839399885445,0.0011087909378436772,-0.16694472281679698,-0.002917357563240985,True,False,-0.4102745605847328,-0.0019377185239577467,1.0259151971375122,0.004356036018153712,True,False
22.1333112,1.1211019503769382,0.0012949439845588513,-0.8843772313114281,-0.0004258155951825744,True,False,-0.12084886759738901,0.0036973783356776787,-0.28391389322333666,-0.0060588294036265965,True,False,-0.5479432530151666,-0.004794375261696428,1.2974333910267823,0.007966864812733431,True,False
22.1666445,1.7999551022015845,0.0058785597591558825,-1.3349554739800629,-0.005796158006674214,True,False,0.08252950403929306,0.0021328667729895593,-0.3850714377068783,-0.002816415256407293,True,False,-0.6909360607062321,-0.005388627309155025,1.444728084540878,0.0060888615098609305,True,False
22.1999778,1.8813197401399866,0.011676237178383108,-1.2891537248803209,-0.014186932433775674,True,False,0.19443711968254226,0.0036874345656759473,-0.4044831791761147,-0.0050874718891656965,True,False,-0.8608261208565725,-0.004621574980683451,1.4749740134944964,0.008626568795514265,True,False
22.2333111,1.4713900938648212,0.007986081038086405,-0.8513129828619455,-0.00915332202058986,True,False,0.15540568355291415,0.004035626197952121,-0.27348339683334566,-0.006703427311171218,True,False,-1.0574704796467223,-0.006703369318946638,1.4291278995954895,0.008779211396762793,True,False
22.2666444,0.9007997832627156,-0.0004586411115084188,-0.3151393254091122,0.0034631249841825503,True,False,-0.0447442968553548,0.004787983806260337,0.03670780656587711,-0.007283839208953963,True,False,-1.2570183155299666,-0.0064889943136067505,1.3729281238160063,0.008100018405869281,True,False
22.2999777,0.5575173645146961,-0.0012979232043161518,-0.019622819767633318,0.00465819674257374,True,False,-0.3468250788034647,0.002350881504496815,0.4740041865590582,-0.0032264257519590686,True,False,-1.4151771253127101,-0.0068309176539570245,1.3668325490286934,0.007452292621119626,True,False
22.333311,0.6746077952933783,0.0011832274761461544,-0.16276443834302504,0.00014003033271319985,True,False,-0.6318507059674121,0.0023891579469008132,0.9019366468874702,-0.0030223249594258307,True,False,-1.4771814058099138,-0.006583865548534628,1.4241449167050972,0.002849257555471929,True,False
22.3666443,1.1981742198625827,0.003158414928344906,-0.6855187572873477,-0.0023144351697774127,True,False,-0.7662529852268064,-0.0009810740827277623,1.1493435509227083,0.0022223900183295084,True,False,-1.39565653682791,-0.006339543523647517,1.4853731372313943,0.006933312067477438,True,False
22.3999776,1.813577975661685,0.006717220498473125,-1.2969288830574224,-0.006792431568612815,True,False,-0.6659615764849884,-0.0005827714917391183,1.093502137949832,0.001852788824283844,True,False,-1.1552495868493216,-0.008974204577343298,1.4402271028844629,0.011239742631025968,True,False
22.4333109,2.1131767948541924,0.013251045692476805,-1.6261118324480366,-0.018260390465292622,True,False,-0.34528340625200293,0.0005604348348828493,0.7306328956560502,0.0005399732732992871,True,False,-0.7941394318642346,-0.0051844585750773185,1.197133040941487,0.00860426199322058,True,False
22.4666442,1.810320961841608,0.00892317532615693,-1.4159762495343018,-0.012204210940687764,True,False,0.08144675629957887,0.003378661319816104,0.1884052446872659,-0.004122883224047769,True,False,-0.40446668712698713,-0.0042363934675593625,0.754483473044668,0.0039850949589851055,True,False
22.4999775,0.8808679121747143,-0.001051659791850734,-0.6504437758290339,0.0030098159141273336,True,False,0.4522432825220191,0.005933718707409925,-0.3331044761043351,-0.008617731368080682,True,False,-0.10097862378508331,-0.004935339705437971,0.21924480258168857,0.004730985204837372,True,False
22.5333108,-0.43644376910501603,0.00026639528451053877,0.44877080739611036,-0.0007680817050242407,True,False,0.6361040961585899,0.006206833445076089,-0.6594146740688727,-0.009562351692933794,True,False,0.032494598913639004,0.00012252332045152643,-0.24247335893274252,0.0009043054885349436,True,False
22.5666441,-1.7572032445630505,-0.004776447559567873,1.5332290813094094,0.005849651921135853,True,False,0.5915820502775017,0.0023421772837048807,-0.7186705214083261,-0.0035727447342538132,True,False,-0.008039243539862725,-0.0010144056923960013,-0.4938572811908066,-0.003870226076628448,True,False
22.5999774,-2.7057501437852998,-0.004742934873547412,2.2704153296464984,0.00560421826902742,True,False,0.37340840975058653,0.0012105340129658193,-0.5543888519856304,-0.002496277913292509,True,False,-0.13399131332645292,-0.004567597049809276,-0.5044008179246603,0.0001389715040150791,True,False
22.6333107,-3.037939964974105,-0.004589547020392888,2.454217787173618,0.004249831929957134,True,False,0.0929411563642433,0.001428793188707276,-0.2801634600265317,-0.0032475523582452333,True,False,-0.20362326850475443,-0.0036648916364083405,-0.3690368016886119,0.002298289291365856,True,False
22.666644,-2.7039441124335166,-0.006097716356701463,2.058510655892014,0.006428112169939703,True,False,-0.13470713327748204,0.004019922743235676,-0.01894672797029303,-0.007196988879009083,True,False,-0.09449716302014699,-0.002641968644387928,-0.2567467879347609,0.0008868047801113211,True,False
22.6999773,-1.8506192553303997,-0.00459612288599163,1.2343351941047604,0.003947636577226014,True,False,-0.23020424531251693,2.518955095231879e-05,0.13909387349300015,-0.0019873542661699496,True,False,0.23402921964286502,0.0014893273362433738,-0.3217892545840364,-0.0036155835976072006,True,False
22.7333106,-0.7700902065108509,-0.0016758028246314216,0.2573313698341491,-0.0008446101051830414,True,False,-0.17158758562745952,8.321004416846337e-05,0.1568827332636931,-0.0018190655471130108,True,False,0.7182654792751914,0.00023958390416966443,-0.6259723579454414,-0.0013719156549599296,True,False
22.7666439,0.19722329456681575,0.003552997721732055,-0.5657862548554096,-0.008032894861848421,True,False,0.0003182463139788182,-0.0015180238952073738,0.056088649446325654,0.0006935014558325057,True,False,1.208908135544015,-0.0006143105040356973,-1.1013648190222902,0.0009664022453240631,True,False
22.7999772,0.7818254452511298,0.0063872392552273855,-1.0078040368242076,-0.011863114702380368,True,False,0.1993656661588534,0.0034803716951484214,-0.09641155843316952,-0.004768831872463094,True,False,1.5216611412549645,0.0036059951421947524,-1.5676227446484103,-0.0050144904782131235,True,False
22.8333105,0.8802466558489259,0.0025746649871031483,-1.0035218291712993,-0.005833738193088188,True,False,0.3373137191182653,0.0037389106505727556,-0.2269042205860164,-0.006764878116631481,True,False,1.5120720097908005,0.006798065764961558,-1.8112587661266715,-0.012426457457980145,True,False
22.8666438,0.5801720347214842,-8.11259141784684e-05,-0.6623991078322697,-0.0009410110433030989,True,False,0.3723306997502169,0.004388684472111295,-0.3005277525525799,-0.00889941778685883,True,False,1.1522818147907554,0.005344093027901498,-1.702111395955418,-0.010142307340034889,True,False
22.8999771,0.1069513407937534,0.005370009850185819,-0.20797949805627233,-0.010438237396872259,True,False,0.32703305157348506,-0.0020512735537433647,-0.33650728524707607,0.001573931357645321,True,False,0.564609782261546,0.0023494112738875,-1.2771864513437752,-0.006190671984602719,True,False
22.9333104,-0.27716269305274754,-0.0015221646060038535,0.12101189456559293,0.0001982989140096295,True,False,0.25993700441531403,-0.0004635600714948932,-0.37324348384936196,-0.0011475633166180364,True,False,-0.02259075119342663,-0.0023840995477031127,-0.7273934593262874,-0.0002633991410367309,True,False
22.9666437,-0.3799228262524529,-0.001316072395119876,0.16735477632141077,-0.0007910087255412509,True,False,0.2147840927766215,0.0002697770903080241,-0.41261156931038956,-0.0018224256624507352,True,False,-0.3807051227660839,0.0003358687597412138,-0.2923762168388077,-0.003973338829144584,True,False
22.999977,-0.1565426622254589,0.0002931042496980494,-0.08102356181240668,-0.002883050355112996,True,False,0.1898733764593488,0.003006181443055142,-0.39822689034749315,-0.008676321149682305,True,False,-0.3879353768544274,0.0007645406881378587,-0.13419517894342972,-0.004561940653994044,True,False
23.0333103,0.27389485357742055,0.00018885304042902463,-0.48603993210486174,-0.0026638005864271824,True,False,0.14610223324002145,-0.0008037065820049005,-0.25049441319566074,-0.0038803456363446453,True,False,-0.08021523040863725,-0.00037551246502442846,-0.2626198293470046,-0.001261547413046335,True,False
23.0666436,0.6867142630143747,0.0038068271000988923,-0.8230331948187989,-0.008114259406841073,True,False,0.03913337063647621,0.00011723496672888959,0.07159102095003117,-0.002926822174900954,True,False,0.37354662997602794,0.005524199073938793,-0.5412762147834134,-0.008146618314583617,True,False
23.0999769,0.8629830165113729,0.004213795287684866,-0.8907732413322225,-0.008789241354345686,True,False,-0.14801037308575138,-0.0007080893851329673,0.5291028268118046,-0.00011566463300518795,True,False,0.7533026281724068,0.004772944074218407,-0.7617989862878282,-0.007406777500220647,True,False
23.1333102,0.7017601007306766,0.00593392924577037,-0.6166623703125524,-0.010786850146732092,True,False,-0.3861590821984349,-0.00013858860787855176,1.0057110251184496,-0.0009230137758947429,True,False,0.8845522205985129,0.004792147402604697,-0.745614065977196,-0.007326708785227755,True,False
23.1666435,0.2736949885473391,0.0012704068476707476,-0.09897018925864241,-0.002089542779606319,True,False,-0.6020952846673208,-0.00307590053453828,1.3486720241496464,0.0029224705870787822,True,False,0.7047816002301682,0.0014376109901682202,-0.422654940927497,-0.0014441032925394557,True,False
23.1999768,-0.21815201279154497,-0.0038469051044726656,0.44452099332415695,0.0054126883141531945,True,False,-0.7040206476781334,-0.002382815367986902,1.4292629602499762,0.0030212007080864366,True,False,0.27749349849316696,0.005303840154178104,0.14467225708048032,-0.0065887349057920964,True,False
23.2333101,-0.5492751017714809,-0.005608444641192651,0.794250318914629,0.008174703930235888,True,False,-0.6221801065692731,-0.004261036289386248,1.1980279087013919,0.0027346752817433866,True,False,-0.23937162246483415,0.00029880944795994635,0.7900865733868784,0.0009054011288822485,True,False
23.2666434,-0.5844569787087125,-0.00022592912835424042,0.8360390174892023,-0.00042292847392494523,True,False,-0.3449332231916851,-0.0015663385039067202,0.7090053971613809,-0.00023959592221195087,True,False,-0.6529911616846368,0.0015403579419764099,1.305099249306551,-0.00256330982437907,True,False
23.2999767,-0.31837599959349816,0.002778137438947112,0.5889987570828702,-0.005217848189730289,True,False,0.06938219495660114,0.001059375753675911,0.09870643956698075,-0.005130953513169099,True,False,-0.805946648000934,-0.0013647656650283971,1.5140890954173223,0.0032124918413577687,True,False
23.33331,0.16179246758328145,0.003314598944935469,0.15344476741428772,-0.005341828063018106,True,False,0.5102107595901729,-0.000659037308385677,-0.469951301113744,-0.005102050670242942,True,False,-0.6363401778180751,-0.00020353886420077508,1.3416750801592887,0.0016552217742482754,True,False
23.3666433,0.7373985821432598,-0.0002213289580058857,-0.35868186911130184,0.0005948266853867116,True,False,0.8513537094614284,0.002055992442945895,-0.8680557174185038,-0.006239084415354263,True,False,-0.204686447566504,0.001944572752320261,0.8476351110353397,-0.0017250803777566174,True,False
23.3999766,1.2882368416907197,0.0008353050823053429,-0.8520168026530092,-0.0009825378241420204,True,False,0.9909529880358194,0.002588508453677017,-1.035684417908882,-0.006564341359849867,True,False,0.32511491002457177,0.001448390067733407,0.21158973367380174,0.00038381590646529564,True,False
23.4333099,1.6885312579588543,0.002568687245318562,-1.2332061445194353,-0.0029666947344608252,True,False,0.8834997354949893,0.0006870894260190697,-0.9818724540497417,-0.004441364808634649,True,False,0.7445837657172018,0.00207274753989039,-0.330414113472052,-0.0030305526099338362,True,False
23.4666432,1.8068014989874315,0.003200781802747469,-1.396552218911263,-0.004590503119116777,True,False,0.5555784374075662,0.002410141254881098,-0.7612039814935015,-0.005885863424647551,True,False,0.8786539269492046,0.005716387278830289,-0.5751488909196485,-0.00649910141767386,True,False
23.4999765,1.5393454732983511,0.004023602089021597,-1.2455797433498579,-0.006236248381141075,True,False,0.09978825609633826,-0.0005370544037540258,-0.4470178541896843,-0.00453934749768588,True,False,0.6550169793536028,0.0025306336615340255,-0.4321718993840881,-0.0021929130484006493,True,False
23.5333098,0.8696008927899277,0.0032567148614034546,-0.7470988047957263,-0.0056102305011619304,True,False,-0.35387811642103034,-0.001185806140056464,-0.11445617781693224,-0.005774104978971754,True,False,0.13448780431583213,0.0010180793664373005,0.043250810368941045,-0.0007596838678108796,True,False
23.5666431,-0.08444277443791202,-0.0006467056632632658,0.018643180795989516,0.00014776878800840156,True,False,-0.6828746314553767,-0.0038487315485391596,0.16764592251214055,-0.0013455774401174426,True,False,-0.5156577020508584,-0.003330276232529678,0.6819886493136038,0.006004514403852058,True,False
23.5999764,-1.0755854594250618,-0.002353698766835275,0.8532277878742027,0.002498858996580028,True,False,-0.8173868352089879,-0.0032499133682037185,0.34455555956527134,-0.0019388101387526131,True,False,-1.09269366478403,-0.0035618574107939174,1.2759519421929828,0.003548986061492202,True,False
23.6333097,-1.802013356661926,-0.005524249696760828,1.4988958354830373,0.006343848805665498,True,False,-0.7652388064206622,-0.0012642553843737385,0.3864333361915605,-0.0035675323093719955,True,False,-1.4353258235864434,-0.0036909281079954225,1.650019439938346,0.0036071062836201956,True,False
23.666643,-2.0297759325028695,-0.010995113773425175,1.743044630441352,0.014735112367466108,True,False,-0.6041203301787775,-0.0023874498647095846,0.29725751985230253,0.002614337219885222,True,False,-1.470705622835212,-0.003978831084332086,1.7001771240685901,0.005193525429668882,True,False
23.6999763,-1.707123783516661,-0.008485648929983667,1.5192926430435372,0.011288970645598362,True,False,-0.44581531951214354,-0.002776140572271538,0.11426377262300887,-0.005350619587532338,True,False,-1.2205483404177957,-0.004556362235676052,1.4012507783929256,0.006461838522770925,True,False
23.7333096,-1.0023927099715493,-0.002189023099584887,0.9452405414909923,0.0024538915988394252,True,False,-0.3873484636960997,0.0007365375488050076,-0.10707509052350342,-0.004171896200688737,True,False,-0.776563559667445,-0.003409409789705179,0.8015799256787617,0.005140463153815759,True,False
23.7666429,-0.23002820034322674,0.00024154680592605458,0.2656135587665403,-0.0002558460117445987,True,False,-0.46580081331461015,0.00017168973592509134,-0.3170515216309379,-0.005282372433704322,True,False,-0.260701093684252,-0.002271418129693429,0.010108581600617386,0.0027231696100748362,True,False
23.7999762,0.30053953599724326,0.002586452334993455,-0.2694406521634566,-0.0038749448040871254,True,False,-0.6360633292622441,-0.0013748064027444364,-0.4876167046531113,-0.003247455352745585,True,False,0.21622336247006513,-0.0006435955066878849,-0.8286158865836887,-0.00015706762674648684,True,False
23.8333095,0.426840912437399,-0.002008289668456341,-0.5173760692840377,0.003113096818064141,True,False,-0.7874964580626997,-0.0037803560550628036,-0.6086078331475808,-0.0027302928100264856,True,False,0.5843493640695601,-0.0009643195800001989,-1.5692144088338755,-0.001358012310546049,True,False
23.8666428,0.1916226405442748,-0.0006936430971953264,-0.4873488326390247,-0.00014345127445947357,True,False,-0.7949218004131801,-0.0024627634089052085,-0.6730503564515672,-0.005232827990606292,True,False,0.8223041824630845,0.0001971580885775897,-2.0965267231259084,-0.003399643207143859,True,False
23.8999761,-0.199393300676417,-0.0024529875349533136,-0.3068284391745152,0.0014672331596165447,True,False,-0.5754067852076576,-0.0024795880266473658,-0.6709511993352486,-0.0026190101399577973,True,False,0.9415608090594582,-0.0030177882620828324,-2.3399834838168645,0.002022021726247123,True,False
23.9333094,-0.4856528872193265,-0.0012722055786347933,-0.1430912129926308,-0.0009248882177198073,True,False,-0.12013485460339159,0.004577182172538205,-0.600182307739907,-0.01146153217025416,True,False,0.9609978119036974,-0.0005241105402605263,-2.2731710752939605,-0.0020664877747574423,True,False
23.9666427,-0.47389184657810407,-0.005250310627661167,-0.11964675797667604,0.005802670654981716,True,False,0.5066347554484951,0.0017660601781052847,-0.48139799989785603,-0.001658744612678625,True,False,0.891803233036092,0.002071861175688517,-1.914083687149669,-0.0044994037753622994,True,False
23.999976,-0.1272799266291417,-0.0003807253071927569,-0.25871247451430807,-0.001291098299514842,True,False,1.1857191311012425,0.0026198564872558245,-0.353635114830122,-0.001195964796823632,True,False,0.7405193432526006,-0.0015730519319863104,-1.3318335405868051,0.0003480053801971448,True,False
24.0333093,0.4128553515765286,-0.000659179825572238,-0.4711172574206281,-0.00022257004112079818,True,False,1.7632622243365146,0.0051795386457787595,-0.24517910294614242,-0.001545699443415775,True,False,0.5176749028404326,-0.003592170796630676,-0.642149195943584,0.006163207298137803,True,False
24.0666426,0.8843702377067064,-0.0002310419391230073,-0.5989337961655149,0.0018462184321124749,True,False,2.077666092977602,0.0044488390931859845,-0.1444227760057867,-0.0008204987193244378,True,False,0.23900047536480906,-0.0021383942644243197,0.023363636844778303,0.00517313961150093,True,False
24.0999759,1.0208174341309513,0.007298829438490747,-0.4936356596350353,-0.00775135719634686,True,False,2.0049235760316972,0.00875712702194058,-0.0004029004824551208,-0.003362536640863683,True,False,-0.07643052506859813,-0.003496143195121279,0.5590816536333716,0.00674068281771057,True,False
24.1333092,0.6784465922004842,0.0016721819644340576,-0.09498835268523204,0.0005119311926274616,True,False,1.5157582619338745,0.007957358054187897,0.2436068189329296,-0.0025639776060894567,True,False,-0.4022687147396934,-0.0028472604283333817,0.9108491467289163,0.005132211003614093,True,False
24.1666425,-0.08802125995887884,-0.0011054194383848953,0.529236949733476,0.0045176489633141,True,False,0.712711054679747,0.0033231858991462746,0.6082699823321066,0.001985735684724874,True,False,-0.6990705911618765,-0.005578542903042676,1.0776428432087233,0.009763905114059312,True,False
24.1999758,-1.0412583222234133,-0.0047107287065051425,1.2050688406978791,0.0078059360264331745,True,False,-0.1885741064414826,-0.0004915504786351543,1.058006391787365,0.0028665320452745833,True,False,-0.917476961715435,-0.004317773080151688,1.1010277075732307,0.007439844287482999,True,False
24.2333091,-1.8568626179449177,-0.0043354992499795115,1.720605742871216,0.005950063759570875,True,False,-0.9391917272910201,-0.004999158998712478,1.5130903927529096,0.006378554383889066,True,False,-1.0137441647009044,-0.007093797170139992,1.0503518063559076,0.010792213200507904,True,False
24.2666424,-2.2462597788247667,-0.006051662386820931,1.9018813851354488,0.007596834488274608,True,False,-1.3593063679093655,-0.0054661430214792235,1.8807004147242687,0.007149847248316701,True,False,-0.9694225998653657,-0.00521138057633786,1.0000594072533027,0.005396728005239957,True,False
24.2999757,-2.055341503852119,-0.004313358012677258,1.6667128389007098,0.005448051403053867,True,False,-1.4049687739522194,-0.002267405175378593,2.0831170002285315,0.005385384131987094,True,False,-0.8018086853014572,-0.004034523673131244,0.9978232813046959,0.004971324083744683,True,False
24.333309,-1.3109136722788053,-0.003464545819426406,1.047565500085804,0.005057884473540632,True,False,-1.1640740030721357,-0.0021550456500643664,2.0709092003046465,0.007501848228710932,True,False,-0.5575227332837186,-0.0038087032275916474,1.038435586041291,0.008698889837151638,True,False
24.3666423,-0.20799416675737153,-0.0008910793604226094,0.18357609229698335,0.001951732590686938,True,False,-0.7923052326263617,-0.001732406654762167,1.8246503876001812,0.006202298937193062,True,False,-0.29408120839319674,-0.002457946482790221,1.065583475361588,0.005959855677851194,True,False
24.3999756,0.9552800167819382,0.004963047294032365,-0.7175329616143639,-0.005769009639282428,True,False,-0.43263231453722284,0.00042350014611690205,1.355487622997581,0.005609257031897341,True,False,-0.06138673091623045,-0.0032577439633445743,1.0059758172994333,0.008804769131946995,True,False
24.4333089,1.8751289270146618,0.005043022478632258,-1.4413212852763226,-0.005721931757260159,True,False,-0.16171650777055055,-0.0014529252816739902,0.7085133316457602,0.006017175743103211,True,False,0.10957591430920026,-0.0023425666832824123,0.8145316378625842,0.006605864416125921,True,False
24.4666422,2.3394132216143046,0.00705854297407036,-1.8336841585031693,-0.00859543859031923,True,False,0.016913381599557704,-0.0037258153436232786,-0.03752030643907972,0.0013439467573977762,True,False,0.21232476321207364,-0.00042126835953930494,0.5009486385034755,0.0035088402910956953,True,False
24.4999755,2.290991113624996,0.007479296987892197,-1.8484357248706031,-0.009227772829124977,True,False,0.14305524322971838,8.230312940281088e-06,-0.7838888529486341,-0.0013933557747308153,True,False,0.2676935438781815,0.00029993974324372486,0.12248249291307277,0.00028094922269589396,True,False
24.5333088,1.8370659206458384,0.005393144524969311,-1.5580015406073506,-0.006973543765749628,True,False,0.2626029122116504,0.0011744628011472163,-1.4394189359420317,-0.004564353323377165,True,False,0.31974930178636257,-0.0012002979663824631,-0.2464835795758353,0.003943512024896758,True,False
24.5666421,1.202714975221112,0.005439491496008887,-1.122936910085676,-0.0076313808935267406,True,False,0.4048085767145485,-0.0005180475651093743,-1.94735269971762,-0.0030454575826823825,True,False,0.4181489361940476,-0.0004373109283830834,-0.5436863862448762,-0.00029069687962616776,True,False
24.5999754,0.6426167682408479,0.0022715097465129367,-0.7283024615903299,-0.003872524090718068,True,False,0.5743532567860926,-0.0007935920895482711,-2.2936933759867633,-0.005201611760589809,True,False,0.5909007934590631,0.0002476282169529787,-0.7332027258930196,-0.0013570245072138684,True,False
24.6333087,0.3392751815372993,-0.0016913157617528044,-0.5068333226480641,0.0018801383245620243,True,False,0.7506052597023305,0.0020179609026785856,-2.4924533230076236,-0.005687675791175344,True,False,0.8229494412445123,0.0019672867812791095,-0.8066783852700637,0.00022135500120065374,True,False
24.666642,0.3285260471750735,0.0006362226053533671,-0.4808489572355844,-0.001419603175518816,True,False,0.8922092168489693,-0.0003439659528727591,-2.5585864992446115,-0.003384130299660014,True,False,1.0536508969417828,0.0013872168707772705,-0.777413728507909,-0.0012804660929499642,True,False
24.6999753,0.4923425702799969,0.004843394155192974,-0.5568993178515036,-0.007223550770069761,True,False,0.9470563330886104,8.236283276651506e-05,-2.4853877200004293,-0.0038261767046865566,True,False,1.1948844634741451,0.00296863550899554,-0.6725227531652727,-0.003167743234694523,True,False
24.7333086,0.6278731220892687,0.003907620086129638,-0.5821212842377325,-0.00550397920467832,True,False,0.8659450797641569,0.0009510608840666505,-2.241329687696456,-0.003930613794806754,True,False,1.1629834520184377,0.0034520937467734693,-0.5271162674425932,-0.0009173452995054397,True,False
24.7666419,0.5532229362611225,0.0021757602847067388,-0.42915330534395135,-0.002799625234654357,True,False,0.618775264881869,-0.002586313038471575,-1.7917604504692834,-0.0031363812395877083,True,False,0.9130573496184589,0.002268671419277772,-0.37883350309191566,-0.0027605524592739464,True,False
24.7999752,0.18992392321590418,0.0011426431632654385,-0.05835092970150636,-0.001264065115842593,True,False,0.21134748919279267,-0.0007806457202897878,-1.1338061635015382,-0.0001240883717346252,True,False,0.4618838728442751,0.0021833738466822705,-0.25842908198609077,-0.0015973943422362589,True,False
24.8333085,-0.4130648032509095,-0.002069555279610695,0.4711868959394725,0.00345750795965112,True,False,-0.30244033569005285,-0.003169129931056633,-0.3212141509181908,0.005464055226707443,True,False,-0.11151547821760793,0.0008378236855281659,-0.1771935202281698,-0.0010467813105571762,True,False
24.8666418,-1.1092851713427787,-0.0032288335110865437,1.0343777990943004,0.004726993321340178,True,False,-0.8212157317640957,-0.005656772485620768,0.5368941106815778,0.008028173701920842,True,False,-0.6895487519129476,-0.003077316155555417,-0.11862494920070744,-0.0007908346535247703,True,False
24.8999751,-1.7117503559156992,-0.002416808975635399,1.4898563344633013,0.0031488247079976147,True,False,-1.2164052038109392,-0.007048231371723048,1.2999124888321465,0.010106006678148621,True,False,-1.1538152958762058,-0.002219666049363937,-0.04476665549148719,-0.002358863521850565,True,False
24.9333084,-2.0514764420065847,-0.005511492541132655,1.7230887337791412,0.007014941205255226,True,False,-1.3697672238734055,-0.005476663619546723,1.8279370581976904,0.008114985991461529,True,False,-1.4177130442436383,-0.0013647219564669982,0.07794893326816017,-0.0029473934978209142,True,False
24.9666417,-2.025251717235912,-0.005086270555961695,1.6745304553644333,0.0060751967813599895,True,False,-1.2159250683180776,-0.008018387068652906,2.0149862031018135,0.012751615121431234,True,False,-1.4396735020291456,-0.002160982176871255,0.2441544584678788,-0.003637138633532666,True,False
24.999975,-1.6277009578809694,-0.003654587549187176,1.354117196726624,0.004335276195020151,True,False,-0.7750391859737719,-0.006046541718589755,1.8250087759855578,0.015182032495390203,True,False,-1.2207771536589522,-5.985992471473987e-05,0.3915701628780994,-0.004196029665330945,True,False
25.0333083,-0.9601645622222083,-0.006111089737646764,0.8416870943474128,0.008505148688971106,True,False,-0.16137368125386664,-0.004106545515749844,1.3233628687087404,0.010685339359771765,True,False,-0.801153092022966,-0.0030674382549987114,0.4224673512746691,0.0011477165531356282,True,False
25.0666416,-0.20646642027310771,-0.00013932635800466224,0.267955409547674,0.00039554385706697836,True,False,0.44254954168273797,-0.0002261975351367502,0.6801844544222043,0.006951382744971369,True,False,-0.2606221673353902,0.0004053203769467141,0.2621087952260854,0.0006143190919103097,True,False
25.0999749,0.42758141435011876,0.0020745336869645832,-0.22783663507944482,-0.002721686719724508,True,False,0.84250880241613,-0.0022418203016023306,0.1279240951079268,0.008490376239750592,True,False,0.28702846314286606,0.002603241804367749,-0.08275083334653588,-0.0036889208678302678,True,False
25.1333082,0.7936829754711779,0.003352926935390064,-0.5523664637484905,-0.004470879757920177,True,False,0.8998517163722893,0.00031069885152921247,-0.11814411016966163,0.004694280969908273,True,False,0.7184519109692041,0.0032241249940422136,-0.5116851089015912,-0.006332986034998371,True,False
25.1666415,0.8601641688672937,0.0010645654973223423,-0.6944194683173172,-0.0005260949949156191,True,False,0.5848253317604206,0.0007483805609904478,0.05298234586393067,0.001320398349480218,True,False,0.9396221660010353,0.005523601930272144,-0.8770961396259636,-0.00870012642737547,True,False
25.1999748,0.7148934286348979,0.0006126945078895058,-0.7162418442500322,-0.0007373778628605055,True,False,-0.004118758213971211,-0.0036140534705607226,0.5900758294646256,0.009308643037892764,True,False,0.9192155975057599,0.0030891222512012127,-1.0551898537944264,-0.005647536293947422,True,False
25.2333081,0.5098480762233776,0.0003649500455595816,-0.704416458731113,-0.0012024080855014129,True,False,-0.6670120940980153,-0.0031617932341747616,1.2834933869125869,0.006865193456216386,True,False,0.6980760537968671,0.0022210681387692744,-0.9949614993602606,-0.0036865847338063296,True,False
25.2666414,0.37888414136099113,-0.000844501469641932,-0.7122263784886261,-0.0009535077576602205,True,False,-1.1714148338482233,-0.005982009678379554,1.8401708317426932,0.01164299594451248,True,False,0.37211300835509875,0.0037222916524547985,-0.726778900792783,-0.006497099273890447,True,False
25.2999747,0.37080840934593073,-0.0019481402671822552,-0.7269956836111682,0.000452113101109081,True,False,-1.3401921682087938,-0.009331064274513369,2.0037378441017455,0.01719096915016494,True,False,0.05959394283759267,0.0021974868951641293,-0.34317589133195747,-0.005747235007487713,True,False
25.333308,0.4306518164592822,-3.475749941069368e-05,-0.679435269549263,-0.0012815863759628979,True,False,-1.121122198151042,-0.004817480997889645,1.6663996635572553,0.010237581305633046,True,False,-0.13607109876202814,0.0009929692828897863,0.03273054225984095,-0.00359459092220253,True,False
25.3666413,0.44071788409646717,0.0025477918047260312,-0.4917565749386346,-0.0036673622296891925,True,False,-0.6040558099136794,-0.002126285843496944,0.9156291942390652,0.0053304036265554924,True,False,-0.16118276729827727,0.0002259080943682191,0.28789186497204355,-0.0011679033158696881,True,False
25.3999746,0.3005947467240968,0.0024990050833041005,-0.13994534476731732,-0.002537058344943049,True,False,0.02329869431958798,0.0005617489135951397,-0.009101633909551446,5.9579062028817805e-05,True,False,-0.03366800631164816,0.0013178557965874082,0.36308010705342264,-0.0010684256959088696,True,False
25.4333079,-0.00352451339589774,-0.001176697253216885,0.30954777084151114,0.002952064971353395,True,False,0.5542606416906612,-0.0006157868758271982,-0.820720614124632,0.001585659890816787,True,False,0.16142266835913516,0.002914490322766417,0.28006733214268303,-0.0034573120583998177,True,False
25.4666412,-0.38646662116493,-0.0032982283323323837,0.7189346943750052,0.006098008985800118,True,False,0.8362455573574709,-0.0006514600772566544,-1.2929524904143843,0.00117573786793813,True,False,0.3059221707512635,0.0009254861783349316,0.1335595844687403,-0.0013376326963379307,True,False
25.4999745,-0.7139987588142575,-0.004160302773109841,0.9475546609631212,0.007888059435338653,True,False,0.8148200422230307,0.003593060995581924,-1.3326507644643626,-0.005105904335857337,True,False,0.29913294498535686,0.003716949972489893,0.04848820013310139,-0.0037354149368943037,True,False
25.5333078,-0.8767643174812128,-0.003096187016860635,0.9273036561637151,0.005541087189040615,True,False,0.5460565110997095,0.0010726650372439345,-1.0048331793670702,-0.001566189210712311,True,False,0.10407774513917326,0.0023554969691035195,0.12165236114908723,-0.0026809548200793,True,False
25.5666411,-0.840164754518661,-0.0035834890687957135,0.6977132822919087,0.005258798625329756,True,False,0.1774684387803428,7.483155705886878e-05,-0.5087307394577602,-0.00023889575406352233,True,False,-0.23105649021415486,0.0015384125000065826,0.3734978048488895,-0.003021973010581581,True,False
25.5999744,-0.6462295261568416,-3.065074619844679e-05,0.38055538297127733,-0.0011187598858786265,True,False,-0.10298819499694437,0.0004881289415054744,-0.1062616024771472,-0.0002701756507969881,True,False,-0.5893596976965857,-0.0015939608937365977,0.7327969177905286,0.0007788642792247905,True,False
25.6333077,-0.3762890338819856,-0.0017737567339597383,0.11126481098637307,0.0011587853026815975,True,False,-0.13953304466623634,-0.0008756344310315722,-0.01975398593817171,0.0013757790905250121,True,False,-0.8347922011922022,-0.0003803388719655969,1.0637181616909173,-4.202030839939225e-05,True,False
25.666641,-0.10369827709209625,0.0015066536316536412,-0.031019644897140347,-0.002495505485387147,True,False,0.12163159005616664,-0.0025052528002925197,-0.33409271481171327,0.003948497406844567,True,False,-0.8708534961447256,-0.0006859413873544739,1.224288808905016,0.0018379978241160086,True,False
25.6999743,0.1338306288587333,-0.0008881170361696527,-0.05445583227334625,0.0022532455871019483,True,False,0.5966737559699499,0.0008958792218197927,-0.9464495402896879,-0.001588983589580481,True,False,-0.6806915036133456,-0.0011496305171253885,1.1300081951191794,0.002420643787646639,True,False
25.7333076,0.3302059336683265,-0.002088953321158572,-0.032386066926998074,0.005160342351688819,True,False,1.0885060028197087,0.004902999369319853,-1.5974767002710215,-0.007899699901872533,True,False,-0.33311225814085743,0.0004678200471270614,0.7938320004112903,0.0007500499704376555,True,False
25.7666409,0.48811382452680285,0.001440076487153664,-0.04912661519514763,-8.638917883344643e-05,True,False,1.370631989939186,0.006535197819632074,-1.9819650784413747,-0.009860671417212792,True,False,0.046912999434305255,0.0012858774359634736,0.32247220183448694,-0.0010973153243258658,True,False
25.7999742,0.603438241545294,0.0040835297154042036,-0.15295301383371945,-0.0037049909569222285,True,False,1.2916943651403976,0.004501502909907905,-1.8878682148620718,-0.007426935823789041,True,False,0.33264105700109764,0.0030876897997709346,-0.1320910272644847,-0.003064648312451623,True,False
25.8333075,0.6689776320591303,0.0012921255204895847,-0.3401371574429055,0.00036901865070905373,True,False,0.8448747067744897,0.0038317801054802755,-1.2915904259379238,-0.006748560211432156,True,False,0.45203389030770263,0.004937739068303399,-0.44265714036617,-0.006378150370883441,True,False
25.8666408,0.6846270270549815,0.0016787074865442617,-0.5642804608898435,-0.0015552523532829914,True,False,0.16774065595266774,-0.0019739379602011858,-0.3643027864237583,0.002818105718351931,True,False,0.4169255123011298,0.0007975341670386848,-0.5598829293087476,-0.0010311798133508744,True,False
25.8999741,0.6579438188088363,0.0028440506508936817,-0.7556425284306602,-0.004564950748268949,True,False,-0.5206540808279957,-0.0007634268502949819,0.6047597165114303,0.0014480990016074932,True,False,0.3065909995318033,0.0005338874817418683,-0.5190365301144803,-0.001206248027807127,True,False
25.9333074,0.5953535393435913,0.0002073581336063041,-0.8437693540174986,-0.0015109424830103545,True,False,-1.0087166043485707,-0.0010702187421822262,1.3231533474206334,0.001268732351030872,True,False,0.21677864342890923,0.001498025402571625,-0.40374487172339824,-0.0026593031157427813,True,False
25.9666407,0.4947515074127155,0.0019294019112023404,-0.7807321285022252,-0.003714529001829098,True,False,-1.1685905010004722,-0.004708571935957153,1.5986456097267876,0.006809498570988367,True,False,0.20850550226913933,0.0031733949039619144,-0.2975753249636076,-0.003958243402602223,True,False
25.999974,0.3482885261563119,0.002709713215173943,-0.5600088611551269,-0.004248958524068322,True,False,-0.9968543667548736,-0.0035106361095874608,1.4014383130331929,0.0065118126752215354,True,False,0.2838241939132713,0.001712286645619138,-0.24991967938517318,-0.0013468548240893536,True,False
26.0333073,0.15504904080287765,0.0012886009143795321,-0.2243697744847954,-0.0014321834397286078,True,False,-0.6094952489637226,-0.0008201911596419605,0.8708402837208332,0.002081297487430645,True,False,0.39108237029787823,0.0016263826035797355,-0.2614964642162855,-0.001188116970931187,True,False
26.0666406,-0.06719278062000832,0.00017092549423407694,0.14390187826018935,0.0011247282505891945,True,False,-0.19118320399410413,0.00017064765033887673,0.2604510842577582,0.0010192066197882896,True,False,0.44926015358576893,0.003395008217070598,-0.28720308981451975,-0.0025258473957926494,True,False
26.0999739,-0.2824141467438879,-9.675457606325552e-06,0.4506409708278031,0.0012330839873242565,True,False,0.0831531541355168,-0.0003105521356738466,-0.16416709084770725,-0.0005021614443818541,True,False,0.38191543681881873,0.0018268168182546621,-0.25728018000759767,-0.001928608238384053,True,False
26.1333072,-0.4493773388070033,0.0008605750465162744,0.6241404576987024,0.0001569061667135955,True,False,0.12164992805957826,0.001454984425009066,-0.2364921469643993,-0.003574977099150409,True,False,0.15145400021700545,0.0008790503150687296,-0.11332236070644477,-0.0007723889788324132,True,False
26.1666405,-0.5398732059345437,-0.0012894643211077044,0.6416416890158559,0.003192761749110995,True,False,-0.04633194555539257,-0.0003042019947870766,0.038614439799447654,0.0017661780438017979,True,False,-0.21679714568651082,0.0026602908045864366,0.1542513768823963,-0.0031694267985738606,True,False
26.1999738,-0.5547715126871091,-0.001107994337981949,0.5391687323607625,0.0021472988827167575,True,False,-0.28224011497396867,-0.0016959457572157043,0.4847347920420309,0.003474931515683573,True,False,-0.6297163813957559,-0.00034061932501927366,0.4850652440793826,0.0010105669399617864,True,False
26.2333071,-0.5295243264442404,-0.001650584244589068,0.39999208768440997,0.002161204522125573,True,False,-0.3970859622994472,-0.0011505263401400524,0.8282427212674006,0.00395440189801552,True,False,-0.9476776020669446,0.00012279011864783828,0.7583667350940941,0.00022124692858496652,True,False
26.2666404,-0.5194097707969377,-0.000546279733104699,0.31951976113646896,0.0002394248153302996,True,False,-0.2357945102627514,-0.0010555631410883821,0.8160005697045888,0.005359856373922436,True,False,-1.0325409303893307,-0.002462193464334614,0.8354227035599493,0.002443157971499509,True,False
26.2999737,-0.5636488577961972,0.0025416488111414705,0.35473371691644806,-0.0038940972667174142,True,False,0.24416376503949244,-0.0025576265392703618,0.32890203106795446,0.004954818758819172,True,False,-0.8079268553009147,-0.0004788810197182782,0.6192096124551729,-0.0002288667620829554,True,False
26.333307,-0.6473887353148267,0.00046657509368514346,0.4830512710080659,-0.0003622029634342162,True,False,0.9322752325980403,-0.00011753974623032695,-0.55311572009008,0.0032120520884847633,True,False,-0.30438145837327396,0.00018986798210129932,0.10569730318453935,0.0001797555464509714,True,False
26.3666403,-0.6937566205265736,-0.0012944983509356196,0.6019931799369126,0.0023296629420797394,True,False,1.5882088365265516,0.004637927124380894,-1.5643897600832208,-0.0035396068271939633,True,False,0.33578082870571413,0.0016845203454439134,-0.5957700515457627,-0.0012839089285406958,True,False
26.3999736,-0.6035386106135371,-0.002703522363315863,0.5812014028643011,0.004519570919009719,True,False,1.9318007064150808,0.005543142691316055,-2.3479466316439663,-0.0045623349666474335,True,False,0.902278126506472,0.004650903015224233,-1.2852015435612412,-0.0051484638398223625,True,False
26.4333069,-0.3220760596561946,-0.0019825591306460964,0.34048439575064887,0.0033403003525167034,True,False,1.7654914217177478,0.006669083742321573,-2.5970452480422117,-0.0089022301621712,True,False,1.1957602645111174,0.004745226052972897,-1.7359639086853234,-0.005818308419692042,True,False
26.4666402,0.11405745787728004,0.0009699828015545694,-0.09598164897977454,-0.0008505583422231924,True,False,1.068901929535295,0.0021398841286188563,-2.1825346266777843,-0.005174416073079401,True,False,1.110577988325497,0.005826627742790591,-1.7796175715208884,-0.00704163441296233,True,False
26.4999735,0.586693118524986,0.004769760762768969,-0.6055363807444323,-0.006340085889476523,True,False,0.015768972962686676,-0.0034511181514029574,-1.2067759705649674,0.0031960767705623678,True,False,0.6844644863963726,0.0036620469310822933,-1.3765986393157743,-0.004475880188428452,True,False
26.5333068,0.956233088929966,0.005059836050146922,-1.028039384212849,-0.007265847523829217,True,False,-1.0939450618178557,-0.004253490494853476,0.03985609956924872,0.0036854273449392766,True,False,0.08924665415534673,0.002822650979972786,-0.6399447508058275,-0.004494014982597014,True,False
26.5666401,1.1293465244595293,0.0025727644853823137,-1.2407423267864872,-0.004441387147956433,True,False,-1.949954252614458,-0.007182026565665357,1.1953779869228032,0.009764127360247423,True,False,-0.4388348273696541,-0.00019987787904585425,0.20221993961862775,0.0009238205386805804,True,False
26.5999734,1.0913543039682916,0.0013992636529777606,-1.2033883752305365,-0.0025668114260640157,True,False,-2.3432029645895605,-0.007379580928073368,1.9620069975592949,0.01183458801749906,True,False,-0.7027181807745754,-0.001309433316713127,0.89433538200762,0.0028818534966680185,True,False
26.6333067,0.8947727585385391,0.004173817490750172,-0.9592635424356908,-0.0060652251605071315,True,False,-2.233574475016013,-0.010986362309705525,2.2090079870944077,0.016432057453839174,True,False,-0.6355484756012916,-0.001797409999361333,1.255579115126899,0.005295654884415657,True,False
26.66664,0.6250751619245266,0.0025607813900978423,-0.6060480767695208,-0.003260359652755129,True,False,-1.7529863633852045,-0.005998849815614584,2.0054678469675866,0.011310308005331119,True,False,-0.3319096422323498,0.0013540578645496256,1.2481755627421867,0.0031992338343075034,True,False
26.6999733,0.36429677108290953,0.0006415107210605231,-0.254415884148739,-1.5324775506587052e-05,True,False,-1.1404582777298995,-0.001867646874837399,1.5692115652431722,0.0072382878543225965,True,False,0.002194547928630172,0.003373113214279488,0.9758625806488158,0.002041626105871049,True,False
26.7333066,0.16073770611441715,0.0009777184965975782,0.014162100403106316,-0.00031897381937193224,True,False,-0.6323586333971538,-0.0024886494156128145,1.154697863933523,0.008818455161913276,True,False,0.15758243140357986,0.004820638565526119,0.613858553621484,-0.0036181169393258265,True,False
26.7666399,0.01180670028570165,-0.001480471899845899,0.17781131574111958,0.0034915588066621378,True,False,-0.3582606141593675,-0.001396976174343898,0.935306493869343,0.008408211728876297,True,False,0.02963056521274604,0.000945519165052859,0.31271649634170795,0.0019228161830195367,True,False
26.7999732,-0.1292634368928239,-0.0008501055992826536,0.2773736583278314,0.002577982074136149,True,False,-0.2928890168173992,-0.0005313087436192044,0.934779339859056,0.0064860235780051165,True,False,-0.33182594003393007,0.0013146174425670966,0.13285563098184458,-0.000711428623001469,True,False
26.8333065,-0.31834827980567104,0.0016218280118570003,0.3845861665104625,-0.0015527243284851563,True,False,-0.28436468679139276,-0.0031216021910132827,1.0317615185306463,0.010226510197817604,True,False,-0.7502891203583125,-0.0007421449591752516,0.040765094004806615,0.0010127769056993874,True,False
26.8666398,-0.5713062911967647,0.001485044492012815,0.5480251456528858,-0.001923225568650812,True,False,-0.14224708836097325,-0.0018711181423464024,1.0280353919382819,0.007819403202572838,True,False,-1.0058922315587373,-0.0014949517176009474,-0.04525348962257795,0.001193132605124221,True,False
26.8999731,-0.8345938634293962,-0.003511215288273797,0.7514303707500872,0.005308881258878809,True,False,0.25656684766962196,0.000877851221613572,0.7492966215247948,0.0054196937190145004,True,False,-0.9317172699257923,-0.0005932972150976355,-0.1970519876257577,-0.0018906619457432696,True,False
26.9333064,-1.0045453828791155,-0.004561845618041053,0.9175268945832113,0.006645170149862422,True,False,0.8922557621044711,-0.000587052129563078,0.13870780679987355,0.008702627651187601,True,False,-0.4834349993285907,0.0011575288192787999,-0.43908757321238984,-0.003872385186819516,True,False
26.9666397,-0.9874289614376155,-0.002402630516876487,0.9562396377437099,0.0040956267990624635,True,False,1.5912662064953653,0.002595092247493792,-0.6942678307420646,0.004934146700193786,True,False,0.2404851940822563,0.0022508484948137153,-0.7408889772368112,-0.002465167276938799,True,False
26.999973,-0.7590396876175984,-0.002224065230382578,0.8219854572080811,0.004161564989820338,True,False,2.090640292616555,0.007894742167653832,-1.4983066926575368,-0.003651576768769853,True,False,1.0294973507634133,0.0038714233734943853,-1.0281620078783165,-0.004175179538403845,True,False
27.0333063,-0.3865683852711767,-0.0021268511353036684,0.5439547574917822,0.004553425730364798,True,False,2.1569167313890674,0.008919793782451921,-1.9817083520590992,-0.005522468599081588,True,False,1.6293442820121797,0.0051033491078862035,-1.2003660255697193,-0.001868746325031206,True,False
27.0666396,-0.0027358660385912053,-0.0010985452806697594,0.21518097938951478,0.00251016394100526,True,False,1.7049262981071045,0.006200367109493136,-1.9498751879006786,-0.007145704048666024,True,False,1.8286884889994333,0.005967146227163427,-1.1561995474481535,-0.0024136287454583445,True,False
27.0999729,0.25580616443182297,0.003328432195330052,-0.053902261331206514,-0.00407429994373481,True,False,0.8508959585602959,0.00163804882839738,-1.4052599616405568,-0.003585109273257628,True,False,1.5399036143639178,0.008614424442204447,-0.8336135047083253,-0.010388325013602878,True,False
27.1333062,0.3181753829764478,0.0024756783832098972,-0.19478183631412194,-0.0025889972871509883,True,False,-0.1317228410549253,-0.002482694321382491,-0.5516148746076732,0.004638107075742984,True,False,0.84335458570731,0.003553168483032085,-0.2534120311824803,-0.002123072285262499,True,False
27.1666395,0.2176020324607006,0.00019107705037205185,-0.21683350136072724,0.00017984640359926422,True,False,-0.9282492492851122,-0.0030646014837698347,0.29962141802802617,0.003663083842992343,True,False,-0.03238277353933025,-0.0001910108797746388,0.4671102344339526,0.0025630614606468043,True,False
27.1999728,0.0696773150500811,-0.0031185458583877163,-0.19313855114283293,0.004262795346349112,True,False,-1.3086395095313494,-0.006033169044639574,0.8663865175318518,0.009754795072257062,True,False,-0.7949497635169966,-0.0009840253441375717,1.1521438987193402,0.00044906988450597803,True,False
27.2333061,0.00199496820641526,-0.0009101630854365895,-0.2064556606208513,0.00040541730896087434,True,False,-1.2050977014189024,-0.0009059362798220097,1.003028318469114,0.001172871593091129,True,False,-1.2003826790737113,-0.0018197396972063913,1.6358117703745052,0.002881304639432768,True,False
27.2666394,0.08262312823275202,0.0012001537730057764,-0.2965663890874662,-0.0028757028105736433,True,False,-0.7161565981109007,-0.0010885773939228018,0.7315775162279949,0.0028812826432522147,True,False,-1.1425087421584663,-0.0004934074428855438,1.8197073953959237,0.0009271353449261634,True,False
27.2999727,0.2896337113096315,0.0014566100857112496,-0.4423698084518049,-0.002789549857931196,True,False,-0.05037996059501755,-0.0009927427834810806,0.2013016021568878,0.0017552953621044406,True,False,-0.6874377087576916,-0.0022945236138987215,1.6970748070278412,0.0030533828843326157,True,False
27.333306,0.5279913859371208,0.00011422280628781094,-0.5789385745437152,-0.00047376695746712867,True,False,0.5562427035250038,0.0016564664382735402,-0.3861387209695586,-0.00018636528053610254,True,False,-0.04651621386001601,0.001273077390730731,1.3443294266653298,-0.0007164323594932126,True,False
27.3666393,0.67482666759385,0.0008012781760417456,-0.6304796708142866,-0.0010204397153929646,True,False,0.9191615800328021,0.002044927098931648,-0.8494080861222444,-0.002941132509254425,True,False,0.5024667411130527,0.0031192444526208893,0.8889910085731852,-0.0009391474692943778,True,False
27.3999726,0.6344629939666466,0.002570642831435128,-0.5457310622796866,-0.0037706193649074643,True,False,0.9620358676776901,0.005879301173374,-1.0781571489623714,-0.004102205709770484,True,False,0.7216854430601823,0.003225116157981289,0.46570544045912016,-0.0020378231826267317,True,False
27.4333059,0.3886715927970311,0.0028924646139492564,-0.32895663142528203,-0.004000961397401326,True,False,0.7367064221397599,-0.00033040775424724133,-1.0530294943295637,0.00038169846077582226,True,False,0.5087936554110278,0.002990272647647428,0.17332007149227452,-0.0028791614155392713,True,False
27.4666392,0.021114392062103533,0.0011605841865282996,-0.05313266531458883,-0.001909365571432604,True,False,0.3962900376645492,0.0025953108417930736,-0.8355617411715897,-0.005371159426781414,True,False,-0.0577188816025126,0.0012151679271525848,0.04351394770892964,-0.005933680051296495,True,False
27.4999725,-0.3060721281094504,-0.0013151310994229757,0.16138035033282716,0.0014388432089479262,True,False,0.12806832710388816,-5.0948097408233295e-05,-0.5383007929564928,-0.0015917991590189853,True,False,-0.7437073148465949,-0.0013106425132469498,0.029205449166802098,-0.004114932418689925,True,False
27.5333058,-0.4236649126550426,-0.0026611236564193456,0.20205400332475712,0.00260642270589394,True,False,0.0716511966678109,-0.0020623777514155377,-0.286173298431282,-0.0013142541028173455,True,False,-1.2476000736159698,-0.0012109181794822922,0.02109057482948742,-0.006952700961797446,True,False
27.5666391,-0.241562260309437,-0.00042723762634647725,0.025634895849364084,-0.0012871653191106737,True,False,0.25510622484451906,0.0018862899782036906,-0.17455134948827541,-0.002512490747183008,True,False,-1.3208133805323112,-0.0027978040981123963,-0.10436194453397912,-0.004750431473356522,True,False
27.5999724,0.19785915875241816,0.0014389013685850642,-0.3111566431170729,-0.0031528905604731746,True,False,0.575925228743645,0.00040077643802811604,-0.2303487715665602,0.0011658243756118274,True,False,-0.8772607779290073,-0.004124588723072617,-0.4174176973128693,-0.0023942389486298946,True,False
27.6333057,0.7284746039734007,0.0023554594974734733,-0.6698466628222651,-0.003967932788470191,True,False,0.8370597049403631,0.0002839058148760521,-0.3899196611347209,0.002408288368994748,True,False,-0.046626015601638544,-0.001666521527317675,-0.8798849713684809,-0.007684892609322289,True,False
27.666639,1.1257302294529186,0.004980684118666528,-0.886719129567979,-0.007353265279458093,True,False,0.8276400928750347,0.003968877962269678,-0.5134348679558767,-0.0013476576210102386,True,False,0.8635617941783056,0.004165736193260977,-1.3411863691107784,-0.008537954621628782,True,False
27.6999723,1.1972107293458027,0.004988105017043141,-0.8398058806618249,-0.006612486677795934,True,False,0.4205998863919551,0.0036341022383620837,-0.4472324784638965,-0.007649873102979163,True,False,1.4964296194797182,0.0076544705882378465,-1.6015333721142289,-0.010668471668617244,True,False
27.7333056,0.8592868477880345,0.0032743686349411983,-0.49689453052295535,-0.0042253126548061,True,False,-0.35493079409892614,-0.0003047513861646385,-0.11256890453309289,-0.0028991617481887028,True,False,1.6088813033182998,0.007907413220323989,-1.5145861399819633,-0.014294358784348296,True,False
27.7666389,0.1693906037098369,0.0014304306845236213,0.07442993885526168,-0.0011320769296478534,True,False,-1.3086243224187,-0.0049715869860282895,0.4352502197448519,0.002416796007198093,True,False,1.1803975836699252,0.002120838611696313,-1.0713941785268541,-0.00756451081833515,True,False
27.7999722,-0.6951754336188408,-0.0001813156843351295,0.7344068087756142,-0.00028992608592104467,True,False,-2.161997725576927,-0.010047367386399922,1.0233344335482308,0.005658341984116848,True,False,0.4074228884871479,-0.002964835405928539,-0.41418359045601333,-0.001943155343139524,True,False
27.8333055,-1.498944176090961,-0.0014629719667168483,1.3195850975857029,0.00029900700478165565,True,False,-2.6620339233545978,-0.00786755664161391,1.4447091906275116,0.006425786597816479,True,False,-0.4016477284087751,0.0009663926475180269,0.2262792350113494,-0.004989003597203154,True,False
27.8666388,-2.026767312614033,-0.004726346409732713,1.6929605715964113,0.004839178030956807,True,False,-2.6741873713297806,-0.007652799535808632,1.554944247883433,0.005445476457585869,True,False,-0.9598542896897483,-0.0021052547135146306,0.6272101012954505,-0.004996833167057775,True,False
27.8999721,-2.15369416216283,-0.003911392227238958,1.7825673579724355,0.0033921583217388957,True,False,-2.214543963271632,-0.0029205439451688202,1.3293978001987128,0.001573333122483793,True,False,-1.0999937263336188,0.0002391614780278659,0.6555881347398429,-0.0026855143751820286,True,False
27.9333054,-1.8822768611853362,-0.003206516014911037,1.5983909408043069,0.0030759284905030253,True,False,-1.424831486104139,-0.004328907838619256,0.8635864831444217,0.001554292047399424,True,False,-0.8184336615787132,-0.002164905221673461,0.31480216523836113,-0.000878805180222617,True,False
27.9666387,-1.3318679512310883,-0.0012437107552265283,1.2202947599073939,0.0007091698215198587,True,False,-0.5205375946481794,-0.004952176342408407,0.3324106131995464,0.00418529430321261,True,False,-0.270965897781539,-0.004598646866120419,-0.24969848551994822,-0.0026101607206482184,True,False
27.999972,-0.6838624775965216,0.0023105764706562878,0.7600976748721421,-0.003813881610820476,True,False,0.2666853934686281,0.0005037674367237117,-0.06866250601035108,-0.0004540883991594475,True,False,0.2773964502712644,0.0023682844492232714,-0.7959370507299562,-0.006884273517637205,True,False
28.0333053,-0.10839355324012163,0.002656425302592175,0.31547282449831915,-0.004820479004984534,True,False,0.7520427146164579,0.004129421077865576,-0.188655145307986,-0.0019076892773483144,True,False,0.5501739501790562,0.003058837380919659,-1.080136146954918,-0.00835324807587576,True,False
28.0666386,0.2927600033965057,0.0019430906812037238,-0.05974338638887871,-0.0027687822274169802,True,False,0.8619288181330483,0.005353534287050512,0.017465478167854695,-0.002204900069110178,True,False,0.38083905714578353,0.003166124972809117,-0.9641035654137394,-0.006439485409677711,True,False
28.0999719,0.5040842618273981,0.0036625279197702197,-0.35447062087061715,-0.005384600155193224,True,False,0.6712493245786179,0.0016806337342076785,0.4541251689332246,-0.0006697765135086553,True,False,-0.19927086435570246,0.00026651967563135197,-0.4784470525749488,-0.0026569439138314646,True,False
28.1333052,0.5768088772072721,0.003974556355210414,-0.5765305645381562,-0.006793860859487857,True,False,0.3816071329669586,0.001713192968374341,0.9040612212070601,0.0034213762923658102,True,False,-0.9597630606960665,-0.0034137684353341084,0.19376885585081344,0.00030398491711609616,True,False
28.1666385,0.5905050875299621,0.0026027921689012524,-0.7281576931799159,-0.005177927577122095,True,False,0.23936222880848076,0.00048374502788425854,1.1058351571724543,0.0035745381258706892,True,False,-1.5637832884400935,-0.00481642770632546,0.8011881844273397,0.0029103921811318737,True,False
28.1999718,0.6149854168092721,0.005564304228534284,-0.7980201014677176,-0.010873918176659987,True,False,0.4286899190855849,0.0016104903090039765,0.8621538516795701,0.002708668787759593,True,False,-1.7108928112428077,-0.0047349197490586005,1.129766887024728,0.001678862137742313,True,False
28.2333051,0.6849219607429756,0.0020513923053054267,-0.7719199565679539,-0.005023711691527106,True,False,0.9868976590201162,0.003261049597419325,0.13248963068608507,-0.001069771133306295,True,False,-1.2652613648676028,-0.004538744045212456,1.0818588778048457,0.004928198084823852,True,False
28.2666384,0.7923906640976697,0.005706174600692824,-0.6517149028967857,-0.008680091307649154,True,False,1.776830429475899,0.00707434189547796,-0.9295141102820391,-0.004449457581714822,True,False,-0.31647926764311823,-0.0011356949185418368,0.7027108517548326,0.0019241932610512707,True,False
28.2999717,0.896072649670482,0.004378460163346715,-0.4681707458191892,-0.005817979532002354,True,False,2.52685960224747,0.006829657492536674,-2.010023978723341,-0.0056081025435932505,True,False,0.8488836608801219,0.0014452219519800616,0.15241702350517283,0.002923029339993911,True,False
28.333305,0.9403015651609956,0.0039456106550530895,-0.2779839552651781,-0.004499905816371564,True,False,2.9246894520685935,0.010299186694508891,-2.7336937635486835,-0.01051962667594673,True,False,1.8525015016048594,0.004673560879824213,-0.36184097698470863,0.00029932600709877316,True,False
28.3666383,0.875323681050294,0.002078777896838759,-0.14397862604417722,-0.0005967594441443877,True,False,2.7344761270671105,0.010526148209032268,-2.8017307306747727,-0.016992874416607334,True,False,2.365468566363651,0.005458366484320131,-0.6668684363428671,-0.0013428339455153991,True,False
28.3999716,0.6757481301369065,0.002818965129094151,-0.10879176845633487,-0.0029316096749839524,True,False,1.8970544195048749,0.00855217742361035,-2.122155495589324,-0.010969911158684897,True,False,2.231449673980008,0.005009376080568282,-0.6853063179426634,0.002440195254151517,True,False
28.4333049,0.35919521590124565,0.004533826551607206,-0.17900121766824081,-0.005213545200201675,True,False,0.5719091433502169,0.0029544482022511335,-0.8699315910026358,-0.0068284348832651715,True,False,1.5252938943996064,0.0031485383978961663,-0.45234756464913684,0.003065473297581526,True,False
28.4666382,-0.0011459401869199247,0.0017158740776787402,-0.32781054576795,-0.0023058504249972816,True,False,-0.9031291014416736,-0.001542696735603383,0.5646948893552314,0.0022764569133863904,True,False,0.5251881375578975,-0.0009254622778107358,-0.08475753508570327,0.0061844294152124035,True,False
28.4999715,-0.2882542450880906,-0.0016949858680021365,-0.5084362507846064,-0.0007773878678244316,True,False,-2.1234214849675443,-0.0043718104043247875,1.7238843429685107,0.004111069092907754,True,False,-0.39151983437262877,-0.0018322364372031167,0.2746119629102486,0.0036719133677445286,True,False
28.5333048,-0.38637604737136594,-0.0013349375140452057,-0.6678507105345228,-0.003954583360769513,True,False,-2.757869501314787,-0.006011120965035112,2.258158861535291,0.004393060499468796,True,False,-0.890845057637441,-0.005493213351043741,0.5079896580232801,0.0066550798520809695,True,False
28.5666381,-0.23992537781756437,-0.0025316890593575243,-0.7598492107681831,-0.0013721175078240419,True,False,-2.6662799599042972,-0.00806813106856536,2.053880495172469,0.003952965038853492,True,False,-0.8109236744399113,-0.004690524570074848,0.5555995054971197,0.007511101499669198,True,False
28.5999714,0.11021407970781018,0.0007291942833603727,-0.7587508241829817,-0.003550593426051236,True,False,-1.9515121144164262,-0.0042305832632053165,1.2659417615004902,0.001648375817508254,True,False,-0.22790581686837236,-0.0036872111384714376,0.42951010145651125,0.008046620533715921,True,False
28.6333047,0.5362709456420756,0.0011063527057066584,-0.6685737318821283,-0.0005579853468397455,True,False,-0.9234282694453897,-0.0018245886711979681,0.25013171625093933,-0.0034482331096697453,True,False,0.5704978740432238,-0.002100042120124701,0.20722718268535573,0.007442090372116081,True,False
28.666638,0.873043101184297,0.0014980341461688445,-0.5199244126766238,0.0003965487681532228,True,False,0.019294419464779274,0.003926721792235771,-0.5776293830119366,-0.00813711052595129,True,False,1.199780553701797,0.0031036613249114317,0.001944993725908629,0.006690753103774957,True,False
28.6999713,0.9809298593392771,-0.0016791392252241705,-0.35335420730495515,0.005451796179849029,True,False,0.547605728575042,0.005272472612410911,-0.9039046466501931,-0.007911420569132587,True,False,1.3393717008928923,0.0005545567113525161,-0.08520350248057952,0.005380350982431502,True,False
28.7333046,0.7979435474134919,0.0013897411779817369,-0.19904380143881842,0.0024097386854249354,True,False,0.5336343279346877,0.005827572554784953,-0.6394313293656925,-0.011551617486526904,True,False,0.87156195400016,0.0009330646680064676,-0.011502737062640064,0.004639540847455694,True,False
28.7666379,0.3673617543645755,0.0028873874781618616,-0.06666178521862758,-0.0006304969981965818,True,False,0.09385569145565908,-0.0012139159569440235,0.05105597678380287,-7.77408602582219e-05,True,False,-0.063776463081509,-0.002797162071361759,0.18857301156370762,0.009532072303307668,True,False
28.7999712,-0.17105200620395436,-0.006227726283196129,0.052273835310215136,0.011400532494167026,True,False,-0.4758886737127266,0.00026855936869814117,0.8239788768896856,-0.0010918507780952138,True,False,-1.1245703717587614,-0.006709863477575723,0.4263945560791291,0.009695364089841747,True,False
28.8333045,-0.6353620821300515,-0.005151589407330809,0.17886380212983594,0.006271239300131039,True,False,-0.8385132333623619,-0.00023158807081147124,1.3017319277897306,-0.0034227213584769023,True,False,-1.909358506375306,-0.01039278076014045,0.6098442315976061,0.010117963204285556,True,False
28.8666378,-0.8835877290999129,-0.00733193780493185,0.3403763548040799,0.008441704022213737,True,False,-0.7626509220938021,-0.0015494548350230045,1.2248095152972664,0.000910571881873692,True,False,-2.1253231260244436,-0.009447888138474664,0.6872664096130442,0.007842844402717687,True,False
28.8999711,-0.8775539847719955,-0.005876691566577248,0.5553290404608252,0.00952815519353431,True,False,-0.22177265232456037,-0.0015990363781186957,0.5574243262190649,-0.0007769636235288548,True,False,-1.7070856226707571,-0.007627767665322521,0.6597344169327038,0.009189043183386258,True,False
28.9333044,-0.6908860177718559,-0.0034369975764695546,0.8116317423447605,0.00848350460809256,True,False,0.5894929293122908,0.002586849990227637,-0.48718344057209134,-0.0045677145365268824,True,False,-0.8369795064937028,-0.005534719719130845,0.5638319738617397,0.006917171605099644,True,False
28.9666377,-0.4626206232792215,-0.00330543809611592,1.0543884876884964,0.01007350352408123,True,False,1.3327659839237807,0.005894966693353044,-1.5185539627973805,-0.010816190844193321,True,False,0.13507929589271545,-0.004206357851232913,0.44462524735994485,0.009451443932427615,True,False
28.999971,-0.3309004021982208,-0.007004709155277222,1.2004590024787452,0.017700526505588236,True,False,1.672749769630861,0.008869837992444786,-2.123595144671711,-0.016041630312264885,True,False,0.8345622946677922,-8.36259448343365e-05,0.33578824729981943,0.00899766424843168,True,False
29.0333043,-0.38241799755978056,-0.006643918220400348,1.1792175090581634,0.014489909661680251,True,False,1.4308043071712229,0.007437541524705577,-2.0442178008093554,-0.015813958474771433,True,False,1.012237518137221,-2.5336670282700426e-05,0.2499295773164281,0.006815169113171521,True,False
29.0666376,-0.6274342804583265,-0.006250655990665258,0.9744809369484921,0.014569050423344962,True,False,0.6703814209564812,0.002714873266262315,-1.2930252540077176,-0.008232134411939726,True,False,0.6428850054610843,-0.0002756309383868841,0.17394835852576504,0.00416270625609569,True,False
29.0999709,-0.9911385265325681,-0.0033104728765373484,0.6363570145035744,0.008077939946400102,True,False,-0.3294985246149431,-0.001830422759305261,-0.14696753336398372,-0.0032430676177142466,True,False,-0.07046090039340237,-0.0047038934388719195,0.07117202313585332,0.0067649545784865105,True,False
29.1333042,-1.3221874548978587,-0.006567500137603378,0.2552804808266844,0.010163789897263827,True,False,-1.1974845152636682,-0.00509104320677504,0.9754495562703218,0.0019697393439712585,True,False,-0.7918523790100579,-0.008591044550515724,-0.10073090400103346,0.008510835599858145,True,False
29.1666375,-1.435423299645993,-0.008875109871424479,-0.0801600677992586,0.008054423130986801,True,False,-1.6254947578198768,-0.003406277551016509,1.6873748840666805,0.0014295802898169681,True,False,-1.2024993240100066,-0.006944888356340409,-0.35984974653927937,0.0042991071737759606,True,False
29.1999708,-1.1917552134836698,-0.01079953688731517,-0.3139573576873858,0.009723999210862052,True,False,-1.4842625430354115,-0.004299129343648834,1.7765659042025794,0.002026898760815534,True,False,-1.1317757999795661,-0.006330558835558885,-0.6806130051731865,0.001520797810920158,True,False
29.2333041,-0.5794209735629084,-0.004990341985024408,-0.4307587975010456,0.004712996077719443,True,False,-0.85746048099221,-0.001080175561194465,1.267360431604115,-2.346281841349229e-05,True,False,-0.6119010432536977,-0.0029857279607253973,-1.0005347512295304,0.0013190768649230008,True,False
29.2666374,0.2570847406234654,-0.002712123488667805,-0.44640048538851457,0.007530045708763449,True,False,0.005358180184066946,0.0005962589434066923,0.3936386054395643,-0.00035593487713200437,True,False,0.15351207558020616,-0.0034610540909807983,-1.2436739518655175,0.0033466433594021476,True,False
29.2999707,1.064738915406829,0.0006377632929883301,-0.3900627479709227,0.00741705053842046,True,False,0.7889435973096391,0.0006740738755718331,-0.4968627212917454,-0.002889363507257528,True,False,0.8782274118120506,-0.001628212640056955,-1.3438367179836093,0.0010653523581785663,True,False
29.333304,1.5818493118878518,6.089661802902043e-05,-0.2868047452344703,0.006713449224072267,True,False,1.2283673994650604,0.005205502348938026,-1.0747977029005327,-0.009266834524850383,True,False,1.3012277637470202,0.001205692588353149,-1.2644436860927828,-0.0008971754153539934,True,False
29.3666373,1.6411237491518715,0.0015202657321077724,-0.14975100451029189,0.004501404490897819,True,False,1.2046354768525263,0.0056280527349115055,-1.1566241896942533,-0.009835995091201855,True,False,1.281266775154131,0.0015220773050198405,-1.0170701684886139,-0.0007413375763495607,True,False
29.3999706,1.2354703529772963,0.0015010478646303271,0.014545766996241207,0.005710097807622805,True,False,0.7866591111449633,0.0017380488545347638,-0.7762611710982983,-0.00319740484602678,True,False,0.8488552668950118,0.0013133836696073305,-0.668084332366405,0.0007670488890948633,True,False
29.4333039,0.5253789654198213,0.00018683341490828066,0.19534394341658834,0.006183284207292447,True,False,0.19800832738066126,-0.0006379809025429943,-0.1624977603264094,-0.00023099743591843065,True,False,0.192190643906933,-0.0033435557615349833,-0.31793544158190123,0.004243961650219588,True,False
29.4666372,-0.2166027466068175,-0.0037202219701183157,0.3725117642495149,0.008164321841978722,True,False,-0.2820177388557678,-0.003257238435197618,0.37033019083627566,0.00237561772906493,True,False,-0.4228294652289041,-0.004562745898791034,-0.05668074985815098,0.0045068263815251555,True,False
29.4999705,-0.7086626945539002,-0.005197214718847219,0.5189400626951705,0.004994642139443562,True,False,-0.4382708025835531,-0.0011650715007608665,0.5633099176498284,6.353742105897436e-05,True,False,-0.7633525825340237,-0.004520395820639549,0.07604731122046562,0.0017329109036758076,True,False
29.5333038,-0.7698218821363337,-0.003505596435228378,0.6046452189540821,0.005243734076112969,True,False,-0.20672911165500352,-0.0010313256355683998,0.3211193145387525,0.0019015923967407103,True,False,-0.7183860813470729,-0.0011500892110071638,0.09897603249176772,-0.002080406415083049,True,False
29.5666371,-0.38837613977792845,-0.0010762934484596295,0.5996987998291283,0.0033549466631588227,True,False,0.3035259845150342,-0.0017297723453610487,-0.2513470508968047,0.0022792958611718996,True,False,-0.3307965514929751,-0.002847258556132264,0.06742251218996527,0.0033264241832967317,True,False
29.5999704,0.2788240014456415,0.0016850866101953915,0.4807160329982213,0.002410469222064973,True,False,0.8558439917476611,0.0024180242291109173,-0.8924601255464222,-0.0037918571328593316,True,False,0.22819645046019607,-0.0017467453321074466,0.04848503916778707,0.004582699631243808,True,False
29.6333037,0.9671006884888254,0.0018683488762282882,0.24576251011091593,0.003029502406288463,True,False,1.180857787196915,0.0029895604221797795,-1.2924923774059414,-0.0044662316285358165,True,False,0.7244789312960337,0.000456676005702139,0.10679979357227556,0.001684636442247889,True,False
29.666637,1.39389858804434,0.001502729718184178,-0.06728685546264278,0.002543926709041125,True,False,1.0874255396798973,0.002385248419353773,-1.227969062777673,-0.0032494417132726667,True,False,0.9480907668588026,0.0029098392386642715,0.28778415526510737,-0.00025358929344627924,True,False
29.6999703,1.3511758202943747,0.0038330752530700125,-0.37585025415354356,-0.0007865989846231673,True,False,0.5467875307673078,0.0028680208347432526,-0.6651096740390647,-0.003573382143258038,True,False,0.7980429682332028,0.002788592047644136,0.5896451863105254,0.001110833697959446,True,False
29.7333036,0.7834763549206847,0.006970745877622981,-0.5779252420672917,-0.00887096621760754,True,False,-0.28743231254706836,-0.0013930130009243695,0.21630007079262617,0.0018876605551424604,True,False,0.32987264573985015,0.0016870034329054852,0.9433589571859332,0.0016233017708171674,True,False
29.7666369,-0.1716270668010369,0.0029674671488790633,-0.6022997560246314,-0.006846577378205997,True,False,-1.1371927461148288,-0.007422045863799548,1.0947108074958698,0.01034431485520685,True,False,-0.2634449608085948,-0.0029020207007971013,1.2274256800720058,0.006066063928837977,True,False
29.7999702,-1.2141277468160105,-0.0036038693554563688,-0.45059617528450596,-0.003633138250997406,True,False,-1.7137318908774346,-0.008441120591372312,1.6452378380029933,0.012079023870062697,True,False,-0.734447960583862,-0.003497289099038497,1.318661787624359,0.004924838678686821,True,False
29.8333035,-1.9927788728479312,-0.006797354735517696,-0.19820706471219246,-0.0018850691897783396,True,False,-1.832770669695007,-0.004333144743912941,1.6775166262623353,0.005624700368841448,True,False,-0.8870193048617295,-0.0018301990391989297,1.14939492650655,0.002274072337586986,True,False
29.8666368,-2.250945758787222,-0.002879601195385806,0.04594903370660758,-0.005806991163840341,True,False,-1.4772528318414113,-0.005733491326896697,1.2063728095393165,0.008062251100356946,True,False,-0.652506025743802,-0.00017870268814681214,0.7366451963499782,2.6530319330799533e-05,True,False
29.8999701,-1.9303501927586406,-0.0029098390530758788,0.1921888232643037,-0.0025921166332898487,True,False,-0.7896317085367331,-0.002564340849045074,0.4330316327256741,0.002773178027241242,True,False,-0.10816131273323602,0.00014274200713590212,0.1732615421268964,-0.00013376663474464685,True,False
29.9333034,-1.1836286916166672,-0.0017366962933817588,0.20708650283171517,-0.0019351150440151121,True,False,-0.011683167520937563,-0.0024000119771841614,-0.33909535124611867,0.0045475921391900315,True,False,0.5560606008068469,0.0011655099860088292,-0.40375956674470964,-0.0013063360815097134,True,False
29.9666367,-0.29899312073189177,0.002352048876402359,0.1204578328004681,-0.004886957112281046,True,False,0.6004937638867197,-0.0009635312866722108,-0.8156591915461813,0.0028010604912838575,True,False,1.102141454370311,0.002449980535133389,-0.8502452943446437,-0.0025662142543181267,True,False
29.99997,0.42558197718690355,0.00436953232363247,-0.0007080942192556315,-0.00600031495858477,True,False,0.8639820503211941,0.003947596036998035,-0.818219351787304,-0.0034343591891963037,True,False,1.3225293497233919,0.004809664555001402,-1.0510281797697956,-0.004914552792613847,True,False
30.0333033,0.8073590101365912,0.0065620446878281,-0.10005808912996397,-0.008729861298081969,True,False,0.7366929290246818,0.0028354990221778308,-0.35769093976522814,-0.00017513013603212245,True,False,1.1144574769667155,0.0046213420003841385,-0.9526836422565603,-0.004621945902614185,True,False
30.0666366,0.8497095100434293,0.006538673868085281,-0.17320748725855367,-0.009263468960067278,True,False,0.3369842704172805,5.816009044765961e-05,0.3589405173884392,0.005644334642910771,True,False,0.5241699098370579,0.003420562448468484,-0.5829573367921315,-0.00378668129424315,True,False
30.0999699,0.7231113050168251,0.0016184519031023851,-0.2719169212633908,-0.0022470046385429593,True,False,-0.1044224571935679,-0.0020683909466884605,1.0075204693244189,0.008607595433876599,True,False,-0.26377138718224435,-0.0015498870825327521,-0.04447840291182975,0.0003535667484564425,True,False
30.1333032,0.662584133587365,0.0018635557889395513,-0.46355240791610075,-0.005429255537193357,True,False,-0.34710660117510395,-0.0032606781146891587,1.2859218589489336,0.01084286879934507,True,False,-0.9946881427704044,-0.0019882118382469347,0.5177690735189091,-0.0003445592574942223,True,False
30.1666365,0.8357640468873562,0.00400322168971745,-0.7731416909439457,-0.008798914573355996,True,False,-0.25101685288127723,-0.0016001619405308911,1.0478345909111397,0.0068184223205769775,True,False,-1.440504039566026,-0.0026195931039052476,0.9600524158445298,-0.0009559640074886131,True,False
30.1999698,1.2531591127909216,0.005559791973264443,-1.1491060279505425,-0.00948337813508105,True,False,0.1594353790232943,-0.0015604801360436934,0.36586771555982023,0.0061132927121326066,True,False,-1.4815876049435106,-0.0032555494556538137,1.1779117525030975,0.002200354128988983,True,False
30.2333031,1.7626141246317426,0.006624045582192503,-1.4733640402573647,-0.010219945669329602,True,False,0.7068568835622484,0.003936651245496104,-0.503129370557775,-0.0017803560321514485,True,False,-1.142209156117888,-0.0022774076784938643,1.1316575607612094,0.003709948596564694,True,False
30.2666364,2.1215018640584806,0.006380594205300958,-1.6076403665540893,-0.009396689366757468,True,False,1.1408240023123686,0.00353070021461609,-1.2298813317775088,-0.0014409734131111528,True,False,-0.5708246177114357,0.0005903327390409815,0.8543432446463897,-0.0005310660598037024,True,False
30.2999697,2.1089009238278686,0.008384233568321865,-1.4546815502235961,-0.011596172021569333,True,False,1.2480061073923816,0.0035745594747448404,-1.5485912318201,-0.003348898877150733,True,False,0.023437423610191816,0.00044698887739525557,0.4342854239509289,-0.0013289845544958525,True,False
30.333303,1.6310711666581308,0.007157911480570147,-1.0103685729875598,-0.010224261781505095,True,False,0.9437532881029469,0.0040051767809031295,-1.3594458414246375,-0.0035093169783857224,True,False,0.452127580123994,0.0024780012962273483,-0.024563290508079073,-0.002417328220863761,True,False
30.3666363,0.7757841807127093,0.004069471331114642,-0.3810439887312412,-0.005589047936804853,True,False,0.3091908944906936,0.0026318983239056286,-0.7601626157150262,-0.0011385392723246835,True,False,0.6160101640119042,0.0030292858185097613,-0.44345791983502153,-0.002138776521226013,True,False
30.3999696,-0.21337504166861385,-0.0015897667409752259,0.2514633618615074,0.002277588556837726,True,False,-0.43921002281185506,-0.002606320754912822,0.0011430088462104505,0.005069623903114985,True,False,0.5362266117239481,0.003252707890183297,-0.7896054754150218,-0.005042969717044898,True,False
30.4333029,-1.036062645901198,-0.002871729062118666,0.7070727572731259,0.0021939254281050555,True,False,-1.0361633412492945,-0.0017443317724966689,0.6294180000074456,0.002549766144007008,True,False,0.3354971546630686,0.0012463374420492597,-1.070316194666843,-0.004595464360663502,True,False
30.4666362,-1.461149978701769,-0.0036176188430287652,0.8865131226243348,0.000883159273517816,True,False,-1.2755458804149364,-0.00398547533069689,0.8984731278314144,0.004434880177588504,True,False,0.17424679336180052,0.00017304138677413724,-1.3065604651526763,-0.004001164751714811,True,False
30.4999695,-1.4191026716075548,-0.005662082054199974,0.8087291527327649,0.005057356638763962,True,False,-1.094959184846333,-0.0019309805721700738,0.7348465823048157,0.004530428717836284,True,False,0.16856632738942398,-0.00022658670435024808,-1.4995513541775414,-0.004484413428316847,True,False
30.5333028,-1.019935848799524,-0.0005165913617190642,0.5899286948583097,-0.0017546329974237247,True,False,-0.6028511122486736,-0.0016516076072749112,0.24339262702496545,0.0023863383355295594,True,False,0.3304377445910639,0.0021642830184162797,-1.6098368097973323,-0.006212914167706249,True,False
30.5666361,-0.49291668362005786,-0.00020524950092622643,0.37936785991123034,-0.0008581991387165396,True,False,-0.0373051584593853,0.0015557674451708668,-0.3325238338144006,6.025162357744974e-05,True,False,0.561193322614657,0.001459072834496188,-1.5646327520148695,-0.004930339478843942,True,False
30.5999694,-0.08142697755586958,0.0019056964803558665,0.28770061732664437,-0.0018393664580146894,True,False,0.3297205433260457,0.003186993742374162,-0.706007158102346,-0.003515302169541021,True,False,0.7003179349373225,0.0044842180039935085,-1.292066735007734,-0.006887364186937152,True,False
30.6333027,0.05315495604230664,-0.0016700115037700206,0.34706423671886383,0.004558923481677796,True,False,0.3075777801401601,0.003301974031555056,-0.6659017042184318,-0.003692075213927759,True,False,0.603279791129754,0.0012071061500730682,-0.7633702325493521,-0.0009884379515587855,True,False
30.666636,-0.12316182993194218,-0.0009049963005292213,0.5204972709400478,0.004208081354405354,True,False,-0.12486691527556788,0.002931126809979342,-0.17317869856664267,-0.002502280129928673,True,False,0.2112246630471612,0.0011451323959467499,-0.020571498367220453,-0.00060973229527085,True,False
30.6999693,-0.5287435716507197,-0.0006453854553776754,0.7433273328039686,0.002246920211918098,True,False,-0.7977297478811585,-0.0004373186633726906,0.6098859876341686,0.0018822317796751372,True,False,-0.4152189354340423,-0.00010052811602852527,0.8210474290748576,0.0018427459358362208,True,False
30.7333026,-1.0147411676778852,-0.0031225476559003404,0.9624466390962396,0.004208696942552956,True,False,-1.4095780253726324,-0.0033462388970896665,1.375333165783985,0.005566234155054626,True,False,-1.1073283603535453,-0.0024920849073888683,1.5929901926525885,0.004552642037636418,True,False
30.7666359,-1.4254610842531363,-0.004443795951956968,1.1526655609098957,0.005445762962529591,True,False,-1.6466787356006791,-0.004171740769640311,1.7885589672068853,0.006304022625976714,True,False,-1.6396870969407404,-0.002537144491933752,2.1100541140879656,0.003136343594001286,True,False
30.7999692,-1.6501401248329022,-0.005144713938375333,1.3103289570734975,0.005819196452203002,True,False,-1.3120746292780372,-0.0022549690205102965,1.620249071978287,0.00481275253488141,True,False,-1.806815404291812,-0.0064173279559474475,2.219533068211161,0.00936938098175038,True,False
30.8333025,-1.6481218482346716,-0.0031649228997947527,1.43342809136033,0.005163761536368556,True,False,-0.4097739552013249,0.00014172964427370977,0.8379609391142867,0.0021920317788383255,True,False,-1.5008477066458703,-0.001935357044177445,1.8552536958456718,0.003981018876586038,True,False
30.8666358,-1.439692329631033,-0.0017677541536383556,1.4996871708543966,0.004050015329733844,True,False,0.848287440192557,0.006488844376827672,-0.37426762077416553,-0.004667301134557463,True,False,-0.7613163887661297,-0.002682063125736556,1.0779070526805943,0.005579511316758593,True,False
30.8999691,-1.0753625979020995,-0.0009132986164729939,1.4573484825345415,0.004366406074600802,True,False,2.1101392008437627,0.006368267353966361,-1.6700248164199947,-0.003987532455797307,True,False,0.22425798444536685,-0.0008635580692930771,0.07851619291704431,0.002770203843588837,True,False
30.9333024,-0.6100063708675311,-0.0014479578019984233,1.241343980925531,0.006379594253718537,True,False,2.9975791544102752,0.009389558712168646,-2.648339763274044,-0.008664420651820375,True,False,1.1739660265199343,0.0039957164814889146,-0.8685039990260395,-0.0028084394149078384,True,False
30.9666357,-0.09906295490560597,-0.0007242205725552067,0.8126436759825656,0.003916623465927155,True,False,3.229613555072272,0.011000354545139866,-2.986755378175252,-0.013392817780714737,True,False,1.8064610798678593,0.0049523438630103295,-1.4952325683311958,-0.0036602981202973357,True,False
30.999969,0.39126437334754705,0.00037468482377243223,0.19809991677293076,0.0022395803125525994,True,False,2.722317693508473,0.013579338521759375,-2.563954675760878,-0.016328306588270742,True,False,1.9454391677855367,0.005652533122376366,-1.640720774690866,-0.0036027781781703453,True,False
31.0333023,0.784155776624313,0.006088684949672399,-0.4987127824899159,-0.006389998929406195,True,False,1.6304873707288086,0.00767501723376207,-1.5219324727367423,-0.008545344458293263,True,False,1.5899109166761412,0.005115554709869235,-1.3167278225386028,-0.0038809677662011792,True,False
31.0666356,1.0154749167951838,0.005805826964622178,-1.1276484214588172,-0.007315946060223692,True,False,0.3010447631633481,-0.0014104694663422152,-0.22160144314833347,0.004148027215872268,True,False,0.9158226273856132,0.0019183247332195592,-0.7053788694603129,-0.0004075068135791759,True,False
31.0999689,1.0637742140808872,0.006530870233310353,-1.5459287865115576,-0.010654044051529823,True,False,-0.8568935866965895,-0.002601799867514108,0.9037338243565539,0.0025955076613955234,True,False,0.2035714252619636,-0.0004872724846669294,-0.08486893269612285,0.0023947167990239914,True,False
31.1333022,0.9571207868390917,0.0017098111115594456,-1.6641293373632382,-0.004808309404327991,True,False,-1.5288863232102345,-0.003605213745078694,1.5255905524372484,0.00443540283560524,True,False,-0.27963770900242224,-0.0027633581703675,0.28837010176651967,0.004661995433687258,True,False
31.1666355,0.7482430411606287,0.0032922928356741593,-1.4658181235051058,-0.007772143140134702,True,False,-1.6046356039527805,-0.0024704306001333024,1.5393486518294637,0.002585639617865794,True,False,-0.390084511212092,-0.0012591359789106459,0.28930287475596894,0.0022965186329221214,True,False
31.1999688,0.48268843772416586,0.005038345332640437,-1.0069127576313677,-0.009404725308805439,True,False,-1.1987144217980377,-0.003075005308805108,1.0806267584418017,0.0021429621633837995,True,False,-0.16018098653168514,-0.000888670278512786,-0.025243269553856345,0.001945328314204957,True,False
31.2333021,0.19004140257769175,0.004420980751641216,-0.40713535122584077,-0.006490052954462329,True,False,-0.5879407982221619,-0.0017686165334208077,0.44983026116493396,0.0010077195511074518,True,False,0.22744488068640545,0.001410428792073664,-0.4469155543997236,-0.0007074278162557717,True,False
31.2666354,-0.09926676607715662,0.0033082765563224796,0.16846469297667876,-0.00248074200602543,True,False,-0.09651155378977104,0.0008039367802156606,-0.016000662505769744,-0.0021006995448061647,True,False,0.5268026325015444,0.0019893118500269665,-0.7093043036450707,-0.00132293684821147,True,False
31.2999687,-0.3350666524919147,0.004584909277709598,0.5477701281936506,-0.004549595966227715,True,False,0.03234751833618765,0.0011166240190468508,-0.07861404777154582,-0.002270416185090022,True,False,0.5338624425706542,-0.0007121246079449723,-0.6016235951061951,0.0013310809528922331,True,False
31.333302,-0.4497501699798989,0.00019080668575956758,0.607168494500328,0.0018293276569423947,True,False,-0.26447697373780177,0.002748397113695701,0.3039216210307569,-0.004569160831866161,True,False,0.1680268674885685,0.001226882757985335,-0.058050664456837466,-0.0008709657420342263,True,False
31.3666353,-0.3857315974343372,0.002566801649125371,0.32425684670044774,-0.0019789764078095777,True,False,-0.8405826871613733,-0.0038362299254333875,0.9563938201634243,0.004399043534632409,True,False,-0.49464001795442614,-0.0019916355527567426,0.8070993195364555,0.0037109515846705425,True,False
31.3999686,-0.13054595801909408,0.0014181852796383,-0.20104128465417492,-0.002940941144260288,True,False,-1.3995619552749132,-0.004385828590126155,1.5576724509645556,0.004080496828308043,True,False,-1.2426329701721905,-0.0026106956419160803,1.7298138116439805,0.005989110999091076,True,False
31.4333019,0.26631173466805164,0.006801214041182533,-0.7775864588986383,-0.012102678091805555,True,False,-1.6224230676953124,-0.006332737820291729,1.778129259491993,0.007783249436006415,True,False,-1.7988993535624118,-0.005123849957519077,2.3847570568418157,0.007770276706052851,True,False
31.4666352,0.707417753881151,0.004127717341503116,-1.1993757108070926,-0.008436363861165506,True,False,-1.3074595298783898,-0.002934253276575921,1.4229622616692228,0.0017761148682772462,True,False,-1.9215283934388794,-0.004131309626855879,2.5036636307347844,0.005832273813195885,True,False
31.4999685,1.0825004650135313,0.006861261629621334,-1.3303183005693602,-0.010823862699483534,True,False,-0.4637034945406727,-0.002904758380036286,0.520412875891944,0.0014043666954059667,True,False,-1.505053779278097,-0.005412485504274229,1.9845229697255857,0.007466266076950777,True,False
31.5333018,1.304974194291956,0.006555058519241912,-1.1557051336243565,-0.008332611398003722,True,False,0.6766900911038849,0.0009390848925799322,-0.6766820324628267,-0.0020656919348639798,True,False,-0.6453203178799217,-0.005374671167061762,0.9536992071682838,0.00783514963015099,True,False
31.5666351,1.3359581040720971,0.006482114264714231,-0.7804419618637471,-0.006252534768161654,True,False,1.7316768183916158,0.0042047726217823,-1.774031462185303,-0.006942019271590248,True,False,0.36797864739995684,-6.799366130074681e-05,-0.2519786003761097,0.00025525118053386397,True,False
31.5999684,1.190543899320878,0.004801202195053441,-0.38091155713625613,-0.004327252092102292,True,False,2.306635099389503,0.0069882433766331785,-2.377840208387168,-0.010889045192802014,True,False,1.1489751870298963,0.004532098266568436,-1.1998516841930191,-0.006942262865843392,True,False
31.6333017,0.9278176377774172,0.00586309780832528,-0.1334069155461475,-0.006656607232121951,True,False,2.1504765607417524,0.0077348632877729685,-2.2495164283664435,-0.01222490867864994,True,False,1.3779719734181863,0.003936676700270694,-1.543156127512193,-0.005527449136388339,True,False
31.666635,0.6308385287033249,0.0027410744043823774,-0.14507996443031815,0.0005816085726815674,True,False,1.2696178460697307,0.005871621294818542,-1.4116791939281883,-0.009178779596113403,True,False,0.9559651610696224,0.004678723115764704,-1.1865833991476706,-0.006409893371615425,True,False
31.6999683,0.3829823467428516,0.004281156888801221,-0.4092542014409064,-0.00400940522186417,True,False,-0.0547214782288572,-0.0016449986227170628,-0.15168675321451525,0.0005775796095652643,True,False,0.06950506718331173,0.00021885389640138373,-0.34499817481834216,-0.0022569309744887695,True,False
31.7333016,0.24374039521193994,0.003822965598171343,-0.8019732769609629,-0.007518321261524327,True,False,-1.364297859760151,-0.004977725106410921,1.0886062720871437,0.0038001889706613416,True,False,-0.875919691091168,-0.0038474858861667497,0.5439883076631243,0.002994691473585211,True,False
31.7666349,0.22484953355749732,-0.0013281554772741485,-1.1248992716341384,-0.0044988571754566685,True,False,-2.2012143313204233,-0.008750573260885495,1.88968536284731,0.006670945953246609,True,False,-1.4306668086889753,-0.00640488579564422,1.0185909981866736,0.0054515637193689355,True,False
31.7999682,0.2733038457283331,-0.001056954044713231,-1.179507968889177,-0.004586890796731525,True,False,-2.288756807609559,-0.008070176501316547,2.0162680964824897,0.007143178362890435,True,False,-1.3043721322167732,-0.005024170340275656,0.8094400492822829,0.0043476311314775435,True,False
31.8333015,0.2804489709431502,0.0016932102413400858,-0.8455570047296691,-0.006324816105457687,True,False,-1.6379105036592785,-0.004102243237152895,1.4950339797592271,0.0008786364086902805,True,False,-0.5015898335448232,-0.0026928142828580373,-0.03240836171842321,5.4820344959172576e-05,True,False
31.8666348,0.1329446942749766,0.0024393664624623454,-0.13803476242112764,-0.001239379221443064,True,False,-0.5372954628149558,-0.003717571583719285,0.5836171710004353,0.0032631802061081827,True,False,0.6738382483713463,0.0010523060706412915,-1.1597393214523104,-0.005431050219490536,True,False
31.8999681,-0.2130364050662179,0.0029071755499650975,0.7803568683495082,-9.833004053076485e-05,True,False,0.5666471747015152,0.0018558438263866482,-0.34693195154497636,-0.005825205205005253,True,False,1.7468939361766247,0.00545054469589706,-2.091447807583151,-0.009629275312768044,True,False
31.9333014,-0.686877034799488,-0.004712524161824655,1.6465962646147012,0.009328225540243585,True,False,1.2525949845296838,0.006402799209761324,-0.9646282165774459,-0.007241359851044388,True,False,2.2745594513841176,0.005989397249827448,-2.430152013031137,-0.006829778008192304,True,False
31.9666347,-1.129302132990089,-0.0052962763135577465,2.1966281062271156,0.012185982821135966,True,False,1.2996639331495983,0.006605642675733979,-1.1027659916248402,-0.005567408707366527,True,False,2.0356157845738676,0.005834876915652504,-2.0322384680127126,-0.0066991436484128575,True,False
31.999968,-1.377518527105063,-0.006957948994958389,2.2769955647079922,0.01249991212321067,True,False,0.7788328965559872,0.003530067787798115,-0.8092492830129521,-0.0046324335404007355,True,False,1.125900380558929,0.0030360976357739536,-1.0609712882784053,-0.004340695669395308,True,False
32.0333013,-1.3537909361705502,-0.0050651353853074605,1.913854042316495,0.00983555322436234,True,False,0.01229627963538021,-0.003044456643935713,-0.3025372885272479,-0.0007068329541067724,True,False,-0.08127613603277169,-0.0015792188626978661,0.0896990764907841,0.0013522057881862086,True,False
32.0666346,-1.104007240849632,-0.0046705715146011266,1.3021255541276755,0.006894455644820372,True,False,-0.5837825449366216,-0.003235651901739787,0.1384511637054404,0.00042273868603124324,True,False,-1.093493723694099,-0.004361415439479153,0.9640047023577047,0.0044281930984817605,True,False
32.0999679,-0.770516665944389,-0.004648330128854053,0.7184605148721066,0.00429427364954058,True,False,-0.6950394817495301,-0.001964131527754398,0.29656018298169823,-0.0024296661148861063,True,False,-1.5098287753597874,-0.008089714466337331,1.2359521706933057,0.007889613367341605,True,False
32.1333012,-0.519628110842065,-0.0038362278188665915,0.39829626085495107,0.004000897312425206,True,False,-0.2491007182282869,-0.0019411846292566723,0.10054177880112024,0.0006768794685958289,True,False,-1.1922183687866776,-0.0033344412827790463,0.8414072312287837,0.0011522664879583201,True,False
32.1666345,-0.4601850751286962,-0.0010581499708340414,0.4316547241616287,9.782149201266748e-05,True,False,0.558202111028829,0.001685432862895153,-0.35467159054008646,-0.0033038493012670063,True,False,-0.3212444169677772,-0.003057542769746275,-0.007319681860280746,0.0013706454648387202,True,False
32.1999678,-0.5915477301281983,-0.0027372198706283536,0.7247054991078656,0.00471174981340216,True,False,1.354965109216495,0.004249313447750951,-0.8520552969625315,-0.002292838910763361,True,False,0.6882983214700177,-7.53228482791678e-05,-0.9255577124878547,-0.0012746082193066304,True,False
32.2333011,-0.8108936171792134,-0.0075961077506387165,1.0495137830511554,0.010225718987340048,True,False,1.7624697978775068,0.008637022834968542,-1.1442898016849818,-0.0066751084845243875,True,False,1.3749461392771123,0.006428249182813698,-1.5260666753785996,-0.005998969938505547,True,False
32.2666344,-0.9802902945669834,-0.010157049567129072,1.1636138205382067,0.01355985346418805,True,False,1.5689072738400125,0.008590713219394258,-1.0622042916116965,-0.007231149149220115,True,False,1.4386390076435884,0.005317547620111529,-1.5783076447668403,-0.004662890675237183,True,False
32.2999677,-1.0096917663748086,-0.0055511562969876764,0.9373498816404084,0.009498963063665912,True,False,0.8266362356953715,0.0014784071846417298,-0.5961880394285299,-0.005285248021502451,True,False,0.8714425515765968,0.0009150202296277701,-1.0887667717713074,0.0009143310112198988,True,False
32.333301,-0.8956918716296831,-0.0028914523382946866,0.4153720939660135,0.0017040270957777877,True,False,-0.17616220275655411,-0.0024902187410766044,0.0913153366410051,0.0005265782324370867,True,False,-0.05525400637055512,-0.004812057565036447,-0.2705375319522289,0.0034902190012239677,True,False
32.3666343,-0.695619046620942,-0.0021524243758253643,-0.21950948358466194,-0.002158092394225377,True,False,-1.0523591650872215,-0.0036512428058156116,0.7356919949270391,0.003993646962606779,True,False,-0.9354424606576687,-0.005580272213220437,0.5724344136281102,0.005891181499428019,True,False
32.3999676,-0.4738700464491203,-0.006120945130587923,-0.7465038253852787,0.0021052603132511363,True,False,-1.4873715136238312,-0.00480485557095613,1.0907703517402778,0.004903303059612243,True,False,-1.420185308116254,-0.0050760085226262625,1.179478649601532,0.00626501580989523,True,False
32.4333009,-0.27012941830142967,-0.004855376821381604,-1.0053052676726768,-0.0008603742353581546,True,False,-1.363970049001802,-0.004749020287752231,1.0386058649387269,0.004018787197008298,True,False,-1.358904172162043,-0.0043645878666939385,1.4227456513620853,0.006832284359057648,True,False
32.4666342,-0.10194046241399557,-0.005293173265024548,-0.9484858519601296,0.002146874856896567,True,False,-0.7938304233755841,-0.00044204557553235876,0.6349703845721774,0.0007266998049159713,True,False,-0.8388492179746521,-0.002604510249919779,1.3259812287321224,0.005950406473638638,True,False
32.4999675,0.022743564703284043,-0.00248951720077596,-0.6437326525503594,0.00019058657213682278,True,False,-0.0541907895209,-0.001049529741353411,0.0748783547479105,-0.0009707318434491168,True,False,-0.1274139858729783,-0.004428535787451327,1.0232673819287503,0.007753960559036114,True,False
32.5333008,0.10708452768310307,-0.0008108234412183032,-0.24235007623845078,0.000582507130664529,True,False,0.536414843706911,0.0031456205169943887,-0.3973508182487376,-0.001063203635908026,True,False,0.44747941625136367,0.001434917544774551,0.6868390310349055,0.003859666632051497,True,False
32.5666341,0.17852093396432303,-0.0022275756029210506,0.07164723106684513,0.0034686115410738298,True,False,0.750780291911141,0.0036544927446588186,-0.589435325250039,-0.0014689551803680004,True,False,0.6350046525751936,0.00130302080646064,0.4547908719458711,0.00446595005251614,True,False
32.5999674,0.29205697453354934,-0.0026384076391346933,0.1429450038163323,0.005241715298362835,True,False,0.5416109626374496,0.001744271647920049,-0.4347853913665139,-0.002807389805339309,True,False,0.3681595214898316,0.00029354551816470427,0.3845967912336882,0.005408454471568187,True,False
32.6333007,0.5102281315767239,-0.0029546335900159583,-0.09741183547408537,0.006167686672638767,True,False,0.05132502995942399,-0.0010360306471564524,-0.015209705473885787,-0.0001363311965556282,True,False,-0.20615012257329657,-0.002811019251816697,0.4472983300960756,0.0072820763933464,True,False
32.666633999999995,0.8702127860171235,-0.00043402217656793307,-0.6027177571054134,0.0007536506574519624,True,False,-0.4582547905950181,-0.002845252039459653,0.4749255545272034,0.003270158974261217,True,False,-0.7908967197104125,-0.003421117237248585,0.5568106491073118,0.004418296218948578,True,False
32.6999673,1.3606320139609396,0.0022149679125752614,-1.2297932177095474,-0.0043890865265428375,True,False,-0.7218154410661115,-0.0016147089401715162,0.8118652027518517,0.004996818300928153,True,False,-1.0700015249101424,-0.0041979736413028865,0.6127436411267918,0.004781702528988444,True,False
32.7333006,1.9193428774785133,0.0031068060092911544,-1.8000241349653192,-0.005737195302424553,True,False,-0.5817668243819681,-0.0029763980227150654,0.8396126568909559,0.0053848909961752905,True,False,-0.8508878855662197,-0.0059262205955809,0.5389407025778372,0.004546456726492205,True,False
32.766633899999995,2.4453024563852606,0.002708495898280693,-2.167458508609383,-0.004475743288212878,True,False,-0.05433373589455015,-0.0005851610412171729,0.5373035825862519,0.0029897478101371827,True,False,-0.1593270051431282,-0.0016939379127718923,0.31297149327355644,0.004623564753593992,True,False
32.7999672,2.8143497129769712,0.004122721353688128,-2.2580544379406464,-0.0037397905682011695,True,False,0.6695778748104044,-0.0004173524133785631,0.026518554717856538,0.00012655052140909297,True,False,0.7559001853768916,-0.0007022405075766331,-0.016468853553162525,0.006266348849689655,True,False
32.8333005,2.900018214037557,0.0048842951677721905,-2.07061811100958,-0.0038408927608553555,True,False,1.290704285591596,0.001117726475880386,-0.48223239957892516,0.0023570417274623814,True,False,1.5170923369591447,0.004445757572134094,-0.33605055632749137,0.0016752964823944722,True,False
32.866633799999995,2.6059088112331863,0.004569557200063057,-1.6558055243924443,-0.002662114983707784,True,False,1.5194225239122838,0.006459406574301545,-0.7792363505287881,-0.0032956776865498702,True,False,1.7753827616265418,0.005057499665158839,-0.5093593058074252,-0.0011869150081834634,True,False
32.8999671,1.9057259381205451,0.004133456868830637,-1.0930681235970396,-0.0038749524074299818,True,False,1.206392779518545,0.00825983261944464,-0.7459172519681472,-0.004420543236291887,True,False,1.36432586839172,0.0024578673741744985,-0.4430720031564339,0.0017174320940231075,True,False
32.9333004,0.8732157485227846,-0.0016290968000918387,-0.4722437284354215,0.005280462735270225,True,False,0.4235400269136555,-0.00034692913967770863,-0.408119864303782,0.0010811471451699472,True,False,0.3803285219650102,0.0021279671642599226,-0.14288074200078188,0.00028556063149396283,True,False
32.9666337,-0.3168002232241082,-0.001641593801639264,0.12292302862644668,0.003554168981317839,True,False,-0.5589498587975605,-0.006482849979870307,0.07584264276705285,0.0038727593988884617,True,False,-0.8463922393077327,-0.0037660022173834707,0.2748317756442842,0.0015599459511211901,True,False
32.999967,-1.4231615043697765,-0.0035306106017136134,0.6289017797710041,0.003966452857190571,True,False,-1.3952239644983564,-0.006793177589502949,0.4893352394375076,0.0036749459684918477,True,False,-1.8782337390349397,-0.0077296924671648535,0.6245824728326034,0.005637882569989714,True,False
33.0333003,-2.2037702620854045,-0.009614479293209289,1.0103883127580628,0.009838266756154429,True,False,-1.8145856610630278,-0.006763430032648692,0.6546798711252042,0.006119405961348102,True,False,-2.339054711667247,-0.006610363205541027,0.7277081124080611,0.002455981462015377,True,False
33.0666336,-2.496357774855496,-0.010249677138725767,1.2622672420647263,0.009847884364096525,True,False,-1.718913294232946,-0.0027024980543878066,0.5054952278642048,0.0007731487292886335,True,False,-2.0523791924391643,-0.0031570586907245404,0.4868068810181872,0.0004364878974875769,True,False
33.0999669,-2.2832720159683957,-0.00899434381706269,1.4053069680576797,0.011100915647069122,True,False,-1.1940787004549773,-0.004321751072857929,0.10660482142634191,0.004444968652903794,True,False,-1.0972554461918427,-0.0026286037443950987,-0.07275430888860318,-0.0015332192028970203,True,False
33.1333002,-1.7017681562429428,-0.00517378395761528,1.4707678720829873,0.00825043007535721,True,False,-0.4558622351833381,-0.002963298432957284,-0.37843914597198386,-0.0010926160903084864,True,False,0.22537359886238703,-0.001766119152228708,-0.8043107981532821,0.000694509672609544,True,False
33.1666335,-0.9860329101370066,-0.0019868028667184992,1.475449954519119,0.006072239887934838,True,False,0.23292037941149774,-0.0014653733565980188,-0.7542430921022876,-0.0011971533630959598,True,False,1.4941504944426065,0.0047346306753966935,-1.4803257270041392,-0.006137363583510522,True,False
33.1999668,-0.3706686402778984,-0.0019242596697967285,1.4045463062694474,0.00889669574530082,True,False,0.6492860056654204,0.0018337849713822216,-0.868952274891965,-0.0021824846065586264,True,False,2.3078438748311494,0.008434299480718355,-1.86607426425881,-0.008375885229724968,True,False
33.2333001,-0.00842908737090375,-0.002060501102137901,1.2236005014367175,0.009513793463814943,True,False,0.6843636695512985,0.0031305684724858424,-0.6706803776420658,3.238449635768425e-05,True,False,2.4247039452077312,0.0072328274830392204,-1.8092953192939405,-0.00848599203761114,True,False
33.2666334,0.061530861734458674,-0.003622947304704986,0.9201539111265395,0.01122788834494991,True,False,0.3826593366751224,0.0009619964753106784,-0.2250681728701502,-0.000831261178182028,True,False,1.8473087779232142,0.0056921328011181795,-1.3077933114102789,-0.007200760310624971,True,False
33.2999667,-0.10388688727736531,0.0005668951475602853,0.5459620618096458,0.003851770404711632,True,False,-0.07661339834988228,-0.000953959953671327,0.31101071029134064,0.0013310070678786555,True,False,0.814618984381034,0.0022003033816807506,-0.5172931312750141,-0.0033115770162834065,True,False
33.3333,-0.3939929511117113,-0.0025206031700456466,0.222597506256279,0.006013968347762228,True,False,-0.45721789488699527,-0.004986577705598417,0.7503228666833159,0.007711143179032365,True,False,-0.2941802019763054,-0.00013925087638306412,0.3078189082833,-0.0020436908767411215,True,False
33.3666333,-0.6901337488718376,-0.0037169723072750815,0.09644714244620563,0.001333815113302739,True,False,-0.5699184109460727,-0.001996372053890211,0.9483834368953076,0.003916645709741404,True,False,-1.10142334018876,-0.0009434545443702119,0.9129645018949522,-0.0021611033535953,True,False
33.3999666,-0.9038807023470034,-0.0023577264462953306,0.26276013358720574,-0.0007121391084522687,True,False,-0.3526267698873853,-0.0015408416296138698,0.8570037183935787,0.0026673746516592766,True,False,-1.3642100254199352,-0.0019981075619541215,1.1384486485478131,-0.0002478742911365466,True,False
33.4332999,-0.9983669488468773,-0.002322711448006668,0.7003605416763354,0.0023966632262307106,True,False,0.10868343970620785,0.0002559337745347216,0.5352539947551256,0.0020470774190427987,True,False,-1.0560099578529072,-0.0029174799409809765,0.97645512835432,-0.0007690896490879008,True,False
33.4666332,-0.9877210440454647,-0.003348778557919372,1.2588909411653466,0.008957552442498545,True,False,0.620296779640925,0.0011229459450016383,0.12049341874625481,0.0007921744741753846,True,False,-0.3718297301443646,0.0008297029019730922,0.5711002995759691,-0.003181738355252749,True,False
33.4999665,-0.9189556266977665,-0.0029844288356208667,1.7128412938209698,0.010937262302129928,True,False,0.9599617887858969,-0.00026327036891463004,-0.22163169039251865,0.004869321432823479,True,False,0.3479627394710172,0.002221874015915239,0.15896022730333373,-0.0036692735522477838,True,False
33.5332998,-0.8439421607682159,-0.0014515200912282372,1.8534793312511013,0.007243712707501817,True,False,0.9670127180122332,0.004860211506092751,-0.35448679620523077,-0.002814514572076095,True,False,0.7536461653401102,0.005361612496027543,-0.031977495546442684,-0.008177283747574243,True,False
33.5666331,-0.7880132744214361,-0.0015797062549816289,1.567680120868018,0.005837711333269673,True,False,0.615420792012644,0.004032503973283125,-0.22718465074477628,-0.0049527868520301685,True,False,0.6323476763909588,0.0036421118008736846,0.11421957248191972,-0.003998245917402702,True,False
33.5999664,-0.7258682522184982,0.0014814617546944717,0.870214252579825,0.0008427839655650189,True,False,0.037797080078304596,-0.0002649694585673658,0.08994992938681802,-0.0006161936343720217,True,False,0.0035181431393747596,0.00410256403883639,0.5422111409766203,-0.006322299666505425,True,False
33.633299699999995,-0.5814340056195004,0.0013266153958421624,-0.1098138661169495,-0.004039214744780503,True,False,-0.5232675502935389,-0.005620441679530678,0.4234667510803776,0.00544388423955539,True,False,-0.8807625287495199,-0.0009321886950386043,1.0415489047204016,-0.002020676413140678,True,False
33.666633,-0.2638447656043726,-0.003935753969372499,-1.1687211032003284,0.0012301494235127275,True,False,-0.8222488775171604,-0.004761713056014436,0.5754058174137131,0.004530765207404454,True,False,-1.636832851883396,-0.0027126966670161243,1.336877961394514,-0.0002579026325892053,True,False
33.6999663,0.27183066291429436,0.001857904526266319,-2.0797642637736256,-0.013114959475249023,True,False,-0.7199726977231411,-0.001338324622819214,0.42140060718999783,0.0004140699284879688,True,False,-1.9129299885033364,-0.0052364898603658935,1.215781856092211,0.0006208970659473435,True,False
33.733299599999995,0.9785634659505896,0.005934492551797565,-2.6537666559392075,-0.015944494777066186,True,False,-0.23838744127501207,-0.0007204017138960349,-0.028915497874590034,6.704353670772727e-05,True,False,-1.5441894881651612,-0.0024510280796918218,0.6350564959842073,-0.00297243482054456,True,False
33.7666329,1.7213748662502024,0.008624830318528724,-2.7984316830732046,-0.017125554588123332,True,False,0.45572699925512106,-0.0006283267188439188,-0.635999761607506,-0.0019364695145497612,True,False,-0.6284098151380436,-0.0015076417727811233,-0.24908126301025918,-0.003235969563762955,True,False
33.7999662,2.3267048978485603,0.006590837687535511,-2.5468260928147295,-0.009608630639191238,True,False,1.1179439008761043,0.0028549187970270955,-1.1874540649753038,-0.005844204949426021,True,False,0.513074260242484,0.004590041723310415,-1.1458318205274838,-0.011433049395393847,True,False
33.833299499999995,2.6434381902098547,0.010787958705475628,-2.0333739235813626,-0.012459016061800093,True,False,1.5147642145744362,0.0027623500909354044,-1.478899517735865,-0.003578026120009126,True,False,1.4724722131417909,0.006300320540738594,-1.7596392327047699,-0.011951770428631592,True,False
33.8666328,2.5889323941127755,0.009622300062293379,-1.4310612965817484,-0.010782254915380148,True,False,1.506555937614155,0.005578896709915111,-1.3887212601359458,-0.0048363671728501294,True,False,1.928441550968273,0.007896583105275013,-1.9185824412251262,-0.00756553564147184,True,False
33.8999661,2.1705023492382507,0.00816527401565148,-0.8846988577658657,-0.006840469710947534,True,False,1.0979726377734615,0.0018070167812710182,-0.9237425845780571,-0.005485031695454029,True,False,1.7763359901756557,0.0067287402533893655,-1.6364629502869257,-0.009672923517098937,True,False
33.9332994,1.480613042004938,0.006709896514592078,-0.46740427432643933,-0.0048446315935470234,True,False,0.43474001237228066,-0.0013403777251606984,-0.2223826649115077,0.0005908439956383913,True,False,1.158653257281596,0.0035875722710091676,-1.0857134823864385,-0.004171413550289182,True,False
33.9666327,0.6700413106006265,0.005898152674670759,-0.1732052333416275,-0.0071010338452493745,True,False,-0.25390797170859464,-0.001143851087952773,0.488474068650016,0.00020493385327721697,True,False,0.38674450015131473,2.0462718709367602e-05,-0.5072156364254276,-0.0024227236926471444,True,False
33.999966,-0.09161845256035007,0.004195029468305006,0.053705273559958945,-0.00833456137390582,True,False,-0.7430876646366348,-0.004203528235835881,0.9727842921338294,0.003989541234698869,True,False,-0.2041906181175185,-0.00013544441566606645,-0.10720451423334139,-0.004611272411601246,True,False
34.0332993,-0.6600899212876405,0.0012683955402843575,0.27076381366324104,-0.004756184339559871,True,False,-0.8958120754042481,-0.004281000418926631,1.074877481717438,0.004489748986256961,True,False,-0.3970104685426247,-0.0002691783410711025,0.014050836674115316,-0.0022833962799572987,True,False
34.0666326,-0.9583102261583231,0.001847973220873545,0.5010615322279276,-0.005231486861439926,True,False,-0.7130487814778433,-0.004710822999071948,0.7848931876544244,0.0061123756968853435,True,False,-0.1709853617709278,-0.0008060649178961802,-0.11767965114342444,-0.0006660481223950969,True,False
34.0999659,-1.003828671124822,-0.001902639466590574,0.7307052457055307,0.0022578770154004714,True,False,-0.33194846522211335,-0.0037615873999864912,0.24869025053527113,0.0006450009388815409,True,False,0.3082654679252957,0.002935787524024021,-0.3768248108206183,-0.0037305628347908347,True,False
34.1332992,-0.904665499639991,0.0017007786154821548,0.9324067329635692,-0.0017127783093982846,True,False,0.03155159244777397,-0.00017241060744103506,-0.29143629184558983,-0.0032016932554374245,True,False,0.7735797790522474,0.0026175518720730514,-0.5953504170074159,-0.003173054536041382,True,False
34.1666325,-0.8130961905524663,0.0014496364532793594,1.0875515008603016,-0.0010667202555465379,True,False,0.17739919668070186,0.0015833218749953925,-0.6043689928901929,-0.005043680987195687,True,False,0.9749897864601806,0.002533430166720704,-0.6307952270405031,-0.0014308657652130211,True,False
34.1999658,-0.8484601360595901,0.004122818803777212,1.1855461052106344,-0.004587960366765446,True,False,0.011824505608842281,-0.0015021056172725678,-0.5726734442367968,-0.0020415569469333468,True,False,0.7829567763537888,0.003936078885721298,-0.42061699100818833,-0.0036480077614481207,True,False
34.2332991,-1.026492903437548,0.002190110283922639,1.206792400089136,-0.0019622571821460042,True,False,-0.4122459992012726,-0.004585358007791413,-0.23624346308006944,0.0010674564358923496,True,False,0.2374282552363548,0.0005836427470731533,-0.0032456809632166413,-0.00031414926804251397,True,False
34.2666324,-1.2401950235010069,-0.0015485188077994415,1.1149652180314766,0.0018443927968210124,True,False,-0.922848699612906,-0.005120484473308631,0.23952069984117,0.0027468027221067867,True,False,-0.4735678900247124,-0.0031013941181139214,0.5014265091404674,0.004977779826616069,True,False
34.2999657,-1.311014759926122,-0.00030137007152443695,0.8742695406711032,-0.0022771454863657918,True,False,-1.3033068641715215,-0.004786998504459672,0.6436091888966118,0.0017788352279823761,True,False,-1.0939622145888892,-0.002290086949085753,0.9423105778062707,0.0015665770409945981,True,False
34.333299,-1.0849632138233551,-0.002094090040411604,0.48080589733087553,-0.0007861966245675493,True,False,-1.3751266664393227,-0.003529039339378073,0.8033440855462735,0.001382383752102249,True,False,-1.4019023120735323,-0.003388241832126798,1.193202685947177,0.002286100010597826,True,False
34.3666323,-0.520961892341416,0.002282291279689948,-0.01628238735740723,-0.0064153149022567755,True,False,-1.0630314677555384,-0.005831211062336313,0.6430326090964822,0.0009009593442306748,True,False,-1.2934085869917311,-0.0041906525004451155,1.1932347427647427,0.005075199443878374,True,False
34.3999656,0.27359153848250023,0.003134472394957569,-0.5188867624303315,-0.006404051561245067,True,False,-0.4298297523829581,-0.004666634916365702,0.2094759880822897,0.0043407298338988985,True,False,-0.8209461775593374,-0.0032812138454187284,0.966461140683956,0.004569713057546034,True,False
34.4332989,1.074433360033732,0.004231482266577897,-0.9070515032366468,-0.006129787176063582,True,False,0.33114519457040875,-0.0010916012485609721,-0.3375861373715787,-0.0005578675341771186,True,False,-0.17569114394706511,-0.0009577513790968705,0.618916756210002,0.0035554497597541554,True,False
34.4666322,1.6235932668906496,0.0071266899311096,-1.077586713889178,-0.008349903441696923,True,False,0.9571637150440399,0.0023155306787577333,-0.775834049430538,-0.0026613346322210537,True,False,0.38366259117797896,0.0016285385546495488,0.3065789650466046,0.00032379976054300715,True,False
34.499965499999995,1.7312347678923834,0.00791040684130436,-0.9820605951012178,-0.009704146833630252,True,False,1.2198510412435204,0.005583801087254634,-0.9069305058629309,-0.00811040643280737,True,False,0.632242108849222,0.0019173537851409884,0.17729750906738662,0.001604730911236087,True,False
34.5332988,1.3561500940890818,0.005913437077887481,-0.6509455106507616,-0.0069318048350519345,True,False,1.0279763797245853,0.0028130151517998313,-0.6466779919064419,-0.002013056117255727,True,False,0.469067982791395,0.001726294644664422,0.3094144653213344,0.0004425393672153427,True,False
34.5666321,0.6287589771304554,0.002256621729793152,-0.18918322319267017,-0.001403220527917744,True,False,0.47437235679078893,0.001290761935320527,-0.07028349429268171,-0.0012206192861413077,True,False,-0.04379695397403172,-0.002006229014165242,0.6761865513349677,0.004722181332660498,True,False
34.599965399999995,-0.19660864502547135,0.0007365987887014905,0.2608209012146262,-0.0012031000776520765,True,False,-0.20172595480766195,-0.003364207113180793,0.6149412802955638,0.003286603370995353,True,False,-0.7081315424959644,-0.001654083621830768,1.151123403899677,0.0032509422678009005,True,False
34.6332987,-0.8393369444385577,-0.002388083553047282,0.5718439792980247,0.0004628731825414267,True,False,-0.7187749138502947,-0.0026588171767957408,1.1549827512995907,0.004189969354065447,True,False,-1.2664798524434635,-0.0044054348993019955,1.54881105046228,0.0047810535244526605,True,False
34.666632,-1.097302155643668,-0.0012829483405507086,0.67385341890094,-0.0014845763798390895,True,False,-0.8711494037930856,-0.0032965092371577786,1.3496062945681744,0.0032487409764290058,True,False,-1.4956320549316318,-0.0024861937405968133,1.6852872385381035,0.0031311349435073728,True,False
34.699965299999995,-0.917696308360315,-0.002410981534095098,0.5703396759699066,0.00147287173319503,True,False,-0.6080003033407259,-0.0016150026245935348,1.1254015184241792,0.002607580832687181,True,False,-1.284949231795741,-0.004203941576760189,1.4432762431469093,0.005368100170918266,True,False
34.7332986,-0.41078665434038936,-0.0003154429278297655,0.33009826904461326,-0.0007305072471910117,True,False,-0.044494499478772445,0.0007150916314847515,0.5587761412333978,0.0008428846720595552,True,False,-0.6782694671864858,-0.002561819276760952,0.8274049024497805,0.004158219985103416,True,False
34.7666319,0.19423222117392216,0.0020950597088325177,0.06212442848818789,-0.002723449311800674,True,False,0.5916171298746397,0.0015174183983946174,-0.15280530623045932,0.0012454575902669028,True,False,0.13366559534849193,-0.0010773256214232265,-0.013810706101733804,0.0018868235817599886,True,False
34.799965199999995,0.6331828913541944,-0.00011820534950645345,-0.11877967524632786,0.0017691821567848334,True,False,1.0525472345455957,0.005829170226084163,-0.7612390630866583,-0.006780866083670759,True,False,0.8752336236146291,0.0027429363282647024,-0.8246308268353206,-0.0028734619072991693,True,False
34.8332985,0.7025116808980724,0.0012465603325545736,-0.12903083900210788,-0.0012099932752442904,True,False,1.1656540803089037,0.004020221008815954,-1.0601150258226149,-0.007501252097951931,True,False,1.2895221740701615,0.005376447493447382,-1.3403055381844264,-0.008331583669389561,True,False
34.8666318,0.3390264109169395,0.004557631455572304,0.04986791289754937,-0.006282654359522252,True,False,0.8952172576993166,0.004446090963613813,-0.9645728475729305,-0.005515574658239614,True,False,1.2451754845357852,0.0035460807153048246,-1.408319589063236,-0.004734711222558787,True,False
34.8999651,-0.3423485532578934,-0.00018104009269630095,0.3519453741605044,0.00046148470506292895,True,False,0.3483167505010734,0.0011508060466009038,-0.5404069889643288,-0.0015164166093476275,True,False,0.7963267147132302,0.0025986512656488293,-1.0681462843134608,-0.0051845262637722845,True,False
34.9332984,-1.0783137204618287,-0.0036145962192764194,0.6413221839812705,0.0029231235573718307,True,False,-0.273426160378621,-0.0006126461328842045,0.03074236349953623,2.8914140947921105e-05,True,False,0.16429861173818897,-1.1764221733533464e-05,-0.5428062298531433,-0.001500273748468617,True,False
34.9666317,-1.559085303235055,-0.006038838421424075,0.7681759127853052,0.004030444688845737,True,False,-0.7519317722540528,0.0011385144009265886,0.5265914946007803,-0.0038591993436534098,True,False,-0.35202824558781853,0.0010970911095486394,-0.1438063927460953,-0.0042305016202930775,True,False
34.999965,-1.564089828454076,-0.005171060336772982,0.6421804049858408,0.0021021506384940394,True,False,-0.9291745714395053,-0.0018797684817514835,0.7636930812956039,0.0008112176436614042,True,False,-0.500231951613874,-0.0022867632174246007,-0.13135502345544692,0.000562406738805952,True,False
35.0332983,-1.0651228507642796,-0.005652653017367601,0.2823072681737407,0.004217888520624005,True,False,-0.7594032319072777,-0.0002181155282934536,0.6592731328176609,0.0005047211259207616,True,False,-0.18513063544873362,-0.0017280917876467763,-0.5876835455550883,-0.0006050840459990413,True,False
35.0666316,-0.24366477341543555,0.00035235791490971475,-0.18575267294046346,-0.0035372078430678023,True,False,-0.3251165650291111,-0.0009685848580306356,0.26446218068219657,0.00188454337634494,True,False,0.47929504827129216,0.0015559472045772332,-1.3603347698420694,-0.006341708919718282,True,False
35.0999649,0.587884603121357,0.0024896014072166004,-0.5854302758857568,-0.004335139917460988,True,False,0.18998742687295977,0.0014764867219808884,-0.2461246194298273,-0.0024554913710622007,True,False,1.2067602257568548,0.003498444214446003,-2.111600248539655,-0.007271726833530211,True,False
35.1332982,1.1224051233203434,0.004191869146178389,-0.7702239074670888,-0.006181983566210426,True,False,0.5698296811953829,0.005832544209387711,-0.6398939659382993,-0.007359547951596242,True,False,1.6581110270770885,0.006889302207591626,-2.463367587250683,-0.011597331535644705,True,False
35.1666315,1.1842831143070267,0.0014178025578319184,-0.6857643304017819,-0.000569376254108538,True,False,0.6563974597647317,0.0045711851580218805,-0.7303643594232362,-0.007294261434789134,True,False,1.5938144123358666,0.00669157011359327,-2.1745804408225093,-0.012034840647204779,True,False
35.1999648,0.7891699146653538,0.0010490363432952702,-0.3819163529548333,-7.294643481291838e-05,True,False,0.4220430630538223,0.0041451416615568715,-0.47017166141808514,-0.005787427347419286,True,False,0.9875356039762739,0.004305031064100568,-1.2649963214946442,-0.006188435755466388,True,False
35.2332981,0.12177606880456576,-0.0006516488724473621,0.02188399259854673,0.0012134965551295895,True,False,-0.01470316591536104,0.00021950858648995766,0.020215702586915768,0.0004512641839113808,True,False,0.04404675717767507,-0.00015547038923999657,-0.019995056792682302,-0.0013662306931025586,True,False
35.2666314,-0.545929625482193,-0.0017783898471734456,0.3894448852768602,0.0009852412782341592,True,False,-0.43917275553797636,-2.8137866392484203e-05,0.5050938896143408,0.00024477289061168545,True,False,-0.8877734874232056,-0.0026347426942731557,1.1291171967714095,0.004029348282295241,True,False
35.2999647,-0.9589841073699251,-0.004196539256238461,0.611920263065226,0.001765186934906829,True,False,-0.6313646056217003,0.00222003670939122,0.7376261506190044,-0.0024663134887348546,True,False,-1.4631978675343862,-0.0024818082916339087,1.7888972677433328,0.002026631493584918,True,False
35.333298,-0.9696866352445528,-0.005868451199134877,0.6330536378793604,0.0065161218489769085,True,False,-0.4584739699771023,-0.002077536735100628,0.5657477498561351,0.002074531659126906,True,False,-1.4822056746655587,-0.0038274926778614415,1.7633371196443959,0.003789197897125859,True,False
35.3666313,-0.582054866196094,-0.0010939324239490245,0.45524058751631225,0.0014418784979347756,True,False,0.06370765750665425,0.000719479989361295,0.0004909605253519774,-0.0006224843985074072,True,False,-0.9654762068173575,-0.0016624384936320938,1.1240036087144953,0.0015631673434945519,True,False
35.3999646,0.06643881112644913,0.0019145752031895686,0.12713985526496502,-0.0023895732016725466,True,False,0.7642446393730381,0.0027433884710743933,-0.7770509056668764,-0.004009440506628664,True,False,-0.14072245975926875,6.896241714224632e-05,0.1717690621008233,-0.0016954762853967009,True,False
35.4332979,0.771546306290511,0.00018959284057586104,-0.28002775698719584,0.0022959687697542814,True,False,1.376652088574712,0.0070683944385335935,-1.4793562421029918,-0.008204857676531575,True,False,0.6524550464226289,0.003597971063181196,-0.6883820583438015,-0.004101037560930976,True,False
35.466631199999995,1.3383111059110069,3.057690081534295e-05,-0.6924384262928246,0.0013844378052593497,True,False,1.648044592669569,0.008071458174012872,-1.828956888805066,-0.011222328430168953,True,False,1.1016371460634036,0.005107726880448144,-1.1098947620950805,-0.0065961910886551825,True,False
35.4999645,1.636275380912336,0.004091550606160212,-1.0434310327140126,-0.004172467342554245,True,False,1.4494967595718027,0.006624756019902535,-1.6781264999454204,-0.009465781973095633,True,False,1.0477431083544881,0.003977382651189404,-0.940916930033219,-0.004754819720085719,True,False
35.5332978,1.6287204424710484,0.0032195604536770592,-1.281617748775509,-0.0025961882899231056,True,False,0.8325131467217144,0.0029678979219691453,-1.0730027128323272,-0.004724732468659906,True,False,0.544125079031001,0.003504537735653027,-0.27828029218013833,-0.004274547935593011,True,False
35.566631099999995,1.3769340604893834,0.004507735421631724,-1.3822473038763532,-0.007441591509449523,True,False,0.004521224636413338,0.0004669329037651679,-0.23029888952618352,-0.0008883760184149387,True,False,-0.17708566728711794,-0.0013751869024622564,0.5853529644111858,0.0035578072479409534,True,False
35.5999644,1.0117329997002142,0.0018826005109221478,-1.3512305096805088,-0.004284149059222424,True,False,-0.7605483834781138,-0.0027403812165608414,0.5580288358647182,0.0023982900141406994,True,False,-0.8145231619119534,-0.003022028285797025,1.29871205790284,0.005485101612860394,True,False
35.6332977,0.6704464236063874,-0.005371570518223003,-1.2096887133780714,0.005652055578347156,True,False,-1.2310578707460316,-0.0019778198810028063,1.041699927141471,0.0008078075171372022,True,False,-1.1299236104147277,-0.002435799326758785,1.6077742988490447,0.004478460431100805,True,False
35.666630999999995,0.4255923909487769,-0.0004995584087941783,-0.9674128070313174,-0.001688144617031871,True,False,-1.299273782215607,-0.0018051134530907356,1.099545304225004,-0.00037315779868090856,True,False,-1.041387558221515,-0.0004719112900738769,1.4542480722065736,0.0020468785997904164,True,False
35.6999643,0.2531071471322664,0.00019763635179973694,-0.6144369648065062,-0.001886142945805502,True,False,-1.0103943986886517,-0.003110830753052363,0.7732679065337235,0.003908507765051718,True,False,-0.641889287454103,-0.0018120584832345588,0.9769289222202248,0.0026836599358894247,True,False
35.7332976,0.06661289058413582,0.002574569118194604,-0.14702226230104465,-0.002862903065994278,True,False,-0.537448928007928,-0.0014079253865693009,0.24840150990739196,0.0012627354759187218,True,False,-0.14684359577196987,-0.0003918872444884133,0.4300905937913097,0.0021028795210602047,True,False
35.7666309,-0.2102485915537597,-0.002741002285849983,0.3960646502060649,0.006136850027427592,True,False,-0.11338237823110778,0.0009070920730705963,-0.21079640366861355,-0.002327398689369723,True,False,0.20163861486450332,0.002495471093180552,0.06390993807276253,-0.002201042890484486,True,False
35.7999642,-0.5902345434603518,-0.004990345706915276,0.9271595554542376,0.009413907307013452,True,False,0.060209606709775106,0.003354725558879212,-0.3616334026682246,-0.006897431530557957,True,False,0.23853479236360525,0.002232218572999403,0.015892853415759287,-0.0013212770032653167,True,False
35.8332975,-1.0181982410932022,-0.003488654615932584,1.343340860818602,0.007650411569387449,True,False,-0.10393780919229248,-5.9174527661310824e-05,-0.08644094668876862,-0.0014307229964440774,True,False,-0.051850871716568846,0.0016201948313977524,0.2565044117746453,0.001414551469940113,True,False
35.8666308,-1.4028440816816885,-0.006502995831518265,1.5732830400192925,0.012144449386508027,True,False,-0.5402755333223674,0.00021374456794620667,0.5498656096721473,0.0005811907769759064,True,False,-0.5287183806936705,-0.002456287694718491,0.6134944080801659,0.004171454121840606,True,False
35.8999641,-1.6551371855455446,-0.006137503614406199,1.604480838580305,0.010075602552823982,True,False,-1.055350340150735,-0.0031126134403654674,1.3196744675174235,0.0035743213568410277,True,False,-0.9579270554799602,-0.0025907811268324307,0.8610035962343977,0.004321525912131555,True,False
35.9332974,-1.7141589790797103,-0.004568186494384548,1.4764020639291011,0.006445694962099557,True,False,-1.4050209251818178,-0.003763546431638173,1.9202362526695893,0.006069603905677027,True,False,-1.114291486690968,-0.001633048471296957,0.8246730825365733,0.0021475875806711412,True,False
35.9666307,-1.5568068721969677,-0.0034395877807261908,1.2481243308053511,0.00380314593743169,True,False,-1.3911019225513148,-0.0018227297200973252,2.0895941208560656,0.003215178053074524,True,False,-0.8755969549008943,-0.0027139113139349894,0.4522390621555883,0.0027005654700127785,True,False
35.999964,-1.1997661251763623,-0.0076854049409203285,0.9665215272228085,0.0121434662045251,True,False,-0.9408503096550214,-0.002626052390567118,1.708231371413712,0.005973267960555186,True,False,-0.2721104613718576,-0.0007421142984057697,-0.1736274551109584,-0.00032576142004125334,True,False
36.0332973,-0.7012635111510765,-0.0035817338009627086,0.657716369659788,0.006750422525646771,True,False,-0.14288649697700687,-0.0004996446755494155,0.8544524718282078,0.0037442979876776564,True,False,0.5233092160887703,0.0022945115665429713,-0.8743527850730929,-0.002108419741683805,True,False
36.0666306,-0.15541282811403945,-3.588621311176635e-05,0.3379318936008752,0.002224312377434584,True,False,0.773351894277168,0.002932693534803867,-0.20799616158043874,-0.0012955609119243946,True,False,1.259189977033822,0.0043461272364154315,-1.4439781949484347,-0.0039816472831265435,True,False
36.0999639,0.33133074706558474,0.0005924132496829338,0.02320868519210715,0.001492819248652828,True,False,1.513610208201954,0.0058740970989436155,-1.117880817514446,-0.006345347139970875,True,False,1.6983744800259302,0.004496295223152278,-1.7190930683342978,-0.0034062947152264235,True,False
36.1332972,0.6734971330617792,-0.00046408226682430055,-0.26944615955591883,0.0031365484916535654,True,False,1.8295669673191162,0.0072369268757222485,-1.5587076705629805,-0.010681454182885795,True,False,1.7033448379199387,0.004009478011185954,-1.6269080105994917,-0.0020753264890596957,True,False
36.1666305,0.8298583575460375,0.0017749564533883673,-0.5217369910978477,-0.0007982329549681041,True,False,1.6230051966055161,0.008414547105554436,-1.3977979533124842,-0.009613765055476564,True,False,1.2841138341634577,0.00446762308752552,-1.2024104381214102,-0.0037069069135975447,True,False
36.1999638,0.808000398074117,0.0011647869085694299,-0.7115239948560413,0.0003356524909570233,True,False,0.9957344447539058,0.005168369993868659,-0.751988759471685,-0.0038061515659996723,True,False,0.5954541528763011,0.002886275071500739,-0.5770879948050144,-0.0030806153049191603,True,False
36.2332971,0.65510389449866,0.0012787155253915544,-0.813747463954625,-0.0014973287838808509,True,False,0.21444833032205798,0.0014937297925566408,0.06028058556651758,-0.0017487634774882442,True,False,-0.11612113781276992,-0.0011066783990720981,0.05844069311831952,0.0031151859322666744,True,False
36.2666304,0.44104775693604753,0.001604128922571521,-0.8085984588186298,-0.004035108200177609,True,False,-0.4026914052379784,-0.0024817313822062697,0.6623996700351885,0.003236481896531478,True,False,-0.601814651874797,-0.001527070204486105,0.5149164513060308,0.001551872018770961,True,False
36.2999637,0.23668375878084874,0.000992856510337513,-0.6926354511600084,-0.0025077749390092345,True,False,-0.6283004813499365,-0.0017295959879314326,0.79080027490307,0.003315217739529539,True,False,-0.7055069685186105,-0.0020217595851001672,0.6715752326457745,0.002448715977088903,True,False
36.333297,0.09004858580375054,-0.0011926630934421796,-0.483171878296956,0.0006538912760131883,True,False,-0.4273240630310599,0.0007530783555556789,0.4129864880694018,-0.0007157840749933852,True,False,-0.4252761997188395,-0.0008585438518281185,0.5222398974605562,0.0033007024478534657,True,False
36.3666303,0.008138913238861721,-0.0011844935580870148,-0.21146735625935487,0.0018553399076452271,True,False,0.03131493764126997,0.0008762334218278597,-0.26199356070881213,-0.0018292527764958268,True,False,0.08517569260992358,-0.001023315476485076,0.17893479983945718,0.002409323297981524,True,False
36.3999636,-0.042328403561866915,0.0016877301760805535,0.0864420037618204,-0.0017350901149982185,True,False,0.4559156376197517,0.0018366440029711519,-0.884514110287965,-0.00304932583887543,True,False,0.577600658181125,0.0032062622823017,-0.1729420661687042,-0.0015131292650042891,True,False
36.4332969,-0.10836199115380044,0.002455023974494883,0.36991934016997047,-0.0021017123006310547,True,False,0.5688571461302933,0.005599401782973037,-1.1319467403395118,-0.0133712396249275,True,False,0.8110588986440955,0.002540394971786668,-0.3551541401340227,-0.002401873445092411,True,False
36.4666302,-0.21309780980740028,-0.0011494668790836624,0.5891956462869871,0.003991992391455332,True,False,0.2415935726287623,0.0048684287163303155,-0.8672824809941587,-0.0058942748373241195,True,False,0.6540713057456745,0.003091305416283392,-0.2780872449269068,-0.0019353271658394985,True,False
36.4999635,-0.3346714218860413,0.001482327324792987,0.6915690310056837,-0.00020880332266577485,True,False,-0.43323511755914396,-0.0010350409607848786,-0.20924707289103575,0.00024409779076955195,True,False,0.1421425947835254,0.0009507449646374736,0.020464791606112264,0.001112469172550898,True,False
36.5332968,-0.41611620317604836,-0.0003014027868572507,0.6429225431817893,0.0025318874169600754,True,False,-1.1721050429594535,-0.00343294056236252,0.5256777204027452,0.004858577722657081,True,False,-0.5361671292558132,-0.003059312925170381,0.4009215474340608,0.00406342282419654,True,False
36.5666301,-0.39848087411098815,-0.0013594386483922827,0.451549856636078,0.0028251052857599266,True,False,-1.6229424560483579,-0.0045279420675459125,0.974795030020697,0.0036764563245288684,True,False,-1.1175995392073403,-0.0022052755237756162,0.6934704993481864,0.0012500110986247948,True,False
36.5999634,-0.2569433748875541,0.0015898780499110394,0.1757647096024113,-0.0032970807443594165,True,False,-1.520923836111717,-0.005660758468469564,0.8894603328323323,0.002910442334886158,True,False,-1.3703389574161764,-0.004004328856617458,0.7724370585641344,0.0025254756106132094,True,False
36.6332967,-0.01881770995809803,-0.00013039463841573479,-0.09541549285472267,-0.0014030360108394885,True,False,-0.8062518254471899,-0.002231790064229123,0.23123702127475532,-0.0012375877540072874,True,False,-1.1835712745880003,-0.002427092866824051,0.5994477812356908,0.001117767790140505,True,False
36.66663,0.2481982522881501,0.00298187553822575,-0.2828688188924947,-0.004400589197813687,True,False,0.3448869936845275,0.002913805879489911,-0.8206539374314046,-0.0006625069775078371,True,False,-0.609759322744103,-0.001899481573542271,0.2274654176555979,0.0007782714611055899,True,False
36.6999633,0.4719203988059586,0.0060132444656230315,-0.35830183025159185,-0.008185851524905445,True,False,1.5846086555826222,0.0035978875093566217,-1.9359292894108713,-0.006297874275463773,True,False,0.15127876346769137,-0.0006566376776539015,-0.22510190660851367,-6.9661508880785e-05,True,False
36.7332966,0.6132341237858235,0.002455267169068148,-0.3605517065906624,-0.0022887393083927724,True,False,2.52225268714519,0.008346368381284112,-2.7440643420928783,-0.008403851791943598,True,False,0.8213508291575278,0.0022396612086855493,-0.6174369928747434,-0.002173101307303115,True,False
36.7666299,0.678663991216943,0.002805012681726212,-0.3726567171700885,-0.003292929041606864,True,False,2.8660683001858596,0.01050246442516904,-2.955706406069098,-0.009456461667130791,True,False,1.1465310141029657,0.0038138442040824743,-0.8336420252122457,-0.0028218165697774357,True,False
36.7999632,0.6999229675724749,0.002581828985060715,-0.4687291744619784,-0.0029497582888539705,True,False,2.5244424312463116,0.00711165156474275,-2.4584244349541007,-0.006522980929727755,True,False,0.9987869793729468,0.004286041326417952,-0.8196852622330882,-0.003217486684198309,True,False
36.8332965,0.7000628443406204,0.003569474707351853,-0.6625016077449267,-0.004982355252138153,True,False,1.6277923720319578,0.0033292292928861597,-1.355532568840743,-0.002181428840538337,True,False,0.4333741060486871,0.0007979644684849433,-0.5961208558328309,0.00021506211937088259,True,False
36.8666298,0.6733134735019576,0.004849380320201672,-0.8896491558086731,-0.00812264128485505,True,False,0.4649451672533225,-0.0022590580859207852,0.0646736397765686,0.003947069713711842,True,False,-0.32863697360464944,-0.0009887115376903614,-0.24261376976870846,-0.0016475341025447932,True,False
36.8999631,0.5889519424524067,0.002271779439489329,-1.0334025122536545,-0.005423659222760341,True,False,-0.6312849055367474,-0.0022508203697119583,1.4181454961222915,0.004141659914178374,True,False,-0.9890693891167325,-0.0031946634222915953,0.1354637900856439,0.0006966430002415963,True,False
36.9332964,0.4116675014427122,0.002217907599648842,-0.979034823275737,-0.006864016210847505,True,False,-1.3949932437537254,-0.0039507222006609725,2.3456314665389737,0.015226286453227263,True,False,-1.2937897918619345,-0.004698509677569319,0.442194963623368,0.0020783961854029557,True,False
36.9666297,0.1276555740501392,0.0014112653128236258,-0.6730896986928255,-0.005272599650740352,True,False,-1.696120437069974,-0.0055483518345266145,2.62977124093132,0.014176096697582432,True,False,-1.133019801473319,-0.002749871452297691,0.6157524216942436,0.0013978456211565615,True,False
36.999963,-0.23075879595634183,0.0028485580522164757,-0.16443682621267666,-0.005738676692337027,True,False,-1.559175528154358,-0.007259021833910837,2.2685535091650686,0.011788245040591193,True,False,-0.5790264461020295,-0.0012641801557680013,0.6363174358585688,0.001001615841562815,True,False
37.0332963,-0.5731533177803925,0.002346835463594453,0.39292866220703093,-0.003686831677041166,True,False,-1.1389612426001992,-0.0054588739079609655,1.4716296564912552,0.00880221780479022,True,False,0.1508420527980088,0.0008376751494921877,0.5189714886292515,0.0003322266864068723,True,False
37.0666296,-0.7699416255616187,-0.0015160766084468596,0.7885477763527672,0.0028861000371269234,True,False,-0.660908633660561,-0.0018012522671623469,0.5768840382605693,0.005166133250278648,True,False,0.7853806976129837,0.0018463252111075965,0.30148386617825157,0.002751436881128299,True,False
37.0999629,-0.7095849884144864,-0.004705476050561628,0.8469947022118297,0.007510821991236902,True,False,-0.3389000472925591,-0.003926703320702284,-0.07804186213588583,0.005665150537207469,True,False,1.1055467045095488,0.0044296132573282765,0.03601388760205182,-0.0015349851142306527,True,False
37.1332962,-0.3681441838483483,0.0003941834455612076,0.5204010473524039,6.572453530759228e-05,True,False,-0.2959998681184629,-0.0020643896449792283,-0.2790769644738542,0.0026210623901355154,True,False,1.0241287364390101,0.0027333335485340187,-0.21588963663635913,0.0016424384158848348,True,False
37.1666295,0.15731412181653673,0.0031960242839119304,-0.07367342170842206,-0.004805884682808618,True,False,-0.5169380647792802,-0.0013718913186903114,-0.011892603234343244,0.0029014517567400463,True,False,0.6092998530958259,0.001342691972924351,-0.3913098982058414,-0.002264915683751279,True,False
37.1999628,0.6779761971714092,0.0031455845349555645,-0.693902508764148,-0.004699776349827352,True,False,-0.8516744098678156,-0.00442596619798802,0.5347782066401532,0.005645671906928559,True,False,0.045123455714162264,-0.0010853743689359682,-0.4402200221272489,-0.0008241027839437342,True,False
37.2332961,0.9858464733671072,0.002497858493691328,-1.0706682460636492,-0.004392851068803041,True,False,-1.0745906064891413,-0.0039796050064865455,1.0455324391853096,0.006870276311074757,True,False,-0.4494723012553916,-0.001841952936862953,-0.34270248561657785,-0.00020721963863316577,True,False
37.2666294,0.9301489835782917,0.0024626240683222824,-1.0076019549936268,-0.004769189369259538,True,False,-0.9837067686438014,-0.006854865006232661,1.2142597980976475,0.01416242107272657,True,False,-0.704348573146567,-0.0006985370397392556,-0.12127604843321117,-0.0025054111286452194,True,False
37.2999627,0.4717898672882928,0.0015912303721206706,-0.4543848518292733,-0.0023156292864346473,True,False,-0.501786406695994,-0.003442122730165064,0.887448750504953,0.0077507589520496014,True,False,-0.6517157425768844,-0.0008027043563554182,0.16067212850772972,-4.392956080038242e-06,True,False
37.333296,-0.29363999285917985,0.001152903777900766,0.46605847802877004,-0.0006751747384442346,True,False,0.26836680017403153,-0.002845388513091037,0.1466280649290209,0.006475803244924994,True,False,-0.3387161746452763,-0.0021029921774993756,0.42041434656871624,0.004502499946479193,True,False
37.3666293,-1.151658499692808,-0.0004802560448768281,1.484824883123479,0.0023409713778234143,True,False,1.0675600383270243,0.0020981979486005354,-0.7164483363938513,0.0005685680225192944,True,False,0.09547905212642849,0.00021523281897716822,0.5914710641001562,0.0017353027974601237,True,False
37.3999626,-1.8307228649639162,-0.005650135542140926,2.2701613233428835,0.010769269434934402,True,False,1.581194069828759,0.005729139698684035,-1.3251540387494278,-0.003849427094458529,True,False,0.46963686764651763,0.0012897826494172133,0.6512410915062307,0.0022078357286071004,True,False
37.4332959,-2.1016299817285615,-0.0084214578604074,2.5486730217126268,0.014734565913437211,True,False,1.5759004031441197,0.005655416002268178,-1.385817991409309,-0.0036796142781604503,True,False,0.6265886179810735,0.0019391565669023075,0.6204022120105789,0.0006323917291986553,True,False
37.4666292,-1.8754943259563854,-0.006092661539063786,2.218203359697527,0.010826495160733512,True,False,1.006984829066136,-3.17669687855259e-05,-0.819989964901203,0.002899489648592556,True,False,0.49540398245704487,0.001179231919052422,0.5370153294483491,0.0024681768453744786,True,False
37.4999625,-1.245227485243299,-0.001549484484655485,1.3939817800553942,0.003334963917815572,True,False,0.04535658148892277,0.0006409831067329601,0.19576756504126946,0.0004961562080433443,True,False,0.12482688128887064,0.001413380380862296,0.42649055355078913,0.0008130557350710526,True,False
37.5332958,-0.4423961043833551,0.0005511801869226324,0.35961640980508236,-0.000683444386330554,True,False,-0.9842703005048221,-0.00444618412682602,1.2932742272708315,0.007362745602993258,True,False,-0.3287665010976409,-0.0012148194495417285,0.28611745162464575,0.0018863667923692958,True,False
37.5666291,0.26537494456948646,-0.00011156286821292819,-0.5506815587879081,-0.0009165132647589206,True,False,-1.72286982210591,-0.005082201973775428,2.0500102332049708,0.010196495286721698,True,False,-0.6591749338603865,-0.001572623219224993,0.09029825000531042,-0.00025479475590966334,True,False
37.5999624,0.6804811506393815,0.0021336977900265996,-1.0795408726812257,-0.005239793828701444,True,False,-1.9076511210999065,-0.006403218508836242,2.1493579332171726,0.010097413735988941,True,False,-0.6951829593572355,-0.0037522037206742594,-0.18772531366811546,0.001984696498728309,True,False
37.6332957,0.7402457402055145,0.0017700553704364896,-1.13245605819743,-0.004491713399223699,True,False,-1.4682753503966328,-0.0057665297251233965,1.504296047702843,0.007475311372560483,True,False,-0.3778649566297674,-0.0021154870454961135,-0.5489461510488275,-0.0007107522890525633,True,False
37.666629,0.5242835843245712,0.0019215203046414769,-0.797462269840789,-0.004189278620799952,True,False,-0.5537807483002287,-0.002596032050762912,0.29457663297043035,0.002777424602993641,True,False,0.2065763095377677,0.0006222219210609655,-0.9516475192453008,-0.0028431188099428528,True,False
37.6999623,0.20865233433305982,-0.00011123510263065986,-0.29673878201158294,0.0002823445443345508,True,False,0.5237079346479313,0.0043114631670644445,-1.0999641102613664,-0.00593417592365584,True,False,0.8569179580994346,0.0025811716779430265,-1.3147897316351582,-0.002265822932290117,True,False
37.7332956,-0.014226903343366617,-0.002520564672706054,0.11031180666266217,0.003907824774725106,True,False,1.4098611691206289,0.005364735817373192,-2.243802180428954,-0.009174758933819001,True,False,1.3363196329157343,0.002886543273886812,-1.5400607648960363,-0.0018885882430904088,True,False
37.7666289,-0.016889212909053097,3.030935345390655e-05,0.23277705372433435,0.0008470839967167797,True,False,1.8427796213062477,0.00768116236587354,-2.8070667077934104,-0.01308807658234778,True,False,1.4637206306862245,0.003272870149834499,-1.5439989979717192,-0.004571917612123779,True,False
37.7999622,0.21714786493252802,0.00018159392433243706,0.01728247965368516,0.0007777874860405373,True,False,1.7424192487329213,0.004189291974179955,-2.6759088535639735,-0.006850106353970934,True,False,1.179512829765643,0.003087005274749122,-1.2907712801176046,-0.004182728867425588,True,False
37.8332955,0.6012449080696741,0.00221764444308456,-0.4460163944516764,-0.002805361779495321,True,False,1.2215277697544085,0.004462698105029617,-1.9717280575146592,-0.00839702505572821,True,False,0.5635222998882248,-0.00023067156080171925,-0.8122184390997037,0.001063559884984229,True,False
37.8666288,0.9962530513105736,0.0029839911857570908,-0.9746703440481652,-0.0043437116905302425,True,False,0.5245092499412917,0.00274705885176485,-0.9844442957400513,-0.0046727137703611605,True,False,-0.19714776997051842,-0.0018039949136725683,-0.20241769456987183,0.0015780203275672924,True,False
37.8999621,1.2732223862386043,0.003921811357144993,-1.372983149890861,-0.007169052679390804,True,False,-0.0729335088576267,-0.00011145460156846402,-0.0570108829523056,-0.0008736675524675543,True,False,-0.8748403924636828,-0.0019143344000393983,0.41064391398825817,0.0008053482632242071,True,False
37.9332954,1.3580301202537328,0.0019361395428261386,-1.5038476568897077,-0.004522516377156986,True,False,-0.3650051117292236,0.0007958961145576388,0.5350268103179682,-0.0003185390082776024,True,False,-1.277175305935256,-0.004625510969760256,0.9008109260432982,0.00466480729434458,True,False
37.9666287,1.2435396104443892,0.002883250533982726,-1.3282189971905687,-0.005503332774023847,True,False,-0.28578544117042354,-0.0003283125120762974,0.6721545259386933,0.0007285990543038922,True,False,-1.308628983991927,-0.004779365620233024,1.1761338771661267,0.004334173865361762,True,False
37.999962,0.9743713799045929,0.003481542300850327,-0.9049730337719194,-0.0054765861902486,True,False,0.07296738248515948,-0.00033678359606269855,0.4222091812657422,0.002350381182775196,True,False,-1.0006575349875322,-0.0036943418402653,1.2043833759950195,0.005420068154698,True,False
38.0332953,0.6187404897031461,0.0001758627132630675,-0.35852014995337894,0.0002916986583392001,True,False,0.5028524111738113,0.0028214833998227865,0.003652819400396356,-0.0014866395674934653,True,False,-0.49907090544921084,-0.0025478240807637123,1.0255967774153847,0.005939615813335486,True,False
38.0666286,0.23971447055694967,0.0005494218107706874,0.17144070534940214,0.00028562595106420153,True,False,0.7679497386324937,0.0053009950843649735,-0.31110975157500825,-0.006153973232596718,True,False,-0.009609705367794458,-2.6887580641104163e-07,0.7425886687278517,0.002442631371653266,True,False
38.0999619,-0.12408376673334,-0.0014896221651128404,0.5789040502596369,0.00372569581101764,True,False,0.7092788755239519,0.00584715650824482,-0.3183228495452395,-0.0068647253295259295,True,False,0.2797783665117912,-0.0017920126173069345,0.4860928351582729,0.005870850333165431,True,False
38.1332952,-0.4594330443231292,-0.0005253622199755842,0.8191013557176198,0.0015801339539394331,True,False,0.31588061109760784,-0.00020572780246206918,0.025426557200127643,0.0011291711498242535,True,False,0.270955377179909,0.0009300623652375539,0.3626382470855237,0.0005407134381138658,True,False
38.1666285,-0.7609677446869201,-0.00022363020238882494,0.9049472918741921,0.000689447979006586,True,False,-0.2737483941981236,-0.0010763962617068251,0.5896881422494813,0.002045407638390572,True,False,-0.0049694937245210085,0.00045215503865759805,0.4043961723319063,0.0005016986823529945,True,False
38.1999618,-1.0094362700204969,-0.0030277968441113825,0.8813641833024137,0.0038004303973203112,True,False,-0.8357967232597768,-0.0010410445442358828,1.1356736785091524,0.0016527167684229833,True,False,-0.39836520895395566,-0.0035061762085828187,0.5476366706695714,0.004103183437030403,True,False
38.2332951,-1.1653341096991359,-0.003870892174634806,0.7972378713596766,0.0036336517017271307,True,False,-1.1537595550726316,-0.0019208128188452302,1.4201716000549436,0.0027173131423800503,True,False,-0.7035348663762682,-0.003368794114769356,0.6603553829519004,0.005575453342964846,True,False
38.2666284,-1.184368030079107,-0.0033524692892927016,0.6878757559369288,0.002302794178016663,True,False,-1.1017329845851198,-0.002571250337788838,1.2933805853581535,0.0036773356068018803,True,False,-0.7496347865929865,-0.003652009935213191,0.6111359783115498,0.004037303894503136,True,False
38.2999617,-1.0424770000929566,-0.0015955582682589745,0.5677319045801636,-0.0010840444939656643,True,False,-0.695520543974466,-0.004724184608864306,0.7621247431134119,0.00531280816599554,True,False,-0.47837012023843434,-0.0032063386828419167,0.3404573087304199,0.0038260651826504235,True,False
38.333295,-0.754101280289301,-0.0026739769129739493,0.43111364372913935,0.0021464032130526604,True,False,-0.09519664056669411,-0.0011477676935022084,-0.00208842753874284,0.0009779417841624082,True,False,0.02779347907471286,-0.0014060898510468783,-0.1060950949342899,0.0009994660523332984,True,False
38.3666283,-0.376218488717197,-0.0021312548197715783,0.26289024273057027,0.0021491334253365764,True,False,0.4522630804968455,0.0037523770662040907,-0.7233548780337331,-0.006099957533442392,True,False,0.5793744871376145,0.000895963451837699,-0.5973186843856727,-0.0002813866801166403,True,False
38.3999616,0.004067202955410202,0.00015841300551312768,0.05606435935481873,-9.811798798794303e-05,True,False,0.7178107851775077,0.0038648025019140746,-1.1358359860347593,-0.0057809240895238066,True,False,0.9608208148564121,0.0018762313546177853,-0.974536377971664,-0.0009848731297723541,True,False
38.4332949,0.29847391713859844,0.002973847270801648,-0.1760998354066059,-0.0043877005424898885,True,False,0.5953532983855706,0.0026405224712287086,-1.101034746348436,-0.005048636943947038,True,False,1.0231896964058476,0.0018350245689019266,-1.1190593487401457,-0.0021637853167056995,True,False
38.4666282,0.452653049994518,0.0010411869176254484,-0.40106619879037353,-0.0010394372479839561,True,False,0.15036124699152825,-0.0023302557420170583,-0.6671502109284242,0.000965910639026371,True,False,0.7480774320231584,0.0009901640161498531,-0.9998607095299873,-0.001377150119035215,True,False
38.4999615,0.4660045087633588,0.0015546036445386172,-0.5753773167786848,-0.003034620399294383,True,False,-0.4120423512787398,-0.0013386726310387798,-0.043419110843322825,0.000312338892719793,True,False,0.2562784528983397,-0.0005302059756991125,-0.6833691670953822,0.0004626415209639472,True,False
38.5332948,0.3820961905927694,-0.0007334138885864736,-0.6528436176698386,-0.000792567755358788,True,False,-0.8376966820735771,-0.0032874931227753904,0.490664467604723,0.002667744119186494,True,False,-0.24078505153746343,-0.0022705488918341736,-0.30412357816275315,0.002022184773553414,True,False
38.5666281,0.2578519031664769,0.0016171385623728488,-0.5945319267142747,-0.004587463780077811,True,False,-0.9286177521725891,-0.003021831562133102,0.6977729291787295,0.002754561021002458,True,False,-0.5262100661873917,-0.0011033982528339348,-0.011671426417846385,-0.0017061008719009897,True,False
38.5999614,0.133312263014616,0.00022612525953245885,-0.3847009175591216,-0.002734379973857207,True,False,-0.6240407159086243,-0.004277752881821734,0.47705172500914256,0.0046396080073698685,True,False,-0.4671384825370783,-0.002764455882084475,0.08547685008714201,0.0019377822740895623,True,False
38.6332947,0.01803797981274878,-0.0003262038004332144,-0.04721396763369074,0.00029127533707897364,True,False,-0.031009598397762503,-0.0036371118320380454,-0.08888371933159135,0.005160358528365951,True,False,-0.07695430941943675,-0.002950643107765338,-0.03527504138386083,0.0028218985866128128,True,False
38.666628,-0.1031780214933405,0.0004971424415968057,0.3496992682552618,0.00016830667377500165,True,False,0.610933093693731,0.002329585130019498,-0.7556025342772086,-0.002763268274024768,True,False,0.4758949874906816,-0.0012016523099424763,-0.28964871044254487,0.0037307440017481396,True,False
38.6999613,-0.25140659847411306,4.733378213710523e-05,0.7070222061401223,0.0016507138616631194,True,False,1.0261146021495924,0.003355608340777026,-1.2104222166618033,-0.0038218023148396075,True,False,0.9276745739626989,0.0024383408594142973,-0.5094781785192956,-0.0017564342131793282,True,False
38.7332946,-0.43199292953245066,-0.0019050052820858518,0.9240100271854237,0.004992973753682923,True,False,1.0227076742501136,0.0034530281473288105,-1.2055410600465817,-0.004715502942310797,True,False,1.0360609325350856,0.004938500817905492,-0.5189713284072106,-0.004189361734140991,True,False
38.7666279,-0.6215053705741972,3.4435899156124304e-05,0.9335295028272679,0.002621770743650423,True,False,0.5781803325481764,-5.6267062754378064e-05,-0.6691734604191845,-0.000606070924845165,True,False,0.7035190598494657,0.0025715202135987722,-0.23407764302146067,-0.00143012270291872,True,False
38.7999612,-0.7695957172040823,-0.0029071995457940116,0.7299784551237637,0.0054969676723323315,True,False,-0.15190073132197396,-0.0034263518840712335,0.2592606373451864,0.004760119813779752,True,False,0.03932824220311486,-0.0017134420904266175,0.2762617598772383,0.0019772263085805326,True,False
38.8332945,-0.8148846484492022,-0.002585354892130038,0.37500304965081704,0.002239696369969266,True,False,-0.9004706221646681,-0.004974568159583951,1.2823344092614462,0.00765728872006451,True,False,-0.6790609900221943,-0.0012642382128989346,0.8107106843559979,0.002539436259903527,True,False
38.8666278,-0.7078048836606802,9.998871710992086e-05,-0.026548530148536788,-0.004150015778673458,True,False,-1.3931334091210394,-0.0036298563006804227,2.055690780144818,0.006263615431784598,True,False,-1.1277885805264691,-0.005864705262775191,1.1286265891750888,0.0063849697022304195,True,False
38.8999611,-0.4310235303046947,-0.0026914369541245274,-0.3715676187562038,-0.0006881510988767191,True,False,-1.4456928297892375,-0.005681904550475033,2.3103935941517233,0.010232168938035902,True,False,-1.0819348514477534,-0.0021931677550351032,1.0643206321988028,0.0012819963522619957,True,False
38.9332944,-0.010860263968072843,-0.00029355524155260515,-0.5998670819410374,-0.001785054188807332,True,False,-1.0270631552684377,-0.005953648835134672,1.9489537279608433,0.011180366899606761,True,False,-0.519254797547143,-0.001884152405784574,0.6062803108116486,0.0022590353948467217,True,False
38.9666277,0.4847124190050486,0.0017388981375962374,-0.7093068199610917,-0.003032767991646002,True,False,-0.27383110842218344,-0.0022285004903073776,1.0881159744324538,0.004766845061427634,True,False,0.35984830937650786,-0.0014207974248687109,-0.09056613230261971,0.001233824089062508,True,False
38.999961,0.9644925785596565,0.0013786753461129278,-0.7425605173545736,0.0007664914331329222,True,False,0.5509818890609854,-0.00016386360276507045,0.028480106892459157,0.0030102939778995576,True,False,1.2041940199016092,0.004439612857976276,-0.7613718382811798,-0.0031984003684378485,True,False
39.0332943,1.3439082854766549,0.007184811145364855,-0.7591866739674377,-0.008763142313561059,True,False,1.1495295492310487,0.0012784798001622673,-0.849581767206475,-0.0007281987139440448,True,False,1.65087687214446,0.0056777467173840124,-1.1361511738589138,-0.0059959105529734736,True,False
39.0666276,1.570623532572299,0.0012619990449785903,-0.8063553073161278,0.0006937826482906276,True,False,1.3040046135295789,0.005206137540409871,-1.2331819267741182,-0.006946057564122086,True,False,1.4778704621562437,0.005811538997741809,-1.0528166633684763,-0.005371090049634167,True,False
39.0999609,1.6304321340881243,0.003936268748562522,-0.8941904430128186,-0.0031122266306638385,True,False,0.9706929413530949,0.0038484411327636184,-1.0114590788854858,-0.006262825295377775,True,False,0.7020908672405386,0.0028128257142121843,-0.5263489559006858,-0.0026795265780447325,True,False
39.1332942,1.533957697130978,0.003066372510249458,-0.9821301418743327,-0.0019513347178646704,True,False,0.30776300923722416,-0.0012109722673898887,-0.33409359824621804,-0.0006246628026098934,True,False,-0.42528157150196316,-0.002777317361822663,0.26188807285280075,0.002886476831414955,True,False
39.1666275,1.3008898987648145,0.0032232125371741307,-0.9883125563248302,-0.0032592693525391645,True,False,-0.3857482048156676,-0.002937895155970548,0.445785615122059,0.0038414023727455595,True,False,-1.5233578976347448,-0.0035039723473788554,1.0465436730676974,0.0011691163045001991,True,False
39.1999608,0.9559950706726713,0.0024677035563635567,-0.8273086335605896,-0.00522177998905477,True,False,-0.798147277775131,-0.003775598091322136,0.9274550137208277,0.0043679027831211225,True,False,-2.2339842008634956,-0.005245256303749552,1.5858348745330688,0.003732609117388619,True,False
39.2332941,0.5355174021327143,0.001955833962620703,-0.46134303030442536,-0.003239364571724768,True,False,-0.742027481140054,-0.005742796856961168,0.84502780246137,0.0071753989611066885,True,False,-2.3541206108401083,-0.006573749727113432,1.7438148698755065,0.0049430479586993715,True,False
39.2666274,0.09219052772093007,-0.00019971235289033805,0.06491758719515582,-3.312686509073774e-05,True,False,-0.23712770903161007,-0.001621116386475898,0.1891026545416264,-0.00046597055669990537,True,False,-1.8985900904383068,-0.0028298300120156617,1.5198118371629896,0.0010433731038589143,True,False
39.2999607,-0.3116760852335678,-0.0008635300996461612,0.6307550862132704,0.003503570222795362,True,False,0.4983478460006846,0.0012699336457101514,-0.788954600498703,-0.003393218791683471,True,False,-1.076582425294704,-0.0019134376342255545,1.023949832207207,0.0009042853797785647,True,False
39.333294,-0.6239834236015397,-0.0029971666230141944,1.0875656689477495,0.005978281511812765,True,False,1.1441414458354533,0.0039355509263787275,-1.6896988450566923,-0.008657300912218235,True,False,-0.19836765316854113,0.0014606355598469954,0.41873449694373904,-0.0008658385736334815,True,False
39.3666273,-0.824916768048792,-0.0035900791041821563,1.3233498693604555,0.0065134451171661644,True,False,1.417551502250551,0.004200725177688337,-2.1406411703844905,-0.00944981541783968,True,False,0.44732679041990864,0.0010149542880787078,-0.14338011448860039,0.0004447293803077132,True,False
39.3999606,-0.9348496270272024,-0.0034640815421736813,1.308537766260887,0.006208299725030768,True,False,1.1929956563213058,0.004191381909299571,-1.9544227905821208,-0.010090177353813195,True,False,0.6994586076501269,0.0037350715373853133,-0.5650200678855518,-0.004053047928443084,True,False
39.4332939,-0.9976146856145057,-0.00014441647886246291,1.1000413820739188,0.0010445515021159757,True,False,0.5507885264096732,0.0009524437275376447,-1.2033256129559464,-0.005960981879915345,True,False,0.5794991504376461,0.004125006495951786,-0.8256665590868784,-0.0046781162027059444,True,False
39.4666272,-1.0474108755222789,-0.0023526917188668884,0.8058075196003924,0.0020245904828675217,True,False,-0.26217458809744654,-0.002855993302344034,-0.18164145871580162,0.0006130334005828083,True,False,0.2757075957156116,0.0023142645295226,-0.9783260780913858,-0.005534475971412474,True,False
39.4999605,-1.08566971573257,-0.002350828286048367,0.5353867596352689,-0.0005261023367834671,True,False,-0.9384074090944858,-0.004317686817399902,0.7233016868648919,0.00299759916027928,True,False,0.05644869357253852,-7.155485582019965e-05,-1.1162670566210644,-0.004061683216637039,True,False
39.5332938,-1.0895080956917371,-0.0065470761168143305,0.36600864335933875,0.005430921101679388,True,False,-1.233398278992055,-0.0027750057360524855,1.1905719081849457,0.0009241150841501742,True,False,0.14100287514968016,-0.0008471017586786416,-1.3142739036250857,-0.0020582287865407323,True,False
39.5666271,-1.0436489441979313,-0.004528630648156353,0.33396150404193864,0.0035132178088802413,True,False,-1.0562271640476464,-0.0037017757233817564,1.0873210849390391,0.0028884942557878264,True,False,0.5855948545405395,0.000977098576101964,-1.5709718101085863,-0.005261979206801229,True,False
39.5999604,-0.9617479874431497,-0.001710671739968452,0.4360501796677464,-0.0007715210090625596,True,False,-0.4987776228875841,-0.0030964641579448865,0.5111748986453243,0.0017877569009233261,True,False,1.2453048959750472,0.0044941595768511365,-1.7901537154765965,-0.005585436102747333,True,False
39.6332937,-0.8723616121348108,0.0016505360252532127,0.624143433358004,-0.003979712371059401,True,False,0.20085111421546628,-0.0005118985505992774,-0.2544318182173692,-0.0020674340828277715,True,False,1.8362391075313698,0.007591374526662419,-1.8204154655267453,-0.00867755748839202,True,False
39.666627,-0.7843564739297624,-0.0022193909856562887,0.8017176639175162,0.0025712673242102657,True,False,0.7492677478974754,0.004451017508683598,-0.8551775337454646,-0.007668753462855997,True,False,2.066852834628555,0.0068935006061540335,-1.5343804624804145,-0.005248793075002321,True,False
39.6999603,-0.6719942246407942,-0.0034303610490668953,0.8489496547616124,0.0050241310354415415,True,False,0.9144280462504081,0.0018410123032078206,-1.0111736037337251,-0.0050765482127966746,True,False,1.7706626059095063,0.0053384396877341304,-0.9027761678802798,-0.003959276717417801,True,False
39.7332936,-0.4986423897984113,-0.0033087811761896486,0.6806595443492327,0.005387431547765659,True,False,0.6228205640200614,0.0028509048320249936,-0.6347326017898951,-0.005136563951666006,True,False,0.9784167455709729,0.002579409864265917,-0.023667357108101455,-0.0012692722175806864,True,False
39.7666269,-0.25521942468938813,-0.0003136374272923203,0.30206805771800616,-0.00012444943559374358,True,False,-0.00551582438933659,0.002008941524809402,0.13071564965524832,-0.003661004887601313,True,False,-0.09454142266154998,0.0005491287073544283,0.9061305447961681,0.0027029237170442233,True,False
39.7999602,0.024340672286628888,0.0008715886726142553,-0.18094532691348247,-0.0016673352197173331,True,False,-0.7025892825231139,-0.0035145402451006776,0.9694714495523681,0.004274644881832639,True,False,-1.130661794436703,-0.0034226204220760776,1.6622124597426478,0.006501374582396608,True,False
39.8332935,0.282624105276822,0.00228110435470102,-0.6085562361937586,-0.005285579794057911,True,False,-1.1643912595056953,-0.0052432318339471545,1.5280850745705996,0.006911213389253439,True,False,-1.824908811227912,-0.00419004192842905,2.072396813265681,0.004481217490060202,True,False
39.8666268,0.4739413375973598,-0.00011880302522827111,-0.8439988211114473,-0.0026394386117252503,True,False,-1.183146352788248,-0.005034369023194428,1.5675651785787583,0.0051312989343349075,True,False,-1.989030429712497,-0.0054726683624426314,2.069440570434074,0.004653711847252426,True,False
39.8999601,0.5893917617804454,0.0013716632265571688,-0.8404175293330545,-0.003924609437376138,True,False,-0.7381920377562202,-0.0014356786517151846,1.0627976240659671,0.0024439880010264253,True,False,-1.6103788847431177,-0.0033256017596731973,1.70013838175268,0.004075091985254038,True,False
39.9332934,0.6608045771160423,0.004773123298840276,-0.667974270480223,-0.007226484415368126,True,False,-0.0023902459397378444,0.00010227210981857531,0.2055137407017155,-0.001053373911125288,True,False,-0.8483194053009984,-0.0034855014200808267,1.0989905064694727,0.005142592056580491,True,False
39.9666267,0.744005964146803,0.0020595410857600902,-0.48837793232139715,-0.002541202696693264,True,False,0.73507185426621,0.003546797610673836,-0.6826306435570997,-0.004885844947830626,True,False,0.027318779884368927,0.0008928704195883239,0.44279495198113633,-0.0007021935242833124,True,False
39.99996,0.8832790908491082,-0.00029298892265565456,-0.47933885141782706,0.0027508340721538608,True,False,1.1903626678481933,0.0037320620916493938,-1.281401124347531,-0.00433112101984984,True,False,0.7336096479844997,0.000821874032378808,-0.1020005672384123,0.0014380432127637603,True,False
40.0332933,1.0698741222768333,-0.0005426192261260456,-0.7364093471422003,0.003911122627287973,True,False,1.1982394285086628,0.005848468404845503,-1.3919538650088235,-0.0074732955152232335,True,False,1.0743058067371336,0.0034938004708026595,-0.427358590061235,-0.002834501961969231,True,False
40.0666266,1.2275169541569981,0.004379466732250054,-1.2077582597801437,-0.004753673928842257,True,False,0.7723225927568609,0.0018957404575485348,-1.0027251982906973,-0.0025687905189610235,True,False,1.0061101231546412,0.002175958902708134,-0.5120243659630791,0.00018435703217859931,True,False
40.0999599,1.251033330597045,0.007022317575447022,-1.7108986791303682,-0.011636805906330056,True,False,0.09109584837866677,-0.00033003068737969503,-0.28291978098901427,-0.001268556759300624,True,False,0.6452805306495017,0.000687559853468998,-0.41969641139936825,-0.0010772087451857847,True,False
40.1332932,1.0785169392637912,0.003913889738598842,-2.024920155737236,-0.008236966234643974,True,False,-0.5800722906043017,-0.0017472666431908562,0.48812260569553934,0.0020348694589340808,True,False,0.21042037265402785,-0.0010164833913274209,-0.26808891645440946,-0.0017960166041080857,True,False
40.1666265,0.739628725745701,0.00012726660371001057,-1.9957201798367343,-0.004818371252065715,True,False,-0.9940530137952897,-0.0019734509430013557,1.026175944986258,0.003652285991159368,True,False,-0.07542111739441941,-0.002235150280459843,-0.17963047971498391,0.0014519116218956003,True,False
40.1999598,0.3402998517631358,-0.002294797551609352,-1.5919551566543908,-0.0008771015772910465,True,False,-1.0117819402097272,-0.0021864078219026276,1.1441406355907684,0.004156177524888678,True,False,-0.08097528956108357,-0.0026260066421745472,-0.23012068625584056,0.002142732254021706,True,False
40.2332931,0.00026912806725325775,-0.0019074843738535567,-0.8981339666181009,0.001469729306399115,True,False,-0.6483184849470042,-0.002508824270988399,0.8177016230011119,0.004837250644011864,True,False,0.180637523238814,0.0008459399288487981,-0.4164729581811271,-0.0035859956248124403,True,False
40.2666264,-0.2053525618175627,0.0009852028645955515,-0.07254286819069314,-0.00032327048661113497,True,False,-0.06417179097565032,0.0006343140345863689,0.19338618196597185,0.0005578158805806592,True,False,0.5635153794345235,-0.0010096104045658556,-0.6604944443197788,-0.0010655104417795816,True,False
40.2999597,-0.2658782519970414,-0.0008155391694149526,0.7012521033314004,0.004429272830808821,True,False,0.49519750192680284,0.002130388209425573,-0.4654700929017555,-0.00110499817021458,True,False,0.8553050911276757,0.0015141843365006603,-0.845308404684478,-0.0015767960262628858,True,False
40.333293,-0.22186985283644667,-0.0022996697795451882,1.2622989770526125,0.011416056817264144,True,False,0.7933817060939473,0.004652187546464445,-0.8778186322808766,-0.0033344196503656306,True,False,0.8676643084110414,0.002501790280382965,-0.8633370851553643,-0.003714749250166787,True,False
40.3666263,-0.14248001162245505,-0.004813590050435972,1.5196847651510437,0.015394483487632737,True,False,0.6962014667392383,0.003884771861352752,-0.8528045957186948,-0.0037398969352518663,True,False,0.5140411683431068,0.00020222136627200894,-0.6556478345238669,-0.00186374043293468,True,False
40.3999596,-0.10196582864301511,-0.0010329714775549833,1.4828752505194072,0.00938303117434818,True,False,0.22533064194656824,0.00021850159273921512,-0.3648048417926221,0.0007172241185810082,True,False,-0.15604823023504275,-0.003383391340731284,-0.23108349890889288,0.0014009506464100208,True,False
40.4332929,-0.14968182747027448,2.5926714470731393e-05,1.25033210388777,0.007064741776001719,True,False,-0.449878467390386,-0.0007330160589823873,0.432823719276259,0.0019309462103834682,True,False,-0.9766760860928231,-0.003194542962395452,0.3371330164027138,0.00021214537151155422,True,False
40.4666262,-0.28048030349613184,-0.0007611903198429715,0.9578146003710933,0.006554142970486031,True,False,-1.075209710611883,-0.0022862095137505967,1.2584591338145314,0.005067660719179335,True,False,-1.7232169356320552,-0.00504742462820753,0.9295091454716723,0.0010948237854352875,True,False
40.4999595,-0.4314068213602964,-0.0068764649809876415,0.7209670061271194,0.013284133704120455,True,False,-1.4009708204863243,-0.0012621160116840693,1.7980687665931048,0.0053476828796933775,True,False,-2.18181449922642,-0.005452215170590013,1.4049721809984588,0.002431986207950765,True,False
40.5332928,-0.5178651516274498,-0.005722155545679695,0.6042049291594592,0.01103062789025159,True,False,-1.268871171500761,-0.0037026140966148675,1.8163507048590697,0.009456657135366914,True,False,-2.212025961750977,-0.006848791902524761,1.633058424538643,0.004210818279578782,True,False
40.5666261,-0.48476318044571015,-0.001836357689728235,0.6154303133404856,0.004792152419784912,True,False,-0.6741382158246599,-0.0036299059207903083,1.249142048797519,0.00791132565792987,True,False,-1.7909417372095873,-0.005460732271259517,1.5341755035120508,0.0042549427009143615,True,False
40.5999594,-0.334607190638299,-0.002728146912414499,0.7101817071277196,0.007336864673080305,True,False,0.21894347506870734,-1.0080982700689186e-06,0.24063293626355728,0.001861168473618246,True,False,-1.0262083144720693,-0.0031309429494819174,1.1151693549319743,0.0021950985783002934,True,False
40.6332927,-0.12199328711441992,-0.003783509299935416,0.8047090053812254,0.010621807366998328,True,False,1.1261693691453425,0.0073397154752758735,-0.8992817168494395,-0.0043447640575939505,True,False,-0.12827865906497374,-5.368021369352237e-05,0.4796814762141341,-0.0006692545533877703,True,False
40.666626,0.068782335754955,-0.0035592905656390253,0.8083546627199315,0.010482828478897985,True,False,1.7491410223426822,0.006001541881073353,-1.8072401499676063,-0.00465956138930321,True,False,0.6540453810195451,0.0012303189709116354,-0.19763334232146562,-0.0008184160582554364,True,False
40.6999593,0.1504218360534825,-0.006113393089351231,0.6674614199910164,0.015197611714462012,True,False,1.8925688491512653,0.006607297209703678,-2.201591493245613,-0.006848261388786619,True,False,1.1147203011707443,0.0029065542110722022,-0.7266714303192557,-0.0035010835210905478,True,False
40.7332926,0.06639720261380874,0.0002527134574921647,0.3912822618378307,0.002493649412568605,True,False,1.5377244633194553,0.0054559431001669385,-1.9855992446392856,-0.006840894110289593,True,False,1.1612267277036583,0.004353329427755217,-0.9695797585045145,-0.005845076620858858,True,False
40.7666259,-0.1702796758945088,-0.0007220189884550217,0.03838791100705642,0.0032840129328179264,True,False,0.8424918627593148,0.002350525020083322,-1.2818783391201785,-0.00458733961249175,True,False,0.8501494858240041,0.003886574474333344,-0.8971538035121612,-0.006076602820959113,True,False
40.7999592,-0.45837751535270704,-0.005756726948918774,-0.3232941953243893,0.005639978733371923,True,False,0.07437404407227816,-0.0005298225661336228,-0.38609186869940215,0.0008093845119883194,True,False,0.3698662530955804,0.0021539230499401816,-0.6071401832287457,-0.004478779514708407,True,False
40.8332925,-0.6404008285601313,-0.004773129096501109,-0.6468995445177403,0.0010647082862877389,True,False,-0.49254798272565253,0.00020712976454774216,0.3464663717992879,0.0010287710002058635,True,False,-0.03197626722245534,0.00045717895327843,-0.2863402757227189,-0.0025395185481346142,True,False
40.8666258,-0.5823222581177514,-0.006477418201313996,-0.9063699916325602,0.003168161375074578,True,False,-0.6774587111276196,-0.0020047637516768754,0.6420354565751969,0.0069410304134025075,True,False,-0.15359305902364354,-7.753897765861925e-05,-0.12517583424944614,-0.0013754290380697336,True,False
40.8999591,-0.256944248710628,-0.005746363614105043,-1.0751563295103452,0.003463378845698421,True,False,-0.45726375519461565,-0.0025366633831833798,0.4220491064012826,0.003979700859562109,True,False,0.06773001176330874,8.22818749730336e-06,-0.22333685086856256,-0.0014813319806393271,True,False
40.9332924,0.22173824167697964,-0.0010667075013062485,-1.1094614993492657,-0.0022379356808982405,True,False,0.023971940625856773,-0.0017034625064251381,-0.16168848574085842,0.0009309613326981264,True,False,0.5208838443558244,0.0031184452662862006,-0.5355716483503594,-0.004777707174796204,True,False
40.9666257,0.638437506537501,-0.0013281357507780988,-0.9565298486346485,0.001086566140145117,True,False,0.5087322475515526,0.0024252234721971275,-0.7924662733868127,-0.0033826757887895713,True,False,0.9674174792891362,0.0050379554551227305,-0.8881687725580323,-0.004631321996098244,True,False
40.999959,0.7742437784243341,8.182744219757359e-05,-0.588516444206042,-0.0007418576697913358,True,False,0.7319720595642026,0.0030516884000810476,-1.130426507055205,-0.00408459979349626,True,False,1.1520533271449092,0.0066396810421284315,-1.0601279357762192,-0.007411157165686359,True,False
41.0332923,0.5142930597836216,0.0025251839930345295,-0.040957634380358,-0.0030824712947923813,True,False,0.5397166903663019,0.004412965343318862,-0.9666992468166897,-0.006746892154222188,True,False,0.9255777409896905,0.004940323754729648,-0.8906997810100198,-0.00606265059576426,True,False
41.0666256,-0.0887016161467273,-0.0026575480199467275,0.5740761996060887,0.0057012756829428754,True,False,-0.03638761912593188,-0.0014652085607214805,-0.3174383889248416,-0.00040128781147875817,True,False,0.3210386388602668,0.004181670040755836,-0.36281928725307083,-0.005222608054745741,True,False
41.0999589,-0.8304969583494752,-0.00473666971473883,1.1000441396477307,0.007214566709795046,True,False,-0.7892367105324471,-0.003430323995354528,0.5872730554310288,0.0052831416258110435,True,False,-0.45209963601150505,-3.9532426661246515e-05,0.3768087925113724,4.9287720709196515e-06,True,False
41.1332922,-1.4465093662356943,-0.007386750562042648,1.403452165119742,0.009595345360636302,True,False,-1.4272693034718578,-0.006347646787085288,1.4120152043191754,0.008041482583213078,True,False,-1.0914729428652539,-0.0008348214744778751,1.0700641817877459,0.0009007537681375282,True,False
41.1666255,-1.7299042072159625,-0.0074807082357808185,1.4358699913396444,0.0073663428098924184,True,False,-1.6999427265930298,-0.00607715610650196,1.8640223845280952,0.005575839961658683,True,False,-1.3241677033389083,-0.0005475443764050663,1.4469621221516207,-0.00026366513291306467,True,False
41.1999588,-1.6124850798703467,-0.0043320154034469024,1.2477337922626186,0.002048060459062945,True,False,-1.4991755525206225,-0.004737057593648427,1.8088344733649557,0.00851089542659049,True,False,-1.0165345081212231,5.6255083490102075e-05,1.3306185579046608,0.001489740081429073,True,False
41.2332921,-1.1697736269367427,-0.0029937436165433317,0.944331249578482,0.001539110535490928,True,False,-0.8974563814460121,-0.005029076893586059,1.3094072023917582,0.004983790989640216,True,False,-0.23216108203455108,0.0018172800468070785,0.712531005606371,3.833394395082803e-05,True,False
41.2666254,-0.5589135448957249,0.0008243703630039802,0.6148323592884278,-0.0022593271353239337,True,False,-0.11373233208872624,-0.000989759652497363,0.5834777528996695,0.0004359765378707981,True,False,0.7789806859395498,0.0023011266098238088,-0.2249456014048495,0.00014566772689481885,True,False
41.2999587,0.06519587181185658,0.0007444038206918509,0.2823648025459587,-0.0014292852418549156,True,False,0.5761707498316849,0.002372093382868976,-0.09608549498630395,-0.0008412966602151981,True,False,1.6588341800026054,0.0066245762691718195,-1.1549410541381446,-0.005127065074663075,True,False
41.333292,0.6054670687669531,0.0009315190429403384,-0.09262166085646846,-0.0012533240787974494,True,False,0.9487517231953627,0.0018540173754247851,-0.5135704754023862,-0.0035529238853081705,True,False,2.068679144685068,0.00925700827384632,-1.7209702944834335,-0.010000836339992363,True,False
41.3666253,1.0270455588977982,0.0017413998879892293,-0.559426957796698,-0.0019887180635851506,True,False,0.9164373298690045,0.0015570564858708102,-0.5875558642994514,-0.0018931079575104407,True,False,1.8244818572111505,0.008089746041043474,-1.6844531322185865,-0.008731924316277916,True,False
41.3999586,1.3256177012307104,0.003380562004323567,-1.1118731853859039,-0.005995089707723563,True,False,0.5513055309450384,6.46302959634732e-05,-0.3836863452810436,-0.0012194707253029703,True,False,0.9819976323856924,0.004739100819985089,-1.0360536653370718,-0.004944435272311576,True,False
41.4332919,1.4946203903204975,0.005583488145995704,-1.6572643419674096,-0.010584944376911863,True,False,0.043438928465514344,-0.0018633024536310555,-0.06502618768515697,0.0009898132413925461,True,False,-0.17379804921450717,0.0016424422201852425,-0.00886724026190095,-0.002370505862333519,True,False
41.4666252,1.516485914157166,0.005321145815898049,-2.043322125880982,-0.013048112508337609,True,False,-0.3837501364395467,-0.0029518174587316094,0.19100704143162592,0.00023862391830860723,True,False,-1.237048791913998,-0.002405962252971444,1.018420639749367,0.0038774761855301216,True,False
41.4999585,1.3780364876447015,0.006270750917993659,-2.1285191795717666,-0.01561537003729174,True,False,-0.5647190796555617,-0.005040382896297472,0.2695393742129768,0.0016956311430066343,True,False,-1.8426198678970411,-0.005215793624238677,1.6825205122844507,0.006336083475738937,True,False
41.5332918,1.0930680047039962,0.0030655843256931037,-1.8547545314962595,-0.008927557582468892,True,False,-0.453349869357728,-0.0013389815288312107,0.15793669502456253,-0.0012789251764447841,True,False,-1.8115462138367604,-0.0037058903173765325,1.7834083570060897,0.0034656344016747143,True,False
41.5666251,0.715458813117832,0.004764480972758077,-1.2834898284168648,-0.010043503369901806,True,False,-0.13238196474457412,-0.0034410943237288705,-0.062389335938675905,-0.0009869241041143347,True,False,-1.2171542867402347,-0.002539060239973288,1.351312261906664,0.0022518329142329815,True,False
41.5999584,0.3356989165281833,0.004159112049991359,-0.5809535770326144,-0.0076090097814471794,True,False,0.2293505798809996,-0.0007001901531263524,-0.2615850935885628,-0.0018117140572817907,True,False,-0.34382896642089644,-0.00044124419827972384,0.6103530934698359,0.001567049095299792,True,False
41.6332917,0.06005622477630432,0.0013395112461959703,0.03776117728259122,-0.0022873414009820137,True,False,0.4521771116448532,0.0005210758078300228,-0.3210416395655494,-0.002970558149625569,True,False,0.4417771759613115,0.004768404514334996,-0.13241799663546805,-0.0036982221902663276,True,False
41.666625,-0.024933388303869684,0.0029917443979341598,0.38464105694928763,-0.004521600613681542,True,False,0.42347825885067886,-0.0005748157059859187,-0.18290902901114472,1.4733527954564132e-05,True,False,0.8484182621798652,0.0038263073431746516,-0.6166691035358451,-0.002176630525256556,True,False
41.6999583,0.10844788651095474,0.0010278502437085415,0.36957950954928764,0.0004249672097878471,True,False,0.14756427055957672,-0.001426774215028469,0.12638349335289234,0.00045800062415530407,True,False,0.7742821250459639,0.0014021068701178339,-0.7218485559852051,-0.0024716960331813954,True,False
41.7332916,0.40587530962827756,0.004362660488048883,0.04019530251858292,-0.0042121528141043875,True,False,-0.25245610460090606,-0.003221436705505415,0.5020122201708987,-0.0005926957614760084,True,False,0.3275837733664859,-0.0008490498810721619,-0.49069423759463854,0.001423232361899529,True,False
41.7666249,0.7395284546767875,0.0043540431690446664,-0.4281334697471905,-0.005087315717343055,True,False,-0.5809133389149622,-0.0022975157875600315,0.7913919955158809,0.00029516855243000864,True,False,-0.24414898011033953,-0.0020595861518671035,-0.08675032984433487,0.00025142550337271796,True,False
41.7999582,0.9489538335425389,0.00591797901872115,-0.7935539776514235,-0.008702187646349785,True,False,-0.6467191485085018,-0.004790506134855676,0.844282465443541,0.005439062420859637,True,False,-0.6693435476541623,-0.0010199846137178244,0.2814855537683771,-0.0008793962410848349,True,False
41.8332915,0.8982668548482866,0.005207381543250544,-0.8391773004583254,-0.007981259964258296,True,False,-0.345520310042845,-0.0042633851251738875,0.5725379819047939,0.0011700502706217812,True,False,-0.7583948960782047,-0.002499501487681832,0.43630276879508845,0.0009177458239391388,True,False
41.8666248,0.5268446719268373,0.00310979208410725,-0.4580642149060242,-0.004387954089956772,True,False,0.2830040168343966,-0.0013800719831898315,-0.0027766818586787718,-0.0009121941739881145,True,False,-0.46781697986382353,-0.0036149852705435904,0.29044076496096927,0.004054256565319535,True,False
41.8999581,-0.12373440017442497,0.003309846483215614,0.3016434952140581,-0.0035942198340706962,True,False,1.0499995847227355,-0.001383775199144764,-0.7414257896780736,-0.0003931773895454,True,False,0.08990302797076154,-0.0008793257506287994,-0.1186270036160098,0.0014634255873992848,True,False
41.9332914,-0.9136540869767371,0.0023195624991820215,1.2470677172005604,-7.920704359536151e-05,True,False,1.6761696900230723,0.002684945321721545,-1.4207541656122085,-0.0030547033204472935,True,False,0.6926405178677454,0.0011317568201066185,-0.6361330346617768,-0.002121516670360655,True,False
41.9666247,-1.6413820998945083,-0.0019323188977610796,2.1034586593278126,0.006059482449929681,True,False,1.9001606828100857,0.005677603956710117,-1.811855101113213,-0.007887787092286519,True,False,1.0978059054970049,0.0031986104648629517,-1.0478900908440039,-0.0033080283445758927,True,False
41.999958,-2.108966669051746,-0.0030450810189271006,2.611513138058132,0.007855104485852112,True,False,1.5949743789286257,0.004744645703379436,-1.7723414150151753,-0.009904955297866792,True,False,1.1391191909011207,0.002017771461195141,-1.167499220264944,-0.0032101700085014717,True,False
42.0332913,-2.196740041822528,-0.00618724143779678,2.6254525584009096,0.012677263327955251,True,False,0.835645469267401,-0.0008866142040659436,-1.314848987372323,-0.0014027820383879825,True,False,0.7881089207480408,-0.000650699503990502,-0.9109517107017197,0.0004316223253612276,True,False
42.0666246,-1.9114929034548782,-0.00010755742139499899,2.168839767030771,0.0030955500493986795,True,False,-0.1221153521822987,-0.00320090107468252,-0.6102058969262446,-0.001514793841121347,True,False,0.15725320925154307,-0.0017878688406659344,-0.3280928805593357,0.0010416965553158464,True,False
42.0999579,-1.3783327221393322,-0.0012561413503346724,1.4181994091648724,0.003394628162735291,True,False,-0.9458936241897431,-0.005800370101308048,0.0823676617800494,0.001614003818338063,True,False,-0.5467983433073664,-0.0003245196276069899,0.41210274732972324,-0.002107824801268263,True,False
42.1332912,-0.779349770488038,0.0036536749239905503,0.6213880324211939,-0.0050575348693921475,True,False,-1.3634190701117512,-0.008186556680514006,0.5244423808772962,0.007660018598301874,True,False,-1.0956572483895302,-0.004435465599594645,1.072482548768713,0.004833226959994182,True,False
42.1666245,-0.2755357434537963,0.0019548394033216967,-0.005516512104041145,-0.003073500164309851,True,False,-1.2703486668070652,-0.006918477584554416,0.5951118488072973,0.00505728050288754,True,False,-1.3164356063064075,-0.005533870802795801,1.4268020108497428,0.006643426962977546,True,False
42.1999578,0.04594611595731384,0.0006427659329798042,-0.3508169277858571,-0.0004763129142368231,True,False,-0.764095927110174,-0.0032641669647811692,0.33071397354218707,0.00038761672246368927,True,False,-1.15443343330891,-0.004221926122614739,1.3489719641141251,0.005504728583473146,True,False
42.2332911,0.18116417681225971,0.003353941753732622,-0.42331591249408523,-0.004622383941704178,True,False,-0.09317914719663016,-0.0021468147358038236,-0.10770855431307658,0.0018567380459090937,True,False,-0.696810652074857,-0.003660678283676096,0.8736006383459118,0.004887466879770584,True,False
42.2666244,0.18729781071540302,0.004008530298296707,-0.3221235383708578,-0.004961732531848117,True,False,0.45033625835872004,0.00032232919175534717,-0.5142695910749825,-0.00029320876174221785,True,False,-0.14013307547685072,-0.0006230834448361047,0.19009924894842722,0.0010167461399767494,True,False
42.2999577,0.14949889083317736,0.0028980942892888623,-0.1854715737075968,-0.0034108525299919863,True,False,0.6454025967561314,9.892924228471563e-05,-0.7196938956762231,0.0002821210107147304,True,False,0.2905608719184484,0.000719448893205184,-0.43525387859794323,-0.001171418997741237,True,False
42.333291,0.1471018795880588,0.0022893862842468127,-0.13649275179055687,-0.002163799426311347,True,False,0.4175448047220018,-0.000737188575300955,-0.6404133015690451,0.002406154794098801,True,False,0.4378473381971003,0.002281824568698893,-0.7758845460548308,-0.0045843859329738074,True,False
42.3666243,0.22452734687220832,0.002221634956654397,-0.2381342037717249,-0.0016499349833558818,True,False,-0.148003102410342,-0.0037982341520498087,-0.2872705843744229,0.00414182693321719,True,False,0.2788032306400984,0.0006517741751791528,-0.7435855433935173,-0.001797222471081949,True,False
42.3999576,0.3768752047302641,0.0041267127741231435,-0.4721280000920929,-0.00543690360709681,True,False,-0.8507775466034263,-0.004936360319790268,0.25340252484018533,0.004501024978311337,True,False,-0.07030952615459533,-0.0017787912994228366,-0.4188618942484841,0.001565661383010228,True,False
42.4332909,0.5578254846795467,0.004766040212741462,-0.7524425316692982,-0.006950141404296846,True,False,-1.4509044884017135,-0.00556758353613613,0.8476299060452425,0.003637248539188273,True,False,-0.41299775417270784,-0.0015435266830517956,-0.00016258316415932456,0.0010382637893847444,True,False
42.4666242,0.7041695138098799,0.0026922788042756706,-0.9665150275483994,-0.004811334043758681,True,False,-1.7453188394463777,-0.006042829563679607,1.3425702548558287,0.009465351946389212,True,False,-0.5629300136076357,-0.0024345144244008136,0.29451690620965293,0.0036321871773424092,True,False
42.4999575,0.762524401715092,0.004943022196180823,-1.0233642533472376,-0.007814582982664294,True,False,-1.6241260113694456,-0.006008142462876346,1.60063507041492,0.008149111024766119,True,False,-0.4215119231196331,0.0015516397741531785,0.3201856565538139,-0.0023677710979444887,True,False
42.5332908,0.7080694609615376,0.0033244206132279825,-0.8887691374543927,-0.005026929568976704,True,False,-1.0996986903795734,-0.003417239980671882,1.5402666991180045,0.009059687269852193,True,False,-0.01414782999142644,0.0004035689677666399,0.0553980987699589,0.0004889255980022131,True,False
42.5666241,0.5526487961513081,0.0030603029430224427,-0.5975418911270783,-0.004005884814968462,True,False,-0.3064149842992047,-0.005380864349302455,1.171349252952647,0.010959085509266378,True,False,0.5182416508405869,-0.0008546839728884007,-0.3943796934145078,0.0026146450536765533,True,False
42.5999574,0.34219840811367713,0.003084457418938222,-0.24190979453947087,-0.003226342612889353,True,False,0.5322649057690011,0.00022475036709846414,0.6051852494572391,0.005738655524848231,True,False,0.9648065809529625,0.0038142398444188474,-0.8322877563472765,-0.0029179940806479503,True,False
42.6332907,0.1438556980597526,0.003115704236331559,0.05873091534420741,-0.003830650706182558,True,False,1.1713485256204947,0.004430032510450221,0.02352120903611961,0.0017717955607884498,True,False,1.120448227995784,0.00374595340946431,-1.0398409087584124,-0.0025332295590903557,True,False
42.666624,0.023357371920765747,0.0006907892680132752,0.1990892283186224,0.0001615057388564328,True,False,1.4330824586699955,0.004672646521751623,-0.38899959044404764,0.0009578732066053726,True,False,0.874425210853793,0.0055986608278999605,-0.8682963743673929,-0.004920973926902234,True,False
42.6999573,0.016454973350667625,-0.00048632677382183363,0.1310428090837314,0.002070101521810635,True,False,1.2804449496502577,0.0038282791170523127,-0.5191523491664161,0.0011813709058804943,True,False,0.27448348129686945,0.0022731667458433303,-0.3159272305982625,-0.0010250527150466409,True,False
42.7332906,0.10699131064195572,0.002331172077006639,-0.10766267209438475,-0.0025851265224663814,True,False,0.8354412160794518,0.0020102369264304895,-0.36948424281808284,0.0018029387945946414,True,False,-0.4729403812299308,-0.00027136866162177876,0.4516090779643135,0.000236652339376041,True,False
42.7666239,0.22831972761999228,0.0004868639040534688,-0.3988673693690734,-0.00045438191318050947,True,False,0.32880607041664495,0.0013009505049976944,-0.053582505521834516,-0.0006836917175714179,True,False,-1.0768255936140485,-0.002746482693759796,1.156798152707768,0.0037436449706455045,True,False
42.7999572,0.293159138844815,0.0005136692662771143,-0.5905731255918802,-0.0024219014888340945,True,False,0.0020767618658469205,-0.0010590493806165399,0.2547898696210247,0.0035881214664317306,True,False,-1.2792949127637612,-0.002568995950599026,1.522373196373237,0.006556147542156144,True,False
42.8332905,0.23950981914967176,0.004306949846326565,-0.5685678057110585,-0.008714657741470077,True,False,0.0037074389527631934,-0.0014446439004410167,0.4004718190902697,0.008148462685519912,True,False,-0.962871226058065,-0.0006674374163938621,1.3905759146781318,0.003871286508154324,True,False
42.8666238,0.06925320124528474,-0.00027561351306988683,-0.3183912295399078,-0.0004403268352141055,True,False,0.3237825834351617,0.0030980312539433783,0.32037159991609737,0.0005267718793370369,True,False,-0.20167787292338102,0.0008575978041209029,0.7942252473389181,0.0014924300642870313,True,False
42.8999571,-0.14486525346445167,-0.0023539034268500072,0.059724347877381796,0.003910442205861942,True,False,0.7963104706058127,0.0019811802266641396,0.0718751723201907,0.0013618005733410158,True,False,0.7602020507372501,0.0012886901800755527,-0.05248564242040252,0.0013768599782442144,True,False
42.9332904,-0.2919026755446419,-0.0004577591289557059,0.3956940193777351,0.0018964030445241763,True,False,1.1679976303177497,0.0047505650553433905,-0.20171223668444563,-0.0006249636650595265,True,False,1.5934014765693234,0.005833938283825798,-0.8380491036853814,-0.0040113977125085815,True,False
42.9666237,-0.27678366505118307,-0.0018404069732606177,0.5287189680750718,0.003757475303824844,True,False,1.2046279738037513,0.005585907665166108,-0.3481738001448364,-0.004920656463821436,True,False,2.004067122609427,0.007797571711974112,-1.277825435730722,-0.004698144743308452,True,False
42.999957,-0.06730754832657715,-0.0016027933522178583,0.37954494257519267,0.003911600269336396,True,False,0.7933591722676174,0.0047598741495378264,-0.283201507350429,0.00040842628692201223,True,False,1.8484015075996176,0.007775264860801314,-1.228706629151259,-0.00603705643342996,True,False
43.0332903,0.2846904550359956,-0.0011266935060253104,-0.01265487171230405,0.003267963758418076,True,False,-0.00019473823188722187,0.002990788465617284,-0.02943704290692654,-0.00212024985061174,True,False,1.1903446675477198,0.0025874315334477307,-0.7444576907455539,-0.0017166464128041139,True,False
43.0666236,0.6556533883731622,-0.0007516244068671555,-0.500375737117482,0.001979849285949084,True,False,-0.947347511629437,-0.0025942688341817396,0.29650652273177563,0.001307564801849871,True,False,0.2718454159841646,-0.0003613434023408347,-0.04499037241770996,0.0020580761424674214,True,False
43.0999569,0.8948166858414321,0.0018745509515535241,-0.8833692338623458,-0.0026454884781371224,True,False,-1.7422259179532427,-0.003168718191339977,0.5369401188750296,-0.0021239510705611674,True,False,-0.58836174445945,-0.0009830688164304128,0.5837740170434125,0.0029591698204022316,True,False
43.1332902,0.8861901783256599,0.0010414242834375178,-0.9912166790350083,-0.0024468353625590983,True,False,-2.1230817160092443,-0.005195346034047697,0.5608057086600912,0.0003466455926192776,True,False,-1.1154635426578974,-0.0016026023642235826,0.9065936401824735,0.0019279470325493234,True,False
43.1666235,0.6003050161583523,-0.001309928506484204,-0.7574812896915305,0.0010393234944156813,True,False,-1.9770430826130063,-0.005316026524792074,0.3217816610119094,0.0018672138198131574,True,False,-1.1695604041905003,-0.001316959626709135,0.8190005830409288,-1.0337570916227479e-05,True,False
43.1999568,0.1094587691736799,-0.001446483985986057,-0.24947176756413525,0.0017729497392516452,True,False,-1.3839731562775177,-0.0014900270837989134,-0.1154215080742656,-0.0036661669080777677,True,False,-0.7854056153268861,-0.0030175686216859857,0.3699649128298206,0.0014425155094083867,True,False
43.2332901,-0.4413380136298104,-0.003922106717721209,0.3610458643591236,0.006097939387840144,True,False,-0.5804953255357994,-0.0004081667413166116,-0.5973581320375748,-0.0076935541249071445,True,False,-0.15888187593194172,-0.003261405255541393,-0.26307206886855555,0.0019490995195888645,True,False
43.2666234,-0.894476883753582,-0.005609284235173946,0.87248734801102,0.00927425178344302,True,False,0.1417646767830291,0.005220693175332624,-0.9480090323269067,-0.006756101649062103,True,False,0.4192549330727618,0.0018418362542218425,-0.8324710054707812,-0.0020515000121952972,True,False
43.2999567,-1.1450176249896649,-0.008429950888512103,1.1397603949579558,0.012714742441420753,True,False,0.5601617482359507,0.004658598267630796,-1.0465867910455084,-0.006824102384437263,True,False,0.6746439966309947,0.002944134413590512,-1.104620689523425,-0.0031407695643434303,True,False
43.33329,-1.18042940978172,-0.005702929250471773,1.1317560644342415,0.00824365793459215,True,False,0.6113610314000136,0.004976871986089538,-0.8789884246973519,-0.009626281694271918,True,False,0.4706177457533957,0.00294825679758753,-0.9533948014136752,-0.006165872079576798,True,False
43.3666233,-1.0718032917126858,-0.00570655525414994,0.9309718105424135,0.00889024158260039,True,False,0.40678142677862816,0.0014992674381441827,-0.5426607956171848,-0.0022414119456813015,True,False,-0.11970028024390135,-0.0014558967826053275,-0.424354328618776,3.653701810482934e-05,True,False
43.3999566,-0.9195112756541209,-0.002679251490803895,0.6767733008899153,0.003612725751410061,True,False,0.16932391471334016,0.002360319866645388,-0.20648611381633789,-0.006505044902538301,True,False,-0.8356333081325328,-0.0029932385247187334,0.27082552495464884,0.0007593028914996582,True,False
43.4332899,-0.7870979856829978,-0.005178482403819809,0.4863571627814087,0.006410447117017776,True,False,0.12550871765834865,0.002885341640812089,-0.04365197913920023,-0.005261760489338867,True,False,-1.3411828062362365,-0.005230640009807414,0.8378202579189067,0.0036661239705073284,True,False
43.4666232,-0.6664469666150827,-0.004963621868378442,0.39866496875781243,0.0060691690724261295,True,False,0.40181809021047055,0.002413864892532763,-0.16161469648293017,-0.00503662850707399,True,False,-1.3755989772012565,-0.006130682415035723,1.0258610583783199,0.004584234824421906,True,False
43.4999565,-0.49499357745707195,-0.004860834879027127,0.3691795734863108,0.0063502543795809115,True,False,0.9640474490888997,0.004278446871641016,-0.5494013702295338,-0.0030076124223755046,True,False,-0.8736732664844358,-0.0035234091889842284,0.7395383773814327,0.002863646260968398,True,False
43.5332898,-0.21064646683835592,-0.004201838585759944,0.312005377320848,0.00647010370075475,True,False,1.6203188043207164,0.0046040955427314924,-1.061177610948618,-0.004776516033916511,True,False,-0.0027112199919867306,-0.0014584881886808908,0.08710250398406331,0.0009510346834833605,True,False
43.5666231,0.1911700451063834,-0.0035741952846901084,0.16133174592088517,0.006813522201968118,True,False,2.09052760672347,0.008930969148963032,-1.455604111070919,-0.01023068489369498,True,False,0.8999544491155401,0.00014289890388747732,-0.6558991248349059,0.00016048190015623286,True,False
43.5999564,0.6323812260823783,-0.0009478806791200132,-0.08230163538324131,0.0031004685762755827,True,False,2.122498783982593,0.010048938684033427,-1.4922056516112066,-0.012287490044832032,True,False,1.4638291251852484,0.004182134904846735,-1.155468950620451,-0.003744573101206755,True,False
43.6332897,0.9753581958054323,0.0001377793780950421,-0.3455099423321916,0.0015313284514662886,True,False,1.6090479296888178,0.008577710264352853,-1.0471675027076965,-0.008650940749743508,True,False,1.4414563832089078,0.003950395177174637,-1.1605865980112313,-0.005271422984895329,True,False
43.666623,1.0854387990845429,0.0013902647477402907,-0.5179511847244033,0.00044594205866154037,True,False,0.6485725161468189,0.0030083760150989318,-0.18593249236915058,-0.004305274040093933,True,False,0.8179857005928277,0.0008752175175713667,-0.6198787503121371,-0.0014818230683757603,True,False
43.6999563,0.9021542293862903,0.0018227309623562742,-0.5104038837121775,-0.0015436989501433369,True,False,-0.4859543214329967,-0.0015375048633743567,0.8511566923627518,0.0017159095007620504,True,False,-0.17633208588336485,-0.002230143583727981,0.2817250179807042,0.0007488656379118508,True,False
43.7332896,0.48074347309866977,0.0009605331251944613,-0.3038442858048684,-0.0014038642150845956,True,False,-1.4558300077588624,-0.003999516297999515,1.743795948476577,0.004637298354138739,True,False,-1.1582122635813676,-0.0047684352147129025,1.1898593361586243,0.004682723787969016,True,False
43.7666229,-0.022671584359670094,-0.004636895812241417,0.036676567730264086,0.006013943774973236,True,False,-1.9888274907872723,-0.003637528844883684,2.218879031336348,0.004194456260097783,True,False,-1.7474100991696375,-0.005541078717436495,1.7263349004391912,0.005186279123720055,True,False
43.7999562,-0.41940318218830297,-0.000687028852466377,0.39046303330854154,-0.001808821915063604,True,False,-1.9759307284274068,-0.004833567551613106,2.1530131780783113,0.006262655530435412,True,False,-1.7215860986093843,-0.0071253646948838765,1.6530623374889715,0.007773574574281287,True,False
43.8332895,-0.5757988890818696,-0.003926295044847986,0.6361631881666153,0.0054483797385832195,True,False,-1.4997435356904636,-0.003864216416641696,1.613080729048582,0.005085382310843407,True,False,-1.1087427356828625,-0.005773811097987654,0.9847824668632872,0.005952877436274613,True,False
43.8666228,-0.47610539449731704,-0.0028852898379519167,0.7067674250264341,0.004966074003438447,True,False,-0.7916757054465209,-0.0010561747512950912,0.823725123187871,0.0013350486351468916,True,False,-0.17799382061548477,-0.0013963473146844938,-0.003641542901534324,0.0008869097701765976,True,False
43.8999561,-0.23055968993165663,-0.0020440901013222272,0.619253973914899,0.004303344431780091,True,False,-0.1362306343501797,0.0023639327611914623,0.07364066760173203,-0.004088095920925107,True,False,0.6743629876881585,0.00267552893151588,-0.8902008480847076,-0.004798410141307053,True,False
43.9332894,-0.02167446550620749,0.002362529985674788,0.4603073484672638,-0.003870579911091706,True,False,0.2416768105978614,0.004825565594030397,-0.40305921048922416,-0.00593698240204601,True,False,1.0991814006780023,0.004034163343320836,-1.2954135542263043,-0.005820319519018407,True,False
43.9666227,-0.00901287385148018,-0.0008297178401178303,0.3300624761602043,0.0017290672261077802,True,False,0.2588927967829367,0.00031563339452554174,-0.516151634619011,-0.0006702115424589306,True,False,0.9487773904300797,0.0037728613097671266,-1.057305313031641,-0.005286970386967578,True,False
43.999956,-0.23776565627691684,0.003726578184845512,0.27535853293294016,-0.006216528311051969,True,False,-0.010377978529800914,-0.0009247311303458341,-0.3369716809150757,0.0007218278334596499,True,False,0.33548129363631174,-0.0022749308936170225,-0.3016668891686549,0.0034342463702557516,True,False
44.0332893,-0.6010923269460324,-0.0002724491136308277,0.25531777685369916,-0.0012822045529717616,True,False,-0.3844576144759996,0.0006937205090164298,-0.045260470816055005,-0.001442426208554534,True,False,-0.43123312257978097,-0.002071753103192412,0.6248975141763788,0.002282483638182647,True,False
44.0666226,-0.8839681481448414,-0.0023460394986395882,0.16445597716255175,-0.0008640997313760919,True,False,-0.6553917300485642,0.00026688805594785937,0.15683504427755235,-0.0006824524319886254,True,False,-0.9904418611257253,-0.0038381396672569454,1.316601106971533,0.005771630143327242,True,False
44.0999559,-0.8744201839923375,-0.005919199754197337,-0.09621074285104352,0.0031214268871345807,True,False,-0.6660955732384319,-0.00022917075604888263,0.12470955407912825,-0.0002268547443483572,True,False,-1.0842507690000966,-0.0032912059467475824,1.4816693966047534,0.005386041551740017,True,False
44.1332892,-0.4829675496413718,0.00042208202005062116,-0.5441421799585032,-0.006693867056846995,True,False,-0.36569755626311884,-0.0006927334026503701,-0.17460086692627866,0.0012360403187004663,True,False,-0.6563545055335319,-0.00148398742010179,1.053871609344736,0.003915804234454335,True,False
44.1666225,0.20286024718057774,0.0016513352631554751,-1.08878605727751,-0.006744871731002558,True,False,0.1664056882215089,0.0011103353804054156,-0.6444196308867355,-0.0021298891975199087,True,False,0.13575438632794087,-0.0007313251720819726,0.20584012009377983,0.0014880733194508693,True,False
44.1999558,0.9623141280239056,0.0075127963030484175,-1.5734013350385163,-0.014500295861573857,True,False,0.7387309956462007,0.002104793766693019,-1.0857329833384888,-0.002228275754356983,True,False,0.9910434059212315,0.0025517152719238575,-0.732837001037471,-0.0012764555256895799,True,False
44.2332891,1.5515969884730303,0.008155224191233955,-1.8557526394569381,-0.014225559316658932,True,False,1.1129659807148171,0.004926481347328049,-1.2691826182281274,-0.00483420225533851,True,False,1.5881182986898468,0.0062981413685862676,-1.4162460448857974,-0.005931234947706392,True,False
44.2666224,1.810311684708327,0.004296730068303245,-1.8731992690860464,-0.007974811988917703,True,False,1.1013765998888794,0.007976835460858409,-1.030843107389337,-0.006000394820244009,True,False,1.7134650787975398,0.005421476119020307,-1.6228079179325448,-0.005591257812260193,True,False
44.2999557,1.7088740724096192,0.005543102573594112,-1.6547105232164951,-0.008679198664270289,True,False,0.6571542537775148,0.005087970670382788,-0.3527626110666711,-0.002303457345363563,True,False,1.3411454845599877,0.0024902659254162195,-1.334682880168069,-0.0020458030526365758,True,False
44.333289,1.3303075708464716,0.005197013588143324,-1.2849618292000309,-0.007947971385096106,True,False,-0.09077986295331958,-0.0006024090860177188,0.6122786205277784,0.004289216446832378,True,False,0.6306716025748549,0.0007993724792265745,-0.7216376756459754,0.0014248459465871343,True,False
44.3666223,0.8162444619657877,0.006771949953857485,-0.8546237312559606,-0.010982690892918591,True,False,-0.8829719591010107,-0.00147185002003864,1.5884522570241342,0.006037657593333583,True,False,-0.14862771318925203,0.0004004794295175621,-0.045459707858034715,0.0013049397649889313,True,False
44.3999556,0.3061160292314597,0.0016860598488627706,-0.4236504058668902,-0.004095454781039718,True,False,-1.432930825457736,-0.0023978445447131037,2.2757761358233637,0.008758806702619117,True,False,-0.7263945863402501,-0.0028361101528114286,0.45882211914384524,0.004182475166738219,True,False
44.4332889,-0.11505762760967175,-0.0032331251465928788,-0.0037872679805053284,0.0037429508234222038,True,False,-1.537746561177955,-0.0033804775403745058,2.455588682205791,0.009141777415569286,True,False,-0.9282162478203012,-0.003549034745605426,0.6666859302667365,0.003627524002143409,True,False
44.4666222,-0.44086201783817297,0.000996283177424261,0.43497928267582786,-0.0013421803328230635,True,False,-1.1503891294280304,-0.0011953504610348097,2.0621176064436,0.006513220265977882,True,False,-0.7274448899811837,-0.00012816222481945634,0.5833764689163967,0.0005588891602022524,True,False
44.4999555,-0.7157632924592349,0.0022414342298236146,0.9231517041451557,-0.0020839377601795067,True,False,-0.39148961160164614,3.218126348517795e-05,1.1992885305097063,0.004898319579561569,True,False,-0.23719717522182707,-0.0009679216371993417,0.30542356164541323,0.0032035228523833296,True,False
44.5332888,-0.962703674852688,0.0052335745172311585,1.42643599416109,-0.005435388836745411,True,False,0.49929011041074584,0.0033365265414424788,0.10214845329916634,0.0018944643741446682,True,False,0.34693723860972736,0.0018214765822668739,-0.04272756199549906,-0.00024251829903391454,True,False
44.5666221,-1.1235091911538635,-0.0009369095039983081,1.8075634951468882,0.003846462880791375,True,False,1.2533215025286097,0.00809844432196671,-0.9425593139219635,-0.006940195455623251,True,False,0.823660908910142,0.0012723821182808023,-0.36033185353725755,0.002555573806776472,True,False
44.5999554,-1.0759030179382292,-0.005565245832545468,1.8694750007811305,0.01195072901536574,True,False,1.6699097246339152,0.006672323518567907,-1.6902143925969368,-0.004753421648228397,True,False,1.051831034660601,0.002313715804576323,-0.5911379816182697,0.0011873580618621256,True,False
44.6332887,-0.7283407106991968,-0.0046303848644239365,1.4743700404942075,0.010952310424999051,True,False,1.680514833520766,0.006216643348114934,-2.0125388120271834,-0.006852584685616416,True,False,0.9873707854591899,0.002107277691570751,-0.7174661391798411,0.0010335929379681234,True,False
44.666622,-0.11837317658383337,0.0012202424010662315,0.6597807447550641,0.0020283319512548045,True,False,1.3560998516917713,0.0059610383205877405,-1.925446150462534,-0.007519832529322322,True,False,0.6859195420147114,0.001322989882647185,-0.7446209996299126,-0.00017760404687978024,True,False
44.6999553,0.5691262085472258,0.0056076464590368615,-0.33804094697643855,-0.006481846669760613,True,False,0.8620134159610467,0.003593277556289079,-1.564969942886151,-0.006052880206707083,True,False,0.27425587095988696,0.0006395283218278624,-0.6889172782207051,-0.0008974413494063372,True,False
44.7332886,1.08060995879608,0.004967907300144203,-1.1762561688805593,-0.007655638843375581,True,False,0.3860312001199351,0.0014998837801338135,-1.1241809640073148,-0.0024089492525875087,True,False,-0.10052888639701352,-0.001696182484805869,-0.569848883087076,0.0033392897115263162,True,False
44.7666219,1.2131844381058996,0.0033012931171782813,-1.5558304800727394,-0.006589109316800979,True,False,0.07009855921323625,0.004082331756919236,-0.7742410657988988,-0.003491078985056905,True,False,-0.3283533518606545,-0.0026158279705584164,-0.40239704617595545,0.0025616928087786386,True,False
44.7999552,0.9037965558651748,0.003002921832816605,-1.3470987036238817,-0.005672508925124218,True,False,-0.031793344564125414,0.001509038561671351,-0.5986917242308916,-0.000965645929279654,True,False,-0.37846853428540983,-0.000900503577273304,-0.19303275869748593,0.00016912879926738245,True,False
44.8332885,0.2527022955832649,0.0020769419971313563,-0.6375805623259386,-0.003460661062312861,True,False,0.037935386502235165,-0.001738911863572745,-0.5673717970034462,0.00036845500500260506,True,False,-0.3085257980778541,-0.002519180425009437,0.05493479026159092,0.0035928090488261395,True,False
44.8666218,-0.5178278414001233,0.0007773910587381062,0.3078567455503274,-0.0011181847692131115,True,False,0.16378300755979608,0.0045738924007660215,-0.5620181082428096,-0.007074770937197099,True,False,-0.2366912929160561,-0.0017128885388536935,0.3320614808379328,0.004176143503049186,True,False
44.8999551,-1.151692978126435,-0.005500636766648574,1.1551754998649968,0.009726190959131449,True,False,0.2073511597779476,0.001994624121526388,-0.4427566859260887,-0.0009331086215319639,True,False,-0.2884759798063272,-0.0017265602055709854,0.6200045224735481,0.006074510238067822,True,False
44.9332884,-1.4629014544992074,-0.006706601884422733,1.636427386998043,0.012022316035355085,True,False,0.06895427120194603,0.0010004209217293074,-0.12234537523756157,0.00022130607628668218,True,False,-0.5379829262151291,-0.0016018282278585873,0.8954512772836796,0.004936896845529478,True,False
44.9666217,-1.407997583944984,-0.001940876750370616,1.6526531716674886,0.004679703755516716,True,False,-0.2661193943512336,0.0011201626891373985,0.3878069170216831,-0.0003151541587062388,True,False,-0.9660198978628757,-0.0043828773686202735,1.1325642919827545,0.007634817222009574,True,False
44.999955,-1.0865569364420928,-0.0010024146224092405,1.2938495702422546,0.004074631393208135,True,False,-0.7169898699578732,-0.0019020512941231179,0.9758134717381085,0.004242856636433236,True,False,-1.4535443959158372,-0.0050405210048685934,1.2996448699262861,0.006818936382819572,True,False
45.0332883,-0.6733336453033106,-0.0002092775147401854,0.7729569816810248,0.001945487070310742,True,False,-1.1345251283392974,-0.0022607837554743204,1.4670937980685446,0.004444140659944431,True,False,-1.8152638122309355,-0.004632874488893532,1.3533729445180671,0.004423801089080886,True,False
45.0666216,-0.32981497387510056,-0.002342666284345401,0.31961402739030026,0.0034838032243671075,True,False,-1.355295116508892,-0.0026700027755027756,1.6870543275868461,0.005966976067022997,True,False,-1.863358834231299,-0.006197223075217911,1.2400646329710325,0.006555682508489832,True,False
45.0999549,-0.1436914689765743,-0.00205605012525137,0.08750796938537148,0.0023123012242610443,True,False,-1.2638603445359438,-0.0048305269706873846,1.5274865783951408,0.007648267380197193,True,False,-1.483207551286654,-0.005383546277638088,0.9154661852122427,0.0047246060622948985,True,False
45.1332882,-0.1114296181147012,0.0012318185300187758,0.1047133142913269,-0.0019980682385074503,True,False,-0.8427109153037032,-0.0005198758124008968,0.9926703837780271,0.00028627483139121996,True,False,-0.697280402666186,-0.0038701751116267764,0.3844131923431549,0.005134040821317357,True,False
45.1666215,-0.1541827542697972,-0.00043990184774230526,0.27416657883376966,0.002157241801717437,True,False,-0.19120825299718397,-0.003719517127085919,0.20773102751057426,0.004137176608736695,True,False,0.31169235637022025,-0.0040027428656688995,-0.2598790434827449,0.007064454707843327,True,False
45.1999548,-0.15747706094080827,0.0009747959441520264,0.422506285968005,4.5469971834850713e-05,True,False,0.4980105675699308,0.0022576463555499865,-0.6138901610205096,-0.002765428496695868,True,False,1.2426478748197511,0.0025297000826115484,-0.8331645832316142,-0.00046017129160356014,True,False
45.2332881,-0.028605382778469985,-0.0048476416049337435,0.38447616982734373,0.009188007871737545,True,False,1.003896562793833,0.0031201422878176298,-1.2345076620265971,-0.001915791770101634,True,False,1.7846540428845685,0.004474776651035412,-1.1208297905351094,-0.00210239767286095,True,False
45.2666214,0.24818864881177752,-0.0018227073847794032,0.08839225419050363,0.003251880985996767,True,False,1.1627802926066717,0.006359117618643481,-1.4706356549740998,-0.008988869931847688,True,False,1.7543801745705756,0.005773402467169698,-0.9865995618762098,-0.004502862597044328,True,False
45.2999547,0.5950168461586508,0.0032205073197232297,-0.4054458745094209,-0.004378706343637891,True,False,0.9358908826163992,0.002966083394853333,-1.2588278173597842,-0.0054502793165457945,True,False,1.1935521272837062,0.003039239993720037,-0.46656283711873725,-0.0016902351640031535,True,False
45.333288,0.8828398894996028,0.005627830365447195,-0.9391623227643296,-0.008439465004857098,True,False,0.4203855770852262,-0.00301739768179457,-0.6768087466452687,0.0032973258651644776,True,False,0.3656462883285567,-0.001943357434097775,0.22050413294846843,0.005847008301408413,True,False
45.3666213,1.005955610562343,0.0012602764340865586,-1.338813454554795,-0.0032949633406119173,True,False,-0.2018217106883164,-0.0017118955753484717,0.09313082607697246,0.0005941976867261927,True,False,-0.3564305650977918,-0.003817363448531197,0.765287546962527,0.005776505227353299,True,False
45.3999546,0.9328528023330799,1.5478392379661176e-05,-1.4873961458237732,-0.004009672854498437,True,False,-0.7427800016409476,-0.0021701678457301844,0.8355458059192937,0.0028849635478929835,True,False,-0.6574091160942175,-0.00364606363050832,0.912221763495888,0.004220593000276046,True,False
45.4332879,0.7050220657880063,0.00013061414353249837,-1.3556968096452566,-0.0038655770884164823,True,False,-1.0712441295446762,-0.002889714817926352,1.3704319619384044,0.004906044540178866,True,False,-0.41827113318517645,-0.0026369971730927496,0.5752914306935304,0.00175559868759731,True,False
45.4666212,0.40274639667318357,0.000951130738054305,-0.9968667854119769,-0.005003318541301733,True,False,-1.1412132103157484,-0.00456508271323586,1.5986376765940014,0.006904594217351523,True,False,0.23661977760640832,-0.000599014808185291,-0.12761099138239593,0.0016130957280361543,True,False
45.4999545,0.11128910505909254,-0.0008601995682681745,-0.5237792526114476,-0.0011204698230666413,True,False,-0.9916847704198162,-0.0046849108724347326,1.5212785678984633,0.007209826498908604,True,False,0.9991011353945769,0.0020514491240072865,-0.925849530376989,-0.002232412010743426,True,False
45.5332878,-0.09774754713216234,-0.0006013547987520379,-0.07847322250495298,-7.838159146405429e-06,True,False,-0.7248909071632669,-0.004426462168889735,1.2310282904824426,0.007038969612893968,True,False,1.5130105472699897,0.0047808348293921134,-1.5051225885253616,-0.004727145001495006,True,False
45.5666211,-0.1742481899885856,0.0010346986523896058,0.20435315485471706,-0.003036480260346779,True,False,-0.4648081996454126,-0.0025986751212489657,0.8719513517440076,0.00426987731380232,True,False,1.5267677887507147,0.003651431087474393,-1.632772343413025,-0.005878673096303631,True,False
45.5999544,-0.09683798520814886,-0.0029036073126536836,0.23725719040912,0.004228896982638331,True,False,-0.30279591112959275,0.0010164876419698782,0.5751834619434144,-0.001293763249634793,True,False,0.9983410025079992,0.0014701637186414975,-1.2516348066366918,-0.004114192001508551,True,False
45.6332877,0.11487892556889093,-0.0009127579116153931,0.016721173805193886,0.0017560118323393609,True,False,-0.2518959391408466,-0.0033007621640071642,0.3968244554176151,0.004675464595634165,True,False,0.11090586787233071,0.0012275689527977845,-0.5031459760635127,-0.0028099592224587145,True,False
45.666621,0.39057927953685717,-0.0012551700859830279,-0.3592303798340917,0.0009711616719640902,True,False,-0.23761495406920774,-0.0017119480233478502,0.2929950324418694,0.0017604571027423019,True,False,-0.8036181594886875,-0.0034508214216098254,0.33183168067068924,0.001840647642052815,True,False
45.6999543,0.6191857248911936,0.00035246260289904184,-0.7132468874075848,-0.0023002418765099967,True,False,-0.13594167768021234,-0.0032505975232501785,0.1485312253508449,0.00356422714617083,True,False,-1.4006070658269916,-0.006079321348161453,0.9496710116870059,0.0038412175811482143,True,False
45.7332876,0.6875113225399395,0.001353308056124569,-0.8560221424032377,-0.004197578514395827,True,False,0.1595294688283277,-0.0011260304409169304,-0.15660678792447338,0.0007821177351502391,True,False,-1.4628854806804363,-0.003974941083537151,1.1459990005396261,0.0019667397210272187,True,False
45.7666209,0.5348528663415397,0.0021342785717739527,-0.6742556074006075,-0.005151171752077339,True,False,0.6750865165845865,-0.0008862137750302395,-0.6771843704322993,0.0011993060251951203,True,False,-0.9858556579948191,-0.0024750126493488533,0.8888329430834762,0.001034157680188597,True,False
45.7999542,0.19332226599361504,-0.00048049913086662885,-0.19429340631325387,-0.000524466351228588,True,False,1.32803150070176,0.001812599182815683,-1.3600796734829739,-0.003134648450592851,True,False,-0.17326646113552854,-0.0010219248184528743,0.3157501491155026,-0.00048540684745357224,True,False
45.8332875,-0.21535138783491886,-0.0009426084009816028,0.41772205553041836,0.001501354198530787,True,False,1.9449879600692817,0.0033604437459431886,-2.0473964590276648,-0.00418851878419329,True,False,0.649078222227749,0.002627609509939315,-0.3342479102267773,-0.0041480088379065114,True,False
45.8666208,-0.5334171139804628,-0.0048076251675351405,0.9270694336355005,0.008504445529930689,True,False,2.3219108578566994,0.006500388307321843,-2.525740677948852,-0.007951863033851335,True,False,1.1622306942597,0.0036800242286393137,-0.8185235883476082,-0.004378009947670458,True,False
45.8999541,-0.6462134748048148,-0.004958248986654044,1.1405134425374313,0.009006600500965255,True,False,2.3020299845598884,0.0044727363604972785,-2.6036237131056423,-0.005926166338728299,True,False,1.1744081726335487,0.0023870225205763593,-0.9772220018308216,-0.0034724367295485355,True,False
45.9332874,-0.5413896122374673,-0.0033097374406492225,0.9971110193988173,0.006565131248600909,True,False,1.8389639774730722,0.0020261517576703443,-2.1880345525786193,-0.004035793626548538,True,False,0.688764849231592,0.0023177124531483856,-0.7793489295377007,-0.003589115090537757,True,False
45.9666207,-0.3110762312785037,0.0017663980333445528,0.5903438488860516,-0.002282318351188449,True,False,1.0206421763719715,0.001744084962233488,-1.3332699464306896,-0.004296866636561132,True,False,-0.10267356755570552,0.0007810150235112424,-0.32143619055128586,-0.004095309804077808,True,False
45.999954,-0.09752618697766455,-0.00274895227562401,0.11485056321433496,0.004411287959844978,True,False,0.04859612370465099,-0.0019786064428047477,-0.24445630460930076,0.0008345409597246956,True,False,-0.8938559165847834,-0.00275421565638582,0.21266264516539107,-0.0023146334493759843,True,False
46.0332873,-0.02032649601831148,-0.0005447466838393498,-0.22463488110409635,-0.0008382701938322707,True,False,-0.8194462861726189,-0.003358324710548892,0.7728735271345639,0.0037974281504135517,True,False,-1.382327096223216,-0.0035441464862945565,0.6188736290877384,0.0006641556682529324,True,False
46.0666206,-0.12645982338050685,-0.002082041078284561,-0.2947785868220433,0.0006403965195930821,True,False,-1.350371375771845,-0.005756214219529961,1.4127290732660382,0.008057617234736658,True,False,-1.3880059549606818,-0.004204622512889973,0.7504206320436111,0.001152433253422044,True,False
46.0999539,-0.37927000906620206,-0.002092907243119117,-0.0778444168480597,0.0004682442177573114,True,False,-1.4197746017613946,-0.008911967880713639,1.4902895585538491,0.012434034811875994,True,False,-0.9258650261422536,-0.0042679122379140405,0.5777061437082697,0.0013633467082922051,True,False
46.1332872,-0.6799234607010127,-0.004342724812947972,0.32888018296116495,0.0055554079133696855,True,False,-1.0687881901351504,-0.0069732879530179275,1.0332716719556236,0.008603377169521345,True,False,-0.1983246217046634,0.0017046320563432714,0.19974594372386364,-0.0032856587524818697,True,False
46.1666205,-0.9063198520138277,-0.0010807540953462684,0.7526724400386985,0.0006519509090641205,True,False,-0.5003404755412986,-0.0026044405379783797,0.288578303056715,0.0023580489460361333,True,False,0.4939260349940581,0.003394151465201571,-0.20292361247589302,-0.0038348152304761756,True,False
46.1999538,-0.9548500298306284,-0.004099990717855727,1.0085923359412299,0.006867916873495916,True,False,-0.002100947442527546,-0.0007149582410466965,-0.37472381851223346,-0.001285179747903368,True,False,0.8826833633065044,0.002942249121405042,-0.45040481298390583,-0.0024175474077512034,True,False
46.2332871,-0.7757723185071974,-0.003521024116018164,0.9673735464073353,0.006183201947648907,True,False,0.17638302259853056,-0.001038312979243155,-0.6262944891130742,0.0009649155389182311,True,False,0.8413228309348224,0.003933558099479128,-0.43870492929023785,-0.005497598460248754,True,False
46.2666204,-0.3947699218195374,-0.002212621274496609,0.6075398283016922,0.0043506937564606,True,False,-0.0644902970512345,-0.0002645817442121497,-0.32196539552797665,-0.0013730907731595466,True,False,0.4235294736926192,0.0005888557682844621,-0.17510604846058436,-0.0009577915698025471,True,False
46.2999537,0.08983135118154753,-0.00037715458636310227,0.03010060564256774,0.0012314778539282828,True,False,-0.6263215790494164,-0.0023057093417130662,0.4303239852029314,0.002404881300228844,True,False,-0.1773552846248974,-0.000983978102846956,0.23626260782901462,-0.00045867527874586295,True,False
46.333287,0.5400330918910691,0.0006907490540910377,-0.5761322442308373,-0.0010532710463102178,True,False,-1.2517159519185606,-0.0071459494225736666,1.3146811828335438,0.010130091826242263,True,False,-0.7197911406837696,-0.0019208063351847694,0.6459627455502088,-0.00014774187392742243,True,False
46.3666203,0.8315900744602247,0.0038415843711267217,-1.0084102059882343,-0.00754648070998092,True,False,-1.6354331897768999,-0.0064044509145764015,1.942903250288922,0.009577290459063132,True,False,-1.009680326970606,-0.0012525641322457088,0.920914125639698,0.0018733625714042826,True,False
46.3999536,0.9039107731337997,0.002265452664896168,-1.1317513029753723,-0.004633886627816637,True,False,-1.5590817881760157,-0.007076914768913674,2.0218134655552173,0.010585561702990813,True,False,-0.9616857903882611,-0.0008233204428192294,0.9899129206295455,0.0007223492513568848,True,False
46.4332869,0.7804914772941021,0.0022437975919388825,-0.9301492547835439,-0.004525041790624342,True,False,-0.9891394244467142,-0.00423441524437144,1.4780613955842143,0.008119174445357692,True,False,-0.612930984883356,-0.0016075875864205082,0.858877022282,0.001991148065809929,True,False
46.4666202,0.5480603056844744,0.0010850312164143187,-0.5032566843878573,-0.0019297890246639745,True,False,-0.09637542755844612,-0.0011946298654928415,0.48872880965614135,0.003167184412928191,True,False,-0.0966882339270846,0.0007698773586895562,0.5949850879462855,-0.0007669584298303028,True,False
46.4999535,0.3058356498917562,0.0011204059850665256,-0.013477033559697298,-0.001078375523968419,True,False,0.8096452708768186,0.0033579296648581104,-0.5908559445954611,-0.0029856331649194524,True,False,0.4095441035934443,0.0023683056331738994,0.29017997191678585,-0.0015298512986535232,True,False
46.5332868,0.11278924899105272,-0.0012485215098633285,0.387694966460134,0.003069073511114435,True,False,1.401944427563062,0.004019915905590302,-1.3684057894351924,-0.0037339902970899208,True,False,0.7454662717379668,0.0023359302790208376,0.022960311934490215,0.0002518854920792659,True,False
46.5666201,-0.03789069972776361,0.0002874254405728028,0.6182061547454465,0.0008678570790559025,True,False,1.4626876764312247,0.005186218873035712,-1.565240716441746,-0.00576187205154465,True,False,0.8201687645898782,0.0031184702178754125,-0.16378975132474194,-0.0009841109082366739,True,False
46.5999534,-0.20050660651474866,0.0019713846970800257,0.6821891404179925,-0.0019403681480629764,True,False,0.9654593401437548,0.0018245706303050377,-1.1180976057317351,-0.0017256575574049378,True,False,0.6390256024853987,0.0014467044529062635,-0.26501450290841744,0.0006383555911476407,True,False
46.6332867,-0.4229687216115472,0.001756278582328419,0.6416959914964541,-0.0018952412312004967,True,False,0.08558762479033838,0.002468900937631833,-0.19986249214287483,-0.003500536805388441,True,False,0.2989852370381273,0.0030715811306413605,-0.30586828160542523,-0.0037886571949000457,True,False
46.66662,-0.6922003143734905,0.00022131720645844413,0.5670067267723292,-0.0006059357603068482,True,False,-0.8613161282033317,-0.0022512234659824186,0.8427900026054358,0.002586956348163264,True,False,-0.0448106038013722,-0.0002959549376737732,-0.33344326568484534,-0.00042410406647360973,True,False
46.6999533,-0.919000598258563,-0.0010390917142263098,0.49796155317142266,-0.0024366799364258724,True,False,-1.5308563321798183,-0.0033256180276032264,1.614352047955687,0.005419441346165248,True,False,-0.23236275009071025,-1.1061130571231512e-05,-0.4057019088153283,-0.001169033099675506,True,False
46.7332866,-0.9769834697591003,-0.002869917590188689,0.43373934556385185,3.444129635359997e-06,True,False,-1.6751378248088642,-0.005268537639435318,1.8189085926448063,0.008190047560022543,True,False,-0.15736682984493716,0.0014576683160556299,-0.5716690230299362,-0.003437458700251152,True,False
46.7666199,-0.7731914129829545,-0.0007335615858995681,0.3469332301839157,-0.0032960365926427504,True,False,-1.2372063923885803,-0.0032401568378941517,1.3770584806875346,0.00399693169423291,True,False,0.18772944647484693,2.3025655410170937e-05,-0.8441688197376755,-0.0010230441970412291,True,False
46.7999532,-0.3078016847652019,0.00118443182207399,0.20659255562348489,-0.005002229858701115,True,False,-0.37493483009806217,0.00029508259772458137,0.4589099669501158,0.0004194161244856764,True,False,0.6963414979737289,0.00042065601464481904,-1.1750073992883805,0.000518078149513899,True,False
46.8332865,0.3103328075537123,0.0030188580669759492,-0.0024404091063571494,-0.005290514892979201,True,False,0.6005681427369259,0.0050848266063953,-0.5864556997165896,-0.007031701522699987,True,False,1.1731803231022173,0.0033305469030365897,-1.450611928653483,-0.002713172502614204,True,False
46.8666198,0.8979532318274241,0.003860923242026629,-0.26761580631482695,-0.005791038802671868,True,False,1.3492333416527842,0.006965721068781778,-1.375891083831108,-0.007669195884897165,True,False,1.4024396817472364,0.0062894715830989255,-1.5268763562238614,-0.006975281054100933,True,False
46.8999531,1.2648053149226923,0.0024651375406491466,-0.545174522999442,-0.002835620112395974,True,False,1.635896870427779,0.007499228137374473,-1.647252670308255,-0.011222974010786913,True,False,1.2383431964706468,0.0034974309332833696,-1.2981108445977463,-0.0039136883261080505,True,False
46.9332864,1.2908699949238898,0.009758819698405845,-0.7709242402097211,-0.01429005304737063,True,False,1.4170541609720149,0.00673815535422136,-1.3582509940556238,-0.008092920533043427,True,False,0.6755376488015586,0.002163302628808279,-0.7603206242110679,-0.00010710821738316331,True,False
46.9666197,0.98614792232706,0.00737405702094187,-0.887199047542517,-0.012480796658134652,True,False,0.8476353333204281,0.005047194300406764,-0.6906905310371271,-0.005208447897168366,True,False,-0.13775413186865526,-0.00012386872580202565,-0.026448314191164054,0.0021659919447044804,True,False
46.999953,0.4978674176287626,0.0012031738137924708,-0.8691952092791043,-0.005890693898620166,True,False,0.20946470906053247,0.0027639736969677087,0.03619676988619467,-0.0030878995433021466,True,False,-0.9502759242200592,-0.0017120517974805686,0.7133192512566825,0.002177491151417641,True,False
47.0332863,0.04434786431110029,-0.0013544136495770801,-0.7279516915060744,-0.006375055863030792,True,False,-0.207930893526354,0.000890208247907655,0.5022603190509638,-0.0018191576482502374,True,False,-1.4999647716290576,-0.004647529770556551,1.2607458058789467,0.005661423018178711,True,False
47.0666196,-0.19448268764443888,-0.001356832735879881,-0.49293450484085216,-0.004566825701782117,True,False,-0.2269115224015951,0.0006094797607424114,0.5148535530905299,-0.0003263653449729936,True,False,-1.6122459062304524,-0.004769534787040298,1.47805006295553,0.006040963555231977,True,False
47.0999529,-0.15940818260247178,0.00408590370575047,-0.20156403716663668,-0.011346327956077911,True,False,0.14610518163565417,0.0032753004361500766,0.07926143650545502,-0.00659683019345566,True,False,-1.2667302866908732,-0.00230820257693888,1.3339942392055666,0.003692645702999308,True,False
47.1332862,0.08177606607210794,0.004526850079408067,0.09111278759923275,-0.009016927539801453,True,False,0.7253962454310792,0.003917343809825199,-0.6125276187276079,-0.00534209903984044,True,False,-0.6056506666918684,-0.0023304902402883874,0.9143912316567987,0.006083617632283771,True,False
47.1666195,0.38913331808318474,0.0037998544987795564,0.3046430864456931,-0.004997811321382447,True,False,1.2252304208154394,0.007159204899875559,-1.2647684206689318,-0.011610804360712181,True,False,0.11906332178015507,0.0005083552938397913,0.39402479487206943,0.0017158617008662081,True,False
47.1999528,0.613343552894857,-0.0005190036741243333,0.35808046485137635,0.001045942557837747,True,False,1.3807731129125593,0.0063879295461970464,-1.5961582091292483,-0.009175449663185339,True,False,0.6398640609013826,0.0015026558129657684,-0.022861387348588665,0.003100977612559985,True,False
47.2332861,0.6332431762636166,-0.00015139785619522846,0.22406575031186526,0.0010189979070214016,True,False,1.061759675134403,0.006636572260925253,-1.4482104374942641,-0.010847728224245094,True,False,0.7753915998870604,0.0031577811203000877,-0.17791101547500088,-0.0011524076581813027,True,False
47.2666194,0.37915645616762067,0.004201776137851624,-0.032439019492024566,-0.006580145432495137,True,False,0.33310423698332764,0.003687785071102143,-0.8467075358049088,-0.009113178174364394,True,False,0.5025398876045694,0.0017045849543799604,-0.024858727406015583,0.00016885202057265617,True,False
47.2999527,-0.13752538804834233,0.004473778563212943,-0.27306956838493807,-0.008951104808682933,True,False,-0.5638262586175857,0.00046098118968800853,0.004817729552377006,-0.007106617739042623,True,False,-0.032343871627899645,0.0006710575726325027,0.34428304815899674,0.0012357044234997197,True,False
47.333286,-0.8017836863075665,-0.0035342046942782273,-0.3573427926239159,-0.003191721927040707,True,False,-1.3051868344505222,-0.0033541921323822278,0.8015264526223221,0.0002946397357967773,True,False,-0.5734528801522426,-0.002355066741996862,0.7341046112706638,0.005289061965053041,True,False
47.3666193,-1.4147290527344096,-0.0035855666675783894,-0.2192650248487277,-0.00592192751133486,True,False,-1.617771833562189,-0.004530483035197123,1.2607615067477864,0.0014864655192910988,True,False,-0.8663196885972145,-0.0031421474644194023,0.9332506457065607,0.003994856926932977,True,False
47.3999526,-1.7634130132427241,-0.004419422393845125,0.0955761829024243,-0.0035052314239755874,True,False,-1.395035049504969,-0.0037688587035799226,1.242627482785309,0.002200222465106566,True,False,-0.7725636728983541,-0.003950139197854792,0.8138213319630884,0.005507940770332983,True,False
47.4332859,-1.7068194877997989,-0.005455357181159408,0.44848448895295845,0.001953606290549004,True,False,-0.7442914156192102,-0.0014681707907808813,0.8096633310417062,-0.002776084059312656,True,False,-0.33482382285012086,-0.0007370971691735953,0.39282556284348646,0.000939221608081319,True,False
47.4666192,-1.235322114618691,-0.0023720497027111226,0.6712751021898125,0.0017866795696955902,True,False,0.05712232281315678,0.0009253312936774973,0.19467315350330863,-0.0032403601811574483,True,False,0.2416023016932416,0.0007886000376075416,-0.17370658355288118,0.0003686162169080896,True,False
47.4999525,-0.4802582811060139,-0.0020080031810495854,0.6455641608544755,0.0017872606036626391,True,False,0.6788236721194569,0.0050787450840878556,-0.3067763511259366,-0.00803133343331239,True,False,0.683953865481686,0.0024260908233123117,-0.6590512950335433,-6.945438200306488e-06,True,False
47.5332858,0.3277106827516485,-0.002242462908566184,0.36046112730817303,0.005182350208755439,True,False,0.8767939575472028,0.0038154274433386294,-0.4661545026621914,-0.005720571096910413,True,False,0.7794776223033634,0.004501292097256546,-0.8650408811344892,-0.00484247293523243,True,False
47.5666191,0.9390351794610312,0.002314947335784753,-0.07955925741162716,0.0007055208500206947,True,False,0.5934759249942071,0.0015765041720672255,-0.21471853095779417,-0.0026288262369291854,True,False,0.47430890675410564,0.002002295062134042,-0.7101502733692759,-0.0027978015165702314,True,False
47.5999524,1.1820583140741128,0.006688152695916562,-0.5033905444371874,-0.008254260418243155,True,False,-0.02424857299950989,-0.0003713931808346999,0.33631182567265816,-0.001367556850157202,True,False,-0.10413502564618246,-0.0019538182019014803,-0.26706882476726784,0.0011611616816364489,True,False
47.6332857,1.037855098483665,0.0015968496650931256,-0.7551696786556,-0.0008870800120008938,True,False,-0.6921351542425029,-0.0020581460517728562,0.9467646899050631,-0.0007505933634109945,True,False,-0.7100372953284957,-0.002544821737177825,0.2695973888781367,0.0006948176866617272,True,False
47.666619,0.6474614664435244,-0.0005477821268664343,-0.761285010650725,-0.0007187650531691481,True,False,-1.108133686207611,-0.004092112670878777,1.3427809551357208,0.0031091795976187896,True,False,-1.0904104277101097,-0.0031489825925310323,0.6691506428928876,0.0032372758703541524,True,False
47.6999523,0.23668277497175233,-0.0038049695161345423,-0.5452126539644924,0.004191052928445827,True,False,-1.0764786839535898,-0.005470284185164128,1.3227403859348559,0.0034181098991153858,True,False,-1.0875227906769689,-0.0013193602228862536,0.7613314303842948,0.001304757141013139,True,False
47.7332856,3.7639131971801004e-05,-0.0037484133688714537,-0.1956287660108747,0.005810895991878907,True,False,-0.5895028465604822,-0.0023996757559380027,0.8400813115447411,0.002589121959179537,True,False,-0.6922054535267932,-0.0012897058249032502,0.5023013691456706,0.001255774427449525,True,False
47.7666189,0.013947400860531542,0.000823821722839276,0.17617035458180746,-0.000813899068802067,True,False,0.16576656254084973,-0.0007262891020677254,0.031549285783864255,0.00018873693269230685,True,False,-0.03909384390777503,-0.0006188817481951616,-0.011466723143011772,0.0003862766820283351,True,False
47.7999522,0.22241311935601477,0.0017322954834117716,0.4638930589799191,0.0013003219702660057,True,False,0.8814028774109565,0.0017202012111136383,-0.8262888316648839,-0.004329262219095667,True,False,0.6454144892981171,0.0013246466578529243,-0.5826722145102645,-0.0016196862252160753,True,False
47.8332855,0.48304025543187706,-0.0016010900348784843,0.5866362007969542,0.008525220190909467,True,False,1.2545117047737364,0.005338675665453271,-1.421222670127606,-0.008014916967635205,True,False,1.1258385302708387,0.003814677285618653,-0.9924742671278318,-0.0042568910721132005,True,False
47.8666188,0.6310678528417984,-0.005592551973997966,0.5199383405092131,0.016993260548590294,True,False,1.1136411732967455,0.0019417819626309277,-1.5295056284375805,-0.00471729667903082,True,False,1.2479104789088418,0.005515866089067006,-1.0926182780361398,-0.006181381768915812,True,False
47.8999521,0.5376139822637307,0.0014299680935521502,0.32298852626456986,0.006013666915025905,True,False,0.49180801287233866,0.0019466389603213035,-1.106745583730361,-0.0052327683399637495,True,False,1.0026512176315965,0.0031684790467371017,-0.8717691329896587,-0.003229453225658564,True,False
47.9332854,0.1642501345238049,0.0022472800736790194,0.12039933534435278,-0.0009549818752297446,True,False,-0.38547571847460316,-0.0033691973786324947,-0.3077094960823672,0.00028333444728425347,True,False,0.5310994708231235,0.0016250542431674256,-0.46089949561120463,-0.0022601156083256824,True,False
47.9666187,-0.3986190948315515,-0.0004954703921226271,0.030481264644563202,0.00019187609404311453,True,False,-1.1913362742549936,-0.00423636753999735,0.5706782311079118,0.0025299899767105786,True,False,0.061482709941213465,-0.0005824721995276383,-0.0704998226325466,0.0010690727083523023,True,False
47.999952,-0.9492346338694334,-0.007811033399710954,0.09364914384811933,0.011004640953577106,True,False,-1.6285789843581766,-0.007426915734588201,1.1994888939723742,0.004757459711597095,True,False,-0.19325048015609034,-0.001012410266567554,0.1098985307338897,0.0003990268158973164,True,False
48.0332853,-1.2645563656941579,-0.008358585812098961,0.26029018977936635,0.010195175396157639,True,False,-1.546267556387068,-0.006187490132066386,1.3406810378840854,0.008037657376276685,True,False,-0.12863570620876089,-0.00010015745575257822,-0.0011491992161021829,-0.0008183725893565173,True,False
48.0666186,-1.2158801355598103,-0.007172496462320787,0.4370613345371344,0.010350721093949253,True,False,-0.9946604435963475,-0.002459759664795352,0.9385692792402947,0.0053670380837677265,True,False,0.20919640717952387,0.0010550153037224054,-0.34405165462726917,-0.002309565231641507,True,False
48.0999519,-0.83199534844522,-0.001960899698798472,0.5410015155126287,0.004541584933677045,True,False,-0.19824309257878772,-0.0021671674513941384,0.14406856181413427,0.0030592889973117313,True,False,0.6472251536313344,0.0017188967997422485,-0.7488710079400829,-0.0028301735913327827,True,False
48.1332852,-0.2713211322439768,0.0017012054695393704,0.5238806883415771,0.0029068172687499345,True,False,0.5387186856199722,0.0012012965502813167,-0.7422300940224873,-0.0008686778110495798,True,False,0.9604940274154403,0.0036010814142974634,-1.0091081253808623,-0.004518841161758294,True,False
48.1666185,0.2657632679200491,-0.0029883685141384223,0.37399226512887923,0.010897225186596894,True,False,0.9547589559719685,0.004655047696578246,-1.3892654116614847,-0.006801393760893514,True,False,0.9656998758696538,0.0019999794009560434,-0.9649967405841615,-0.0015216850297100355,True,False
48.1999518,0.6206050928790502,-0.0022633861116294895,0.1194516116444649,0.011555760096990407,True,False,0.9336515328134447,0.004059393974526421,-1.5671732884934269,-0.004892197698202977,True,False,0.5972419158286911,0.0026137598540374066,-0.566374326274274,-0.0036509147131686933,True,False
48.2332851,0.7190082910155211,0.0015836118570514012,-0.16806547740478883,0.0017119947283549802,True,False,0.5438865481453303,-0.0013465877889140801,-1.2319824176453686,0.0020585901683023216,True,False,-0.06230132373755505,0.0007997924906397307,0.10393053619974978,-0.0016957372518929831,True,False
48.2666184,0.5769083663482909,0.0010296484275373733,-0.391204393547116,0.0008606140815336308,True,False,-0.001834222632517278,-0.0002201946503056375,-0.5291649570208433,-0.0007015580551125741,True,False,-0.8098890795495538,-0.0028259135477908958,0.8552380610838146,0.0034942920607416495,True,False
48.2999517,0.2813180478255881,-0.0015929358545486952,-0.4682527753871544,0.004075451161242302,True,False,-0.4437498996983858,-0.0021712444061053235,0.27368885711089447,0.001848496343075312,True,False,-1.3999644776614997,-0.004949832446591149,1.458585391545472,0.0053823773663198,True,False
48.333285,-0.049209428137188684,-0.0034952946628225763,-0.3700997963598527,0.0048224234191537796,True,False,-0.5807395370839498,-0.0011760405203382692,0.8891443515742612,0.007054106037967022,True,False,-1.6414020637110918,-0.005526792631601425,1.7343723282667314,0.006622663559391494,True,False
48.3666183,-0.31197590819368415,-0.0022968660856162925,-0.13044548620610522,0.0044116095848419,True,False,-0.3434149664423934,-0.0011567777747097622,1.1123947709908255,0.00690689761976702,True,False,-1.4696463402367879,-0.0030492539137884998,1.616084277029268,0.003269906603675955,True,False
48.3999516,-0.4508674058132397,-0.0007877501437705992,0.16781648673574254,0.002806036610714477,True,False,0.18503280358108562,-0.0005837696149808229,0.8935798217718334,0.00524047811326364,True,False,-0.9634109304809947,-0.0019124730282172426,1.1613252358301613,0.00182750702192868,True,False
48.4332849,-0.4573700842773385,-0.002263593069542664,0.41840549351498735,0.006364122163235937,True,False,0.8026361515486955,0.002239076286281216,0.35416319266026164,0.004418004969111396,True,False,-0.30679215449862896,-0.0021936840912776725,0.5157753576930076,0.002277725227547719,True,False
48.4666182,-0.35332592571128213,-0.0009556448876038464,0.5243776135134708,0.004958703500887422,True,False,1.2663638650578108,0.0054719652327589316,-0.26070290156671655,0.0011347259495561937,True,False,0.27916072148065885,-0.00014044635363000927,-0.14131617799378585,0.0015324881340302802,True,False
48.4999515,-0.17552663883309522,-0.003155227269240976,0.432879856787742,0.007075465579514017,True,False,1.3874337893651019,0.004908047747880024,-0.6770741299115152,-0.0014009217773696288,True,False,0.6100453831779311,-0.00018832462918038465,-0.647226172824842,-0.0005292840521126849,True,False
48.5332848,0.030101649921984434,-0.0007418583470251603,0.1596212501060434,0.003410600822558473,True,False,1.1057709490725136,0.002515954454611037,-0.6997510561133337,0.0009107436102430822,True,False,0.5993737028908521,0.0016605113619968068,-0.8956486839373566,-0.002484709144266051,True,False
48.5666181,0.21199622495975778,-0.0008800708536533446,-0.21135920844338915,0.002715609400256784,True,False,0.5118912481457375,0.0017989128822518898,-0.2926656487847932,-0.001707959237129319,True,False,0.29193018989409636,0.0009097852271092308,-0.864204849506359,-0.002049939019521091,True,False
48.5999514,0.32357915659485187,0.0006426853596978222,-0.5575447406897616,-0.0012200526756304306,True,False,-0.1898928638213999,-0.0012247908970942263,0.3992904104758233,0.0030450682757412625,True,False,-0.14715087657984505,-0.001742481218712773,-0.6194364861499245,-0.0010982403084015223,True,False
48.6332847,0.3404555803514591,0.0007346543578030398,-0.7666467794930257,-0.001899295504770882,True,False,-0.7583317843472575,-0.001767325106664506,1.0999666261488432,0.004570220361980215,True,False,-0.4938759036974954,-0.0032406767549449543,-0.2896532552548516,0.0021532703371271423,True,False
48.666618,0.27323902667507194,0.0005319683225957443,-0.7815440760696738,-0.0029427857873350347,True,False,-1.0032579040787055,-0.002994579747913265,1.5115933018166388,0.008053012819880778,True,False,-0.5595089620430812,-0.003411974495670971,-0.01188643018041221,0.0008333037751068987,True,False
48.6999513,0.16443646148950752,-0.0015835203718509326,-0.6191178317340673,0.0015048342009276203,True,False,-0.8564003271948247,-0.005134338635103647,1.44521325884048,0.011600538560491577,True,False,-0.27694349792291445,-0.004152389732979396,0.12377460651305844,0.0028706266801929725,True,False
48.7332846,0.06870766651737666,-0.0015617439929925603,-0.3555705747176307,0.0017276730443174808,True,False,-0.40048892273000214,-0.0023871600851416634,0.91295129016179,0.005797930243323037,True,False,0.26305374090360895,-0.000721062966071659,0.1070777906346846,0.0015175050697089673,True,False
48.7666179,0.029472413904014682,0.0005765158905880492,-0.09140112629667943,-0.0009918659206276182,True,False,0.15980205932954974,-8.428708214925085e-05,0.12949726496701888,0.0009408729797771151,True,False,0.8466592476428138,0.0013178089477994686,0.004833271196971098,0.0020512431366443784,True,False
48.7999512,0.06614356360922401,0.0004962928274757658,0.08323517735432755,-0.00048019915617602215,True,False,0.581461089211424,0.00227596265774267,-0.5872599159520232,-0.00396874473396555,True,False,1.2291826316782906,0.0017317928854538932,-0.07467347707886042,0.001765341965713703,True,False
48.8332845,0.17282023173769195,-0.001124886536809568,0.11363412654579125,0.0021276233258681635,True,False,0.6886532796594147,0.0021462496198477498,-0.9677133095003522,-0.004261867137954947,True,False,1.2416009058428366,0.002314804023921877,-0.03515492370272237,-0.0002766981359264581,True,False
48.8666178,0.31985791762027166,-0.0003021980613529925,-0.0016726321228559056,0.0015605771040382056,True,False,0.4506141157723776,-0.00045297116277936213,-0.9136995215255228,-0.0014612417507483767,True,False,0.8624930045789252,8.961972738677367e-05,0.15887264297262663,0.002410054930121116,True,False
48.8999511,0.45673590588658747,-0.0009404657298374128,-0.20321203738692165,0.002242077714660101,True,False,-0.005844302342458458,-0.0007374380913597123,-0.5322997271373573,-0.0007986114852278023,True,False,0.2255702430628308,-0.001606832954964662,0.4612482882984244,0.0020608469807563722,True,False
48.9332844,0.52465942356174,0.00011620428092134535,-0.38511384512160923,0.00016667957285977303,True,False,-0.4544834075433967,-0.003961179595665381,-0.07116058527490297,0.002051779446209034,True,False,-0.436498236471028,-0.004125893144734242,0.7630478085136682,0.006331446773836032,True,False
48.9666177,0.48328206169783217,0.003461246039523429,-0.4384376763081901,-0.00632448392115623,True,False,-0.6716108673874914,-0.005755319071956968,0.2061424077788819,0.004315082347628118,True,False,-0.8845660380068867,-0.004095668975924785,0.9411737882374969,0.004347510141616323,True,False
48.999951,0.33903664803501404,-0.00026269459393713505,-0.30769853487469767,-0.0007111545483850815,True,False,-0.5369619066137142,-0.0032163161336652354,0.14415021889413326,0.001694746834308861,True,False,-0.9631267296011466,-0.0035200321633022395,0.9101617018713575,0.002441422832737946,True,False
49.0332843,0.1507117655782714,-0.0008188958372031335,-0.02605617669968532,0.0001895656194431007,True,False,-0.08948477726318164,-0.0037930200879663437,-0.23595283707240136,0.0009679510248957289,True,False,-0.6566687845542993,-0.005309379138736302,0.6540866077371172,0.005036807320479322,True,False
49.0666176,-0.0005902757259760413,-0.001710916558202368,0.297406055990641,0.0023605846816341005,True,False,0.4858168213706323,-0.0015174745587780078,-0.7504218037310593,-0.0013958778794672258,True,False,-0.09629238286969181,-0.002470832407517639,0.23134427854641626,0.003120110395577373,True,False
49.0999509,-0.06125207566905476,-0.004224761077688184,0.5324843785722307,0.007662851963454704,True,False,0.9344689402820519,0.001333588927548381,-1.1397770570715124,-0.00371461144947624,True,False,0.4866896781253975,-0.0013334084171459507,-0.24617633596186506,0.0008017276204200102,True,False
49.1332842,-0.04020130461254707,-6.94776568791365e-06,0.5907918293750991,0.0005334751692729097,True,False,1.0414867768129128,0.0012910536666449796,-1.1891382596685562,-0.004947690873244003,True,False,0.8497624047446188,0.0014312177211297805,-0.6556867559866937,-0.0012946216792022235,True,False
49.1666175,-0.0033142559904976573,-0.00017626064874427583,0.4613063535051053,0.0013431816794180988,True,False,0.7267289479633106,-0.0003021007117245732,-0.8297578303980767,-0.0023905941506030966,True,False,0.840679440723368,0.0016868226539969138,-0.9137901498447313,-0.0026117070496370744,True,False
49.1999508,-0.03089629177436298,-0.0009079951955505421,0.20652899628069477,0.0023689352772031597,True,False,0.08407622135074917,-0.0029102233482104257,-0.1762210599597396,0.00012530628948762237,True,False,0.4665755997857356,0.0006394923479109676,-1.008189512295023,-0.002360327973032107,True,False
49.2332841,-0.1686736994247754,-0.00038306015777752017,-0.06723025304613044,-0.00036399891401983853,True,False,-0.6531450285670114,-0.005041338468570653,0.5187991423664096,0.004183072429607304,True,False,-0.10679487630719182,-0.003127674703179784,-0.989392315340876,0.0011170654370102734,True,False
49.2666174,-0.4038159913788741,-0.004409954872405436,-0.24674316119841622,0.003327933869136748,True,False,-1.204983675862735,-0.007132177628605738,0.9727987005015264,0.005770705972747414,True,False,-0.6306577379973525,-0.003988653885345691,-0.9264538270005417,6.163618370516415e-05,True,False
49.2999507,-0.6756123845394053,-0.0028692331565198155,-0.2470785879642742,-0.0015385718665186774,True,False,-1.3574316402123132,-0.007575946451853415,0.9965012740690841,0.006824881546112859,True,False,-0.8881922453745303,-0.004419103320056374,-0.8579180942384994,-0.0022685051722503196,True,False
49.333284,-0.9067635341390254,-0.004825748165177111,-0.0420361374660577,0.0020404247890450544,True,False,-1.050258281465544,-0.00732264315507526,0.5770064584366079,0.003924572917025287,True,False,-0.7924441589961321,-0.0042147090578655245,-0.7716366514309817,-0.0009890872122507953,True,False
49.3666173,-1.0329205910417103,-0.002847169804854258,0.31706356726604934,0.0008362636039906185,True,False,-0.40465933732627335,-0.00523960587040785,-0.11595363502575072,0.001967934668938559,True,False,-0.4214541262219543,-0.002697655635940907,-0.6225254481931286,-0.00022073838930517596,True,False
49.3999506,-1.0176229068747435,-0.0032336611672206033,0.7058932863394137,0.0034077483424273347,True,False,0.3237442391719604,-0.0009350311575976335,-0.8036128722022846,-0.0034267462703991293,True,False,0.024309871698020166,-0.0010913025203458644,-0.37265958590468373,-0.000901974172356244,True,False
49.4332839,-0.8549524407373501,-0.0044250988778595296,0.9628147304730268,0.006782292729632646,True,False,0.8508650051829771,0.0026806569847333877,-1.2178818460318215,-0.006616281467461486,True,False,0.3227504128428544,0.002806276545155828,-0.03050637875406585,-0.0019449622157057863,True,False
49.4666172,-0.5678584646070709,-0.002389912905017792,0.9496068948249596,0.004871280883180882,True,False,0.9831948074216824,0.0001980838603541328,-1.21008004986483,-0.00010953669699595177,True,False,0.34118653270962235,0.002473460726048323,0.3335945179681808,-5.763727986407812e-05,True,False
49.4999505,-0.2043030890335125,-0.0021737283799625733,0.6147362530951657,0.006795239921396308,True,False,0.693868849860598,0.0001806824567001973,-0.7981792435295105,-0.0012172396392166264,True,False,0.09914589544216067,-0.0017776900160037443,0.6129496324331246,0.005106966643678434,True,False
49.5332838,0.17246330766388224,-0.0018644108303660387,0.028920705407469046,0.0052329600304881155,True,False,0.12260565226569332,-0.0027604111986326446,-0.13935554218925367,0.0026415886181972215,True,False,-0.25192333784412385,-0.0025112187851751636,0.7245382742586461,0.005673261472185754,True,False
49.5666171,0.5012080238759067,0.0030988607556845255,-0.6303995066174909,-0.005019495826663319,True,False,-0.49244714664856043,-0.0055505970405520045,0.545190913282432,0.006005762983921978,True,False,-0.5152735156479216,-0.0029897662449826844,0.6633083935336366,0.002279195904291031,True,False
49.5999504,0.7413990087183,0.0005996686529800974,-1.1459449320602355,-0.0036185793587401502,True,False,-0.9122229528298855,-0.0022016468352906303,1.0512371911351506,0.0029266308303732055,True,False,-0.5457862102325586,-0.00014420498562309152,0.5049545223278475,-0.002387581843897066,True,False
49.6332837,0.8807900634756624,-0.00034129032086451064,-1.3482489290665631,-0.0022741474753892204,True,False,-0.9811732602745975,-0.0020831197375903794,1.2482782573320759,0.0024223105802987743,True,False,-0.30674630808555114,0.0006300648051287302,0.3526148438127435,-0.00138720840209152,True,False
49.666617,0.9261123503441293,0.0022748233697134123,-1.180418798782057,-0.005162288307392363,True,False,-0.6758350353589087,-0.004231280798812912,1.106290424882894,0.007856804573193252,True,False,0.1271296045509622,0.0011505076735048637,0.2725831156287129,0.001222214654990126,True,False
49.6999503,0.8870953102642316,0.0014333844076033664,-0.7132339923011042,0.00036784034163796073,True,False,-0.11380163717468515,-0.003751624207387586,0.7010118244282613,0.006186113001430889,True,False,0.6041716852724267,0.0013085501537790907,0.26895367545006554,0.0010332513413034226,True,False
49.7332836,0.7680567912773452,0.0018564649177334638,-0.11045233572495644,0.0020875414457385637,True,False,0.4802175047921106,0.0026171228916653426,0.19696900763268435,0.0009083643755980131,True,False,0.9479118963132445,0.0018416928950773855,0.306012434961217,0.003204246889698504,True,False
49.7666169,0.570190986206602,0.0007717115418208395,0.43697919590611084,0.00442589657678573,True,False,0.8539412748641169,0.0038653365554929126,-0.2019909252027662,0.0007490295892291951,True,False,1.0164207817772646,0.006225410762607918,0.34710440899007855,-0.0013953887165482164,True,False
49.7999502,0.2996312943895769,-0.0002952665699141489,0.7792167409746705,0.004540523110030808,True,False,0.8316104872259594,0.004972182622804284,-0.3287428912049828,-0.0023032862688440194,True,False,0.7573819360326582,0.004218315968862807,0.3753690928019597,-0.001354531476609429,True,False
49.8332835,-0.02294880741628475,0.0015030245454279601,0.8521692679055096,0.0040913527226106175,True,False,0.3945188913878074,0.003698336328541873,-0.12410620659021813,-0.001481765477128246,True,False,0.23593819788994294,0.001417669112201174,0.3885996754692589,0.0007514488662089555,True,False
49.8666168,-0.35561444922440555,-0.00022481751853750854,0.6871851099666447,0.0035979357911067617,True,False,-0.30613499769408875,-0.0022446748765269945,0.3334242981399656,0.004364422439000305,True,False,-0.3850632453790349,0.00037479056686435267,0.38450790816384467,-0.0004502997475699893,True,False
49.8999501,-0.6391385636707907,-0.0029091541455127275,0.38992402421298583,0.005216203696876827,True,False,-1.0116742907270015,-0.0009443035665447247,0.8562462008971415,0.0009530452319136338,True,False,-0.9066568230856584,-0.0008163050783928759,0.3524896293959024,-0.0010941043884120053,True,False
49.9332834,-0.8157251539685908,-0.0014926427189540284,0.0988851240903891,-0.0005275688223698588,True,False,-1.4607312811445379,-0.001974303046674925,1.2220611595301891,0.005383933174665181,True,False,-1.1667106038548758,-0.0011215648376677475,0.2756245978530515,-0.000197538460821252,True,False
49.9666167,-0.8534640352712911,-0.002148238291366211,-0.06497776421806845,7.072650912943868e-05,True,False,-1.4882214915338894,-0.0018859670985223135,1.262911216525027,0.005107820237616872,True,False,-1.092698345065875,0.0007650087861271512,0.14024091574431616,-0.0014973841657329745,True,False
49.99995,-0.7603467549568037,-0.002401621447802186,-0.042623231137631404,0.0024062850046217233,True,False,-1.0832704302263565,-0.0013031831001530253,0.9348123446335024,0.0030674923907488614,True,False,-0.7193975725949885,0.0010969449035926773,-0.05128614840216109,-0.0029781364985811375,True,False
50.0332833,-0.5784532122283342,0.00046503993725908706,0.1408637728352163,-0.00041300113840464286,True,False,-0.39059381332281967,0.0004385066571139658,0.3403503879510559,0.0018541069624924988,True,False,-0.17407012634500066,0.00028216222149215006,-0.27037033129314214,-3.9478504025789825e-05,True,False
50.0666166,-0.36153301022915013,0.000692118630428199,0.3841926172278801,0.001402791658620437,True,False,0.3455719154426283,0.005164654005232387,-0.3085599974884136,-0.0017154253272852115,True,False,0.3621316555599902,0.003019729212807286,-0.46162753700958786,-0.003648079004931962,True,False
50.0999499,-0.1500024002877937,-0.00023719507653192375,0.5457540965015587,0.0023513281707886677,True,False,0.878804855350224,0.007267391357504822,-0.7776188626178112,-0.005040856979061861,True,False,0.7105369914244897,0.0053983291338032344,-0.5584527916406726,-0.004222596761649393,True,False
50.1332832,0.04100753100600627,0.0006476812974695817,0.4986613016525827,0.0025828426505504036,True,False,1.0615287021880406,0.008439553016684583,-0.9130534671993216,-0.009378198414232672,True,False,0.7587368367189852,0.005721502646987098,-0.5134678706046575,-0.004267108745751042,True,False
50.1666165,0.21597600339770354,0.0031793883912271032,0.18838189613296463,8.199170887919755e-05,True,False,0.9029454515588126,0.004392291237541822,-0.7122145557555887,-0.001942754454714434,True,False,0.5074663450117581,0.004020842528516546,-0.32826035051278996,-0.002909646017835861,True,False
50.1999498,0.38226146762103125,0.0014192240690568574,-0.32957907736035985,0.00012905770904906167,True,False,0.556071998035318,0.00432992414983356,-0.3226348995870683,-0.002634632608163784,True,False,0.07398019325164627,0.0020762892825052725,-0.06265143482239495,-0.0020058561919369705,True,False
50.2332831,0.5312171633564459,-0.0004197679187465188,-0.8918133603928228,5.208265160561892e-05,True,False,0.2442595104961591,0.004385993472300355,0.031032361273239863,0.002286846113954276,True,False,-0.35386457832886015,0.0016288416813017765,0.18372558133250239,-0.0016646126635189034,True,False
50.2666164,0.6284611037525253,0.004934845811658643,-1.2781341855643709,-0.011193024821870158,True,False,0.16523691514986102,0.0033110239396434843,0.15017589726968403,-0.003865917486874243,True,False,-0.5919429715712158,0.0006873997665477272,0.30898143906834064,-0.0007378840424039393,True,False
50.2999497,0.6257939714404996,0.0009258817168880833,-1.301047432624781,-0.0037962600526950403,True,False,0.41142635072049016,0.005554470220775587,-0.05689287004965864,-0.002815871054701647,True,False,-0.5306064130488662,0.001205255747399648,0.24968478993485058,-0.0010615817150652104,True,False
50.333283,0.49426871125129224,0.00447957448355758,-0.8975489062200106,-0.007548607320489894,True,False,0.9299776043682129,0.006074459977034946,-0.543663193451826,-0.005488189193288584,True,False,-0.17620680451939677,0.0019178374586094867,0.009150524820094473,-0.0019305703814836647,True,False
50.3666163,0.258495612436633,0.003288354809184721,-0.17698902197285038,-0.004126003981197282,True,False,1.531518304446839,0.002496614528185738,-1.1417496467691493,-0.0014008534501816848,True,False,0.34880040903207876,0.002220922497329763,-0.3372679817677521,-0.0024755537117067323,True,False
50.3999496,0.0050036906463331475,0.0025153300579111105,0.6052104894572277,-0.0010853239998434188,True,False,1.949710688968018,0.008383573940258286,-1.6149611503996444,-0.007180789379147417,True,False,0.8469316650829861,0.0033871457509688134,-0.6627851498646774,-0.0020957965190904516,True,False
50.4332829,-0.15157941068989342,-0.0027930061960030807,1.1470886492913628,0.009685145499062298,True,False,1.9453566336109105,0.013079602345698606,-1.7443366856020772,-0.012248338119842297,True,False,1.117659968155249,0.005135239153721824,-0.8314561706335447,-0.0041562753216381285,True,False
50.4666162,-0.13212464914317096,-0.001465589629419285,1.234275960114107,0.006894659326870386,True,False,1.4221599156628133,0.007310843538921959,-1.4238011570779483,-0.008244096514510777,True,False,1.0391393790592782,0.005844638486552263,-0.7516282981894429,-0.003889487994867057,True,False
50.4999495,0.05621474188392476,0.0022632484510258337,0.8401259445506317,0.0006192972865785812,True,False,0.4922075417201156,0.003113640888350512,-0.7217560425775784,-0.005444914333249864,True,False,0.6274260288202674,0.0029270808411379244,-0.4223669379453116,-0.0022350169295358583,True,False
50.5332828,0.32176771864216513,0.004202592166439544,0.13424865009884787,-0.004329434374033679,True,False,-0.5564292990666869,-0.002157605565350924,0.13296170172548605,-0.000266734443074315,True,False,0.04189020834173628,0.0010162283454931934,0.04940057621484859,-0.001175704874913082,True,False
50.5666161,0.5405213528869143,0.0015322477301949818,-0.601941919938373,-0.0033839283333473584,True,False,-1.3787502176554742,-0.002420189459346396,0.8421076074453016,0.001134993420967852,True,False,-0.47256772047675977,0.0005962269462949686,0.4754966761794078,-0.0006916753347346326,True,False
50.5999494,0.6196163886616078,0.002288893962663958,-1.1012971743023898,-0.006868268620672814,True,False,-1.718052171063031,-0.006744595417476586,1.1645181084734184,0.005044631860059312,True,False,-0.6856037225577561,-0.0023351771247256624,0.6545265224435276,0.0027733166405448403,True,False
50.6332827,0.5356251278758996,0.004615620315499134,-1.2173345408411824,-0.011983230434122649,True,False,-1.5108320534616508,-0.0029200273534658646,1.0204519287332265,0.0009134877208738768,True,False,-0.4837625169500198,-0.0015468858337252774,0.460651228188584,0.002161163600204008,True,False
50.666616,0.33467879044868665,-0.0003355591923876412,-0.969091167792244,-0.0032566597305807524,True,False,-0.9098417990666599,-0.003988020037639517,0.5284178727705631,0.0024630334840899694,True,False,0.06838772838441091,-0.0013499432458123357,-0.08349101149735297,0.002325349228091826,True,False
50.6999493,0.09897087755062844,0.0013255176264454337,-0.5090517739178937,-0.003034991034736501,True,False,-0.21863223368335125,-0.0012646470531862376,-0.04182585807890723,0.000524635166637498,True,False,0.7407914718313109,0.001101992201108566,-0.7906812233566228,-0.00014502510654393293,True,False
50.7332826,-0.10258529460520563,-0.00151463948393638,-0.03312551970546934,0.002027974455824573,True,False,0.23648171435311377,0.001721224454377424,-0.3845430839422596,-0.004731471044833175,True,False,1.2289029326795002,0.005312322797014014,-1.3717905012622005,-0.006156216341629314,True,False
50.7666159,-0.25144456986211794,-0.00010329954295797993,0.3166210493357908,-0.0014303274996718433,True,False,0.24721407898150433,0.0022553880157194658,-0.29875457380558573,-0.005062343721420156,True,False,1.2883228920607475,0.004784488765271507,-1.5581244449447464,-0.005552888677131024,True,False
50.7999492,-0.3813142510119296,-0.0004041818862025161,0.5042626202145374,0.0011289957590448238,True,False,-0.18352529834081857,-0.0006255720752621658,0.20797778571922587,-0.002187367015406381,True,False,0.8478203702145479,0.0013055457368675632,-1.2240623355104119,-0.002064793807374194,True,False
50.8332825,-0.5435468044736917,0.0007433029791259263,0.586967749731219,-0.0018944859150838592,True,False,-0.842864618987347,-0.00648591254711416,0.9105969516873088,0.0063663611905045185,True,False,0.0417923317752828,-0.0024980251275989306,-0.4453280445518937,0.001256744700835549,True,False
50.8666158,-0.75889358502277,-0.0002895738264348891,0.6551133006986353,-0.0011298447783926714,True,False,-1.4063992782021915,-0.0068789718666272415,1.4657729986855055,0.00707335525778458,True,False,-0.8506102226717823,-0.003478421502982488,0.5329124996992217,0.0030366288898183887,True,False
50.8999491,-0.9890624576177199,-0.002893047506537086,0.7659964346970288,0.0018752521132634201,True,False,-1.5850868585700466,-0.0071745016913948145,1.5707385979355442,0.006440067406615624,True,False,-1.5224347842714254,-0.004561543468479814,1.3952655526670386,0.005411950293986221,True,False
50.9332824,-1.1492425279948695,-0.002305548016042383,0.9085769969468688,0.00038631002980303505,True,False,-1.2507671728792922,-0.005896992037125574,1.1024983219292206,0.004589143608898123,True,False,-1.7576752687399853,-0.005966168860702599,1.8771198826319286,0.00748781211823215,True,False
50.9666157,-1.155118885929885,-0.0042657079466778495,1.0144433490438134,0.004617982713193526,True,False,-0.4895879115235216,-0.005062708940763503,0.17710963387536405,0.002673637668648624,True,False,-1.5103841523775534,-0.006870039716671212,1.863809864430683,0.009362249707350124,True,False
50.999949,-0.9753876141952225,-0.003356935594475216,1.0034257988459296,0.004955152726657808,True,False,0.4320400356628248,-0.0015306874245163147,-0.8895913332850547,-0.0006692999840442678,True,False,-0.9202795149351971,-0.004247159678259486,1.4329975729935986,0.0066648300277074015,True,False
51.0332823,-0.6573473870577968,-0.00034203791479022784,0.8344896973864322,0.0011479113289130768,True,False,1.174034062136037,0.0009206276212817242,-1.7032819357240945,-0.004473085827296085,True,False,-0.2560168346176203,-0.00382684177711549,0.8189359722942141,0.0070408736488992065,True,False
51.0666156,-0.3088017683507548,-0.0023025055940198843,0.5315240239561202,0.003799873046159717,True,False,1.4627557230785766,0.0053550673160788695,-1.9518937183320497,-0.01127628147546827,True,False,0.2001315344066977,0.0023663482673713858,0.3040731153447683,-0.0020125920688773002,True,False
51.0999489,-0.04427148462006152,0.002216742392430635,0.16999975438111198,-0.0026369140362430153,True,False,1.2078117203503496,0.0006137907902634547,-1.5419125086943224,-0.0032632516056148135,True,False,0.28187808864136177,0.0004837863596834842,0.0813951694885757,0.0008437787964247722,True,False
51.1332822,0.07653362615268913,0.00240571318260198,-0.16583161107971628,-0.0046357530640065035,True,False,0.5409175490510795,-0.0005917955834498235,-0.6445363273742892,-0.001664778037218484,True,False,0.018980974108481805,-0.0010311303822489186,0.15849975709291075,0.0020499697629691683,True,False
51.1666155,0.0826169180658646,0.0006276328648426242,-0.42698041138123427,-0.0031341961308930365,True,False,-0.24416056819931248,-0.004969482653704112,0.37705399622964564,0.005926305035190528,True,False,-0.37976920361670724,-0.004395297363994614,0.3610360652090526,0.005003510638977021,True,False
51.1999488,0.07339972127141234,-0.0031093520874747164,-0.6148937556086698,0.002040820010673552,True,False,-0.8219262691362414,-0.005821117057573589,1.126865317707954,0.007272586181874899,True,False,-0.6354983026923946,-0.004285074562037204,0.43584692550106685,0.005074036457329233,True,False
51.2332821,0.1566350428355251,0.00019627967310435645,-0.7605951511558371,-0.0036113998391742426,True,False,-0.9739849954595959,-0.006135794224196157,1.3458172565806668,0.008203694642390867,True,False,-0.5422850092550204,-0.0036822888990758677,0.19497866779426606,0.0033959228013870535,True,False
51.2666154,0.3840631174684654,0.001683584371837109,-0.8907848293783585,-0.004420005678253861,True,False,-0.675146930594019,-0.0050363162659511785,1.0148726941978208,0.007694529256704959,True,False,-0.07161285658513268,-0.0025889266105221277,-0.37641529011301195,0.0026389702380885177,True,False
51.2999487,0.7247743943324794,0.0017144125414517931,-1.0083370619229208,-0.0029597828736600924,True,False,-0.09282708126624263,-0.0019882739450040924,0.34829985195101015,0.00151369298505917,True,False,0.6092699335711308,0.00029295688794905796,-1.1001485192272824,-0.0023732836017002473,True,False
51.333282,1.0842340503306285,0.002848766463058167,-1.0944187094956015,-0.0036446078026896207,True,False,0.49566917403695,0.0020169078634875636,-0.31566407410507025,-0.003338492917052109,True,False,1.2107174022857616,0.0016326747382701147,-1.6804590450557673,-0.0016484157189362734,True,False
51.3666153,1.3501850493517358,0.005815365781974318,-1.123573062267917,-0.007603476001068103,True,False,0.8276869915485033,0.0017211330790739918,-0.6711845716429083,-0.001351530435136113,True,False,1.4524787319086472,0.005907156545201651,-1.840078107461604,-0.008215197107101828,True,False
51.3999486,1.439490366753126,0.0021174082808984606,-1.079553695576073,-0.0018521526365801566,True,False,0.7633331818396957,0.001079799466247212,-0.5708575499090641,-0.0006164991135501339,True,False,1.1942235406472403,0.0031596442779381144,-1.454315496175025,-0.004768869244470016,True,False
51.4332819,1.325165189864672,0.00337440432094698,-0.9609042418854423,-0.002446428526989996,True,False,0.33100335990267327,-0.0017613585140224613,-0.06661199199587066,0.004201098634665195,True,False,0.5018991747139578,-0.00010845537017212497,-0.6165497686724913,-9.140940219884911e-05,True,False
51.4666152,1.036975378671639,0.0031637147085829707,-0.7739132333800843,-0.0024167412588343034,True,False,-0.29920593670545736,-0.004183765449413476,0.6367327462955743,0.007269433125085522,True,False,-0.3823040048969962,-0.00349155583696232,0.4004225049139053,0.005296657044459488,True,False
51.4999485,0.643641036740511,0.0007979266112494979,-0.5228196773320198,0.0007144311324405493,True,False,-0.8884080602916421,1.7832983282146082e-05,1.2741956951661424,0.0014894340548834595,True,False,-1.1459336428780451,-0.002661410442844498,1.2640608925981585,0.0032089962606908656,True,False
51.5332818,0.22854870338566247,0.0008292248616371842,-0.20914671702836368,-0.00037704227639490166,True,False,-1.212779083269399,-0.004398850234651044,1.6127270627735428,0.007117125712488272,True,False,-1.5311724208834827,-0.004610846963917225,1.7156728211398933,0.005903807443604439,True,False
51.5666151,-0.1322901007333584,-0.00021553673669921414,0.15677138587072478,0.0006841603993075243,True,False,-1.136296723241295,-0.005474032987735263,1.5194341917795549,0.007999598054004941,True,False,-1.4244532437575061,-0.0038471523815033497,1.6557238743671965,0.004231643470088173,True,False
51.5999484,-0.38454703776193655,-0.0012644038196122352,0.5396599824307031,0.0033759990139692487,True,False,-0.6600052997298554,-0.00039855375501534327,1.0012641227679675,0.001720437804123402,True,False,-0.8836053647529403,0.0002798206340725148,1.1564102154832283,3.4749798395734176e-09,True,False
51.6332817,-0.5008346399115616,-0.00032754323403572354,0.8723374409507633,0.0033316104743475916,True,False,0.06772879481661247,-0.004066369497913868,0.20978092333950177,0.008026677054903814,True,False,-0.10335709289150523,-0.0015947227362682263,0.41303115115993155,0.002177408152470364,True,False
51.666615,-0.4805006857833273,0.0006910946320233377,1.0691190017708927,0.0028698133915896658,True,False,0.7933923023922973,0.0027080588288794856,-0.5991072798478769,-0.0016418627001244383,True,False,0.6603531823966469,0.0032185275477477067,-0.3354914098680484,-0.0033916485794321335,True,False
51.6999483,-0.35056734594588995,-0.0027310589351565748,1.0608319120616334,0.00909477859024089,True,False,1.2495734321812995,0.005335404913158731,-1.1518124232629277,-0.0048143835312194705,True,False,1.1792974163378,0.003982723582097961,-0.8860772716556807,-0.003583353005077645,True,False
51.7332816,-0.16982486344736886,-0.0027501488763287036,0.8382267974394945,0.007364464975824775,True,False,1.2664110204592978,0.005253423239977016,-1.2682536152936785,-0.005501082733217395,True,False,1.3278686300329678,0.005786400933472008,-1.128762677968392,-0.006893257104295327,True,False
51.7666149,-0.024222608287259875,0.0004677777731471874,0.4757505647473554,0.0028576218629759367,True,False,0.852639827847676,0.003992907301286658,-0.9482909431473192,-0.0056911432615486274,True,False,1.1191660478529073,0.003549539062985917,-1.0666926815039652,-0.0044247304954271515,True,False
51.7999482,0.0018330485614761864,0.004442971692919259,0.11042185667923458,-0.004831449498410194,True,False,0.19994042072979165,-0.0011741236844793601,-0.3812746807663291,0.002223443747299423,True,False,0.6878721409276638,0.001615178980360511,-0.7935691075545912,-0.0019604998629827934,True,False
51.8332815,-0.13108843052412303,0.0007020137526912875,-0.11720910496078306,-0.000900574548152933,True,False,-0.39772169984785966,-0.0021668035713685936,0.13635129817578087,0.0030613635130156843,True,False,0.22884972806289702,0.002197807039741452,-0.44238978385794997,-0.004840926721707004,True,False
51.8666148,-0.3952067889107795,-0.003430293651682447,-0.1201979178018083,0.0035349863191857954,True,False,-0.6716786463052586,-0.0033373583006161,0.3370323104825523,0.0037263529845021357,True,False,-0.07881645864702538,0.0014654147404526531,-0.1341028030813045,-0.0029349489726364923,True,False
51.8999481,-0.7162997833113987,-0.0027354602274126745,0.11244080888722846,0.0017402970943878513,True,False,-0.4924352722212243,-0.0021125252409796894,0.10296769589326032,0.0020765635873876394,True,False,-0.13227637895721567,0.002443136739585228,0.05281666354756374,-0.0058957314716391665,True,False
51.9332814,-1.0163786069466347,-0.0023380349148228417,0.5243786986403689,0.001870812137307088,True,False,0.07919014084925051,-0.00040946376785439887,-0.4848045874280233,-0.0007746696863134662,True,False,0.06463954704823074,0.0009891187089067393,0.09301725033479401,-0.0020750053657779145,True,False
51.9666147,-1.2405660979670519,0.001033937850527157,1.009796828606806,-0.001439272508596099,True,False,0.820679760237792,0.0014361579823568287,-1.1860947046396644,-0.0024951219184593866,True,False,0.4032115854860995,0.0018709562010493922,0.01693530948804392,-0.0020933468005715546,True,False
51.999948,-1.357624776333478,-0.0035848106669621933,1.4343884225684103,0.006850935066678212,True,False,1.4402233569707446,0.0052111471148351025,-1.7073254792320582,-0.0072101740115278964,True,False,0.7043608958959007,0.002437421313988306,-0.09364677826630662,-0.0012409544510878035,True,False
52.0332813,-1.3537557633697652,-0.0030170250102429306,1.66924688702978,0.005887367199967968,True,False,1.6935903758096729,0.004149884495771929,-1.8258387217757461,-0.0054397622055498114,True,False,0.7841134608842495,0.005180343964206686,-0.13057713015915667,-0.006171517301128367,True,False
52.0666146,-1.2350346573846274,-0.006232125696450169,1.6354606009498858,0.01120800922510413,True,False,1.4777806073290305,0.0033298318103218527,-1.4797562332731364,-0.003655377331735072,True,False,0.5337676983314894,0.005048026162505478,-0.010490896555053829,-0.006017993109756517,True,False
52.0999479,-1.0282907264308148,0.001074859241494365,1.334215295529651,-0.00023840829472470616,True,False,0.8654674982880933,-0.00010081109399759924,-0.7874320706934019,0.00013985136858039784,True,False,-0.02034310037989207,0.001018335805574389,0.2708218153293077,-0.003219560495636313,True,False
52.1332812,-0.7642350688453663,0.0007363437903774479,0.838204029553885,-0.0006379036808349936,True,False,0.07200090347099265,-0.00094691876766811,0.006268004906766765,0.0011066454278130917,True,False,-0.7126276628006082,0.00023587032186324735,0.6196366852812318,-0.002599946652655693,True,False
52.1666145,-0.4516060467947855,0.0006451566251345535,0.25082767124927946,-0.0015374565436976975,True,False,-0.6264195766933836,-0.0035092430402884787,0.6296704367795669,0.005241200275567982,True,False,-1.2972273477129181,-0.0019097557124522725,0.8800628392235098,0.0003593208946563746,True,False
52.1999478,-0.07132768148121067,-0.0010073691826135655,-0.33481750667694304,-0.0014075327884999146,True,False,-0.9921849518836605,-0.00633041236144638,0.8897023754630721,0.007564924478917948,True,False,-1.5445202905050237,-0.0029059726085721876,0.9062316907590566,-0.0004904868125585058,True,False
52.2332811,0.3969239694932797,0.0013238304680335154,-0.854254816540956,-0.005398185977575389,True,False,-0.9110811575471172,-0.004227417435655279,0.7437564776255067,0.003501243819879845,True,False,-1.3341742641404424,-0.001074675521833016,0.6313099225558653,-0.0037732096136243558,True,False
52.2666144,0.9373185922737881,0.0034934092157166002,-1.2710470615927174,-0.007954744342603372,True,False,-0.4348260837084348,-0.004769652793290597,0.3109666172587469,0.0047693753550824185,True,False,-0.7090597783898278,-0.0006113731876897895,0.10095491350425957,-0.0036362776345255305,True,False
52.2999477,1.4814320827288896,0.005896748100993048,-1.5714743775525126,-0.01006287029455602,True,False,0.2341577643637797,-0.0015386660322628232,-0.17968546066602592,-0.0006406186513649466,True,False,0.12918380533836965,0.0003301634772956863,-0.5371165944764247,-0.004027410951973159,True,False
52.333281,1.9244931844897966,0.006344466913711428,-1.7596564244176667,-0.009337719736687386,True,False,0.8122010903302105,-0.0011089739432173858,-0.4802635341497945,0.002627803688075726,True,False,0.884106481478564,0.0028505345598095356,-1.0786199976487199,-0.005159273304182484,True,False
52.3666143,2.1624438370010526,0.005807831349808848,-1.850596720470291,-0.008814451770412712,True,False,1.0364036425973635,0.000760597995318482,-0.41721319416644076,0.002304175456890004,True,False,1.2725194385506142,0.007370603892915507,-1.3314823907410287,-0.010120156201188892,True,False
52.3999476,2.131194823921816,0.007735086850359777,-1.8614538877285587,-0.013195728356540107,True,False,0.765378489333231,0.0018933001711014567,0.0435104656774704,0.0003985200269176366,True,False,1.1407641121307321,0.005283841069989585,-1.1903398207712605,-0.0071425538022878935,True,False
52.4332809,1.8341769516271154,0.007603357505197781,-1.804508168737099,-0.01109361416412339,True,False,0.04025896559410953,-0.0027765472184695843,0.77803819553228,0.004912687179179448,True,False,0.5363396998820698,0.002793908033473799,-0.6858953953918612,-0.0055692371629781304,True,False
52.4666142,1.3471060505461003,0.003755984714567489,-1.6815346772047297,-0.006908507862080416,True,False,-0.9234889797128285,-0.0060643430953259666,1.542005041236735,0.009492484769862886,True,False,-0.3062304461491385,-0.0010302479247489785,0.019874441836031067,-0.0026477071536166567,True,False
52.4999475,0.7934339873897076,0.002218726333270305,-1.4793335950388267,-0.006924038607660437,True,False,-1.8149951268578177,-0.008524897112600143,2.0580145580018363,0.009341894138796663,True,False,-1.0621846802465393,-0.0020844365044844033,0.694783453390956,0.0002632404031172085,True,False
52.5332808,0.29920801401704333,0.003188871440700523,-1.1745063243312417,-0.011971385171379492,True,False,-2.3452823965163527,-0.009063432681703742,2.1241256227376972,0.011071139640902063,True,False,-1.4491609254903997,-0.003505398821226802,1.1254041784524946,0.0012008174065847113,True,False
52.5666141,-0.05041603933459475,0.00045650694156609774,-0.75347443129683,-0.005354455452874342,True,False,-2.354594423095972,-0.010561816760260764,1.6998919505118515,0.012196860596633687,True,False,-1.3367374067847178,-0.0014740625639039723,1.194182486014284,-0.0012008895874427883,True,False
52.5999474,-0.23430543859042555,-0.0008834219989588527,-0.23632277784863787,-0.0019445503937587383,True,False,-1.8695420260104065,-0.007298273243262679,0.9314290613850799,0.004792690611160383,True,False,-0.7924405543364035,-0.0025487123497681457,0.9162646019449956,0.0018078691928919163,True,False
52.6332807,-0.2914635349139476,0.0030858478155975817,0.31399390863301035,-0.004682275658581737,True,False,-1.0901449573617292,-0.005971148001507393,0.09809828183191363,0.002826172351317976,True,False,-0.05220060573439315,-0.0008839066054351123,0.42858393792783367,0.0004320325287274089,True,False
52.666614,-0.2941783165120565,0.00013714131008127584,0.8038197746142773,0.0011830785907818123,True,False,-0.31053198707400376,-0.002874786910334854,-0.502855445775895,-2.6183207814747178e-05,True,False,0.5739500619719977,0.0036050250060953625,-0.06281535553006061,-0.002196943615943422,True,False
52.6999473,-0.31310297664995534,-0.0007240162320885133,1.1383215661268193,0.0035637889289828876,True,False,0.1995049111648706,0.0018516896846416649,-0.6846909843500768,-0.004821810710086824,True,False,0.8305717111159023,0.0041836021583231625,-0.36381162372062487,-0.0050239837160123355,True,False
52.7332806,-0.3918158394557911,0.0014337757044380933,1.2590813821320785,0.001190495059475127,True,False,0.30644389386048376,0.002205671427978559,-0.45206783622424696,-0.0013415584108090134,True,False,0.6291201862701327,0.0040201027785942275,-0.3735649058032336,-0.0038316400458891357,True,False
52.7666139,-0.5380911677282687,-0.0009159095503342661,1.1741293322090043,0.004841577302974483,True,False,0.06758287345983327,-0.0015614627184023756,0.008066696036962287,0.007620115346345423,True,False,0.08885504911204042,-0.001313302826105666,-0.12658305929571473,0.0006624182446157041,True,False
52.7999472,-0.7301867781679282,0.00011707154288003985,0.964531899551745,0.00045144606271559486,True,False,-0.3015131151713997,-0.003074875859380548,0.4218876617315696,0.004312599418829409,True,False,-0.5172855927596016,-0.0021293135270332385,0.22793022015258668,0.0006385764822833345,True,False
52.8332805,-0.9346100925459554,-0.0021930098195696054,0.7614331788425468,0.0019670235794254113,True,False,-0.5309461953372394,-0.0008304412558337393,0.5550369804905352,0.002340260103777341,True,False,-0.8839068795278332,-0.0014813539433592305,0.49513597601279014,-0.0002640626399955463,True,False
52.8666138,-1.1277828970821882,-0.0040216320591445155,0.6996153704181682,0.00217931822066015,True,False,-0.41929568246764143,-0.0008318206830568643,0.30312277079555383,-0.0013669563353576393,True,False,-0.8021979341998544,-0.00264546789942062,0.5147450579555729,0.0010628404679320891,True,False
52.8999471,-1.307102275084368,-0.002710663161031123,0.8622332726231913,0.0012299170131073833,True,False,0.07814206530335216,-0.0009104903389042326,-0.2823325983426521,0.002143708840756549,True,False,-0.24430704501322562,-0.0007040085003157141,0.22209581859173003,0.00031820764530968973,True,False
52.9332804,-1.4782077900629234,-0.0014446033848019451,1.2353697787240032,0.0024835420608777027,True,False,0.8269445241134438,0.00395551867239844,-1.0214522791448604,-0.00418591753448425,True,False,0.6237427973508691,0.0004828292679960906,-0.324601211534494,0.0010689800663497302,True,False
52.9666137,-1.6233420947334296,-0.0007057057095915031,1.6925137703798265,0.00208583158906664,True,False,1.564610490413016,0.006125148972032016,-1.6681755923124637,-0.0032108905120123,True,False,1.5029927043897444,0.004535419214128114,-0.9587977981746163,-0.0035253688236769917,True,False
52.999947,-1.6789515479226973,-0.004756515671452273,2.025702701346827,0.01011786951774854,True,False,2.0077466247391293,0.009318129555551799,-1.9935467412554264,-0.009627348179698717,True,False,2.075675924311644,0.005649771697184219,-1.4626636136626072,-0.0035486523913033368,True,False
53.0332803,-1.551100468421463,-0.0033697060768293524,2.0230321877719417,0.006953131966411791,True,False,1.9727888861118192,0.008899688950333407,-1.8707654571954668,-0.008024554791633236,True,False,2.1300325498493136,0.0065384046431174484,-1.650197810150921,-0.005864838841360558,True,False
53.0666136,-1.1671472198043358,-0.005217229874020663,1.5639391813337618,0.009734481769622433,True,False,1.457693424137016,0.008365952798440244,-1.3302627803755374,-0.009254018052167249,True,False,1.6444402877518054,0.004695178215199544,-1.4426640729811966,-0.004386636215642085,True,False
53.0999469,-0.5298893732399463,0.00026100351180454535,0.68569628542113,0.0010213635619742887,True,False,0.6472069080193463,0.0033079035555566303,-0.5539359424172021,0.0013958351799913784,True,False,0.7936084847288334,0.0015518118081614904,-0.9012823137171068,-0.0018234370505117556,True,False
53.1332802,0.26303816719621814,0.001621514441120518,-0.4149213114894485,-0.002468381147384366,True,False,-0.1615168553539253,0.002241325969189933,0.19651155629551534,-0.001518385526024332,True,False,-0.12667384691570666,-0.002282180709249905,-0.20096406192863422,0.0014502208903905019,True,False
53.1666135,1.0462943088100713,0.0028605467671956844,-1.4477714014102845,-0.005608074761539061,True,False,-0.6798295068496522,0.001734466571868906,0.6848516839030212,0.0005856606108296102,True,False,-0.8217772327121531,-0.0025171309885970907,0.44178718690335533,0.0015974516021605117,True,False
53.1999468,1.6441110231543423,0.004580064898243692,-2.1341196855906346,-0.00961776187356364,True,False,-0.7432640723489025,-0.00039172243600579955,0.790369201821531,0.000716237783772819,True,False,-1.111751754585306,-0.00332229564162236,0.8524391304680387,0.002975606720419065,True,False
53.2332801,1.9315989688875554,0.0056854590450603005,-2.3077235838476833,-0.010089297267366468,True,False,-0.3760806314573934,0.00182146777243525,0.5486204437990524,0.0006918705775849037,True,False,-0.9888225972354882,-0.0031143916421415754,0.9586796172149343,0.005359578786093574,True,False
53.2666134,1.8782882132465015,0.006251779266247056,-1.9746146946407361,-0.009180862729340445,True,False,0.22086203664046272,0.0039027014726202257,0.1326273575594926,-0.0012798232669819162,True,False,-0.601249384262509,-0.0009095688336760299,0.8064401735033201,0.001734901492843623,True,False
53.2999467,1.5574573320459844,0.005708965275418021,-1.3080357574322745,-0.006953221910498163,True,False,0.7570643505607617,0.007814041960578898,-0.2187294008014146,-0.004176921514937677,True,False,-0.17753417371611988,0.00021001855458918135,0.5277824328192005,0.0013569743856987754,True,False
53.33328,1.1129047189387764,-5.6376426593132716e-05,-0.5767760770600922,0.002330497253104856,True,False,0.9801074174990632,0.008578929805596807,-0.30178526844638204,-0.006598686405507322,True,False,0.07297095547308963,0.0011778715231716788,0.2763456030477204,-0.0002709105136252466,True,False
53.3666133,0.6948732311750998,-0.0005279773413563168,-0.0343621921435726,0.0034946416001285785,True,False,0.7863569262824286,0.007286300298793704,-0.03823873390929704,-0.004026059928546109,True,False,0.04018361532000504,-0.001152836549460787,0.16233490081061844,0.0018710448177244583,True,False
53.3999466,0.4002497127040868,0.004643873309148656,0.17953848743697184,-0.002747867019755358,True,False,0.2615603209647906,0.002020005888716717,0.488217154673682,0.0007810448206651689,True,False,-0.25560491096293336,-0.0007559401463072375,0.2166908042496046,0.0007490306822957277,True,False
53.4332799,0.25006519550901823,0.00047362717011042755,0.07954603420178914,0.0011000497065613794,True,False,-0.36486198433556993,0.0017695390927803746,1.0667742404469212,0.0010396754034004837,True,False,-0.6854721552771732,-0.001052140799071152,0.3937825038907764,0.001129135452968966,True,False
53.4666132,0.20498031382264464,-0.0007035969347298316,-0.1926602806460789,0.0019050244205785646,True,False,-0.8225357511266533,0.0015198393714512435,1.4464849489964005,0.0011342271173574421,True,False,-1.0697945045158468,-0.004238882088577456,0.6023647948982067,0.0038112235111206197,True,False
53.4999465,0.19648059686273806,-8.572641488226504e-05,-0.4404737123871711,-0.002317616814290143,True,False,-0.9092582076567691,-0.0005673386881315024,1.4350990008304148,0.003462505771385367,True,False,-1.2484432659522435,-0.002293826515077477,0.746624376343238,-0.0004451570379395772,True,False
53.5332798,0.15931290928848452,0.00048313054386409115,-0.49954376789067445,-0.002917564132520528,True,False,-0.5661726284290869,0.0033757076358287546,0.973906767609544,-0.0015759502571721059,True,False,-1.139616983424897,-0.0022995293563871006,0.7615953005390549,0.0015772090357900033,True,False
53.5666131,0.06063611603865182,0.002358203028972628,-0.30980758293156324,-0.004380246333494802,True,False,0.0997874051830025,0.00018309683389583758,0.16671511698057612,0.0009410688488599463,True,False,-0.7694899617034758,-0.0034118219701269248,0.6359737717699379,0.0032097502132512772,True,False
53.5999464,-0.08541002028456945,-0.0012656683424858996,0.05982552042068611,0.0024017101076792254,True,False,0.8489498585476652,0.005079306950132565,-0.7465039722282966,-0.005154339649909836,True,False,-0.26464848042560785,-0.0006805504770236693,0.42002471717402623,0.0012728413175852938,True,False
53.6332797,-0.23141599715310607,-0.0036106825195879985,0.4508833470951299,0.00669505470288849,True,False,1.3896208772342524,0.006241469267579279,-1.468157602033562,-0.008371828354151265,True,False,0.1923868636985707,0.0006552490343966867,0.21169775056726678,0.0006666395514662887,True,False
53.666613,-0.33251155051429593,-0.0028885759419330238,0.6982853328760341,0.005608091994094134,True,False,1.485143418279963,0.008475136312565707,-1.7524615184085606,-0.011769632723603627,True,False,0.43401740853084114,0.0019963349053311805,0.11585182356713304,-0.0024564745006620493,True,False
53.6999463,-0.375275244783455,0.0009812291508981064,0.7072782779988331,0.0001228313568760338,True,False,1.048895556076624,0.005053601243117497,-1.5035587678076479,-0.007838638278070534,True,False,0.37932390141641936,0.0017204278483113756,0.18965093069760655,-0.00025667676963105296,True,False
53.7332796,-0.3772835650701301,-0.00203934775015436,0.48478242973050567,0.0040400127847246455,True,False,0.18448240605702892,0.0013735364032258278,-0.8155363434276516,-0.004795149774581457,True,False,0.07398350888170793,0.0006112560183754207,0.40395089099713155,-0.0004337469277627571,True,False
53.7666129,-0.3654720684465145,-0.0007561456076625531,0.1227333627696285,-1.4091115013773866e-05,True,False,-0.8494711551923696,-0.0018915422549941878,0.06647926256961068,-4.626847078486451e-05,True,False,-0.3229638539471448,-0.0016227397693016883,0.6456874159598779,0.0015087506630427655,True,False
53.7999462,-0.3581496822682026,-0.0021667547343734903,-0.24418122624625163,0.00012412697066169513,True,False,-1.7341854930191392,-0.00468460418858494,0.8439271201704883,0.0017520149060761313,True,False,-0.6020286311548871,-0.001211136181574959,0.7629979535405806,0.002413175679462604,True,False
53.8332795,-0.3633831321410719,-0.004736892935757835,-0.48520812147018716,0.0029709856078428292,True,False,-2.2045138910294817,-0.00644286901982723,1.2747778100197433,0.003032531148010326,True,False,-0.5892720008985844,-0.0026446827779073247,0.6311781064645743,0.0011893465935447814,True,False
53.8666128,-0.385420164246414,-0.0015040151661147372,-0.5146463209883739,-0.0024938514017555343,True,False,-2.1384166200753816,-0.005819202479187017,1.2518096828406273,0.0019750358582177286,True,False,-0.21988206860261122,0.00015955764262623007,0.20829575362596336,-0.001126158649889115,True,False
53.8999461,-0.42307594054958575,-0.0007925935280332662,-0.32316457147447375,-0.0022180390603494635,True,False,-1.5924219486635622,-0.005761261854297995,0.8264819569301065,0.003155705952796004,True,False,0.42919877756353947,-0.0009710633098942981,-0.44234068745022864,-7.603216450226139e-05,True,False
53.9332794,-0.45784478700031084,7.81569052874127e-05,0.010503189110420506,-0.001495821135529691,True,False,-0.773583722373165,-0.0008337601624861125,0.17869438427144832,-0.0024378220888098814,True,False,1.160617415767584,0.00271257011814754,-1.1691925859074237,-0.004427455930140994,True,False
53.9666127,-0.45029777004314414,-0.004073432386339598,0.3437706553710112,0.005698952266873557,True,False,0.0398308430877488,-0.0005525898845669988,-0.45179713141901806,-0.0008636229966905133,True,False,1.7267750009189684,0.0062770047386970194,-1.7819701892608628,-0.007040620458849936,True,False
53.999946,-0.3613420272249997,-0.004266496947298911,0.5325106750118465,0.006045501581173123,True,False,0.5985281379671499,0.0020439386490136305,-0.8479920690601557,-0.004559613160169634,True,False,1.923514537934539,0.0034350928543101823,-2.115983193066717,-0.0046442002956542695,True,False
54.0332793,-0.18622023242542088,-0.0025931144292120592,0.5022821166744568,0.005423915889367442,True,False,0.7662179594628711,0.0014571902462415885,-0.8861064827814322,-0.002696427631518862,True,False,1.6683812417420532,0.003119839261006069,-2.0870906083822143,-0.006077979577967878,True,False
54.0666126,0.031040896517657648,0.001083346801144777,0.28444398136699023,-0.0002760804255041918,True,False,0.5592254049460875,0.0004807096075471487,-0.57354939304802,-0.0016410960110014412,True,False,1.0327598554476105,0.0015561501079479566,-1.7192332267017822,-0.0032951111056781,True,False
54.0999459,0.21825080109066208,0.001212917263564281,-0.004157871779203833,-0.0015711658045088146,True,False,0.13149796128728172,0.0007390473641090818,-0.04457290092822902,-0.0022349720897708236,True,False,0.2218288487018262,-0.00022704772875897195,-1.1409515990453991,-0.003494335888309131,True,False
54.1332792,0.31152049026274686,-0.0017736346541821148,-0.21928813444035827,0.002155850101232429,True,False,-0.2875986833441649,-0.0018446041689878208,0.485946787249081,0.002041460742479593,True,False,-0.48660244362631694,-0.00011277361354595479,-0.5539856190008375,-0.004221796487922267,True,False
54.1666125,0.27805056839940256,-0.001943078935379914,-0.2481979838585783,0.0019888566023543767,True,False,-0.48273159562122436,-0.0031118357572571787,0.8005282073311687,0.005083570655372974,True,False,-0.8300790089234982,-0.004042978651924035,-0.17444036728717457,0.0016559572967827399,True,False
54.1999458,0.11875867032985718,-0.0010963692719957625,-0.04732377714560953,0.0011435632148197633,True,False,-0.34035242879135663,-0.0017849913559247082,0.7659360153436077,0.0034703688994828456,True,False,-0.6586378101579196,-0.0025993505796960766,-0.15039526269999054,0.0008707208376532492,True,False
54.2332791,-0.13390325534695063,-0.0002314931689393809,0.3418225386377737,0.0008169709200103126,True,False,0.09837029444384231,-0.0033024089284096414,0.39400668731027355,0.004664320030897067,True,False,-0.01184058161929482,-0.0049205374715782565,-0.4802554061161017,0.005396631391505561,True,False
54.2666124,-0.41422115831069306,-0.00015670981192643187,0.797304446890762,0.002008824685321841,True,False,0.6458498821193043,0.0004094137132839618,-0.15488203501282005,0.0004948262466052423,True,False,0.8639274456911661,-0.0017674780751787736,-0.9793294231341357,0.00086689036492534,True,False
54.2999457,-0.629461831687578,-0.001661770126936783,1.1492262781886091,0.004278043811321058,True,False,1.043691544240687,0.00411740960420837,-0.6342392680730962,-0.0010825761723793565,True,False,1.5885062960587513,0.0038715788346659285,-1.3368067484662862,-0.00411492933915628,True,False
54.333279,-0.6894153597644423,-0.006213617512195029,1.2423014092800095,0.011916427436759624,True,False,1.0803741677150784,0.004592705659564621,-0.8179637840687319,-0.003059327376823591,True,False,1.802028965540825,0.006334370040542331,-1.2571987268914382,-0.004825824342995583,True,False
54.3666123,-0.551620422738131,-0.0030898852223325037,1.0069553252430927,0.00602163655236628,True,False,0.6965439831737867,0.0018691993822443774,-0.6053617816210147,-0.002898594649145798,True,False,1.3343085716306404,0.0030312907363385247,-0.6168730634208399,-0.0006409362608373968,True,False
54.3999456,-0.24928289183609156,-0.0006675338899587763,0.4971441377910733,0.001969279913975333,True,False,0.02157411286232188,-0.0005192024430380259,-0.07427691010679204,0.0016052404949266654,True,False,0.29727695613904326,-0.0024651687355448136,0.456518617997209,0.006259147204420522,True,False
54.4332789,0.12486883981864215,0.0021081723729189828,-0.13384236562629093,-0.0031413351257147796,True,False,-0.6795521735854408,-0.0051651339210375315,0.546855934865564,0.00621232310132993,True,False,-0.9541084520376167,-0.005202030531708114,1.6292092673663754,0.007874022172745571,True,False
54.4666122,0.4682310535073882,0.0012201600867384787,-0.7053583677690867,-0.0038469754448423746,True,False,-1.1210488643121916,-0.003597351209763477,0.9770613573091765,0.004017376016803376,True,False,-1.9718693380482455,-0.007130561826702564,2.504498712555991,0.011079537362898845,True,False
54.4999455,0.713295105422293,0.0005818997032853984,-1.0830090168073556,-0.002845096590508525,True,False,-1.1161679894271284,-0.004066841361934237,1.0051884520601062,0.00802070324699853,True,False,-2.4018160481856934,-0.01062728008420669,2.7915936830351793,0.014033758828946188,True,False
54.5332788,0.8401816436500475,0.0010876315360288426,-1.215185136050366,-0.0035691993831280053,True,False,-0.6508334223370952,-0.00292712724813167,0.5825638873279773,0.00609634556719452,True,False,-2.1262591168105627,-0.006479031523794513,2.4262024354628204,0.010013063052279487,True,False
54.5666121,0.8606647056226014,5.081203974371699e-05,-1.1265801856011723,-0.0009597067431321195,True,False,0.11329532993719754,-0.0004757150325632511,-0.15282093809807312,0.0008509718984490174,True,False,-1.3071010524208924,-0.00750989253786995,1.5944389511575998,0.010156421372967841,True,False
54.5999454,0.7971438669243901,0.003522806960683078,-0.889036874192616,-0.005650838972712635,True,False,0.9028192912070121,0.003186915369928709,-0.9316751346310349,-0.0023919459243761506,True,False,-0.314266913174767,-0.0013235257130758942,0.6511929532473981,0.003087511685853149,True,False
54.6332787,0.6737340647037255,0.002638640270662756,-0.5921517539943768,-0.0037670651329286533,True,False,1.438085495109529,0.005117535056025843,-1.4640694730378088,-0.004712342285299252,True,False,0.4310061576696802,0.0006312959007281667,-0.031568502734427975,0.003288271182149697,True,False
54.666612,0.5162142993978874,0.0012291244156381748,-0.3198543266264916,-0.0015219895640247306,True,False,1.538599753137138,0.004771218225770981,-1.5536176003802755,-0.003295360303521877,True,False,0.6326196956322812,0.0023931122881485772,-0.21950189737670983,-4.5449912024321934e-05,True,False
54.6999453,0.347117596860312,-0.0012972015238682075,-0.12734567696535315,0.0027409126092468317,True,False,1.1853377510191532,0.0035560297190794054,-1.164825595579362,-0.0005507376355100424,True,False,0.23822431076476602,-0.0014791408048035462,0.09576807152473289,0.005781476156977347,True,False
54.7332786,0.1739488170541565,0.0003256368752299615,-0.020586699125017854,0.0006282045525415818,True,False,0.5166387453357837,-0.0013959047299364788,-0.4226998054735107,0.0029044293293134307,True,False,-0.552445977990351,-0.005126153906017196,0.7114755329734787,0.008329759633042846,True,False
54.7666119,-0.015044481705225363,-0.0005271758875932628,0.045739368622919524,0.0011522421762327217,True,False,-0.2335281430700951,-0.0006824743071187514,0.4417360843547033,0.002272866847295195,True,False,-1.385683076828555,-0.004803119289298407,1.3153316423636994,0.005890808329527871,True,False
54.7999452,-0.23607930357768275,0.0004123361122179813,0.1402311796019967,-0.0011861706563807833,True,False,-0.8218961057802604,-0.0018887404161601793,1.1697172245173308,0.00616932636107228,True,False,-1.9037738655083631,-0.005431203954102665,1.618741474559131,0.00812385059260317,True,False
54.8332785,-0.4839231800559667,-5.282707557965129e-05,0.3077092522751303,-0.001492351445877651,True,False,-1.0730682236538391,-0.0025534911887345716,1.552085080119566,0.005067972151303279,True,False,-1.8808077121342806,-0.006567386433387741,1.465948016870599,0.00981187025488438,True,False
54.8666118,-0.7162607286189425,-0.0034112164424252526,0.5326877337444716,0.0044023595025846195,True,False,-0.9301953844480874,-0.0031536337886261204,1.4926085927580328,0.008887325925138691,True,False,-1.2992916038804698,-0.0043764024629358075,0.8842197047956356,0.006919635677871932,True,False
54.8999451,-0.8634764949856337,-0.002613517483552091,0.7387392516081941,0.004103194482021081,True,False,-0.4731072660218457,-0.005656528317660681,1.0450346230119278,0.01059070843661634,True,False,-0.3482169016059636,-0.0009999053145414915,0.059201102609580045,-7.169315281159922e-05,True,False
54.9332784,-0.8592101827732702,-0.0018181161301078074,0.824202192298743,0.0027580572632926272,True,False,0.10458345790995337,-0.00034995738825206485,0.40335462037112724,0.003439104068851863,True,False,0.6539089762274444,0.001193083603791951,-0.7543746417605943,-0.0012609378961892172,True,False
54.9666117,-0.6733932932027963,-0.003275271629561888,0.7122084424175086,0.00564888588941745,True,False,0.5661080101234801,0.004114991159024956,-0.1707043762460252,-0.0031977191670845523,True,False,1.3830793894757567,0.004107671505247135,-1.3416417627789767,-0.000789290925019985,True,False
54.999945,-0.3314805491928018,-0.0006464524195841108,0.3898806756096281,0.0010222673761325011,True,False,0.732226217914342,0.0020366111562230976,-0.4641820741618918,-0.0011316858092154218,True,False,1.6342451423346251,0.006517751207421382,-1.6007083769218677,-0.002526413867625975,True,False
55.0332783,0.08831918705678311,-0.0017844388349564165,-0.07943037061528782,0.0033824513629035066,True,False,0.5637266860301015,0.0018315555053280213,-0.4139147135994908,-0.0008321795196698193,True,False,1.396906079402826,0.003291110457981671,-1.5536515101091928,-0.00023189264243341165,True,False
55.0666116,0.4805245766323307,0.003650376843807612,-0.5759983412772737,-0.005876074318762216,True,False,0.1784348014354142,-0.0014230742333477223,-0.13288788481922342,0.0016957381647773576,True,False,0.8497511511511432,0.001936910400414781,-1.3087046292367595,-0.0015745855882837757,True,False
55.0999449,0.7507314370406915,0.0009381991376376918,-0.9671409504561941,-0.001902658747410576,True,False,-0.20712621787456867,-0.002107775710522443,0.15209840524538323,0.003736743340379225,True,False,0.27768660973818343,0.0009400505516339886,-1.0053084552078089,-0.002800844369422774,True,False
55.1332782,0.8476818710279453,0.0001895716213863506,-1.1535436884821517,-0.00145742011872977,True,False,-0.3802728873862996,-0.0034423943538280533,0.21572159894377768,0.003791528485779688,True,False,-0.049650644872279985,0.0011988281818362295,-0.7664080038404614,-0.0021130475948891755,True,False
55.1666115,0.774496118076015,0.0029497320962844267,-1.0991830509075684,-0.005825106983430148,True,False,-0.22958727578749766,-0.0021884510673488657,-0.05643864790724368,0.0018170892223224144,True,False,0.013306066698162557,0.0002141386314328942,-0.6640406877028794,-0.00030234485868060185,True,False
55.1999448,0.5794795634913087,0.0004362512794547301,-0.8380953803176119,-0.0014309940411974538,True,False,0.20419954546722507,0.0017729647747410095,-0.6138095340904477,-0.005243777321347728,True,False,0.4307806200864585,0.0017137747933683887,-0.6960562896210232,-7.246902638975903e-05,True,False
55.2332781,0.33422936737859715,0.000823129913540051,-0.45899316964936737,-0.0014448071114875,True,False,0.7402946931562839,-0.0025703131867375567,-1.2586308034836593,0.0007279477449260803,True,False,0.9990319681417642,0.0016869526499760275,-0.7806630016271987,0.0012750920318713608,True,False
55.2666114,0.10574978322104688,-0.002242174678914631,-0.07155243205389854,0.004489544378048152,True,False,1.1240385741204186,0.0030673749364370758,-1.7194323430937553,-0.006047480940197158,True,False,1.429664199534898,0.005746350082455203,-0.784151214025623,-0.002120065483870049,True,False
55.2999447,-0.06764967983928878,-0.0003038286646822177,0.23337369593616852,0.0013579069775335386,True,False,1.1251053014810553,0.0020061072636461856,-1.7517823120238485,-0.004935625752595202,True,False,1.477017217414656,0.008754116437408185,-0.58541502434242,-0.005034603508026418,True,False
55.333278,-0.18405888094354664,-0.00037394058248538275,0.4107701464497609,0.0018661487585597389,True,False,0.6369877761461679,0.004565140545612051,-1.236711268451186,-0.00903723201720667,True,False,1.0552566660818525,0.004746901026585595,-0.15004681490489236,-0.0003843166808846255,True,False
55.3666113,-0.265754950965151,-0.0007442004562834165,0.46561287342906515,0.002714916994611283,True,False,-0.2630446328708312,-0.0034953666228092935,-0.2410509081019782,0.0023369915434527247,True,False,0.28231204093766643,-0.0001710872829356833,0.43407985134368166,0.0027983359345747118,True,False
55.3999446,-0.3381399631725462,-0.0018570747087650406,0.44029399290713866,0.004344709635552789,True,False,-1.3273791292648418,-0.007258317121718061,0.9914013586489886,0.007074655888975033,True,False,-0.5758958849328427,-0.0027273231211514394,0.9883396015212252,0.005287389569728687,True,False
55.4332779,-0.41406364438859616,-0.002588744659678359,0.39601260588232623,0.005149403816665495,True,False,-2.2229079666104847,-0.005801784041589508,2.1162927739410184,0.004121810440219115,True,False,-1.2254082089280813,-0.0027008976928616065,1.3230669662727863,0.005807575983131338,True,False
55.4666112,-0.48772959837689245,-0.0012882281198031817,0.3907812822970838,0.0018940385076714997,True,False,-2.6481993767426353,-0.009488264063924202,2.7971844838081594,0.010420561275042477,True,False,-1.4597193355831268,-0.0018784864954691743,1.3169545779798213,0.0025420042062291484,True,False
55.4999445,-0.5343051870833074,-0.001404313347869385,0.4535465875628921,0.0020553607243426007,True,False,-2.4372970563616603,-0.0074093176257494005,2.8086708934155693,0.0077186393156787525,True,False,-1.221805859465346,-0.002540868646071481,0.958563940072394,0.0050080756448066645,True,False
55.5332778,-0.5144385617658983,-0.0006822510264549682,0.5634816270099096,0.0017074289683071428,True,False,-1.6199891054803421,-0.005917334270652593,2.1124199785373334,0.008519320824233175,True,False,-0.6052518751035738,-0.00015352764056099637,0.3429995632030034,0.0007860831688200208,True,False
55.5666111,-0.3891012779127833,-0.0005545682123921044,0.6521403507329172,0.003087068513932462,True,False,-0.42219614201241074,-0.004738529288900996,0.8880133587014486,0.008729943731891532,True,False,0.18738719994726385,-0.0007749286523709375,-0.36259312630381907,0.0005354681699290631,True,False
55.5999444,-0.14751482593171322,-0.0020968705080014224,0.6382342000877715,0.005954931410111435,True,False,0.7997961336217284,0.0022668387855838694,-0.5040514961749291,-0.003267804993590834,True,False,0.9081792499835472,0.0016686825064029295,-0.9672721632013037,0.00010441968397644616,True,False
55.6332777,0.16263468080905052,-0.002176636220122349,0.4818701908627297,0.006597696392265338,True,False,1.680618058618213,0.005817283095574278,-1.637429033078108,-0.007506185901224299,True,False,1.3353118080627484,0.0014066644143415023,-1.3059005146241394,0.001140623236438728,True,False
55.666611,0.42758757205367376,0.0011777607354690877,0.22431997129990955,0.0018736251723242895,True,False,1.9845312058964313,0.009977351027992166,-2.1826346115044504,-0.012701312553061157,True,False,1.341445539334118,0.004459875474296875,-1.285397181300235,-0.0032760665566179646,True,False
55.6999443,0.5035775285864039,0.0025869825880189125,-0.018719078654474537,-0.0006952532896009643,True,False,1.6997898264714222,0.005293217094792728,-2.0437702186485986,-0.00904265885510076,True,False,0.9421644515264475,0.001524327311062449,-0.9231849894993105,-0.0006475589740475938,True,False
55.7332776,0.2884723073141299,0.002383688146187912,-0.11279599712719779,-0.0013014996780836214,True,False,1.0354095383917643,0.0010878090656856597,-1.394472285257904,-0.004260972386532619,True,False,0.3011328353731162,0.0005459219029804287,-0.3609512429316674,-1.628402947600541e-05,True,False
55.7666109,-0.21114041780875872,-0.00016638133838447604,0.0226145885940617,0.0011678110063824407,True,False,0.3174168826281625,-7.484833295403961e-05,-0.5898968216949573,-0.0009140397839122719,True,False,-0.3233274111476307,-0.00340843312334683,0.169753886091179,0.004053450979546712,True,False
55.7999442,-0.8608582840360928,-0.001972870927460267,0.36595470356457754,0.0013685802093620668,True,False,-0.15988109230971898,-0.00019673173482490916,0.00033693120815068885,0.0017274612499984694,True,False,-0.6789442139637751,-0.004288789369956073,0.4344185180052193,0.005968619359460219,True,False
55.8332775,-1.442481505143675,-0.004144655635289501,0.7936968555602983,0.003490698989932866,True,False,-0.25218789893129684,0.0007646663007521932,0.15414829985479298,0.0016579840156527167,True,False,-0.6276376394462386,-0.004679980106741002,0.30414742045946963,0.006509401487646337,True,False
55.8666108,-1.7406436167015775,-0.0056234976773477255,1.1271064849504284,0.0069799904175572025,True,False,-0.005411470177427419,0.0026777681382150675,-0.12105955440452501,-0.005103070524464303,True,False,-0.21162552516883057,-0.003039266324986926,-0.1680770408874778,0.004173398469204645,True,False
55.8999441,-1.6306340991191848,-0.004394482336627437,1.20465716653374,0.006311361485470584,True,False,0.3855282216239877,0.0009907495665467268,-0.6154600048359724,-0.001094191846199265,True,False,0.3559144796180146,-0.0032252629984454865,-0.7499571370504271,0.004240400817246089,True,False
55.9332774,-1.1274134615018083,-0.001329331551116876,0.9488124782869232,0.003430537675143223,True,False,0.6721781783283367,0.005745887354814556,-1.0285480156935938,-0.0076824360304120366,True,False,0.7773078888918166,0.0009985290909385743,-1.1227243199636865,-0.0007140980620807543,True,False
55.9666107,-0.37699249546604796,-0.002126619723259225,0.3991338709234695,0.004179603910755909,True,False,0.6639696735582885,0.004477728864964883,-1.1100017968492064,-0.005429446564803438,True,False,0.8019375685364099,0.0018135884821438475,-1.0303462258646459,-0.0029710384867467497,True,False
55.999944,0.40210469663783305,7.269216558433391e-05,-0.3008332479746666,0.0014721019375433706,True,False,0.3148027570712201,0.006114288920231555,-0.7709228376308718,-0.008313348237059797,True,False,0.3452120642582242,-0.0011389377831701746,-0.4142315288681073,0.0017857679757486903,True,False
56.0332773,1.0042983045954057,0.004803559849886452,-0.9588508328638548,-0.0053810187261105254,True,False,-0.252001457203312,0.003100798164051927,-0.12036909459316962,-0.002349358038142833,True,False,-0.4644191545597767,-0.004907808708543566,0.5419896751999728,0.008234914888872914,True,False
56.0666106,1.3196886551116573,0.005069564170001289,-1.4125421002316059,-0.00697330000506635,True,False,-0.7975421747767265,-0.0018892778036395097,0.5900223004445126,0.0029822755336652313,True,False,-1.3351076240407689,-0.00693992599929991,1.4871056877988753,0.010385966781267415,True,False
56.0999439,1.377881052439369,0.003955082225261886,-1.5968750473559636,-0.005924321586273007,True,False,-1.079842594734676,-0.0015717699178497088,1.0879380918370383,0.0036293171674379923,True,False,-1.9314593950076846,-0.005971599977841472,2.055578100571728,0.008275738501485996,True,False
56.1332772,1.3242252094783051,0.001461642193564673,-1.5641721976043357,-0.0040907058241970475,True,False,-0.9694179257080062,0.0012799151826853113,1.2062325147800839,0.001830864353477809,True,False,-2.009310732453297,-0.009159708030335112,2.0215943823580966,0.011598000192805215,True,False
56.1666105,1.3341808751878566,0.002459167626977753,-1.4444953085408514,-0.0031452597072830937,True,False,-0.5088507127271613,0.0023198015404851235,0.9493432455143435,-0.0010429969073985842,True,False,-1.5142497990513548,-0.005562700595383268,1.3910391185123787,0.007232642569228452,True,False
56.1999438,1.5102763789208125,0.002393039557395401,-1.3691809639092185,-0.0023172391261801007,True,False,0.10808541404038287,0.005597184210137821,0.47650497011568893,-0.004412974047351356,True,False,-0.6110828187288861,-0.0036046532198088545,0.40363255087794275,0.0037729677097682315,True,False
56.2332771,1.816315801469037,0.003796440741663044,-1.3990610602596,-0.003105742343594604,True,False,0.6197149647854836,0.004514105363359364,0.024961061951077643,-0.000377574964108467,True,False,0.36704756309756476,-0.0027753012129036834,-0.5513271843190443,0.0032333416795972537,True,False
56.2666104,2.0820345869320285,0.0023049544595530247,-1.4932321909853583,-0.0013679912831882077,True,False,0.8025999679870426,0.008858306992389544,-0.18370404161833634,-0.006815035216089915,True,False,1.0366294618161864,0.002655561609547366,-1.0761320651219837,-0.0019728544143710453,True,False
56.2999437,2.078743338420737,0.006269723749902536,-1.5330762454521194,-0.006601459052818416,True,False,0.5601365766136256,0.005919158040286518,-0.020521331899789035,-0.0008328065706029507,True,False,1.1117753937542902,0.0031891372427973407,-0.915386859157089,-0.0012320855970086222,True,False
56.333277,1.6359595341012416,0.005241239615336991,-1.38914803162709,-0.006434263740251182,True,False,-0.03843549637045471,0.005039018225851846,0.5076446979882256,-0.005747084726701664,True,False,0.5270193549160755,0.0022874334953090335,-0.06291971159690114,-0.00035767731772183385,True,False
56.3666103,0.744557534544706,0.0019946304638457277,-0.9940114796425525,-0.0014400137782187156,True,False,-0.7843389237085239,0.0015491159882201136,1.2575377664077416,-0.0018304769455109425,True,False,-0.5216623211866058,-0.002410100092920968,1.2197512696862571,0.0054560287825822775,True,False
56.3999436,-0.41131107879376755,-0.003775778572131516,-0.3789435124364916,0.003885894001632809,True,False,-1.410840358506293,-0.0018690632328676987,1.9957629130328411,0.00713713533538507,True,False,-1.6439144191622086,-0.005264914801460921,2.4879906726008354,0.008560485583552803,True,False
56.4332769,-1.517670477465219,-0.006077262572049574,0.34238847308710607,0.0038904001919979215,True,False,-1.6948902907130814,-0.00034242669497641187,2.4807816196623156,0.0042749551988254956,True,False,-2.4045575039372964,-0.005840790483207404,3.2724661813231344,0.008606888344522997,True,False
56.4666102,-2.259987530017491,-0.009957835062955216,1.0250624103546044,0.008426229047938792,True,False,-1.5354010774877271,0.00030098234968908524,2.54636750886522,0.003415753654784231,True,False,-2.491726483547728,-0.005777128948421723,3.2511021530595494,0.009316600985113558,True,False
56.4999435,-2.4533164481682403,-0.009645168573094465,1.5466212185608332,0.009933952017876505,True,False,-0.9800028838735437,0.000293270052164026,2.148230505594537,0.002472897894848781,True,False,-1.8370268005916672,-0.004952748447587806,2.3720976388194974,0.00811468194978941,True,False
56.5332768,-2.1107895680549613,-0.007370467538840406,1.8400565898659897,0.010637854937106188,True,False,-0.19830761055736856,0.004892760216287339,1.3616785430937497,-0.0029769478078912866,True,False,-0.6446394776333843,-0.0006233063083500184,0.8836124484584555,0.0004679836336831378,True,False
56.5666101,-1.4219361184781318,-0.0033750422421716937,1.8980117675589434,0.008754189212911842,True,False,0.5815981877559468,0.003318665013763206,0.34667164634816305,-0.001957755926263136,True,False,0.6823227657097999,0.0018751467640989844,-0.7468640000359451,-0.0010668439585113155,True,False
56.5999434,-0.6596292019075926,-0.004426313024968332,1.7548363754855871,0.00939791245958073,True,False,1.1503482257443318,0.007416903368781371,-0.6973773093696961,-0.005268880602061478,True,False,1.6962778478724976,0.009183020153670323,-2.003784953249689,-0.011870548808121875,True,False
56.6332767,-0.06698648285764473,-0.0034599490392405266,1.4631835918496414,0.010801751155457995,True,False,1.3855943102632837,0.007806000996260663,-1.5767545028165681,-0.010530617755433127,True,False,2.0843150452473647,0.009343295073100581,-2.5253687432448153,-0.012940327274341194,True,False
56.66661,0.22704584034177974,-0.0006304570186368112,1.0787979260253762,0.007220521517319703,True,False,1.2911532765986127,0.006756747961424293,-2.148455728108804,-0.012325723796425126,True,False,1.7953852689704257,0.006426990396020228,-2.250480058494697,-0.0090608218649008,True,False
56.6999433,0.23856675772999622,0.0006962809325488118,0.6549614215484937,0.0014399530387831222,True,False,0.99164509882278,0.004940551987717746,-2.359457480451312,-0.013763204567881542,True,False,1.0553203171644585,0.003930345869711172,-1.4394618904244763,-0.006647693992740852,True,False
56.7332766,0.09956938506701532,-0.003978242288289531,0.243237022595873,0.005823414310995351,True,False,0.6811236922130238,0.002755602962066054,-2.2634043804849964,-0.011087029547444678,True,False,0.26453325018409934,0.0022632420746937043,-0.5576109242817279,-0.004151274514742418,True,False
56.7666099,-0.021712958056978576,-0.0050586923300475475,-0.10059568797581706,0.004729267008074842,True,False,0.5448531845494277,0.0033300677874383198,-2.000376663134882,-0.01224292812075805,True,False,-0.1696887732026441,0.0019405555838517014,-0.07786871653808514,-0.003182935945040861,True,False
56.7999432,-0.014277299019853052,-0.0031440394801760477,-0.31291726334334197,0.0006866428955380038,True,False,0.685640512674362,0.0037449427655715886,-1.741699382868941,-0.009011784141181237,True,False,0.0061111312179947625,0.003821416232410866,-0.2892008349826945,-0.005827814950362408,True,False
56.8332765,0.12182021734464937,-0.00046315873609875554,-0.33622289802453287,-0.0018069662323863282,True,False,1.0809468853560034,0.003176658365568397,-1.618459701570731,-0.005672519301897333,True,False,0.7935125865119603,0.002921486680930022,-1.1826034042098372,-0.005864648312645428,True,False
56.8666098,0.29099636079550334,0.00030138268659252334,-0.15282920102123204,-0.0012067645648808864,True,False,1.5828701630701756,0.0036398311299287085,-1.6629025331155711,-0.009398538416091149,True,False,1.9341964193445382,0.005022609490632315,-2.450916490183571,-0.010248872132956532,True,False
56.8999431,0.3679971767121488,0.002004495269464962,0.18482054294243194,-0.0029532515303997676,True,False,1.9621555258709353,0.005526380644925905,-1.791363759578229,-0.008681248658810705,True,False,2.9965928778108095,0.010991185377842825,-3.601100411472842,-0.01573421098751052,True,False
56.9332764,0.26558483789471654,-0.002663753537763406,0.5577045190952896,0.005607765930244701,True,False,1.9879971045409197,0.006056319751023646,-1.8397306190576581,-0.006200694686974321,True,False,3.5367995280133275,0.013162489080164354,-4.141782943593795,-0.01796403024609801,True,False
56.9666097,-0.03358787252778528,-0.0015215601617199633,0.8269806590728894,0.0023697867749537436,True,False,1.5201699350770492,0.005484000807727919,-1.6373363636166876,-0.008915582074544471,True,False,3.277875147832325,0.011145555971799784,-3.776897703310467,-0.015951255692673055,True,False
56.999943,-0.4833986842895748,-0.0041037167372389004,0.9002726911164088,0.006370951225544895,True,False,0.5762611692669314,-0.0007849183696579141,-1.0899488037154816,-0.004672984066089021,True,False,2.2296982389704874,0.007557134287453022,-2.5266710908385055,-0.011378022390610292,True,False
57.0332763,-0.9955246387217647,-0.0005469064226060217,0.7757501824733302,-0.0006205940041201155,True,False,-0.657951379354854,-0.004138174281091241,-0.23840600206225665,-0.0030108654608819426,True,False,0.6928952501449703,0.004107316534404246,-0.7253530932944242,-0.00818564312746416,True,False
57.0666096,-1.4560955153658348,-0.003819240383275946,0.5348974681590994,0.00016405124509989404,True,False,-1.880632992597164,-0.005604706903667273,0.7361476871414192,0.00148486082993287,True,False,-0.8564390653405858,-0.0012196273047934655,1.1040379846147497,0.00012019636241548011,True,False
57.0999429,-1.7399500469214622,-0.002770255756343024,0.28835585375554557,-0.006837728746710987,True,False,-2.7684156847387844,-0.009866804536159748,1.5720086993981977,0.006302502364007428,True,False,-1.9544978391674088,-0.006132225182633514,2.4505347308040655,0.00593745813305587,True,False
57.1332762,-1.735846551342104,-0.0034030327958864915,0.10959434682988001,-0.0046522315802509364,True,False,-3.0840408103999293,-0.012275901312961846,2.0344820275742515,0.011219048432963664,True,False,-2.33400358561411,-0.007398450592745853,3.0119773735355873,0.008771231729681552,True,False
57.1666095,-1.3853604124636252,-0.006292188758524245,-0.0019216303223158402,0.0005845611046712736,True,False,-2.765418135560033,-0.01362196020636491,2.025133555272829,0.012501554011152197,True,False,-2.0252515626122927,-0.005826852595082914,2.8003356427985246,0.004399490018631638,True,False
57.1999428,-0.7181314372777592,0.0024093988309310662,-0.10922843472836921,-0.0095343703896442,True,False,-1.9598110403138223,-0.009293923370589374,1.6340447132880662,0.007832730613482821,True,False,-1.3247025585267005,-0.0024468993317655467,2.1032687211298042,0.00043816053030196715,True,False
57.2332761,0.14172180051143252,0.0013409653634212386,-0.2923409412541923,-0.004468934943817372,True,False,-0.9756035218910947,-0.004922198482631068,1.0982259607203018,0.0025193261028906406,True,False,-0.6437839418207834,0.00314817303678874,1.324080589869106,-0.004139705418412749,True,False
57.2666094,1.0074178519832389,0.004872544936841591,-0.5970844502850683,-0.00730547661588596,True,False,-0.1599895112518702,-0.0001103673846863672,0.6835943501347179,0.002028727934859266,True,False,-0.3148755679207336,-0.0010862833449664351,0.790823428975025,0.0012615434556189128,True,False
57.2999427,1.6861326214092158,0.005978705105555732,-1.0014688688693114,-0.009267834734303383,True,False,0.24405240011606835,-0.002545150129975064,0.5575585837732286,0.006917622258965974,True,False,-0.45529575230798514,-0.0020241684968056515,0.6352830705503548,-0.0010281540824307656,True,False
57.333276,2.039496314085961,0.009443038575306208,-1.415069359940116,-0.013597885824366855,True,False,0.19155129128254728,-0.003429276504777416,0.7213591038578009,0.005595292075146741,True,False,-0.9509393573601451,-0.006352229182796201,0.7881462614951817,0.003240181839975704,True,False
57.3666093,2.029366103447157,0.008749772032987333,-1.7144509069328844,-0.013970792504961905,True,False,-0.161279042635296,-0.0035598752148602022,1.0272303786741435,0.008171709871892458,True,False,-1.546568321061622,-0.00659534731275272,1.0655179886261217,0.002868937626907685,True,False
57.3999426,1.730442229709262,0.009824047241892097,-1.7978366760944333,-0.017795465914174313,True,False,-0.5372451820717968,-0.004250674923596951,1.2585249639039928,0.008910148077002274,True,False,-1.976248952200584,-0.0076099872476022914,1.2823574744232176,0.005020528441066771,True,False
57.4332759,1.297380397612852,0.003768031752119176,-1.629829999314075,-0.011706690202913683,True,False,-0.6622671056722249,-0.0066196497080671666,1.2312142061451146,0.006979646074625643,True,False,-2.0651841724615507,-0.005991888103920531,1.3308973738884586,0.0009119408755215435,True,False
57.4666092,0.8956923056849841,0.0052352875833902015,-1.2536368905486759,-0.012446079700580261,True,False,-0.3852889647391256,-0.0038501330805532272,0.877848770373468,0.008236756892238748,True,False,-1.7698772176306308,-0.004210239077869872,1.1953604851139616,-0.0001831901933224076,True,False
57.4999425,0.6312624548206343,0.005804820712086889,-0.7690129861617412,-0.010268662667557894,True,False,0.2507474575709745,-0.005650780102285445,0.28590876222163725,0.008218943364109426,True,False,-1.1650514323703947,-0.006467826482335766,0.9186856129419522,0.0031911786672062853,True,False
57.5332758,0.5165158952416254,0.00588929248303557,-0.2925054102083304,-0.007883024501315351,True,False,1.0185238146216906,0.0010553808853821837,-0.3261039504043803,0.0033918166747251496,True,False,-0.4051098811443409,-0.00343913263185828,0.5615411661558635,0.0007647043239369191,True,False
57.5666091,0.48505105784062713,0.006041488453200561,0.08013493645955239,-0.008151333493715189,True,False,1.6003383190379687,0.003712417468332604,-0.6956017374790538,-0.0018868105025384545,True,False,0.3210133448396288,-0.003166621574852301,0.18121057419908462,0.00243069116058772,True,False
57.5999424,0.4372537469627531,0.003978809683164933,0.29714230020237953,-0.00442001755724218,True,False,1.730585737907088,0.006424006387987455,-0.6373555254625825,-0.00010074009360893635,True,False,0.8386386352943456,0.000895069882437208,-0.17061744422935185,-0.002155255583827251,True,False
57.6332757,0.2912874517964927,0.005968990189621572,0.35590000839445723,-0.008089344290433354,True,False,1.3191801413062816,0.000463079876700424,-0.14192127371822566,0.0024162591578138115,True,False,1.0369378136493337,0.0002142114216382288,-0.4452067549926357,0.00032639469281986965,True,False
57.666609,0.02129069699923712,0.003796460174399746,0.29298010036483474,-0.0038310739978788,True,False,0.4938372743787935,-0.001308841626618219,0.6032264162644364,0.004975565836289456,True,False,0.9055128965945264,-0.0016964050968317104,-0.5993045393854628,0.001545577424437261,True,False
57.6999423,-0.3281769760394357,0.00383693948322264,0.16595884925080906,-0.005703589812509946,True,False,-0.4546982393953491,-0.0030510163332026037,1.2841702397520245,0.008846138617641126,True,False,0.5420264817033521,0.0008081272175951203,-0.6081419134918605,-0.003914706457744902,True,False
57.7332756,-0.6574472317090153,0.0027317129709801447,0.03385110386096114,-0.0076147645638043404,True,False,-1.1902477913172675,-0.005224173401110911,1.5903126524949383,0.010244390987053584,True,False,0.12478329427184907,-0.0001448360491495474,-0.4879012784053392,-0.005230785922735405,True,False
57.7666089,-0.8543009134629692,0.0008414192932261464,-0.05835570229153185,-0.0062507765240381215,True,False,-1.457848605729383,-0.006061974065921189,1.344290819318151,0.008254952995684092,True,False,-0.14702254090668604,-0.004191449742711272,-0.30924838778229324,0.001506058353851858,True,False
57.7999422,-0.8487705886853747,-0.00021079867064595673,-0.0855093863092886,-0.003440550146985539,True,False,-1.1739448006477877,-0.0035228569417543936,0.5747062027602171,0.0021495794237666776,True,False,-0.13292943150096376,-0.0038551199120238615,-0.17627454316392158,0.0018506463144248224,True,False
57.8332755,-0.6541118607584053,0.0008009419024563666,-0.037408460549362366,-0.004060433186434614,True,False,-0.4529384297096224,-0.0030795705463428184,-0.4964777263246949,-0.0003794887209293271,True,False,0.1808525090262312,-0.002294201170186337,-0.1736210453491244,-2.8281175098735935e-05,True,False
57.8666088,-0.3679713524549987,0.0026774380599578615,0.08777568121003385,-0.003500488415736991,True,False,0.43620215544498464,-0.00040058103251920635,-1.5394261029307774,-0.003603517016040044,True,False,0.6662221575702376,-7.247025582304262e-05,-0.31955775714854845,0.0002793613590169979,True,False
57.8999421,-0.12742945133417388,0.005335870174218557,0.28140717432271156,-0.006291913144140457,True,False,1.1696219617474175,0.0044164604418294486,-2.2361296500072254,-0.006635151169384733,True,False,1.1086400200348436,0.0032516793706865994,-0.5594289233383986,-0.0037850021244816676,True,False
57.9332754,-0.04247409729528925,0.0029722458967610596,0.5170368726004674,-0.002710041838727746,True,False,1.4928663252817362,0.006434353417643173,-2.392199905505316,-0.010921135768884196,True,False,1.3087316526041564,0.0034319035380748846,-0.800298411450626,-0.0014779254861547568,True,False
57.9666087,-0.1484364147051316,9.046418452068677e-05,0.753269839159182,0.004398694049842878,True,False,1.3227734612704043,0.003574534172549614,-2.005057258067583,-0.005307040065286243,True,False,1.1766208317531248,0.003205077180557037,-0.9609295144775929,-0.004933880752172417,True,False
57.999942,-0.4009580972780493,0.0005128517984337889,0.9528599040728075,0.002447882306806781,True,False,0.780994286808641,0.0024195623540004037,-1.263672054064925,-0.005646532108221978,True,False,0.7697397759755854,2.4339670520417735e-05,-1.007371389024316,-0.002507947298902392,True,False
58.0332753,-0.7040997118680807,0.001783341510503002,1.1018567946226443,-0.0003622030396710011,True,False,0.14187505167654546,0.00043184006777814633,-0.47747635723379145,-0.0017209054216295182,True,False,0.25852163131313693,-0.0004355143640556327,-0.9575292187294909,-0.0023073002835851545,True,False
58.0666086,-0.9479544033630584,-0.0029521266474933625,1.208871403426535,0.006450412673322656,True,False,-0.2827683167770343,-0.000908979954741798,0.039721171069942565,0.0005965592356000751,True,False,-0.15527854806716876,-0.0016436222401835447,-0.8582209175933908,-0.0007188601916582856,True,False
58.0999419,-1.0413111196284408,0.00030881286448494885,1.284496708547118,0.0002493633890813858,True,False,-0.27465008376724037,-0.001672075004163255,0.08759796439560076,-0.0010578348867082113,True,False,-0.32287747565476677,0.0015893403165271386,-0.7545420174977531,-0.005898360587236772,True,False
58.1332752,-0.9346275141394755,-0.0015830427488600254,1.317884722680823,0.004503068900534453,True,False,0.19486740271013164,0.0008416949600199553,-0.34384886003343257,-0.0030358289586948535,True,False,-0.20104042275526043,-0.00011278396230469263,-0.6704700729723241,-0.0025032090686878386,True,False
58.1666085,-0.6314134871169902,-0.00048643686483262953,1.268459455846876,0.0046162493499439464,True,False,0.9416385415234809,0.0006190369253368155,-1.0651885760527928,-0.0037336658042322534,True,False,0.13664918120745795,-0.0006233686604443336,-0.6030956039824029,-0.0009730255029747736,True,False
58.1999418,-0.18888270451807257,0.0011950157679471312,1.0819947843234428,0.002494404178709265,True,False,1.6325343130405456,0.005288424846440446,-1.7494879055253472,-0.006189530925294909,True,False,0.5258268947457846,0.0017362530900654318,-0.5243527481206187,-0.0021987057790160843,True,False
58.2332751,0.2903463272783721,-0.001692543448457595,0.725867258869113,0.006818572781967004,True,False,1.918700750340733,0.008215464980960147,-2.048887650808905,-0.009279373571444408,True,False,0.7703256197666805,0.004277838897755221,-0.39175886298175333,-0.003216207858485577,True,False
58.2666084,0.6783189154583197,0.00023582806227017574,0.22353074308153797,0.003681426453627094,True,False,1.588165011009595,0.007166428727641862,-1.7324093541717545,-0.012954320100860959,True,False,0.7214336517578547,0.004640939384486049,-0.17101834779921798,-0.002754211303965491,True,False
58.2999417,0.860440550887058,0.004849410514715306,-0.3375176902464179,-0.0036514449599924213,True,False,0.6686125017820828,0.001931597945376058,-0.7931028315981845,-0.005865302853952829,True,False,0.3459432338686855,0.0017759418724815445,0.1396856927042007,1.156410911345863e-05,True,False
58.333275,0.7884815636402639,0.004230440799361059,-0.8368931957335982,-0.0048594177398297,True,False,-0.5727149773371898,-0.002335457001087801,0.5308316817988723,0.00021113771751160316,True,False,-0.2520330415181835,0.001158415981712272,0.4997087281985416,0.00014011078256851388,True,False
58.3666083,0.5177514086755658,0.0017262882291263096,-1.1743857107741418,-0.005423398807045247,True,False,-1.7344100683556742,-0.005822377383709306,1.8428010103281063,0.0059780001924308055,True,False,-0.8672067985038011,-0.0008510517671892868,0.834963239850156,0.0007839626231834226,True,False
58.3999416,0.19109789087253432,-0.0019150186197149247,-1.3085680024521906,-0.0032734140151070303,True,False,-2.44222969514121,-0.009116757556775098,2.746791583440797,0.00993685872692287,True,False,-1.2700406455726176,4.6014826494031976e-05,1.0590940053860534,-0.0009400354756434749,True,False
58.4332749,-0.033080305355894485,-0.0036746014448036136,-1.2585855374010069,-0.0010695363476093233,True,False,-2.495147480939628,-0.008098726949914543,3.003559684883795,0.009944230966179484,True,False,-1.294495180937444,-0.0017558829230549396,1.1009707006269576,0.0018489390023746087,True,False
58.4666082,-0.06442514518972929,-0.0014439705587518397,-1.0786056195702673,-0.00287241343806737,True,False,-1.9370316212278489,-0.0051821344256124426,2.6136849839971363,0.003958065983586229,True,False,-0.9078718474087536,-0.001232865982540914,0.9360800012789023,0.002002377611244963,True,False
58.4999415,0.0809323049262422,-0.0005887731588390789,-0.8321806711695131,-0.0017183088103227384,True,False,-1.029939659585975,-0.0033074129610571653,1.7984294647623638,0.004555586996112632,True,False,-0.23731829886815223,-0.00033606080825245634,0.6116495545423541,0.0016580966878794068,True,False
58.5332748,0.3092567640342768,0.004588407678973523,-0.5838258686412554,-0.007262334950323507,True,False,-0.14602688059574664,-0.0023077934714841996,0.8987531367856071,0.003606486468587824,True,False,0.46596612467574394,0.004972984117527821,0.24492210157223693,-0.002698547613199592,True,False
58.5666081,0.5165062441770583,-0.0006047362457547557,-0.3999980525119626,0.0009412864019634294,True,False,0.3776636327179399,0.0026282195464998417,0.23954225282219396,-0.003620054789919262,True,False,0.9221038649806796,0.005436073913564663,-0.017818222775523637,-0.0023790932095678952,True,False
58.5999414,0.6411769039836578,-3.160239711558337e-06,-0.33835005261771495,2.3133719802902087e-05,True,False,0.3691069181615051,0.0022248738410253818,0.007047296391122715,-0.0033897475871815094,True,False,0.9406236729168398,0.00688903236883577,-0.0663577880028656,-0.005720667186143475,True,False
58.6332747,0.6717454147339866,0.0009540351960178684,-0.41827829010414463,-0.0010655868826355322,True,False,-0.11284237728226465,-0.0019052028308650622,0.1820402232706638,-0.0010095188721036589,True,False,0.5041319328881075,0.0028539887730644645,0.12118198361970117,-0.0005630227928608185,True,False
58.666608,0.6188167841221995,-0.0009793862726412376,-0.591011330687541,0.0014807359506262378,True,False,-0.8058366002639643,-0.004557380455019488,0.5575317965078895,0.004375282077649841,True,False,-0.2240234917926652,0.00034020686896143125,0.47003600079507724,0.0008531048125743628,True,False
58.6999413,0.4829653162321346,-0.00024437205310110156,-0.7363084567386667,-0.0018957802012459246,True,False,-1.3542216418259263,-0.003977225578611124,0.8346299857190406,-0.0004207176477635569,True,False,-0.9678710709663884,0.0009387288651018878,0.8453299168699346,-0.0016300615993666012,True,False
58.7332746,0.2440609250502404,-0.0009911168195560678,-0.7007963541172428,-0.0018814255410394781,True,False,-1.4541846670169998,-0.007493611246961958,0.7527363103578862,0.0032468919882883323,True,False,-1.4468999064130936,-0.0016760533488037377,1.107922445642305,0.000339252446396766,True,False
58.7666079,-0.11837259538578962,-0.0008147268525424525,-0.3707833549739735,-0.001794927074569752,True,False,-0.9757451498730983,-0.0034772554373110006,0.2011422900120433,0.0008938600676927934,True,False,-1.4801324089874974,-0.00222282622438837,1.1635398478086063,0.0020417458012907115,True,False
58.7999412,-0.5845340153870449,3.1048000336875545e-05,0.25093874456006793,-0.002852434334871419,True,False,-0.017239791697700818,-0.002231392572929073,-0.7265851695031798,-0.0015241182961426463,True,False,-1.0522173959928125,-8.08320523957492e-05,0.9920874819762066,-0.0012973389867007128,True,False
58.8332745,-1.0628207292348844,-0.0017359639119728923,1.0081528025904174,0.0012522732213991858,True,False,1.127199264371074,0.0009349148718973807,-1.7558897922202261,-0.004295687102230419,True,False,-0.32019364116573074,-0.0006445077175725425,0.6503357396698868,0.0016431208269742509,True,False
58.8666078,-1.400462591937829,-0.004874977442742715,1.6296153892378031,0.0077941690464938705,True,False,2.0769684503720405,0.006790664378359537,-2.5305036284516755,-0.01218344374857853,True,False,0.4447695690790575,0.003782173001710131,0.24525258165772681,-0.003939851545248482,True,False
58.8999411,-1.4470457066040354,-0.006736897428198647,1.842936940246713,0.0122654417517974,True,False,2.5121157674601093,0.007289870216110422,-2.755017578401541,-0.009996788471720836,True,False,0.9646745230438851,0.004873790032384592,-0.11439154068593059,-0.0028777978684059414,True,False
58.9332744,-1.1410922882886108,-0.006178322914640411,1.5137836348307334,0.010723602657039174,True,False,2.299803105531237,0.007496555287627727,-2.3213314769521682,-0.010263365450865335,True,False,1.0718960376417432,0.007894615015810392,-0.3679824512197876,-0.00560526874702105,True,False
58.9666077,-0.5622724144550715,-0.0027916202727400847,0.7301928213582326,0.005124988709366549,True,False,1.544358566063526,0.0021276680365150623,-1.3597524116850528,-0.0036481691171686547,True,False,0.7828894258183849,0.0037046785902589315,-0.5286488376544891,-0.004563351017768167,True,False
58.999941,0.09379924577201196,0.003338584817636802,-0.22579862396542083,-0.007158319262411232,True,False,0.5380180809718194,-0.0007960332976958351,-0.1894176162707073,0.0017786358427757402,True,False,0.2865494198191764,0.000542742576455845,-0.6674527643006312,-0.0037026978390366804,True,False
59.0332743,0.6089470315581977,0.003681859979901187,-1.0085985016337846,-0.008748792935446262,True,False,-0.36271883095529633,-0.0017331219380008007,0.8089531965318486,0.002655077435068864,True,False,-0.15106702629781024,-0.0003135181438456292,-0.8621686751529452,-0.0028532308967257947,True,False
59.0666076,0.8446474048892297,0.0010295635455330558,-1.3647376844535577,-0.004418787121600508,True,False,-0.8780645505129868,-0.00560892898813273,1.3411630874618397,0.00800668220579647,True,False,-0.3147265758919583,0.00041302934176953886,-1.1403329820187085,-0.006407741043683925,True,False
59.0999409,0.7904729573273305,0.0008515469809586312,-1.2267988067686064,-0.0035892445600129606,True,False,-0.9052861822580704,-0.0042132258807986295,1.3072388892199789,0.006826906985478797,True,False,-0.13459166407015752,0.00048021811766248997,-1.45169009586425,-0.006192297644081131,True,False
59.1332742,0.5414267679621725,0.0001199136019331864,-0.70992408958512,-0.001111509682189503,True,False,-0.5418793433509003,-0.0015466648756564867,0.8269284781123933,0.002265240124097831,True,False,0.2927700258285808,0.0014346190155261455,-1.6859906545691212,-0.007069508025219022,True,False
59.1666075,0.234314436189481,0.0006651103685190826,-0.036415583013441055,0.00030836383759004255,True,False,-0.0268553788746051,-0.0004275689055046166,0.17494701243650163,0.00019173136373914937,True,False,0.7576677972423267,0.0044124910361731185,-1.7248944870223875,-0.008544652019517845,True,False
59.1999408,-0.014791158299863187,-3.713027955030829e-05,0.5613920259896671,0.00209455743318906,True,False,0.37032106503600504,0.002469353330583874,-0.34219842956544666,-0.0032399155070288272,True,False,1.0349956337700545,0.005035050230414602,-1.5000924177069406,-0.008495213554716692,True,False
59.2332741,-0.14692244586372796,1.4893133924348685e-05,0.919856117573999,0.002898375564133911,True,False,0.46196349229739303,0.000505470247944005,-0.5093410008304579,7.650719271729872e-05,True,False,0.9799577988806947,0.0026787766199240256,-1.02700283790635,-0.003504254259054301,True,False
59.2666074,-0.16587736240969972,-0.0007028378161516387,0.9847856145983473,0.004677387491416064,True,False,0.20895899786502978,-0.0017184896602139513,-0.27384187677051536,0.0026424283528550924,True,False,0.5803269296167982,-0.0003527863523881,-0.39667443597566815,0.0001742999200986304,True,False
59.2999407,-0.11991575294722226,-1.0919385750234882e-05,0.8107652866781887,0.0034690579755144524,True,False,-0.2770665461873169,-0.0007040216038248607,0.2524047565983173,0.0006252515124738347,True,False,-0.047467607367478806,0.0009410361441109543,0.26296226985968935,-0.0018648285518686003,True,False
59.333274,-0.07028194682115434,0.0008023152043216738,0.525116569553726,0.0009799224287831692,True,False,-0.7852132133490864,-0.0015361341035351056,0.8444463945730476,0.0011976126953792553,True,False,-0.7015956341714947,-0.0005839474830413955,0.8256100826996735,9.394570655769212e-05,True,False
59.3666073,-0.05945436955489298,-0.0007348286107712383,0.2701282532530505,0.0023106013369220487,True,False,-1.0859328116415208,-0.004921190146604347,1.245188911718148,0.007662839682616089,True,False,-1.155952242517784,-0.0021667635360660903,1.1859862046033576,0.001376842181550624,True,False
59.3999406,-0.09164479339470355,0.0002901287355069228,0.14393552017730785,-0.0010973263700998581,True,False,-1.0162740591748725,-0.0031498705935858254,1.2558734012199326,0.0044316438734851825,True,False,-1.2286618957806927,-0.00317739466112421,1.267558449465418,0.00143819174380237,True,False
59.4332739,-0.13196747909008288,-0.0005850440186838105,0.16147884769118123,0.0013039513806592737,True,False,-0.5445345749281862,-0.0010424198979351212,0.8120824858154265,0.002455413655116804,True,False,-0.8481174492042525,-0.0028656754174173037,1.034818676778357,0.0019753679124538607,True,False
59.4666072,-0.12251300751843676,0.0009670371282342465,0.2504689556692859,-0.0005180058233765138,True,False,0.20836846251316182,-0.0008677894465002154,0.01816268670264755,0.0024948918183744294,True,False,-0.09577852339507327,-0.0015430729422998791,0.5147367940265649,0.0009351403752220155,True,False
59.4999405,-0.0099345331756841,0.0010849805867378997,0.2861742672686805,0.00030082350671502246,True,False,1.000404438550077,0.0022040067115332716,-0.8753645006178989,-0.001447729538908093,True,False,0.799134594902577,0.0005411185422462534,-0.18329875297368933,0.0004248315107004563,True,False
59.5332738,0.22200745236734384,-0.0030093626640975047,0.1545686826051338,0.007324729515870025,True,False,1.5462925796060392,0.0051463589122293955,-1.549630871269639,-0.005808767988192783,True,False,1.5249607283173325,0.004328165351077111,-0.8687768097176413,-0.0009877558089790692,True,False
59.5666071,0.5283769624917996,0.0012099663310125095,-0.18367671607709643,-0.0005561239048459921,True,False,1.6204351599895326,0.006113284337923332,-1.7316436246197875,-0.007112254035236237,True,False,1.7982598745619487,0.004872952042226149,-1.3099804108187534,-0.00408319484480999,True,False
59.5999404,0.8081787493063137,0.003684657472771446,-0.6647486227533963,-0.004853178012200145,True,False,1.148899671724639,0.0042425564834125944,-1.306233344743384,-0.006439127737327872,True,False,1.4778032056508652,0.003979616289477082,-1.3120698283512524,-0.005860740960110433,True,False
59.6332737,0.9465895830856884,0.0036103662715677143,-1.1470272878977104,-0.005084547137541875,True,False,0.2501063307309278,0.002164417566113425,-0.3766837802305354,-0.002999511139690989,True,False,0.6301998727837854,0.0024398612233428704,-0.8043482964667162,-0.0037262834222284223,True,False
59.666607,0.8713145961619682,0.003422440876550025,-1.471471341639356,-0.0060249840581912675,True,False,-0.7989328369455391,-0.0028686343255255042,0.7600339785991927,0.0037342189817252524,True,False,-0.48635278724594466,-0.004823928252230787,0.1101887955801056,0.0030035657964177357,True,False
59.6999403,0.5854955306906854,-0.0003133069246230558,-1.5203380461297356,-0.0028593206133365945,True,False,-1.6617606585170874,-0.004765920341359397,1.7204230145263926,0.0056368792596166424,True,False,-1.5158007380189489,-0.0027421168450394964,1.1755862800236518,0.00100632274089424,True,False
59.7332736,0.15969020916647053,-0.0013953057712641685,-1.2524354458109674,-0.003212035434506582,True,False,-2.0678394772685444,-0.007334921959311874,2.181412450153446,0.010059629907498514,True,False,-2.13522239894935,-0.008158943813083946,2.06910496115624,0.008345656732694816,True,False
59.7666069,-0.3016175107033078,-0.00172121207177957,-0.7156951736720303,-0.0019044441571994567,True,False,-1.9118500368667044,-0.005139135030556812,2.0040573643433928,0.006756962763604207,True,False,-2.16987112051729,-0.005493119171733555,2.5180824468856295,0.008502726483054376,True,False
59.7999402,-0.6897891953377612,-0.0003801635393217086,-0.04403548979842462,-0.0016716365925370166,True,False,-1.2857370615160033,-0.0022843875062492623,1.2808896627976634,0.002180282165969006,True,False,-1.6506389596766198,-0.006292497060599278,2.401616701963118,0.009038892377256217,True,False
59.8332735,-0.90538005061814,0.0005982212128002391,0.5645222487174283,-0.0016655200628191784,True,False,-0.43321293827507235,-0.0005802819880318048,0.28970858709825004,4.9053471997104175e-05,True,False,-0.794997655854749,-0.003031863069443318,1.794348627035321,0.0063716182323719645,True,False
59.8666068,-0.8698996303311207,-0.002812115666408065,0.9004059762143095,0.005842989661349147,True,False,0.3493496500133184,0.003265396730862539,-0.6206336847217313,-0.004866089158615719,True,False,0.08176147068816976,0.0011273397789137317,0.9303081897551951,0.003019849274688262,True,False
59.8999401,-0.5558524718353961,-0.005580613590418442,0.8258252656024846,0.01043249554394695,True,False,0.8225058502851984,0.0021351794189513524,-1.1614522647887162,-0.004023127592036289,True,False,0.691235866913924,0.002550650024488449,0.10113558687579145,-0.0015590568537003195,True,False
59.9332734,-0.025765316582970293,-0.0017436296161741644,0.35528868814403597,0.004614322967730731,True,False,0.8829546500070957,0.004022075084534026,-1.2029090800384732,-0.0070414317499686956,True,False,0.8799765425499169,0.0009295312769850248,-0.4634713868596387,-0.00040691353428839604,True,False
59.9666067,0.5591384921694791,0.0032922851227023715,-0.32265210424614854,-0.00443115623143329,True,False,0.5887497392982199,0.0014690386589670335,-0.8094230874047342,-0.0022421571408401657,True,False,0.6742041727580188,0.0009617000207192413,-0.6760985106353563,-0.0004677608451494999,True,False
59.99994,0.9871972107422422,0.002621828370186988,-0.9116496275686802,-0.0037493320847981236,True,False,0.12810377986066165,0.0015575972338612149,-0.20514624975487916,-0.0024350474620570086,True,False,0.24767724559796764,-0.0012360586083147156,-0.6000180182214516,0.0014297133024079995,True,False
60.0332733,1.0819742544090984,0.0020408223173908795,-1.131860445131268,-0.003684054172955094,True,False,-0.2539595964852168,0.0004903066921018436,0.3145725440694118,-9.104358965331637e-05,True,False,-0.16348500477823105,-0.0009770488679360422,-0.3947267599346501,0.00030856515558849707,True,False
60.0666066,0.7784116046637274,0.003457447928690765,-0.8384338728923133,-0.005414902880685432,True,False,-0.34764501610682585,-0.0013182680732418293,0.4945447867142077,0.0008905619298851512,True,False,-0.35813258052949914,-0.0008801936649698042,-0.23580209923821252,-0.00010159136375284009,True,False
60.0999399,0.1534327395307781,-0.0008814788583081087,-0.08244907071489734,0.001552996616652333,True,False,-0.061333420855523485,-0.0006332857919135574,0.21790418101348916,0.0013371460730242889,True,False,-0.24399963643216566,-0.002209473320860843,-0.2451880801027859,0.0005100962792509503,True,False
60.1332732,-0.5999079635194535,-0.0013142854597016109,0.9059095816481003,0.0032647573838953375,True,False,0.5336857165330551,0.0010817054353647727,-0.4420298932709697,-0.0013527987304621425,True,False,0.13269171803228885,-0.0005284808305977807,-0.4506625595733536,0.0007011963183351421,True,False
60.1666065,-1.2439159260489712,-0.0029892272173417922,1.8026737362348828,0.006332440813129311,True,False,1.2190505802824407,0.0030009336157268444,-1.2392511860291167,-0.0033470318118982325,True,False,0.6092806773083556,0.0014059452828022777,-0.7802607337420654,-0.00019205071171666532,True,False
60.1999398,-1.5866585133237276,-0.005561399506054522,2.3121304239482217,0.011746670072090378,True,False,1.7076130818091173,0.006922030268992414,-1.8436899586391455,-0.009721855918748528,True,False,0.9733955664352563,0.0027983577207289314,-1.0924132367151158,-0.002220098409951444,True,False
60.2332731,-1.556848394345715,-0.006071374493163662,2.281066230086692,0.012563925472008674,True,False,1.757829263622561,0.004824850504640552,-1.9724299711027737,-0.0066318163156365295,True,False,1.0499492257685017,0.0015888422649073277,-1.234890103104413,-0.0017832824881562962,True,False
60.26660639999999,-1.2299735387385915,-0.004044415015272913,1.7584090119906957,0.008790151160924776,True,False,1.2779387580019776,0.004795154730012972,-1.5110185931044247,-0.0069290358412503,True,False,0.7739469719868607,0.003011424706268434,-1.1126976963742985,-0.0032135916060068823,True,False
60.2999397,-0.7871602728204199,0.0007099745107944603,0.9682399458524812,-0.00028172481496095366,True,False,0.37514504298913215,0.0015722231484617858,-0.5721876633254757,-0.0035364450976731543,True,False,0.2206027151945524,8.970316488436261e-05,-0.7366089100017439,-0.00129118202997464,True,False
60.333273,-0.4228373345103702,0.003119194880665258,0.2048804020282712,-0.00654448250526646,True,False,-0.6731193695838216,-0.002454254844416843,0.5362585329038615,0.002084427275498265,True,False,-0.41943906911707146,-0.0012157980145142495,-0.22790421721648066,3.965037470188376e-05,True,False
60.3666063,-0.2537877613030414,-0.00445952454963551,-0.29356901952341474,0.0041747391252995375,True,False,-1.518223726004091,-0.005725212640808217,1.4270177490852407,0.007276957232195673,True,False,-0.912345105049345,-0.0027932765385026647,0.22836455385782475,0.00302135593880944,True,False
60.3999396,-0.28116788367132817,-0.00131340554906126,-0.4273414480040927,-0.0015239523708664784,True,False,-1.8733567634264707,-0.0071180757088620894,1.789359086934837,0.00889579738339858,True,False,-1.0740921539827935,-0.004507577342490484,0.4641985333800087,0.00554196074842465,True,False
60.4332729,-0.4124564101126889,-0.00012789869673064878,-0.24782376035524933,-0.003045154022235667,True,False,-1.6272989136170768,-0.0073216297446769074,1.5193413688471107,0.009081716770597948,True,False,-0.8459795847960069,-0.00310265449822185,0.40426403681407524,0.0024302595623626366,True,False
60.4666062,-0.5119268073915425,-0.0011824171503979053,0.08059635142405927,0.00018144092178646752,True,False,-0.8899812460582753,-0.004092798975204385,0.7631785596466906,0.002938865389630546,True,False,-0.31820239340000755,-0.0017848268868358645,0.09536024450400354,0.0020156500187560713,True,False
60.4999395,-0.4519484849386652,0.0012395797241566738,0.34506601799906456,-0.0027264145062022953,True,False,0.052730044886019574,4.5476438895465994e-05,-0.14899263309325042,-0.0007609596838825343,True,False,0.3118424550206517,0.0019393967419889038,-0.324969792076792,-0.0020421727539823905,True,False
60.5332728,-0.15774273553510412,-0.0014272486487253654,0.36110243975800854,0.0021999988326844434,True,False,0.8580441595326719,0.002721130169463166,-0.8481999094909025,-0.002996993413151479,True,False,0.8275975161291753,0.0037122247118429393,-0.6976747313116513,-0.0011988959378496566,True,False
60.5666061,0.3587499040122084,-0.002157298359818491,0.04525712503678143,0.00487272737516587,True,False,1.2665759938295142,0.0039856426783185265,-1.0813403960743022,-0.0043128590338798855,True,False,1.0827065872012493,0.0012432466048438757,-0.9060415223529493,7.2554079644760085e-06,True,False
60.5999394,,,,,True,False,,,,,True,False,,,,,True,False
60.6332727,,,,,True,False,,,,,True,False,,,,,True,False
60.666606,,,,,True,False,,,,,True,False,,,,,True,False
60.6999393,,,,,True,False,,,,,True,False,,,,,True,False
60.7332726,,,,,True,False,,,,,True,False,,,,,True,False
60.7666059,,,,,True,False,,,,,True,False,,,,,True,False
60.7999392,,,,,True,False,,,,,True,False,,,,,True,False
60.8332725,,,,,True,False,,,,,True,False,,,,,True,False
60.8666058,,,,,True,False,,,,,True,False,,,,,True,False
60.8999391,,,,,True,False,,,,,True,False,,,,,True,False
60.9332724,,,,,True,False,,,,,True,False,,,,,True,False
60.9666057,,,,,True,False,,,,,True,False,,,,,True,False
60.999939,,,,,True,False,,,,,True,False,,,,,True,False
61.0332723,,,,,True,False,,,,,True,False,,,,,True,False
61.0666056,,,,,True,False,,,,,True,False,,,,,True,False
61.0999389,,,,,True,False,,,,,True,False,,,,,True,False
61.1332722,,,,,True,False,,,,,True,False,,,,,True,False
61.1666055,,,,,True,False,,,,,True,False,,,,,True,False
61.1999388,,,,,True,False,,,,,True,False,,,,,True,False
61.23327209999999,,,,,True,False,,,,,True,False,,,,,True,False
61.2666054,,,,,True,False,,,,,True,False,,,,,True,False
61.2999387,,,,,True,False,,,,,True,False,,,,,True,False
61.333272,,,,,True,False,,,,,True,False,,,,,True,False
61.3666053,,,,,True,False,,,,,True,False,,,,,True,False
61.3999386,,,,,True,False,,,,,True,False,,,,,True,False
61.4332719,,,,,True,False,,,,,True,False,,,,,True,False
61.4666052,,,,,True,False,,,,,True,False,,,,,True,False
61.4999385,,,,,True,False,,,,,True,False,,,,,True,False
61.5332718,,,,,True,False,,,,,True,False,,,,,True,False
61.5666051,,,,,True,False,,,,,True,False,,,,,True,False
61.5999384,,,,,True,False,,,,,True,False,,,,,True,False
61.6332717,,,,,True,False,,,,,True,False,,,,,True,False
61.666605,,,,,True,False,,,,,True,False,,,,,True,False
61.6999383,,,,,True,False,,,,,True,False,,,,,True,False
61.7332716,,,,,True,False,,,,,True,False,,,,,True,False
61.7666049,,,,,True,False,,,,,True,False,,,,,True,False
61.7999382,,,,,True,False,,,,,True,False,,,,,True,False
61.8332715,,,,,True,False,,,,,True,False,,,,,True,False
61.8666048,,,,,True,False,,,,,True,False,,,,,True,False
61.8999381,,,,,True,False,,,,,True,False,,,,,True,False
61.9332714,,,,,True,False,,,,,True,False,,,,,True,False
61.9666047,,,,,True,False,,,,,True,False,,,,,True,False
61.999938,,,,,True,False,,,,,True,False,,,,,True,False
62.0332713,,,,,True,False,,,,,True,False,,,,,True,False
62.0666046,,,,,True,False,,,,,True,False,,,,,True,False
62.09993789999999,,,,,True,False,,,,,True,False,,,,,True,False
62.1332712,,,,,True,False,,,,,True,False,,,,,True,False
62.1666045,,,,,True,False,,,,,True,False,,,,,True,False
